containment,ARR,UCP,n_certified,n_true_safe,rep,method,simultaneous_coverage,inference_seconds
0.0,0.7857142857142857,0.08333333333333333,12,14,0,pointwise,0.0,0.0012282999960007146
1.0,0.5,0.0,7,14,0,normal_bonferroni,0.0,0.0004973999966750853
1.0,0.5,0.0,7,14,0,multiplier,0.0,0.018209699999715667
1.0,0.5,0.0,7,14,0,exact_bonferroni,1.0,0.0012625000017578714
1.0,0.21428571428571427,0.0,3,14,0,hoeffding,1.0,0.000432099994213786
1.0,0.5,0.0,7,14,0,holm,,0.0007919999989098869
1.0,0.6428571428571429,0.0,9,14,1,pointwise,1.0,0.00044830000115325674
1.0,0.35714285714285715,0.0,5,14,1,normal_bonferroni,1.0,0.0004182999982731417
1.0,0.35714285714285715,0.0,5,14,1,multiplier,1.0,0.0020433999961824156
1.0,0.35714285714285715,0.0,5,14,1,exact_bonferroni,1.0,0.000578800005314406
1.0,0.21428571428571427,0.0,3,14,1,hoeffding,1.0,0.00023240000155055895
1.0,0.35714285714285715,0.0,5,14,1,holm,,0.00032869999995455146
1.0,0.5,0.0,7,14,2,pointwise,0.0,0.0003800999984377995
1.0,0.42857142857142855,0.0,6,14,2,normal_bonferroni,1.0,0.00037200000224402174
1.0,0.42857142857142855,0.0,6,14,2,multiplier,1.0,0.001865199999883771
1.0,0.35714285714285715,0.0,5,14,2,exact_bonferroni,1.0,0.0005215999990468845
1.0,0.14285714285714285,0.0,2,14,2,hoeffding,1.0,0.00019360000442247838
1.0,0.42857142857142855,0.0,6,14,2,holm,,0.0002930999980890192
0.0,0.8571428571428571,0.07692307692307693,13,14,3,pointwise,0.0,0.0004030999989481643
1.0,0.42857142857142855,0.0,6,14,3,normal_bonferroni,0.0,0.00037429999792948365
1.0,0.42857142857142855,0.0,6,14,3,multiplier,0.0,0.002193600004829932
1.0,0.42857142857142855,0.0,6,14,3,exact_bonferroni,0.0,0.0006369999973685481
1.0,0.35714285714285715,0.0,5,14,3,hoeffding,1.0,0.00025639999512350187
1.0,0.42857142857142855,0.0,6,14,3,holm,,0.0003653999956441112
1.0,0.5,0.0,7,14,4,pointwise,1.0,0.0004979999939678237
1.0,0.14285714285714285,0.0,2,14,4,normal_bonferroni,1.0,0.00038049999420763925
1.0,0.14285714285714285,0.0,2,14,4,multiplier,1.0,0.0019714999943971634
1.0,0.07142857142857142,0.0,1,14,4,exact_bonferroni,1.0,0.0005390000005718321
1.0,0.07142857142857142,0.0,1,14,4,hoeffding,1.0,0.00021410000044852495
1.0,0.07142857142857142,0.0,1,14,4,holm,,0.0003099999958067201
1.0,0.5714285714285714,0.0,8,14,5,pointwise,0.0,0.00037850000080652535
1.0,0.21428571428571427,0.0,3,14,5,normal_bonferroni,1.0,0.000363799998012837
1.0,0.21428571428571427,0.0,3,14,5,multiplier,1.0,0.0017905999993672594
1.0,0.21428571428571427,0.0,3,14,5,exact_bonferroni,1.0,0.0005183000030228868
1.0,0.14285714285714285,0.0,2,14,5,hoeffding,1.0,0.00019440000323811546
1.0,0.21428571428571427,0.0,3,14,5,holm,,0.0003319000024930574
1.0,0.2857142857142857,0.0,4,14,6,pointwise,1.0,0.00039929999911691993
1.0,0.14285714285714285,0.0,2,14,6,normal_bonferroni,1.0,0.0005285999941406772
1.0,0.14285714285714285,0.0,2,14,6,multiplier,1.0,0.0026236999983666465
1.0,0.07142857142857142,0.0,1,14,6,exact_bonferroni,1.0,0.0009747000003699213
1.0,0.0,0.0,0,14,6,hoeffding,1.0,0.00038720000156899914
1.0,0.07142857142857142,0.0,1,14,6,holm,,0.00044160000106785446
1.0,0.5714285714285714,0.0,8,14,7,pointwise,1.0,0.0005996000036248006
1.0,0.21428571428571427,0.0,3,14,7,normal_bonferroni,1.0,0.00044860000343760476
1.0,0.21428571428571427,0.0,3,14,7,multiplier,1.0,0.002053099997283425
1.0,0.21428571428571427,0.0,3,14,7,exact_bonferroni,1.0,0.0005812000017613173
1.0,0.07142857142857142,0.0,1,14,7,hoeffding,1.0,0.0002057999954558909
1.0,0.21428571428571427,0.0,3,14,7,holm,,0.0003012999950442463
1.0,0.5714285714285714,0.0,8,14,8,pointwise,1.0,0.0003811000060522929
1.0,0.2857142857142857,0.0,4,14,8,normal_bonferroni,1.0,0.00035740000021178275
1.0,0.2857142857142857,0.0,4,14,8,multiplier,1.0,0.0018931000013253652
1.0,0.21428571428571427,0.0,3,14,8,exact_bonferroni,1.0,0.0005295000009937212
1.0,0.14285714285714285,0.0,2,14,8,hoeffding,1.0,0.00018769999587675557
1.0,0.2857142857142857,0.0,4,14,8,holm,,0.00030419999529840425
1.0,0.42857142857142855,0.0,6,14,9,pointwise,0.0,0.0003854000024148263
1.0,0.21428571428571427,0.0,3,14,9,normal_bonferroni,1.0,0.00035200000274926424
1.0,0.2857142857142857,0.0,4,14,9,multiplier,1.0,0.0017747000019880943
1.0,0.21428571428571427,0.0,3,14,9,exact_bonferroni,1.0,0.0005163000023458153
1.0,0.07142857142857142,0.0,1,14,9,hoeffding,1.0,0.00018840000120690092
1.0,0.21428571428571427,0.0,3,14,9,holm,,0.000280700005532708
1.0,0.35714285714285715,0.0,5,14,10,pointwise,1.0,0.00037689999589929357
1.0,0.07142857142857142,0.0,1,14,10,normal_bonferroni,1.0,0.000356700002157595
1.0,0.07142857142857142,0.0,1,14,10,multiplier,1.0,0.002518200002668891
1.0,0.07142857142857142,0.0,1,14,10,exact_bonferroni,1.0,0.001108399999793619
1.0,0.07142857142857142,0.0,1,14,10,hoeffding,1.0,0.00041029999556485564
1.0,0.07142857142857142,0.0,1,14,10,holm,,0.000570500000321772
1.0,0.7142857142857143,0.0,10,14,11,pointwise,0.0,0.0008866999996826053
1.0,0.42857142857142855,0.0,6,14,11,normal_bonferroni,1.0,0.0003851000001304783
1.0,0.42857142857142855,0.0,6,14,11,multiplier,1.0,0.0029356000013649464
1.0,0.2857142857142857,0.0,4,14,11,exact_bonferroni,1.0,0.0010527999984333292
1.0,0.07142857142857142,0.0,1,14,11,hoeffding,1.0,0.0004105000043637119
1.0,0.35714285714285715,0.0,5,14,11,holm,,0.000553600002604071
1.0,0.5,0.0,7,14,12,pointwise,1.0,0.0007371000028797425
1.0,0.14285714285714285,0.0,2,14,12,normal_bonferroni,1.0,0.0007495999961975031
1.0,0.14285714285714285,0.0,2,14,12,multiplier,1.0,0.0021784999989904463
1.0,0.14285714285714285,0.0,2,14,12,exact_bonferroni,1.0,0.0009491000018897466
1.0,0.07142857142857142,0.0,1,14,12,hoeffding,1.0,0.0004535000043688342
1.0,0.14285714285714285,0.0,2,14,12,holm,,0.0006375000011757948
1.0,0.6428571428571429,0.0,9,14,13,pointwise,0.0,0.0008381000006920658
1.0,0.35714285714285715,0.0,5,14,13,normal_bonferroni,1.0,0.0007918999981484376
1.0,0.35714285714285715,0.0,5,14,13,multiplier,1.0,0.003673399995022919
1.0,0.35714285714285715,0.0,5,14,13,exact_bonferroni,1.0,0.0010341999950469472
1.0,0.14285714285714285,0.0,2,14,13,hoeffding,1.0,0.0004344000044511631
1.0,0.35714285714285715,0.0,5,14,13,holm,,0.0005619000003207475
1.0,0.6428571428571429,0.0,9,14,14,pointwise,0.0,0.000494699997943826
1.0,0.35714285714285715,0.0,5,14,14,normal_bonferroni,1.0,0.0004126999992877245
1.0,0.35714285714285715,0.0,5,14,14,multiplier,1.0,0.002462999997078441
1.0,0.35714285714285715,0.0,5,14,14,exact_bonferroni,1.0,0.0010670999981812201
1.0,0.21428571428571427,0.0,3,14,14,hoeffding,1.0,0.0004562999965855852
1.0,0.35714285714285715,0.0,5,14,14,holm,,0.0005726000017602928
1.0,0.6428571428571429,0.0,9,14,15,pointwise,1.0,0.0007535999975516461
1.0,0.21428571428571427,0.0,3,14,15,normal_bonferroni,1.0,0.0007143999973777682
1.0,0.21428571428571427,0.0,3,14,15,multiplier,1.0,0.0035543999983929098
1.0,0.21428571428571427,0.0,3,14,15,exact_bonferroni,1.0,0.001065500000549946
1.0,0.14285714285714285,0.0,2,14,15,hoeffding,1.0,0.00040919999446487054
1.0,0.21428571428571427,0.0,3,14,15,holm,,0.000515899999300018
1.0,0.2857142857142857,0.0,4,14,16,pointwise,1.0,0.00040330000047106296
1.0,0.14285714285714285,0.0,2,14,16,normal_bonferroni,1.0,0.0005988999982946552
1.0,0.14285714285714285,0.0,2,14,16,multiplier,1.0,0.003815800002485048
1.0,0.14285714285714285,0.0,2,14,16,exact_bonferroni,1.0,0.0011308000030112453
1.0,0.14285714285714285,0.0,2,14,16,hoeffding,1.0,0.00040699999954085797
1.0,0.14285714285714285,0.0,2,14,16,holm,,0.0005993000013404526
1.0,0.5714285714285714,0.0,8,14,17,pointwise,1.0,0.0007346999991568737
1.0,0.35714285714285715,0.0,5,14,17,normal_bonferroni,1.0,0.0007298999989870936
1.0,0.35714285714285715,0.0,5,14,17,multiplier,1.0,0.0036016000012750737
1.0,0.2857142857142857,0.0,4,14,17,exact_bonferroni,1.0,0.0011434999978519045
1.0,0.14285714285714285,0.0,2,14,17,hoeffding,1.0,0.00045989999489393085
1.0,0.35714285714285715,0.0,5,14,17,holm,,0.0006087000001571141
1.0,0.5714285714285714,0.0,8,14,18,pointwise,0.0,0.0008272000050055794
1.0,0.42857142857142855,0.0,6,14,18,normal_bonferroni,1.0,0.0007246000022860244
1.0,0.42857142857142855,0.0,6,14,18,multiplier,1.0,0.0033547999992151745
1.0,0.42857142857142855,0.0,6,14,18,exact_bonferroni,1.0,0.0009858999983407557
1.0,0.21428571428571427,0.0,3,14,18,hoeffding,1.0,0.0003667999990284443
1.0,0.42857142857142855,0.0,6,14,18,holm,,0.0004929999995511025
1.0,0.2857142857142857,0.0,4,14,19,pointwise,1.0,0.0008080999978119507
1.0,0.14285714285714285,0.0,2,14,19,normal_bonferroni,1.0,0.0007470999989891425
1.0,0.14285714285714285,0.0,2,14,19,multiplier,1.0,0.0042824999982258305
1.0,0.14285714285714285,0.0,2,14,19,exact_bonferroni,1.0,0.0010350000011385418
1.0,0.07142857142857142,0.0,1,14,19,hoeffding,1.0,0.0005011999965063296
1.0,0.14285714285714285,0.0,2,14,19,holm,,0.0005624000041279942
1.0,0.5,0.0,7,14,20,pointwise,1.0,0.0008966999957920052
1.0,0.21428571428571427,0.0,3,14,20,normal_bonferroni,1.0,0.0007895999951870181
1.0,0.21428571428571427,0.0,3,14,20,multiplier,1.0,0.00391920000402024
1.0,0.14285714285714285,0.0,2,14,20,exact_bonferroni,1.0,0.0011341999997966923
1.0,0.0,0.0,0,14,20,hoeffding,1.0,0.0004163999983575195
1.0,0.14285714285714285,0.0,2,14,20,holm,,0.0005909999963478185
1.0,0.7142857142857143,0.0,10,14,21,pointwise,1.0,0.0009033000023919158
1.0,0.14285714285714285,0.0,2,14,21,normal_bonferroni,1.0,0.0010896000021602958
1.0,0.14285714285714285,0.0,2,14,21,multiplier,1.0,0.0037927999946987256
1.0,0.14285714285714285,0.0,2,14,21,exact_bonferroni,1.0,0.0011884000050486065
1.0,0.14285714285714285,0.0,2,14,21,hoeffding,1.0,0.00046039999870117754
1.0,0.14285714285714285,0.0,2,14,21,holm,,0.0007216000012704171
1.0,0.5714285714285714,0.0,8,14,22,pointwise,0.0,0.000879999999597203
1.0,0.21428571428571427,0.0,3,14,22,normal_bonferroni,1.0,0.0008907000010367483
1.0,0.21428571428571427,0.0,3,14,22,multiplier,1.0,0.004221199997118674
1.0,0.21428571428571427,0.0,3,14,22,exact_bonferroni,1.0,0.0012449000059859827
1.0,0.07142857142857142,0.0,1,14,22,hoeffding,1.0,0.00042299999768147245
1.0,0.21428571428571427,0.0,3,14,22,holm,,0.0006046999988029711
1.0,0.5,0.0,7,14,23,pointwise,0.0,0.0008344000016222708
1.0,0.35714285714285715,0.0,5,14,23,normal_bonferroni,1.0,0.0007719999994151294
1.0,0.35714285714285715,0.0,5,14,23,multiplier,1.0,0.0038117999938549474
1.0,0.35714285714285715,0.0,5,14,23,exact_bonferroni,1.0,0.0011020000019925646
1.0,0.35714285714285715,0.0,5,14,23,hoeffding,1.0,0.00046890000521671027
1.0,0.35714285714285715,0.0,5,14,23,holm,,0.0006124999999883585
1.0,0.2857142857142857,0.0,4,14,24,pointwise,1.0,0.0007794999983161688
1.0,0.14285714285714285,0.0,2,14,24,normal_bonferroni,1.0,0.0009983000054489821
1.0,0.14285714285714285,0.0,2,14,24,multiplier,1.0,0.003547799999068957
1.0,0.07142857142857142,0.0,1,14,24,exact_bonferroni,1.0,0.001087999997253064
1.0,0.0,0.0,0,14,24,hoeffding,1.0,0.0003802999999606982
1.0,0.07142857142857142,0.0,1,14,24,holm,,0.0005979000052320771
1.0,0.35714285714285715,0.0,5,14,25,pointwise,1.0,0.0006950000024517067
1.0,0.14285714285714285,0.0,2,14,25,normal_bonferroni,1.0,0.0006835000021965243
1.0,0.14285714285714285,0.0,2,14,25,multiplier,1.0,0.0035175000011804514
1.0,0.07142857142857142,0.0,1,14,25,exact_bonferroni,1.0,0.0010212999986833893
1.0,0.0,0.0,0,14,25,hoeffding,1.0,0.00037030000385129824
1.0,0.07142857142857142,0.0,1,14,25,holm,,0.0004922000007354654
1.0,0.6428571428571429,0.0,9,14,26,pointwise,0.0,0.0005167999988771044
1.0,0.42857142857142855,0.0,6,14,26,normal_bonferroni,1.0,0.0007334999972954392
1.0,0.42857142857142855,0.0,6,14,26,multiplier,1.0,0.0037378999986685812
1.0,0.42857142857142855,0.0,6,14,26,exact_bonferroni,1.0,0.0010154999981750734
1.0,0.14285714285714285,0.0,2,14,26,hoeffding,1.0,0.0003626000034273602
1.0,0.42857142857142855,0.0,6,14,26,holm,,0.0006023999958415516
1.0,0.5714285714285714,0.0,8,14,27,pointwise,1.0,0.0007274999952642247
1.0,0.21428571428571427,0.0,3,14,27,normal_bonferroni,1.0,0.000654499999654945
1.0,0.21428571428571427,0.0,3,14,27,multiplier,1.0,0.0036010000039823353
1.0,0.21428571428571427,0.0,3,14,27,exact_bonferroni,1.0,0.0011101000054623
1.0,0.21428571428571427,0.0,3,14,27,hoeffding,1.0,0.00039430000470019877
1.0,0.21428571428571427,0.0,3,14,27,holm,,0.0005693999992217869
0.0,0.7857142857142857,0.21428571428571427,14,14,28,pointwise,0.0,0.0007901000062702224
1.0,0.5,0.0,7,14,28,normal_bonferroni,0.0,0.0007646000012755394
1.0,0.5,0.0,7,14,28,multiplier,0.0,0.003314899993711151
1.0,0.5,0.0,7,14,28,exact_bonferroni,0.0,0.0011579999991226941
1.0,0.2857142857142857,0.0,4,14,28,hoeffding,1.0,0.0004065999964950606
1.0,0.5,0.0,7,14,28,holm,,0.0005605999976978637
1.0,0.5,0.0,7,14,29,pointwise,1.0,0.0007772000026307069
1.0,0.21428571428571427,0.0,3,14,29,normal_bonferroni,1.0,0.0007449000040651299
1.0,0.21428571428571427,0.0,3,14,29,multiplier,1.0,0.0039310000065597706
1.0,0.21428571428571427,0.0,3,14,29,exact_bonferroni,1.0,0.000793100000009872
1.0,0.14285714285714285,0.0,2,14,29,hoeffding,1.0,0.0002364999963901937
1.0,0.21428571428571427,0.0,3,14,29,holm,,0.0003552000052877702
1.0,0.5714285714285714,0.0,8,14,30,pointwise,0.0,0.000573899997107219
1.0,0.21428571428571427,0.0,3,14,30,normal_bonferroni,1.0,0.0006642000007559545
1.0,0.21428571428571427,0.0,3,14,30,multiplier,1.0,0.003653199994005263
1.0,0.21428571428571427,0.0,3,14,30,exact_bonferroni,1.0,0.0006064000044716522
1.0,0.07142857142857142,0.0,1,14,30,hoeffding,1.0,0.00020930000027874485
1.0,0.21428571428571427,0.0,3,14,30,holm,,0.00031630000012228265
1.0,0.5,0.0,7,14,31,pointwise,1.0,0.0008049000025494024
1.0,0.21428571428571427,0.0,3,14,31,normal_bonferroni,1.0,0.0007192000048235059
1.0,0.2857142857142857,0.0,4,14,31,multiplier,1.0,0.003227799999876879
1.0,0.21428571428571427,0.0,3,14,31,exact_bonferroni,1.0,0.0010712000002968125
1.0,0.07142857142857142,0.0,1,14,31,hoeffding,1.0,0.00033229999826289713
1.0,0.21428571428571427,0.0,3,14,31,holm,,0.000607900001341477
1.0,0.5714285714285714,0.0,8,14,32,pointwise,1.0,0.0007146999996621162
1.0,0.21428571428571427,0.0,3,14,32,normal_bonferroni,1.0,0.0006376000019372441
1.0,0.21428571428571427,0.0,3,14,32,multiplier,1.0,0.0033456000019214116
1.0,0.21428571428571427,0.0,3,14,32,exact_bonferroni,1.0,0.0009500000014668331
1.0,0.14285714285714285,0.0,2,14,32,hoeffding,1.0,0.00037929999962216243
1.0,0.21428571428571427,0.0,3,14,32,holm,,0.0005183999965083785
1.0,0.5714285714285714,0.0,8,14,33,pointwise,1.0,0.0007243999934871681
1.0,0.2857142857142857,0.0,4,14,33,normal_bonferroni,1.0,0.0007078999988152646
1.0,0.2857142857142857,0.0,4,14,33,multiplier,1.0,0.0021457000038935803
1.0,0.2857142857142857,0.0,4,14,33,exact_bonferroni,1.0,0.001101000001654029
1.0,0.2857142857142857,0.0,4,14,33,hoeffding,1.0,0.00042770000436576083
1.0,0.2857142857142857,0.0,4,14,33,holm,,0.0006169000043882988
1.0,0.5,0.0,7,14,34,pointwise,0.0,0.0007306000043172389
1.0,0.42857142857142855,0.0,6,14,34,normal_bonferroni,1.0,0.0007001999983913265
1.0,0.5,0.0,7,14,34,multiplier,1.0,0.00361700000212295
1.0,0.42857142857142855,0.0,6,14,34,exact_bonferroni,1.0,0.0010966999980155379
1.0,0.21428571428571427,0.0,3,14,34,hoeffding,1.0,0.00039169999945443124
1.0,0.42857142857142855,0.0,6,14,34,holm,,0.0005575999966822565
1.0,0.35714285714285715,0.0,5,14,35,pointwise,1.0,0.0007456999956048094
1.0,0.21428571428571427,0.0,3,14,35,normal_bonferroni,1.0,0.0007144999981392175
1.0,0.21428571428571427,0.0,3,14,35,multiplier,1.0,0.003732100005436223
1.0,0.21428571428571427,0.0,3,14,35,exact_bonferroni,1.0,0.0010975999975926243
1.0,0.07142857142857142,0.0,1,14,35,hoeffding,1.0,0.0004141000026720576
1.0,0.21428571428571427,0.0,3,14,35,holm,,0.0006166999955894426
1.0,0.6428571428571429,0.0,9,14,36,pointwise,0.0,0.0007332000022870488
1.0,0.2857142857142857,0.0,4,14,36,normal_bonferroni,1.0,0.0007199000028776936
1.0,0.2857142857142857,0.0,4,14,36,multiplier,1.0,0.0035652000005939044
1.0,0.2857142857142857,0.0,4,14,36,exact_bonferroni,1.0,0.0009946999998646788
1.0,0.07142857142857142,0.0,1,14,36,hoeffding,1.0,0.00042209999810438603
1.0,0.2857142857142857,0.0,4,14,36,holm,,0.0005903999990550801
1.0,0.42857142857142855,0.0,6,14,37,pointwise,0.0,0.0008305000010295771
1.0,0.42857142857142855,0.0,6,14,37,normal_bonferroni,1.0,0.0007766999988234602
1.0,0.42857142857142855,0.0,6,14,37,multiplier,1.0,0.003474500001175329
1.0,0.42857142857142855,0.0,6,14,37,exact_bonferroni,1.0,0.0006570000041392632
1.0,0.14285714285714285,0.0,2,14,37,hoeffding,1.0,0.0002375999974901788
1.0,0.42857142857142855,0.0,6,14,37,holm,,0.0006754000060027465
1.0,0.6428571428571429,0.0,9,14,38,pointwise,1.0,0.0004048999981023371
1.0,0.42857142857142855,0.0,6,14,38,normal_bonferroni,1.0,0.000508699995407369
1.0,0.42857142857142855,0.0,6,14,38,multiplier,1.0,0.003917100002581719
1.0,0.42857142857142855,0.0,6,14,38,exact_bonferroni,1.0,0.001177300000563264
1.0,0.21428571428571427,0.0,3,14,38,hoeffding,1.0,0.0004884999943897128
1.0,0.42857142857142855,0.0,6,14,38,holm,,0.000636500000837259
1.0,0.7857142857142857,0.0,11,14,39,pointwise,0.0,0.0007962999952724203
1.0,0.42857142857142855,0.0,6,14,39,normal_bonferroni,0.0,0.000797400003648363
1.0,0.42857142857142855,0.0,6,14,39,multiplier,0.0,0.003832000002148561
1.0,0.35714285714285715,0.0,5,14,39,exact_bonferroni,0.0,0.0012101000029360875
1.0,0.2857142857142857,0.0,4,14,39,hoeffding,1.0,0.0004474000015761703
1.0,0.42857142857142855,0.0,6,14,39,holm,,0.0006779999966965988
1.0,0.42857142857142855,0.0,6,14,40,pointwise,1.0,0.0007865000006859191
1.0,0.2857142857142857,0.0,4,14,40,normal_bonferroni,1.0,0.0007761000015307218
1.0,0.2857142857142857,0.0,4,14,40,multiplier,1.0,0.003966999996919185
1.0,0.21428571428571427,0.0,3,14,40,exact_bonferroni,1.0,0.0011573999945539981
1.0,0.14285714285714285,0.0,2,14,40,hoeffding,1.0,0.0004771999956574291
1.0,0.21428571428571427,0.0,3,14,40,holm,,0.0006754999994882382
1.0,0.5,0.0,7,14,41,pointwise,1.0,0.0008202999961213209
1.0,0.42857142857142855,0.0,6,14,41,normal_bonferroni,1.0,0.0007410999969579279
1.0,0.42857142857142855,0.0,6,14,41,multiplier,1.0,0.003695699997479096
1.0,0.35714285714285715,0.0,5,14,41,exact_bonferroni,1.0,0.0010230999978375621
1.0,0.0,0.0,0,14,41,hoeffding,1.0,0.0003617999973357655
1.0,0.42857142857142855,0.0,6,14,41,holm,,0.0005681999973603524
1.0,0.5,0.0,7,14,42,pointwise,1.0,0.0005275000003166497
1.0,0.2857142857142857,0.0,4,14,42,normal_bonferroni,1.0,0.0004417999953147955
1.0,0.2857142857142857,0.0,4,14,42,multiplier,1.0,0.003638999995018821
1.0,0.2857142857142857,0.0,4,14,42,exact_bonferroni,1.0,0.0011052999980165623
1.0,0.21428571428571427,0.0,3,14,42,hoeffding,1.0,0.00039929999911691993
1.0,0.2857142857142857,0.0,4,14,42,holm,,0.0005804000029456802
1.0,0.6428571428571429,0.0,9,14,43,pointwise,0.0,0.000822000001790002
1.0,0.35714285714285715,0.0,5,14,43,normal_bonferroni,1.0,0.0007486999966204166
1.0,0.35714285714285715,0.0,5,14,43,multiplier,1.0,0.003831399997579865
1.0,0.2857142857142857,0.0,4,14,43,exact_bonferroni,1.0,0.001102100002754014
1.0,0.21428571428571427,0.0,3,14,43,hoeffding,1.0,0.00023910000163596123
1.0,0.2857142857142857,0.0,4,14,43,holm,,0.0003406999967410229
1.0,0.42857142857142855,0.0,6,14,44,pointwise,1.0,0.001101800000469666
1.0,0.21428571428571427,0.0,3,14,44,normal_bonferroni,1.0,0.0011775000020861626
1.0,0.21428571428571427,0.0,3,14,44,multiplier,1.0,0.00537889999395702
1.0,0.21428571428571427,0.0,3,14,44,exact_bonferroni,1.0,0.0013762000016868114
1.0,0.14285714285714285,0.0,2,14,44,hoeffding,1.0,0.0004717999981949106
1.0,0.21428571428571427,0.0,3,14,44,holm,,0.0007352999964496121
1.0,0.6428571428571429,0.0,9,14,45,pointwise,0.0,0.0008899000022211112
1.0,0.2857142857142857,0.0,4,14,45,normal_bonferroni,1.0,0.0013427000012598
1.0,0.2857142857142857,0.0,4,14,45,multiplier,1.0,0.00496739999653073
1.0,0.2857142857142857,0.0,4,14,45,exact_bonferroni,1.0,0.001422399996954482
1.0,0.2857142857142857,0.0,4,14,45,hoeffding,1.0,0.0005653999978676438
1.0,0.2857142857142857,0.0,4,14,45,holm,,0.0007602999976370484
1.0,0.2857142857142857,0.0,4,14,46,pointwise,1.0,0.0010194000060437247
1.0,0.07142857142857142,0.0,1,14,46,normal_bonferroni,1.0,0.0009295999989262782
1.0,0.07142857142857142,0.0,1,14,46,multiplier,1.0,0.004939300000842195
1.0,0.07142857142857142,0.0,1,14,46,exact_bonferroni,1.0,0.0016895000007934868
1.0,0.07142857142857142,0.0,1,14,46,hoeffding,1.0,0.0004981000020052306
1.0,0.07142857142857142,0.0,1,14,46,holm,,0.0007307000050786883
1.0,0.7857142857142857,0.0,11,14,47,pointwise,0.0,0.0009042999954544939
1.0,0.35714285714285715,0.0,5,14,47,normal_bonferroni,1.0,0.000807099997473415
1.0,0.42857142857142855,0.0,6,14,47,multiplier,1.0,0.00395619999471819
1.0,0.35714285714285715,0.0,5,14,47,exact_bonferroni,1.0,0.0011643999969237484
1.0,0.2857142857142857,0.0,4,14,47,hoeffding,1.0,0.00043290000030538067
1.0,0.35714285714285715,0.0,5,14,47,holm,,0.0006352999989758246
1.0,0.5714285714285714,0.0,8,14,48,pointwise,1.0,0.0008868999939295463
1.0,0.2857142857142857,0.0,4,14,48,normal_bonferroni,1.0,0.0007636000009370036
1.0,0.2857142857142857,0.0,4,14,48,multiplier,1.0,0.0038988000014796853
1.0,0.2857142857142857,0.0,4,14,48,exact_bonferroni,1.0,0.0011500999971758574
1.0,0.14285714285714285,0.0,2,14,48,hoeffding,1.0,0.00043259999802103266
1.0,0.2857142857142857,0.0,4,14,48,holm,,0.0006143000064184889
1.0,0.35714285714285715,0.0,5,14,49,pointwise,1.0,0.0008687000008649193
1.0,0.07142857142857142,0.0,1,14,49,normal_bonferroni,1.0,0.0007910999993328005
1.0,0.14285714285714285,0.0,2,14,49,multiplier,1.0,0.0040290000033564866
1.0,0.07142857142857142,0.0,1,14,49,exact_bonferroni,1.0,0.0011941999982809648
1.0,0.07142857142857142,0.0,1,14,49,hoeffding,1.0,0.0003895999980159104
1.0,0.07142857142857142,0.0,1,14,49,holm,,0.0005732999998144805
1.0,0.35714285714285715,0.0,5,14,50,pointwise,1.0,0.0008162000012816861
1.0,0.07142857142857142,0.0,1,14,50,normal_bonferroni,1.0,0.0007679999980609864
1.0,0.14285714285714285,0.0,2,14,50,multiplier,1.0,0.004241600006935187
1.0,0.07142857142857142,0.0,1,14,50,exact_bonferroni,1.0,0.0009946999998646788
1.0,0.07142857142857142,0.0,1,14,50,hoeffding,1.0,0.00021939999714959413
1.0,0.07142857142857142,0.0,1,14,50,holm,,0.0007182999979704618
1.0,0.5714285714285714,0.0,8,14,51,pointwise,0.0,0.0004056000034324825
1.0,0.42857142857142855,0.0,6,14,51,normal_bonferroni,1.0,0.0003623000011430122
1.0,0.5,0.0,7,14,51,multiplier,1.0,0.0038566000002902
1.0,0.42857142857142855,0.0,6,14,51,exact_bonferroni,1.0,0.0011726999946404248
1.0,0.21428571428571427,0.0,3,14,51,hoeffding,1.0,0.00039819999801693484
1.0,0.42857142857142855,0.0,6,14,51,holm,,0.0006037999992258847
0.0,0.7857142857142857,0.08333333333333333,12,14,52,pointwise,0.0,0.001192200004879851
1.0,0.42857142857142855,0.0,6,14,52,normal_bonferroni,0.0,0.0007814000055077486
1.0,0.5,0.0,7,14,52,multiplier,0.0,0.004167099999904167
1.0,0.42857142857142855,0.0,6,14,52,exact_bonferroni,0.0,0.0009549000023980625
1.0,0.35714285714285715,0.0,5,14,52,hoeffding,1.0,0.0002821000016410835
1.0,0.42857142857142855,0.0,6,14,52,holm,,0.0003842000005533919
1.0,0.2857142857142857,0.0,4,14,53,pointwise,1.0,0.0008789000057731755
1.0,0.21428571428571427,0.0,3,14,53,normal_bonferroni,1.0,0.0008205000049201772
1.0,0.21428571428571427,0.0,3,14,53,multiplier,1.0,0.003857399999105837
1.0,0.21428571428571427,0.0,3,14,53,exact_bonferroni,1.0,0.001072099999873899
1.0,0.0,0.0,0,14,53,hoeffding,1.0,0.0004121999954804778
1.0,0.21428571428571427,0.0,3,14,53,holm,,0.000626500004727859
1.0,0.35714285714285715,0.0,5,14,54,pointwise,1.0,0.0007684999945922755
1.0,0.14285714285714285,0.0,2,14,54,normal_bonferroni,1.0,0.0007589000015286729
1.0,0.14285714285714285,0.0,2,14,54,multiplier,1.0,0.0036143000033916906
1.0,0.07142857142857142,0.0,1,14,54,exact_bonferroni,1.0,0.0011398999995435588
1.0,0.07142857142857142,0.0,1,14,54,hoeffding,1.0,0.0004231999992043711
1.0,0.07142857142857142,0.0,1,14,54,holm,,0.0008640000014565885
1.0,0.5714285714285714,0.0,8,14,55,pointwise,0.0,0.0007525000037276186
1.0,0.14285714285714285,0.0,2,14,55,normal_bonferroni,1.0,0.0007316999981412664
1.0,0.21428571428571427,0.0,3,14,55,multiplier,1.0,0.0037779999984195456
1.0,0.14285714285714285,0.0,2,14,55,exact_bonferroni,1.0,0.0010890999983530492
1.0,0.07142857142857142,0.0,1,14,55,hoeffding,1.0,0.0003952999977627769
1.0,0.14285714285714285,0.0,2,14,55,holm,,0.0005430999954114668
1.0,0.8571428571428571,0.0,12,14,56,pointwise,0.0,0.0004461999997147359
1.0,0.5,0.0,7,14,56,normal_bonferroni,1.0,0.0004334999975981191
1.0,0.5,0.0,7,14,56,multiplier,1.0,0.0025449999957345426
1.0,0.2857142857142857,0.0,4,14,56,exact_bonferroni,1.0,0.0005853999973624013
1.0,0.07142857142857142,0.0,1,14,56,hoeffding,1.0,0.00036890000046696514
1.0,0.5,0.0,7,14,56,holm,,0.0005597999988822266
1.0,0.21428571428571427,0.0,3,14,57,pointwise,1.0,0.00078600000415463
1.0,0.21428571428571427,0.0,3,14,57,normal_bonferroni,1.0,0.0006953999982215464
1.0,0.21428571428571427,0.0,3,14,57,multiplier,1.0,0.0037068999954499304
1.0,0.14285714285714285,0.0,2,14,57,exact_bonferroni,1.0,0.0010681999992812052
1.0,0.07142857142857142,0.0,1,14,57,hoeffding,1.0,0.00039449999894713983
1.0,0.14285714285714285,0.0,2,14,57,holm,,0.0005549000052269548
1.0,0.42857142857142855,0.0,6,14,58,pointwise,0.0,0.0004578000007313676
1.0,0.2857142857142857,0.0,4,14,58,normal_bonferroni,1.0,0.0006489000006695278
1.0,0.2857142857142857,0.0,4,14,58,multiplier,1.0,0.003883100005623419
1.0,0.2857142857142857,0.0,4,14,58,exact_bonferroni,1.0,0.0010792000030050986
1.0,0.21428571428571427,0.0,3,14,58,hoeffding,1.0,0.0004115999981877394
1.0,0.2857142857142857,0.0,4,14,58,holm,,0.0006327000010060146
1.0,0.21428571428571427,0.0,3,14,59,pointwise,1.0,0.0008760999990045093
1.0,0.07142857142857142,0.0,1,14,59,normal_bonferroni,1.0,0.0008651000025565736
1.0,0.07142857142857142,0.0,1,14,59,multiplier,1.0,0.003343299998959992
1.0,0.07142857142857142,0.0,1,14,59,exact_bonferroni,1.0,0.001000900003418792
1.0,0.0,0.0,0,14,59,hoeffding,1.0,0.00020390000281622633
1.0,0.07142857142857142,0.0,1,14,59,holm,,0.0003007000050274655
1.0,0.14285714285714285,0.0,2,14,60,pointwise,1.0,0.0007483999943360686
1.0,0.07142857142857142,0.0,1,14,60,normal_bonferroni,1.0,0.0007403999989037402
1.0,0.07142857142857142,0.0,1,14,60,multiplier,1.0,0.00368989999697078
1.0,0.07142857142857142,0.0,1,14,60,exact_bonferroni,1.0,0.0010779000003822148
1.0,0.07142857142857142,0.0,1,14,60,hoeffding,1.0,0.00037969999539200217
1.0,0.07142857142857142,0.0,1,14,60,holm,,0.0005621000018436462
1.0,0.5,0.0,7,14,61,pointwise,1.0,0.0007565999985672534
1.0,0.21428571428571427,0.0,3,14,61,normal_bonferroni,1.0,0.0008355999962077476
1.0,0.21428571428571427,0.0,3,14,61,multiplier,1.0,0.003666600001452025
1.0,0.14285714285714285,0.0,2,14,61,exact_bonferroni,1.0,0.0010130000009667128
1.0,0.14285714285714285,0.0,2,14,61,hoeffding,1.0,0.0003966000003856607
1.0,0.14285714285714285,0.0,2,14,61,holm,,0.000556999999389518
1.0,0.5714285714285714,0.0,8,14,62,pointwise,0.0,0.0007684000011067837
1.0,0.42857142857142855,0.0,6,14,62,normal_bonferroni,1.0,0.0007024000005912967
1.0,0.42857142857142855,0.0,6,14,62,multiplier,1.0,0.002984699996886775
1.0,0.42857142857142855,0.0,6,14,62,exact_bonferroni,1.0,0.000567600000067614
1.0,0.14285714285714285,0.0,2,14,62,hoeffding,1.0,0.00018780000391416252
1.0,0.42857142857142855,0.0,6,14,62,holm,,0.0003987000018241815
1.0,0.5,0.0,7,14,63,pointwise,1.0,0.000840499997138977
1.0,0.14285714285714285,0.0,2,14,63,normal_bonferroni,1.0,0.0007390999962808564
1.0,0.14285714285714285,0.0,2,14,63,multiplier,1.0,0.003546799998730421
1.0,0.07142857142857142,0.0,1,14,63,exact_bonferroni,1.0,0.0015530999953625724
1.0,0.07142857142857142,0.0,1,14,63,hoeffding,1.0,0.00043680000089807436
1.0,0.07142857142857142,0.0,1,14,63,holm,,0.0005997999978717417
1.0,0.21428571428571427,0.0,3,14,64,pointwise,1.0,0.0003907999998773448
1.0,0.07142857142857142,0.0,1,14,64,normal_bonferroni,1.0,0.0003633999949670397
1.0,0.14285714285714285,0.0,2,14,64,multiplier,1.0,0.002948399996967055
1.0,0.07142857142857142,0.0,1,14,64,exact_bonferroni,1.0,0.0009461000008741394
1.0,0.07142857142857142,0.0,1,14,64,hoeffding,1.0,0.0002210000020568259
1.0,0.07142857142857142,0.0,1,14,64,holm,,0.0003034000037587248
1.0,0.7142857142857143,0.0,10,14,65,pointwise,0.0,0.0007104999967850745
1.0,0.35714285714285715,0.0,5,14,65,normal_bonferroni,1.0,0.0007001999983913265
1.0,0.35714285714285715,0.0,5,14,65,multiplier,1.0,0.0025943000000552274
1.0,0.2857142857142857,0.0,4,14,65,exact_bonferroni,1.0,0.0007802999971318059
1.0,0.21428571428571427,0.0,3,14,65,hoeffding,1.0,0.00038050000148359686
1.0,0.35714285714285715,0.0,5,14,65,holm,,0.0006447999985539354
1.0,0.42857142857142855,0.0,6,14,66,pointwise,1.0,0.0007908999978099018
1.0,0.2857142857142857,0.0,4,14,66,normal_bonferroni,1.0,0.0008075000005192123
1.0,0.35714285714285715,0.0,5,14,66,multiplier,1.0,0.004000699998869095
1.0,0.2857142857142857,0.0,4,14,66,exact_bonferroni,1.0,0.0011509999967529438
1.0,0.14285714285714285,0.0,2,14,66,hoeffding,1.0,0.00040249999437946826
1.0,0.2857142857142857,0.0,4,14,66,holm,,0.0005447000003186986
1.0,0.6428571428571429,0.0,9,14,67,pointwise,0.0,0.0007998000000952743
1.0,0.35714285714285715,0.0,5,14,67,normal_bonferroni,1.0,0.000389600005291868
1.0,0.35714285714285715,0.0,5,14,67,multiplier,1.0,0.0028649000014411286
1.0,0.2857142857142857,0.0,4,14,67,exact_bonferroni,1.0,0.0010428000023239292
1.0,0.21428571428571427,0.0,3,14,67,hoeffding,1.0,0.00038839999615447596
1.0,0.2857142857142857,0.0,4,14,67,holm,,0.000586200003453996
1.0,0.7857142857142857,0.0,11,14,68,pointwise,0.0,0.0007119000001694076
1.0,0.42857142857142855,0.0,6,14,68,normal_bonferroni,0.0,0.0006830999991507269
1.0,0.42857142857142855,0.0,6,14,68,multiplier,0.0,0.003602400000090711
1.0,0.2857142857142857,0.0,4,14,68,exact_bonferroni,0.0,0.0010615999999572523
1.0,0.2857142857142857,0.0,4,14,68,hoeffding,1.0,0.00038889999996172264
1.0,0.2857142857142857,0.0,4,14,68,holm,,0.000567900002351962
1.0,0.35714285714285715,0.0,5,14,69,pointwise,0.0,0.00038499999936902896
1.0,0.14285714285714285,0.0,2,14,69,normal_bonferroni,1.0,0.0003529999958118424
1.0,0.14285714285714285,0.0,2,14,69,multiplier,1.0,0.0032042999955592677
1.0,0.14285714285714285,0.0,2,14,69,exact_bonferroni,1.0,0.001028899998345878
1.0,0.14285714285714285,0.0,2,14,69,hoeffding,1.0,0.00039570000080857426
1.0,0.14285714285714285,0.0,2,14,69,holm,,0.0005662999974447303
1.0,0.42857142857142855,0.0,6,14,70,pointwise,1.0,0.0007722000009380281
1.0,0.21428571428571427,0.0,3,14,70,normal_bonferroni,1.0,0.00038530000165337697
1.0,0.21428571428571427,0.0,3,14,70,multiplier,1.0,0.0031606000047759153
1.0,0.21428571428571427,0.0,3,14,70,exact_bonferroni,1.0,0.000586500005738344
1.0,0.14285714285714285,0.0,2,14,70,hoeffding,1.0,0.00019189999875379726
1.0,0.21428571428571427,0.0,3,14,70,holm,,0.0003028999999514781
1.0,0.7142857142857143,0.0,10,14,71,pointwise,0.0,0.0007100000002537854
1.0,0.5714285714285714,0.0,8,14,71,normal_bonferroni,0.0,0.0004211999985272996
1.0,0.6428571428571429,0.0,9,14,71,multiplier,0.0,0.003966299998864997
1.0,0.5714285714285714,0.0,8,14,71,exact_bonferroni,0.0,0.0010480999990249984
1.0,0.42857142857142855,0.0,6,14,71,hoeffding,1.0,0.000377499993192032
1.0,0.5714285714285714,0.0,8,14,71,holm,,0.0005594999965978786
0.0,0.7857142857142857,0.08333333333333333,12,14,72,pointwise,0.0,0.0005772000004071742
1.0,0.5,0.0,7,14,72,normal_bonferroni,1.0,0.0005030999964219518
1.0,0.5,0.0,7,14,72,multiplier,1.0,0.0035243999955127947
1.0,0.5,0.0,7,14,72,exact_bonferroni,1.0,0.0005492000054800883
1.0,0.42857142857142855,0.0,6,14,72,hoeffding,1.0,0.0001816000003600493
1.0,0.5,0.0,7,14,72,holm,,0.00027879999834112823
1.0,0.35714285714285715,0.0,5,14,73,pointwise,1.0,0.0006713999973726459
1.0,0.14285714285714285,0.0,2,14,73,normal_bonferroni,1.0,0.0006607999966945499
1.0,0.21428571428571427,0.0,3,14,73,multiplier,1.0,0.0032638000047882088
1.0,0.14285714285714285,0.0,2,14,73,exact_bonferroni,1.0,0.0013467999960994348
1.0,0.07142857142857142,0.0,1,14,73,hoeffding,1.0,0.0003775000004679896
1.0,0.14285714285714285,0.0,2,14,73,holm,,0.0003110000034212135
1.0,0.7857142857142857,0.0,11,14,74,pointwise,0.0,0.0003620999996201135
1.0,0.5,0.0,7,14,74,normal_bonferroni,1.0,0.0006310999960987829
1.0,0.5,0.0,7,14,74,multiplier,1.0,0.004077400000824127
1.0,0.5,0.0,7,14,74,exact_bonferroni,1.0,0.0005576000039582141
1.0,0.35714285714285715,0.0,5,14,74,hoeffding,1.0,0.00020560000120894983
1.0,0.5,0.0,7,14,74,holm,,0.0002792999948724173
1.0,0.21428571428571427,0.0,3,14,75,pointwise,1.0,0.0006374000004143454
1.0,0.14285714285714285,0.0,2,14,75,normal_bonferroni,1.0,0.0005939999973634258
1.0,0.14285714285714285,0.0,2,14,75,multiplier,1.0,0.0033789000008255243
1.0,0.14285714285714285,0.0,2,14,75,exact_bonferroni,1.0,0.0005210000017541461
1.0,0.07142857142857142,0.0,1,14,75,hoeffding,1.0,0.00018980000459123403
1.0,0.14285714285714285,0.0,2,14,75,holm,,0.0006169999978737906
1.0,0.2857142857142857,0.0,4,14,76,pointwise,1.0,0.0006319999956758693
1.0,0.07142857142857142,0.0,1,14,76,normal_bonferroni,1.0,0.0005797999983769841
1.0,0.07142857142857142,0.0,1,14,76,multiplier,1.0,0.0029676999984076247
1.0,0.07142857142857142,0.0,1,14,76,exact_bonferroni,1.0,0.0008340999993379228
1.0,0.0,0.0,0,14,76,hoeffding,1.0,0.0002965000021504238
1.0,0.07142857142857142,0.0,1,14,76,holm,,0.0007582999969599769
0.0,0.7857142857142857,0.08333333333333333,12,14,77,pointwise,0.0,0.0007303000020328909
1.0,0.5714285714285714,0.0,8,14,77,normal_bonferroni,1.0,0.00065080000058515
1.0,0.7142857142857143,0.0,10,14,77,multiplier,1.0,0.0036573999968823045
1.0,0.5714285714285714,0.0,8,14,77,exact_bonferroni,1.0,0.0010060999993584119
1.0,0.21428571428571427,0.0,3,14,77,hoeffding,1.0,0.0004020000051241368
1.0,0.5714285714285714,0.0,8,14,77,holm,,0.0005491999982041307
1.0,0.5,0.0,7,14,78,pointwise,1.0,0.0006772999986424111
1.0,0.21428571428571427,0.0,3,14,78,normal_bonferroni,1.0,0.0006378999969456345
1.0,0.2857142857142857,0.0,4,14,78,multiplier,1.0,0.0034009000009973533
1.0,0.21428571428571427,0.0,3,14,78,exact_bonferroni,1.0,0.001022799995553214
1.0,0.0,0.0,0,14,78,hoeffding,1.0,0.0003282000034232624
1.0,0.21428571428571427,0.0,3,14,78,holm,,0.0005281999983708374
1.0,0.5714285714285714,0.0,8,14,79,pointwise,0.0,0.0006730000022798777
1.0,0.2857142857142857,0.0,4,14,79,normal_bonferroni,1.0,0.0006888999996590428
1.0,0.2857142857142857,0.0,4,14,79,multiplier,1.0,0.0033933999948203564
1.0,0.2857142857142857,0.0,4,14,79,exact_bonferroni,1.0,0.0009843000007094815
1.0,0.21428571428571427,0.0,3,14,79,hoeffding,1.0,0.00035429999843472615
1.0,0.2857142857142857,0.0,4,14,79,holm,,0.0005051000043749809
1.0,0.5,0.0,7,14,80,pointwise,0.0,0.0007001999983913265
1.0,0.2857142857142857,0.0,4,14,80,normal_bonferroni,1.0,0.0006553999992320314
1.0,0.2857142857142857,0.0,4,14,80,multiplier,1.0,0.003298000003269408
1.0,0.2857142857142857,0.0,4,14,80,exact_bonferroni,1.0,0.0009652000007918105
1.0,0.21428571428571427,0.0,3,14,80,hoeffding,1.0,0.00035149999894201756
1.0,0.2857142857142857,0.0,4,14,80,holm,,0.0004937000048812479
1.0,0.6428571428571429,0.0,9,14,81,pointwise,0.0,0.0007136999993235804
1.0,0.21428571428571427,0.0,3,14,81,normal_bonferroni,1.0,0.0006863000016892329
1.0,0.2857142857142857,0.0,4,14,81,multiplier,1.0,0.0033303999953204766
1.0,0.21428571428571427,0.0,3,14,81,exact_bonferroni,1.0,0.0009109000020544045
1.0,0.14285714285714285,0.0,2,14,81,hoeffding,1.0,0.0004518999994616024
1.0,0.21428571428571427,0.0,3,14,81,holm,,0.00039710000419290736
1.0,0.42857142857142855,0.0,6,14,82,pointwise,1.0,0.0006577999956789427
1.0,0.21428571428571427,0.0,3,14,82,normal_bonferroni,1.0,0.00061450000066543
1.0,0.21428571428571427,0.0,3,14,82,multiplier,1.0,0.0032719000009819865
1.0,0.14285714285714285,0.0,2,14,82,exact_bonferroni,1.0,0.000983099998848047
1.0,0.14285714285714285,0.0,2,14,82,hoeffding,1.0,0.00019659999816212803
1.0,0.21428571428571427,0.0,3,14,82,holm,,0.0002738999974098988
1.0,0.5714285714285714,0.0,8,14,83,pointwise,0.0,0.00035679999564308673
1.0,0.35714285714285715,0.0,5,14,83,normal_bonferroni,1.0,0.0007480999993276782
1.0,0.42857142857142855,0.0,6,14,83,multiplier,1.0,0.0032319000019924715
1.0,0.2857142857142857,0.0,4,14,83,exact_bonferroni,1.0,0.001109500000893604
1.0,0.07142857142857142,0.0,1,14,83,hoeffding,1.0,0.000349600006302353
1.0,0.2857142857142857,0.0,4,14,83,holm,,0.00045870000030845404
1.0,0.7142857142857143,0.0,10,14,84,pointwise,0.0,0.0006900000007590279
1.0,0.42857142857142855,0.0,6,14,84,normal_bonferroni,1.0,0.0005770999996457249
1.0,0.42857142857142855,0.0,6,14,84,multiplier,1.0,0.003016999995452352
1.0,0.42857142857142855,0.0,6,14,84,exact_bonferroni,1.0,0.0005923999997321516
1.0,0.2857142857142857,0.0,4,14,84,hoeffding,1.0,0.0003932000036002137
1.0,0.42857142857142855,0.0,6,14,84,holm,,0.00041280000004917383
1.0,0.5,0.0,7,14,85,pointwise,1.0,0.0008291999984066933
1.0,0.2857142857142857,0.0,4,14,85,normal_bonferroni,1.0,0.0005938999966019765
1.0,0.2857142857142857,0.0,4,14,85,multiplier,1.0,0.0031178999997791834
1.0,0.2857142857142857,0.0,4,14,85,exact_bonferroni,1.0,0.0006202999938977882
1.0,0.21428571428571427,0.0,3,14,85,hoeffding,1.0,0.0002917000019806437
1.0,0.2857142857142857,0.0,4,14,85,holm,,0.00048150000657187775
1.0,0.2857142857142857,0.0,4,14,86,pointwise,1.0,0.0006066999994800426
1.0,0.14285714285714285,0.0,2,14,86,normal_bonferroni,1.0,0.0006044999972800724
1.0,0.14285714285714285,0.0,2,14,86,multiplier,1.0,0.0029876000044168904
1.0,0.14285714285714285,0.0,2,14,86,exact_bonferroni,1.0,0.0013382999968598597
1.0,0.07142857142857142,0.0,1,14,86,hoeffding,1.0,0.0003423000016482547
1.0,0.14285714285714285,0.0,2,14,86,holm,,0.0004408000022522174
1.0,0.5714285714285714,0.0,8,14,87,pointwise,1.0,0.0006033000026945956
1.0,0.2857142857142857,0.0,4,14,87,normal_bonferroni,1.0,0.0008903999987524003
1.0,0.2857142857142857,0.0,4,14,87,multiplier,1.0,0.0019672999987960793
1.0,0.21428571428571427,0.0,3,14,87,exact_bonferroni,1.0,0.0008528999969712459
1.0,0.21428571428571427,0.0,3,14,87,hoeffding,1.0,0.0003083000046899542
1.0,0.21428571428571427,0.0,3,14,87,holm,,0.00043870000081369653
1.0,0.6428571428571429,0.0,9,14,88,pointwise,0.0,0.0005765000023529865
1.0,0.35714285714285715,0.0,5,14,88,normal_bonferroni,1.0,0.0005655999993905425
1.0,0.35714285714285715,0.0,5,14,88,multiplier,1.0,0.0028715000007650815
1.0,0.2857142857142857,0.0,4,14,88,exact_bonferroni,1.0,0.0008193000030587427
1.0,0.14285714285714285,0.0,2,14,88,hoeffding,1.0,0.0002826999989338219
1.0,0.35714285714285715,0.0,5,14,88,holm,,0.000411000000895001
1.0,0.35714285714285715,0.0,5,14,89,pointwise,1.0,0.0005865999992238358
1.0,0.14285714285714285,0.0,2,14,89,normal_bonferroni,1.0,0.0003476999991107732
1.0,0.14285714285714285,0.0,2,14,89,multiplier,1.0,0.0029264999975566752
1.0,0.14285714285714285,0.0,2,14,89,exact_bonferroni,1.0,0.0006634000019403175
1.0,0.07142857142857142,0.0,1,14,89,hoeffding,1.0,0.00018959999579237774
1.0,0.14285714285714285,0.0,2,14,89,holm,,0.0002843000038410537
1.0,0.5,0.0,7,14,90,pointwise,1.0,0.0006368999966070987
1.0,0.07142857142857142,0.0,1,14,90,normal_bonferroni,1.0,0.0006282000031205826
1.0,0.07142857142857142,0.0,1,14,90,multiplier,1.0,0.003194899996742606
1.0,0.07142857142857142,0.0,1,14,90,exact_bonferroni,1.0,0.0008769999985815957
1.0,0.07142857142857142,0.0,1,14,90,hoeffding,1.0,0.00031149999995250255
1.0,0.07142857142857142,0.0,1,14,90,holm,,0.000473000000056345
1.0,0.7857142857142857,0.0,11,14,91,pointwise,0.0,0.0015483000024687499
1.0,0.5,0.0,7,14,91,normal_bonferroni,1.0,0.0007359000010183081
1.0,0.5,0.0,7,14,91,multiplier,1.0,0.003923799995391164
1.0,0.5,0.0,7,14,91,exact_bonferroni,1.0,0.0011789999989559874
1.0,0.35714285714285715,0.0,5,14,91,hoeffding,1.0,0.00037010000232839957
1.0,0.5,0.0,7,14,91,holm,,0.0005606999984593131
1.0,0.5,0.0,7,14,92,pointwise,1.0,0.000399799995648209
1.0,0.35714285714285715,0.0,5,14,92,normal_bonferroni,1.0,0.00039799999649403617
1.0,0.35714285714285715,0.0,5,14,92,multiplier,1.0,0.004042300002765842
1.0,0.2857142857142857,0.0,4,14,92,exact_bonferroni,1.0,0.0011068999956478365
1.0,0.0,0.0,0,14,92,hoeffding,1.0,0.00037539999902946874
1.0,0.35714285714285715,0.0,5,14,92,holm,,0.0005652000036207028
1.0,0.2857142857142857,0.0,4,14,93,pointwise,1.0,0.000988400002825074
1.0,0.14285714285714285,0.0,2,14,93,normal_bonferroni,1.0,0.0007774999976390973
1.0,0.14285714285714285,0.0,2,14,93,multiplier,1.0,0.003948300000047311
1.0,0.14285714285714285,0.0,2,14,93,exact_bonferroni,1.0,0.0010192999980063178
1.0,0.07142857142857142,0.0,1,14,93,hoeffding,1.0,0.002040899998974055
1.0,0.14285714285714285,0.0,2,14,93,holm,,0.00044269999489188194
1.0,0.5,0.0,7,14,94,pointwise,1.0,0.0007279999990714714
1.0,0.35714285714285715,0.0,5,14,94,normal_bonferroni,1.0,0.0006493000037153251
1.0,0.35714285714285715,0.0,5,14,94,multiplier,1.0,0.0035590999978012405
1.0,0.35714285714285715,0.0,5,14,94,exact_bonferroni,1.0,0.0008944000001065433
1.0,0.14285714285714285,0.0,2,14,94,hoeffding,1.0,0.00018699999782256782
1.0,0.35714285714285715,0.0,5,14,94,holm,,0.0002896999940276146
1.0,0.5714285714285714,0.0,8,14,95,pointwise,1.0,0.0006480000010924414
1.0,0.35714285714285715,0.0,5,14,95,normal_bonferroni,1.0,0.0009428000048501417
1.0,0.35714285714285715,0.0,5,14,95,multiplier,1.0,0.0034919000027002767
1.0,0.35714285714285715,0.0,5,14,95,exact_bonferroni,1.0,0.0005223000043770298
1.0,0.14285714285714285,0.0,2,14,95,hoeffding,1.0,0.0001956999985850416
1.0,0.35714285714285715,0.0,5,14,95,holm,,0.0003687999997055158
1.0,0.7857142857142857,0.0,11,14,96,pointwise,0.0,0.0006122000049799681
1.0,0.35714285714285715,0.0,5,14,96,normal_bonferroni,1.0,0.0007075999965309165
1.0,0.5,0.0,7,14,96,multiplier,1.0,0.0025954000011552125
1.0,0.2857142857142857,0.0,4,14,96,exact_bonferroni,1.0,0.0004993000038666651
1.0,0.14285714285714285,0.0,2,14,96,hoeffding,1.0,0.0002725000013015233
1.0,0.35714285714285715,0.0,5,14,96,holm,,0.0004602999979397282
0.0,0.6428571428571429,0.1,10,14,97,pointwise,0.0,0.00035539999953471124
1.0,0.35714285714285715,0.0,5,14,97,normal_bonferroni,1.0,0.0003405999959795736
1.0,0.35714285714285715,0.0,5,14,97,multiplier,1.0,0.003129099997750018
1.0,0.35714285714285715,0.0,5,14,97,exact_bonferroni,1.0,0.0015812999990885146
1.0,0.2857142857142857,0.0,4,14,97,hoeffding,1.0,0.0004321000014897436
1.0,0.35714285714285715,0.0,5,14,97,holm,,0.0005318999974406324
1.0,0.2857142857142857,0.0,4,14,98,pointwise,1.0,0.0010191000037593767
1.0,0.2857142857142857,0.0,4,14,98,normal_bonferroni,1.0,0.0006935000055818819
1.0,0.2857142857142857,0.0,4,14,98,multiplier,1.0,0.004140499993809499
1.0,0.21428571428571427,0.0,3,14,98,exact_bonferroni,1.0,0.0010374999983469024
1.0,0.07142857142857142,0.0,1,14,98,hoeffding,1.0,0.0003572999994503334
1.0,0.2857142857142857,0.0,4,14,98,holm,,0.0008258000016212463
1.0,0.35714285714285715,0.0,5,14,99,pointwise,1.0,0.0010963999957311898
1.0,0.14285714285714285,0.0,2,14,99,normal_bonferroni,1.0,0.0007333999965339899
1.0,0.14285714285714285,0.0,2,14,99,multiplier,1.0,0.003755900004762225
1.0,0.07142857142857142,0.0,1,14,99,exact_bonferroni,1.0,0.0006262999959290028
1.0,0.07142857142857142,0.0,1,14,99,hoeffding,1.0,0.0002192999963881448
1.0,0.07142857142857142,0.0,1,14,99,holm,,0.000513300001330208
1.0,0.8571428571428571,0.0,12,14,100,pointwise,0.0,0.0006626999966101721
1.0,0.42857142857142855,0.0,6,14,100,normal_bonferroni,0.0,0.0006140000041341409
1.0,0.42857142857142855,0.0,6,14,100,multiplier,0.0,0.003207599998859223
1.0,0.42857142857142855,0.0,6,14,100,exact_bonferroni,0.0,0.0008772999935899861
1.0,0.35714285714285715,0.0,5,14,100,hoeffding,1.0,0.0003305000063846819
1.0,0.42857142857142855,0.0,6,14,100,holm,,0.0004604999994626269
1.0,0.35714285714285715,0.0,5,14,101,pointwise,1.0,0.0003791999988607131
1.0,0.21428571428571427,0.0,3,14,101,normal_bonferroni,1.0,0.0005591999943135306
1.0,0.21428571428571427,0.0,3,14,101,multiplier,1.0,0.0027163000049768016
1.0,0.21428571428571427,0.0,3,14,101,exact_bonferroni,1.0,0.0005630000014207326
1.0,0.14285714285714285,0.0,2,14,101,hoeffding,1.0,0.0002286000017193146
1.0,0.21428571428571427,0.0,3,14,101,holm,,0.001050599996233359
1.0,0.42857142857142855,0.0,6,14,102,pointwise,1.0,0.0006752999979653396
1.0,0.14285714285714285,0.0,2,14,102,normal_bonferroni,1.0,0.0006450000000768341
1.0,0.21428571428571427,0.0,3,14,102,multiplier,1.0,0.0032148999962373637
1.0,0.07142857142857142,0.0,1,14,102,exact_bonferroni,1.0,0.0009143999996013008
1.0,0.07142857142857142,0.0,1,14,102,hoeffding,1.0,0.0003184000015608035
1.0,0.07142857142857142,0.0,1,14,102,holm,,0.00045980000140843913
1.0,0.5714285714285714,0.0,8,14,103,pointwise,0.0,0.0007322000019485131
1.0,0.21428571428571427,0.0,3,14,103,normal_bonferroni,1.0,0.00059299999702489
1.0,0.21428571428571427,0.0,3,14,103,multiplier,1.0,0.0033146000059787184
1.0,0.21428571428571427,0.0,3,14,103,exact_bonferroni,1.0,0.0006003999951644801
1.0,0.14285714285714285,0.0,2,14,103,hoeffding,1.0,0.0003512999974191189
1.0,0.21428571428571427,0.0,3,14,103,holm,,0.0005139999993843958
1.0,0.42857142857142855,0.0,6,14,104,pointwise,1.0,0.0006246999982977286
1.0,0.21428571428571427,0.0,3,14,104,normal_bonferroni,1.0,0.0005813000025227666
1.0,0.2857142857142857,0.0,4,14,104,multiplier,1.0,0.0030694000015500933
1.0,0.21428571428571427,0.0,3,14,104,exact_bonferroni,1.0,0.0008397999990847893
1.0,0.14285714285714285,0.0,2,14,104,hoeffding,1.0,0.00029830000130459666
1.0,0.21428571428571427,0.0,3,14,104,holm,,0.0004163999983575195
1.0,0.5714285714285714,0.0,8,14,105,pointwise,0.0,0.000654499999654945
1.0,0.42857142857142855,0.0,6,14,105,normal_bonferroni,1.0,0.0005919000032008626
1.0,0.42857142857142855,0.0,6,14,105,multiplier,1.0,0.002646599998115562
1.0,0.2857142857142857,0.0,4,14,105,exact_bonferroni,1.0,0.0008047000010265037
1.0,0.21428571428571427,0.0,3,14,105,hoeffding,1.0,0.0002586999980849214
1.0,0.35714285714285715,0.0,5,14,105,holm,,0.00035399999615037814
1.0,0.5,0.0,7,14,106,pointwise,1.0,0.0006883999958517961
1.0,0.35714285714285715,0.0,5,14,106,normal_bonferroni,1.0,0.0008637999999336898
1.0,0.42857142857142855,0.0,6,14,106,multiplier,1.0,0.004003900001407601
1.0,0.35714285714285715,0.0,5,14,106,exact_bonferroni,1.0,0.000553300000319723
1.0,0.21428571428571427,0.0,3,14,106,hoeffding,1.0,0.00018950000230688602
1.0,0.35714285714285715,0.0,5,14,106,holm,,0.00028929999825777486
1.0,0.5,0.0,7,14,107,pointwise,0.0,0.0006532999977935106
1.0,0.35714285714285715,0.0,5,14,107,normal_bonferroni,1.0,0.000789200006693136
1.0,0.35714285714285715,0.0,5,14,107,multiplier,1.0,0.0030475999956252053
1.0,0.2857142857142857,0.0,4,14,107,exact_bonferroni,1.0,0.0005405000047176145
1.0,0.14285714285714285,0.0,2,14,107,hoeffding,1.0,0.00018610000552143902
1.0,0.2857142857142857,0.0,4,14,107,holm,,0.0002686000007088296
1.0,0.8571428571428571,0.0,12,14,108,pointwise,0.0,0.0006250999940675683
1.0,0.6428571428571429,0.0,9,14,108,normal_bonferroni,0.0,0.0005932000058237463
1.0,0.6428571428571429,0.0,9,14,108,multiplier,0.0,0.002834499995515216
1.0,0.6428571428571429,0.0,9,14,108,exact_bonferroni,0.0,0.0005368999991333112
1.0,0.5714285714285714,0.0,8,14,108,hoeffding,1.0,0.00017880000086734071
1.0,0.6428571428571429,0.0,9,14,108,holm,,0.00026539999817032367
1.0,0.5714285714285714,0.0,8,14,109,pointwise,1.0,0.0006251999948290177
1.0,0.2857142857142857,0.0,4,14,109,normal_bonferroni,1.0,0.0005934000000706874
1.0,0.2857142857142857,0.0,4,14,109,multiplier,1.0,0.002904899993154686
1.0,0.21428571428571427,0.0,3,14,109,exact_bonferroni,1.0,0.0011225999987800606
1.0,0.0,0.0,0,14,109,hoeffding,1.0,0.0003132999991066754
1.0,0.21428571428571427,0.0,3,14,109,holm,,0.0004343999971752055
1.0,0.5,0.0,7,14,110,pointwise,1.0,0.0003652000013971701
1.0,0.21428571428571427,0.0,3,14,110,normal_bonferroni,1.0,0.00032919999648584053
1.0,0.21428571428571427,0.0,3,14,110,multiplier,1.0,0.002563899994129315
1.0,0.21428571428571427,0.0,3,14,110,exact_bonferroni,1.0,0.0005165999973542057
1.0,0.14285714285714285,0.0,2,14,110,hoeffding,1.0,0.00017769999976735562
1.0,0.21428571428571427,0.0,3,14,110,holm,,0.0003875999973388389
1.0,0.5,0.0,7,14,111,pointwise,1.0,0.0006301000030362047
1.0,0.35714285714285715,0.0,5,14,111,normal_bonferroni,1.0,0.000571600001421757
1.0,0.35714285714285715,0.0,5,14,111,multiplier,1.0,0.0031204999977489933
1.0,0.2857142857142857,0.0,4,14,111,exact_bonferroni,1.0,0.0005994999955873936
1.0,0.14285714285714285,0.0,2,14,111,hoeffding,1.0,0.0001782000035746023
1.0,0.35714285714285715,0.0,5,14,111,holm,,0.00023350000265054405
1.0,0.7142857142857143,0.0,10,14,112,pointwise,0.0,0.0003954999992856756
1.0,0.42857142857142855,0.0,6,14,112,normal_bonferroni,0.0,0.00031409999792231247
1.0,0.42857142857142855,0.0,6,14,112,multiplier,0.0,0.0029095000063534826
1.0,0.42857142857142855,0.0,6,14,112,exact_bonferroni,1.0,0.0009223000015481375
1.0,0.2857142857142857,0.0,4,14,112,hoeffding,1.0,0.0001990000018849969
1.0,0.42857142857142855,0.0,6,14,112,holm,,0.00030499999411404133
1.0,0.5,0.0,7,14,113,pointwise,0.0,0.0006428999986383133
1.0,0.2857142857142857,0.0,4,14,113,normal_bonferroni,1.0,0.0006271000020205975
1.0,0.35714285714285715,0.0,5,14,113,multiplier,1.0,0.0031538999974145554
1.0,0.2857142857142857,0.0,4,14,113,exact_bonferroni,1.0,0.0009085999990929849
1.0,0.14285714285714285,0.0,2,14,113,hoeffding,1.0,0.00030899999546818435
1.0,0.2857142857142857,0.0,4,14,113,holm,,0.0004386000000522472
1.0,0.35714285714285715,0.0,5,14,114,pointwise,1.0,0.0005764000015915371
1.0,0.14285714285714285,0.0,2,14,114,normal_bonferroni,1.0,0.000581899999815505
1.0,0.14285714285714285,0.0,2,14,114,multiplier,1.0,0.002350700000533834
1.0,0.14285714285714285,0.0,2,14,114,exact_bonferroni,1.0,0.0008087999958661385
1.0,0.14285714285714285,0.0,2,14,114,hoeffding,1.0,0.00020900000527035445
1.0,0.14285714285714285,0.0,2,14,114,holm,,0.0002756000030785799
1.0,0.6428571428571429,0.0,9,14,115,pointwise,0.0,0.0003597000031732023
1.0,0.42857142857142855,0.0,6,14,115,normal_bonferroni,1.0,0.0011140999995404854
1.0,0.42857142857142855,0.0,6,14,115,multiplier,1.0,0.003048599995963741
1.0,0.35714285714285715,0.0,5,14,115,exact_bonferroni,1.0,0.0009547000008751638
1.0,0.21428571428571427,0.0,3,14,115,hoeffding,1.0,0.0003355000008014031
1.0,0.42857142857142855,0.0,6,14,115,holm,,0.0004588000010699034
1.0,0.2857142857142857,0.0,4,14,116,pointwise,1.0,0.0005912999986321665
1.0,0.14285714285714285,0.0,2,14,116,normal_bonferroni,1.0,0.0008675999997649342
1.0,0.14285714285714285,0.0,2,14,116,multiplier,1.0,0.0021969000008539297
1.0,0.14285714285714285,0.0,2,14,116,exact_bonferroni,1.0,0.000949399996898137
1.0,0.07142857142857142,0.0,1,14,116,hoeffding,1.0,0.0003111000041826628
1.0,0.14285714285714285,0.0,2,14,116,holm,,0.0004591999968397431
1.0,0.35714285714285715,0.0,5,14,117,pointwise,1.0,0.0007005000006756745
1.0,0.21428571428571427,0.0,3,14,117,normal_bonferroni,1.0,0.0005696000007446855
1.0,0.21428571428571427,0.0,3,14,117,multiplier,1.0,0.002224000003479887
1.0,0.21428571428571427,0.0,3,14,117,exact_bonferroni,1.0,0.0008868000004440546
1.0,0.0,0.0,0,14,117,hoeffding,1.0,0.00031630000012228265
1.0,0.21428571428571427,0.0,3,14,117,holm,,0.0004374999989522621
1.0,0.5714285714285714,0.0,8,14,118,pointwise,1.0,0.00048609999794280156
1.0,0.21428571428571427,0.0,3,14,118,normal_bonferroni,1.0,0.00034699999378062785
1.0,0.2857142857142857,0.0,4,14,118,multiplier,1.0,0.002476000001479406
1.0,0.14285714285714285,0.0,2,14,118,exact_bonferroni,1.0,0.0008642000029794872
1.0,0.14285714285714285,0.0,2,14,118,hoeffding,1.0,0.0002993000016431324
1.0,0.14285714285714285,0.0,2,14,118,holm,,0.0007541000013588928
1.0,0.7142857142857143,0.0,10,14,119,pointwise,0.0,0.001138299994636327
1.0,0.5,0.0,7,14,119,normal_bonferroni,1.0,0.00046329999895533547
1.0,0.5,0.0,7,14,119,multiplier,0.0,0.002911299998231698
1.0,0.5,0.0,7,14,119,exact_bonferroni,1.0,0.0010514999958104454
1.0,0.35714285714285715,0.0,5,14,119,hoeffding,1.0,0.0007476000027963892
1.0,0.5,0.0,7,14,119,holm,,0.0005702999987988733
1.0,0.5714285714285714,0.0,8,14,120,pointwise,0.0,0.0006353999997372739
1.0,0.35714285714285715,0.0,5,14,120,normal_bonferroni,1.0,0.0006378999969456345
1.0,0.35714285714285715,0.0,5,14,120,multiplier,1.0,0.003232400005799718
1.0,0.35714285714285715,0.0,5,14,120,exact_bonferroni,1.0,0.0009502000029897317
1.0,0.2857142857142857,0.0,4,14,120,hoeffding,1.0,0.0003265999985160306
1.0,0.35714285714285715,0.0,5,14,120,holm,,0.00046600000496255234
1.0,0.5,0.0,7,14,121,pointwise,1.0,0.000629599999228958
1.0,0.21428571428571427,0.0,3,14,121,normal_bonferroni,1.0,0.0006350000039674342
1.0,0.21428571428571427,0.0,3,14,121,multiplier,1.0,0.0026203000015811995
1.0,0.21428571428571427,0.0,3,14,121,exact_bonferroni,1.0,0.0006205999961821362
1.0,0.07142857142857142,0.0,1,14,121,hoeffding,1.0,0.00037819999852217734
1.0,0.21428571428571427,0.0,3,14,121,holm,,0.0005020000025979243
1.0,0.5,0.0,7,14,122,pointwise,1.0,0.0006044000037945807
1.0,0.2857142857142857,0.0,4,14,122,normal_bonferroni,1.0,0.0005699999965145253
1.0,0.2857142857142857,0.0,4,14,122,multiplier,1.0,0.0030313000024762005
1.0,0.14285714285714285,0.0,2,14,122,exact_bonferroni,1.0,0.0008553999941796064
1.0,0.07142857142857142,0.0,1,14,122,hoeffding,1.0,0.0003040000010514632
1.0,0.14285714285714285,0.0,2,14,122,holm,,0.0007100000002537854
1.0,0.42857142857142855,0.0,6,14,123,pointwise,1.0,0.00040689999877940863
1.0,0.2857142857142857,0.0,4,14,123,normal_bonferroni,1.0,0.0003462000022409484
1.0,0.2857142857142857,0.0,4,14,123,multiplier,1.0,0.0034088999964296818
1.0,0.21428571428571427,0.0,3,14,123,exact_bonferroni,1.0,0.0009351999979116954
1.0,0.14285714285714285,0.0,2,14,123,hoeffding,1.0,0.0003539000026648864
1.0,0.21428571428571427,0.0,3,14,123,holm,,0.0004996999996365048
1.0,0.35714285714285715,0.0,5,14,124,pointwise,1.0,0.0006014999962644652
1.0,0.14285714285714285,0.0,2,14,124,normal_bonferroni,1.0,0.0005768999981228262
1.0,0.21428571428571427,0.0,3,14,124,multiplier,1.0,0.0030420999974012375
1.0,0.14285714285714285,0.0,2,14,124,exact_bonferroni,1.0,0.0008526999954483472
1.0,0.0,0.0,0,14,124,hoeffding,1.0,0.0005768000046373345
1.0,0.14285714285714285,0.0,2,14,124,holm,,0.0003001000004587695
1.0,0.5,0.0,7,14,125,pointwise,1.0,0.0007036999959382229
1.0,0.21428571428571427,0.0,3,14,125,normal_bonferroni,1.0,0.00036949999775970355
1.0,0.21428571428571427,0.0,3,14,125,multiplier,1.0,0.0023309000025619753
1.0,0.21428571428571427,0.0,3,14,125,exact_bonferroni,1.0,0.0009024999963003211
1.0,0.21428571428571427,0.0,3,14,125,hoeffding,1.0,0.0003299999953014776
1.0,0.21428571428571427,0.0,3,14,125,holm,,0.0004591000033542514
1.0,0.5,0.0,7,14,126,pointwise,1.0,0.0005990999998175539
1.0,0.21428571428571427,0.0,3,14,126,normal_bonferroni,1.0,0.0006015999970259145
1.0,0.2857142857142857,0.0,4,14,126,multiplier,1.0,0.0030266000030678697
1.0,0.21428571428571427,0.0,3,14,126,exact_bonferroni,1.0,0.0011570999995456077
1.0,0.14285714285714285,0.0,2,14,126,hoeffding,1.0,0.0002730999985942617
1.0,0.21428571428571427,0.0,3,14,126,holm,,0.0002689000029931776
1.0,0.35714285714285715,0.0,5,14,127,pointwise,1.0,0.0006436999974539503
1.0,0.07142857142857142,0.0,1,14,127,normal_bonferroni,1.0,0.0005993000013404526
1.0,0.14285714285714285,0.0,2,14,127,multiplier,1.0,0.0024807000008877367
1.0,0.07142857142857142,0.0,1,14,127,exact_bonferroni,1.0,0.0009017999982461333
1.0,0.07142857142857142,0.0,1,14,127,hoeffding,1.0,0.0003871000008075498
1.0,0.07142857142857142,0.0,1,14,127,holm,,0.0007952999949338846
1.0,0.5714285714285714,0.0,8,14,128,pointwise,1.0,0.0008432999966316856
1.0,0.2857142857142857,0.0,4,14,128,normal_bonferroni,1.0,0.0006559000030392781
1.0,0.2857142857142857,0.0,4,14,128,multiplier,1.0,0.0034807000047294423
1.0,0.21428571428571427,0.0,3,14,128,exact_bonferroni,1.0,0.0009676000045146793
1.0,0.07142857142857142,0.0,1,14,128,hoeffding,1.0,0.00033799999800976366
1.0,0.21428571428571427,0.0,3,14,128,holm,,0.0005248000015853904
1.0,0.14285714285714285,0.0,2,14,129,pointwise,1.0,0.0006309000018518418
1.0,0.0,0.0,0,14,129,normal_bonferroni,1.0,0.0006088000009185635
1.0,0.07142857142857142,0.0,1,14,129,multiplier,1.0,0.0034691999971983023
1.0,0.0,0.0,0,14,129,exact_bonferroni,1.0,0.000894799995876383
1.0,0.0,0.0,0,14,129,hoeffding,1.0,0.000843899993924424
1.0,0.0,0.0,0,14,129,holm,,0.0005770999996457249
1.0,0.2857142857142857,0.0,4,14,130,pointwise,1.0,0.00040219999937107787
1.0,0.14285714285714285,0.0,2,14,130,normal_bonferroni,1.0,0.000352399998519104
1.0,0.14285714285714285,0.0,2,14,130,multiplier,1.0,0.0031733999931020662
1.0,0.07142857142857142,0.0,1,14,130,exact_bonferroni,1.0,0.0009605000013834797
1.0,0.07142857142857142,0.0,1,14,130,hoeffding,1.0,0.0003316000002087094
1.0,0.07142857142857142,0.0,1,14,130,holm,,0.0005009000014979392
1.0,0.6428571428571429,0.0,9,14,131,pointwise,0.0,0.0012010999998892657
1.0,0.42857142857142855,0.0,6,14,131,normal_bonferroni,1.0,0.000833099998999387
1.0,0.42857142857142855,0.0,6,14,131,multiplier,1.0,0.0037632000021403655
1.0,0.42857142857142855,0.0,6,14,131,exact_bonferroni,1.0,0.0005770999996457249
1.0,0.2857142857142857,0.0,4,14,131,hoeffding,1.0,0.00020500000391621143
1.0,0.42857142857142855,0.0,6,14,131,holm,,0.0002901999978348613
1.0,0.35714285714285715,0.0,5,14,132,pointwise,1.0,0.0006415000025299378
1.0,0.14285714285714285,0.0,2,14,132,normal_bonferroni,1.0,0.0003338000024086796
1.0,0.21428571428571427,0.0,3,14,132,multiplier,1.0,0.00350770000659395
1.0,0.14285714285714285,0.0,2,14,132,exact_bonferroni,1.0,0.0009481000015512109
1.0,0.0,0.0,0,14,132,hoeffding,1.0,0.0003327000013086945
1.0,0.14285714285714285,0.0,2,14,132,holm,,0.00047959999938029796
1.0,0.5714285714285714,0.0,8,14,133,pointwise,1.0,0.0003735999998752959
1.0,0.35714285714285715,0.0,5,14,133,normal_bonferroni,1.0,0.0005097000030218624
1.0,0.35714285714285715,0.0,5,14,133,multiplier,1.0,0.0025995999967562966
1.0,0.2857142857142857,0.0,4,14,133,exact_bonferroni,1.0,0.0007449000040651299
1.0,0.14285714285714285,0.0,2,14,133,hoeffding,1.0,0.0003501999963191338
1.0,0.2857142857142857,0.0,4,14,133,holm,,0.0005180999942240305
1.0,0.5714285714285714,0.0,8,14,134,pointwise,0.0,0.0006381999992299825
1.0,0.42857142857142855,0.0,6,14,134,normal_bonferroni,1.0,0.0006043000030331314
1.0,0.42857142857142855,0.0,6,14,134,multiplier,1.0,0.002304000001458917
1.0,0.42857142857142855,0.0,6,14,134,exact_bonferroni,1.0,0.000890900002559647
1.0,0.2857142857142857,0.0,4,14,134,hoeffding,1.0,0.00031099999614525586
1.0,0.42857142857142855,0.0,6,14,134,holm,,0.00045680000039283186
1.0,0.5714285714285714,0.0,8,14,135,pointwise,1.0,0.0008324000009451993
1.0,0.21428571428571427,0.0,3,14,135,normal_bonferroni,1.0,0.0011482999980216846
1.0,0.21428571428571427,0.0,3,14,135,multiplier,1.0,0.0026117999950656667
1.0,0.21428571428571427,0.0,3,14,135,exact_bonferroni,1.0,0.0008807999984128401
1.0,0.14285714285714285,0.0,2,14,135,hoeffding,1.0,0.0003284999984316528
1.0,0.21428571428571427,0.0,3,14,135,holm,,0.0004919999992125668
1.0,0.9285714285714286,0.0,13,14,136,pointwise,0.0,0.0006012000012560748
1.0,0.42857142857142855,0.0,6,14,136,normal_bonferroni,0.0,0.0005483999993884936
1.0,0.5,0.0,7,14,136,multiplier,0.0,0.0029524000055971555
1.0,0.42857142857142855,0.0,6,14,136,exact_bonferroni,1.0,0.0005165999973542057
1.0,0.35714285714285715,0.0,5,14,136,hoeffding,1.0,0.00018709999858401716
1.0,0.42857142857142855,0.0,6,14,136,holm,,0.00028020000172546133
1.0,0.35714285714285715,0.0,5,14,137,pointwise,0.0,0.0007078999988152646
1.0,0.21428571428571427,0.0,3,14,137,normal_bonferroni,1.0,0.00043709999590646476
1.0,0.21428571428571427,0.0,3,14,137,multiplier,1.0,0.00340620000497438
1.0,0.21428571428571427,0.0,3,14,137,exact_bonferroni,1.0,0.0011223000037716702
1.0,0.14285714285714285,0.0,2,14,137,hoeffding,1.0,0.00035349999961908907
1.0,0.21428571428571427,0.0,3,14,137,holm,,0.0005118999979458749
1.0,0.5,0.0,7,14,138,pointwise,1.0,0.0006568999961018562
1.0,0.21428571428571427,0.0,3,14,138,normal_bonferroni,1.0,0.0006529000020236708
1.0,0.21428571428571427,0.0,3,14,138,multiplier,1.0,0.0031024999989313073
1.0,0.14285714285714285,0.0,2,14,138,exact_bonferroni,1.0,0.0011970999985351227
1.0,0.0,0.0,0,14,138,hoeffding,1.0,0.00021069999638712034
1.0,0.21428571428571427,0.0,3,14,138,holm,,0.00028989999555051327
1.0,0.7142857142857143,0.0,10,14,139,pointwise,0.0,0.0006409999987226911
1.0,0.5714285714285714,0.0,8,14,139,normal_bonferroni,1.0,0.0005976000029477291
1.0,0.5714285714285714,0.0,8,14,139,multiplier,1.0,0.0038776000001234934
1.0,0.5,0.0,7,14,139,exact_bonferroni,1.0,0.0013297000041347928
1.0,0.14285714285714285,0.0,2,14,139,hoeffding,1.0,0.0004091000009793788
1.0,0.5714285714285714,0.0,8,14,139,holm,,0.0005434999984572642
1.0,0.6428571428571429,0.0,9,14,140,pointwise,0.0,0.0006795000008423813
1.0,0.42857142857142855,0.0,6,14,140,normal_bonferroni,1.0,0.0006794000000809319
1.0,0.42857142857142855,0.0,6,14,140,multiplier,1.0,0.00383440000587143
1.0,0.35714285714285715,0.0,5,14,140,exact_bonferroni,1.0,0.0010869000034290366
1.0,0.14285714285714285,0.0,2,14,140,hoeffding,1.0,0.00031960000342223793
1.0,0.35714285714285715,0.0,5,14,140,holm,,0.0004560000015771948
1.0,0.5,0.0,7,14,141,pointwise,1.0,0.0009666000041761436
1.0,0.21428571428571427,0.0,3,14,141,normal_bonferroni,1.0,0.0006740000026184134
1.0,0.21428571428571427,0.0,3,14,141,multiplier,1.0,0.003907899998011999
1.0,0.21428571428571427,0.0,3,14,141,exact_bonferroni,1.0,0.0011917000010726042
1.0,0.07142857142857142,0.0,1,14,141,hoeffding,1.0,0.00040099999750964344
1.0,0.21428571428571427,0.0,3,14,141,holm,,0.0006359999970300123
1.0,0.5714285714285714,0.0,8,14,142,pointwise,0.0,0.0007910000058473088
1.0,0.2857142857142857,0.0,4,14,142,normal_bonferroni,1.0,0.0007239999977173284
1.0,0.2857142857142857,0.0,4,14,142,multiplier,1.0,0.00308729999960633
1.0,0.2857142857142857,0.0,4,14,142,exact_bonferroni,1.0,0.0006730999957653694
1.0,0.14285714285714285,0.0,2,14,142,hoeffding,1.0,0.0004515999971772544
1.0,0.2857142857142857,0.0,4,14,142,holm,,0.0004633999997167848
1.0,0.5,0.0,7,14,143,pointwise,1.0,0.0004121000019949861
1.0,0.2857142857142857,0.0,4,14,143,normal_bonferroni,1.0,0.00038409999979194254
1.0,0.2857142857142857,0.0,4,14,143,multiplier,1.0,0.0030144000047584996
1.0,0.21428571428571427,0.0,3,14,143,exact_bonferroni,1.0,0.0005919000032008626
1.0,0.14285714285714285,0.0,2,14,143,hoeffding,1.0,0.0004198000024189241
1.0,0.2857142857142857,0.0,4,14,143,holm,,0.0006327000010060146
0.0,0.5714285714285714,0.1111111111111111,9,14,144,pointwise,0.0,0.0007760000007692724
1.0,0.35714285714285715,0.0,5,14,144,normal_bonferroni,0.0,0.0007059000054141507
1.0,0.35714285714285715,0.0,5,14,144,multiplier,0.0,0.0036117000054218806
1.0,0.2857142857142857,0.0,4,14,144,exact_bonferroni,0.0,0.0005872999972780235
1.0,0.21428571428571427,0.0,3,14,144,hoeffding,1.0,0.00020029999723192304
1.0,0.2857142857142857,0.0,4,14,144,holm,,0.0002865999995265156
1.0,0.6428571428571429,0.0,9,14,145,pointwise,0.0,0.0005920999974478036
1.0,0.2857142857142857,0.0,4,14,145,normal_bonferroni,1.0,0.0006957000005058944
1.0,0.2857142857142857,0.0,4,14,145,multiplier,1.0,0.0035901000010198914
1.0,0.21428571428571427,0.0,3,14,145,exact_bonferroni,1.0,0.0009948999941116199
1.0,0.07142857142857142,0.0,1,14,145,hoeffding,1.0,0.0004102000020793639
1.0,0.2857142857142857,0.0,4,14,145,holm,,0.0005423999973572791
1.0,0.6428571428571429,0.0,9,14,146,pointwise,0.0,0.0007303000020328909
1.0,0.42857142857142855,0.0,6,14,146,normal_bonferroni,1.0,0.0006959000020287931
1.0,0.42857142857142855,0.0,6,14,146,multiplier,1.0,0.004071200004545972
1.0,0.35714285714285715,0.0,5,14,146,exact_bonferroni,1.0,0.0006924999979673885
1.0,0.2857142857142857,0.0,4,14,146,hoeffding,1.0,0.0003391999998711981
1.0,0.35714285714285715,0.0,5,14,146,holm,,0.00037259999953676015
1.0,0.5714285714285714,0.0,8,14,147,pointwise,1.0,0.0008648000002722256
1.0,0.35714285714285715,0.0,5,14,147,normal_bonferroni,1.0,0.0007891000059316866
1.0,0.35714285714285715,0.0,5,14,147,multiplier,1.0,0.003869000000122469
1.0,0.35714285714285715,0.0,5,14,147,exact_bonferroni,1.0,0.001092300000891555
1.0,0.14285714285714285,0.0,2,14,147,hoeffding,1.0,0.00038270000368356705
1.0,0.35714285714285715,0.0,5,14,147,holm,,0.0005363000018405728
1.0,0.5,0.0,7,14,148,pointwise,0.0,0.0010084000023198314
1.0,0.35714285714285715,0.0,5,14,148,normal_bonferroni,1.0,0.0004903000008198433
1.0,0.35714285714285715,0.0,5,14,148,multiplier,1.0,0.002235100000689272
1.0,0.35714285714285715,0.0,5,14,148,exact_bonferroni,1.0,0.0011661999960779212
1.0,0.14285714285714285,0.0,2,14,148,hoeffding,1.0,0.0003620000061346218
1.0,0.35714285714285715,0.0,5,14,148,holm,,0.0009675999972387217
1.0,0.35714285714285715,0.0,5,14,149,pointwise,1.0,0.0008106000022962689
1.0,0.14285714285714285,0.0,2,14,149,normal_bonferroni,1.0,0.0010041999994427897
1.0,0.14285714285714285,0.0,2,14,149,multiplier,1.0,0.0038439999989350326
1.0,0.14285714285714285,0.0,2,14,149,exact_bonferroni,1.0,0.0014239000011002645
1.0,0.0,0.0,0,14,149,hoeffding,1.0,0.0002948000037577003
1.0,0.14285714285714285,0.0,2,14,149,holm,,0.0003152999997837469
1.0,0.42857142857142855,0.0,6,14,150,pointwise,0.0,0.0007718000051681884
1.0,0.21428571428571427,0.0,3,14,150,normal_bonferroni,1.0,0.0007124000039766543
1.0,0.21428571428571427,0.0,3,14,150,multiplier,1.0,0.002774299995508045
1.0,0.21428571428571427,0.0,3,14,150,exact_bonferroni,1.0,0.000919999998586718
1.0,0.07142857142857142,0.0,1,14,150,hoeffding,1.0,0.0003847999978461303
1.0,0.21428571428571427,0.0,3,14,150,holm,,0.000570500000321772
1.0,0.42857142857142855,0.0,6,14,151,pointwise,1.0,0.0007673000000067987
1.0,0.2857142857142857,0.0,4,14,151,normal_bonferroni,1.0,0.0011266000001342036
1.0,0.2857142857142857,0.0,4,14,151,multiplier,1.0,0.002282300003571436
1.0,0.2857142857142857,0.0,4,14,151,exact_bonferroni,1.0,0.0009696999986772425
1.0,0.14285714285714285,0.0,2,14,151,hoeffding,1.0,0.000454699998954311
1.0,0.2857142857142857,0.0,4,14,151,holm,,0.0006100999962654896
1.0,0.5,0.0,7,14,152,pointwise,1.0,0.0007693000006838702
1.0,0.21428571428571427,0.0,3,14,152,normal_bonferroni,1.0,0.0007765000045765191
1.0,0.21428571428571427,0.0,3,14,152,multiplier,1.0,0.004036800004541874
1.0,0.21428571428571427,0.0,3,14,152,exact_bonferroni,1.0,0.0013124000033712946
1.0,0.07142857142857142,0.0,1,14,152,hoeffding,1.0,0.0004961000013281591
1.0,0.21428571428571427,0.0,3,14,152,holm,,0.0006432000009226613
0.0,0.7142857142857143,0.09090909090909091,11,14,153,pointwise,0.0,0.0007917000039014965
1.0,0.42857142857142855,0.0,6,14,153,normal_bonferroni,1.0,0.0009059000003617257
1.0,0.42857142857142855,0.0,6,14,153,multiplier,1.0,0.003778700003749691
1.0,0.42857142857142855,0.0,6,14,153,exact_bonferroni,1.0,0.0010906000024988316
1.0,0.21428571428571427,0.0,3,14,153,hoeffding,1.0,0.00040299999818671495
1.0,0.42857142857142855,0.0,6,14,153,holm,,0.0005919000032008626
1.0,0.42857142857142855,0.0,6,14,154,pointwise,1.0,0.0008195999980671331
1.0,0.14285714285714285,0.0,2,14,154,normal_bonferroni,1.0,0.0008258999951067381
1.0,0.14285714285714285,0.0,2,14,154,multiplier,1.0,0.0038574999998672865
1.0,0.14285714285714285,0.0,2,14,154,exact_bonferroni,1.0,0.0010699000049498864
1.0,0.0,0.0,0,14,154,hoeffding,1.0,0.0004026000024168752
1.0,0.14285714285714285,0.0,2,14,154,holm,,0.0006221000003279187
1.0,0.35714285714285715,0.0,5,14,155,pointwise,0.0,0.0007572000031359494
1.0,0.21428571428571427,0.0,3,14,155,normal_bonferroni,1.0,0.0007009999972069636
1.0,0.21428571428571427,0.0,3,14,155,multiplier,0.0,0.003578600000764709
1.0,0.21428571428571427,0.0,3,14,155,exact_bonferroni,1.0,0.0010223999997833744
1.0,0.0,0.0,0,14,155,hoeffding,1.0,0.0003921000025002286
1.0,0.21428571428571427,0.0,3,14,155,holm,,0.0005493999997270294
1.0,0.42857142857142855,0.0,6,14,156,pointwise,1.0,0.0006826000026194379
1.0,0.21428571428571427,0.0,3,14,156,normal_bonferroni,1.0,0.0007310000000870787
1.0,0.21428571428571427,0.0,3,14,156,multiplier,1.0,0.0037819999997736886
1.0,0.21428571428571427,0.0,3,14,156,exact_bonferroni,1.0,0.0010121999948751181
1.0,0.07142857142857142,0.0,1,14,156,hoeffding,1.0,0.0003451000011409633
1.0,0.21428571428571427,0.0,3,14,156,holm,,0.0005107000033603981
1.0,0.2857142857142857,0.0,4,14,157,pointwise,1.0,0.0007389000020339154
1.0,0.2857142857142857,0.0,4,14,157,normal_bonferroni,1.0,0.0006546000004163943
1.0,0.2857142857142857,0.0,4,14,157,multiplier,1.0,0.0027673000004142523
1.0,0.2857142857142857,0.0,4,14,157,exact_bonferroni,1.0,0.0006632000004174188
1.0,0.07142857142857142,0.0,1,14,157,hoeffding,1.0,0.00020180000137770548
1.0,0.2857142857142857,0.0,4,14,157,holm,,0.0003133999998681247
1.0,0.21428571428571427,0.0,3,14,158,pointwise,1.0,0.0005049000028520823
1.0,0.07142857142857142,0.0,1,14,158,normal_bonferroni,1.0,0.0004448000036063604
1.0,0.07142857142857142,0.0,1,14,158,multiplier,1.0,0.0023560999979963526
1.0,0.07142857142857142,0.0,1,14,158,exact_bonferroni,1.0,0.0010856999942916445
1.0,0.0,0.0,0,14,158,hoeffding,1.0,0.00021359999664127827
1.0,0.07142857142857142,0.0,1,14,158,holm,,0.0003169999981764704
1.0,0.5,0.0,7,14,159,pointwise,1.0,0.0007160999957704917
1.0,0.21428571428571427,0.0,3,14,159,normal_bonferroni,1.0,0.00047980000090319663
1.0,0.21428571428571427,0.0,3,14,159,multiplier,1.0,0.002686899999389425
1.0,0.14285714285714285,0.0,2,14,159,exact_bonferroni,1.0,0.0007986999989952892
1.0,0.07142857142857142,0.0,1,14,159,hoeffding,1.0,0.00041840000631054863
1.0,0.14285714285714285,0.0,2,14,159,holm,,0.000724199999240227
1.0,0.35714285714285715,0.0,5,14,160,pointwise,0.0,0.0003663000024971552
1.0,0.14285714285714285,0.0,2,14,160,normal_bonferroni,1.0,0.00034339999547228217
1.0,0.14285714285714285,0.0,2,14,160,multiplier,1.0,0.0037537999960477464
1.0,0.14285714285714285,0.0,2,14,160,exact_bonferroni,1.0,0.0010085999965667725
1.0,0.07142857142857142,0.0,1,14,160,hoeffding,1.0,0.00035339999885763973
1.0,0.14285714285714285,0.0,2,14,160,holm,,0.0005310000051395036
1.0,0.5,0.0,7,14,161,pointwise,1.0,0.0006865000032121316
1.0,0.35714285714285715,0.0,5,14,161,normal_bonferroni,1.0,0.0007037999966996722
1.0,0.35714285714285715,0.0,5,14,161,multiplier,1.0,0.0033678000036161393
1.0,0.2857142857142857,0.0,4,14,161,exact_bonferroni,1.0,0.001232700000400655
1.0,0.07142857142857142,0.0,1,14,161,hoeffding,1.0,0.00041620000411057845
1.0,0.2857142857142857,0.0,4,14,161,holm,,0.000523299997439608
1.0,0.42857142857142855,0.0,6,14,162,pointwise,1.0,0.0006803999931435101
1.0,0.14285714285714285,0.0,2,14,162,normal_bonferroni,1.0,0.0006183000004966743
1.0,0.14285714285714285,0.0,2,14,162,multiplier,1.0,0.0032729000013205223
1.0,0.14285714285714285,0.0,2,14,162,exact_bonferroni,1.0,0.0009762999980011955
1.0,0.07142857142857142,0.0,1,14,162,hoeffding,1.0,0.00033059999987017363
1.0,0.14285714285714285,0.0,2,14,162,holm,,0.00048349999997299165
1.0,0.5,0.0,7,14,163,pointwise,0.0,0.0006672999952570535
1.0,0.2857142857142857,0.0,4,14,163,normal_bonferroni,1.0,0.000592500000493601
1.0,0.2857142857142857,0.0,4,14,163,multiplier,1.0,0.0030761000016354956
1.0,0.2857142857142857,0.0,4,14,163,exact_bonferroni,1.0,0.0009532999974908307
1.0,0.14285714285714285,0.0,2,14,163,hoeffding,1.0,0.0003479000006336719
1.0,0.2857142857142857,0.0,4,14,163,holm,,0.000487299999804236
1.0,0.6428571428571429,0.0,9,14,164,pointwise,1.0,0.000803700000687968
1.0,0.2857142857142857,0.0,4,14,164,normal_bonferroni,1.0,0.0006462000019382685
1.0,0.2857142857142857,0.0,4,14,164,multiplier,1.0,0.0034185000040451996
1.0,0.2857142857142857,0.0,4,14,164,exact_bonferroni,1.0,0.0009609999979147688
1.0,0.14285714285714285,0.0,2,14,164,hoeffding,1.0,0.00035000000207219273
1.0,0.2857142857142857,0.0,4,14,164,holm,,0.0005490999974426813
1.0,0.6428571428571429,0.0,9,14,165,pointwise,1.0,0.0007522000014432706
1.0,0.2857142857142857,0.0,4,14,165,normal_bonferroni,1.0,0.0007002999991527759
1.0,0.2857142857142857,0.0,4,14,165,multiplier,1.0,0.0036689000044134445
1.0,0.14285714285714285,0.0,2,14,165,exact_bonferroni,1.0,0.000938299999688752
1.0,0.07142857142857142,0.0,1,14,165,hoeffding,1.0,0.0004191999978502281
1.0,0.2857142857142857,0.0,4,14,165,holm,,0.0005807999987155199
1.0,0.5,0.0,7,14,166,pointwise,0.0,0.0007320000004256144
1.0,0.2857142857142857,0.0,4,14,166,normal_bonferroni,1.0,0.0007228000031318516
1.0,0.2857142857142857,0.0,4,14,166,multiplier,1.0,0.0035910000005969778
1.0,0.21428571428571427,0.0,3,14,166,exact_bonferroni,1.0,0.001035199995385483
1.0,0.21428571428571427,0.0,3,14,166,hoeffding,1.0,0.00036019999970449135
1.0,0.2857142857142857,0.0,4,14,166,holm,,0.0005394999971031211
1.0,0.2857142857142857,0.0,4,14,167,pointwise,1.0,0.0007251000060932711
1.0,0.14285714285714285,0.0,2,14,167,normal_bonferroni,1.0,0.0006600000051548705
1.0,0.21428571428571427,0.0,3,14,167,multiplier,1.0,0.003005599995958619
1.0,0.07142857142857142,0.0,1,14,167,exact_bonferroni,1.0,0.0006377000026986934
1.0,0.0,0.0,0,14,167,hoeffding,1.0,0.0002032999982475303
1.0,0.07142857142857142,0.0,1,14,167,holm,,0.00036639999598264694
1.0,0.5,0.0,7,14,168,pointwise,0.0,0.0007258999976329505
1.0,0.21428571428571427,0.0,3,14,168,normal_bonferroni,1.0,0.0006883999958517961
1.0,0.21428571428571427,0.0,3,14,168,multiplier,1.0,0.002348800000618212
1.0,0.21428571428571427,0.0,3,14,168,exact_bonferroni,1.0,0.0006425000028684735
1.0,0.14285714285714285,0.0,2,14,168,hoeffding,1.0,0.00021040000137872994
1.0,0.21428571428571427,0.0,3,14,168,holm,,0.00035099999513477087
1.0,0.35714285714285715,0.0,5,14,169,pointwise,0.0,0.0005115999956615269
1.0,0.21428571428571427,0.0,3,14,169,normal_bonferroni,1.0,0.0004200000039418228
1.0,0.21428571428571427,0.0,3,14,169,multiplier,1.0,0.002300799998920411
1.0,0.21428571428571427,0.0,3,14,169,exact_bonferroni,1.0,0.0007511000003432855
1.0,0.21428571428571427,0.0,3,14,169,hoeffding,1.0,0.00023150000197347254
1.0,0.21428571428571427,0.0,3,14,169,holm,,0.000334399999701418
1.0,0.5,0.0,7,14,170,pointwise,0.0,0.00046290000318549573
1.0,0.35714285714285715,0.0,5,14,170,normal_bonferroni,1.0,0.0004138000003877096
1.0,0.35714285714285715,0.0,5,14,170,multiplier,1.0,0.002118600001267623
1.0,0.35714285714285715,0.0,5,14,170,exact_bonferroni,1.0,0.0016513000009581447
1.0,0.21428571428571427,0.0,3,14,170,hoeffding,1.0,0.0004878000036114827
1.0,0.35714285714285715,0.0,5,14,170,holm,,0.000577599996177014
1.0,0.5,0.0,7,14,171,pointwise,0.0,0.0005477999948197976
1.0,0.35714285714285715,0.0,5,14,171,normal_bonferroni,1.0,0.000440099996922072
1.0,0.5,0.0,7,14,171,multiplier,1.0,0.0022070999984862283
1.0,0.2857142857142857,0.0,4,14,171,exact_bonferroni,1.0,0.0006266999989748001
1.0,0.21428571428571427,0.0,3,14,171,hoeffding,1.0,0.0003184999950462952
1.0,0.35714285714285715,0.0,5,14,171,holm,,0.0009264000036637299
1.0,0.5714285714285714,0.0,8,14,172,pointwise,1.0,0.0004853999998886138
1.0,0.42857142857142855,0.0,6,14,172,normal_bonferroni,1.0,0.00043059999734396115
1.0,0.42857142857142855,0.0,6,14,172,multiplier,1.0,0.00224500000331318
1.0,0.42857142857142855,0.0,6,14,172,exact_bonferroni,1.0,0.0006678000063402578
1.0,0.14285714285714285,0.0,2,14,172,hoeffding,1.0,0.00020480000239331275
1.0,0.42857142857142855,0.0,6,14,172,holm,,0.00046129999827826396
1.0,0.42857142857142855,0.0,6,14,173,pointwise,0.0,0.0007989000005181879
1.0,0.2857142857142857,0.0,4,14,173,normal_bonferroni,1.0,0.0007220000043162145
1.0,0.2857142857142857,0.0,4,14,173,multiplier,1.0,0.0037424999973154627
1.0,0.2857142857142857,0.0,4,14,173,exact_bonferroni,1.0,0.001104399998439476
1.0,0.07142857142857142,0.0,1,14,173,hoeffding,1.0,0.0004317999992053956
1.0,0.2857142857142857,0.0,4,14,173,holm,,0.0005581999939749949
1.0,0.7142857142857143,0.0,10,14,174,pointwise,0.0,0.0007265999956871383
1.0,0.42857142857142855,0.0,6,14,174,normal_bonferroni,1.0,0.0007154999984777533
1.0,0.5714285714285714,0.0,8,14,174,multiplier,0.0,0.003604300000006333
1.0,0.21428571428571427,0.0,3,14,174,exact_bonferroni,1.0,0.0010586000062176026
1.0,0.07142857142857142,0.0,1,14,174,hoeffding,1.0,0.00037310000334400684
1.0,0.21428571428571427,0.0,3,14,174,holm,,0.0005366999976104125
1.0,0.35714285714285715,0.0,5,14,175,pointwise,0.0,0.0007881999990786426
1.0,0.21428571428571427,0.0,3,14,175,normal_bonferroni,1.0,0.000865500005602371
1.0,0.21428571428571427,0.0,3,14,175,multiplier,1.0,0.003919900002074428
1.0,0.21428571428571427,0.0,3,14,175,exact_bonferroni,1.0,0.001240700003108941
1.0,0.21428571428571427,0.0,3,14,175,hoeffding,1.0,0.0002778999987640418
1.0,0.21428571428571427,0.0,3,14,175,holm,,0.0005745999951614067
1.0,0.7857142857142857,0.0,11,14,176,pointwise,0.0,0.0007052000000840053
1.0,0.21428571428571427,0.0,3,14,176,normal_bonferroni,1.0,0.0006676999983028509
1.0,0.21428571428571427,0.0,3,14,176,multiplier,1.0,0.0035250000000814907
1.0,0.21428571428571427,0.0,3,14,176,exact_bonferroni,1.0,0.000993200002994854
1.0,0.14285714285714285,0.0,2,14,176,hoeffding,1.0,0.00033739999344106764
1.0,0.21428571428571427,0.0,3,14,176,holm,,0.0004864000002271496
1.0,0.35714285714285715,0.0,5,14,177,pointwise,1.0,0.0006630999996559694
1.0,0.21428571428571427,0.0,3,14,177,normal_bonferroni,1.0,0.0009063999968930148
1.0,0.21428571428571427,0.0,3,14,177,multiplier,1.0,0.002893900003982708
1.0,0.14285714285714285,0.0,2,14,177,exact_bonferroni,1.0,0.0010564000040176325
1.0,0.07142857142857142,0.0,1,14,177,hoeffding,1.0,0.0003598000039346516
1.0,0.21428571428571427,0.0,3,14,177,holm,,0.000567900002351962
1.0,0.6428571428571429,0.0,9,14,178,pointwise,0.0,0.0006819999980507419
1.0,0.5,0.0,7,14,178,normal_bonferroni,1.0,0.0006515999994007871
1.0,0.5,0.0,7,14,178,multiplier,1.0,0.0035713000033865683
1.0,0.42857142857142855,0.0,6,14,178,exact_bonferroni,1.0,0.0010416000004624948
1.0,0.14285714285714285,0.0,2,14,178,hoeffding,1.0,0.00032559999817749485
1.0,0.5,0.0,7,14,178,holm,,0.0005407999997260049
1.0,0.42857142857142855,0.0,6,14,179,pointwise,1.0,0.0006587999960174784
1.0,0.14285714285714285,0.0,2,14,179,normal_bonferroni,1.0,0.0007002999991527759
1.0,0.14285714285714285,0.0,2,14,179,multiplier,1.0,0.003388700002687983
1.0,0.14285714285714285,0.0,2,14,179,exact_bonferroni,1.0,0.0009589000037522055
1.0,0.07142857142857142,0.0,1,14,179,hoeffding,1.0,0.0003473999968264252
1.0,0.14285714285714285,0.0,2,14,179,holm,,0.00047759999870322645
1.0,0.5714285714285714,0.0,8,14,180,pointwise,0.0,0.0006987000015215017
1.0,0.14285714285714285,0.0,2,14,180,normal_bonferroni,1.0,0.0006269000004976988
1.0,0.14285714285714285,0.0,2,14,180,multiplier,1.0,0.0032248999996227212
1.0,0.14285714285714285,0.0,2,14,180,exact_bonferroni,1.0,0.0009351000044262037
1.0,0.07142857142857142,0.0,1,14,180,hoeffding,1.0,0.00030899999546818435
1.0,0.14285714285714285,0.0,2,14,180,holm,,0.0004594999991240911
1.0,0.5714285714285714,0.0,8,14,181,pointwise,1.0,0.0006898999999975786
1.0,0.35714285714285715,0.0,5,14,181,normal_bonferroni,1.0,0.0006201000069268048
1.0,0.35714285714285715,0.0,5,14,181,multiplier,1.0,0.003213099997083191
1.0,0.2857142857142857,0.0,4,14,181,exact_bonferroni,1.0,0.0009247999987564981
1.0,0.07142857142857142,0.0,1,14,181,hoeffding,1.0,0.0003313999986858107
1.0,0.35714285714285715,0.0,5,14,181,holm,,0.00047730000369483605
1.0,0.5,0.0,7,14,182,pointwise,0.0,0.0006610999989788979
1.0,0.35714285714285715,0.0,5,14,182,normal_bonferroni,1.0,0.0008736000017961487
1.0,0.35714285714285715,0.0,5,14,182,multiplier,1.0,0.0033302000010735355
1.0,0.35714285714285715,0.0,5,14,182,exact_bonferroni,1.0,0.0009683000025688671
1.0,0.2857142857142857,0.0,4,14,182,hoeffding,1.0,0.0003144000002066605
1.0,0.35714285714285715,0.0,5,14,182,holm,,0.0004620000036084093
1.0,0.42857142857142855,0.0,6,14,183,pointwise,0.0,0.0006896999984746799
1.0,0.21428571428571427,0.0,3,14,183,normal_bonferroni,1.0,0.0004625999936251901
1.0,0.2857142857142857,0.0,4,14,183,multiplier,1.0,0.0031296000015572645
1.0,0.21428571428571427,0.0,3,14,183,exact_bonferroni,1.0,0.0009505999987595715
1.0,0.14285714285714285,0.0,2,14,183,hoeffding,1.0,0.00044290000369073823
1.0,0.21428571428571427,0.0,3,14,183,holm,,0.0005132000005687587
1.0,0.5,0.0,7,14,184,pointwise,0.0,0.0006155000010039657
1.0,0.2857142857142857,0.0,4,14,184,normal_bonferroni,1.0,0.0005825999978696927
1.0,0.35714285714285715,0.0,5,14,184,multiplier,1.0,0.003162799999699928
1.0,0.2857142857142857,0.0,4,14,184,exact_bonferroni,1.0,0.0009519000013824552
1.0,0.14285714285714285,0.0,2,14,184,hoeffding,1.0,0.0002553000012994744
1.0,0.2857142857142857,0.0,4,14,184,holm,,0.0002710999979171902
1.0,0.2857142857142857,0.0,4,14,185,pointwise,0.0,0.00044579999666893855
1.0,0.21428571428571427,0.0,3,14,185,normal_bonferroni,1.0,0.0003603000004659407
1.0,0.21428571428571427,0.0,3,14,185,multiplier,1.0,0.002922600004239939
1.0,0.21428571428571427,0.0,3,14,185,exact_bonferroni,1.0,0.0005837999997311272
1.0,0.07142857142857142,0.0,1,14,185,hoeffding,1.0,0.0001923000017995946
1.0,0.21428571428571427,0.0,3,14,185,holm,,0.0002953000002889894
1.0,0.42857142857142855,0.0,6,14,186,pointwise,1.0,0.000767599995015189
1.0,0.14285714285714285,0.0,2,14,186,normal_bonferroni,1.0,0.0006199999988893978
1.0,0.14285714285714285,0.0,2,14,186,multiplier,1.0,0.0031312000064644963
1.0,0.14285714285714285,0.0,2,14,186,exact_bonferroni,1.0,0.0008643000037409365
1.0,0.07142857142857142,0.0,1,14,186,hoeffding,1.0,0.00033879999682540074
1.0,0.14285714285714285,0.0,2,14,186,holm,,0.0004611000040313229
1.0,0.35714285714285715,0.0,5,14,187,pointwise,1.0,0.00036640000325860456
1.0,0.07142857142857142,0.0,1,14,187,normal_bonferroni,1.0,0.00040379999700235203
1.0,0.07142857142857142,0.0,1,14,187,multiplier,1.0,0.002230799997050781
1.0,0.07142857142857142,0.0,1,14,187,exact_bonferroni,1.0,0.0009105999997700565
1.0,0.07142857142857142,0.0,1,14,187,hoeffding,1.0,0.0003330000035930425
1.0,0.07142857142857142,0.0,1,14,187,holm,,0.00046129999827826396
1.0,0.42857142857142855,0.0,6,14,188,pointwise,1.0,0.0005697000015061349
1.0,0.07142857142857142,0.0,1,14,188,normal_bonferroni,1.0,0.0005436999999801628
1.0,0.07142857142857142,0.0,1,14,188,multiplier,1.0,0.0028854999982286245
1.0,0.07142857142857142,0.0,1,14,188,exact_bonferroni,1.0,0.000814799997897353
1.0,0.07142857142857142,0.0,1,14,188,hoeffding,1.0,0.0002958999975817278
1.0,0.07142857142857142,0.0,1,14,188,holm,,0.00047590000031050295
1.0,0.5714285714285714,0.0,8,14,189,pointwise,0.0,0.0006189999985508621
1.0,0.42857142857142855,0.0,6,14,189,normal_bonferroni,1.0,0.0005797999983769841
1.0,0.42857142857142855,0.0,6,14,189,multiplier,1.0,0.0031711999981780536
1.0,0.42857142857142855,0.0,6,14,189,exact_bonferroni,1.0,0.001178700003947597
1.0,0.14285714285714285,0.0,2,14,189,hoeffding,1.0,0.00021879999985685572
1.0,0.42857142857142855,0.0,6,14,189,holm,,0.0007074000022839755
1.0,0.42857142857142855,0.0,6,14,190,pointwise,1.0,0.0004126999992877245
1.0,0.21428571428571427,0.0,3,14,190,normal_bonferroni,1.0,0.0003637000045273453
1.0,0.21428571428571427,0.0,3,14,190,multiplier,1.0,0.0031010000020614825
1.0,0.21428571428571427,0.0,3,14,190,exact_bonferroni,1.0,0.001182299994979985
1.0,0.07142857142857142,0.0,1,14,190,hoeffding,1.0,0.00033770000300137326
1.0,0.21428571428571427,0.0,3,14,190,holm,,0.0005066999947302975
1.0,0.5,0.0,7,14,191,pointwise,1.0,0.0006569999968633056
1.0,0.21428571428571427,0.0,3,14,191,normal_bonferroni,1.0,0.0006704999977955595
1.0,0.21428571428571427,0.0,3,14,191,multiplier,1.0,0.0031087000024854206
1.0,0.21428571428571427,0.0,3,14,191,exact_bonferroni,1.0,0.0005153000020072795
1.0,0.21428571428571427,0.0,3,14,191,hoeffding,1.0,0.00019360000442247838
1.0,0.21428571428571427,0.0,3,14,191,holm,,0.0003913999971700832
1.0,0.5714285714285714,0.0,8,14,192,pointwise,1.0,0.0006052000026102178
1.0,0.21428571428571427,0.0,3,14,192,normal_bonferroni,1.0,0.0005994000021019019
1.0,0.21428571428571427,0.0,3,14,192,multiplier,1.0,0.0027449999979580753
1.0,0.21428571428571427,0.0,3,14,192,exact_bonferroni,1.0,0.0005107999968458898
1.0,0.07142857142857142,0.0,1,14,192,hoeffding,1.0,0.00018090000230586156
1.0,0.21428571428571427,0.0,3,14,192,holm,,0.00044129999878350645
1.0,0.7857142857142857,0.0,11,14,193,pointwise,0.0,0.0006212000007508323
1.0,0.2857142857142857,0.0,4,14,193,normal_bonferroni,1.0,0.0006160000048112124
1.0,0.2857142857142857,0.0,4,14,193,multiplier,1.0,0.002937799996288959
1.0,0.2857142857142857,0.0,4,14,193,exact_bonferroni,1.0,0.0018694000027608126
1.0,0.14285714285714285,0.0,2,14,193,hoeffding,1.0,0.0002229999954579398
1.0,0.2857142857142857,0.0,4,14,193,holm,,0.00030780000088270754
1.0,0.5,0.0,7,14,194,pointwise,1.0,0.0006198999981279485
1.0,0.21428571428571427,0.0,3,14,194,normal_bonferroni,1.0,0.0007632000051671639
1.0,0.21428571428571427,0.0,3,14,194,multiplier,1.0,0.0023160999990068376
1.0,0.14285714285714285,0.0,2,14,194,exact_bonferroni,1.0,0.0009472999954596162
1.0,0.0,0.0,0,14,194,hoeffding,1.0,0.0003299000018159859
1.0,0.21428571428571427,0.0,3,14,194,holm,,0.0004926999972667545
1.0,0.7142857142857143,0.0,10,14,195,pointwise,0.0,0.0006091999966884032
1.0,0.35714285714285715,0.0,5,14,195,normal_bonferroni,1.0,0.0006238999994820915
1.0,0.42857142857142855,0.0,6,14,195,multiplier,1.0,0.0030279000056907535
1.0,0.35714285714285715,0.0,5,14,195,exact_bonferroni,1.0,0.0008865000054356642
1.0,0.14285714285714285,0.0,2,14,195,hoeffding,1.0,0.0003180999992764555
1.0,0.35714285714285715,0.0,5,14,195,holm,,0.0009780999971553683
1.0,0.5714285714285714,0.0,8,14,196,pointwise,0.0,0.00041849999979604036
1.0,0.2857142857142857,0.0,4,14,196,normal_bonferroni,1.0,0.0006076999998185784
1.0,0.2857142857142857,0.0,4,14,196,multiplier,1.0,0.0034806999974534847
1.0,0.21428571428571427,0.0,3,14,196,exact_bonferroni,1.0,0.0010031000056187622
1.0,0.14285714285714285,0.0,2,14,196,hoeffding,1.0,0.0003510000024107285
1.0,0.2857142857142857,0.0,4,14,196,holm,,0.0005280000041238964
1.0,0.5,0.0,7,14,197,pointwise,1.0,0.0006386000022757798
1.0,0.21428571428571427,0.0,3,14,197,normal_bonferroni,1.0,0.0006455000038840808
1.0,0.21428571428571427,0.0,3,14,197,multiplier,1.0,0.0035535999995772727
1.0,0.21428571428571427,0.0,3,14,197,exact_bonferroni,1.0,0.0005678000015905127
1.0,0.14285714285714285,0.0,2,14,197,hoeffding,1.0,0.00019530000281520188
1.0,0.21428571428571427,0.0,3,14,197,holm,,0.0002761999930953607
1.0,0.5714285714285714,0.0,8,14,198,pointwise,0.0,0.0009831999996094964
1.0,0.21428571428571427,0.0,3,14,198,normal_bonferroni,1.0,0.0007838000019546598
1.0,0.21428571428571427,0.0,3,14,198,multiplier,1.0,0.003289799999038223
1.0,0.21428571428571427,0.0,3,14,198,exact_bonferroni,1.0,0.0009080999952857383
1.0,0.07142857142857142,0.0,1,14,198,hoeffding,1.0,0.00032579999970039353
1.0,0.21428571428571427,0.0,3,14,198,holm,,0.0005180000007385388
1.0,0.7857142857142857,0.0,11,14,199,pointwise,0.0,0.0006982000049902126
1.0,0.35714285714285715,0.0,5,14,199,normal_bonferroni,1.0,0.0006465999977081083
1.0,0.35714285714285715,0.0,5,14,199,multiplier,1.0,0.0031337999971583486
1.0,0.35714285714285715,0.0,5,14,199,exact_bonferroni,1.0,0.0009464999966439791
1.0,0.14285714285714285,0.0,2,14,199,hoeffding,1.0,0.00036810000165132806
1.0,0.35714285714285715,0.0,5,14,199,holm,,0.0004983000035281293
1.0,0.7142857142857143,0.0,10,14,200,pointwise,0.0,0.0007078000053297728
1.0,0.21428571428571427,0.0,3,14,200,normal_bonferroni,1.0,0.000403900005039759
1.0,0.2857142857142857,0.0,4,14,200,multiplier,1.0,0.002620999999635387
1.0,0.21428571428571427,0.0,3,14,200,exact_bonferroni,1.0,0.0008988999979919754
1.0,0.14285714285714285,0.0,2,14,200,hoeffding,1.0,0.0006127000015112571
1.0,0.21428571428571427,0.0,3,14,200,holm,,0.0005053999993833713
1.0,0.2857142857142857,0.0,4,14,201,pointwise,1.0,0.00038940000376896933
1.0,0.2857142857142857,0.0,4,14,201,normal_bonferroni,1.0,0.0003356000015628524
1.0,0.2857142857142857,0.0,4,14,201,multiplier,1.0,0.003053399996133521
1.0,0.2857142857142857,0.0,4,14,201,exact_bonferroni,1.0,0.0008891000034054741
1.0,0.21428571428571427,0.0,3,14,201,hoeffding,1.0,0.00031770000350661576
1.0,0.2857142857142857,0.0,4,14,201,holm,,0.0005375000037020072
1.0,0.42857142857142855,0.0,6,14,202,pointwise,1.0,0.0005852000031154603
1.0,0.21428571428571427,0.0,3,14,202,normal_bonferroni,1.0,0.000410699998610653
1.0,0.21428571428571427,0.0,3,14,202,multiplier,1.0,0.003666900003736373
1.0,0.14285714285714285,0.0,2,14,202,exact_bonferroni,1.0,0.0017091999980038963
1.0,0.07142857142857142,0.0,1,14,202,hoeffding,1.0,0.0003434000027482398
1.0,0.14285714285714285,0.0,2,14,202,holm,,0.0003451000011409633
1.0,0.2857142857142857,0.0,4,14,203,pointwise,1.0,0.0005777000042144209
1.0,0.07142857142857142,0.0,1,14,203,normal_bonferroni,1.0,0.0003952999977627769
1.0,0.07142857142857142,0.0,1,14,203,multiplier,1.0,0.00703349999821512
1.0,0.07142857142857142,0.0,1,14,203,exact_bonferroni,1.0,0.0009879999997792765
1.0,0.07142857142857142,0.0,1,14,203,hoeffding,1.0,0.00025599999935366213
1.0,0.07142857142857142,0.0,1,14,203,holm,,0.00037590000283671543
1.0,0.5714285714285714,0.0,8,14,204,pointwise,1.0,0.00045539999700849876
1.0,0.2857142857142857,0.0,4,14,204,normal_bonferroni,1.0,0.0004149999949731864
1.0,0.35714285714285715,0.0,5,14,204,multiplier,1.0,0.0025573999955668114
1.0,0.21428571428571427,0.0,3,14,204,exact_bonferroni,1.0,0.0006998999961069785
1.0,0.07142857142857142,0.0,1,14,204,hoeffding,1.0,0.00020479999511735514
1.0,0.2857142857142857,0.0,4,14,204,holm,,0.00034149999555666
1.0,0.2857142857142857,0.0,4,14,205,pointwise,1.0,0.000403900005039759
1.0,0.21428571428571427,0.0,3,14,205,normal_bonferroni,1.0,0.000571600001421757
1.0,0.21428571428571427,0.0,3,14,205,multiplier,1.0,0.002666799999133218
1.0,0.21428571428571427,0.0,3,14,205,exact_bonferroni,1.0,0.0006942999971215613
1.0,0.07142857142857142,0.0,1,14,205,hoeffding,1.0,0.0003471000018180348
1.0,0.21428571428571427,0.0,3,14,205,holm,,0.0003491000024951063
1.0,0.42857142857142855,0.0,6,14,206,pointwise,1.0,0.0004318000064813532
1.0,0.14285714285714285,0.0,2,14,206,normal_bonferroni,1.0,0.0003799999976763502
1.0,0.14285714285714285,0.0,2,14,206,multiplier,1.0,0.0021858999971300364
1.0,0.07142857142857142,0.0,1,14,206,exact_bonferroni,1.0,0.0006515999994007871
1.0,0.0,0.0,0,14,206,hoeffding,1.0,0.00020360000053187832
1.0,0.07142857142857142,0.0,1,14,206,holm,,0.00031570000282954425
1.0,0.21428571428571427,0.0,3,14,207,pointwise,1.0,0.00039149999793153256
1.0,0.14285714285714285,0.0,2,14,207,normal_bonferroni,1.0,0.00037400000292109326
1.0,0.14285714285714285,0.0,2,14,207,multiplier,1.0,0.001955400002771057
1.0,0.14285714285714285,0.0,2,14,207,exact_bonferroni,1.0,0.0005880999960936606
1.0,0.0,0.0,0,14,207,hoeffding,1.0,0.00022969999554334208
1.0,0.14285714285714285,0.0,2,14,207,holm,,0.0003220999933546409
1.0,0.5,0.0,7,14,208,pointwise,0.0,0.0007027000028756447
1.0,0.42857142857142855,0.0,6,14,208,normal_bonferroni,1.0,0.00039119999564718455
1.0,0.42857142857142855,0.0,6,14,208,multiplier,1.0,0.0022035000001778826
1.0,0.35714285714285715,0.0,5,14,208,exact_bonferroni,1.0,0.0015085999984876253
1.0,0.14285714285714285,0.0,2,14,208,hoeffding,1.0,0.0005302999998093583
1.0,0.35714285714285715,0.0,5,14,208,holm,,0.0007385999997495674
1.0,0.2857142857142857,0.0,4,14,209,pointwise,1.0,0.0008992000002763234
1.0,0.07142857142857142,0.0,1,14,209,normal_bonferroni,1.0,0.0008716000011190772
1.0,0.07142857142857142,0.0,1,14,209,multiplier,1.0,0.0046142999999574386
1.0,0.07142857142857142,0.0,1,14,209,exact_bonferroni,1.0,0.00117379999574041
1.0,0.0,0.0,0,14,209,hoeffding,1.0,0.00028139999631093815
1.0,0.07142857142857142,0.0,1,14,209,holm,,0.0003409999990253709
1.0,0.42857142857142855,0.0,6,14,210,pointwise,1.0,0.00040180000360123813
1.0,0.42857142857142855,0.0,6,14,210,normal_bonferroni,1.0,0.00037650000012945384
1.0,0.42857142857142855,0.0,6,14,210,multiplier,1.0,0.001971699995920062
1.0,0.35714285714285715,0.0,5,14,210,exact_bonferroni,1.0,0.0005434999984572642
1.0,0.14285714285714285,0.0,2,14,210,hoeffding,1.0,0.00019969999993918464
1.0,0.35714285714285715,0.0,5,14,210,holm,,0.00029409999842755497
1.0,0.42857142857142855,0.0,6,14,211,pointwise,1.0,0.0003941000031773001
1.0,0.2857142857142857,0.0,4,14,211,normal_bonferroni,1.0,0.000356700002157595
1.0,0.2857142857142857,0.0,4,14,211,multiplier,1.0,0.0018896999972639605
1.0,0.2857142857142857,0.0,4,14,211,exact_bonferroni,1.0,0.0005509000038728118
1.0,0.14285714285714285,0.0,2,14,211,hoeffding,1.0,0.0001931000006152317
1.0,0.2857142857142857,0.0,4,14,211,holm,,0.0002888999952119775
1.0,0.42857142857142855,0.0,6,14,212,pointwise,1.0,0.0004045999958179891
1.0,0.14285714285714285,0.0,2,14,212,normal_bonferroni,1.0,0.0003662999952211976
1.0,0.14285714285714285,0.0,2,14,212,multiplier,1.0,0.0020113999999011867
1.0,0.14285714285714285,0.0,2,14,212,exact_bonferroni,1.0,0.000577899998461362
1.0,0.07142857142857142,0.0,1,14,212,hoeffding,1.0,0.00020619999850168824
1.0,0.14285714285714285,0.0,2,14,212,holm,,0.0005413999970187433
1.0,0.5714285714285714,0.0,8,14,213,pointwise,1.0,0.0004122000027564354
1.0,0.35714285714285715,0.0,5,14,213,normal_bonferroni,1.0,0.0003804000007221475
1.0,0.42857142857142855,0.0,6,14,213,multiplier,1.0,0.0019355999975232407
1.0,0.35714285714285715,0.0,5,14,213,exact_bonferroni,1.0,0.0005585000035353005
1.0,0.21428571428571427,0.0,3,14,213,hoeffding,1.0,0.00020310000400058925
1.0,0.35714285714285715,0.0,5,14,213,holm,,0.00029850000282749534
1.0,0.5,0.0,7,14,214,pointwise,1.0,0.0003772000054595992
1.0,0.2857142857142857,0.0,4,14,214,normal_bonferroni,1.0,0.0003882000019075349
1.0,0.2857142857142857,0.0,4,14,214,multiplier,1.0,0.001828899999964051
1.0,0.2857142857142857,0.0,4,14,214,exact_bonferroni,1.0,0.0005796000041300431
1.0,0.14285714285714285,0.0,2,14,214,hoeffding,1.0,0.00021470000501722097
1.0,0.2857142857142857,0.0,4,14,214,holm,,0.0003036999987671152
1.0,0.6428571428571429,0.0,9,14,215,pointwise,1.0,0.00038660000427626073
1.0,0.42857142857142855,0.0,6,14,215,normal_bonferroni,1.0,0.0003848999986075796
1.0,0.42857142857142855,0.0,6,14,215,multiplier,1.0,0.0019402999969315715
1.0,0.42857142857142855,0.0,6,14,215,exact_bonferroni,1.0,0.0005681000038748607
1.0,0.07142857142857142,0.0,1,14,215,hoeffding,1.0,0.00020509999740170315
1.0,0.42857142857142855,0.0,6,14,215,holm,,0.00032759999885456637
1.0,0.42857142857142855,0.0,6,14,216,pointwise,1.0,0.00042069999472005293
1.0,0.2857142857142857,0.0,4,14,216,normal_bonferroni,1.0,0.0003747999944607727
1.0,0.35714285714285715,0.0,5,14,216,multiplier,1.0,0.002230099998996593
1.0,0.2857142857142857,0.0,4,14,216,exact_bonferroni,1.0,0.0007046000027912669
1.0,0.07142857142857142,0.0,1,14,216,hoeffding,1.0,0.00023689999943599105
1.0,0.2857142857142857,0.0,4,14,216,holm,,0.00033399999665562063
1.0,0.5,0.0,7,14,217,pointwise,1.0,0.00043390000064391643
1.0,0.14285714285714285,0.0,2,14,217,normal_bonferroni,1.0,0.00038470000436063856
1.0,0.14285714285714285,0.0,2,14,217,multiplier,1.0,0.0021890999996685423
1.0,0.14285714285714285,0.0,2,14,217,exact_bonferroni,1.0,0.0007120999944163486
1.0,0.0,0.0,0,14,217,hoeffding,1.0,0.0002702000056160614
1.0,0.14285714285714285,0.0,2,14,217,holm,,0.0003192000003764406
1.0,0.6428571428571429,0.0,9,14,218,pointwise,0.0,0.0005928999962634407
1.0,0.35714285714285715,0.0,5,14,218,normal_bonferroni,1.0,0.0004123999970033765
1.0,0.42857142857142855,0.0,6,14,218,multiplier,1.0,0.0026292999973520637
1.0,0.35714285714285715,0.0,5,14,218,exact_bonferroni,1.0,0.0006464999969466589
1.0,0.21428571428571427,0.0,3,14,218,hoeffding,1.0,0.00021099999867146835
1.0,0.35714285714285715,0.0,5,14,218,holm,,0.0003226000044378452
1.0,0.5714285714285714,0.0,8,14,219,pointwise,0.0,0.0005315999951562844
1.0,0.2857142857142857,0.0,4,14,219,normal_bonferroni,1.0,0.00038779999886173755
1.0,0.2857142857142857,0.0,4,14,219,multiplier,1.0,0.0020794000010937452
1.0,0.2857142857142857,0.0,4,14,219,exact_bonferroni,1.0,0.000635899996268563
1.0,0.14285714285714285,0.0,2,14,219,hoeffding,1.0,0.0002091000060318038
1.0,0.2857142857142857,0.0,4,14,219,holm,,0.0003192000003764406
1.0,0.5714285714285714,0.0,8,14,220,pointwise,0.0,0.00039429999742424116
1.0,0.2857142857142857,0.0,4,14,220,normal_bonferroni,1.0,0.00037679999513784423
1.0,0.2857142857142857,0.0,4,14,220,multiplier,1.0,0.001872100001492072
1.0,0.21428571428571427,0.0,3,14,220,exact_bonferroni,1.0,0.0005253999988781288
1.0,0.21428571428571427,0.0,3,14,220,hoeffding,1.0,0.0002069000038318336
1.0,0.21428571428571427,0.0,3,14,220,holm,,0.0002858000007108785
1.0,0.35714285714285715,0.0,5,14,221,pointwise,1.0,0.00038530000165337697
1.0,0.14285714285714285,0.0,2,14,221,normal_bonferroni,1.0,0.0003558999960660003
1.0,0.2857142857142857,0.0,4,14,221,multiplier,1.0,0.001865999998699408
1.0,0.07142857142857142,0.0,1,14,221,exact_bonferroni,1.0,0.0005209000009926967
1.0,0.07142857142857142,0.0,1,14,221,hoeffding,1.0,0.00020819999917875975
1.0,0.07142857142857142,0.0,1,14,221,holm,,0.000283800000033807
1.0,0.7142857142857143,0.0,10,14,222,pointwise,0.0,0.0003891000014846213
1.0,0.35714285714285715,0.0,5,14,222,normal_bonferroni,1.0,0.00038750000385334715
1.0,0.35714285714285715,0.0,5,14,222,multiplier,1.0,0.002028000002610497
1.0,0.2857142857142857,0.0,4,14,222,exact_bonferroni,1.0,0.0006408999979612418
1.0,0.14285714285714285,0.0,2,14,222,hoeffding,1.0,0.00021220000053290278
1.0,0.35714285714285715,0.0,5,14,222,holm,,0.00031319999834522605
1.0,0.14285714285714285,0.0,2,14,223,pointwise,1.0,0.00036609999369829893
1.0,0.07142857142857142,0.0,1,14,223,normal_bonferroni,1.0,0.0003528000015649013
1.0,0.07142857142857142,0.0,1,14,223,multiplier,1.0,0.0018493000025046058
1.0,0.07142857142857142,0.0,1,14,223,exact_bonferroni,1.0,0.0005387999990489334
1.0,0.0,0.0,0,14,223,hoeffding,1.0,0.00019109999993816018
1.0,0.07142857142857142,0.0,1,14,223,holm,,0.0002961999998660758
1.0,0.14285714285714285,0.0,2,14,224,pointwise,1.0,0.00036040000122739
1.0,0.0,0.0,0,14,224,normal_bonferroni,1.0,0.0003600000054575503
1.0,0.0,0.0,0,14,224,multiplier,1.0,0.002025300003879238
1.0,0.0,0.0,0,14,224,exact_bonferroni,1.0,0.0007256000026245601
1.0,0.0,0.0,0,14,224,hoeffding,1.0,0.00020510000467766076
1.0,0.0,0.0,0,14,224,holm,,0.00031550000130664557
1.0,0.42857142857142855,0.0,6,14,225,pointwise,1.0,0.00044440000056056306
1.0,0.14285714285714285,0.0,2,14,225,normal_bonferroni,1.0,0.00038050000148359686
1.0,0.14285714285714285,0.0,2,14,225,multiplier,1.0,0.002048100002866704
1.0,0.14285714285714285,0.0,2,14,225,exact_bonferroni,1.0,0.000607299996772781
1.0,0.0,0.0,0,14,225,hoeffding,1.0,0.00020780000340892002
1.0,0.14285714285714285,0.0,2,14,225,holm,,0.0003415000028326176
1.0,0.5714285714285714,0.0,8,14,226,pointwise,0.0,0.0003987000018241815
1.0,0.5,0.0,7,14,226,normal_bonferroni,1.0,0.0003546999942045659
1.0,0.5,0.0,7,14,226,multiplier,1.0,0.0020027999999001622
1.0,0.42857142857142855,0.0,6,14,226,exact_bonferroni,1.0,0.0006995000003371388
1.0,0.21428571428571427,0.0,3,14,226,hoeffding,1.0,0.00021360000391723588
1.0,0.5,0.0,7,14,226,holm,,0.00032020000071497634
1.0,0.7142857142857143,0.0,10,14,227,pointwise,1.0,0.0004078999991179444
1.0,0.5,0.0,7,14,227,normal_bonferroni,1.0,0.0007133000035537407
1.0,0.5,0.0,7,14,227,multiplier,1.0,0.00260129999514902
1.0,0.35714285714285715,0.0,5,14,227,exact_bonferroni,1.0,0.0006805999946664087
1.0,0.21428571428571427,0.0,3,14,227,hoeffding,1.0,0.00022899999748915434
1.0,0.5,0.0,7,14,227,holm,,0.00038189999759197235
1.0,0.21428571428571427,0.0,3,14,228,pointwise,1.0,0.00043930000538239256
1.0,0.14285714285714285,0.0,2,14,228,normal_bonferroni,1.0,0.0004321000014897436
1.0,0.21428571428571427,0.0,3,14,228,multiplier,1.0,0.00203239999973448
1.0,0.14285714285714285,0.0,2,14,228,exact_bonferroni,1.0,0.0006106000000727363
1.0,0.07142857142857142,0.0,1,14,228,hoeffding,1.0,0.00020450000010896474
1.0,0.14285714285714285,0.0,2,14,228,holm,,0.0003090999962296337
1.0,0.6428571428571429,0.0,9,14,229,pointwise,0.0,0.00040969999827211723
1.0,0.35714285714285715,0.0,5,14,229,normal_bonferroni,1.0,0.0004042000000481494
1.0,0.35714285714285715,0.0,5,14,229,multiplier,1.0,0.0020411000004969537
1.0,0.35714285714285715,0.0,5,14,229,exact_bonferroni,1.0,0.0005777999976999126
1.0,0.21428571428571427,0.0,3,14,229,hoeffding,1.0,0.00020529999892460182
1.0,0.35714285714285715,0.0,5,14,229,holm,,0.00032449999707750976
1.0,0.5714285714285714,0.0,8,14,230,pointwise,1.0,0.0003963000053772703
1.0,0.2857142857142857,0.0,4,14,230,normal_bonferroni,1.0,0.0003711000026669353
1.0,0.2857142857142857,0.0,4,14,230,multiplier,1.0,0.0021199999973759986
1.0,0.2857142857142857,0.0,4,14,230,exact_bonferroni,1.0,0.0006170000051497482
1.0,0.07142857142857142,0.0,1,14,230,hoeffding,1.0,0.00021769999875687063
1.0,0.2857142857142857,0.0,4,14,230,holm,,0.00032389999978477135
1.0,0.5,0.0,7,14,231,pointwise,1.0,0.00038440000207629055
1.0,0.2857142857142857,0.0,4,14,231,normal_bonferroni,1.0,0.0003583000070648268
1.0,0.2857142857142857,0.0,4,14,231,multiplier,1.0,0.0019277000028523616
1.0,0.21428571428571427,0.0,3,14,231,exact_bonferroni,1.0,0.0005376999979489483
1.0,0.14285714285714285,0.0,2,14,231,hoeffding,1.0,0.00019720000273082405
1.0,0.2857142857142857,0.0,4,14,231,holm,,0.0002964000013889745
1.0,0.7857142857142857,0.0,11,14,232,pointwise,0.0,0.00038720000156899914
1.0,0.5714285714285714,0.0,8,14,232,normal_bonferroni,0.0,0.0003671000013127923
1.0,0.5714285714285714,0.0,8,14,232,multiplier,0.0,0.0018890999999712221
1.0,0.5,0.0,7,14,232,exact_bonferroni,0.0,0.0005687000011675991
1.0,0.35714285714285715,0.0,5,14,232,hoeffding,1.0,0.00019669999892357737
1.0,0.5714285714285714,0.0,8,14,232,holm,,0.0003051000021514483
1.0,0.7142857142857143,0.0,10,14,233,pointwise,0.0,0.00038100000529084355
1.0,0.5,0.0,7,14,233,normal_bonferroni,0.0,0.0003445999973337166
1.0,0.5,0.0,7,14,233,multiplier,0.0,0.0018494999967515469
1.0,0.42857142857142855,0.0,6,14,233,exact_bonferroni,1.0,0.0005070999977760948
1.0,0.07142857142857142,0.0,1,14,233,hoeffding,1.0,0.00019250000332249328
1.0,0.5,0.0,7,14,233,holm,,0.0002736999958870001
1.0,0.42857142857142855,0.0,6,14,234,pointwise,0.0,0.00036639999598264694
1.0,0.2857142857142857,0.0,4,14,234,normal_bonferroni,1.0,0.000345499996910803
1.0,0.2857142857142857,0.0,4,14,234,multiplier,1.0,0.0018411999990348704
1.0,0.2857142857142857,0.0,4,14,234,exact_bonferroni,1.0,0.000573899997107219
1.0,0.21428571428571427,0.0,3,14,234,hoeffding,1.0,0.00019299999985378236
1.0,0.2857142857142857,0.0,4,14,234,holm,,0.0003025999976671301
1.0,0.5,0.0,7,14,235,pointwise,0.0,0.0003691000019898638
1.0,0.14285714285714285,0.0,2,14,235,normal_bonferroni,1.0,0.00035799999750452116
1.0,0.21428571428571427,0.0,3,14,235,multiplier,1.0,0.0018753000040305778
1.0,0.14285714285714285,0.0,2,14,235,exact_bonferroni,1.0,0.0005624999976134859
1.0,0.07142857142857142,0.0,1,14,235,hoeffding,1.0,0.0001897000038297847
1.0,0.14285714285714285,0.0,2,14,235,holm,,0.0002886000002035871
1.0,0.7857142857142857,0.0,11,14,236,pointwise,0.0,0.00036579999868990853
1.0,0.35714285714285715,0.0,5,14,236,normal_bonferroni,1.0,0.00037250000605126843
1.0,0.5,0.0,7,14,236,multiplier,1.0,0.0026948000013362616
1.0,0.35714285714285715,0.0,5,14,236,exact_bonferroni,1.0,0.001037399997585453
1.0,0.21428571428571427,0.0,3,14,236,hoeffding,1.0,0.0003969000026700087
1.0,0.35714285714285715,0.0,5,14,236,holm,,0.0005432999969343655
1.0,0.35714285714285715,0.0,5,14,237,pointwise,1.0,0.0007068000049912371
1.0,0.21428571428571427,0.0,3,14,237,normal_bonferroni,1.0,0.0005913999993936159
1.0,0.2857142857142857,0.0,4,14,237,multiplier,1.0,0.002226700002211146
1.0,0.21428571428571427,0.0,3,14,237,exact_bonferroni,1.0,0.0006835000021965243
1.0,0.07142857142857142,0.0,1,14,237,hoeffding,1.0,0.00020539999968605116
1.0,0.21428571428571427,0.0,3,14,237,holm,,0.00031879999733064324
1.0,0.7142857142857143,0.0,10,14,238,pointwise,0.0,0.00038889999996172264
1.0,0.42857142857142855,0.0,6,14,238,normal_bonferroni,1.0,0.00036759999784408137
1.0,0.42857142857142855,0.0,6,14,238,multiplier,1.0,0.0019814000042970292
1.0,0.42857142857142855,0.0,6,14,238,exact_bonferroni,1.0,0.0005191000018385239
1.0,0.21428571428571427,0.0,3,14,238,hoeffding,1.0,0.00020770000264747068
1.0,0.42857142857142855,0.0,6,14,238,holm,,0.00028360000578686595
1.0,0.5,0.0,7,14,239,pointwise,1.0,0.00038720000156899914
1.0,0.14285714285714285,0.0,2,14,239,normal_bonferroni,1.0,0.00037960000190651044
1.0,0.21428571428571427,0.0,3,14,239,multiplier,1.0,0.0018048000056296587
1.0,0.14285714285714285,0.0,2,14,239,exact_bonferroni,1.0,0.0005402000024332665
1.0,0.07142857142857142,0.0,1,14,239,hoeffding,1.0,0.00020950000180164352
1.0,0.14285714285714285,0.0,2,14,239,holm,,0.00028030000248691067
1.0,0.5,0.0,7,14,240,pointwise,1.0,0.00035969999589724466
1.0,0.14285714285714285,0.0,2,14,240,normal_bonferroni,1.0,0.00034730000334093347
1.0,0.14285714285714285,0.0,2,14,240,multiplier,1.0,0.0018321000025025569
1.0,0.14285714285714285,0.0,2,14,240,exact_bonferroni,1.0,0.0005616999987978488
1.0,0.07142857142857142,0.0,1,14,240,hoeffding,1.0,0.00019240000256104395
1.0,0.14285714285714285,0.0,2,14,240,holm,,0.0002948000037577003
1.0,0.5714285714285714,0.0,8,14,241,pointwise,0.0,0.00036720000207424164
1.0,0.35714285714285715,0.0,5,14,241,normal_bonferroni,0.0,0.0003469000002951361
1.0,0.35714285714285715,0.0,5,14,241,multiplier,0.0,0.001804300001822412
1.0,0.35714285714285715,0.0,5,14,241,exact_bonferroni,1.0,0.0005074000000604428
1.0,0.14285714285714285,0.0,2,14,241,hoeffding,1.0,0.0001962000023922883
1.0,0.35714285714285715,0.0,5,14,241,holm,,0.0002917000019806437
1.0,0.42857142857142855,0.0,6,14,242,pointwise,0.0,0.0003558999960660003
1.0,0.21428571428571427,0.0,3,14,242,normal_bonferroni,1.0,0.0003495999990263954
1.0,0.21428571428571427,0.0,3,14,242,multiplier,1.0,0.0017550000047776848
1.0,0.21428571428571427,0.0,3,14,242,exact_bonferroni,1.0,0.0005079999973531812
1.0,0.14285714285714285,0.0,2,14,242,hoeffding,1.0,0.00018560000171419233
1.0,0.21428571428571427,0.0,3,14,242,holm,,0.00027070000214735046
1.0,0.42857142857142855,0.0,6,14,243,pointwise,1.0,0.00037909999809926376
1.0,0.21428571428571427,0.0,3,14,243,normal_bonferroni,1.0,0.0003659000067273155
1.0,0.21428571428571427,0.0,3,14,243,multiplier,1.0,0.0018324999982723966
1.0,0.21428571428571427,0.0,3,14,243,exact_bonferroni,1.0,0.0005374000029405579
1.0,0.07142857142857142,0.0,1,14,243,hoeffding,1.0,0.0001999000014620833
1.0,0.21428571428571427,0.0,3,14,243,holm,,0.000323499996738974
1.0,0.5714285714285714,0.0,8,14,244,pointwise,0.0,0.0003632000007200986
1.0,0.2857142857142857,0.0,4,14,244,normal_bonferroni,1.0,0.0003862000012304634
1.0,0.2857142857142857,0.0,4,14,244,multiplier,1.0,0.0025306999959866516
1.0,0.2857142857142857,0.0,4,14,244,exact_bonferroni,1.0,0.0008478000017930754
1.0,0.2857142857142857,0.0,4,14,244,hoeffding,1.0,0.0006271000020205975
1.0,0.2857142857142857,0.0,4,14,244,holm,,0.0006521000032080337
1.0,0.2857142857142857,0.0,4,14,245,pointwise,1.0,0.0007772999961161986
1.0,0.14285714285714285,0.0,2,14,245,normal_bonferroni,1.0,0.0007572000031359494
1.0,0.21428571428571427,0.0,3,14,245,multiplier,1.0,0.0027537999994819984
1.0,0.14285714285714285,0.0,2,14,245,exact_bonferroni,1.0,0.0006749000021954998
1.0,0.14285714285714285,0.0,2,14,245,hoeffding,1.0,0.0002212999970652163
1.0,0.14285714285714285,0.0,2,14,245,holm,,0.0003200000064680353
1.0,0.35714285714285715,0.0,5,14,246,pointwise,1.0,0.00038839999615447596
1.0,0.2857142857142857,0.0,4,14,246,normal_bonferroni,1.0,0.00037739999970654026
1.0,0.2857142857142857,0.0,4,14,246,multiplier,1.0,0.002010399999562651
1.0,0.2857142857142857,0.0,4,14,246,exact_bonferroni,1.0,0.0007941000003484078
1.0,0.07142857142857142,0.0,1,14,246,hoeffding,1.0,0.00022650000028079376
1.0,0.2857142857142857,0.0,4,14,246,holm,,0.00036449999606702477
1.0,0.7142857142857143,0.0,10,14,247,pointwise,0.0,0.0005122000002302229
1.0,0.35714285714285715,0.0,5,14,247,normal_bonferroni,1.0,0.00035909999860450625
1.0,0.35714285714285715,0.0,5,14,247,multiplier,1.0,0.0030522000015480444
1.0,0.35714285714285715,0.0,5,14,247,exact_bonferroni,1.0,0.0010841999974218197
1.0,0.21428571428571427,0.0,3,14,247,hoeffding,1.0,0.0004075999968335964
1.0,0.35714285714285715,0.0,5,14,247,holm,,0.0005778000049758703
1.0,0.42857142857142855,0.0,6,14,248,pointwise,1.0,0.0007163999980548397
1.0,0.14285714285714285,0.0,2,14,248,normal_bonferroni,1.0,0.0007119000001694076
1.0,0.14285714285714285,0.0,2,14,248,multiplier,1.0,0.0033605999997234903
1.0,0.14285714285714285,0.0,2,14,248,exact_bonferroni,1.0,0.0008745000013732351
1.0,0.07142857142857142,0.0,1,14,248,hoeffding,1.0,0.00034810000215657055
1.0,0.14285714285714285,0.0,2,14,248,holm,,0.0006829000049037859
1.0,0.5,0.0,7,14,249,pointwise,0.0,0.00039370000013150275
1.0,0.14285714285714285,0.0,2,14,249,normal_bonferroni,1.0,0.0003575999944587238
1.0,0.14285714285714285,0.0,2,14,249,multiplier,1.0,0.0018864000012399629
1.0,0.14285714285714285,0.0,2,14,249,exact_bonferroni,1.0,0.0005418000000645407
1.0,0.07142857142857142,0.0,1,14,249,hoeffding,1.0,0.0002145000034943223
1.0,0.14285714285714285,0.0,2,14,249,holm,,0.0002808999997796491
1.0,0.21428571428571427,0.0,3,14,250,pointwise,1.0,0.00036749999708263204
1.0,0.14285714285714285,0.0,2,14,250,normal_bonferroni,1.0,0.00036499999987427145
1.0,0.14285714285714285,0.0,2,14,250,multiplier,1.0,0.0017749999969964847
1.0,0.0,0.0,0,14,250,exact_bonferroni,1.0,0.0005215999990468845
1.0,0.0,0.0,0,14,250,hoeffding,1.0,0.0001914000022225082
1.0,0.0,0.0,0,14,250,holm,,0.000268599993432872
1.0,0.5714285714285714,0.0,8,14,251,pointwise,0.0,0.0003899000003002584
1.0,0.35714285714285715,0.0,5,14,251,normal_bonferroni,1.0,0.00035629999911179766
1.0,0.35714285714285715,0.0,5,14,251,multiplier,1.0,0.0017674000046099536
1.0,0.2857142857142857,0.0,4,14,251,exact_bonferroni,1.0,0.0005039000025135465
1.0,0.07142857142857142,0.0,1,14,251,hoeffding,1.0,0.00018960000306833535
1.0,0.2857142857142857,0.0,4,14,251,holm,,0.0002657000004546717
1.0,0.5,0.0,7,14,252,pointwise,0.0,0.0005041000040364452
1.0,0.2857142857142857,0.0,4,14,252,normal_bonferroni,0.0,0.0005080999981146306
1.0,0.2857142857142857,0.0,4,14,252,multiplier,0.0,0.001967000003787689
1.0,0.2857142857142857,0.0,4,14,252,exact_bonferroni,0.0,0.0005788999987998977
1.0,0.07142857142857142,0.0,1,14,252,hoeffding,1.0,0.00019549999706214294
1.0,0.2857142857142857,0.0,4,14,252,holm,,0.0003074999985983595
1.0,0.6428571428571429,0.0,9,14,253,pointwise,0.0,0.00037960000190651044
1.0,0.35714285714285715,0.0,5,14,253,normal_bonferroni,1.0,0.00035059999936493114
1.0,0.35714285714285715,0.0,5,14,253,multiplier,1.0,0.0017914999989443459
1.0,0.35714285714285715,0.0,5,14,253,exact_bonferroni,1.0,0.0005080999981146306
1.0,0.14285714285714285,0.0,2,14,253,hoeffding,1.0,0.0001923000017995946
1.0,0.35714285714285715,0.0,5,14,253,holm,,0.0002657000004546717
1.0,0.5,0.0,7,14,254,pointwise,1.0,0.00037000000156695023
1.0,0.2857142857142857,0.0,4,14,254,normal_bonferroni,1.0,0.0003493999975034967
1.0,0.2857142857142857,0.0,4,14,254,multiplier,1.0,0.0017756000015651807
1.0,0.21428571428571427,0.0,3,14,254,exact_bonferroni,1.0,0.0005103000003146008
1.0,0.14285714285714285,0.0,2,14,254,hoeffding,1.0,0.0001923000017995946
1.0,0.21428571428571427,0.0,3,14,254,holm,,0.00027660000341711566
1.0,0.35714285714285715,0.0,5,14,255,pointwise,1.0,0.00037779999547638
1.0,0.14285714285714285,0.0,2,14,255,normal_bonferroni,1.0,0.0003452000019024126
1.0,0.14285714285714285,0.0,2,14,255,multiplier,1.0,0.002997499999764841
1.0,0.07142857142857142,0.0,1,14,255,exact_bonferroni,1.0,0.0008153000017045997
1.0,0.0,0.0,0,14,255,hoeffding,1.0,0.00020050000603077933
1.0,0.07142857142857142,0.0,1,14,255,holm,,0.0003336000008857809
1.0,0.5714285714285714,0.0,8,14,256,pointwise,1.0,0.0003724999987753108
1.0,0.21428571428571427,0.0,3,14,256,normal_bonferroni,1.0,0.0003619999988586642
1.0,0.2857142857142857,0.0,4,14,256,multiplier,1.0,0.001861800003098324
1.0,0.14285714285714285,0.0,2,14,256,exact_bonferroni,1.0,0.0005448000010801479
1.0,0.14285714285714285,0.0,2,14,256,hoeffding,1.0,0.00021220000053290278
1.0,0.21428571428571427,0.0,3,14,256,holm,,0.00028440000460250303
1.0,0.35714285714285715,0.0,5,14,257,pointwise,1.0,0.00036749999708263204
1.0,0.14285714285714285,0.0,2,14,257,normal_bonferroni,1.0,0.0003656999979284592
1.0,0.14285714285714285,0.0,2,14,257,multiplier,1.0,0.0017850000003818423
1.0,0.14285714285714285,0.0,2,14,257,exact_bonferroni,1.0,0.0005428999938885681
1.0,0.07142857142857142,0.0,1,14,257,hoeffding,1.0,0.00019320000137668103
1.0,0.14285714285714285,0.0,2,14,257,holm,,0.00027370000316295773
1.0,0.42857142857142855,0.0,6,14,258,pointwise,1.0,0.00037790000351378694
1.0,0.14285714285714285,0.0,2,14,258,normal_bonferroni,1.0,0.0004521000009845011
1.0,0.14285714285714285,0.0,2,14,258,multiplier,1.0,0.0026699000009102747
1.0,0.14285714285714285,0.0,2,14,258,exact_bonferroni,1.0,0.001062600000295788
1.0,0.14285714285714285,0.0,2,14,258,hoeffding,1.0,0.00037290000182110816
1.0,0.14285714285714285,0.0,2,14,258,holm,,0.0004410999972606078
1.0,0.42857142857142855,0.0,6,14,259,pointwise,0.0,0.0004884000009042211
1.0,0.21428571428571427,0.0,3,14,259,normal_bonferroni,1.0,0.0003986000010627322
1.0,0.21428571428571427,0.0,3,14,259,multiplier,1.0,0.0020131999990553595
1.0,0.21428571428571427,0.0,3,14,259,exact_bonferroni,1.0,0.0009779000029084273
1.0,0.07142857142857142,0.0,1,14,259,hoeffding,1.0,0.0003955000065616332
1.0,0.21428571428571427,0.0,3,14,259,holm,,0.0003808999972534366
1.0,0.5714285714285714,0.0,8,14,260,pointwise,0.0,0.00038930000300752
1.0,0.35714285714285715,0.0,5,14,260,normal_bonferroni,1.0,0.0003677000058814883
1.0,0.35714285714285715,0.0,5,14,260,multiplier,1.0,0.0037215999982436188
1.0,0.35714285714285715,0.0,5,14,260,exact_bonferroni,1.0,0.0010426000008010305
1.0,0.14285714285714285,0.0,2,14,260,hoeffding,1.0,0.0002609000002848916
1.0,0.35714285714285715,0.0,5,14,260,holm,,0.00046350000047823414
1.0,0.5,0.0,7,14,261,pointwise,0.0,0.0007597999938298017
1.0,0.07142857142857142,0.0,1,14,261,normal_bonferroni,1.0,0.0007139000008464791
1.0,0.14285714285714285,0.0,2,14,261,multiplier,1.0,0.003617300004407298
1.0,0.07142857142857142,0.0,1,14,261,exact_bonferroni,1.0,0.0010173000046052039
1.0,0.0,0.0,0,14,261,hoeffding,1.0,0.00020789999689441174
1.0,0.07142857142857142,0.0,1,14,261,holm,,0.0002868000010494143
1.0,0.42857142857142855,0.0,6,14,262,pointwise,1.0,0.0007067000042297877
1.0,0.21428571428571427,0.0,3,14,262,normal_bonferroni,1.0,0.000530699995579198
1.0,0.21428571428571427,0.0,3,14,262,multiplier,1.0,0.002970200002891943
1.0,0.21428571428571427,0.0,3,14,262,exact_bonferroni,1.0,0.0010184999991906807
1.0,0.07142857142857142,0.0,1,14,262,hoeffding,1.0,0.00043200000072829425
1.0,0.21428571428571427,0.0,3,14,262,holm,,0.0006303000045591034
1.0,0.6428571428571429,0.0,9,14,263,pointwise,0.0,0.0008444999984931201
1.0,0.35714285714285715,0.0,5,14,263,normal_bonferroni,1.0,0.0007317999989027157
1.0,0.35714285714285715,0.0,5,14,263,multiplier,1.0,0.003982999995059799
1.0,0.35714285714285715,0.0,5,14,263,exact_bonferroni,1.0,0.0006630999996559694
1.0,0.21428571428571427,0.0,3,14,263,hoeffding,1.0,0.0002049000031547621
1.0,0.35714285714285715,0.0,5,14,263,holm,,0.0003117000014754012
1.0,0.7142857142857143,0.0,10,14,264,pointwise,0.0,0.0007416000007651746
1.0,0.35714285714285715,0.0,5,14,264,normal_bonferroni,1.0,0.0007556000055046752
1.0,0.35714285714285715,0.0,5,14,264,multiplier,1.0,0.003640900002210401
1.0,0.35714285714285715,0.0,5,14,264,exact_bonferroni,1.0,0.0009770999968168326
1.0,0.2857142857142857,0.0,4,14,264,hoeffding,1.0,0.00034929999674204737
1.0,0.35714285714285715,0.0,5,14,264,holm,,0.0006319999956758693
1.0,0.6428571428571429,0.0,9,14,265,pointwise,0.0,0.0007186999937403016
1.0,0.42857142857142855,0.0,6,14,265,normal_bonferroni,1.0,0.0006556000007549301
1.0,0.42857142857142855,0.0,6,14,265,multiplier,1.0,0.00260800000251038
1.0,0.35714285714285715,0.0,5,14,265,exact_bonferroni,1.0,0.0006999999968684278
1.0,0.07142857142857142,0.0,1,14,265,hoeffding,1.0,0.0002091999995172955
1.0,0.35714285714285715,0.0,5,14,265,holm,,0.00030220000189729035
1.0,0.6428571428571429,0.0,9,14,266,pointwise,0.0,0.000676800002111122
1.0,0.35714285714285715,0.0,5,14,266,normal_bonferroni,1.0,0.0006824000010965392
1.0,0.42857142857142855,0.0,6,14,266,multiplier,1.0,0.0034368999986327253
1.0,0.35714285714285715,0.0,5,14,266,exact_bonferroni,1.0,0.0009568999957991764
1.0,0.2857142857142857,0.0,4,14,266,hoeffding,1.0,0.0003435000035096891
1.0,0.35714285714285715,0.0,5,14,266,holm,,0.0005029999956605025
1.0,0.5,0.0,7,14,267,pointwise,0.0,0.0007395000066026114
1.0,0.2857142857142857,0.0,4,14,267,normal_bonferroni,1.0,0.0006637000042246655
1.0,0.2857142857142857,0.0,4,14,267,multiplier,1.0,0.002217100001871586
1.0,0.2857142857142857,0.0,4,14,267,exact_bonferroni,1.0,0.0011085000005550683
1.0,0.14285714285714285,0.0,2,14,267,hoeffding,1.0,0.0004067000045324676
1.0,0.2857142857142857,0.0,4,14,267,holm,,0.0005764999950770289
1.0,0.35714285714285715,0.0,5,14,268,pointwise,1.0,0.0007589000015286729
1.0,0.2857142857142857,0.0,4,14,268,normal_bonferroni,1.0,0.0006925999987288378
1.0,0.2857142857142857,0.0,4,14,268,multiplier,1.0,0.0037452999968081713
1.0,0.21428571428571427,0.0,3,14,268,exact_bonferroni,1.0,0.0010051999997813255
1.0,0.07142857142857142,0.0,1,14,268,hoeffding,1.0,0.00021530000230995938
1.0,0.21428571428571427,0.0,3,14,268,holm,,0.0004593999983626418
1.0,0.7142857142857143,0.0,10,14,269,pointwise,0.0,0.0007906999962870032
1.0,0.5,0.0,7,14,269,normal_bonferroni,1.0,0.0007048999977996573
1.0,0.5,0.0,7,14,269,multiplier,1.0,0.002724900004977826
1.0,0.5,0.0,7,14,269,exact_bonferroni,1.0,0.0009752999976626597
1.0,0.14285714285714285,0.0,2,14,269,hoeffding,1.0,0.0004310000003897585
1.0,0.5,0.0,7,14,269,holm,,0.0006135000003268942
1.0,0.7142857142857143,0.0,10,14,270,pointwise,0.0,0.0007341000018641353
1.0,0.42857142857142855,0.0,6,14,270,normal_bonferroni,0.0,0.0007335999980568886
1.0,0.42857142857142855,0.0,6,14,270,multiplier,0.0,0.0029990000039106235
1.0,0.42857142857142855,0.0,6,14,270,exact_bonferroni,0.0,0.0010020999980042689
1.0,0.2857142857142857,0.0,4,14,270,hoeffding,1.0,0.00037290000182110816
1.0,0.42857142857142855,0.0,6,14,270,holm,,0.0005622999960905872
1.0,0.7857142857142857,0.0,11,14,271,pointwise,0.0,0.0007284999956027605
1.0,0.42857142857142855,0.0,6,14,271,normal_bonferroni,1.0,0.0006762000048183836
1.0,0.42857142857142855,0.0,6,14,271,multiplier,1.0,0.0035807999956887215
1.0,0.42857142857142855,0.0,6,14,271,exact_bonferroni,1.0,0.0011314999937894754
1.0,0.21428571428571427,0.0,3,14,271,hoeffding,1.0,0.00021769999875687063
1.0,0.42857142857142855,0.0,6,14,271,holm,,0.0003243000028305687
1.0,0.5714285714285714,0.0,8,14,272,pointwise,0.0,0.00042460000258870423
1.0,0.35714285714285715,0.0,5,14,272,normal_bonferroni,1.0,0.0008949999973992817
1.0,0.42857142857142855,0.0,6,14,272,multiplier,1.0,0.0038018999985069968
1.0,0.35714285714285715,0.0,5,14,272,exact_bonferroni,1.0,0.001069500001904089
1.0,0.2857142857142857,0.0,4,14,272,hoeffding,1.0,0.0004037000035168603
1.0,0.35714285714285715,0.0,5,14,272,holm,,0.0005758999977842905
1.0,0.42857142857142855,0.0,6,14,273,pointwise,1.0,0.0007829000023775734
1.0,0.2857142857142857,0.0,4,14,273,normal_bonferroni,1.0,0.0007487000038963743
1.0,0.2857142857142857,0.0,4,14,273,multiplier,1.0,0.0036997999995946884
1.0,0.2857142857142857,0.0,4,14,273,exact_bonferroni,1.0,0.0010887000025832094
1.0,0.21428571428571427,0.0,3,14,273,hoeffding,1.0,0.00039000000106170774
1.0,0.2857142857142857,0.0,4,14,273,holm,,0.0005846999993082136
1.0,0.42857142857142855,0.0,6,14,274,pointwise,0.0,0.000709400002961047
1.0,0.14285714285714285,0.0,2,14,274,normal_bonferroni,1.0,0.0006452000015997328
1.0,0.14285714285714285,0.0,2,14,274,multiplier,1.0,0.003268199994636234
1.0,0.14285714285714285,0.0,2,14,274,exact_bonferroni,1.0,0.0009065999984159134
1.0,0.07142857142857142,0.0,1,14,274,hoeffding,1.0,0.0003391999998711981
1.0,0.14285714285714285,0.0,2,14,274,holm,,0.0005303000070853159
1.0,0.2857142857142857,0.0,4,14,275,pointwise,1.0,0.0006718000004184432
1.0,0.07142857142857142,0.0,1,14,275,normal_bonferroni,1.0,0.0006343999993987381
1.0,0.07142857142857142,0.0,1,14,275,multiplier,1.0,0.003368500001670327
1.0,0.07142857142857142,0.0,1,14,275,exact_bonferroni,1.0,0.0009167000025627203
1.0,0.07142857142857142,0.0,1,14,275,hoeffding,1.0,0.00037680000241380185
1.0,0.07142857142857142,0.0,1,14,275,holm,,0.0004891999997198582
1.0,0.5,0.0,7,14,276,pointwise,0.0,0.0006353999997372739
1.0,0.35714285714285715,0.0,5,14,276,normal_bonferroni,1.0,0.0005804000029456802
1.0,0.35714285714285715,0.0,5,14,276,multiplier,1.0,0.003042299998924136
1.0,0.2857142857142857,0.0,4,14,276,exact_bonferroni,1.0,0.0011505000002216548
1.0,0.07142857142857142,0.0,1,14,276,hoeffding,1.0,0.00027409999893279746
1.0,0.2857142857142857,0.0,4,14,276,holm,,0.000334399999701418
1.0,0.5714285714285714,0.0,8,14,277,pointwise,0.0,0.0005614000037894584
1.0,0.21428571428571427,0.0,3,14,277,normal_bonferroni,1.0,0.0006406000029528514
1.0,0.21428571428571427,0.0,3,14,277,multiplier,1.0,0.003282700003182981
1.0,0.21428571428571427,0.0,3,14,277,exact_bonferroni,1.0,0.0008871999962138943
1.0,0.21428571428571427,0.0,3,14,277,hoeffding,1.0,0.00037010000232839957
1.0,0.21428571428571427,0.0,3,14,277,holm,,0.00048319999768864363
1.0,0.7142857142857143,0.0,10,14,278,pointwise,0.0,0.0006139000033726916
1.0,0.5,0.0,7,14,278,normal_bonferroni,1.0,0.0005863999977009371
1.0,0.5,0.0,7,14,278,multiplier,1.0,0.0032473000028403476
1.0,0.42857142857142855,0.0,6,14,278,exact_bonferroni,1.0,0.000629900001513306
1.0,0.2857142857142857,0.0,4,14,278,hoeffding,1.0,0.0006404000014299527
1.0,0.5,0.0,7,14,278,holm,,0.0025081999992835335
1.0,0.6428571428571429,0.0,9,14,279,pointwise,0.0,0.0004217000023345463
1.0,0.2857142857142857,0.0,4,14,279,normal_bonferroni,1.0,0.00035310000384924933
1.0,0.2857142857142857,0.0,4,14,279,multiplier,1.0,0.0036238000029698014
1.0,0.21428571428571427,0.0,3,14,279,exact_bonferroni,1.0,0.0008993000010377727
1.0,0.07142857142857142,0.0,1,14,279,hoeffding,1.0,0.00047649999760324135
1.0,0.21428571428571427,0.0,3,14,279,holm,,0.00033180000173160806
1.0,0.5714285714285714,0.0,8,14,280,pointwise,1.0,0.0005049000028520823
1.0,0.2857142857142857,0.0,4,14,280,normal_bonferroni,1.0,0.00040810000064084306
1.0,0.2857142857142857,0.0,4,14,280,multiplier,1.0,0.0024693000013940036
1.0,0.21428571428571427,0.0,3,14,280,exact_bonferroni,1.0,0.000596500001847744
1.0,0.14285714285714285,0.0,2,14,280,hoeffding,1.0,0.0002192999963881448
1.0,0.21428571428571427,0.0,3,14,280,holm,,0.0003193000011378899
1.0,0.7142857142857143,0.0,10,14,281,pointwise,0.0,0.0006735999995726161
1.0,0.35714285714285715,0.0,5,14,281,normal_bonferroni,0.0,0.0006358000027830712
1.0,0.42857142857142855,0.0,6,14,281,multiplier,0.0,0.003642800002126023
1.0,0.35714285714285715,0.0,5,14,281,exact_bonferroni,1.0,0.0009458999993512407
1.0,0.21428571428571427,0.0,3,14,281,hoeffding,1.0,0.0003674000035971403
1.0,0.35714285714285715,0.0,5,14,281,holm,,0.0004990000015823171
1.0,0.35714285714285715,0.0,5,14,282,pointwise,0.0,0.000400099997932557
1.0,0.21428571428571427,0.0,3,14,282,normal_bonferroni,1.0,0.0005082999996375293
1.0,0.21428571428571427,0.0,3,14,282,multiplier,1.0,0.003760400002647657
1.0,0.21428571428571427,0.0,3,14,282,exact_bonferroni,1.0,0.0009453000020585023
1.0,0.14285714285714285,0.0,2,14,282,hoeffding,1.0,0.0007371000028797425
1.0,0.21428571428571427,0.0,3,14,282,holm,,0.0005133999948156998
1.0,0.7142857142857143,0.0,10,14,283,pointwise,0.0,0.0006371999988914467
1.0,0.35714285714285715,0.0,5,14,283,normal_bonferroni,1.0,0.0009258999998564832
1.0,0.35714285714285715,0.0,5,14,283,multiplier,1.0,0.002929599999333732
1.0,0.35714285714285715,0.0,5,14,283,exact_bonferroni,1.0,0.0005954000007477589
1.0,0.21428571428571427,0.0,3,14,283,hoeffding,1.0,0.0003400999994482845
1.0,0.35714285714285715,0.0,5,14,283,holm,,0.0004718999989563599
1.0,0.7857142857142857,0.0,11,14,284,pointwise,0.0,0.0006078999940655194
1.0,0.5,0.0,7,14,284,normal_bonferroni,1.0,0.0006309999953373335
1.0,0.5,0.0,7,14,284,multiplier,1.0,0.0026799000042956322
1.0,0.42857142857142855,0.0,6,14,284,exact_bonferroni,1.0,0.0006262999959290028
1.0,0.21428571428571427,0.0,3,14,284,hoeffding,1.0,0.0003462999957264401
1.0,0.5,0.0,7,14,284,holm,,0.0004967999993823469
1.0,0.7142857142857143,0.0,10,14,285,pointwise,0.0,0.0007100000002537854
1.0,0.42857142857142855,0.0,6,14,285,normal_bonferroni,0.0,0.0006499000010080636
1.0,0.42857142857142855,0.0,6,14,285,multiplier,0.0,0.0032418000046163797
1.0,0.42857142857142855,0.0,6,14,285,exact_bonferroni,0.0,0.0009484999973210506
1.0,0.21428571428571427,0.0,3,14,285,hoeffding,1.0,0.0003485000052023679
1.0,0.42857142857142855,0.0,6,14,285,holm,,0.0005433999976958148
1.0,0.21428571428571427,0.0,3,14,286,pointwise,1.0,0.0006879000065964647
1.0,0.14285714285714285,0.0,2,14,286,normal_bonferroni,1.0,0.00037680000241380185
1.0,0.14285714285714285,0.0,2,14,286,multiplier,1.0,0.0032745999997132458
1.0,0.07142857142857142,0.0,1,14,286,exact_bonferroni,1.0,0.0006569000033778138
1.0,0.0,0.0,0,14,286,hoeffding,1.0,0.00020840000070165843
1.0,0.07142857142857142,0.0,1,14,286,holm,,0.0002948000037577003
1.0,0.6428571428571429,0.0,9,14,287,pointwise,1.0,0.0003727000002982095
1.0,0.35714285714285715,0.0,5,14,287,normal_bonferroni,1.0,0.0003502000035950914
1.0,0.35714285714285715,0.0,5,14,287,multiplier,1.0,0.0032436000037705526
1.0,0.35714285714285715,0.0,5,14,287,exact_bonferroni,1.0,0.0009222999942721799
1.0,0.21428571428571427,0.0,3,14,287,hoeffding,1.0,0.0003187000038451515
1.0,0.35714285714285715,0.0,5,14,287,holm,,0.0004560000015771948
1.0,0.42857142857142855,0.0,6,14,288,pointwise,1.0,0.0006270000012591481
1.0,0.14285714285714285,0.0,2,14,288,normal_bonferroni,1.0,0.0005810000002384186
1.0,0.14285714285714285,0.0,2,14,288,multiplier,1.0,0.0022996999978204258
1.0,0.14285714285714285,0.0,2,14,288,exact_bonferroni,1.0,0.0007823999985703267
1.0,0.07142857142857142,0.0,1,14,288,hoeffding,1.0,0.0006417999975383282
1.0,0.14285714285714285,0.0,2,14,288,holm,,0.00036830000317422673
1.0,0.35714285714285715,0.0,5,14,289,pointwise,1.0,0.0006384000007528812
1.0,0.07142857142857142,0.0,1,14,289,normal_bonferroni,1.0,0.0006926999994902872
1.0,0.07142857142857142,0.0,1,14,289,multiplier,1.0,0.003400000001420267
1.0,0.07142857142857142,0.0,1,14,289,exact_bonferroni,1.0,0.0010392000040155835
1.0,0.0,0.0,0,14,289,hoeffding,1.0,0.0003620999996201135
1.0,0.07142857142857142,0.0,1,14,289,holm,,0.0005108999976073392
1.0,0.5714285714285714,0.0,8,14,290,pointwise,0.0,0.0007261999999172986
1.0,0.42857142857142855,0.0,6,14,290,normal_bonferroni,1.0,0.0006558000022778288
1.0,0.42857142857142855,0.0,6,14,290,multiplier,1.0,0.003477099999145139
1.0,0.35714285714285715,0.0,5,14,290,exact_bonferroni,1.0,0.0010308000055374578
1.0,0.07142857142857142,0.0,1,14,290,hoeffding,1.0,0.0003695999985211529
1.0,0.42857142857142855,0.0,6,14,290,holm,,0.0005657000001519918
1.0,0.7857142857142857,0.0,11,14,291,pointwise,0.0,0.00041960000089602545
1.0,0.42857142857142855,0.0,6,14,291,normal_bonferroni,1.0,0.0007063000011839904
1.0,0.5,0.0,7,14,291,multiplier,1.0,0.0039030999978422187
1.0,0.42857142857142855,0.0,6,14,291,exact_bonferroni,1.0,0.0009868000051937997
1.0,0.21428571428571427,0.0,3,14,291,hoeffding,1.0,0.00034889999369625
1.0,0.42857142857142855,0.0,6,14,291,holm,,0.0005231999966781586
1.0,0.6428571428571429,0.0,9,14,292,pointwise,0.0,0.0004023000001325272
1.0,0.35714285714285715,0.0,5,14,292,normal_bonferroni,1.0,0.00034389999927952886
1.0,0.35714285714285715,0.0,5,14,292,multiplier,1.0,0.0038666000036755577
1.0,0.35714285714285715,0.0,5,14,292,exact_bonferroni,1.0,0.0008041000037337653
1.0,0.07142857142857142,0.0,1,14,292,hoeffding,1.0,0.0008797999980743043
1.0,0.35714285714285715,0.0,5,14,292,holm,,0.0003349999969941564
1.0,0.35714285714285715,0.0,5,14,293,pointwise,1.0,0.0007056999966152944
1.0,0.14285714285714285,0.0,2,14,293,normal_bonferroni,1.0,0.0006523000047309324
1.0,0.14285714285714285,0.0,2,14,293,multiplier,1.0,0.003065600001718849
1.0,0.14285714285714285,0.0,2,14,293,exact_bonferroni,1.0,0.001028400001814589
1.0,0.07142857142857142,0.0,1,14,293,hoeffding,1.0,0.000832900004752446
1.0,0.14285714285714285,0.0,2,14,293,holm,,0.0005646999998134561
1.0,0.5,0.0,7,14,294,pointwise,1.0,0.0006376999954227358
1.0,0.21428571428571427,0.0,3,14,294,normal_bonferroni,1.0,0.0014616000044043176
1.0,0.21428571428571427,0.0,3,14,294,multiplier,1.0,0.002834900005836971
1.0,0.21428571428571427,0.0,3,14,294,exact_bonferroni,1.0,0.0010724999956437387
1.0,0.07142857142857142,0.0,1,14,294,hoeffding,1.0,0.0003589000043575652
1.0,0.21428571428571427,0.0,3,14,294,holm,,0.000577599996177014
1.0,0.35714285714285715,0.0,5,14,295,pointwise,1.0,0.0007257999968715012
1.0,0.21428571428571427,0.0,3,14,295,normal_bonferroni,1.0,0.0005426999996416271
1.0,0.21428571428571427,0.0,3,14,295,multiplier,1.0,0.003486299996438902
1.0,0.21428571428571427,0.0,3,14,295,exact_bonferroni,1.0,0.0009903999962261878
1.0,0.14285714285714285,0.0,2,14,295,hoeffding,1.0,0.00040350000199396163
1.0,0.21428571428571427,0.0,3,14,295,holm,,0.000517000000400003
1.0,0.7142857142857143,0.0,10,14,296,pointwise,0.0,0.0007279999990714714
1.0,0.2857142857142857,0.0,4,14,296,normal_bonferroni,1.0,0.0006482999961008318
1.0,0.2857142857142857,0.0,4,14,296,multiplier,1.0,0.0031392000018968247
1.0,0.2857142857142857,0.0,4,14,296,exact_bonferroni,1.0,0.001069500001904089
1.0,0.14285714285714285,0.0,2,14,296,hoeffding,1.0,0.00036980000004405156
1.0,0.2857142857142857,0.0,4,14,296,holm,,0.0005541999998968095
0.0,0.5714285714285714,0.1111111111111111,9,14,297,pointwise,0.0,0.0006905999980517663
1.0,0.2857142857142857,0.0,4,14,297,normal_bonferroni,1.0,0.0006999000033829361
1.0,0.2857142857142857,0.0,4,14,297,multiplier,1.0,0.003403899994737003
1.0,0.2857142857142857,0.0,4,14,297,exact_bonferroni,1.0,0.0009981000039260834
1.0,0.21428571428571427,0.0,3,14,297,hoeffding,1.0,0.0004926000037812628
1.0,0.2857142857142857,0.0,4,14,297,holm,,0.0005178999999770895
1.0,0.42857142857142855,0.0,6,14,298,pointwise,1.0,0.0007018000032985583
1.0,0.14285714285714285,0.0,2,14,298,normal_bonferroni,1.0,0.0004999000011594035
1.0,0.14285714285714285,0.0,2,14,298,multiplier,1.0,0.003184100001817569
1.0,0.14285714285714285,0.0,2,14,298,exact_bonferroni,1.0,0.0009941000025719404
1.0,0.14285714285714285,0.0,2,14,298,hoeffding,1.0,0.0003504999986034818
1.0,0.14285714285714285,0.0,2,14,298,holm,,0.0005682999981218018
1.0,0.6428571428571429,0.0,9,14,299,pointwise,0.0,0.0006992999988142401
1.0,0.42857142857142855,0.0,6,14,299,normal_bonferroni,1.0,0.0006318000014289282
1.0,0.42857142857142855,0.0,6,14,299,multiplier,1.0,0.003235399999539368
1.0,0.2857142857142857,0.0,4,14,299,exact_bonferroni,1.0,0.0009154999934253283
1.0,0.2857142857142857,0.0,4,14,299,hoeffding,1.0,0.0006404000014299527
1.0,0.35714285714285715,0.0,5,14,299,holm,,0.0003080000024056062
1.0,0.7857142857142857,0.0,11,14,300,pointwise,1.0,0.0003687000062200241
1.0,0.21428571428571427,0.0,3,14,300,normal_bonferroni,1.0,0.00033350000012433156
1.0,0.21428571428571427,0.0,3,14,300,multiplier,1.0,0.0034474999993108213
1.0,0.14285714285714285,0.0,2,14,300,exact_bonferroni,1.0,0.0010066000031656586
1.0,0.14285714285714285,0.0,2,14,300,hoeffding,1.0,0.0003491000024951063
1.0,0.14285714285714285,0.0,2,14,300,holm,,0.0005243000050541013
1.0,0.2857142857142857,0.0,4,14,301,pointwise,1.0,0.00060710000252584
1.0,0.14285714285714285,0.0,2,14,301,normal_bonferroni,1.0,0.0003958999950555153
1.0,0.14285714285714285,0.0,2,14,301,multiplier,1.0,0.00237389999529114
1.0,0.14285714285714285,0.0,2,14,301,exact_bonferroni,1.0,0.0006342999986372888
1.0,0.0,0.0,0,14,301,hoeffding,1.0,0.00018599999748403206
1.0,0.14285714285714285,0.0,2,14,301,holm,,0.0002858000007108785
1.0,0.6428571428571429,0.0,9,14,302,pointwise,0.0,0.0006681000013486482
1.0,0.35714285714285715,0.0,5,14,302,normal_bonferroni,1.0,0.001046599994879216
1.0,0.35714285714285715,0.0,5,14,302,multiplier,1.0,0.0024017000032472424
1.0,0.35714285714285715,0.0,5,14,302,exact_bonferroni,1.0,0.001073200000973884
1.0,0.14285714285714285,0.0,2,14,302,hoeffding,1.0,0.00036689999978989363
1.0,0.35714285714285715,0.0,5,14,302,holm,,0.000545299997611437
1.0,0.6428571428571429,0.0,9,14,303,pointwise,0.0,0.0007358000002568588
1.0,0.5,0.0,7,14,303,normal_bonferroni,1.0,0.0006659999999101274
1.0,0.5,0.0,7,14,303,multiplier,1.0,0.003507400004309602
1.0,0.5,0.0,7,14,303,exact_bonferroni,1.0,0.0009890000001178123
1.0,0.21428571428571427,0.0,3,14,303,hoeffding,1.0,0.0003728000010596588
1.0,0.5,0.0,7,14,303,holm,,0.0005508999965968542
1.0,0.42857142857142855,0.0,6,14,304,pointwise,1.0,0.0007811000032234006
1.0,0.21428571428571427,0.0,3,14,304,normal_bonferroni,1.0,0.0004545999981928617
1.0,0.21428571428571427,0.0,3,14,304,multiplier,1.0,0.002573300000221934
1.0,0.21428571428571427,0.0,3,14,304,exact_bonferroni,1.0,0.001007500002742745
1.0,0.14285714285714285,0.0,2,14,304,hoeffding,1.0,0.00020399999630171806
1.0,0.21428571428571427,0.0,3,14,304,holm,,0.00029240000003483146
1.0,0.2857142857142857,0.0,4,14,305,pointwise,1.0,0.000753100001020357
1.0,0.07142857142857142,0.0,1,14,305,normal_bonferroni,1.0,0.00035629999911179766
1.0,0.07142857142857142,0.0,1,14,305,multiplier,1.0,0.0032028000059654005
1.0,0.07142857142857142,0.0,1,14,305,exact_bonferroni,1.0,0.0009465000039199367
1.0,0.0,0.0,0,14,305,hoeffding,1.0,0.00036279999767430127
1.0,0.07142857142857142,0.0,1,14,305,holm,,0.0004914000019198284
1.0,0.6428571428571429,0.0,9,14,306,pointwise,0.0,0.0006330999967758544
1.0,0.42857142857142855,0.0,6,14,306,normal_bonferroni,1.0,0.0006009999997331761
1.0,0.42857142857142855,0.0,6,14,306,multiplier,1.0,0.0036410000029718503
1.0,0.42857142857142855,0.0,6,14,306,exact_bonferroni,1.0,0.0013495999955921434
1.0,0.21428571428571427,0.0,3,14,306,hoeffding,1.0,0.0003063000040128827
1.0,0.42857142857142855,0.0,6,14,306,holm,,0.000291000003926456
1.0,0.5,0.0,7,14,307,pointwise,1.0,0.0006616999962716363
1.0,0.21428571428571427,0.0,3,14,307,normal_bonferroni,1.0,0.0007282999940798618
1.0,0.21428571428571427,0.0,3,14,307,multiplier,1.0,0.0031240000025718473
1.0,0.21428571428571427,0.0,3,14,307,exact_bonferroni,1.0,0.0009642999939387664
1.0,0.07142857142857142,0.0,1,14,307,hoeffding,1.0,0.0003361999988555908
1.0,0.21428571428571427,0.0,3,14,307,holm,,0.0004552999962470494
0.0,0.5714285714285714,0.1111111111111111,9,14,308,pointwise,0.0,0.0005837999997311272
1.0,0.35714285714285715,0.0,5,14,308,normal_bonferroni,1.0,0.0007283000013558194
1.0,0.35714285714285715,0.0,5,14,308,multiplier,1.0,0.002812499995343387
1.0,0.35714285714285715,0.0,5,14,308,exact_bonferroni,1.0,0.0005267999949865043
1.0,0.2857142857142857,0.0,4,14,308,hoeffding,1.0,0.00017809999553719535
1.0,0.35714285714285715,0.0,5,14,308,holm,,0.0003616999965743162
1.0,0.42857142857142855,0.0,6,14,309,pointwise,0.0,0.000636500000837259
1.0,0.21428571428571427,0.0,3,14,309,normal_bonferroni,1.0,0.0003423999951337464
1.0,0.21428571428571427,0.0,3,14,309,multiplier,1.0,0.0029246999984025024
1.0,0.21428571428571427,0.0,3,14,309,exact_bonferroni,1.0,0.0009307000000262633
1.0,0.14285714285714285,0.0,2,14,309,hoeffding,1.0,0.00026059999800054356
1.0,0.21428571428571427,0.0,3,14,309,holm,,0.0003584000005503185
1.0,0.2857142857142857,0.0,4,14,310,pointwise,1.0,0.0005192000025999732
1.0,0.14285714285714285,0.0,2,14,310,normal_bonferroni,1.0,0.00032049999572336674
1.0,0.14285714285714285,0.0,2,14,310,multiplier,1.0,0.003034800000023097
1.0,0.07142857142857142,0.0,1,14,310,exact_bonferroni,1.0,0.0004695999959949404
1.0,0.0,0.0,0,14,310,hoeffding,1.0,0.00018619999900693074
1.0,0.07142857142857142,0.0,1,14,310,holm,,0.00016460000188089907
1.0,0.8571428571428571,0.0,12,14,311,pointwise,0.0,0.00019420000171521679
1.0,0.21428571428571427,0.0,3,14,311,normal_bonferroni,1.0,0.00016280000272672623
1.0,0.2857142857142857,0.0,4,14,311,multiplier,1.0,0.002468300001055468
1.0,0.21428571428571427,0.0,3,14,311,exact_bonferroni,1.0,0.0006522999974549748
1.0,0.21428571428571427,0.0,3,14,311,hoeffding,1.0,0.0002241000038338825
1.0,0.21428571428571427,0.0,3,14,311,holm,,0.0003004000027431175
1.0,0.21428571428571427,0.0,3,14,312,pointwise,1.0,0.0002316999962204136
1.0,0.14285714285714285,0.0,2,14,312,normal_bonferroni,1.0,0.00015700000221841037
1.0,0.14285714285714285,0.0,2,14,312,multiplier,1.0,0.00096010000561364
1.0,0.14285714285714285,0.0,2,14,312,exact_bonferroni,1.0,0.0005721999987144955
1.0,0.07142857142857142,0.0,1,14,312,hoeffding,1.0,0.00022280000121099874
1.0,0.14285714285714285,0.0,2,14,312,holm,,0.00030610000248998404
1.0,0.42857142857142855,0.0,6,14,313,pointwise,1.0,0.000378400000045076
1.0,0.2857142857142857,0.0,4,14,313,normal_bonferroni,1.0,0.00016880000475794077
1.0,0.2857142857142857,0.0,4,14,313,multiplier,1.0,0.003132499994535465
1.0,0.2857142857142857,0.0,4,14,313,exact_bonferroni,1.0,0.000625900000159163
1.0,0.14285714285714285,0.0,2,14,313,hoeffding,1.0,0.00012229999992996454
1.0,0.2857142857142857,0.0,4,14,313,holm,,0.00016490000416524708
1.0,0.5714285714285714,0.0,8,14,314,pointwise,0.0,0.0004928999987896532
1.0,0.35714285714285715,0.0,5,14,314,normal_bonferroni,1.0,0.00042669999675126746
1.0,0.35714285714285715,0.0,5,14,314,multiplier,1.0,0.0023545000003650784
1.0,0.35714285714285715,0.0,5,14,314,exact_bonferroni,1.0,0.0006297999934758991
1.0,0.07142857142857142,0.0,1,14,314,hoeffding,1.0,0.0002199000009568408
1.0,0.35714285714285715,0.0,5,14,314,holm,,0.00047500000073341653
1.0,0.42857142857142855,0.0,6,14,315,pointwise,0.0,0.0001871999993454665
1.0,0.21428571428571427,0.0,3,14,315,normal_bonferroni,1.0,0.00017690000095171854
1.0,0.2857142857142857,0.0,4,14,315,multiplier,1.0,0.0016177999932551757
1.0,0.21428571428571427,0.0,3,14,315,exact_bonferroni,1.0,0.0005689999961759895
1.0,0.07142857142857142,0.0,1,14,315,hoeffding,1.0,0.0001453000004403293
1.0,0.21428571428571427,0.0,3,14,315,holm,,0.00015900000289548188
1.0,0.5,0.0,7,14,316,pointwise,1.0,0.00020909999875584617
1.0,0.2857142857142857,0.0,4,14,316,normal_bonferroni,1.0,0.0001722999950288795
1.0,0.2857142857142857,0.0,4,14,316,multiplier,1.0,0.0016916000022320077
1.0,0.14285714285714285,0.0,2,14,316,exact_bonferroni,1.0,0.000258100000792183
1.0,0.0,0.0,0,14,316,hoeffding,1.0,8.97999998414889e-05
1.0,0.2857142857142857,0.0,4,14,316,holm,,0.0001229999979841523
1.0,0.6428571428571429,0.0,9,14,317,pointwise,1.0,0.00045739999768557027
1.0,0.21428571428571427,0.0,3,14,317,normal_bonferroni,1.0,0.0003643000018200837
1.0,0.21428571428571427,0.0,3,14,317,multiplier,1.0,0.0022565000035683624
1.0,0.14285714285714285,0.0,2,14,317,exact_bonferroni,1.0,0.00028639999800361693
1.0,0.07142857142857142,0.0,1,14,317,hoeffding,1.0,9.349999891128391e-05
1.0,0.14285714285714285,0.0,2,14,317,holm,,0.00012850000348407775
1.0,0.5,0.0,7,14,318,pointwise,1.0,0.00016820000018924475
1.0,0.14285714285714285,0.0,2,14,318,normal_bonferroni,1.0,0.00015180000627879053
1.0,0.14285714285714285,0.0,2,14,318,multiplier,1.0,0.0019350000002305023
1.0,0.14285714285714285,0.0,2,14,318,exact_bonferroni,1.0,0.0006103000050643459
1.0,0.14285714285714285,0.0,2,14,318,hoeffding,1.0,0.0002249000026495196
1.0,0.14285714285714285,0.0,2,14,318,holm,,0.00029380000341916457
1.0,0.6428571428571429,0.0,9,14,319,pointwise,0.0,0.00046570000267820433
1.0,0.35714285714285715,0.0,5,14,319,normal_bonferroni,1.0,0.00036109999928157777
1.0,0.35714285714285715,0.0,5,14,319,multiplier,1.0,0.0024254999952972867
1.0,0.2857142857142857,0.0,4,14,319,exact_bonferroni,1.0,0.00036109999928157777
1.0,0.2857142857142857,0.0,4,14,319,hoeffding,1.0,0.00011559999984456226
1.0,0.35714285714285715,0.0,5,14,319,holm,,0.00014689999807160348
1.0,0.5714285714285714,0.0,8,14,320,pointwise,0.0,0.00017870000010589138
1.0,0.35714285714285715,0.0,5,14,320,normal_bonferroni,1.0,0.00019800000154646114
1.0,0.35714285714285715,0.0,5,14,320,multiplier,1.0,0.0018965000053867698
1.0,0.35714285714285715,0.0,5,14,320,exact_bonferroni,1.0,0.0006059000006644055
1.0,0.14285714285714285,0.0,2,14,320,hoeffding,1.0,0.00021750000450992957
1.0,0.35714285714285715,0.0,5,14,320,holm,,0.00028949999978067353
1.0,0.35714285714285715,0.0,5,14,321,pointwise,1.0,0.000745400000596419
1.0,0.14285714285714285,0.0,2,14,321,normal_bonferroni,1.0,0.00020390000281622633
1.0,0.14285714285714285,0.0,2,14,321,multiplier,1.0,0.0015772999977343716
1.0,0.14285714285714285,0.0,2,14,321,exact_bonferroni,1.0,0.0002986000035889447
1.0,0.07142857142857142,0.0,1,14,321,hoeffding,1.0,9.340000542579219e-05
1.0,0.14285714285714285,0.0,2,14,321,holm,,0.00012820000119972974
1.0,0.5,0.0,7,14,322,pointwise,0.0,0.0004259999986970797
1.0,0.21428571428571427,0.0,3,14,322,normal_bonferroni,1.0,0.00042519999988144264
1.0,0.21428571428571427,0.0,3,14,322,multiplier,1.0,0.002038799997535534
1.0,0.21428571428571427,0.0,3,14,322,exact_bonferroni,1.0,0.0004780000017490238
1.0,0.21428571428571427,0.0,3,14,322,hoeffding,1.0,0.00010660000407369807
1.0,0.21428571428571427,0.0,3,14,322,holm,,0.00020569999469444156
1.0,0.42857142857142855,0.0,6,14,323,pointwise,1.0,0.00019469999824650586
1.0,0.07142857142857142,0.0,1,14,323,normal_bonferroni,1.0,0.00018680000357562676
1.0,0.07142857142857142,0.0,1,14,323,multiplier,1.0,0.001330399994913023
1.0,0.07142857142857142,0.0,1,14,323,exact_bonferroni,1.0,0.00056820000463631
1.0,0.0,0.0,0,14,323,hoeffding,1.0,0.00025440000172238797
1.0,0.07142857142857142,0.0,1,14,323,holm,,0.0004200000039418228
1.0,0.35714285714285715,0.0,5,14,324,pointwise,1.0,0.00015970000094966963
1.0,0.14285714285714285,0.0,2,14,324,normal_bonferroni,1.0,0.00014509999891743064
1.0,0.14285714285714285,0.0,2,14,324,multiplier,1.0,0.0011779999986174516
1.0,0.14285714285714285,0.0,2,14,324,exact_bonferroni,1.0,0.0006283999973675236
1.0,0.07142857142857142,0.0,1,14,324,hoeffding,1.0,0.00024159999884432182
1.0,0.14285714285714285,0.0,2,14,324,holm,,0.00029519999952754006
1.0,0.6428571428571429,0.0,9,14,325,pointwise,0.0,0.00037029999657534063
1.0,0.42857142857142855,0.0,6,14,325,normal_bonferroni,1.0,0.0003283000041847117
1.0,0.42857142857142855,0.0,6,14,325,multiplier,1.0,0.0013163000039639883
1.0,0.35714285714285715,0.0,5,14,325,exact_bonferroni,1.0,0.0002663000050233677
1.0,0.14285714285714285,0.0,2,14,325,hoeffding,1.0,9.310000314144418e-05
1.0,0.35714285714285715,0.0,5,14,325,holm,,0.00013129999570082873
1.0,0.6428571428571429,0.0,9,14,326,pointwise,0.0,0.0004697999975178391
1.0,0.5714285714285714,0.0,8,14,326,normal_bonferroni,1.0,0.00036019999970449135
1.0,0.5714285714285714,0.0,8,14,326,multiplier,1.0,0.0015710000006947666
1.0,0.35714285714285715,0.0,5,14,326,exact_bonferroni,1.0,0.0002741999996942468
1.0,0.14285714285714285,0.0,2,14,326,hoeffding,1.0,0.00013420000323094428
1.0,0.35714285714285715,0.0,5,14,326,holm,,0.00016190000314963982
1.0,0.42857142857142855,0.0,6,14,327,pointwise,1.0,0.00016369999502785504
1.0,0.07142857142857142,0.0,1,14,327,normal_bonferroni,1.0,0.0001412999990861863
1.0,0.14285714285714285,0.0,2,14,327,multiplier,1.0,0.0017477000001235865
1.0,0.07142857142857142,0.0,1,14,327,exact_bonferroni,1.0,0.0005517000026884489
1.0,0.07142857142857142,0.0,1,14,327,hoeffding,1.0,0.00019969999993918464
1.0,0.07142857142857142,0.0,1,14,327,holm,,0.0003473999968264252
1.0,0.5,0.0,7,14,328,pointwise,1.0,0.00038610000046901405
1.0,0.2857142857142857,0.0,4,14,328,normal_bonferroni,1.0,0.0003643000018200837
1.0,0.2857142857142857,0.0,4,14,328,multiplier,1.0,0.0013550000003306195
1.0,0.2857142857142857,0.0,4,14,328,exact_bonferroni,1.0,0.000243800001044292
1.0,0.07142857142857142,0.0,1,14,328,hoeffding,1.0,0.00010830000246642157
1.0,0.2857142857142857,0.0,4,14,328,holm,,0.00012670000432990491
1.0,0.6428571428571429,0.0,9,14,329,pointwise,0.0,0.0001999000014620833
1.0,0.21428571428571427,0.0,3,14,329,normal_bonferroni,1.0,0.00042010000470327213
1.0,0.2857142857142857,0.0,4,14,329,multiplier,1.0,0.0024241999999503605
1.0,0.21428571428571427,0.0,3,14,329,exact_bonferroni,1.0,0.00026059999800054356
1.0,0.14285714285714285,0.0,2,14,329,hoeffding,1.0,0.000500999994983431
1.0,0.21428571428571427,0.0,3,14,329,holm,,0.00015500000154133886
1.0,0.5,0.0,7,14,330,pointwise,1.0,0.00020080000103916973
1.0,0.14285714285714285,0.0,2,14,330,normal_bonferroni,1.0,0.00015520000306423753
1.0,0.14285714285714285,0.0,2,14,330,multiplier,1.0,0.0009804000001167879
1.0,0.14285714285714285,0.0,2,14,330,exact_bonferroni,1.0,0.00024649999977555126
1.0,0.07142857142857142,0.0,1,14,330,hoeffding,1.0,0.00020650000078603625
1.0,0.14285714285714285,0.0,2,14,330,holm,,0.00031769999623065814
1.0,0.5714285714285714,0.0,8,14,331,pointwise,0.0,0.000410699998610653
1.0,0.42857142857142855,0.0,6,14,331,normal_bonferroni,1.0,0.00034840000444091856
1.0,0.42857142857142855,0.0,6,14,331,multiplier,1.0,0.002398900003754534
1.0,0.2857142857142857,0.0,4,14,331,exact_bonferroni,1.0,0.0005403999966802076
1.0,0.21428571428571427,0.0,3,14,331,hoeffding,1.0,0.00023770000552758574
1.0,0.35714285714285715,0.0,5,14,331,holm,,0.0002888000017264858
1.0,0.35714285714285715,0.0,5,14,332,pointwise,1.0,0.0003754999997909181
1.0,0.2857142857142857,0.0,4,14,332,normal_bonferroni,1.0,0.0004015000013168901
1.0,0.2857142857142857,0.0,4,14,332,multiplier,1.0,0.0015764999989187345
1.0,0.21428571428571427,0.0,3,14,332,exact_bonferroni,1.0,0.00023850000434322283
1.0,0.21428571428571427,0.0,3,14,332,hoeffding,1.0,8.689999958733097e-05
1.0,0.2857142857142857,0.0,4,14,332,holm,,0.00011680000170599669
1.0,0.6428571428571429,0.0,9,14,333,pointwise,0.0,0.00034109999978682026
1.0,0.35714285714285715,0.0,5,14,333,normal_bonferroni,1.0,0.0003453999961493537
1.0,0.35714285714285715,0.0,5,14,333,multiplier,1.0,0.0018899999995483086
1.0,0.2857142857142857,0.0,4,14,333,exact_bonferroni,1.0,0.0003494000047794543
1.0,0.14285714285714285,0.0,2,14,333,hoeffding,1.0,0.0001747999995131977
1.0,0.2857142857142857,0.0,4,14,333,holm,,0.0001649999976507388
1.0,0.42857142857142855,0.0,6,14,334,pointwise,0.0,0.00017219999426743016
1.0,0.21428571428571427,0.0,3,14,334,normal_bonferroni,1.0,0.00017749999824445695
1.0,0.2857142857142857,0.0,4,14,334,multiplier,1.0,0.001102599999285303
1.0,0.21428571428571427,0.0,3,14,334,exact_bonferroni,1.0,0.0004445999948075041
1.0,0.14285714285714285,0.0,2,14,334,hoeffding,1.0,0.00016419999883510172
1.0,0.21428571428571427,0.0,3,14,334,holm,,0.00026000000070780516
1.0,0.6428571428571429,0.0,9,14,335,pointwise,0.0,0.00016969999705906957
1.0,0.35714285714285715,0.0,5,14,335,normal_bonferroni,1.0,0.00031120000494411215
1.0,0.35714285714285715,0.0,5,14,335,multiplier,1.0,0.00167420000070706
1.0,0.35714285714285715,0.0,5,14,335,exact_bonferroni,1.0,0.0004967999993823469
1.0,0.21428571428571427,0.0,3,14,335,hoeffding,1.0,0.00016630000027362257
1.0,0.35714285714285715,0.0,5,14,335,holm,,0.00021579999884124845
1.0,0.5714285714285714,0.0,8,14,336,pointwise,0.0,0.0002992000008816831
1.0,0.2857142857142857,0.0,4,14,336,normal_bonferroni,1.0,0.0003113999991910532
1.0,0.2857142857142857,0.0,4,14,336,multiplier,1.0,0.0016653000056976452
1.0,0.2857142857142857,0.0,4,14,336,exact_bonferroni,1.0,0.0004805999997188337
1.0,0.21428571428571427,0.0,3,14,336,hoeffding,1.0,0.00017130000196630135
1.0,0.2857142857142857,0.0,4,14,336,holm,,0.0002378999997745268
1.0,0.7142857142857143,0.0,10,14,337,pointwise,0.0,0.00021009999909438193
1.0,0.5,0.0,7,14,337,normal_bonferroni,1.0,0.00015549999807262793
1.0,0.5714285714285714,0.0,8,14,337,multiplier,1.0,0.000926900000195019
1.0,0.42857142857142855,0.0,6,14,337,exact_bonferroni,1.0,0.0005660000024363399
1.0,0.14285714285714285,0.0,2,14,337,hoeffding,1.0,0.0002303000001120381
1.0,0.5,0.0,7,14,337,holm,,0.00020850000146310776
1.0,0.42857142857142855,0.0,6,14,338,pointwise,1.0,0.0006046999988029711
1.0,0.35714285714285715,0.0,5,14,338,normal_bonferroni,1.0,0.00044470000284491107
1.0,0.35714285714285715,0.0,5,14,338,multiplier,1.0,0.0020922000039718114
1.0,0.35714285714285715,0.0,5,14,338,exact_bonferroni,1.0,0.0006594000005861744
1.0,0.07142857142857142,0.0,1,14,338,hoeffding,1.0,0.00026369999977760017
1.0,0.35714285714285715,0.0,5,14,338,holm,,0.00033319999783998355
1.0,0.35714285714285715,0.0,5,14,339,pointwise,1.0,0.0004122000027564354
1.0,0.35714285714285715,0.0,5,14,339,normal_bonferroni,1.0,0.00042720000055851415
1.0,0.35714285714285715,0.0,5,14,339,multiplier,1.0,0.0021863000001758337
1.0,0.35714285714285715,0.0,5,14,339,exact_bonferroni,1.0,0.00042469999607419595
1.0,0.07142857142857142,0.0,1,14,339,hoeffding,1.0,9.249999857274815e-05
1.0,0.35714285714285715,0.0,5,14,339,holm,,0.00012460000289138407
1.0,0.35714285714285715,0.0,5,14,340,pointwise,1.0,0.0002131000001099892
1.0,0.14285714285714285,0.0,2,14,340,normal_bonferroni,1.0,0.0001596000001882203
1.0,0.14285714285714285,0.0,2,14,340,multiplier,1.0,0.0014519999967887998
1.0,0.14285714285714285,0.0,2,14,340,exact_bonferroni,1.0,0.0005122000002302229
1.0,0.07142857142857142,0.0,1,14,340,hoeffding,1.0,0.00016799999866634607
1.0,0.14285714285714285,0.0,2,14,340,holm,,0.00022319999698083848
1.0,0.6428571428571429,0.0,9,14,341,pointwise,0.0,0.00017889999435283244
1.0,0.42857142857142855,0.0,6,14,341,normal_bonferroni,1.0,0.00014910000027157366
1.0,0.42857142857142855,0.0,6,14,341,multiplier,1.0,0.0013113999957568012
1.0,0.35714285714285715,0.0,5,14,341,exact_bonferroni,1.0,0.00026619999698596075
1.0,0.2857142857142857,0.0,4,14,341,hoeffding,1.0,8.959999831859022e-05
1.0,0.42857142857142855,0.0,6,14,341,holm,,0.00014869999722577631
1.0,0.5714285714285714,0.0,8,14,342,pointwise,0.0,0.00016660000255797058
1.0,0.35714285714285715,0.0,5,14,342,normal_bonferroni,1.0,0.0002736000024015084
1.0,0.35714285714285715,0.0,5,14,342,multiplier,1.0,0.002298999999766238
1.0,0.2857142857142857,0.0,4,14,342,exact_bonferroni,1.0,0.0005835999982082285
1.0,0.07142857142857142,0.0,1,14,342,hoeffding,1.0,0.0002634999982547015
1.0,0.2857142857142857,0.0,4,14,342,holm,,0.00020570000197039917
1.0,0.42857142857142855,0.0,6,14,343,pointwise,0.0,0.00036440000258153304
1.0,0.42857142857142855,0.0,6,14,343,normal_bonferroni,1.0,0.0003254999974160455
1.0,0.42857142857142855,0.0,6,14,343,multiplier,1.0,0.0015752000035718083
1.0,0.42857142857142855,0.0,6,14,343,exact_bonferroni,1.0,0.0002869000018108636
1.0,0.14285714285714285,0.0,2,14,343,hoeffding,1.0,9.429999772692099e-05
1.0,0.42857142857142855,0.0,6,14,343,holm,,0.0001714999962132424
1.0,0.35714285714285715,0.0,5,14,344,pointwise,1.0,0.00016370000230381265
1.0,0.21428571428571427,0.0,3,14,344,normal_bonferroni,1.0,0.00040609999996377155
1.0,0.21428571428571427,0.0,3,14,344,multiplier,1.0,0.0015467999983229674
1.0,0.21428571428571427,0.0,3,14,344,exact_bonferroni,1.0,0.0005835999982082285
1.0,0.07142857142857142,0.0,1,14,344,hoeffding,1.0,0.0002055000004475005
1.0,0.21428571428571427,0.0,3,14,344,holm,,0.00026280000020051375
1.0,0.5,0.0,7,14,345,pointwise,0.0,0.0003963000053772703
1.0,0.42857142857142855,0.0,6,14,345,normal_bonferroni,1.0,0.00031660000240663067
1.0,0.42857142857142855,0.0,6,14,345,multiplier,1.0,0.0024992000035126694
1.0,0.42857142857142855,0.0,6,14,345,exact_bonferroni,1.0,0.0010827000005519949
1.0,0.07142857142857142,0.0,1,14,345,hoeffding,1.0,0.0003702000030898489
1.0,0.42857142857142855,0.0,6,14,345,holm,,0.0013281999999890104
1.0,0.5,0.0,7,14,346,pointwise,0.0,0.0006759000025340356
1.0,0.07142857142857142,0.0,1,14,346,normal_bonferroni,1.0,0.0006644999957643449
1.0,0.14285714285714285,0.0,2,14,346,multiplier,1.0,0.0031856000059633516
1.0,0.07142857142857142,0.0,1,14,346,exact_bonferroni,1.0,0.0009088000006158836
1.0,0.07142857142857142,0.0,1,14,346,hoeffding,1.0,0.00031650000164518133
1.0,0.07142857142857142,0.0,1,14,346,holm,,0.0004633999997167848
1.0,0.5714285714285714,0.0,8,14,347,pointwise,1.0,0.0006001000001560897
1.0,0.2857142857142857,0.0,4,14,347,normal_bonferroni,1.0,0.0005903000055695884
1.0,0.2857142857142857,0.0,4,14,347,multiplier,1.0,0.004059200000483543
1.0,0.2857142857142857,0.0,4,14,347,exact_bonferroni,1.0,0.001013499997498002
1.0,0.0,0.0,0,14,347,hoeffding,1.0,0.0003521999969962053
1.0,0.2857142857142857,0.0,4,14,347,holm,,0.0005186999987927265
1.0,0.7142857142857143,0.0,10,14,348,pointwise,0.0,0.0006828000041423365
1.0,0.5,0.0,7,14,348,normal_bonferroni,1.0,0.0006214999957592227
1.0,0.5,0.0,7,14,348,multiplier,1.0,0.003301200005807914
1.0,0.42857142857142855,0.0,6,14,348,exact_bonferroni,1.0,0.0009165000010398217
1.0,0.14285714285714285,0.0,2,14,348,hoeffding,1.0,0.000312700001813937
1.0,0.5,0.0,7,14,348,holm,,0.00045730000420007855
1.0,0.5,0.0,7,14,349,pointwise,1.0,0.0013865000000805594
1.0,0.21428571428571427,0.0,3,14,349,normal_bonferroni,1.0,0.0011804999958258122
1.0,0.2857142857142857,0.0,4,14,349,multiplier,1.0,0.004011199998785742
1.0,0.21428571428571427,0.0,3,14,349,exact_bonferroni,1.0,0.0009847999972407706
1.0,0.07142857142857142,0.0,1,14,349,hoeffding,1.0,0.0003445000038482249
1.0,0.21428571428571427,0.0,3,14,349,holm,,0.0005095000014989637
1.0,0.42857142857142855,0.0,6,14,350,pointwise,0.0,0.0006180999989737757
1.0,0.21428571428571427,0.0,3,14,350,normal_bonferroni,1.0,0.0005873999980394728
1.0,0.21428571428571427,0.0,3,14,350,multiplier,1.0,0.00326620000123512
1.0,0.21428571428571427,0.0,3,14,350,exact_bonferroni,1.0,0.000559599997359328
1.0,0.07142857142857142,0.0,1,14,350,hoeffding,1.0,0.00018959999579237774
1.0,0.21428571428571427,0.0,3,14,350,holm,,0.00028029999521095306
1.0,0.5714285714285714,0.0,8,14,351,pointwise,0.0,0.0006399999983841553
1.0,0.2857142857142857,0.0,4,14,351,normal_bonferroni,1.0,0.0007479000050807372
1.0,0.42857142857142855,0.0,6,14,351,multiplier,1.0,0.0021164999998291023
1.0,0.2857142857142857,0.0,4,14,351,exact_bonferroni,1.0,0.0009271999952034093
1.0,0.21428571428571427,0.0,3,14,351,hoeffding,1.0,0.00032130000181496143
1.0,0.2857142857142857,0.0,4,14,351,holm,,0.0004642000058083795
1.0,0.35714285714285715,0.0,5,14,352,pointwise,1.0,0.0006055000048945658
1.0,0.14285714285714285,0.0,2,14,352,normal_bonferroni,1.0,0.0006073999975342304
1.0,0.14285714285714285,0.0,2,14,352,multiplier,1.0,0.0031398999999510124
1.0,0.14285714285714285,0.0,2,14,352,exact_bonferroni,1.0,0.0005106000025989488
1.0,0.14285714285714285,0.0,2,14,352,hoeffding,1.0,0.00017899999511428177
1.0,0.14285714285714285,0.0,2,14,352,holm,,0.00026529999740887433
1.0,0.7857142857142857,0.0,11,14,353,pointwise,0.0,0.00043450000521261245
1.0,0.42857142857142855,0.0,6,14,353,normal_bonferroni,1.0,0.0003636999972513877
1.0,0.5,0.0,7,14,353,multiplier,1.0,0.0028894999995827675
1.0,0.42857142857142855,0.0,6,14,353,exact_bonferroni,1.0,0.000981800003501121
1.0,0.14285714285714285,0.0,2,14,353,hoeffding,1.0,0.00032380000629927963
1.0,0.42857142857142855,0.0,6,14,353,holm,,0.0004633999997167848
1.0,0.21428571428571427,0.0,3,14,354,pointwise,1.0,0.0006195999958436005
1.0,0.21428571428571427,0.0,3,14,354,normal_bonferroni,1.0,0.0006637000042246655
1.0,0.21428571428571427,0.0,3,14,354,multiplier,1.0,0.0027002999995602295
1.0,0.07142857142857142,0.0,1,14,354,exact_bonferroni,1.0,0.0005168999996385537
1.0,0.07142857142857142,0.0,1,14,354,hoeffding,1.0,0.00017920000391313806
1.0,0.07142857142857142,0.0,1,14,354,holm,,0.00030130000232020393
1.0,0.5,0.0,7,14,355,pointwise,1.0,0.0006103000050643459
1.0,0.07142857142857142,0.0,1,14,355,normal_bonferroni,1.0,0.0009418999979970977
1.0,0.07142857142857142,0.0,1,14,355,multiplier,1.0,0.0032097999937832355
1.0,0.07142857142857142,0.0,1,14,355,exact_bonferroni,1.0,0.0009135000000242144
1.0,0.0,0.0,0,14,355,hoeffding,1.0,0.0003360999980941415
1.0,0.07142857142857142,0.0,1,14,355,holm,,0.0004995999988750555
1.0,0.5,0.0,7,14,356,pointwise,1.0,0.0006981000042287633
1.0,0.21428571428571427,0.0,3,14,356,normal_bonferroni,1.0,0.0006483999968622811
1.0,0.21428571428571427,0.0,3,14,356,multiplier,1.0,0.003333300002850592
1.0,0.21428571428571427,0.0,3,14,356,exact_bonferroni,1.0,0.000930299996980466
1.0,0.07142857142857142,0.0,1,14,356,hoeffding,1.0,0.00032869999995455146
1.0,0.21428571428571427,0.0,3,14,356,holm,,0.0005216999998083338
1.0,0.7142857142857143,0.0,10,14,357,pointwise,0.0,0.0007479999985662289
1.0,0.2857142857142857,0.0,4,14,357,normal_bonferroni,1.0,0.0003635000030044466
1.0,0.2857142857142857,0.0,4,14,357,multiplier,1.0,0.0026900000011664815
1.0,0.21428571428571427,0.0,3,14,357,exact_bonferroni,1.0,0.0009389999977429397
1.0,0.21428571428571427,0.0,3,14,357,hoeffding,1.0,0.0003484999979264103
1.0,0.21428571428571427,0.0,3,14,357,holm,,0.0005498000027728267
1.0,0.5,0.0,7,14,358,pointwise,0.0,0.0007102999952621758
1.0,0.2857142857142857,0.0,4,14,358,normal_bonferroni,1.0,0.0006264000039664097
1.0,0.2857142857142857,0.0,4,14,358,multiplier,1.0,0.0032279000006383285
1.0,0.2857142857142857,0.0,4,14,358,exact_bonferroni,1.0,0.0008899999957066029
1.0,0.2857142857142857,0.0,4,14,358,hoeffding,1.0,0.00031510000553680584
1.0,0.2857142857142857,0.0,4,14,358,holm,,0.0005116000029374845
1.0,0.35714285714285715,0.0,5,14,359,pointwise,1.0,0.0006429999993997626
1.0,0.21428571428571427,0.0,3,14,359,normal_bonferroni,1.0,0.0005759999985457398
1.0,0.21428571428571427,0.0,3,14,359,multiplier,1.0,0.002791799997794442
1.0,0.21428571428571427,0.0,3,14,359,exact_bonferroni,1.0,0.0005291999987093732
1.0,0.14285714285714285,0.0,2,14,359,hoeffding,1.0,0.0001899999988381751
1.0,0.21428571428571427,0.0,3,14,359,holm,,0.0002671999973244965
1.0,0.5,0.0,7,14,360,pointwise,0.0,0.000541599998541642
1.0,0.35714285714285715,0.0,5,14,360,normal_bonferroni,1.0,0.0003491000024951063
1.0,0.35714285714285715,0.0,5,14,360,multiplier,1.0,0.002541300003940705
1.0,0.21428571428571427,0.0,3,14,360,exact_bonferroni,1.0,0.0008509999970556237
1.0,0.0,0.0,0,14,360,hoeffding,1.0,0.00029830000130459666
1.0,0.35714285714285715,0.0,5,14,360,holm,,0.0004639000035240315
1.0,0.5,0.0,7,14,361,pointwise,1.0,0.0006244999967748299
1.0,0.2857142857142857,0.0,4,14,361,normal_bonferroni,1.0,0.0005690000034519471
1.0,0.2857142857142857,0.0,4,14,361,multiplier,1.0,0.003107399999862537
1.0,0.2857142857142857,0.0,4,14,361,exact_bonferroni,1.0,0.0006636999969487078
1.0,0.14285714285714285,0.0,2,14,361,hoeffding,1.0,0.0003324000063003041
1.0,0.2857142857142857,0.0,4,14,361,holm,,0.000683400001435075
1.0,0.5714285714285714,0.0,8,14,362,pointwise,1.0,0.0005910999971092679
1.0,0.35714285714285715,0.0,5,14,362,normal_bonferroni,1.0,0.0005500000042957254
1.0,0.35714285714285715,0.0,5,14,362,multiplier,1.0,0.0026050999949802645
1.0,0.35714285714285715,0.0,5,14,362,exact_bonferroni,1.0,0.0005909999963478185
1.0,0.21428571428571427,0.0,3,14,362,hoeffding,1.0,0.00030020000122021884
1.0,0.35714285714285715,0.0,5,14,362,holm,,0.0013479999979608692
1.0,0.7142857142857143,0.0,10,14,363,pointwise,1.0,0.0006053999968571588
1.0,0.2857142857142857,0.0,4,14,363,normal_bonferroni,1.0,0.0008054999998421408
1.0,0.2857142857142857,0.0,4,14,363,multiplier,1.0,0.0024052000007941388
1.0,0.21428571428571427,0.0,3,14,363,exact_bonferroni,1.0,0.000639899997622706
1.0,0.14285714285714285,0.0,2,14,363,hoeffding,1.0,0.00020569999469444156
1.0,0.21428571428571427,0.0,3,14,363,holm,,0.0002810000005410984
1.0,0.5,0.0,7,14,364,pointwise,1.0,0.0006245000040507875
1.0,0.2857142857142857,0.0,4,14,364,normal_bonferroni,1.0,0.0005756000027759001
1.0,0.2857142857142857,0.0,4,14,364,multiplier,1.0,0.003166599999531172
1.0,0.2857142857142857,0.0,4,14,364,exact_bonferroni,1.0,0.0008534000007784925
1.0,0.14285714285714285,0.0,2,14,364,hoeffding,1.0,0.00029720000020461157
1.0,0.2857142857142857,0.0,4,14,364,holm,,0.000534699996933341
0.0,0.6428571428571429,0.1,10,14,365,pointwise,0.0,0.0003715999991982244
1.0,0.42857142857142855,0.0,6,14,365,normal_bonferroni,1.0,0.0004264999952283688
1.0,0.42857142857142855,0.0,6,14,365,multiplier,1.0,0.0030929999993531965
1.0,0.35714285714285715,0.0,5,14,365,exact_bonferroni,1.0,0.0008069999967119657
1.0,0.21428571428571427,0.0,3,14,365,hoeffding,1.0,0.0003556000010576099
1.0,0.35714285714285715,0.0,5,14,365,holm,,0.0004970000009052455
1.0,0.5714285714285714,0.0,8,14,366,pointwise,1.0,0.0006498000002466142
1.0,0.35714285714285715,0.0,5,14,366,normal_bonferroni,1.0,0.0006447000050684437
1.0,0.35714285714285715,0.0,5,14,366,multiplier,1.0,0.003213700001651887
1.0,0.35714285714285715,0.0,5,14,366,exact_bonferroni,1.0,0.0009530000024824403
1.0,0.21428571428571427,0.0,3,14,366,hoeffding,1.0,0.0003499999947962351
1.0,0.35714285714285715,0.0,5,14,366,holm,,0.000534399994648993
1.0,0.7857142857142857,0.0,11,14,367,pointwise,0.0,0.0006861000001663342
1.0,0.5714285714285714,0.0,8,14,367,normal_bonferroni,1.0,0.0006890999939059839
1.0,0.6428571428571429,0.0,9,14,367,multiplier,0.0,0.003928000005544163
1.0,0.5,0.0,7,14,367,exact_bonferroni,1.0,0.001024700002744794
1.0,0.2857142857142857,0.0,4,14,367,hoeffding,1.0,0.0003710999953909777
1.0,0.5714285714285714,0.0,8,14,367,holm,,0.000541299996257294
1.0,0.42857142857142855,0.0,6,14,368,pointwise,1.0,0.0007016000017756596
1.0,0.14285714285714285,0.0,2,14,368,normal_bonferroni,1.0,0.0008851999955368228
1.0,0.21428571428571427,0.0,3,14,368,multiplier,1.0,0.00394889999734005
1.0,0.07142857142857142,0.0,1,14,368,exact_bonferroni,1.0,0.0012139999962528236
1.0,0.07142857142857142,0.0,1,14,368,hoeffding,1.0,0.000385600003937725
1.0,0.07142857142857142,0.0,1,14,368,holm,,0.0006148999964352697
1.0,0.5,0.0,7,14,369,pointwise,1.0,0.0007935000030556694
1.0,0.21428571428571427,0.0,3,14,369,normal_bonferroni,1.0,0.0007874000002630055
1.0,0.21428571428571427,0.0,3,14,369,multiplier,1.0,0.004507199999352451
1.0,0.14285714285714285,0.0,2,14,369,exact_bonferroni,1.0,0.000618500002019573
1.0,0.14285714285714285,0.0,2,14,369,hoeffding,1.0,0.00020570000197039917
1.0,0.14285714285714285,0.0,2,14,369,holm,,0.000607400004810188
1.0,0.35714285714285715,0.0,5,14,370,pointwise,1.0,0.0010385000059613958
1.0,0.2857142857142857,0.0,4,14,370,normal_bonferroni,1.0,0.00073079999856418
1.0,0.2857142857142857,0.0,4,14,370,multiplier,1.0,0.002577300001576077
1.0,0.2857142857142857,0.0,4,14,370,exact_bonferroni,1.0,0.0009944000048562884
1.0,0.14285714285714285,0.0,2,14,370,hoeffding,1.0,0.0009204000016325153
1.0,0.2857142857142857,0.0,4,14,370,holm,,0.0005495000004884787
1.0,0.6428571428571429,0.0,9,14,371,pointwise,0.0,0.0003924000047845766
1.0,0.2857142857142857,0.0,4,14,371,normal_bonferroni,1.0,0.0004453000001376495
1.0,0.35714285714285715,0.0,5,14,371,multiplier,1.0,0.0035934999978053384
1.0,0.2857142857142857,0.0,4,14,371,exact_bonferroni,1.0,0.0009213000012096018
1.0,0.21428571428571427,0.0,3,14,371,hoeffding,1.0,0.00034890000097220764
1.0,0.2857142857142857,0.0,4,14,371,holm,,0.0005074000000604428
0.0,0.9285714285714286,0.07142857142857142,14,14,372,pointwise,0.0,0.0006424999955925159
1.0,0.6428571428571429,0.0,9,14,372,normal_bonferroni,0.0,0.0006850999998277985
1.0,0.6428571428571429,0.0,9,14,372,multiplier,0.0,0.0022089999984018505
1.0,0.6428571428571429,0.0,9,14,372,exact_bonferroni,1.0,0.0007232999996631406
1.0,0.42857142857142855,0.0,6,14,372,hoeffding,1.0,0.00018350000027567148
1.0,0.6428571428571429,0.0,9,14,372,holm,,0.00027370000316295773
0.0,0.5,0.125,8,14,373,pointwise,0.0,0.0006550000034621917
1.0,0.42857142857142855,0.0,6,14,373,normal_bonferroni,1.0,0.0006232000014279038
1.0,0.42857142857142855,0.0,6,14,373,multiplier,1.0,0.0037497000012081116
1.0,0.42857142857142855,0.0,6,14,373,exact_bonferroni,1.0,0.0009910000007948838
1.0,0.2857142857142857,0.0,4,14,373,hoeffding,1.0,0.0003619999988586642
1.0,0.42857142857142855,0.0,6,14,373,holm,,0.000494699997943826
1.0,0.42857142857142855,0.0,6,14,374,pointwise,1.0,0.0006766000005882233
1.0,0.35714285714285715,0.0,5,14,374,normal_bonferroni,1.0,0.0006254999971133657
1.0,0.35714285714285715,0.0,5,14,374,multiplier,1.0,0.003278600001067389
1.0,0.35714285714285715,0.0,5,14,374,exact_bonferroni,1.0,0.0010927999974228442
1.0,0.07142857142857142,0.0,1,14,374,hoeffding,1.0,0.00026229999639326707
1.0,0.35714285714285715,0.0,5,14,374,holm,,0.0003515999997034669
1.0,0.5714285714285714,0.0,8,14,375,pointwise,0.0,0.00041259999852627516
1.0,0.2857142857142857,0.0,4,14,375,normal_bonferroni,1.0,0.000662200000078883
1.0,0.2857142857142857,0.0,4,14,375,multiplier,1.0,0.003400800000235904
1.0,0.21428571428571427,0.0,3,14,375,exact_bonferroni,1.0,0.0010466999956406653
1.0,0.14285714285714285,0.0,2,14,375,hoeffding,1.0,0.00037460000021383166
1.0,0.21428571428571427,0.0,3,14,375,holm,,0.00048210000386461616
1.0,0.5,0.0,7,14,376,pointwise,1.0,0.0003882000019075349
1.0,0.14285714285714285,0.0,2,14,376,normal_bonferroni,1.0,0.0003333000058773905
1.0,0.14285714285714285,0.0,2,14,376,multiplier,1.0,0.0027859000038006343
1.0,0.07142857142857142,0.0,1,14,376,exact_bonferroni,1.0,0.0005220999955781735
1.0,0.07142857142857142,0.0,1,14,376,hoeffding,1.0,0.00019489999976940453
1.0,0.07142857142857142,0.0,1,14,376,holm,,0.00026559999969322234
1.0,0.42857142857142855,0.0,6,14,377,pointwise,0.0,0.0006731999965268187
1.0,0.42857142857142855,0.0,6,14,377,normal_bonferroni,1.0,0.0005934000000706874
1.0,0.42857142857142855,0.0,6,14,377,multiplier,1.0,0.0032111999971675687
1.0,0.2857142857142857,0.0,4,14,377,exact_bonferroni,1.0,0.0008711999980732799
1.0,0.14285714285714285,0.0,2,14,377,hoeffding,1.0,0.00046290000318549573
1.0,0.42857142857142855,0.0,6,14,377,holm,,0.0006825999953434803
1.0,0.35714285714285715,0.0,5,14,378,pointwise,0.0,0.00034500000037951395
1.0,0.2857142857142857,0.0,4,14,378,normal_bonferroni,1.0,0.0005688999954145402
1.0,0.2857142857142857,0.0,4,14,378,multiplier,1.0,0.0031694000062998384
1.0,0.21428571428571427,0.0,3,14,378,exact_bonferroni,1.0,0.0008168000058503821
1.0,0.21428571428571427,0.0,3,14,378,hoeffding,1.0,0.0003572999994503334
1.0,0.21428571428571427,0.0,3,14,378,holm,,0.00046039999870117754
1.0,0.5714285714285714,0.0,8,14,379,pointwise,0.0,0.00035170000046491623
1.0,0.35714285714285715,0.0,5,14,379,normal_bonferroni,1.0,0.00043620000360533595
1.0,0.35714285714285715,0.0,5,14,379,multiplier,1.0,0.003959800000302494
1.0,0.2857142857142857,0.0,4,14,379,exact_bonferroni,1.0,0.001185000000987202
1.0,0.14285714285714285,0.0,2,14,379,hoeffding,1.0,0.0003715999991982244
1.0,0.2857142857142857,0.0,4,14,379,holm,,0.0005208000002312474
0.0,0.7142857142857143,0.09090909090909091,11,14,380,pointwise,0.0,0.0006954999989829957
1.0,0.42857142857142855,0.0,6,14,380,normal_bonferroni,1.0,0.0006300000022747554
1.0,0.5,0.0,7,14,380,multiplier,1.0,0.0032795000006444752
1.0,0.42857142857142855,0.0,6,14,380,exact_bonferroni,1.0,0.0009699999936856329
1.0,0.21428571428571427,0.0,3,14,380,hoeffding,1.0,0.00034869999944930896
1.0,0.42857142857142855,0.0,6,14,380,holm,,0.00038609999319305643
1.0,0.8571428571428571,0.0,12,14,381,pointwise,0.0,0.0004014000005554408
1.0,0.6428571428571429,0.0,9,14,381,normal_bonferroni,1.0,0.0003674000035971403
1.0,0.6428571428571429,0.0,9,14,381,multiplier,1.0,0.002483399999618996
1.0,0.5,0.0,7,14,381,exact_bonferroni,1.0,0.0007974999971338548
1.0,0.2857142857142857,0.0,4,14,381,hoeffding,1.0,0.0004008000032627024
1.0,0.6428571428571429,0.0,9,14,381,holm,,0.000534200000402052
1.0,0.35714285714285715,0.0,5,14,382,pointwise,1.0,0.0006355000004987232
1.0,0.14285714285714285,0.0,2,14,382,normal_bonferroni,1.0,0.0006026000046404079
1.0,0.14285714285714285,0.0,2,14,382,multiplier,1.0,0.0032002999942051247
1.0,0.14285714285714285,0.0,2,14,382,exact_bonferroni,1.0,0.000873099997988902
1.0,0.0,0.0,0,14,382,hoeffding,1.0,0.0008411000017076731
1.0,0.14285714285714285,0.0,2,14,382,holm,,0.00048769999557407573
1.0,0.21428571428571427,0.0,3,14,383,pointwise,1.0,0.000585900001169648
1.0,0.07142857142857142,0.0,1,14,383,normal_bonferroni,1.0,0.0006072000032872893
1.0,0.07142857142857142,0.0,1,14,383,multiplier,1.0,0.003402299997105729
1.0,0.07142857142857142,0.0,1,14,383,exact_bonferroni,1.0,0.0008755000017117709
1.0,0.0,0.0,0,14,383,hoeffding,1.0,0.00035599999682744965
1.0,0.07142857142857142,0.0,1,14,383,holm,,0.0004690000059781596
1.0,0.35714285714285715,0.0,5,14,384,pointwise,1.0,0.0005963000003248453
1.0,0.14285714285714285,0.0,2,14,384,normal_bonferroni,1.0,0.0005454999991343357
1.0,0.14285714285714285,0.0,2,14,384,multiplier,1.0,0.002885599998990074
1.0,0.14285714285714285,0.0,2,14,384,exact_bonferroni,1.0,0.0010127999994438142
1.0,0.07142857142857142,0.0,1,14,384,hoeffding,1.0,0.00019829999655485153
1.0,0.14285714285714285,0.0,2,14,384,holm,,0.00027039999986300245
1.0,0.35714285714285715,0.0,5,14,385,pointwise,1.0,0.0005271000045468099
1.0,0.14285714285714285,0.0,2,14,385,normal_bonferroni,1.0,0.0010085000030812807
1.0,0.14285714285714285,0.0,2,14,385,multiplier,1.0,0.002957199998490978
1.0,0.14285714285714285,0.0,2,14,385,exact_bonferroni,1.0,0.001060899994627107
1.0,0.07142857142857142,0.0,1,14,385,hoeffding,1.0,0.00033239999902434647
1.0,0.14285714285714285,0.0,2,14,385,holm,,0.00044639999396167696
1.0,0.42857142857142855,0.0,6,14,386,pointwise,1.0,0.0005744999943999574
1.0,0.21428571428571427,0.0,3,14,386,normal_bonferroni,1.0,0.0006320999964373186
1.0,0.2857142857142857,0.0,4,14,386,multiplier,1.0,0.002576999999291729
1.0,0.21428571428571427,0.0,3,14,386,exact_bonferroni,1.0,0.0005140000066603534
1.0,0.14285714285714285,0.0,2,14,386,hoeffding,1.0,0.0002717000024858862
1.0,0.21428571428571427,0.0,3,14,386,holm,,0.000436700000136625
1.0,0.6428571428571429,0.0,9,14,387,pointwise,0.0,0.0014198999997461215
1.0,0.42857142857142855,0.0,6,14,387,normal_bonferroni,1.0,0.00040530000114813447
1.0,0.42857142857142855,0.0,6,14,387,multiplier,1.0,0.002873199999157805
1.0,0.35714285714285715,0.0,5,14,387,exact_bonferroni,1.0,0.0002860000022337772
1.0,0.2857142857142857,0.0,4,14,387,hoeffding,1.0,0.00011110000195913017
1.0,0.42857142857142855,0.0,6,14,387,holm,,0.00016619999951217324
1.0,0.42857142857142855,0.0,6,14,388,pointwise,1.0,0.0006155000010039657
1.0,0.35714285714285715,0.0,5,14,388,normal_bonferroni,1.0,0.0005070000042906031
1.0,0.35714285714285715,0.0,5,14,388,multiplier,1.0,0.0021946999986539595
1.0,0.35714285714285715,0.0,5,14,388,exact_bonferroni,1.0,0.000513600003614556
1.0,0.14285714285714285,0.0,2,14,388,hoeffding,1.0,0.00041900000360328704
1.0,0.35714285714285715,0.0,5,14,388,holm,,0.00035940000088885427
0.0,0.8571428571428571,0.07692307692307693,13,14,389,pointwise,0.0,0.00031429999944521114
1.0,0.5,0.0,7,14,389,normal_bonferroni,1.0,0.00028369999927235767
1.0,0.5,0.0,7,14,389,multiplier,1.0,0.0017328999965684488
1.0,0.5,0.0,7,14,389,exact_bonferroni,1.0,0.00044270000216783956
1.0,0.2857142857142857,0.0,4,14,389,hoeffding,1.0,0.00016689999756636098
1.0,0.5,0.0,7,14,389,holm,,0.00022659999376628548
1.0,0.14285714285714285,0.0,2,14,390,pointwise,1.0,0.00026989999605575576
1.0,0.14285714285714285,0.0,2,14,390,normal_bonferroni,1.0,0.0002082999999402091
1.0,0.14285714285714285,0.0,2,14,390,multiplier,1.0,0.001523299994005356
1.0,0.14285714285714285,0.0,2,14,390,exact_bonferroni,1.0,0.0004737999988719821
1.0,0.07142857142857142,0.0,1,14,390,hoeffding,1.0,0.0001714000027277507
1.0,0.14285714285714285,0.0,2,14,390,holm,,0.0002282999994349666
1.0,0.5,0.0,7,14,391,pointwise,0.0,0.00032810000266181305
1.0,0.42857142857142855,0.0,6,14,391,normal_bonferroni,1.0,0.0004609000025084242
1.0,0.42857142857142855,0.0,6,14,391,multiplier,1.0,0.001920599999721162
1.0,0.42857142857142855,0.0,6,14,391,exact_bonferroni,1.0,0.0007498000049963593
1.0,0.07142857142857142,0.0,1,14,391,hoeffding,1.0,0.00023499999952036887
1.0,0.42857142857142855,0.0,6,14,391,holm,,0.00030250000418163836
1.0,0.35714285714285715,0.0,5,14,392,pointwise,1.0,0.0004135999988648109
1.0,0.07142857142857142,0.0,1,14,392,normal_bonferroni,1.0,0.0003589999978430569
1.0,0.07142857142857142,0.0,1,14,392,multiplier,1.0,0.0022689000034006312
1.0,0.0,0.0,0,14,392,exact_bonferroni,1.0,0.0005721999987144955
1.0,0.0,0.0,0,14,392,hoeffding,1.0,0.00021940000442555174
1.0,0.0,0.0,0,14,392,holm,,0.00033310000435449183
1.0,0.5,0.0,7,14,393,pointwise,1.0,0.0003662000017357059
1.0,0.2857142857142857,0.0,4,14,393,normal_bonferroni,1.0,0.00040869999793358147
1.0,0.35714285714285715,0.0,5,14,393,multiplier,1.0,0.00116859999980079
1.0,0.2857142857142857,0.0,4,14,393,exact_bonferroni,1.0,0.00026340000476920977
1.0,0.21428571428571427,0.0,3,14,393,hoeffding,1.0,9.630000567995012e-05
1.0,0.2857142857142857,0.0,4,14,393,holm,,0.00017949999892152846
1.0,0.35714285714285715,0.0,5,14,394,pointwise,1.0,0.0004445999948075041
1.0,0.14285714285714285,0.0,2,14,394,normal_bonferroni,1.0,0.00041960000089602545
1.0,0.14285714285714285,0.0,2,14,394,multiplier,1.0,0.0025162000019918196
1.0,0.14285714285714285,0.0,2,14,394,exact_bonferroni,1.0,0.00043480000022100285
1.0,0.07142857142857142,0.0,1,14,394,hoeffding,1.0,0.00014229999942472205
1.0,0.14285714285714285,0.0,2,14,394,holm,,0.00017279999883612618
1.0,0.42857142857142855,0.0,6,14,395,pointwise,1.0,0.00020840000070165843
1.0,0.2857142857142857,0.0,4,14,395,normal_bonferroni,1.0,0.0002714000002015382
1.0,0.2857142857142857,0.0,4,14,395,multiplier,1.0,0.002405799998086877
1.0,0.21428571428571427,0.0,3,14,395,exact_bonferroni,1.0,0.0006435000032070093
1.0,0.07142857142857142,0.0,1,14,395,hoeffding,1.0,0.00022960000205785036
1.0,0.21428571428571427,0.0,3,14,395,holm,,0.00016870000399649143
1.0,0.9285714285714286,0.0,13,14,396,pointwise,0.0,0.000393000002077315
1.0,0.8571428571428571,0.0,12,14,396,normal_bonferroni,0.0,0.00042360000225016847
1.0,0.8571428571428571,0.0,12,14,396,multiplier,0.0,0.0021797999943373725
1.0,0.6428571428571429,0.0,9,14,396,exact_bonferroni,0.0,0.000981800003501121
1.0,0.5714285714285714,0.0,8,14,396,hoeffding,1.0,0.00019800000154646114
1.0,0.8571428571428571,0.0,12,14,396,holm,,0.00021359999664127827
1.0,0.6428571428571429,0.0,9,14,397,pointwise,0.0,0.00019659999816212803
1.0,0.35714285714285715,0.0,5,14,397,normal_bonferroni,1.0,0.00017210000078193843
1.0,0.35714285714285715,0.0,5,14,397,multiplier,1.0,0.0012678999992203899
1.0,0.35714285714285715,0.0,5,14,397,exact_bonferroni,1.0,0.0003296999930171296
1.0,0.14285714285714285,0.0,2,14,397,hoeffding,1.0,9.390000195708126e-05
1.0,0.35714285714285715,0.0,5,14,397,holm,,0.00016679999680491164
1.0,0.5,0.0,7,14,398,pointwise,1.0,0.00017150000348920003
1.0,0.14285714285714285,0.0,2,14,398,normal_bonferroni,1.0,0.00034949999826494604
1.0,0.14285714285714285,0.0,2,14,398,multiplier,1.0,0.0022434999991673976
1.0,0.14285714285714285,0.0,2,14,398,exact_bonferroni,1.0,0.00025689999893074855
1.0,0.0,0.0,0,14,398,hoeffding,1.0,9.019999561132863e-05
1.0,0.14285714285714285,0.0,2,14,398,holm,,0.00014430000010179356
1.0,0.9285714285714286,0.0,13,14,399,pointwise,0.0,0.00018360000103712082
1.0,0.5,0.0,7,14,399,normal_bonferroni,1.0,0.0001436000020476058
1.0,0.5,0.0,7,14,399,multiplier,1.0,0.0018186999950557947
1.0,0.5,0.0,7,14,399,exact_bonferroni,1.0,0.0005816999982926063
1.0,0.21428571428571427,0.0,3,14,399,hoeffding,1.0,0.00020870000298600644
1.0,0.5,0.0,7,14,399,holm,,0.00030700000206707045
1.0,0.5714285714285714,0.0,8,14,400,pointwise,0.0,0.00040240000089397654
1.0,0.21428571428571427,0.0,3,14,400,normal_bonferroni,1.0,0.0003376000022399239
1.0,0.21428571428571427,0.0,3,14,400,multiplier,1.0,0.0018926999982795678
1.0,0.14285714285714285,0.0,2,14,400,exact_bonferroni,1.0,0.0015066000050865114
1.0,0.07142857142857142,0.0,1,14,400,hoeffding,1.0,0.00029159999394323677
1.0,0.21428571428571427,0.0,3,14,400,holm,,0.0003369999976712279
1.0,0.5714285714285714,0.0,8,14,401,pointwise,0.0,0.0010567999997874722
1.0,0.2857142857142857,0.0,4,14,401,normal_bonferroni,1.0,0.0010975999975926243
1.0,0.2857142857142857,0.0,4,14,401,multiplier,1.0,0.0037255999995977618
1.0,0.21428571428571427,0.0,3,14,401,exact_bonferroni,1.0,0.0010951000003842637
1.0,0.07142857142857142,0.0,1,14,401,hoeffding,1.0,0.000374099996406585
1.0,0.2857142857142857,0.0,4,14,401,holm,,0.0006484000041382387
1.0,0.5714285714285714,0.0,8,14,402,pointwise,1.0,0.0006177000032039359
1.0,0.21428571428571427,0.0,3,14,402,normal_bonferroni,1.0,0.0007330000007641502
1.0,0.2857142857142857,0.0,4,14,402,multiplier,1.0,0.0029961000036564656
1.0,0.21428571428571427,0.0,3,14,402,exact_bonferroni,1.0,0.001914600004965905
1.0,0.0,0.0,0,14,402,hoeffding,1.0,0.0007284999956027605
1.0,0.21428571428571427,0.0,3,14,402,holm,,0.0007266000029630959
1.0,0.2857142857142857,0.0,4,14,403,pointwise,0.0,0.0009551999974064529
1.0,0.2857142857142857,0.0,4,14,403,normal_bonferroni,1.0,0.0008916000006138347
1.0,0.2857142857142857,0.0,4,14,403,multiplier,1.0,0.0044689000060316175
1.0,0.2857142857142857,0.0,4,14,403,exact_bonferroni,1.0,0.0006577000021934509
1.0,0.07142857142857142,0.0,1,14,403,hoeffding,1.0,0.00020220000442350283
1.0,0.2857142857142857,0.0,4,14,403,holm,,0.000658800003293436
1.0,0.5,0.0,7,14,404,pointwise,0.0,0.0006776000009267591
1.0,0.2857142857142857,0.0,4,14,404,normal_bonferroni,1.0,0.0003502999970805831
1.0,0.2857142857142857,0.0,4,14,404,multiplier,1.0,0.002413700000033714
1.0,0.2857142857142857,0.0,4,14,404,exact_bonferroni,1.0,0.0005689000026904978
1.0,0.14285714285714285,0.0,2,14,404,hoeffding,1.0,0.00018680000357562676
1.0,0.2857142857142857,0.0,4,14,404,holm,,0.00046770000335527584
1.0,0.5714285714285714,0.0,8,14,405,pointwise,1.0,0.0006066999994800426
1.0,0.2857142857142857,0.0,4,14,405,normal_bonferroni,1.0,0.0003789000038523227
1.0,0.2857142857142857,0.0,4,14,405,multiplier,1.0,0.0057964000006904826
1.0,0.2857142857142857,0.0,4,14,405,exact_bonferroni,1.0,0.0017298000020673499
1.0,0.07142857142857142,0.0,1,14,405,hoeffding,1.0,0.0008003999973880127
1.0,0.2857142857142857,0.0,4,14,405,holm,,0.0007460999986506067
1.0,0.42857142857142855,0.0,6,14,406,pointwise,1.0,0.001240400000824593
1.0,0.21428571428571427,0.0,3,14,406,normal_bonferroni,1.0,0.0007327999992412515
1.0,0.21428571428571427,0.0,3,14,406,multiplier,1.0,0.0023669000001973473
1.0,0.14285714285714285,0.0,2,14,406,exact_bonferroni,1.0,0.0012519000010797754
1.0,0.07142857142857142,0.0,1,14,406,hoeffding,1.0,0.00044689999776892364
1.0,0.21428571428571427,0.0,3,14,406,holm,,0.0006524999989778735
1.0,0.35714285714285715,0.0,5,14,407,pointwise,1.0,0.000942600003327243
1.0,0.2857142857142857,0.0,4,14,407,normal_bonferroni,1.0,0.0008670000024721958
1.0,0.2857142857142857,0.0,4,14,407,multiplier,1.0,0.003605599995353259
1.0,0.2857142857142857,0.0,4,14,407,exact_bonferroni,1.0,0.0008920999971451238
1.0,0.07142857142857142,0.0,1,14,407,hoeffding,1.0,0.00046889999794075266
1.0,0.2857142857142857,0.0,4,14,407,holm,,0.0006499999944935553
1.0,0.5714285714285714,0.0,8,14,408,pointwise,1.0,0.0007889000044087879
1.0,0.21428571428571427,0.0,3,14,408,normal_bonferroni,1.0,0.0007771999953547493
1.0,0.2857142857142857,0.0,4,14,408,multiplier,1.0,0.0039341000010608695
1.0,0.21428571428571427,0.0,3,14,408,exact_bonferroni,1.0,0.0012639999986276962
1.0,0.07142857142857142,0.0,1,14,408,hoeffding,1.0,0.0004155999995418824
1.0,0.21428571428571427,0.0,3,14,408,holm,,0.0006313000048976392
1.0,0.5,0.0,7,14,409,pointwise,1.0,0.00043290000030538067
1.0,0.21428571428571427,0.0,3,14,409,normal_bonferroni,1.0,0.0005034999994677491
1.0,0.21428571428571427,0.0,3,14,409,multiplier,1.0,0.004259200002707075
1.0,0.21428571428571427,0.0,3,14,409,exact_bonferroni,1.0,0.001186299996334128
1.0,0.07142857142857142,0.0,1,14,409,hoeffding,1.0,0.00040609999996377155
1.0,0.21428571428571427,0.0,3,14,409,holm,,0.0005987999975332059
1.0,0.42857142857142855,0.0,6,14,410,pointwise,0.0,0.0008665999994263984
1.0,0.35714285714285715,0.0,5,14,410,normal_bonferroni,1.0,0.0007614999994984828
1.0,0.35714285714285715,0.0,5,14,410,multiplier,1.0,0.004867200004810002
1.0,0.21428571428571427,0.0,3,14,410,exact_bonferroni,1.0,0.0014168999987305142
1.0,0.14285714285714285,0.0,2,14,410,hoeffding,1.0,0.0005087999961688183
1.0,0.2857142857142857,0.0,4,14,410,holm,,0.0007159000015235506
1.0,0.42857142857142855,0.0,6,14,411,pointwise,1.0,0.0008903999987524003
1.0,0.21428571428571427,0.0,3,14,411,normal_bonferroni,1.0,0.000796499996795319
1.0,0.2857142857142857,0.0,4,14,411,multiplier,1.0,0.0033397000006516464
1.0,0.21428571428571427,0.0,3,14,411,exact_bonferroni,1.0,0.0007809000017005019
1.0,0.07142857142857142,0.0,1,14,411,hoeffding,1.0,0.00047079999785637483
1.0,0.21428571428571427,0.0,3,14,411,holm,,0.0007293999951798469
1.0,0.5714285714285714,0.0,8,14,412,pointwise,0.0,0.0012064000038662925
1.0,0.2857142857142857,0.0,4,14,412,normal_bonferroni,1.0,0.0004343999971752055
1.0,0.2857142857142857,0.0,4,14,412,multiplier,1.0,0.0037333000000217
1.0,0.2857142857142857,0.0,4,14,412,exact_bonferroni,1.0,0.001920599999721162
1.0,0.14285714285714285,0.0,2,14,412,hoeffding,1.0,0.00026059999800054356
1.0,0.2857142857142857,0.0,4,14,412,holm,,0.000316400000883732
1.0,0.5,0.0,7,14,413,pointwise,0.0,0.0008006999996723607
1.0,0.35714285714285715,0.0,5,14,413,normal_bonferroni,1.0,0.0007432000056724064
1.0,0.35714285714285715,0.0,5,14,413,multiplier,1.0,0.0037598000053549185
1.0,0.35714285714285715,0.0,5,14,413,exact_bonferroni,1.0,0.0006100000027799979
1.0,0.14285714285714285,0.0,2,14,413,hoeffding,1.0,0.0001931000006152317
1.0,0.35714285714285715,0.0,5,14,413,holm,,0.0002956000025733374
1.0,0.5714285714285714,0.0,8,14,414,pointwise,1.0,0.0007733999955235049
1.0,0.21428571428571427,0.0,3,14,414,normal_bonferroni,1.0,0.0006962000043131411
1.0,0.2857142857142857,0.0,4,14,414,multiplier,1.0,0.0028324999948381446
1.0,0.21428571428571427,0.0,3,14,414,exact_bonferroni,1.0,0.0011085000005550683
1.0,0.07142857142857142,0.0,1,14,414,hoeffding,1.0,0.0003832000002148561
1.0,0.21428571428571427,0.0,3,14,414,holm,,0.0006129000030341558
1.0,0.2857142857142857,0.0,4,14,415,pointwise,1.0,0.0007846000007702969
1.0,0.14285714285714285,0.0,2,14,415,normal_bonferroni,1.0,0.0006961999970371835
1.0,0.14285714285714285,0.0,2,14,415,multiplier,1.0,0.0029041000016150065
1.0,0.07142857142857142,0.0,1,14,415,exact_bonferroni,1.0,0.0005690000034519471
1.0,0.07142857142857142,0.0,1,14,415,hoeffding,1.0,0.00018989999807672575
1.0,0.07142857142857142,0.0,1,14,415,holm,,0.0002910999974119477
1.0,0.6428571428571429,0.0,9,14,416,pointwise,0.0,0.00048040000547189265
1.0,0.42857142857142855,0.0,6,14,416,normal_bonferroni,0.0,0.0003445000038482249
1.0,0.5,0.0,7,14,416,multiplier,0.0,0.0033896000022650696
1.0,0.35714285714285715,0.0,5,14,416,exact_bonferroni,1.0,0.0010932000004686415
1.0,0.14285714285714285,0.0,2,14,416,hoeffding,1.0,0.0003989000033470802
1.0,0.35714285714285715,0.0,5,14,416,holm,,0.0005994999955873936
1.0,0.42857142857142855,0.0,6,14,417,pointwise,1.0,0.0007789000010234304
1.0,0.21428571428571427,0.0,3,14,417,normal_bonferroni,1.0,0.0012522000033641234
1.0,0.21428571428571427,0.0,3,14,417,multiplier,1.0,0.0030690999992657453
1.0,0.21428571428571427,0.0,3,14,417,exact_bonferroni,1.0,0.0007270000060088933
1.0,0.07142857142857142,0.0,1,14,417,hoeffding,1.0,0.0003888000064762309
1.0,0.21428571428571427,0.0,3,14,417,holm,,0.0005831999951624312
1.0,0.35714285714285715,0.0,5,14,418,pointwise,1.0,0.0007480999993276782
1.0,0.2857142857142857,0.0,4,14,418,normal_bonferroni,1.0,0.0006954999989829957
1.0,0.2857142857142857,0.0,4,14,418,multiplier,1.0,0.003767800000787247
1.0,0.2857142857142857,0.0,4,14,418,exact_bonferroni,1.0,0.0011081999982707202
1.0,0.07142857142857142,0.0,1,14,418,hoeffding,1.0,0.00037509999674512073
1.0,0.2857142857142857,0.0,4,14,418,holm,,0.0008576000036555342
1.0,0.6428571428571429,0.0,9,14,419,pointwise,0.0,0.0004993999973521568
1.0,0.2857142857142857,0.0,4,14,419,normal_bonferroni,0.0,0.0012698999998974614
1.0,0.2857142857142857,0.0,4,14,419,multiplier,0.0,0.004491699997743126
1.0,0.2857142857142857,0.0,4,14,419,exact_bonferroni,0.0,0.0013384999983827583
1.0,0.21428571428571427,0.0,3,14,419,hoeffding,1.0,0.0004451000058907084
1.0,0.2857142857142857,0.0,4,14,419,holm,,0.0007103999960236251
1.0,0.42857142857142855,0.0,6,14,420,pointwise,1.0,0.0008439000012003817
1.0,0.35714285714285715,0.0,5,14,420,normal_bonferroni,1.0,0.000767400000768248
1.0,0.35714285714285715,0.0,5,14,420,multiplier,1.0,0.003887799997755792
1.0,0.2857142857142857,0.0,4,14,420,exact_bonferroni,1.0,0.0014596999972127378
1.0,0.14285714285714285,0.0,2,14,420,hoeffding,1.0,0.00046470000233966857
1.0,0.35714285714285715,0.0,5,14,420,holm,,0.0006706999993184581
1.0,0.5714285714285714,0.0,8,14,421,pointwise,0.0,0.0013697000031243078
1.0,0.35714285714285715,0.0,5,14,421,normal_bonferroni,1.0,0.0009735999992699362
1.0,0.35714285714285715,0.0,5,14,421,multiplier,1.0,0.004451599997992162
1.0,0.35714285714285715,0.0,5,14,421,exact_bonferroni,1.0,0.0017743000062182546
1.0,0.14285714285714285,0.0,2,14,421,hoeffding,1.0,0.00045900000259280205
1.0,0.35714285714285715,0.0,5,14,421,holm,,0.000657599994156044
1.0,0.5,0.0,7,14,422,pointwise,1.0,0.0005099999980302528
1.0,0.2857142857142857,0.0,4,14,422,normal_bonferroni,1.0,0.0004434000002220273
1.0,0.2857142857142857,0.0,4,14,422,multiplier,1.0,0.003145900001982227
1.0,0.21428571428571427,0.0,3,14,422,exact_bonferroni,1.0,0.0016783000028226525
1.0,0.14285714285714285,0.0,2,14,422,hoeffding,1.0,0.0003510000024107285
1.0,0.2857142857142857,0.0,4,14,422,holm,,0.00036759999784408137
1.0,0.5,0.0,7,14,423,pointwise,1.0,0.0008283999995910563
1.0,0.21428571428571427,0.0,3,14,423,normal_bonferroni,1.0,0.0007582999969599769
1.0,0.21428571428571427,0.0,3,14,423,multiplier,1.0,0.0038148000021465123
1.0,0.21428571428571427,0.0,3,14,423,exact_bonferroni,1.0,0.0011300000041956082
1.0,0.14285714285714285,0.0,2,14,423,hoeffding,1.0,0.00040380000427830964
1.0,0.21428571428571427,0.0,3,14,423,holm,,0.0005756999962613918
1.0,0.42857142857142855,0.0,6,14,424,pointwise,1.0,0.0005367999983718619
1.0,0.14285714285714285,0.0,2,14,424,normal_bonferroni,1.0,0.0009321999968960881
1.0,0.14285714285714285,0.0,2,14,424,multiplier,1.0,0.0036448000028030947
1.0,0.14285714285714285,0.0,2,14,424,exact_bonferroni,1.0,0.001207000001159031
1.0,0.07142857142857142,0.0,1,14,424,hoeffding,1.0,0.0004219999973429367
1.0,0.14285714285714285,0.0,2,14,424,holm,,0.0006198999981279485
1.0,0.6428571428571429,0.0,9,14,425,pointwise,0.0,0.0008526999954483472
1.0,0.2857142857142857,0.0,4,14,425,normal_bonferroni,1.0,0.0008968000038294122
1.0,0.2857142857142857,0.0,4,14,425,multiplier,1.0,0.004353099997388199
1.0,0.2857142857142857,0.0,4,14,425,exact_bonferroni,1.0,0.0012674999961745925
1.0,0.14285714285714285,0.0,2,14,425,hoeffding,1.0,0.00023830000282032415
1.0,0.2857142857142857,0.0,4,14,425,holm,,0.00033090000215452164
1.0,0.7142857142857143,0.0,10,14,426,pointwise,0.0,0.0008568999983253889
1.0,0.35714285714285715,0.0,5,14,426,normal_bonferroni,1.0,0.0007632999986526556
1.0,0.35714285714285715,0.0,5,14,426,multiplier,1.0,0.0030369999949471094
1.0,0.35714285714285715,0.0,5,14,426,exact_bonferroni,1.0,0.0007111000013537705
1.0,0.21428571428571427,0.0,3,14,426,hoeffding,1.0,0.00031090000265976414
1.0,0.35714285714285715,0.0,5,14,426,holm,,0.0006211999934748746
1.0,0.5714285714285714,0.0,8,14,427,pointwise,0.0,0.0008452999973087572
1.0,0.42857142857142855,0.0,6,14,427,normal_bonferroni,1.0,0.0010976999983540736
1.0,0.42857142857142855,0.0,6,14,427,multiplier,1.0,0.0025714999937918037
1.0,0.42857142857142855,0.0,6,14,427,exact_bonferroni,1.0,0.00125119999574963
1.0,0.21428571428571427,0.0,3,14,427,hoeffding,1.0,0.0004202999989502132
1.0,0.42857142857142855,0.0,6,14,427,holm,,0.0006519000016851351
0.0,0.7142857142857143,0.09090909090909091,11,14,428,pointwise,0.0,0.0007878999967942946
1.0,0.35714285714285715,0.0,5,14,428,normal_bonferroni,1.0,0.0007148000004235655
1.0,0.42857142857142855,0.0,6,14,428,multiplier,0.0,0.003709999997226987
1.0,0.35714285714285715,0.0,5,14,428,exact_bonferroni,1.0,0.0011272999981883913
1.0,0.14285714285714285,0.0,2,14,428,hoeffding,1.0,0.0003769999966607429
1.0,0.35714285714285715,0.0,5,14,428,holm,,0.0005693999992217869
1.0,0.35714285714285715,0.0,5,14,429,pointwise,1.0,0.0007645999939995818
1.0,0.21428571428571427,0.0,3,14,429,normal_bonferroni,1.0,0.0007145000054151751
1.0,0.2857142857142857,0.0,4,14,429,multiplier,1.0,0.00366550000035204
1.0,0.14285714285714285,0.0,2,14,429,exact_bonferroni,1.0,0.001029200000630226
1.0,0.07142857142857142,0.0,1,14,429,hoeffding,1.0,0.0004234999942127615
1.0,0.21428571428571427,0.0,3,14,429,holm,,0.0005521000057342462
1.0,0.2857142857142857,0.0,4,14,430,pointwise,1.0,0.0007263999941642396
1.0,0.21428571428571427,0.0,3,14,430,normal_bonferroni,1.0,0.0004937999983667396
1.0,0.21428571428571427,0.0,3,14,430,multiplier,1.0,0.002958999997645151
1.0,0.21428571428571427,0.0,3,14,430,exact_bonferroni,1.0,0.0005775000026915222
1.0,0.0,0.0,0,14,430,hoeffding,1.0,0.0001984999980777502
1.0,0.21428571428571427,0.0,3,14,430,holm,,0.0003647999983513728
1.0,0.2857142857142857,0.0,4,14,431,pointwise,1.0,0.0008156000039889477
1.0,0.14285714285714285,0.0,2,14,431,normal_bonferroni,1.0,0.0007048000043141656
1.0,0.14285714285714285,0.0,2,14,431,multiplier,1.0,0.003716100000019651
1.0,0.14285714285714285,0.0,2,14,431,exact_bonferroni,1.0,0.0010601000030874275
1.0,0.07142857142857142,0.0,1,14,431,hoeffding,1.0,0.00040969999827211723
1.0,0.14285714285714285,0.0,2,14,431,holm,,0.00041030000284081325
1.0,0.35714285714285715,0.0,5,14,432,pointwise,1.0,0.0007515999968745746
1.0,0.21428571428571427,0.0,3,14,432,normal_bonferroni,1.0,0.0007514000026276335
1.0,0.21428571428571427,0.0,3,14,432,multiplier,1.0,0.0031713000062154606
1.0,0.21428571428571427,0.0,3,14,432,exact_bonferroni,1.0,0.0007184999994933605
1.0,0.07142857142857142,0.0,1,14,432,hoeffding,1.0,0.00033629999961704016
1.0,0.21428571428571427,0.0,3,14,432,holm,,0.0005865999992238358
0.0,0.7857142857142857,0.08333333333333333,12,14,433,pointwise,0.0,0.0008651999960420653
1.0,0.5714285714285714,0.0,8,14,433,normal_bonferroni,0.0,0.0008089999973890372
1.0,0.5714285714285714,0.0,8,14,433,multiplier,0.0,0.0038153999994392507
1.0,0.5,0.0,7,14,433,exact_bonferroni,0.0,0.0010855000000447035
1.0,0.35714285714285715,0.0,5,14,433,hoeffding,1.0,0.00039030000334605575
1.0,0.5714285714285714,0.0,8,14,433,holm,,0.0005757999970228411
1.0,0.5714285714285714,0.0,8,14,434,pointwise,0.0,0.000760800001444295
1.0,0.35714285714285715,0.0,5,14,434,normal_bonferroni,1.0,0.0007366999998339452
1.0,0.35714285714285715,0.0,5,14,434,multiplier,1.0,0.004141599994909484
1.0,0.35714285714285715,0.0,5,14,434,exact_bonferroni,1.0,0.0005863000042154454
1.0,0.07142857142857142,0.0,1,14,434,hoeffding,1.0,0.0003950000027543865
1.0,0.35714285714285715,0.0,5,14,434,holm,,0.0007878999967942946
1.0,0.7857142857142857,0.0,11,14,435,pointwise,0.0,0.0008460999961243942
1.0,0.5,0.0,7,14,435,normal_bonferroni,0.0,0.0007643999997526407
1.0,0.5,0.0,7,14,435,multiplier,0.0,0.0038310000018100254
1.0,0.42857142857142855,0.0,6,14,435,exact_bonferroni,0.0,0.0010862999988603406
1.0,0.2857142857142857,0.0,4,14,435,hoeffding,1.0,0.00038249999488471076
1.0,0.5,0.0,7,14,435,holm,,0.000556800005142577
1.0,0.5,0.0,7,14,436,pointwise,1.0,0.0007585999992443249
1.0,0.21428571428571427,0.0,3,14,436,normal_bonferroni,1.0,0.0007231999989016913
1.0,0.35714285714285715,0.0,5,14,436,multiplier,1.0,0.003642800002126023
1.0,0.21428571428571427,0.0,3,14,436,exact_bonferroni,1.0,0.0010337999992771074
1.0,0.07142857142857142,0.0,1,14,436,hoeffding,1.0,0.00037140000495128334
1.0,0.21428571428571427,0.0,3,14,436,holm,,0.0005764999950770289
1.0,0.5714285714285714,0.0,8,14,437,pointwise,1.0,0.0006992000053287484
1.0,0.2857142857142857,0.0,4,14,437,normal_bonferroni,1.0,0.0006675999975414015
1.0,0.2857142857142857,0.0,4,14,437,multiplier,1.0,0.003751099997316487
1.0,0.21428571428571427,0.0,3,14,437,exact_bonferroni,1.0,0.0008233999978983775
1.0,0.07142857142857142,0.0,1,14,437,hoeffding,1.0,0.00019250000332249328
1.0,0.21428571428571427,0.0,3,14,437,holm,,0.000301199994282797
1.0,0.5,0.0,7,14,438,pointwise,0.0,0.0007796999998390675
1.0,0.35714285714285715,0.0,5,14,438,normal_bonferroni,1.0,0.000698300005751662
1.0,0.35714285714285715,0.0,5,14,438,multiplier,1.0,0.0034660999954212457
1.0,0.35714285714285715,0.0,5,14,438,exact_bonferroni,1.0,0.0009835000018938445
1.0,0.14285714285714285,0.0,2,14,438,hoeffding,1.0,0.0003288000007160008
1.0,0.35714285714285715,0.0,5,14,438,holm,,0.0004793999978573993
1.0,0.8571428571428571,0.0,12,14,439,pointwise,0.0,0.0007342000026255846
1.0,0.35714285714285715,0.0,5,14,439,normal_bonferroni,1.0,0.0006661000006715767
1.0,0.42857142857142855,0.0,6,14,439,multiplier,1.0,0.0034757000030367635
1.0,0.35714285714285715,0.0,5,14,439,exact_bonferroni,1.0,0.0009549999958835542
1.0,0.2857142857142857,0.0,4,14,439,hoeffding,1.0,0.0003515999997034669
1.0,0.35714285714285715,0.0,5,14,439,holm,,0.0005251000038697384
1.0,0.35714285714285715,0.0,5,14,440,pointwise,1.0,0.0006647999980486929
1.0,0.07142857142857142,0.0,1,14,440,normal_bonferroni,1.0,0.0006045999980415218
1.0,0.14285714285714285,0.0,2,14,440,multiplier,1.0,0.0031746000022394583
1.0,0.07142857142857142,0.0,1,14,440,exact_bonferroni,1.0,0.0009112999978242442
1.0,0.07142857142857142,0.0,1,14,440,hoeffding,1.0,0.0003893999964930117
1.0,0.07142857142857142,0.0,1,14,440,holm,,0.00039340000512311235
1.0,0.5714285714285714,0.0,8,14,441,pointwise,1.0,0.0005335000023478642
1.0,0.21428571428571427,0.0,3,14,441,normal_bonferroni,1.0,0.0006408999979612418
1.0,0.21428571428571427,0.0,3,14,441,multiplier,1.0,0.0035194000010960735
1.0,0.21428571428571427,0.0,3,14,441,exact_bonferroni,1.0,0.0013184999988880008
1.0,0.0,0.0,0,14,441,hoeffding,1.0,0.00038779999886173755
1.0,0.21428571428571427,0.0,3,14,441,holm,,0.0005100999987917021
1.0,0.7142857142857143,0.0,10,14,442,pointwise,0.0,0.0006943000043975189
1.0,0.5,0.0,7,14,442,normal_bonferroni,1.0,0.0006920999949215911
1.0,0.5,0.0,7,14,442,multiplier,1.0,0.0035323999982210808
1.0,0.42857142857142855,0.0,6,14,442,exact_bonferroni,1.0,0.0009867000044323504
1.0,0.35714285714285715,0.0,5,14,442,hoeffding,1.0,0.0003515999997034669
1.0,0.5,0.0,7,14,442,holm,,0.0005539999983739108
1.0,0.6428571428571429,0.0,9,14,443,pointwise,0.0,0.0007043000005069189
1.0,0.35714285714285715,0.0,5,14,443,normal_bonferroni,0.0,0.0006915999983903021
1.0,0.42857142857142855,0.0,6,14,443,multiplier,0.0,0.003537600001436658
1.0,0.35714285714285715,0.0,5,14,443,exact_bonferroni,1.0,0.0010992999959853478
1.0,0.07142857142857142,0.0,1,14,443,hoeffding,1.0,0.0003971999976783991
1.0,0.35714285714285715,0.0,5,14,443,holm,,0.000549600001249928
1.0,0.5714285714285714,0.0,8,14,444,pointwise,0.0,0.00072080000245478
1.0,0.2857142857142857,0.0,4,14,444,normal_bonferroni,1.0,0.0007187999945017509
1.0,0.35714285714285715,0.0,5,14,444,multiplier,1.0,0.0034625000043888576
1.0,0.2857142857142857,0.0,4,14,444,exact_bonferroni,1.0,0.0010983000029227696
1.0,0.14285714285714285,0.0,2,14,444,hoeffding,1.0,0.0003555000002961606
1.0,0.2857142857142857,0.0,4,14,444,holm,,0.0005335999958333559
1.0,0.5714285714285714,0.0,8,14,445,pointwise,1.0,0.0007320000004256144
1.0,0.2857142857142857,0.0,4,14,445,normal_bonferroni,1.0,0.0009840999991865829
1.0,0.2857142857142857,0.0,4,14,445,multiplier,1.0,0.0024668999976711348
1.0,0.2857142857142857,0.0,4,14,445,exact_bonferroni,1.0,0.0007330999942496419
1.0,0.07142857142857142,0.0,1,14,445,hoeffding,1.0,0.00045230000250739977
1.0,0.2857142857142857,0.0,4,14,445,holm,,0.0003862000012304634
1.0,0.42857142857142855,0.0,6,14,446,pointwise,1.0,0.0005966000026091933
1.0,0.2857142857142857,0.0,4,14,446,normal_bonferroni,1.0,0.0005917000016779639
1.0,0.35714285714285715,0.0,5,14,446,multiplier,1.0,0.0031582000010530464
1.0,0.2857142857142857,0.0,4,14,446,exact_bonferroni,1.0,0.0012462000013329089
1.0,0.07142857142857142,0.0,1,14,446,hoeffding,1.0,0.0004375000062282197
1.0,0.2857142857142857,0.0,4,14,446,holm,,0.0006139999968581833
0.0,0.8571428571428571,0.14285714285714285,14,14,447,pointwise,0.0,0.0007919999989098869
0.0,0.6428571428571429,0.1,10,14,447,normal_bonferroni,0.0,0.0007670999984839
0.0,0.6428571428571429,0.1,10,14,447,multiplier,0.0,0.004001599998446181
0.0,0.6428571428571429,0.1,10,14,447,exact_bonferroni,0.0,0.0010755000039353035
1.0,0.35714285714285715,0.0,5,14,447,hoeffding,1.0,0.00039259999903151765
0.0,0.6428571428571429,0.1,10,14,447,holm,,0.000596199999563396
1.0,0.8571428571428571,0.0,12,14,448,pointwise,0.0,0.0007153000042308122
1.0,0.42857142857142855,0.0,6,14,448,normal_bonferroni,0.0,0.000836199993500486
1.0,0.42857142857142855,0.0,6,14,448,multiplier,0.0,0.0034921000042231753
1.0,0.42857142857142855,0.0,6,14,448,exact_bonferroni,0.0,0.001051800005370751
1.0,0.2857142857142857,0.0,4,14,448,hoeffding,1.0,0.000371300004189834
1.0,0.42857142857142855,0.0,6,14,448,holm,,0.0005411000020103529
1.0,0.7142857142857143,0.0,10,14,449,pointwise,0.0,0.0007975000044098124
1.0,0.5,0.0,7,14,449,normal_bonferroni,1.0,0.0007597999938298017
1.0,0.5714285714285714,0.0,8,14,449,multiplier,1.0,0.003564600003301166
1.0,0.42857142857142855,0.0,6,14,449,exact_bonferroni,1.0,0.0010511000000406057
1.0,0.35714285714285715,0.0,5,14,449,hoeffding,1.0,0.0003584000005503185
1.0,0.5,0.0,7,14,449,holm,,0.0005222000036155805
1.0,0.5714285714285714,0.0,8,14,450,pointwise,1.0,0.0006941000028746203
1.0,0.21428571428571427,0.0,3,14,450,normal_bonferroni,1.0,0.0006768999955966137
1.0,0.21428571428571427,0.0,3,14,450,multiplier,1.0,0.0033030000049620867
1.0,0.14285714285714285,0.0,2,14,450,exact_bonferroni,1.0,0.0009684000033303164
1.0,0.07142857142857142,0.0,1,14,450,hoeffding,1.0,0.0003471999953035265
1.0,0.21428571428571427,0.0,3,14,450,holm,,0.0004867000025114976
0.0,0.9285714285714286,0.07142857142857142,14,14,451,pointwise,0.0,0.0006807999961893074
1.0,0.5714285714285714,0.0,8,14,451,normal_bonferroni,0.0,0.0006310000026132911
1.0,0.6428571428571429,0.0,9,14,451,multiplier,0.0,0.003234900003008079
1.0,0.5714285714285714,0.0,8,14,451,exact_bonferroni,1.0,0.0009814000004553236
1.0,0.35714285714285715,0.0,5,14,451,hoeffding,1.0,0.000495000000228174
1.0,0.5714285714285714,0.0,8,14,451,holm,,0.0005032000044593588
1.0,0.35714285714285715,0.0,5,14,452,pointwise,1.0,0.0006790000043110922
1.0,0.14285714285714285,0.0,2,14,452,normal_bonferroni,1.0,0.0006100999962654896
1.0,0.21428571428571427,0.0,3,14,452,multiplier,1.0,0.003011300002981443
1.0,0.14285714285714285,0.0,2,14,452,exact_bonferroni,1.0,0.000915999997232575
1.0,0.14285714285714285,0.0,2,14,452,hoeffding,1.0,0.00031850000232225284
1.0,0.14285714285714285,0.0,2,14,452,holm,,0.00045390000013867393
1.0,0.7857142857142857,0.0,11,14,453,pointwise,0.0,0.0006164000005810522
1.0,0.5714285714285714,0.0,8,14,453,normal_bonferroni,1.0,0.0006210999999893829
1.0,0.6428571428571429,0.0,9,14,453,multiplier,1.0,0.003169199997500982
1.0,0.5,0.0,7,14,453,exact_bonferroni,1.0,0.0009388999969814904
1.0,0.0,0.0,0,14,453,hoeffding,1.0,0.0003339000031701289
1.0,0.5714285714285714,0.0,8,14,453,holm,,0.00048750000132713467
1.0,0.6428571428571429,0.0,9,14,454,pointwise,0.0,0.0006314000056590885
1.0,0.42857142857142855,0.0,6,14,454,normal_bonferroni,1.0,0.0006143999999039806
1.0,0.42857142857142855,0.0,6,14,454,multiplier,1.0,0.0030064999955357052
1.0,0.35714285714285715,0.0,5,14,454,exact_bonferroni,1.0,0.0009057999996002764
1.0,0.21428571428571427,0.0,3,14,454,hoeffding,1.0,0.0003510000024107285
1.0,0.42857142857142855,0.0,6,14,454,holm,,0.00045149999641580507
1.0,0.2857142857142857,0.0,4,14,455,pointwise,1.0,0.00040109999827109277
1.0,0.21428571428571427,0.0,3,14,455,normal_bonferroni,1.0,0.0003735000063898042
1.0,0.21428571428571427,0.0,3,14,455,multiplier,1.0,0.0030553999968105927
1.0,0.21428571428571427,0.0,3,14,455,exact_bonferroni,1.0,0.0011937999952351674
1.0,0.14285714285714285,0.0,2,14,455,hoeffding,1.0,0.000428999999712687
1.0,0.21428571428571427,0.0,3,14,455,holm,,0.0005650000020978041
1.0,0.5,0.0,7,14,456,pointwise,0.0,0.000724199999240227
1.0,0.2857142857142857,0.0,4,14,456,normal_bonferroni,1.0,0.0007224000000860542
1.0,0.35714285714285715,0.0,5,14,456,multiplier,1.0,0.003555999996024184
1.0,0.2857142857142857,0.0,4,14,456,exact_bonferroni,1.0,0.0008827999990899116
1.0,0.2857142857142857,0.0,4,14,456,hoeffding,1.0,0.00036389999877428636
1.0,0.2857142857142857,0.0,4,14,456,holm,,0.0005285000006551854
1.0,0.35714285714285715,0.0,5,14,457,pointwise,1.0,0.0006807999961893074
1.0,0.21428571428571427,0.0,3,14,457,normal_bonferroni,1.0,0.0006891000011819415
1.0,0.21428571428571427,0.0,3,14,457,multiplier,1.0,0.0034267000010004267
1.0,0.21428571428571427,0.0,3,14,457,exact_bonferroni,1.0,0.0009648999985074624
1.0,0.07142857142857142,0.0,1,14,457,hoeffding,1.0,0.00035399999615037814
1.0,0.21428571428571427,0.0,3,14,457,holm,,0.000506200005474966
1.0,0.5714285714285714,0.0,8,14,458,pointwise,0.0,0.0006614999947487377
1.0,0.2857142857142857,0.0,4,14,458,normal_bonferroni,1.0,0.0006073000040487386
1.0,0.2857142857142857,0.0,4,14,458,multiplier,1.0,0.0028612000023713335
1.0,0.2857142857142857,0.0,4,14,458,exact_bonferroni,1.0,0.0010758999997051433
1.0,0.14285714285714285,0.0,2,14,458,hoeffding,1.0,0.000360099998943042
1.0,0.2857142857142857,0.0,4,14,458,holm,,0.0005646999998134561
1.0,0.14285714285714285,0.0,2,14,459,pointwise,1.0,0.0007351999956881627
1.0,0.07142857142857142,0.0,1,14,459,normal_bonferroni,1.0,0.0007112000021152198
1.0,0.14285714285714285,0.0,2,14,459,multiplier,1.0,0.0033231000052182935
1.0,0.07142857142857142,0.0,1,14,459,exact_bonferroni,1.0,0.0009303000042564236
1.0,0.0,0.0,0,14,459,hoeffding,1.0,0.0003538999953889288
1.0,0.07142857142857142,0.0,1,14,459,holm,,0.0005468999952427112
1.0,0.35714285714285715,0.0,5,14,460,pointwise,1.0,0.00044880000496050343
1.0,0.14285714285714285,0.0,2,14,460,normal_bonferroni,1.0,0.0004358000005595386
1.0,0.14285714285714285,0.0,2,14,460,multiplier,1.0,0.003542600003129337
1.0,0.14285714285714285,0.0,2,14,460,exact_bonferroni,1.0,0.0010286999968229793
1.0,0.07142857142857142,0.0,1,14,460,hoeffding,1.0,0.00034109999978682026
1.0,0.14285714285714285,0.0,2,14,460,holm,,0.0005514000004041009
1.0,0.5,0.0,7,14,461,pointwise,0.0,0.0006789000035496429
1.0,0.14285714285714285,0.0,2,14,461,normal_bonferroni,1.0,0.0006486999991466291
1.0,0.14285714285714285,0.0,2,14,461,multiplier,1.0,0.003434899997955654
1.0,0.14285714285714285,0.0,2,14,461,exact_bonferroni,1.0,0.000952599999436643
1.0,0.14285714285714285,0.0,2,14,461,hoeffding,1.0,0.0003806999957305379
1.0,0.14285714285714285,0.0,2,14,461,holm,,0.0004984999977750704
1.0,0.5,0.0,7,14,462,pointwise,0.0,0.0006420000063371845
1.0,0.21428571428571427,0.0,3,14,462,normal_bonferroni,1.0,0.000610499999311287
1.0,0.21428571428571427,0.0,3,14,462,multiplier,1.0,0.00355919999856269
1.0,0.14285714285714285,0.0,2,14,462,exact_bonferroni,1.0,0.000982799996563699
1.0,0.14285714285714285,0.0,2,14,462,hoeffding,1.0,0.00033940000139409676
1.0,0.21428571428571427,0.0,3,14,462,holm,,0.0006670000002486631
1.0,0.5714285714285714,0.0,8,14,463,pointwise,0.0,0.0007368999940808862
1.0,0.35714285714285715,0.0,5,14,463,normal_bonferroni,1.0,0.0005248000015853904
1.0,0.35714285714285715,0.0,5,14,463,multiplier,1.0,0.003099300003668759
1.0,0.35714285714285715,0.0,5,14,463,exact_bonferroni,1.0,0.0009607000029063784
1.0,0.21428571428571427,0.0,3,14,463,hoeffding,1.0,0.00038189999759197235
1.0,0.35714285714285715,0.0,5,14,463,holm,,0.0005078000031062402
1.0,0.6428571428571429,0.0,9,14,464,pointwise,0.0,0.0006465999977081083
1.0,0.35714285714285715,0.0,5,14,464,normal_bonferroni,1.0,0.0006022000015946105
1.0,0.35714285714285715,0.0,5,14,464,multiplier,1.0,0.003055000001040753
1.0,0.35714285714285715,0.0,5,14,464,exact_bonferroni,1.0,0.0009031000008690171
1.0,0.21428571428571427,0.0,3,14,464,hoeffding,1.0,0.00034329999471083283
1.0,0.35714285714285715,0.0,5,14,464,holm,,0.0006070999952498823
1.0,0.5714285714285714,0.0,8,14,465,pointwise,1.0,0.0007169000018620864
1.0,0.35714285714285715,0.0,5,14,465,normal_bonferroni,1.0,0.0006790999977965839
1.0,0.35714285714285715,0.0,5,14,465,multiplier,1.0,0.0032836000027600676
1.0,0.35714285714285715,0.0,5,14,465,exact_bonferroni,1.0,0.0009833000003709458
1.0,0.21428571428571427,0.0,3,14,465,hoeffding,1.0,0.0003556000010576099
1.0,0.35714285714285715,0.0,5,14,465,holm,,0.0004906000031041913
1.0,0.7142857142857143,0.0,10,14,466,pointwise,0.0,0.0006381999992299825
1.0,0.42857142857142855,0.0,6,14,466,normal_bonferroni,1.0,0.0006034000034560449
1.0,0.5714285714285714,0.0,8,14,466,multiplier,1.0,0.003464099994744174
1.0,0.42857142857142855,0.0,6,14,466,exact_bonferroni,1.0,0.001090700003260281
1.0,0.2857142857142857,0.0,4,14,466,hoeffding,1.0,0.000345199994626455
1.0,0.42857142857142855,0.0,6,14,466,holm,,0.0005124000017531216
1.0,0.5714285714285714,0.0,8,14,467,pointwise,1.0,0.0006988999957684427
1.0,0.2857142857142857,0.0,4,14,467,normal_bonferroni,1.0,0.0006290000019362196
1.0,0.2857142857142857,0.0,4,14,467,multiplier,1.0,0.0033466000022599474
1.0,0.21428571428571427,0.0,3,14,467,exact_bonferroni,1.0,0.0009624000012991019
1.0,0.07142857142857142,0.0,1,14,467,hoeffding,1.0,0.0003371999991941266
1.0,0.2857142857142857,0.0,4,14,467,holm,,0.0004946000044583343
1.0,0.5,0.0,7,14,468,pointwise,1.0,0.0007806000066921115
1.0,0.2857142857142857,0.0,4,14,468,normal_bonferroni,1.0,0.0006386999957612716
1.0,0.2857142857142857,0.0,4,14,468,multiplier,1.0,0.003284200000052806
1.0,0.2857142857142857,0.0,4,14,468,exact_bonferroni,1.0,0.0009149999968940392
1.0,0.14285714285714285,0.0,2,14,468,hoeffding,1.0,0.00032920000376179814
1.0,0.2857142857142857,0.0,4,14,468,holm,,0.0005165999973542057
1.0,0.5714285714285714,0.0,8,14,469,pointwise,1.0,0.0006976000004215166
1.0,0.07142857142857142,0.0,1,14,469,normal_bonferroni,1.0,0.0006165000013425015
1.0,0.14285714285714285,0.0,2,14,469,multiplier,1.0,0.003235500000300817
1.0,0.07142857142857142,0.0,1,14,469,exact_bonferroni,1.0,0.000991799999610521
1.0,0.07142857142857142,0.0,1,14,469,hoeffding,1.0,0.0003423000016482547
1.0,0.07142857142857142,0.0,1,14,469,holm,,0.0005167999988771044
1.0,0.5714285714285714,0.0,8,14,470,pointwise,0.0,0.0008162000012816861
1.0,0.2857142857142857,0.0,4,14,470,normal_bonferroni,1.0,0.000676199997542426
1.0,0.2857142857142857,0.0,4,14,470,multiplier,1.0,0.0033970000004046597
1.0,0.2857142857142857,0.0,4,14,470,exact_bonferroni,1.0,0.0009318000011262484
1.0,0.21428571428571427,0.0,3,14,470,hoeffding,1.0,0.00033200000325450674
1.0,0.2857142857142857,0.0,4,14,470,holm,,0.00048270000115735456
1.0,0.42857142857142855,0.0,6,14,471,pointwise,1.0,0.000640000005660113
1.0,0.21428571428571427,0.0,3,14,471,normal_bonferroni,1.0,0.0006124999999883585
1.0,0.21428571428571427,0.0,3,14,471,multiplier,1.0,0.0033149999944726005
1.0,0.21428571428571427,0.0,3,14,471,exact_bonferroni,1.0,0.0009605000013834797
1.0,0.07142857142857142,0.0,1,14,471,hoeffding,1.0,0.0005270999972708523
1.0,0.21428571428571427,0.0,3,14,471,holm,,0.0006290000019362196
0.0,0.8571428571428571,0.07692307692307693,13,14,472,pointwise,0.0,0.0006778000024496578
1.0,0.42857142857142855,0.0,6,14,472,normal_bonferroni,1.0,0.0006611999997403473
1.0,0.5,0.0,7,14,472,multiplier,1.0,0.0032672000015736558
1.0,0.42857142857142855,0.0,6,14,472,exact_bonferroni,1.0,0.0009256999983335845
1.0,0.35714285714285715,0.0,5,14,472,hoeffding,1.0,0.0006184000012581237
1.0,0.42857142857142855,0.0,6,14,472,holm,,0.0005484000066644512
1.0,0.5714285714285714,0.0,8,14,473,pointwise,0.0,0.0006920000014360994
1.0,0.35714285714285715,0.0,5,14,473,normal_bonferroni,1.0,0.000712799999746494
1.0,0.35714285714285715,0.0,5,14,473,multiplier,1.0,0.0032123000055435114
1.0,0.35714285714285715,0.0,5,14,473,exact_bonferroni,1.0,0.0014213000031304546
1.0,0.21428571428571427,0.0,3,14,473,hoeffding,1.0,0.00036410000029718503
1.0,0.35714285714285715,0.0,5,14,473,holm,,0.0005743000001530163
1.0,0.35714285714285715,0.0,5,14,474,pointwise,1.0,0.0007106999983079731
1.0,0.14285714285714285,0.0,2,14,474,normal_bonferroni,1.0,0.0006708000000799075
1.0,0.14285714285714285,0.0,2,14,474,multiplier,1.0,0.0036085999963688664
1.0,0.07142857142857142,0.0,1,14,474,exact_bonferroni,1.0,0.0009654999958002008
1.0,0.07142857142857142,0.0,1,14,474,hoeffding,1.0,0.0003462000022409484
1.0,0.07142857142857142,0.0,1,14,474,holm,,0.0005333000008249655
1.0,0.42857142857142855,0.0,6,14,475,pointwise,1.0,0.0006986000007600524
1.0,0.14285714285714285,0.0,2,14,475,normal_bonferroni,1.0,0.0006675999975414015
1.0,0.14285714285714285,0.0,2,14,475,multiplier,1.0,0.003283099998952821
1.0,0.14285714285714285,0.0,2,14,475,exact_bonferroni,1.0,0.0009563999992678873
1.0,0.0,0.0,0,14,475,hoeffding,1.0,0.0003652000013971701
1.0,0.14285714285714285,0.0,2,14,475,holm,,0.0005034999994677491
1.0,0.2857142857142857,0.0,4,14,476,pointwise,1.0,0.000644500003545545
1.0,0.14285714285714285,0.0,2,14,476,normal_bonferroni,1.0,0.0006454000031226315
1.0,0.21428571428571427,0.0,3,14,476,multiplier,1.0,0.003144000002066605
1.0,0.14285714285714285,0.0,2,14,476,exact_bonferroni,1.0,0.0008796000038273633
1.0,0.14285714285714285,0.0,2,14,476,hoeffding,1.0,0.0003131000048597343
1.0,0.14285714285714285,0.0,2,14,476,holm,,0.0004515999971772544
1.0,0.6428571428571429,0.0,9,14,477,pointwise,0.0,0.0006209999992279336
1.0,0.35714285714285715,0.0,5,14,477,normal_bonferroni,1.0,0.0007734000027994625
1.0,0.35714285714285715,0.0,5,14,477,multiplier,1.0,0.0036541999943437986
1.0,0.35714285714285715,0.0,5,14,477,exact_bonferroni,1.0,0.0010808999941218644
1.0,0.35714285714285715,0.0,5,14,477,hoeffding,1.0,0.0003469000002951361
1.0,0.35714285714285715,0.0,5,14,477,holm,,0.0005222000036155805
1.0,0.6428571428571429,0.0,9,14,478,pointwise,0.0,0.0006872000012663193
1.0,0.42857142857142855,0.0,6,14,478,normal_bonferroni,0.0,0.0006246000048122369
1.0,0.42857142857142855,0.0,6,14,478,multiplier,0.0,0.003052299995033536
1.0,0.42857142857142855,0.0,6,14,478,exact_bonferroni,0.0,0.0008923999994294718
1.0,0.2857142857142857,0.0,4,14,478,hoeffding,1.0,0.0003128000025753863
1.0,0.42857142857142855,0.0,6,14,478,holm,,0.0004585999995470047
1.0,0.5714285714285714,0.0,8,14,479,pointwise,0.0,0.0007412999984808266
1.0,0.21428571428571427,0.0,3,14,479,normal_bonferroni,1.0,0.0010685000015655532
1.0,0.21428571428571427,0.0,3,14,479,multiplier,1.0,0.0030326000050990842
1.0,0.21428571428571427,0.0,3,14,479,exact_bonferroni,1.0,0.0009223000015481375
1.0,0.14285714285714285,0.0,2,14,479,hoeffding,1.0,0.0003209000060451217
1.0,0.21428571428571427,0.0,3,14,479,holm,,0.0004489999992074445
1.0,0.42857142857142855,0.0,6,14,480,pointwise,1.0,0.0005824999971082434
1.0,0.2857142857142857,0.0,4,14,480,normal_bonferroni,1.0,0.0005878000010852702
1.0,0.35714285714285715,0.0,5,14,480,multiplier,1.0,0.002874399993743282
1.0,0.21428571428571427,0.0,3,14,480,exact_bonferroni,1.0,0.0008353000011993572
1.0,0.14285714285714285,0.0,2,14,480,hoeffding,1.0,0.00029570000333478674
1.0,0.2857142857142857,0.0,4,14,480,holm,,0.0004943000021739863
1.0,0.7142857142857143,0.0,10,14,481,pointwise,0.0,0.0005939000038779341
1.0,0.42857142857142855,0.0,6,14,481,normal_bonferroni,1.0,0.0005605999976978637
1.0,0.42857142857142855,0.0,6,14,481,multiplier,1.0,0.0031892000042716973
1.0,0.2857142857142857,0.0,4,14,481,exact_bonferroni,1.0,0.000960600002144929
1.0,0.14285714285714285,0.0,2,14,481,hoeffding,1.0,0.00037169999995967373
1.0,0.35714285714285715,0.0,5,14,481,holm,,0.00047650000487919897
1.0,0.42857142857142855,0.0,6,14,482,pointwise,1.0,0.0006403000006685033
1.0,0.21428571428571427,0.0,3,14,482,normal_bonferroni,1.0,0.0005941999988863245
1.0,0.21428571428571427,0.0,3,14,482,multiplier,1.0,0.003363300005730707
1.0,0.21428571428571427,0.0,3,14,482,exact_bonferroni,1.0,0.0008784000019659288
1.0,0.14285714285714285,0.0,2,14,482,hoeffding,1.0,0.00031820000003790483
1.0,0.21428571428571427,0.0,3,14,482,holm,,0.0004933000018354505
1.0,0.6428571428571429,0.0,9,14,483,pointwise,0.0,0.000662200000078883
1.0,0.42857142857142855,0.0,6,14,483,normal_bonferroni,1.0,0.000603599997702986
1.0,0.42857142857142855,0.0,6,14,483,multiplier,1.0,0.003664700001536403
1.0,0.42857142857142855,0.0,6,14,483,exact_bonferroni,1.0,0.0011336999959894456
1.0,0.14285714285714285,0.0,2,14,483,hoeffding,1.0,0.0004043000008095987
1.0,0.42857142857142855,0.0,6,14,483,holm,,0.0006193000008352101
1.0,0.6428571428571429,0.0,9,14,484,pointwise,0.0,0.0005946000019321218
1.0,0.42857142857142855,0.0,6,14,484,normal_bonferroni,1.0,0.00042360000225016847
1.0,0.42857142857142855,0.0,6,14,484,multiplier,1.0,0.002988300002471078
1.0,0.42857142857142855,0.0,6,14,484,exact_bonferroni,1.0,0.0008939000035752542
1.0,0.2857142857142857,0.0,4,14,484,hoeffding,1.0,0.0003766000008909032
1.0,0.42857142857142855,0.0,6,14,484,holm,,0.0010518999988562427
1.0,0.35714285714285715,0.0,5,14,485,pointwise,1.0,0.0007760000007692724
1.0,0.14285714285714285,0.0,2,14,485,normal_bonferroni,1.0,0.0007098999994923361
1.0,0.14285714285714285,0.0,2,14,485,multiplier,1.0,0.0036474000007729046
1.0,0.14285714285714285,0.0,2,14,485,exact_bonferroni,1.0,0.001056000000971835
1.0,0.07142857142857142,0.0,1,14,485,hoeffding,1.0,0.0003732999975909479
1.0,0.14285714285714285,0.0,2,14,485,holm,,0.0005369999998947605
1.0,0.6428571428571429,0.0,9,14,486,pointwise,0.0,0.0007274999952642247
1.0,0.2857142857142857,0.0,4,14,486,normal_bonferroni,1.0,0.0006518000009236857
1.0,0.42857142857142855,0.0,6,14,486,multiplier,1.0,0.0033114000034402125
1.0,0.21428571428571427,0.0,3,14,486,exact_bonferroni,1.0,0.0009218000050168484
1.0,0.14285714285714285,0.0,2,14,486,hoeffding,1.0,0.00033070000063162297
1.0,0.21428571428571427,0.0,3,14,486,holm,,0.0005128999982844107
1.0,0.2857142857142857,0.0,4,14,487,pointwise,1.0,0.0006979000027058646
1.0,0.07142857142857142,0.0,1,14,487,normal_bonferroni,1.0,0.0006814000007580034
1.0,0.07142857142857142,0.0,1,14,487,multiplier,1.0,0.0033192999981110916
1.0,0.07142857142857142,0.0,1,14,487,exact_bonferroni,1.0,0.0009293999974033795
1.0,0.0,0.0,0,14,487,hoeffding,1.0,0.00035059999936493114
1.0,0.07142857142857142,0.0,1,14,487,holm,,0.0005156000042916276
1.0,0.5,0.0,7,14,488,pointwise,1.0,0.0007669000042369589
1.0,0.21428571428571427,0.0,3,14,488,normal_bonferroni,1.0,0.0005900999967707321
1.0,0.2857142857142857,0.0,4,14,488,multiplier,1.0,0.0030267999973148108
1.0,0.14285714285714285,0.0,2,14,488,exact_bonferroni,1.0,0.0008320999986608513
1.0,0.07142857142857142,0.0,1,14,488,hoeffding,1.0,0.0003195000026607886
1.0,0.21428571428571427,0.0,3,14,488,holm,,0.0004880999986198731
1.0,0.5,0.0,7,14,489,pointwise,0.0,0.0006718000004184432
1.0,0.2857142857142857,0.0,4,14,489,normal_bonferroni,1.0,0.0006461000011768192
1.0,0.2857142857142857,0.0,4,14,489,multiplier,1.0,0.0033658999964245595
1.0,0.21428571428571427,0.0,3,14,489,exact_bonferroni,1.0,0.0009740000023157336
1.0,0.14285714285714285,0.0,2,14,489,hoeffding,1.0,0.0003735999998752959
1.0,0.2857142857142857,0.0,4,14,489,holm,,0.0005625999983749352
1.0,0.7857142857142857,0.0,11,14,490,pointwise,0.0,0.0006409999987226911
1.0,0.5714285714285714,0.0,8,14,490,normal_bonferroni,0.0,0.0006047999995644204
1.0,0.5714285714285714,0.0,8,14,490,multiplier,0.0,0.0032712000029277988
1.0,0.5714285714285714,0.0,8,14,490,exact_bonferroni,1.0,0.0009260999941034243
1.0,0.35714285714285715,0.0,5,14,490,hoeffding,1.0,0.0003614000015659258
1.0,0.5714285714285714,0.0,8,14,490,holm,,0.0005075000008218922
1.0,0.7142857142857143,0.0,10,14,491,pointwise,0.0,0.0006570999976247549
1.0,0.5,0.0,7,14,491,normal_bonferroni,1.0,0.0006228999991435558
1.0,0.5,0.0,7,14,491,multiplier,1.0,0.0032672999950591475
1.0,0.5,0.0,7,14,491,exact_bonferroni,1.0,0.0009237999984179623
1.0,0.21428571428571427,0.0,3,14,491,hoeffding,1.0,0.00036380000528879464
1.0,0.5,0.0,7,14,491,holm,,0.000610999995842576
1.0,0.6428571428571429,0.0,9,14,492,pointwise,0.0,0.0006647999980486929
1.0,0.14285714285714285,0.0,2,14,492,normal_bonferroni,1.0,0.0006055000048945658
1.0,0.14285714285714285,0.0,2,14,492,multiplier,1.0,0.0032405999954789877
1.0,0.14285714285714285,0.0,2,14,492,exact_bonferroni,1.0,0.0008703999992576428
1.0,0.0,0.0,0,14,492,hoeffding,1.0,0.000338400001055561
1.0,0.14285714285714285,0.0,2,14,492,holm,,0.0003695999985211529
1.0,0.21428571428571427,0.0,3,14,493,pointwise,1.0,0.0006789000035496429
1.0,0.07142857142857142,0.0,1,14,493,normal_bonferroni,1.0,0.000657899996440392
1.0,0.07142857142857142,0.0,1,14,493,multiplier,1.0,0.003534600000421051
1.0,0.07142857142857142,0.0,1,14,493,exact_bonferroni,1.0,0.0010698999976739287
1.0,0.0,0.0,0,14,493,hoeffding,1.0,0.00023939999664435163
1.0,0.07142857142857142,0.0,1,14,493,holm,,0.00034619999496499076
1.0,0.7857142857142857,0.0,11,14,494,pointwise,0.0,0.0006080000021029264
1.0,0.35714285714285715,0.0,5,14,494,normal_bonferroni,1.0,0.0007283000013558194
1.0,0.42857142857142855,0.0,6,14,494,multiplier,1.0,0.0037754000004497357
1.0,0.35714285714285715,0.0,5,14,494,exact_bonferroni,1.0,0.0010617000007187016
1.0,0.35714285714285715,0.0,5,14,494,hoeffding,1.0,0.00046409999777097255
1.0,0.35714285714285715,0.0,5,14,494,holm,,0.0006741000033798628
1.0,0.35714285714285715,0.0,5,14,495,pointwise,1.0,0.000640199999907054
1.0,0.14285714285714285,0.0,2,14,495,normal_bonferroni,1.0,0.0006950000024517067
1.0,0.14285714285714285,0.0,2,14,495,multiplier,1.0,0.0035107000003335997
1.0,0.14285714285714285,0.0,2,14,495,exact_bonferroni,1.0,0.0010869999969145283
1.0,0.0,0.0,0,14,495,hoeffding,1.0,0.00037650000012945384
1.0,0.14285714285714285,0.0,2,14,495,holm,,0.0005864999984623864
1.0,0.5,0.0,7,14,496,pointwise,0.0,0.0007019999975454994
1.0,0.21428571428571427,0.0,3,14,496,normal_bonferroni,1.0,0.0006514999986393377
1.0,0.21428571428571427,0.0,3,14,496,multiplier,1.0,0.003222999999707099
1.0,0.14285714285714285,0.0,2,14,496,exact_bonferroni,1.0,0.0009323999984189868
1.0,0.14285714285714285,0.0,2,14,496,hoeffding,1.0,0.00033880000410135835
1.0,0.14285714285714285,0.0,2,14,496,holm,,0.0005332000000635162
1.0,0.2857142857142857,0.0,4,14,497,pointwise,1.0,0.0006942999971215613
1.0,0.21428571428571427,0.0,3,14,497,normal_bonferroni,1.0,0.000625900000159163
1.0,0.21428571428571427,0.0,3,14,497,multiplier,1.0,0.003271800000220537
1.0,0.21428571428571427,0.0,3,14,497,exact_bonferroni,1.0,0.0009167000025627203
1.0,0.07142857142857142,0.0,1,14,497,hoeffding,1.0,0.00034609999420354143
1.0,0.21428571428571427,0.0,3,14,497,holm,,0.0005097999965073541
1.0,0.8571428571428571,0.0,12,14,498,pointwise,0.0,0.000628999994660262
1.0,0.42857142857142855,0.0,6,14,498,normal_bonferroni,1.0,0.000604200002271682
1.0,0.42857142857142855,0.0,6,14,498,multiplier,1.0,0.003060900002310518
1.0,0.42857142857142855,0.0,6,14,498,exact_bonferroni,1.0,0.0009146999946096912
1.0,0.2857142857142857,0.0,4,14,498,hoeffding,1.0,0.00032749999809311703
1.0,0.42857142857142855,0.0,6,14,498,holm,,0.0005111999998916872
1.0,0.8571428571428571,0.0,12,14,499,pointwise,0.0,0.0006796999950893223
1.0,0.35714285714285715,0.0,5,14,499,normal_bonferroni,1.0,0.000600200000917539
1.0,0.42857142857142855,0.0,6,14,499,multiplier,1.0,0.003095300002314616
1.0,0.35714285714285715,0.0,5,14,499,exact_bonferroni,1.0,0.000749299993913155
1.0,0.2857142857142857,0.0,4,14,499,hoeffding,1.0,0.00021289999858709052
1.0,0.35714285714285715,0.0,5,14,499,holm,,0.0004729000065708533
