Missingness,Shift,upper
0.0,0.0,0.29448595905508196
0.0,0.0075,0.2945129343546389
0.0,0.015,0.2945934107230755
0.0,0.0225,0.2947260762139857
0.0,0.03,0.2949088596469477
0.0,0.0375,0.29513908222387514
0.0,0.045,0.29541363354539063
0.0,0.0525,0.2957291483550232
0.0,0.06,0.2960821655204894
0.0,0.0675,0.2964692581256581
0.0,0.075,0.2968871306441193
0.0,0.08249999999999999,0.2973326845164737
0.0,0.09,0.29780305663150175
0.0,0.0975,0.29829563650233387
0.0,0.105,0.29880806791534914
0.0,0.11249999999999999,0.2993382400935836
0.0,0.12,0.2998842723989927
0.0,0.1275,0.3004444955737103
0.0,0.135,0.30101743162849215
0.0,0.1425,0.3016017737754555
0.0,0.15,0.3021963672698555
0.0,0.1575,0.30280019164651434
0.0,0.16499999999999998,0.3034123445783465
0.0,0.1725,0.30403202741643665
0.0,0.18,0.30465853236755214
0.0,0.1875,0.3052912312057499
0.0,0.195,0.3059295653850391
0.0,0.20249999999999999,0.3065730374093015
0.0,0.21,0.307221203316551
0.0,0.2175,0.30787366614219996
0.0,0.22499999999999998,0.30853007023707407
0.0,0.23249999999999998,0.30919009632842986
0.0,0.24,0.3098534572249208
0.0,0.2475,0.3105198940786013
0.0,0.255,0.31118917312827143
0.0,0.2625,0.31186108285856873
0.0,0.27,0.31253543151817725
0.0,0.27749999999999997,0.31321204494837906
0.0,0.285,0.31389076468000676
0.0,0.2925,0.3145714462627568
0.0,0.3,0.3152539577959076
0.0,0.3075,0.31593817863384516
0.0,0.315,0.3166239982435358
0.0,0.3225,0.3173113151942795
0.0,0.32999999999999996,0.3180000362628099
0.0,0.33749999999999997,0.3186900756391434
0.0,0.345,0.3193813542205755
0.0,0.3525,0.32007379898293226
0.0,0.36,0.32076734241964744
0.0,0.3675,0.32146192204049034
0.0,0.375,0.3221574799228443
0.0,0.3825,0.3228539623093619
0.0,0.39,0.3235513192466161
0.0,0.39749999999999996,0.32424950426005317
0.0,0.40499999999999997,0.32381296687762146
0.0,0.4125,0.3230926154009102
0.0,0.42,0.32237226392419904
0.0,0.4275,0.32165191244748786
0.0,0.435,0.3209315609707767
0.0,0.4425,0.32021120949406545
0.0,0.44999999999999996,0.3194908580173543
0.0,0.45749999999999996,0.32021120949406545
0.0,0.46499999999999997,0.3209315609707767
0.0,0.4725,0.32165191244748786
0.0,0.48,0.32237226392419904
0.0,0.4875,0.3230926154009103
0.0,0.495,0.32381296687762146
0.0,0.5025,0.32453331835433263
0.0,0.51,0.32525366983104387
0.0,0.5175,0.32597402130775505
0.0,0.525,0.3266943727844662
0.0,0.5325,0.3274147242611774
0.0,0.54,0.32813507573788864
0.0,0.5475,0.3288554272145998
0.0,0.5549999999999999,0.329575778691311
0.0,0.5625,0.33029613016802223
0.0,0.57,0.3307202046527846
0.0,0.5775,0.32999985317607344
0.0,0.585,0.32927950169936226
0.0,0.5925,0.32855915022265103
0.0,0.6,0.32783879874593985
0.005,0.0,0.29400572473727454
0.005,0.0075,0.29403411549502617
0.005,0.015,0.29411876424155403
0.005,0.0225,0.2942581475114702
0.005,0.03,0.29444987369385356
0.005,0.0375,0.2946908741816638
0.005,0.045,0.2949776210487075
0.005,0.0525,0.2953063401447577
0.005,0.06,0.29567319676278714
0.005,0.0675,0.2960744416537015
0.005,0.075,0.2965065146318991
0.005,0.08249999999999999,0.2969661095306818
0.005,0.09,0.29745020761801
0.005,0.0975,0.29795608746817515
0.005,0.105,0.2984813186547374
0.005,0.11249999999999999,0.2990237452992244
0.005,0.12,0.29958146402421826
0.005,0.1275,0.30015279951356394
0.005,0.135,0.3007362797944846
0.005,0.1425,0.3013306125413094
0.005,0.15,0.30193466312429973
0.005,0.1575,0.3025474347396817
0.005,0.16499999999999998,0.30316805070928765
0.005,0.1725,0.3037957388888626
0.005,0.18,0.30442981804123376
0.005,0.1875,0.30506968599096734
0.005,0.195,0.3057148093646071
0.005,0.20249999999999999,0.3063647147241297
0.005,0.21,0.3070189809136509
0.005,0.2175,0.3076772324560914
0.005,0.22499999999999998,0.3083391338546306
0.005,0.23249999999999998,0.3090043846716861
0.005,0.24,0.30967271527495077
0.005,0.2475,0.31034388315524686
0.005,0.255,0.31101766973448447
0.005,0.2625,0.31169387759383244
0.005,0.27,0.3123723280624505
0.005,0.27749999999999997,0.31305285911592384
0.005,0.285,0.3137353235410588
0.005,0.2925,0.31441958733010283
0.005,0.3,0.31510552827289184
0.005,0.3075,0.31579303472004694
0.005,0.315,0.3164820044942567
0.005,0.3225,0.31717234393000215
0.005,0.32999999999999996,0.31786396702489705
0.005,0.33749999999999997,0.3185567946882056
0.005,0.345,0.3192507540741295
0.005,0.3525,0.3199457779891831
0.005,0.36,0.3206418043644435
0.005,0.3675,0.32133877578471737
0.005,0.375,0.322036639067736
0.005,0.3825,0.3227353448874041
0.005,0.39,0.323434847435914
0.005,0.39749999999999996,0.3241351041202093
0.005,0.40499999999999997,0.32383956472165154
0.005,0.4125,0.32312448998138144
0.005,0.42,0.32241200933147685
0.005,0.4275,0.3217046288388261
0.005,0.435,0.321009492272203
0.005,0.4425,0.3203566127459004
0.005,0.44999999999999996,0.31997109233516174
0.005,0.45749999999999996,0.32035661274590044
0.005,0.46499999999999997,0.32100949227220305
0.005,0.4725,0.3217046288388261
0.005,0.48,0.32241200933147685
0.005,0.4875,0.32312448998138144
0.005,0.495,0.32383956472165154
0.005,0.5025,0.32455613503347097
0.005,0.51,0.32527364497521466
0.005,0.5175,0.32599178343224716
0.005,0.525,0.32671036284801963
0.005,0.5325,0.3274292634775207
0.005,0.54,0.3281484053028157
0.005,0.5475,0.3288677328298918
0.005,0.5549999999999999,0.32958720636712907
0.005,0.5625,0.33030679677688873
0.005,0.57,0.3307599500600624
0.005,0.5775,0.3300525695674117
0.005,0.585,0.3293574330007886
0.005,0.5925,0.32870455347448596
0.005,0.6,0.3283190330637473
0.01,0.0,0.29352549041946707
0.01,0.0075,0.2935554531357233
0.01,0.015,0.2936447266413004
0.01,0.0225,0.29379152837708244
0.01,0.03,0.2939930782280252
0.01,0.0375,0.29424584189617825
0.01,0.045,0.29454580191664426
0.01,0.0525,0.29488871524186044
0.01,0.06,0.2952703294414864
0.01,0.0675,0.29568654484960066
0.01,0.075,0.2961335224739777
0.01,0.08249999999999999,0.29660774515444976
0.01,0.09,0.29710604263541823
0.01,0.0975,0.2976255912860522
0.01,0.105,0.29816389762776363
0.01,0.11249999999999999,0.2987187726989327
0.01,0.12,0.2992883022331566
0.01,0.1275,0.29987081592913156
0.01,0.135,0.3004648578127632
0.01,0.1425,0.30106915879471435
0.01,0.15,0.3016826119312677
0.01,0.1575,0.3023042505227721
0.01,0.16499999999999998,0.3029332289641135
0.01,0.1725,0.30356880614371884
0.01,0.18,0.3042103311343558
0.01,0.1875,0.3048572309049863
0.01,0.195,0.30550899979136825
0.01,0.20249999999999999,0.3061651904832599
0.01,0.21,0.30682540631135863
0.01,0.2175,0.30748929464358765
0.01,0.22499999999999998,0.30815654122584774
0.01,0.23249999999999998,0.3088268653257607
0.01,0.24,0.3095000155587946
0.01,0.2475,0.31017576629437754
0.01,0.255,0.3108539145553169
0.01,0.2625,0.3115342773372469
0.01,0.27,0.3122166892862101
0.01,0.27749999999999997,0.3129010006820877
0.01,0.285,0.3135870756836952
0.01,0.2925,0.3142747907981668
0.01,0.3,0.3149640335429776
0.01,0.3075,0.31565470127376005
0.01,0.315,0.3163467001551107
0.01,0.3225,0.3170399442549843
0.01,0.32999999999999996,0.3177343547461319
0.01,0.33749999999999997,0.31842985920045314
0.01,0.345,0.3191263909641687
0.01,0.3525,0.3198238886034411
0.01,0.36,0.32052229541153177
0.01,0.3675,0.32122155896981947
0.01,0.375,0.3219216307560574
0.01,0.3825,0.32262246579414366
0.01,0.39,0.3233240223404451
0.01,0.39749999999999996,0.3240262616023671
0.01,0.40499999999999997,0.3239183996602979
0.01,0.4125,0.3232184787397454
0.01,0.42,0.32252812652705176
0.01,0.4275,0.3218557377711684
0.01,0.435,0.32122236747444655
0.01,0.4425,0.3206914438118729
0.01,0.44999999999999996,0.3204513266529692
0.01,0.45749999999999996,0.3206914438118729
0.01,0.46499999999999997,0.32122236747444655
0.01,0.4725,0.3218557377711684
0.01,0.48,0.32252812652705176
0.01,0.4875,0.32321847873974546
0.01,0.495,0.3239183996602979
0.01,0.5025,0.32462397658699593
0.01,0.51,0.3253331606455994
0.01,0.5175,0.326044780983792
0.01,0.525,0.32675812194540865
0.01,0.5325,0.3274727222262969
0.01,0.54,0.3281882714259488
0.01,0.5475,0.3289045531606017
0.01,0.5549999999999999,0.32962141204958767
0.01,0.5625,0.33033873367344474
0.01,0.57,0.33087606725563734
0.01,0.5775,0.33020367849975396
0.01,0.585,0.3295703082030321
0.01,0.5925,0.3290393845404585
0.01,0.6,0.3287992673815548
0.015,0.0,0.2930452561016596
0.015,0.0075,0.2930769746975415
0.015,0.015,0.29317140237222494
0.015,0.0225,0.2933264358856331
0.015,0.03,0.29353881998439413
0.015,0.0375,0.29380446054016973
0.015,0.045,0.29411876424155403
0.015,0.0525,0.294476950436852
0.015,0.06,0.2948743015190653
0.015,0.0675,0.2953063401447577
0.015,0.075,0.2957689377378655
0.015,0.08249999999999999,0.2962583672863043
0.015,0.09,0.29677131580230287
0.015,0.0975,0.2973048704568288
0.015,0.105,0.2978564894601279
0.015,0.11249999999999999,0.2984239656087642
0.015,0.12,0.29900538771545676
0.015,0.1275,0.2995991030842171
0.015,0.135,0.3002036827574059
0.015,0.1425,0.3008178903215652
0.015,0.15,0.3014406544808713
0.015,0.1575,0.30207104527596235
0.015,0.16499999999999998,0.302708253654776
0.015,0.1725,0.30335157402971774
0.015,0.18,0.30400038944108376
0.015,0.1875,0.30465415896396747
0.015,0.195,0.3053124070286756
0.015,0.20249999999999999,0.30597471436334583
0.015,0.21,0.3066407103065548
0.015,0.2175,0.3073100662743794
0.015,0.22499999999999998,0.3079824901993157
0.015,0.23249999999999998,0.3086577217872638
0.015,0.24,0.3093355284635231
0.015,0.2475,0.31001570189973215
0.015,0.255,0.31069805503136133
0.015,0.2625,0.31138241949015666
0.015,0.27,0.3120686433882804
0.015,0.27749999999999997,0.31275658940116946
0.015,0.285,0.313446133104683
0.015,0.2925,0.3141371615292178
0.015,0.3,0.31482957189938815
0.015,0.3075,0.3155232705327881
0.015,0.315,0.3162181718754626
0.015,0.3225,0.3169141976551399
0.015,0.32999999999999996,0.3176112761361461
0.015,0.33749999999999997,0.31830934146232376
0.015,0.345,0.31900833307629306
0.015,0.3525,0.31970819520509164
0.015,0.36,0.32040887640365784
0.015,0.3675,0.32111032914883214
0.015,0.375,0.3218125094775731
0.015,0.3825,0.3225153766639536
0.015,0.39,0.3231792584149276
0.015,0.39749999999999996,0.3238312290282188
0.015,0.40499999999999997,0.3240467607819005
0.015,0.4125,0.32337006943850677
0.015,0.42,0.32271236775659146
0.015,0.4275,0.3220881222029927
0.015,0.435,0.3215283196734352
0.015,0.4425,0.32110161288697286
0.015,0.44999999999999996,0.3209315609707767
0.015,0.45749999999999996,0.32110161288697286
0.015,0.46499999999999997,0.3215283196734352
0.015,0.4725,0.3220881222029927
0.015,0.48,0.32271236775659146
0.015,0.4875,0.32337006943850677
0.015,0.495,0.32404676078190053
0.015,0.5025,0.3247350959267173
0.015,0.51,0.3254310284694541
0.015,0.5175,0.32613217048176973
0.015,0.525,0.3268370304901458
0.015,0.5325,0.32754463236544723
0.015,0.54,0.328254311959722
0.015,0.5475,0.32896560240704625
0.015,0.5549999999999999,0.32967816629775887
0.015,0.5625,0.3303917539094358
0.015,0.57,0.33106030848517704
0.015,0.5775,0.3304360629315783
0.015,0.585,0.3298762604020208
0.015,0.5925,0.32944955361555844
0.015,0.6,0.32927950169936226
0.02,0.0,0.29256502178385213
0.02,0.0075,0.29259871438967455
0.02,0.015,0.29269892100261075
0.02,0.0225,0.29286313690787535
0.02,0.03,0.2930875203188867
0.02,0.0375,0.29336729981708404
0.02,0.045,0.2936972028824131
0.02,0.0525,0.29407183341360077
0.02,0.06,0.29448595905508196
0.02,0.0675,0.2949347002860793
0.02,0.075,0.29541363354539063
0.02,0.08249999999999999,0.29591882932392904
0.02,0.09,0.2964468466146534
0.02,0.0975,0.29699470145589496
0.02,0.105,0.297559822497707
0.02,0.11249999999999999,0.29814000213466674
0.02,0.12,0.29873334835567095
0.02,0.1275,0.2993382400935836
0.02,0.135,0.2999532873287027
0.02,0.1425,0.3005772962797636
0.02,0.15,0.3012092395043865
0.02,0.1575,0.3018482304772146
0.02,0.16499999999999998,0.3024935021148812
0.02,0.1725,0.3031443887049707
0.02,0.18,0.3038003107294458
0.02,0.1875,0.30446076212664763
0.02,0.195,0.30512529959577317
0.02,0.20249999999999999,0.30579353360611344
0.02,0.21,0.30646512082664157
0.02,0.2175,0.30713975773835084
0.02,0.22499999999999998,0.3078171752318613
0.02,0.23249999999999998,0.3084971340266506
0.02,0.24,0.3091794207765126
0.02,0.2475,0.3098638447492641
0.02,0.255,0.31055023498804757
0.02,0.2625,0.31123843787749467
0.02,0.27,0.3119283150511013
0.02,0.27749999999999997,0.3126197415869229
0.02,0.285,0.31331260444755116
0.02,0.2925,0.31400680112761536
0.02,0.3,0.314702238478062
0.02,0.3075,0.3153988316814267
0.02,0.315,0.31609650335641787
0.02,0.3225,0.31679518277353813
0.02,0.32999999999999996,0.3174948051662997
0.02,0.33749999999999997,0.31819531112494764
0.02,0.345,0.31889664606157564
0.02,0.3525,0.3195987597371675
0.02,0.36,0.3203016058424818
0.02,0.3675,0.32100514162586247
0.02,0.375,0.3216721815324552
0.02,0.3825,0.32232279159654154
0.02,0.39,0.3229757193052191
0.02,0.39749999999999996,0.32363085633843985
0.02,0.40499999999999997,0.32422061752498255
0.02,0.4125,0.3235728497187177
0.02,0.42,0.3229538769315388
0.02,0.4275,0.32238225149628447
0.02,0.435,0.32189202960639157
0.02,0.4425,0.3215424199223428
0.02,0.44999999999999996,0.3214117952885841
0.02,0.45749999999999996,0.3215424199223428
0.02,0.46499999999999997,0.32189202960639157
0.02,0.4725,0.32238225149628447
0.02,0.48,0.3229538769315388
0.02,0.4875,0.3235728497187177
0.02,0.495,0.32422061752498255
0.02,0.5025,0.3248868200492815
0.02,0.51,0.32556539503674925
0.02,0.5175,0.3262526186053964
0.02,0.525,0.3269460994621366
0.02,0.5325,0.32764424113419605
0.02,0.54,0.3283459413032416
0.02,0.5475,0.3290504163884298
0.02,0.5549999999999999,0.3297570951566376
0.02,0.5625,0.3304655519196916
0.02,0.57,0.33117546327384456
0.02,0.5775,0.33073019222487005
0.02,0.585,0.33023997033497715
0.02,0.5925,0.32989036065092836
0.02,0.6,0.3297597360171697
0.025,0.0,0.29208478746604466
0.025,0.0075,0.292120715443371
0.025,0.015,0.2922274451717242
0.025,0.0225,0.2924019629099439
0.025,0.03,0.2926396955412377
0.025,0.0375,0.29293504704702567
0.025,0.045,0.29328194231510024
0.025,0.0525,0.2936742830622838
0.025,0.06,0.2941062726989327
0.025,0.0675,0.2945726106483595
0.025,0.075,0.2950685809793373
0.025,0.08249999999999999,0.29559006727395376
0.025,0.09,0.2961335224739777
0.025,0.0975,0.29669591536174733
0.025,0.105,0.29727466811746106
0.025,0.11249999999999999,0.2978675936271248
0.025,0.12,0.29847283717841777
0.025,0.1275,0.29908882460804076
0.025,0.135,0.2997142174503973
0.025,0.1425,0.3003478748225409
0.025,0.15,0.3009888213951186
0.025,0.1575,0.30163622066214646
0.025,0.16499999999999998,0.3022893527194289
0.025,0.1725,0.3029475958237415
0.025,0.18,0.3036104110934238
0.025,0.1875,0.30427732980469524
0.025,0.195,0.3049479428262857
0.025,0.20249999999999999,0.30562189181336613
0.025,0.21,0.30629886184897476
0.025,0.2175,0.30697857527752814
0.025,0.22499999999999998,0.30766078652166384
0.025,0.23249999999999998,0.3083452777119308
0.025,0.24,0.3090318549900494
0.025,0.2475,0.3097203453718406
0.025,0.255,0.31041059407651733
0.025,0.2625,0.3111024622457477
0.025,0.27,0.3117958249894688
0.025,0.27749999999999997,0.3124905697064626
0.025,0.285,0.3131865946366885
0.025,0.2925,0.31388380760969525
0.025,0.3,0.3145821249594319
0.025,0.3075,0.31528147058069
0.025,0.315,0.3159817751064502
0.025,0.3225,0.3166829751887366
0.025,0.32999999999999996,0.31738501286833476
0.025,0.33749999999999997,0.31808783502100996
0.025,0.345,0.31879139286976077
0.025,0.3525,0.3194956415542217
0.025,0.36,0.3201660142351721
0.025,0.3675,0.32081514370118003
0.025,0.375,0.32146672722705627
0.025,0.3825,0.3221206460746162
0.025,0.39,0.3227767886580271
0.025,0.39749999999999996,0.32343505004428114
0.025,0.40499999999999997,0.32409533149197745
0.025,0.4125,0.323819631660085
0.025,0.42,0.3232416079423693
0.025,0.4275,0.32272130400049653
0.025,0.435,0.32229108122274347
0.025,0.4425,0.321997754754358
0.025,0.44999999999999996,0.32189202960639157
0.025,0.45749999999999996,0.321997754754358
0.025,0.46499999999999997,0.32229108122274347
0.025,0.4725,0.32272130400049653
0.025,0.48,0.3232416079423693
0.025,0.4875,0.323819631660085
0.025,0.495,0.32443517293450913
0.025,0.5025,0.3250758406717589
0.025,0.51,0.3257339041488513
0.025,0.5175,0.3264043977221654
0.025,0.525,0.327084029291598
0.025,0.5325,0.3277705489083236
0.025,0.54,0.328462375447533
0.025,0.5475,0.32915836965427514
0.025,0.5549999999999999,0.32985769215319344
0.025,0.5625,0.33055971212471336
0.025,0.57,0.3312639470342606
0.025,0.5775,0.3310692447290821
0.025,0.585,0.33063902195132905
0.025,0.5925,0.33034569548294357
0.025,0.6,0.33023997033497715
0.03,0.0,0.2916045531482372
0.03,0.0075,0.29164303328697483
0.03,0.015,0.2917571817297446
0.03,0.0225,0.2919433302071947
0.03,0.03,0.29219598390307466
0.03,0.0375,0.2925085367070814
0.03,0.045,0.2928739646734805
0.03,0.0525,0.2932853732605633
0.03,0.06,0.29373635598481995
0.03,0.0675,0.29422118202665104
0.03,0.075,0.2947348570721443
0.03,0.08249999999999999,0.29527310392591094
0.03,0.09,0.2958323000479991
0.03,0.0975,0.2964093972753762
0.03,0.105,0.2970018388985787
0.03,0.11249999999999999,0.2976074821208305
0.03,0.12,0.29822452942283634
0.03,0.1275,0.29885146977163
0.03,0.135,0.29948702926954557
0.03,0.1425,0.3001301302381059
0.03,0.15,0.300779857541616
0.03,0.1575,0.30143543097563164
0.03,0.16499999999999998,0.30209618266093946
0.03,0.1725,0.3027615385316881
0.03,0.18,0.3034310031551954
0.03,0.1875,0.30410414725634477
0.03,0.195,0.30478059743621966
0.03,0.20249999999999999,0.3054600276722055
0.03,0.21,0.3061421522668151
0.03,0.2175,0.3068267199773547
0.03,0.22499999999999998,0.30751350911074143
0.03,0.23249999999999998,0.3082023234096104
0.03,0.24,0.3088929885893059
0.03,0.2475,0.3095853494120989
0.03,0.255,0.31027926720637367
0.03,0.2625,0.3109746177556708
0.03,0.27,0.3116712894962399
0.03,0.27749999999999997,0.3123691819728298
0.03,0.285,0.31306820451138795
0.03,0.2925,0.3137682750745687
0.03,0.3,0.314469319271831
0.03,0.3075,0.3151712695006823
0.03,0.315,0.3158740641995381
0.03,0.3225,0.31657764719586845
0.03,0.32999999999999996,0.31728196713593515
0.03,0.33749999999999997,0.31798697698459927
0.03,0.345,0.3186608677819181
0.03,0.3525,0.3193083803464404
0.03,0.36,0.31995849860465003
0.03,0.3675,0.32061109188258075
0.03,0.375,0.3212660376504175
0.03,0.3825,0.32192322093518827
0.03,0.39,0.3225825337798338
0.03,0.39749999999999996,0.32324387474487365
0.03,0.40499999999999997,0.32390714844917423
0.03,0.4125,0.3241033580173543
0.03,0.42,0.32356578132951613
0.03,0.4275,0.3230926154009102
0.03,0.435,0.32271236775659146
0.03,0.4425,0.3224609432434042
0.03,0.44999999999999996,0.32237226392419904
0.03,0.45749999999999996,0.3224609432434042
0.03,0.46499999999999997,0.32271236775659146
0.03,0.4725,0.3230926154009103
0.03,0.48,0.32356578132951613
0.03,0.4875,0.3241033580173543
0.03,0.495,0.3246853863886311
0.03,0.5025,0.3252985172919674
0.03,0.51,0.32593387749582864
0.03,0.5175,0.32658549727879665
0.03,0.525,0.32724928085965926
0.03,0.5325,0.32792235588250257
0.03,0.54,0.32860266354644674
0.03,0.5475,0.32928869738376565
0.03,0.5549999999999999,0.32997933383608025
0.03,0.5625,0.3306737201845278
0.03,0.57,0.331371198921554
0.03,0.5775,0.3314405561294958
0.03,0.585,0.33106030848517704
0.03,0.5925,0.33080888397198976
0.03,0.6,0.3307202046527846
0.035,0.0,0.2911243188304297
0.035,0.0075,0.29116574015847135
0.035,0.015,0.2912883976391848
0.035,0.0225,0.2914877680822657
0.035,0.03,0.2917571817297446
0.035,0.0375,0.2920887883076567
0.035,0.045,0.29247444397317646
0.035,0.0525,0.29290636031527684
0.035,0.06,0.2933774850903457
0.035,0.0675,0.29388166331545595
0.035,0.075,0.2944136517304232
0.035,0.08249999999999999,0.2949690515054887
0.035,0.09,0.29554420498794215
0.035,0.0975,0.2961360841700325
0.035,0.105,0.29674218539568586
0.035,0.11249999999999999,0.29736043658318395
0.035,0.12,0.29798911863180816
0.035,0.1275,0.2986268003806916
0.035,0.135,0.2992722855194398
0.035,0.1425,0.29992456958658337
0.035,0.15,0.30058280526744335
0.035,0.1575,0.3012462744175394
0.035,0.16499999999999998,0.3019143654891455
0.035,0.1725,0.3025865552792814
0.035,0.18,0.30326239412826883
0.035,0.1875,0.30394149387419717
0.035,0.195,0.3046235180119664
0.035,0.20249999999999999,0.3053081736202668
0.035,0.21,0.3059952047107585
0.035,0.2175,0.30668438672537396
0.035,0.22499999999999998,0.3073755219640227
0.035,0.23249999999999998,0.3080684357692611
0.035,0.24,0.3087629733293317
0.035,0.2475,0.3094589969884189
0.035,0.255,0.31015638397465217
0.035,0.2625,0.3108550244735609
0.035,0.27,0.3115548199883354
0.035,0.27749999999999997,0.31225568193913367
0.035,0.285,0.3129575304623883
0.035,0.2925,0.31366029337806633
0.035,0.3,0.3143639052984819
0.035,0.3075,0.3150683068568291
0.035,0.315,0.3157734440373155
0.035,0.3225,0.3164792675918053
0.035,0.32999999999999996,0.31715687225195693
0.035,0.33749999999999997,0.3178026123451337
0.035,0.345,0.3184511274843056
0.035,0.3525,0.3191022732425717
0.035,0.36,0.3197559145166709
0.035,0.3675,0.3204119248320998
0.035,0.375,0.3210701857047659
0.035,0.3825,0.321730586054452
0.035,0.39,0.322393021665731
0.035,0.39749999999999996,0.32305739469232
0.035,0.40499999999999997,0.32372361320118553
0.035,0.4125,0.3243915907530255
0.035,0.42,0.3239183996602979
0.035,0.4275,0.32348720400462816
0.035,0.435,0.32314821361942525
0.035,0.4425,0.3229288125327602
0.035,0.44999999999999996,0.3228524982420065
0.035,0.45749999999999996,0.3229288125327602
0.035,0.46499999999999997,0.32314821361942525
0.035,0.4725,0.32348720400462816
0.035,0.48,0.3239183996602979
0.035,0.4875,0.3244176502039601
0.035,0.495,0.32496637169188747
0.035,0.5025,0.32555114111717726
0.035,0.51,0.3261624863793061
0.035,0.5175,0.3267937363026607
0.035,0.525,0.32744015043869595
0.035,0.5325,0.3280983129983577
0.035,0.54,0.32876572324548564
0.035,0.5475,0.32944052038599775
0.035,0.5549999999999999,0.33012129780129545
0.035,0.5625,0.3308069762232586
0.035,0.57,0.3314967159625409
0.035,0.5775,0.33183514473321374
0.035,0.585,0.33149615434801083
0.035,0.5925,0.33127675326134576
0.035,0.6,0.3312004389705921
0.04,0.0,0.29064408451262225
0.04,0.0075,0.29068893197354584
0.04,0.015,0.29082144315103253
0.04,0.0225,0.2910359584138982
0.04,0.03,0.2913242921774071
0.04,0.0375,0.29167705493867524
0.04,0.045,0.29208478746604466
0.04,0.0525,0.29253871393279146
0.04,0.06,0.2930311193232564
0.04,0.0675,0.2935554531357233
0.04,0.075,0.2941062726989327
0.04,0.08249999999999999,0.2946791120653441
0.04,0.09,0.2952703294414864
0.04,0.0975,0.2958769607742648
0.04,0.105,0.29649659124815897
0.04,0.11249999999999999,0.297127247803023
0.04,0.12,0.29776731165588144
0.04,0.1275,0.29841544819099725
0.04,0.135,0.2990705512218175
0.04,0.1425,0.2997316988291823
0.04,0.15,0.3003981183835427
0.04,0.1575,0.30106915879471435
0.04,0.16499999999999998,0.30174426842922925
0.04,0.1725,0.30242297746927926
0.04,0.18,0.30310488375711764
0.04,0.1875,0.3037896413818731
0.04,0.195,0.3044769514317554
0.04,0.20249999999999999,0.3051665544630591
0.04,0.21,0.3058582243363847
0.04,0.2175,0.30655176314677446
0.04,0.22499999999999998,0.3072469970332797
0.04,0.23249999999999998,0.3079437726989327
0.04,0.24,0.30864195450733206
0.04,0.2475,0.3093414220494579
0.04,0.255,0.31004206809574003
0.04,0.2625,0.31074379686518533
0.04,0.27,0.3114465225565945
0.04,0.27749999999999997,0.31215016809735324
0.04,0.285,0.31285466407359447
0.04,0.2925,0.31355994781215923
0.04,0.3,0.3142659625900988
0.04,0.3075,0.3149726569517384
0.04,0.315,0.31565418067691176
0.04,0.3225,0.31629796973256885
0.04,0.32999999999999996,0.3169447239522449
0.04,0.33749999999999997,0.3175942829640465
0.04,0.345,0.3182464971324239
0.04,0.3525,0.3189012267304247
0.04,0.36,0.3195583411813741
0.04,0.3675,0.32021771836403673
0.04,0.375,0.32087924397577783
0.04,0.3825,0.321542810948685
0.04,0.39,0.3222083189140289
0.04,0.39749999999999996,0.3228756737108358
0.04,0.40499999999999997,0.32354478693470945
0.04,0.4125,0.32421557552337954
0.04,0.42,0.3242932011954289
0.04,0.4275,0.32389882310909446
0.04,0.435,0.32359398182733123
0.04,0.4425,0.3233996821691933
0.04,0.44999999999999996,0.323332732559814
0.04,0.45749999999999996,0.3233996821691933
0.04,0.46499999999999997,0.32359398182733123
0.04,0.4725,0.32389882310909446
0.04,0.48,0.3242932011954289
0.04,0.4875,0.32475703844058323
0.04,0.495,0.32527364497521466
0.04,0.5025,0.3258301329167414
0.04,0.51,0.3264168958457234
0.04,0.5175,0.32702686533223924
0.04,0.525,0.32765484142008117
0.04,0.5325,0.3282969727253285
0.04,0.54,0.3289503770326108
0.04,0.5475,0.3296128714657745
0.04,0.5549999999999999,0.3302827820812087
0.04,0.5625,0.3309588092838186
0.04,0.57,0.3316399320561442
0.04,0.5775,0.33224676383768004
0.04,0.585,0.3319419225559168
0.04,0.5925,0.33174762289777887
0.04,0.6,0.33168067328839956
0.045,0.0,0.29016385019481483
0.045,0.0075,0.2902127388434374
0.045,0.015,0.2903567863734659
0.045,0.0225,0.2905887924098054
0.045,0.03,0.290898591453993
0.045,0.0375,0.2912748852341119
0.045,0.045,0.29170668477440476
0.045,0.0525,0.2921841509842391
0.045,0.06,0.29269892100261075
0.045,0.0675,0.29324410901503983
0.045,0.075,0.29381414737621325
0.045,0.08249999999999999,0.29440457471294024
0.045,0.09,0.2950118267311661
0.045,0.0975,0.29563305307475884
0.045,0.105,0.29626596637070096
0.045,0.11249999999999999,0.2969087217738613
0.045,0.12,0.297559822497707
0.045,0.1275,0.298218046343634
0.045,0.135,0.2988823887258786
0.045,0.1425,0.2995520184621855
0.045,0.15,0.3002262433733915
0.045,0.1575,0.3009044834024715
0.045,0.16499999999999998,0.30158624950226887
0.045,0.1725,0.3022711269608292
0.045,0.18,0.30295876215405343
0.045,0.1875,0.3036488519581233
0.045,0.195,0.3043411352369878
0.045,0.20249999999999999,0.30503538595776897
0.045,0.21,0.3057314075905827
0.045,0.2175,0.3064290285275567
0.045,0.22499999999999998,0.3071280983151864
0.045,0.23249999999999998,0.30782848453937206
0.045,0.24,0.30853007023707407
0.045,0.2475,0.3092327517351227
0.045,0.255,0.3099364368372895
0.045,0.2625,0.31064104329670783
0.045,0.27,0.31134649752321863
0.045,0.27749999999999997,0.3120527334850222
0.045,0.285,0.3127596917717568
0.045,0.2925,0.3134673187922629
0.045,0.3,0.3141529743041334
0.045,0.3075,0.31479460610017707
0.045,0.315,0.3154394176897706
0.045,0.3225,0.31608723009035955
0.045,0.32999999999999996,0.3167378767607783
0.045,0.33749999999999997,0.31739120260802833
0.045,0.345,0.31804706307998104
0.045,0.3525,0.3187053233364709
0.045,0.36,0.3193658574918329
0.045,0.3675,0.3200285479225045
0.045,0.375,0.32069328463385244
0.045,0.3825,0.32135996468088956
0.045,0.39,0.32202849163802055
0.045,0.39749999999999996,0.3226987751133919
0.045,0.40499999999999997,0.3233707303038246
0.045,0.4125,0.3240442775866773
0.045,0.42,0.3246853863886311
0.045,0.4275,0.32432312262621005
0.045,0.435,0.3240467607819005
0.045,0.4425,0.3238725849885381
0.045,0.44999999999999996,0.32381296687762146
0.045,0.45749999999999996,0.3238725849885381
0.045,0.46499999999999997,0.32404676078190053
0.045,0.4725,0.32432312262621005
0.045,0.48,0.3246853863886311
0.045,0.4875,0.3251169829048768
0.045,0.495,0.325603242985597
0.045,0.5025,0.32613217048176973
0.045,0.51,0.3266943727844662
0.045,0.5175,0.32728265057426953
0.045,0.525,0.3278915276335218
0.045,0.5325,0.32851683614994465
0.045,0.54,0.3291553872350658
0.045,0.5475,0.32980472156357205
0.045,0.5549999999999999,0.3304629248235672
0.045,0.5625,0.33112849228081176
0.045,0.57,0.3318002294472852
0.045,0.5775,0.33247717894554635
0.045,0.585,0.3323947015104861
0.045,0.5925,0.3322205257171237
0.045,0.6,0.33216090760620703
0.05,0.0,0.28968361587700736
0.05,0.0075,0.28973734171100407
0.05,0.015,0.2898950661729402
0.05,0.0225,0.29014745312216167
0.05,0.03,0.29048171910971105
0.05,0.0375,0.290884201671526
0.05,0.045,0.29134216466521723
0.05,0.0525,0.29184467030714095
0.05,0.06,0.2923827725489627
0.05,0.0675,0.29294935216371243
0.05,0.075,0.29353881998439413
0.05,0.08249999999999999,0.2941468086386396
0.05,0.09,0.2947699025332424
0.05,0.0975,0.2954054190419859
0.05,0.105,0.29605123800774186
0.05,0.11249999999999999,0.29670567146800336
0.05,0.12,0.2973673649619268
0.05,0.1275,0.29803522291360207
0.05,0.135,0.29870835210855495
0.05,0.1425,0.29938601868946974
0.05,0.15,0.30006761524742015
0.05,0.1575,0.30075263547123426
0.05,0.16499999999999998,0.3014406544808713
0.05,0.1725,0.30213131345975414
0.05,0.18,0.3028243075592901
0.05,0.1875,0.30351937631088854
0.05,0.195,0.3042162959727744
0.05,0.20249999999999999,0.3049148733800384
0.05,0.21,0.30561494097061104
0.05,0.2175,0.30631635273727176
0.05,0.22499999999999998,0.3070189809136509
0.05,0.23249999999999998,0.3077227132456671
0.05,0.24,0.30842745073274536
0.05,0.2475,0.3091331057482096
0.05,0.255,0.30983960046743514
0.05,0.2625,0.310546865547141
0.05,0.27,0.3112548390106775
0.05,0.27749999999999997,0.31196346530311453
0.05,0.285,0.3126534693675643
0.05,0.2925,0.3132927041495076
0.05,0.3,0.3139353625127198
0.05,0.3075,0.3145812435940636
0.05,0.315,0.3152301610467754
0.05,0.3225,0.31588194183929724
0.05,0.32999999999999996,0.31653642516134045
0.05,0.33749999999999997,0.31719346142756
0.05,0.345,0.3178529113699655
0.05,0.3525,0.31851464521092704
0.05,0.36,0.31917854190933015
0.05,0.3675,0.31984448847309316
0.05,0.375,0.320512379331873
0.05,0.3825,0.32118211576435607
0.05,0.39,0.3218536053750539
0.05,0.39749999999999996,0.32252676161600413
0.05,0.40499999999999997,0.32320150334921477
0.05,0.4125,0.32387775444608935
0.05,0.42,0.32455544342043213
0.05,0.4275,0.32475703844058323
0.05,0.435,0.32450465149136176
0.05,0.4425,0.32434692702942564
0.05,0.44999999999999996,0.3242932011954289
0.05,0.45749999999999996,0.3243469270294257
0.05,0.46499999999999997,0.32450465149136176
0.05,0.4725,0.32475703844058323
0.05,0.48,0.3250913044281326
0.05,0.4875,0.3254937869899476
0.05,0.495,0.3259517499836388
0.05,0.5025,0.3264542556255625
0.05,0.51,0.3269923578673843
0.05,0.5175,0.327558937482134
0.05,0.525,0.3281484053028157
0.05,0.5325,0.3287563939570612
0.05,0.54,0.329379487851664
0.05,0.5475,0.3300150043604075
0.05,0.5549999999999999,0.3306608233261634
0.05,0.5625,0.3313152567864249
0.05,0.57,0.33197695028034835
0.05,0.5775,0.33264480823202364
0.05,0.585,0.33285259221994734
0.05,0.5925,0.3326948677580112
0.05,0.6,0.3326411419240145
0.055,0.0,0.2892033815591999
0.055,0.0075,0.28926299967011654
0.055,0.015,0.2894371754634789
0.055,0.0225,0.2897135373077885
0.055,0.03,0.2900758010702095
0.055,0.0375,0.2905073975864552
0.055,0.045,0.29099365766717544
0.055,0.0525,0.29152258516334817
0.055,0.06,0.29208478746604466
0.055,0.0675,0.29267306525584796
0.055,0.075,0.29328194231510024
0.055,0.08249999999999999,0.2939072508315231
0.055,0.09,0.29454580191664426
0.055,0.0975,0.2951951362451505
0.055,0.105,0.29585333950514564
0.055,0.11249999999999999,0.2965189069623902
0.055,0.12,0.29719064412886365
0.055,0.1275,0.2978675936271248
0.055,0.135,0.29854898099257143
0.055,0.1425,0.299234174191314
0.055,0.15,0.2999226531209552
0.055,0.1575,0.3006139864270217
0.055,0.16499999999999998,0.3013078137225323
0.055,0.1725,0.3020038318315507
0.055,0.18,0.30270178405523224
0.055,0.1875,0.30340145172749505
0.055,0.195,0.3041026475196889
0.055,0.20249999999999999,0.30480521009217904
0.055,0.21,0.30550899979136825
0.055,0.2175,0.30621389516430253
0.055,0.22499999999999998,0.3069197901173073
0.055,0.23249999999999998,0.30762659158546407
0.055,0.24,0.3083342176099668
0.055,0.2475,0.3090425957432116
0.055,0.255,0.30975166171880936
0.055,0.2625,0.31046135833698324
0.055,0.27,0.31115592589091673
0.055,0.27749999999999997,0.31179248288442385
0.055,0.285,0.31243274222656653
0.055,0.2925,0.3130764771245107
0.055,0.3,0.3137234778496975
0.055,0.3075,0.3143735502728407
0.055,0.315,0.31502651453393404
0.055,0.3225,0.3156822038348855
0.055,0.32999999999999996,0.3163404633433507
0.055,0.33749999999999997,0.3170011491972812
0.055,0.345,0.3176641276006102
0.055,0.3525,0.3183292740013598
0.055,0.36,0.3189964723442596
0.055,0.3675,0.3196656143907131
0.055,0.375,0.32033659909963713
0.055,0.3825,0.32100933206332843
0.055,0.39,0.32168372499308673
0.055,0.39749999999999996,0.32235969524984165
0.055,0.40499999999999997,0.32303716541550564
0.055,0.4125,0.3237160629011974
0.055,0.42,0.324396319588867
0.055,0.4275,0.32507787150319617
0.055,0.435,0.32496637169188747
0.055,0.4425,0.32482232416185897
0.055,0.44999999999999996,0.3247734355132364
0.055,0.45749999999999996,0.32482232416185897
0.055,0.46499999999999997,0.32496637169188747
0.055,0.4725,0.32519837772822696
0.055,0.48,0.32550817677241456
0.055,0.4875,0.32588447055253345
0.055,0.495,0.3263162700928264
0.055,0.5025,0.3267937363026607
0.055,0.51,0.3273085063210323
0.055,0.5175,0.3278536943334614
0.055,0.525,0.3284237326946348
0.055,0.5325,0.3290141600313618
0.055,0.54,0.32962141204958767
0.055,0.5475,0.3302426383931804
0.055,0.5549999999999999,0.3308755516891225
0.055,0.5625,0.33151830709228286
0.055,0.57,0.3321694078161286
0.055,0.5775,0.3328276316620556
0.055,0.585,0.33331431242047305
0.055,0.5925,0.33317026489044455
0.055,0.6,0.333121376241822
0.06,0.0,0.2887231472413924
0.06,0.0075,0.2887900968507717
0.06,0.015,0.28898439650890967
0.06,0.0225,0.2892892377906729
0.06,0.03,0.28968361587700736
0.06,0.0375,0.29014745312216167
0.06,0.045,0.2906640596567931
0.06,0.0525,0.29122054759831983
0.06,0.06,0.2918073105273018
0.06,0.0675,0.29241728001381767
0.06,0.075,0.2930452561016596
0.06,0.08249999999999999,0.2936873874069069
0.06,0.09,0.29434079171418925
0.06,0.0975,0.29500328614735294
0.06,0.105,0.29567319676278714
0.06,0.11249999999999999,0.296349223965397
0.06,0.12,0.29703034673772266
0.06,0.1275,0.29771575384349014
0.06,0.135,0.298404793875017
0.06,0.1425,0.29909693857324193
0.06,0.15,0.29979175558849736
0.06,0.1575,0.30048888802767526
0.06,0.16499999999999998,0.3011880389326162
0.06,0.1725,0.3018889593802542
0.06,0.18,0.30259143927070725
0.06,0.1875,0.30329530013048606
0.06,0.195,0.30400038944108376
0.06,0.20249999999999999,0.30470657613292834
0.06,0.21,0.30541374697749935
0.06,0.2175,0.3061218036774652
0.06,0.22499999999999998,0.30683066050360736
0.06,0.23249999999999998,0.30754024236328414
0.06,0.24,0.30825048321191323
0.06,0.2475,0.3089613247389512
0.06,0.255,0.30966065926574254
0.06,0.2625,0.3102942070298921
0.06,0.27,0.31093177826157364
0.06,0.27749999999999997,0.3115731151727299
0.06,0.285,0.3122179801986944
0.06,0.2925,0.31286615419499153
0.06,0.3,0.31351743480571465
0.06,0.3075,0.31417163498742756
0.06,0.315,0.31482858167374583
0.06,0.3225,0.315488114566974
0.06,0.32999999999999996,0.31615008504436154
0.06,0.33749999999999997,0.3168143551676765
0.06,0.345,0.3174807967858588
0.06,0.3525,0.3181492907215084
0.06,0.36,0.3188197260328734
0.06,0.3675,0.31949199934383843
0.06,0.375,0.3201660142351721
0.06,0.3825,0.32084168069097885
0.06,0.39,0.3215189145949219
0.06,0.39749999999999996,0.3221976372713412
0.06,0.40499999999999997,0.3228777750668936
0.06,0.4125,0.32355925896879034
0.06,0.42,0.3242420242561128
0.06,0.4275,0.3249260101810456
0.06,0.435,0.3254310284694541
0.06,0.4425,0.3252985172919674
0.06,0.44999999999999996,0.3252536698310438
0.06,0.45749999999999996,0.3252985172919674
0.06,0.46499999999999997,0.3254310284694541
0.06,0.4725,0.32564554373231974
0.06,0.48,0.32593387749582864
0.06,0.4875,0.3262866402570968
0.06,0.495,0.3266943727844662
0.06,0.5025,0.327148299251213
0.06,0.51,0.32764070464167794
0.06,0.5175,0.32816503845414485
0.06,0.525,0.32871585801735426
0.06,0.5325,0.32928869738376565
0.06,0.54,0.32987991475990797
0.06,0.5475,0.33048654609268635
0.06,0.5549999999999999,0.33110617656658053
0.06,0.5625,0.3317368331214446
0.06,0.57,0.332376896974303
0.06,0.5775,0.3330250335094188
0.06,0.585,0.3336801365402391
0.06,0.5925,0.333646458020553
0.06,0.6,0.3336016105596294
0.065,0.0,0.28824291292358495
0.065,0.0075,0.2883192272143386
0.065,0.015,0.2885386283010037
0.065,0.0225,0.2888776186862066
0.065,0.03,0.28930881434187633
0.065,0.0375,0.2898080648855385
0.065,0.045,0.2903567863734659
0.065,0.0525,0.2909415557987557
0.065,0.06,0.29155290106088455
0.065,0.0675,0.2921841509842391
0.065,0.075,0.2928305651202744
0.065,0.08249999999999999,0.2934887276799361
0.065,0.09,0.2941561379270641
0.065,0.0975,0.2948309350675762
0.065,0.105,0.2955117124828739
0.065,0.11249999999999999,0.29619739090483704
0.065,0.12,0.2968871306441193
0.065,0.1275,0.2975802699526532
0.065,0.135,0.2982762810975863
0.065,0.1425,0.29897473860516033
0.065,0.15,0.2996752959853819
0.065,0.1575,0.3003776684492354
0.065,0.16499999999999998,0.30108161991743393
0.065,0.1725,0.30178695314220383
0.065,0.18,0.3024935021148812
0.065,0.1875,0.30320112617132705
0.065,0.195,0.303909705372172
0.065,0.20249999999999999,0.30461913685010167
0.065,0.21,0.30532933189779066
0.065,0.2175,0.306040213628242
0.065,0.22499999999999998,0.3067517150812898
0.065,0.23249999999999998,0.3074637776806658
0.065,0.24,0.30816805567078903
0.065,0.2475,0.30879819951811915
0.065,0.255,0.3094327397482119
0.065,0.2625,0.31007138116980887
0.065,0.27,0.3107138527734826
0.065,0.27749999999999997,0.3113599054901298
0.065,0.285,0.3120093101696723
0.065,0.2925,0.3126618557590013
0.065,0.3,0.31331734765972175
0.065,0.3075,0.3139756062478264
0.065,0.315,0.31463646553898683
0.065,0.3225,0.31529977198465436
0.065,0.32999999999999996,0.315965383385584
0.065,0.33749999999999997,0.3166331679107205
0.065,0.345,0.31730300321060745
0.065,0.3525,0.31797477561559534
0.065,0.36,0.3186483794101408
0.065,0.3675,0.31932371617540406
0.065,0.375,0.3200006941931784
0.065,0.3825,0.32067922790492426
0.065,0.39,0.3213592374203459
0.065,0.39749999999999996,0.32204064807053834
0.065,0.40499999999999997,0.32272339000126404
0.065,0.4125,0.3234073978023879
0.065,0.42,0.3240926101699201
0.065,0.4275,0.32477896959749175
0.065,0.435,0.3254664220944183
0.065,0.4425,0.3257753254768929
0.065,0.44999999999999996,0.3257339041488513
0.065,0.45749999999999996,0.3257753254768929
0.065,0.46499999999999997,0.32589798295760636
0.065,0.4725,0.32609735340068724
0.065,0.48,0.32636676704816614
0.065,0.4875,0.3266983736260783
0.065,0.495,0.327084029291598
0.065,0.5025,0.3275159456336984
0.065,0.51,0.3279870704087673
0.065,0.5175,0.3284912486338775
0.065,0.525,0.3290232370488448
0.065,0.5325,0.32957863682391025
0.065,0.54,0.3301537903063637
0.065,0.5475,0.3307456694884541
0.065,0.5549999999999999,0.33135177071410743
0.065,0.5625,0.3319700219016055
0.065,0.57,0.3325987039502297
0.065,0.5775,0.3332363856991132
0.065,0.585,0.33388187083786136
0.065,0.5925,0.3341232662054785
0.065,0.6,0.33408184487743686
0.07,0.0,0.2877626786057775
0.07,0.0075,0.2878513579249826
0.07,0.015,0.2881027824381699
0.07,0.0225,0.2884830300824887
0.07,0.03,0.28895619601109457
0.07,0.0375,0.2894937726989327
0.07,0.045,0.2900758010702095
0.07,0.0525,0.29068893197354584
0.07,0.06,0.2913242921774071
0.07,0.0675,0.2919759119603751
0.07,0.075,0.2926396955412377
0.07,0.08249999999999999,0.293312770564081
0.07,0.09,0.2939930782280252
0.07,0.0975,0.2946791120653441
0.07,0.105,0.2953697485176587
0.07,0.11249999999999999,0.29606413486610617
0.07,0.12,0.2967616136031324
0.07,0.1275,0.29746167039733634
0.07,0.135,0.29816389762776363
0.07,0.1425,0.29886796838626356
0.07,0.15,0.2995736176445158
0.07,0.1575,0.3002806284078577
0.07,0.16499999999999998,0.3009888213951186
0.07,0.1725,0.30169804724847105
0.07,0.18,0.3024081805836681
0.07,0.1875,0.30311911539619274
0.07,0.195,0.3038307614783167
0.07,0.20249999999999999,0.3045430415982459
0.07,0.21,0.3052558892597419
0.07,0.2175,0.3059692469081829
0.07,0.22499999999999998,0.3066785928888504
0.07,0.23249999999999998,0.3073048582625107
0.07,0.24,0.30793595698609894
0.07,0.2475,0.30857154826007893
0.07,0.255,0.3092113204838658
0.07,0.2625,0.30985498843958464
0.07,0.27,0.3105022907613622
0.07,0.27749999999999997,0.31115298766261373
0.07,0.285,0.3118068588956493
0.07,0.2925,0.3124637019199317
0.07,0.3,0.31312333025736927
0.07,0.3075,0.31378557201502777
0.07,0.315,0.31445026855756136
0.07,0.3225,0.31511727331344813
0.07,0.32999999999999996,0.3157864507007736
0.07,0.33749999999999997,0.3164576751598141
0.07,0.345,0.31713083028104544
0.07,0.3525,0.31780580801843944
0.07,0.36,0.3184825079790202
0.07,0.3675,0.3191608367806472
0.07,0.375,0.3198407074708769
0.07,0.3825,0.32052203900054577
0.07,0.39,0.3212047557464153
0.07,0.39749999999999996,0.32188878707784596
0.07,0.40499999999999997,0.32257406696301616
0.07,0.4125,0.32326053361069357
0.07,0.42,0.32394812914399945
0.07,0.4275,0.3246367993029914
0.07,0.435,0.32532649317323054
0.07,0.4425,0.3260171629378024
0.07,0.44999999999999996,0.32621413846665875
0.07,0.45749999999999996,0.3262526186053964
0.07,0.46499999999999997,0.32636676704816614
0.07,0.4725,0.32655291552561627
0.07,0.48,0.32680556922149623
0.07,0.4875,0.32711812202550294
0.07,0.495,0.32748354999190205
0.07,0.5025,0.3278949585789849
0.07,0.51,0.3283459413032415
0.07,0.5175,0.3288307673450726
0.07,0.525,0.3293444423905659
0.07,0.5325,0.3298826892443325
0.07,0.54,0.33044188536642066
0.07,0.5475,0.33101898259379775
0.07,0.5549999999999999,0.33161142421700024
0.07,0.5625,0.33221706743925206
0.07,0.57,0.3328341147412579
0.07,0.5775,0.3334610550900516
0.07,0.585,0.33409661458796713
0.07,0.5925,0.334600559333982
0.07,0.6,0.33456207919524433
0.075,0.0,0.28728244428797
0.075,0.0075,0.2873881694359364
0.075,0.015,0.2876814959043219
0.075,0.0225,0.28811171868207497
0.075,0.03,0.2886320226239477
0.075,0.0375,0.2892100463416634
0.075,0.045,0.28982558761608757
0.075,0.0525,0.2904662553533373
0.075,0.06,0.2911243188304297
0.075,0.0675,0.29179481240374383
0.075,0.075,0.29247444397317646
0.075,0.08249999999999999,0.293160963589902
0.075,0.09,0.2938527901291114
0.075,0.0975,0.2945487843358536
0.075,0.105,0.2952481068347719
0.075,0.11249999999999999,0.2959501268062918
0.075,0.12,0.29665436171583903
0.075,0.1275,0.29736043658318395
0.075,0.135,0.2980680558548051
0.075,0.1425,0.298776983592946
0.075,0.15,0.29948702926954557
0.075,0.1575,0.3001980374111688
0.075,0.16499999999999998,0.3009098799372426
0.075,0.1725,0.30162245041288105
0.075,0.18,0.30233565968329856
0.075,0.1875,0.3030494325190686
0.075,0.195,0.3037637050104756
0.075,0.20249999999999999,0.3044784225235883
0.075,0.21,0.30519286883190927
0.075,0.2175,0.30581467902170695
0.075,0.22499999999999998,0.30644183970612227
0.075,0.23249999999999998,0.3070739538312634
0.075,0.24,0.3077106599807575
0.075,0.2475,0.30835162879647243
0.075,0.255,0.3089965597733979
0.075,0.2625,0.3096451783923709
0.075,0.27,0.3102972335564855
0.075,0.27749999999999997,0.3109524952995526
0.075,0.285,0.31161075273764854
0.075,0.2925,0.31227181223747447
0.075,0.3,0.31293549577783314
0.075,0.3075,0.3136016394829755
0.075,0.315,0.31427009230882935
0.075,0.3225,0.3149407148651964
0.075,0.32999999999999996,0.31561337835888065
0.075,0.33749999999999997,0.31628796364440365
0.075,0.345,0.31696436037047465
0.075,0.3525,0.31764246621173436
0.075,0.36,0.3183221861764893
0.075,0.3675,0.3190034319822174
0.075,0.375,0.3196861214915666
0.075,0.3825,0.3203701782023977
0.075,0.39,0.3210555307861599
0.075,0.39749999999999996,0.3217421126695304
0.075,0.40499999999999997,0.3224298616548262
0.075,0.4125,0.3231187195751945
0.075,0.42,0.32380863198103765
0.075,0.4275,0.32449954785451735
0.075,0.435,0.32519141934933066
0.075,0.4425,0.3258842015532567
0.075,0.44999999999999996,0.3265778522712414
0.075,0.45749999999999996,0.32673030076179255
0.075,0.46499999999999997,0.3268370304901458
0.075,0.4725,0.3270115482283655
0.075,0.48,0.32724928085965926
0.075,0.4875,0.32754463236544723
0.075,0.495,0.3278915276335218
0.075,0.5025,0.3282838683807054
0.075,0.51,0.32871585801735426
0.075,0.5175,0.32918219596678105
0.075,0.525,0.32967816629775887
0.075,0.5325,0.3301996525923753
0.075,0.54,0.3307431077923993
0.075,0.5475,0.33130550068016895
0.075,0.5549999999999999,0.3318842534358826
0.075,0.5625,0.33247717894554635
0.075,0.57,0.33308242249683934
0.075,0.5775,0.3336984099264623
0.075,0.585,0.33432380276881885
0.075,0.5925,0.33495746014096245
0.075,0.6,0.3350423135130518
0.08,0.0,0.28680220997016254
0.08,0.0075,0.2869328346039212
0.08,0.015,0.28728244428797
0.08,0.0225,0.2877726661778629
0.08,0.03,0.28834429161311725
0.08,0.0375,0.2889632644002961
0.08,0.045,0.289611032206561
0.08,0.0525,0.2902772347308599
0.08,0.06,0.2909558097183277
0.08,0.0675,0.29164303328697483
0.08,0.075,0.29233651414371503
0.08,0.08249999999999999,0.2930346558157744
0.08,0.09,0.29373635598481995
0.08,0.0975,0.29444083107000824
0.08,0.105,0.295147509838216
0.08,0.11249999999999999,0.29585596660127
0.08,0.12,0.296565877955423
0.08,0.1275,0.29727699398694174
0.08,0.135,0.29798911863180816
0.08,0.1425,0.2987020959830211
0.08,0.15,0.2994158005550414
0.08,0.1575,0.3001301302381059
0.08,0.16499999999999998,0.30084500111681806
0.08,0.1725,0.3015603436038123
0.08,0.18,0.3022760995161218
0.08,0.1875,0.30299221983733493
0.08,0.195,0.30370866298542754
0.08,0.20249999999999999,0.3043282870650029
0.08,0.21,0.30495090221880056
0.08,0.2175,0.3055790194099164
0.08,0.22499999999999998,0.3062122153285286
0.08,0.23249999999999998,0.306850106071894
0.08,0.24,0.30749234303424544
0.08,0.2475,0.30813860924427067
0.08,0.255,0.30878861610447705
0.08,0.2625,0.30944210048978193
0.08,0.27,0.3100988221661176
0.08,0.27749999999999997,0.3107585614934137
0.08,0.285,0.31142111738084716
0.08,0.2925,0.31208630546560867
0.08,0.3,0.312753956489568
0.08,0.3075,0.31342391485109666
0.08,0.315,0.3140960373119112
0.08,0.3225,0.3147701918411442
0.08,0.32999999999999996,0.3154462565809411
0.08,0.33749999999999997,0.31612411891974085
0.08,0.345,0.31680367466104115
0.08,0.3525,0.31748482727690175
0.08,0.36,0.31816748723671784
0.08,0.3675,0.3188515714029177
0.08,0.375,0.31953700248622874
0.08,0.3825,0.32022370855402027
0.08,0.39,0.3209116225859934
0.08,0.39749999999999996,0.3216006820721553
0.08,0.40499999999999997,0.3222908286486008
0.08,0.4125,0.32298200776713887
0.08,0.42,0.323674168395252
0.08,0.4275,0.32436726274327565
0.08,0.435,0.3250612460160315
0.08,0.4425,0.3257560761864564
0.08,0.44999999999999996,0.3264517137890419
0.08,0.45749999999999996,0.3271481217311325
0.08,0.46499999999999997,0.3273085063210323
0.08,0.4725,0.3274727222262969
0.08,0.48,0.32769710563730825
0.08,0.4875,0.3279768851355056
0.08,0.495,0.32830678820083464
0.08,0.5025,0.32868141873202233
0.08,0.51,0.3290955443735035
0.08,0.5175,0.3295442856045009
0.08,0.525,0.3300232188638122
0.08,0.5325,0.3305284146423506
0.08,0.54,0.33105643193307505
0.08,0.5475,0.3316042867743165
0.08,0.5549999999999999,0.3321694078161286
0.08,0.5625,0.3327495874530883
0.08,0.57,0.3333429336740925
0.08,0.5775,0.3339478254120052
0.08,0.585,0.33456287264712425
0.08,0.5925,0.3351868815981852
0.08,0.6,0.3355225478308593
0.085,0.0,0.2863219756523551
0.085,0.0075,0.2864920275685513
0.085,0.015,0.28691873435501364
0.085,0.0225,0.28747853688457115
0.085,0.03,0.2881027824381699
0.085,0.0375,0.2887604841200852
0.085,0.045,0.2894371754634789
0.085,0.0525,0.2901255106082957
0.085,0.06,0.29082144315103253
0.085,0.0675,0.29152258516334817
0.085,0.075,0.2922274451717242
0.085,0.08249999999999999,0.29293504704702567
0.085,0.09,0.2936447266413004
0.085,0.0975,0.2943560170886247
0.085,0.105,0.2950685809793373
0.085,0.11249999999999999,0.29578216859101425
0.085,0.12,0.29649659124815897
0.085,0.1275,0.2972117038045348
0.085,0.135,0.2979273928118245
0.085,0.1425,0.2986435683377424
0.085,0.15,0.29936015818780926
0.085,0.1575,0.3000771037472828
0.085,0.16499999999999998,0.30079435693801093
0.085,0.1725,0.30151187795701034
0.085,0.18,0.3022296335725138
0.085,0.1875,0.3028464818012873
0.085,0.195,0.3034637986418343
0.085,0.20249999999999999,0.30408727835971455
0.085,0.21,0.3047164196901886
0.085,0.2175,0.3053507704312803
0.085,0.22499999999999998,0.3059899221018547
0.085,0.23249999999999998,0.30663350519967125
0.085,0.24,0.3072811849981615
0.085,0.2475,0.30793265782399104
0.085,0.255,0.3085876477617591
0.085,0.2625,0.3092459037369178
0.085,0.27,0.3099071969328032
0.085,0.27749999999999997,0.31057131850233044
0.085,0.285,0.31123807753929256
0.085,0.2925,0.3119072992782443
0.085,0.3,0.31257882349561883
0.085,0.3075,0.31325250308802166
0.085,0.315,0.31392820280657685
0.085,0.3225,0.3146057981288002
0.085,0.32999999999999996,0.3152851742517608
0.085,0.33749999999999997,0.3159662251923039
0.085,0.345,0.31664885298186907
0.085,0.3525,0.3173329669449779
0.085,0.36,0.31801848305181124
0.085,0.3675,0.3187053233364709
0.085,0.375,0.31939341537354554
0.085,0.3825,0.32008269180649496
0.085,0.39,0.32077308992214687
0.085,0.39749999999999996,0.3214645512662835
0.085,0.40499999999999997,0.3221570212958871
0.085,0.4125,0.32285044906413796
0.085,0.42,0.32354478693470945
0.085,0.4275,0.3242399903223057
0.085,0.435,0.3249360174567357
0.085,0.4425,0.32563282916812364
0.085,0.44999999999999996,0.3263303886911251
0.085,0.45749999999999996,0.3270286614862535
0.085,0.46499999999999997,0.3277276150766322
0.085,0.4725,0.3279360212040547
0.085,0.48,0.3281484053028157
0.085,0.4875,0.3284140458585913
0.085,0.495,0.3287283495599756
0.085,0.5025,0.3290865357552736
0.085,0.51,0.32948388683748686
0.085,0.5175,0.32991592546317927
0.085,0.525,0.3303785230562871
0.085,0.5325,0.33086795260472585
0.085,0.54,0.33138090112072444
0.085,0.5475,0.33191445577525036
0.085,0.5549999999999999,0.33246607477854945
0.085,0.5625,0.3330335509271858
0.085,0.57,0.3336149730338783
0.085,0.5775,0.3342086884026387
0.085,0.585,0.33481326807582745
0.085,0.5925,0.33542747563998676
0.085,0.6,0.33600278214866675
0.09,0.0,0.28584174133454765
0.09,0.0075,0.28608185849345136
0.09,0.015,0.286612782156025
0.09,0.0225,0.2872461524527468
0.09,0.03,0.2879185412086302
0.09,0.0375,0.28860889342132384
0.09,0.045,0.28930881434187633
0.09,0.0525,0.29001439126857437
0.09,0.06,0.29072357532717785
0.09,0.0675,0.29143519566537046
0.09,0.075,0.2921485366269871
0.09,0.08249999999999999,0.29286313690787535
0.09,0.09,0.29357868610752724
0.09,0.0975,0.2942949678421801
0.09,0.105,0.2950118267311661
0.09,0.11249999999999999,0.2957291483550232
0.09,0.12,0.2964468466146534
0.09,0.1275,0.2971648554926456
0.09,0.135,0.29788312352871843
0.09,0.1425,0.298601610021681
0.09,0.15,0.29932028236026337
0.09,0.1575,0.3000391141102287
0.09,0.16499999999999998,0.30075808361926554
0.09,0.1725,0.3013703009027581
0.09,0.18,0.3019813731848147
0.09,0.1875,0.3025994151569275
0.09,0.195,0.30322382587200025
0.09,0.20249999999999999,0.30385406633590967
0.09,0.21,0.3044896524638845
0.09,0.2175,0.3051301488503027
0.09,0.22499999999999998,0.3057751632702051
0.09,0.23249999999999998,0.3064243418335142
0.09,0.24,0.3070773647178966
0.09,0.2475,0.30773394241230345
0.09,0.255,0.30839381240975067
0.09,0.2625,0.30905673629440406
0.09,0.27,0.30972249717423966
0.09,0.27749999999999997,0.31039089741630543
0.09,0.285,0.3110617566468536
0.09,0.2925,0.31173490998331443
0.09,0.3,0.31241020646926554
0.09,0.3075,0.31308750768723614
0.09,0.315,0.31376668652742556
0.09,0.3225,0.3144476260932404
0.09,0.32999999999999996,0.31513021872702035
0.09,0.33749999999999997,0.315814365141466
0.09,0.345,0.316499973644141
0.09,0.3525,0.3171869594440371
0.09,0.36,0.31787524403058937
0.09,0.3675,0.3185647546167435
0.09,0.375,0.3192554236387291
0.09,0.3825,0.319947188306108
0.09,0.39,0.32063999019645817
0.09,0.39749999999999996,0.3213337748897436
0.09,0.40499999999999997,0.3220284916380205
0.09,0.4125,0.32272409306665073
0.09,0.42,0.32342053490364797
0.09,0.4275,0.32411777573418
0.09,0.435,0.324815776777596
0.09,0.4425,0.32551450168464946
0.09,0.44999999999999996,0.3262139163528553
0.09,0.45749999999999996,0.3269139887581497
0.09,0.46499999999999997,0.3276146888012267
0.09,0.4725,0.3283159881671041
0.09,0.48,0.32860266354644674
0.09,0.4875,0.3288554272145998
0.09,0.495,0.3291553872350658
0.09,0.5025,0.329498300560282
0.09,0.51,0.32987991475990797
0.09,0.5175,0.33029613016802223
0.09,0.525,0.3307431077923993
0.09,0.5325,0.33121733047287133
0.09,0.54,0.3317156279538398
0.09,0.5475,0.33223517660447377
0.09,0.5549999999999999,0.3327734829461852
0.09,0.5625,0.3333283580173543
0.09,0.57,0.3338978875515782
0.09,0.5775,0.3344804012475531
0.09,0.585,0.3350744431311848
0.09,0.5925,0.3356787441131359
0.09,0.6,0.3362921972496893
0.095,0.0,0.2853615070167402
0.095,0.0075,0.2857470274274789
0.095,0.015,0.2863999069537815
0.095,0.0225,0.28709504352040455
0.095,0.03,0.2878024240130553
0.095,0.0375,0.28851490466295987
0.095,0.045,0.28922997940323
0.095,0.0525,0.2899465497150494
0.095,0.06,0.2906640596567931
0.095,0.0675,0.2913821981138256
0.095,0.075,0.292100777529598
0.095,0.08249999999999999,0.29281967815909915
0.095,0.09,0.29353881998439413
0.095,0.0975,0.2942581475114702
0.095,0.105,0.2949776210487075
0.095,0.11249999999999999,0.29569721145846717
0.095,0.12,0.29641689686930167
0.095,0.1275,0.2971366605446926
0.095,0.135,0.2978564894601279
0.095,0.1425,0.2985763733283549
0.095,0.15,0.2992963039163807
0.095,0.1575,0.2999011144198169
0.095,0.16499999999999998,0.3005047334386156
0.095,0.1725,0.30111632222611046
0.095,0.18,0.30173515020620345
0.095,0.1875,0.3023605662627732
0.095,0.195,0.3029919893099853
0.095,0.20249999999999999,0.30362889997626724
0.095,0.21,0.30427083329500826
0.095,0.2175,0.3049173722945195
0.095,0.22499999999999998,0.30556814238437296
0.095,0.23249999999999998,0.30622280644262717
0.095,0.24,0.3068810605171553
0.095,0.2475,0.30754263006335814
0.095,0.255,0.3082072666493999
0.095,0.2625,0.3088747450684155
0.095,0.27,0.30954486080474203
0.095,0.27749999999999997,0.3102174278080613
0.095,0.285,0.3108922765354013
0.095,0.2925,0.3115692522262784
0.095,0.3,0.31224821338091735
0.095,0.3075,0.3129290304155339
0.095,0.315,0.31361158447217163
0.095,0.3225,0.3142957663636136
0.095,0.32999999999999996,0.3149814756365033
0.095,0.33749999999999997,0.31566861973806104
0.095,0.345,0.3163571132737236
0.095,0.3525,0.3170468773447037
0.095,0.36,0.31773783895590774
0.095,0.3675,0.31842993048588897
0.095,0.375,0.3191230892115847
0.095,0.3825,0.3198172568815094
0.095,0.39,0.320512379331873
0.095,0.39749999999999996,0.321208406140786
0.095,0.40499999999999997,0.3219052903163087
0.095,0.4125,0.32260298801462206
0.095,0.42,0.32330145828504686
0.095,0.4275,0.32400066283903084
0.095,0.435,0.3247005658405617
0.095,0.4425,0.325401133715764
0.095,0.44999999999999996,0.32610233497969543
0.095,0.45749999999999996,0.32680414007858555
0.095,0.46499999999999997,0.3275065212459584
0.095,0.4725,0.3282094523712561
0.095,0.48,0.3289129088797307
0.095,0.4875,0.32930045950008535
0.095,0.495,0.32958720636712907
0.095,0.5025,0.32991592546317927
0.095,0.51,0.3302827820812087
0.095,0.5175,0.33068402697212307
0.095,0.525,0.33111609995032065
0.095,0.5325,0.3315756948491034
0.095,0.54,0.33205979293643156
0.095,0.5475,0.3325656727865967
0.095,0.5549999999999999,0.333090903973159
0.095,0.5625,0.33363333061764594
0.095,0.57,0.3341910493426398
0.095,0.5775,0.3347623848319855
0.095,0.585,0.33534586511290615
0.095,0.5925,0.33594019785973095
0.095,0.6,0.3365442484427213
0.1,0.0,0.2848812726989327
0.1,0.0075,0.2856016241756439
0.1,0.015,0.2863219756523551
0.1,0.0225,0.2870423271290663
0.1,0.03,0.2877626786057775
0.1,0.0375,0.2884830300824887
0.1,0.045,0.2892033815591999
0.1,0.0525,0.28992373303591107
0.1,0.06,0.29064408451262225
0.1,0.0675,0.2913644359893335
0.1,0.075,0.29208478746604466
0.1,0.08249999999999999,0.29280513894275584
0.1,0.09,0.29352549041946707
0.1,0.0975,0.29424584189617825
0.1,0.105,0.29496619337288943
0.1,0.11249999999999999,0.29568654484960066
0.1,0.12,0.29640689632631184
0.1,0.1275,0.297127247803023
0.1,0.135,0.29784759927973425
0.1,0.1425,0.29844076619687077
0.1,0.15,0.29903535969127076
0.1,0.1575,0.2996391840679296
0.1,0.16499999999999998,0.30025133699976175
0.1,0.1725,0.3008710198378519
0.1,0.18,0.3014975247889674
0.1,0.1875,0.3021302236271652
0.1,0.195,0.3027685578064544
0.1,0.20249999999999999,0.30341202983071675
0.1,0.21,0.3040601957379663
0.1,0.2175,0.30471265856361524
0.1,0.22499999999999998,0.30536906265848934
0.1,0.23249999999999998,0.30602908874984514
0.1,0.24,0.3066924496463361
0.1,0.2475,0.3073588865000166
0.1,0.255,0.3080281655496867
0.1,0.2625,0.308700075279984
0.1,0.27,0.3093744239395925
0.1,0.27749999999999997,0.31005103736979434
0.1,0.285,0.31072975710142203
0.1,0.2925,0.31141043868417206
0.1,0.3,0.31209295021732286
0.1,0.3075,0.31277717105526043
0.1,0.315,0.3134629906649511
0.1,0.3225,0.3141503076156948
0.1,0.32999999999999996,0.3148390286842252
0.1,0.33749999999999997,0.3155290680605587
0.1,0.345,0.3162203466419908
0.1,0.3525,0.3169127914043475
0.1,0.36,0.3176063348410627
0.1,0.3675,0.3183009144619056
0.1,0.375,0.3189964723442596
0.1,0.3825,0.3196929547307772
0.1,0.39,0.3203903116680314
0.1,0.39749999999999996,0.32108849668146844
0.1,0.40499999999999997,0.32178746648255946
0.1,0.4125,0.32248718070455673
0.1,0.42,0.32318760166370464
0.1,0.4275,0.32388869414313703
0.1,0.435,0.324590425197026
0.1,0.4425,0.3252927639728352
0.1,0.44999999999999996,0.3259956815497843
0.1,0.45749999999999996,0.32669915079184947
0.1,0.46499999999999997,0.32740314621381666
0.1,0.4725,0.32810764385907387
0.1,0.48,0.3288126211879732
0.1,0.4875,0.32951805697572556
0.1,0.495,0.3300232188638122
0.1,0.5025,0.33033873367344474
0.1,0.51,0.33069175083891095
0.1,0.5175,0.3310788434440797
0.1,0.525,0.3314967159625409
0.1,0.5325,0.3319422698348953
0.1,0.54,0.33241264194992337
0.1,0.5475,0.3329052218207555
0.1,0.5549999999999999,0.3334176532337707
0.1,0.5625,0.3339478254120052
0.1,0.57,0.33449385771741424
0.1,0.5775,0.33505408089213184
0.1,0.585,0.3356270169469137
0.1,0.5925,0.33621135909387706
0.1,0.6,0.33680595258827706
0.105,0.0,0.2853615070167402
0.105,0.0075,0.2857470274274789
0.105,0.015,0.2863999069537814
0.105,0.0225,0.28709504352040455
0.105,0.03,0.2878024240130553
0.105,0.0375,0.28851490466295987
0.105,0.045,0.28922997940323
0.105,0.0525,0.2899465497150494
0.105,0.06,0.2906640596567931
0.105,0.0675,0.2913821981138256
0.105,0.075,0.292100777529598
0.105,0.08249999999999999,0.29281967815909915
0.105,0.09,0.29353881998439413
0.105,0.0975,0.2942581475114702
0.105,0.105,0.2949776210487075
0.105,0.11249999999999999,0.29569721145846717
0.105,0.12,0.29641689686930167
0.105,0.1275,0.2969917919349792
0.105,0.135,0.29757527221589986
0.105,0.1425,0.29816960496272465
0.105,0.15,0.298773655545715
0.105,0.1575,0.299386427161097
0.105,0.16499999999999998,0.3000070431307029
0.105,0.1725,0.30063473131027785
0.105,0.18,0.30126881046264903
0.105,0.1875,0.3019086784123826
0.105,0.195,0.30255380178602237
0.105,0.20249999999999999,0.30320370714554495
0.105,0.21,0.30385797333506614
0.105,0.2175,0.3045162248775067
0.105,0.22499999999999998,0.30517812627604585
0.105,0.23249999999999998,0.3058433770931014
0.105,0.24,0.30651170769636604
0.105,0.2475,0.30718287557666213
0.105,0.255,0.30785666215589974
0.105,0.2625,0.3085328700152477
0.105,0.27,0.3092113204838658
0.105,0.27749999999999997,0.3098918515373391
0.105,0.285,0.3105743159624741
0.105,0.2925,0.3112585797515181
0.105,0.3,0.3119445206943071
0.105,0.3075,0.3126320271414622
0.105,0.315,0.31332099691567195
0.105,0.3225,0.3140113363514174
0.105,0.32999999999999996,0.3147029594463123
0.105,0.33749999999999997,0.31539578710962085
0.105,0.345,0.3160897464955448
0.105,0.3525,0.3167847704105984
0.105,0.36,0.3174807967858588
0.105,0.3675,0.31817776820613264
0.105,0.375,0.31887563148915127
0.105,0.3825,0.31957433730881935
0.105,0.39,0.32027383985732927
0.105,0.39749999999999996,0.32097409654162457
0.105,0.40499999999999997,0.32167506771027454
0.105,0.4125,0.32237671640732085
0.105,0.42,0.32307900815008717
0.105,0.4275,0.32378191072831247
0.105,0.435,0.3244853940222933
0.105,0.4425,0.3251894298379958
0.105,0.44999999999999996,0.3258939917573434
0.105,0.45749999999999996,0.326599055002095
0.105,0.46499999999999997,0.32730459630991354
0.105,0.4725,0.3280105938213844
0.105,0.48,0.32871702697688443
0.105,0.4875,0.32942387642232385
0.105,0.495,0.3301311239228935
0.105,0.5025,0.3307661421046844
0.105,0.51,0.33110617656658053
0.105,0.5175,0.3314798959791759
0.105,0.525,0.3318842534358826
0.105,0.5325,0.33231635142891547
0.105,0.54,0.3327734829461852
0.105,0.5475,0.333253153656164
0.105,0.5549999999999999,0.33375308960992073
0.105,0.5625,0.33427123457717167
0.105,0.57,0.3348057404850717
0.105,0.5775,0.33535495368177837
0.105,0.585,0.33591739904095386
0.105,0.5925,0.33649176332413133
0.105,0.6,0.3370768787440565
0.11,0.0,0.28584174133454765
0.11,0.0075,0.28608185849345136
0.11,0.015,0.286612782156025
0.11,0.0225,0.2872461524527468
0.11,0.03,0.2879185412086302
0.11,0.0375,0.28860889342132384
0.11,0.045,0.28930881434187633
0.11,0.0525,0.29001439126857437
0.11,0.06,0.29072357532717785
0.11,0.0675,0.29143519566537046
0.11,0.075,0.2921485366269871
0.11,0.08249999999999999,0.29286313690787535
0.11,0.09,0.29357868610752724
0.11,0.0975,0.2942949678421801
0.11,0.105,0.2950028900491789
0.11,0.11249999999999999,0.295557765120348
0.11,0.12,0.2961272946545719
0.11,0.1275,0.29670980835054683
0.11,0.135,0.2973038502341785
0.11,0.1425,0.2979081512161296
0.11,0.15,0.298521604352683
0.11,0.1575,0.29914324294418737
0.11,0.16499999999999998,0.2997722213855288
0.11,0.1725,0.3004077985651341
0.11,0.18,0.3010493235557711
0.11,0.1875,0.30169622332640156
0.11,0.195,0.3023479922127835
0.11,0.20249999999999999,0.3030041829046752
0.11,0.21,0.3036643987327739
0.11,0.2175,0.3043282870650029
0.11,0.22499999999999998,0.304995533647263
0.11,0.23249999999999998,0.305665857747176
0.11,0.24,0.30633900798020985
0.11,0.2475,0.3070147587157928
0.11,0.255,0.3076929069767322
0.11,0.2625,0.3083732697586622
0.11,0.27,0.3090556817076254
0.11,0.27749999999999997,0.309739993103503
0.11,0.285,0.3104260681051105
0.11,0.2925,0.31111378321958205
0.11,0.3,0.31180302596439285
0.11,0.3075,0.3124936936951753
0.11,0.315,0.31318569257652595
0.11,0.3225,0.31387893667639954
0.11,0.32999999999999996,0.31457334716754715
0.11,0.33749999999999997,0.3152688516218684
0.11,0.345,0.315965383385584
0.11,0.3525,0.31666288102485635
0.11,0.36,0.31736128783294704
0.11,0.3675,0.31806055139123474
0.11,0.375,0.31876062317747267
0.11,0.3825,0.31946145821555894
0.11,0.39,0.3201630147618604
0.11,0.39749999999999996,0.32086525402378235
0.11,0.40499999999999997,0.3215681399068407
0.11,0.4125,0.3222716387869699
0.11,0.42,0.3229757193052191
0.11,0.4275,0.3236803521823406
0.11,0.435,0.32438551005108757
0.11,0.4425,0.32509116730430077
0.11,0.44999999999999996,0.32579729995709716
0.11,0.45749999999999996,0.3265038855216733
0.11,0.46499999999999997,0.3272109028934107
0.11,0.4725,0.32791833224712286
0.11,0.48,0.32862615494241615
0.11,0.4875,0.3293343534372527
0.11,0.495,0.33004291120890566
0.11,0.5025,0.33075181268158654
0.11,0.51,0.3314610431601012
0.11,0.5175,0.3318865793053633
0.11,0.525,0.33227808308771256
0.11,0.5325,0.3326973017570595
0.11,0.54,0.3331416821682984
0.11,0.5475,0.3336088485347757
0.11,0.5549999999999999,0.33409661458796713
0.11,0.5625,0.33460298580433384
0.11,0.57,0.33512615462471035
0.11,0.5775,0.33566449107396834
0.11,0.585,0.3362165306495685
0.11,0.5925,0.3367809608582861
0.11,0.6,0.33735660737191536
0.115,0.0,0.2863219756523551
0.115,0.0075,0.2864920275685513
0.115,0.015,0.28691873435501364
0.115,0.0225,0.28747853688457115
0.115,0.03,0.2881027824381699
0.115,0.0375,0.2887604841200852
0.115,0.045,0.2894371754634789
0.115,0.0525,0.2901255106082957
0.115,0.06,0.29082144315103253
0.115,0.0675,0.29152258516334817
0.115,0.075,0.2922274451717242
0.115,0.08249999999999999,0.29293504704702567
0.115,0.09,0.29361030822371814
0.115,0.0975,0.29414386287824407
0.115,0.105,0.29469548188154315
0.115,0.11249999999999999,0.2952629580301795
0.115,0.12,0.29584438013687203
0.115,0.1275,0.2964380955056324
0.115,0.135,0.29704267517882116
0.115,0.1425,0.29765688274298047
0.115,0.15,0.2982796469022866
0.115,0.1575,0.2989100376973776
0.115,0.16499999999999998,0.29954724607619126
0.115,0.1725,0.300190566451133
0.115,0.18,0.30083938186249903
0.115,0.1875,0.30149315138538274
0.115,0.195,0.3021513994500909
0.115,0.20249999999999999,0.3028137067847611
0.115,0.21,0.3034797027279701
0.115,0.2175,0.30414905869579467
0.115,0.22499999999999998,0.30482148262073094
0.115,0.23249999999999998,0.3054967142086791
0.115,0.24,0.30617452088493835
0.115,0.2475,0.3068546943211474
0.115,0.255,0.3075370474527766
0.115,0.2625,0.30822141191157193
0.115,0.27,0.30890763580969566
0.115,0.27749999999999997,0.30959558182258473
0.115,0.285,0.31028512552609827
0.115,0.2925,0.31097615395063305
0.115,0.3,0.3116685643208034
0.115,0.3075,0.3123622629542034
0.115,0.315,0.31305716429687785
0.115,0.3225,0.31375319007655517
0.115,0.32999999999999996,0.31445026855756136
0.115,0.33749999999999997,0.31514833388373903
0.115,0.345,0.31584732549770833
0.115,0.3525,0.3165471876265069
0.115,0.36,0.3172478688250731
0.115,0.3675,0.3179493215702474
0.115,0.375,0.3186515018989884
0.115,0.3825,0.31935436908536885
0.115,0.39,0.320057885351656
0.115,0.39749999999999996,0.32076201560940776
0.115,0.40499999999999997,0.32146672722705627
0.115,0.4125,0.3221719898209093
0.115,0.42,0.3228777750668936
0.115,0.4275,0.32358405653070643
0.115,0.435,0.3242908095143301
0.115,0.4425,0.3249980109171198
0.115,0.44999999999999996,0.32570563910989137
0.115,0.45749999999999996,0.326413673820625
0.115,0.46499999999999997,0.3271220960305657
0.115,0.4725,0.3278308878796428
0.115,0.48,0.3285400325802575
0.115,0.4875,0.3292495143385925
0.115,0.495,0.32995931828269764
0.115,0.5025,0.3306694303966834
0.115,0.51,0.33137983746043165
0.115,0.5175,0.332090526994295
0.115,0.525,0.3326776411732267
0.115,0.5325,0.3330845433620281
0.115,0.54,0.33351666013345443
0.115,0.5475,0.3339717344152109
0.115,0.5549999999999999,0.3344476708462961
0.115,0.5625,0.33494254178482763
0.115,0.57,0.3354545864352396
0.115,0.5775,0.33598220518033645
0.115,0.585,0.3365239508075671
0.115,0.5925,0.3370785179313394
0.115,0.6,0.3376447315709516
0.12,0.0,0.28680220997016254
0.12,0.0075,0.2869328346039212
0.12,0.015,0.28728244428797
0.12,0.0225,0.2877726661778629
0.12,0.03,0.28834429161311725
0.12,0.0375,0.2889632644002961
0.12,0.045,0.289611032206561
0.12,0.0525,0.2902772347308599
0.12,0.06,0.2909558097183277
0.12,0.0675,0.29164303328697483
0.12,0.075,0.2922526259668059
0.12,0.08249999999999999,0.2927578217453443
0.12,0.09,0.2932858390360687
0.12,0.0975,0.29383369387731023
0.12,0.105,0.2943988149191223
0.12,0.11249999999999999,0.294978994556082
0.12,0.12,0.2955723407770862
0.12,0.1275,0.2961772325149989
0.12,0.135,0.29679227975011796
0.12,0.1425,0.29741628870117887
0.12,0.15,0.29804823192580177
0.12,0.1575,0.29868722289862987
0.12,0.16499999999999998,0.29933249453629646
0.12,0.1725,0.29998338112638595
0.12,0.18,0.30063930315086107
0.12,0.1875,0.3012997545480629
0.12,0.195,0.30196429201718844
0.12,0.20249999999999999,0.3026325260275287
0.12,0.21,0.30330411324805684
0.12,0.2175,0.3039787501597661
0.12,0.22499999999999998,0.3046561676532766
0.12,0.23249999999999998,0.30533612644806585
0.12,0.24,0.3060184131979279
0.12,0.2475,0.30670283717067937
0.12,0.255,0.30738922740946284
0.12,0.2625,0.30807743029890994
0.12,0.27,0.3087673074725166
0.12,0.27749999999999997,0.3094587340083382
0.12,0.285,0.31015159686896643
0.12,0.2925,0.31084579354903064
0.12,0.3,0.3115412308994773
0.12,0.3075,0.31223782410284195
0.12,0.315,0.31293549577783314
0.12,0.3225,0.3136341751949534
0.12,0.32999999999999996,0.31433379758771496
0.12,0.33749999999999997,0.3150343035463629
0.12,0.345,0.3157356384829909
0.12,0.3525,0.3164377521585828
0.12,0.36,0.31714059826389707
0.12,0.3675,0.31784413404727774
0.12,0.375,0.31854831998345473
0.12,0.3825,0.3192531194782302
0.12,0.39,0.31995849860465003
0.12,0.39749999999999996,0.32066442586685784
0.12,0.40499999999999997,0.3213708719883393
0.12,0.4125,0.3220778097216985
0.12,0.42,0.32278521367748125
0.12,0.4275,0.32349306016987756
0.12,0.435,0.32420132707741306
0.12,0.4425,0.3249099937169715
0.12,0.44999999999999996,0.3256190407296973
0.12,0.45749999999999996,0.3263284499775017
0.12,0.46499999999999997,0.3270382044490509
0.12,0.4725,0.3277482881742442
0.12,0.48,0.3284586861463091
0.12,0.4875,0.3291693842507386
0.12,0.495,0.329880369200385
0.12,0.5025,0.3305916284761006
0.12,0.51,0.33130315027238405
0.12,0.5175,0.33201492344755007
0.12,0.525,0.33272693747799154
0.12,0.5325,0.3334391824161499
0.12,0.54,0.3338978875515782
0.12,0.5475,0.3343412841476039
0.12,0.5549999999999999,0.3348057404850717
0.12,0.5625,0.33528939928704116
0.12,0.57,0.3357905512660016
0.12,0.5775,0.3363076325668926
0.12,0.585,0.3368392188909354
0.12,0.5925,0.33738401749940217
0.12,0.6,0.3379408580173543
0.125,0.0,0.28728244428797
0.125,0.0075,0.2873881694359364
0.125,0.015,0.2876814959043219
0.125,0.0225,0.28811171868207497
0.125,0.03,0.2886320226239477
0.125,0.0375,0.2892100463416634
0.125,0.045,0.28982558761608757
0.125,0.0525,0.2904662553533373
0.125,0.06,0.29094526512034796
0.125,0.0675,0.29141160306977476
0.125,0.075,0.2919075734007526
0.125,0.08249999999999999,0.29242905969536903
0.125,0.09,0.29297251489539294
0.125,0.0975,0.2935349077831626
0.125,0.105,0.29411366053887633
0.125,0.11249999999999999,0.29470658604854005
0.125,0.12,0.29531182959983304
0.125,0.1275,0.29592781702945603
0.125,0.135,0.29655320987181255
0.125,0.1425,0.29718686724395615
0.125,0.15,0.2978278138165339
0.125,0.1575,0.29847521308356173
0.125,0.16499999999999998,0.2991283451408442
0.125,0.1725,0.29978658824515675
0.125,0.18,0.30044940351483906
0.125,0.1875,0.3011163222261105
0.125,0.195,0.30178693524770095
0.125,0.20249999999999999,0.3024608842347814
0.125,0.21,0.30313785427039003
0.125,0.2175,0.3038175676989434
0.125,0.22499999999999998,0.3044997789430791
0.125,0.23249999999999998,0.3051842701333461
0.125,0.24,0.3058708474114647
0.125,0.2475,0.3065593377932559
0.125,0.255,0.3072495864979326
0.125,0.2625,0.307941454667163
0.125,0.27,0.30863481741088405
0.125,0.27749999999999997,0.3093295621278779
0.125,0.285,0.3100255870581038
0.125,0.2925,0.3107228000311105
0.125,0.3,0.31142111738084716
0.125,0.3075,0.3121204630021053
0.125,0.315,0.3128207675278655
0.125,0.3225,0.3135219676101519
0.125,0.32999999999999996,0.31422400528975003
0.125,0.33749999999999997,0.31492682744242523
0.125,0.345,0.31563038529117604
0.125,0.3525,0.316334633975637
0.125,0.36,0.3170395321710669
0.125,0.3675,0.3177450417504674
0.125,0.375,0.3184511274843056
0.125,0.3825,0.31915775677310165
0.125,0.39,0.3198648994088033
0.125,0.39749999999999996,0.3205725273614325
0.125,0.40499999999999997,0.3212806145879652
0.125,0.4125,0.3219891368608127
0.125,0.42,0.3226980716136194
0.125,0.4275,0.3234073978023879
0.125,0.435,0.32411709578019804
0.125,0.4425,0.32482714718400457
0.125,0.44999999999999996,0.3255375348321865
0.125,0.45749999999999996,0.3262482426316835
0.125,0.46499999999999997,0.32695925549369736
0.125,0.4725,0.3276705592570562
0.125,0.48,0.328382140618446
0.125,0.4875,0.329093987068808
0.125,0.495,0.3298060868352776
0.125,0.5025,0.33051842882811466
0.125,0.51,0.33123100259213284
0.125,0.5175,0.33194379826219295
0.125,0.525,0.33265680652237095
0.125,0.5325,0.33337001856845266
0.125,0.54,0.33408342607344554
0.125,0.5475,0.3347170125302311
0.125,0.5549999999999999,0.3351703430216521
0.125,0.5625,0.33564308793306563
0.125,0.57,0.336133592918806
0.125,0.5775,0.33664033413909045
0.125,0.585,0.3371619148618104
0.125,0.5925,0.337697059742316
0.125,0.6,0.33824460764242925
0.13,0.0,0.2877626786057775
0.13,0.0075,0.2878513579249826
0.13,0.015,0.2881027824381699
0.13,0.0225,0.2884830300824887
0.13,0.03,0.28895619601109457
0.13,0.0375,0.28934752912849665
0.13,0.045,0.28971295709489575
0.13,0.0525,0.2901243656819786
0.13,0.06,0.2905753484062352
0.13,0.0675,0.2910601744480663
0.13,0.075,0.2915738494935596
0.13,0.08249999999999999,0.2921120963473262
0.13,0.09,0.29267129246941437
0.13,0.0975,0.29324838969679146
0.13,0.105,0.29384083131999394
0.13,0.11249999999999999,0.29444647454224576
0.13,0.12,0.2950635218442516
0.13,0.1275,0.2956904621930453
0.13,0.135,0.29632602169096084
0.13,0.1425,0.2969691226595212
0.13,0.15,0.2976188499630313
0.13,0.1575,0.2982744233970469
0.13,0.16499999999999998,0.29893517508235473
0.13,0.1725,0.29960053095310335
0.13,0.18,0.30026999557661066
0.13,0.1875,0.30094313967776004
0.13,0.195,0.30161958985763493
0.13,0.20249999999999999,0.30229902009362075
0.13,0.21,0.3029811446882304
0.13,0.2175,0.30366571239877
0.13,0.22499999999999998,0.3043525015321567
0.13,0.23249999999999998,0.3050413158310257
0.13,0.24,0.3057319810107212
0.13,0.2475,0.3064243418335142
0.13,0.255,0.30711825962778894
0.13,0.2625,0.3078136101770861
0.13,0.27,0.30851028191765517
0.13,0.27749999999999997,0.3092081743942451
0.13,0.285,0.3099071969328032
0.13,0.2925,0.310607267495984
0.13,0.3,0.3113083116932463
0.13,0.3075,0.3120102619220976
0.13,0.315,0.3127130566209534
0.13,0.3225,0.3134166396172837
0.13,0.32999999999999996,0.3141209595573504
0.13,0.33749999999999997,0.31482596940601454
0.13,0.345,0.3155316260068902
0.13,0.3525,0.31623788969461436
0.13,0.36,0.3169447239522449
0.13,0.3675,0.3176520951078396
0.13,0.375,0.3183599720651367
0.13,0.3825,0.31906832606399005
0.13,0.39,0.31977713046682654
0.13,0.39749999999999996,0.3204863605679166
0.13,0.40499999999999997,0.32119599342268584
0.13,0.4125,0.32190600769467403
0.13,0.42,0.32261638351806393
0.13,0.4275,0.3233271023739773
0.13,0.435,0.32403814697896655
0.13,0.4425,0.32474950118433127
0.13,0.44999999999999996,0.3254611498850621
0.13,0.45749999999999996,0.32617307893736075
0.13,0.46499999999999997,0.32688527508381415
0.13,0.4725,0.32759772588541214
0.13,0.48,0.32831041965969243
0.13,0.4875,0.32902334542438316
0.13,0.495,0.32973649284598255
0.13,0.5025,0.3304498521927827
0.13,0.51,0.3311634142918965
0.13,0.5175,0.33187717048989807
0.13,0.525,0.33259111261672847
0.13,0.5325,0.33330523295255665
0.13,0.54,0.33401952419731773
0.13,0.5475,0.3347339794426816
0.13,0.5549999999999999,0.33544859214622885
0.13,0.5625,0.336003168765702
0.13,0.57,0.3364832828001803
0.13,0.5775,0.3369798947618408
0.13,0.585,0.3374916392504008
0.13,0.5925,0.33801726231635415
0.13,0.6,0.3385556160803353
0.135,0.0,0.287963311251845
0.135,0.0075,0.2880047325798866
0.135,0.015,0.28812739006060006
0.135,0.0225,0.28832676050368095
0.135,0.03,0.28859617415115985
0.135,0.0375,0.288927780729072
0.135,0.045,0.2893134363945917
0.135,0.0525,0.2897453527366921
0.135,0.06,0.290216477511761
0.135,0.0675,0.2907206557368712
0.135,0.075,0.2912526441518385
0.135,0.08249999999999999,0.29180804392690396
0.135,0.09,0.2923831974093574
0.135,0.0975,0.2929750765914478
0.135,0.105,0.29358117781710114
0.135,0.11249999999999999,0.2941994290045992
0.135,0.12,0.29482811105322343
0.135,0.1275,0.2954657928021069
0.135,0.135,0.29611127794085507
0.135,0.1425,0.29676356200799864
0.135,0.15,0.2974217976888586
0.135,0.1575,0.29808526683895464
0.135,0.16499999999999998,0.2987533579105608
0.135,0.1725,0.2994255477006967
0.135,0.18,0.3001013865496841
0.135,0.1875,0.30078048629561244
0.135,0.195,0.3014625104333817
0.135,0.20249999999999999,0.30214716604168207
0.135,0.21,0.30283419713217374
0.135,0.2175,0.30352337914678923
0.135,0.22499999999999998,0.30421451438543795
0.135,0.23249999999999998,0.30490742819067634
0.135,0.24,0.305601965750747
0.135,0.2475,0.30629798940983416
0.135,0.255,0.30699537639606744
0.135,0.2625,0.30769401689497616
0.135,0.27,0.30839381240975067
0.135,0.27749999999999997,0.30909467436054894
0.135,0.285,0.30979652288380355
0.135,0.2925,0.3104992857994816
0.135,0.3,0.3112028977198972
0.135,0.3075,0.31190729927824434
0.135,0.315,0.31261243645873077
0.135,0.3225,0.31331826001322055
0.135,0.32999999999999996,0.31402472495177064
0.135,0.33749999999999997,0.3147317900964832
0.135,0.345,0.3154394176897706
0.135,0.3525,0.31614757304951957
0.135,0.36,0.31685622426479143
0.135,0.3675,0.3175653419266543
0.135,0.375,0.31827489888954336
0.135,0.3825,0.3189848700592173
0.135,0.39,0.31969523220394136
0.135,0.39749999999999996,0.3204059637860048
0.135,0.40499999999999997,0.32111704481107906
0.135,0.4125,0.3218284566932673
0.135,0.42,0.3225401821339824
0.135,0.4275,0.3232522050130378
0.135,0.435,0.3239645102905484
0.135,0.4425,0.32467708391841543
0.135,0.44999999999999996,0.32538991276032786
0.135,0.45749999999999996,0.32610298451934383
0.135,0.46499999999999997,0.32681628767223164
0.135,0.4725,0.3275298114098497
0.135,0.48,0.3282435455829293
0.135,0.4875,0.3289574806527013
0.135,0.495,0.32967160764587067
0.135,0.5025,0.33038591811350115
0.135,0.51,0.33110040409342095
0.135,0.5175,0.3318150580758039
0.135,0.525,0.33252987297161957
0.135,0.5325,0.33324484208367683
0.135,0.54,0.33395995908001813
0.135,0.5475,0.33467521796944416
0.135,0.5549999999999999,0.33539061307897405
0.135,0.5625,0.3361061390330654
0.135,0.57,0.336821790734436
0.135,0.5775,0.3373259226724095
0.135,0.585,0.33782801292208253
0.135,0.5925,0.3383442603959702
0.135,0.6,0.3388735339162079
0.14,0.0,0.2874830769340375
0.14,0.0075,0.2875279243949611
0.14,0.015,0.2876604355724478
0.14,0.0225,0.28787495083531345
0.14,0.03,0.28816328459882234
0.14,0.0375,0.2885160473600905
0.14,0.045,0.28892377988745993
0.14,0.0525,0.28937770635420673
0.14,0.06,0.28987011174467164
0.14,0.0675,0.29039444555713856
0.14,0.075,0.29094526512034796
0.14,0.08249999999999999,0.29151810448675936
0.14,0.09,0.29210932186290167
0.14,0.0975,0.29271595319568006
0.14,0.105,0.29333558366957424
0.14,0.11249999999999999,0.2939662402244383
0.14,0.12,0.2946063040772967
0.14,0.1275,0.2952544406124125
0.14,0.135,0.2959095436432328
0.14,0.1425,0.2965706912505976
0.14,0.15,0.29723711080495796
0.14,0.1575,0.2979081512161296
0.14,0.16499999999999998,0.2985832608506445
0.14,0.1725,0.29926196989069453
0.14,0.18,0.2999438761785329
0.14,0.1875,0.30062863380328836
0.14,0.195,0.3013159438531707
0.14,0.20249999999999999,0.3020055468844744
0.14,0.21,0.3026972167578
0.14,0.2175,0.30339075556818973
0.14,0.22499999999999998,0.30408598945469495
0.14,0.23249999999999998,0.30478276512034796
0.14,0.24,0.30548094692874733
0.14,0.2475,0.3061804144708732
0.14,0.255,0.3068810605171553
0.14,0.2625,0.3075827892866006
0.14,0.27,0.30828551497800977
0.14,0.27749999999999997,0.3089891605187685
0.14,0.285,0.30969365649500974
0.14,0.2925,0.3103989402335745
0.14,0.3,0.3111049550115141
0.14,0.3075,0.31181164937315364
0.14,0.315,0.31251897653819793
0.14,0.3225,0.3132268938871647
0.14,0.32999999999999996,0.31393536251271975
0.14,0.33749999999999997,0.3146443468273599
0.14,0.345,0.31535381421942466
0.14,0.3525,0.3160637347506867
0.14,0.36,0.3167740808898188
0.14,0.3675,0.31748482727690175
0.14,0.375,0.318195950514868
0.14,0.3825,0.318907428984375
0.14,0.39,0.31961924267911596
0.14,0.39749999999999996,0.32033137305899695
0.14,0.40499999999999997,0.3210438029189744
0.14,0.4125,0.32175651627164836
0.14,0.42,0.32246949824196636
0.14,0.4275,0.3231827349726132
0.14,0.435,0.3238962135388483
0.14,0.4425,0.32460992187171406
0.14,0.44999999999999996,0.3253238486886741
0.14,0.45749999999999996,0.3260379834308612
0.14,0.46499999999999997,0.3267523162062135
0.14,0.4725,0.32746683773786767
0.14,0.48,0.3281815393172531
0.14,0.4875,0.3288964127613964
0.14,0.495,0.329611450374004
0.14,0.5025,0.3303266449099394
0.14,0.51,0.33104198954275643
0.14,0.5175,0.33175747783498666
0.14,0.525,0.33247310371091354
0.14,0.5325,0.33318886143159393
0.14,0.54,0.3339047455719152
0.14,0.5475,0.33462075099949656
0.14,0.5549999999999999,0.3353368728552653
0.14,0.5625,0.3360531065355547
0.14,0.57,0.3367694476755867
0.14,0.5775,0.33748589213421737
0.14,0.585,0.33817067667279094
0.14,0.5925,0.3386777065404964
0.14,0.6,0.33919802676377747
0.145,0.0,0.2870028426162301
0.145,0.0075,0.2870517312648527
0.145,0.015,0.2871957787948812
0.145,0.0225,0.28742778483122067
0.145,0.03,0.28773758387540826
0.145,0.0375,0.28811387765552715
0.145,0.045,0.28854567719582
0.145,0.0525,0.2890231434056544
0.145,0.06,0.289537913424026
0.145,0.0675,0.2900831014364551
0.145,0.075,0.2906531397976285
0.145,0.08249999999999999,0.2912435671343555
0.145,0.09,0.2918508191525814
0.145,0.0975,0.2924720454961741
0.145,0.105,0.29310495879211623
0.145,0.11249999999999999,0.29374771419527657
0.145,0.12,0.2943988149191223
0.145,0.1275,0.2950570387650493
0.145,0.135,0.29572138114729385
0.145,0.1425,0.29639101088360076
0.145,0.15,0.29706523579480676
0.145,0.1575,0.29774347582388677
0.145,0.16499999999999998,0.29842524192368414
0.145,0.1725,0.29911011938224447
0.145,0.18,0.2997977545754687
0.145,0.1875,0.30048784437953857
0.145,0.195,0.3011801276584031
0.145,0.20249999999999999,0.30187437837918424
0.145,0.21,0.302570400011998
0.145,0.2175,0.303268020948972
0.145,0.22499999999999998,0.30396709073660166
0.145,0.23249999999999998,0.30466747696078733
0.145,0.24,0.30536906265848934
0.145,0.2475,0.306071744156538
0.145,0.255,0.30677542925870477
0.145,0.2625,0.3074800357181231
0.145,0.27,0.3081854899446339
0.145,0.27749999999999997,0.3088917259064375
0.145,0.285,0.30959868419317205
0.145,0.2925,0.3103063112136782
0.145,0.3,0.31101455850660326
0.145,0.3075,0.31172338214591716
0.145,0.315,0.3124327422265666
0.145,0.3225,0.31314260241804115
0.145,0.32999999999999996,0.3138529295756962
0.145,0.33749999999999997,0.3145636934013603
0.145,0.345,0.31527486614613875
0.145,0.3525,0.31598642234945673
0.145,0.36,0.31669833860932106
0.145,0.3675,0.3174105933795557
0.145,0.375,0.3181231667904072
0.145,0.3825,0.31883604048945485
0.145,0.39,0.3195491975002077
0.145,0.39749999999999996,0.320262622096148
0.145,0.40499999999999997,0.3209762996882969
0.145,0.4125,0.3216902167246469
0.145,0.42,0.3224043606000314
0.145,0.4275,0.3231187195751945
0.145,0.435,0.3238332827039883
0.145,0.4425,0.32454803976776575
0.145,0.44999999999999996,0.3252629812161544
0.145,0.45749999999999996,0.325978098113503
0.145,0.46499999999999997,0.32669338209037796
0.145,0.4725,0.3274088252995657
0.145,0.48,0.3281244203761007
0.145,0.4875,0.32884016040089803
0.145,0.495,0.3295560388676179
0.145,0.5025,0.3302720496524329
0.145,0.51,0.33098818698640603
0.145,0.5175,0.33170444543022204
0.145,0.525,0.332420819851041
0.145,0.5325,0.3331373054012704
0.145,0.54,0.33385389749907257
0.145,0.5475,0.3345705918104452
0.145,0.5549999999999999,0.33528738423272886
0.145,0.5625,0.33600427087941115
0.145,0.57,0.33672124806611
0.145,0.5775,0.33743831229763155
0.145,0.585,0.3381554602560078
0.145,0.5925,0.33887268878942783
0.145,0.6,0.33952877519953667
0.15,0.0,0.28652260829842263
0.15,0.0075,0.2865763341324194
0.15,0.015,0.28673405859435547
0.15,0.0225,0.28698644554357694
0.15,0.03,0.2873207115311263
0.15,0.0375,0.2877231940929413
0.15,0.045,0.2881811570866325
0.15,0.0525,0.2886836627285562
0.15,0.06,0.289221764970378
0.15,0.0675,0.2897883445851277
0.15,0.075,0.2903778124058094
0.15,0.08249999999999999,0.2909858010600549
0.15,0.09,0.2916088949546577
0.15,0.0975,0.2922444114634012
0.15,0.105,0.29289023042915713
0.15,0.11249999999999999,0.29354466388941863
0.15,0.12,0.29420635738334205
0.15,0.1275,0.29487421533501734
0.15,0.135,0.2955473445299702
0.15,0.1425,0.296225011110885
0.15,0.15,0.2969066076688354
0.15,0.1575,0.29759162789264954
0.15,0.16499999999999998,0.2982796469022866
0.15,0.1725,0.2989703058811694
0.15,0.18,0.29966329998070534
0.15,0.1875,0.3003583687323038
0.15,0.195,0.30105528839418966
0.15,0.20249999999999999,0.3017538658014537
0.15,0.21,0.3024539333920263
0.15,0.2175,0.30315534515868703
0.15,0.22499999999999998,0.30385797333506614
0.15,0.23249999999999998,0.30456170566708235
0.15,0.24,0.3052664431541606
0.15,0.2475,0.3059720981696249
0.15,0.255,0.3066785928888504
0.15,0.2625,0.3073858579685563
0.15,0.27,0.3080938314320928
0.15,0.27749999999999997,0.3088024577245298
0.15,0.285,0.3095116869083746
0.15,0.2925,0.3102214739762895
0.15,0.3,0.31093177826157364
0.15,0.3075,0.31164256293067666
0.15,0.315,0.3123537945448201
0.15,0.3225,0.31306544268006203
0.15,0.32999999999999996,0.3137774795969677
0.15,0.33749999999999997,0.31448987995253663
0.15,0.345,0.3152026205482446
0.15,0.3525,0.31591568010905663
0.15,0.36,0.3166290390890797
0.15,0.3675,0.31734267950020156
0.15,0.375,0.31805658476061976
0.15,0.3825,0.3187707395606301
0.15,0.39,0.3194851297434338
0.15,0.39749999999999996,0.3201997421990454
0.15,0.40499999999999997,0.32091456476965924
0.15,0.4125,0.3216295861650613
0.15,0.42,0.3223447958868688
0.15,0.4275,0.3230601841605445
0.15,0.435,0.3237757418742739
0.15,0.4425,0.3244914605239137
0.15,0.44999999999999996,0.32520733216332065
0.15,0.45749999999999996,0.3259233493594596
0.15,0.46499999999999997,0.3266395051517644
0.15,0.4725,0.32735579301528966
0.15,0.48,0.3280722068272495
0.15,0.4875,0.32878874083658505
0.15,0.495,0.32950538963624726
0.15,0.5025,0.3302221481379175
0.15,0.51,0.33093901154891925
0.15,0.5175,0.3316559753511037
0.15,0.525,0.33237303528151485
0.15,0.5325,0.3330901873146632
0.15,0.54,0.3338074276462526
0.15,0.5475,0.3345247526782251
0.15,0.5549999999999999,0.33524215900500043
0.15,0.5625,0.33595964340080026
0.15,0.57,0.3366772028079594
0.15,0.5775,0.33739483432613526
0.15,0.585,0.33811253520233703
0.15,0.5925,0.33883030282170135
0.15,0.6,0.3395481346989517
0.155,0.0,0.28604237398061516
0.155,0.0075,0.2861019920915318
0.155,0.015,0.28627616788489424
0.155,0.0225,0.28655252972920375
0.155,0.03,0.2869147934916248
0.155,0.0375,0.2873463900078705
0.155,0.045,0.2878326500885907
0.155,0.0525,0.28836157758476344
0.155,0.06,0.28892377988745993
0.155,0.0675,0.28951205767726323
0.155,0.075,0.2901209347365155
0.155,0.08249999999999999,0.29074624325293835
0.155,0.09,0.2913847943380595
0.155,0.0975,0.29203412866656575
0.155,0.105,0.2926923319265609
0.155,0.11249999999999999,0.29335789938380546
0.155,0.12,0.2940296365502789
0.155,0.1275,0.29470658604854005
0.155,0.135,0.2953879734139867
0.155,0.1425,0.29607316661272925
0.155,0.15,0.29676164554237044
0.155,0.1575,0.29745297884843697
0.155,0.16499999999999998,0.29814680614394756
0.155,0.1725,0.298842824252966
0.155,0.18,0.2995407764766475
0.155,0.1875,0.3002404441489103
0.155,0.195,0.3009416399411042
0.155,0.20249999999999999,0.3016442025135943
0.155,0.21,0.3023479922127835
0.155,0.2175,0.3030528875857178
0.155,0.22499999999999998,0.30375878253872257
0.155,0.23249999999999998,0.30446558400687934
0.155,0.24,0.3051732100313821
0.155,0.2475,0.30588158816462685
0.155,0.255,0.3065906541402246
0.155,0.2625,0.3073003507583985
0.155,0.27,0.30801062694745107
0.155,0.27749999999999997,0.3087214369699178
0.155,0.285,0.3094327397482119
0.155,0.2925,0.310144498289424
0.155,0.3,0.3108566791927763
0.155,0.3075,0.3115692522262784
0.155,0.315,0.31228218996156176
0.155,0.3225,0.312995467457823
0.155,0.32999999999999996,0.3137090619873763
0.155,0.33749999999999997,0.31442295279659255
0.155,0.345,0.3151371208970365
0.155,0.3525,0.31585154888246275
0.155,0.36,0.3165662207680268
0.155,0.3675,0.31728112184863844
0.155,0.375,0.3179962385738613
0.155,0.3825,0.3187115584371543
0.155,0.39,0.3194270698775798
0.155,0.39749999999999996,0.320142762192376
0.155,0.40499999999999997,0.3208586254590234
0.155,0.4125,0.3215746504656271
0.155,0.42,0.3222908286486008
0.155,0.4275,0.32300715203677705
0.155,0.435,0.32372361320118553
0.155,0.4425,0.3244402052098425
0.155,0.44999999999999996,0.3251569215869776
0.155,0.45749999999999996,0.3258737562762011
0.155,0.46499999999999997,0.32659070360717357
0.155,0.4725,0.3273077582653982
0.155,0.48,0.32802491526479893
0.155,0.4875,0.32874216992279087
0.155,0.495,0.32945951783758265
0.155,0.5025,0.33017695486748194
0.155,0.51,0.3308944771120007
0.155,0.5175,0.33161208089458094
0.155,0.525,0.3323297627467817
0.155,0.5325,0.3330475193937844
0.155,0.54,0.33376534774109134
0.155,0.5475,0.3344832448623034
0.155,0.5549999999999999,0.3352012079878779
0.155,0.5625,0.3359192344947743
0.155,0.57,0.33663732189690876
0.155,0.5775,0.3373554678363443
0.155,0.585,0.3380736700751508
0.155,0.5925,0.3387919264878778
0.155,0.6,0.33951023505458483
0.16,0.0,0.2855621396628077
0.16,0.0075,0.285629089272187
0.16,0.015,0.28582338893032494
0.16,0.0225,0.28612823021208816
0.16,0.03,0.28652260829842263
0.16,0.0375,0.28698644554357694
0.16,0.045,0.28750305207820837
0.16,0.0525,0.2880595400197351
0.16,0.06,0.28864630294871707
0.16,0.0675,0.28925627243523294
0.16,0.075,0.28988424852307487
0.16,0.08249999999999999,0.2905263798283222
0.16,0.09,0.2911797841356045
0.16,0.0975,0.2918422785687682
0.16,0.105,0.2925121891842024
0.16,0.11249999999999999,0.29318821638681225
0.16,0.12,0.29386933915913793
0.16,0.1275,0.2945547462649054
0.16,0.135,0.2952437862964323
0.16,0.1425,0.2959359309946572
0.16,0.15,0.2966307480099126
0.16,0.1575,0.29732788044909053
0.16,0.16499999999999998,0.29802703135403147
0.16,0.1725,0.29872795180166944
0.16,0.18,0.2994304316921225
0.16,0.1875,0.3001342925519013
0.16,0.195,0.30083938186249903
0.16,0.20249999999999999,0.3015455685543436
0.16,0.21,0.3022527393989146
0.16,0.2175,0.3029607960988805
0.16,0.22499999999999998,0.3036696529250226
0.16,0.23249999999999998,0.3043792347846994
0.16,0.24,0.3050894756333285
0.16,0.2475,0.3058003171603665
0.16,0.255,0.30651170769636604
0.16,0.2625,0.30722360129916976
0.16,0.27,0.30793595698609894
0.16,0.27749999999999997,0.3086487380857799
0.16,0.285,0.3093619116885248
0.16,0.2925,0.3100754481783006
0.16,0.3,0.3107893208325654
0.16,0.3075,0.31150350547881134
0.16,0.315,0.3122179801986944
0.16,0.3225,0.3129327250722646
0.16,0.32999999999999996,0.3136477219561187
0.16,0.33749999999999997,0.3143629542903597
0.16,0.345,0.31507840693010714
0.16,0.3525,0.31579406599800175
0.16,0.36,0.3165099187547261
0.16,0.3675,0.3172259534850312
0.16,0.375,0.3179421593971524
0.16,0.3825,0.31865852653382004
0.16,0.39,0.31937504569333763
0.16,0.39749999999999996,0.3200917083594288
0.16,0.40499999999999997,0.32080850663873817
0.16,0.4125,0.3215254332050327
0.16,0.42,0.3222424812492815
0.16,0.4275,0.32295964443490605
0.16,0.435,0.3236769168575875
0.16,0.4425,0.32439429300910017
0.16,0.44999999999999996,0.3251117677447098
0.16,0.45749999999999996,0.3258293362537328
0.16,0.46499999999999997,0.3265469940329064
0.16,0.4725,0.32726473686226193
0.16,0.48,0.32798256078323096
0.16,0.4875,0.32870046207874737
0.16,0.495,0.32941843725513736
0.16,0.5025,0.33013648302561194
0.16,0.51,0.33085459629519964
0.16,0.5175,0.3315727741469757
0.16,0.525,0.33229101382945847
0.16,0.5325,0.33300931274506024
0.16,0.54,0.3337276684394909
0.16,0.5475,0.33444607859202424
0.16,0.5549999999999999,0.3351645410065456
0.16,0.5625,0.3358830536033092
0.16,0.57,0.3366016144113412
0.16,0.5775,0.33732022156142805
0.16,0.585,0.3380388732796411
0.16,0.5925,0.33875756788134814
0.16,0.6,0.3394763037656706
0.165,0.0,0.2850819053450002
0.165,0.0075,0.2851582196357539
0.165,0.015,0.28537762072241896
0.165,0.0225,0.28571661110762187
0.165,0.03,0.2861478067632916
0.165,0.0375,0.2866470573069538
0.165,0.045,0.2871957787948812
0.165,0.0525,0.28778054822017096
0.165,0.06,0.2883918934822998
0.165,0.0675,0.2890231434056544
0.165,0.075,0.28966955754168966
0.165,0.08249999999999999,0.2903277201013514
0.165,0.09,0.29099513034847935
0.165,0.0975,0.29166992748899145
0.165,0.105,0.29235070490428916
0.165,0.11249999999999999,0.2930363833262523
0.165,0.12,0.2937261230655346
0.165,0.1275,0.29441926237406846
0.165,0.135,0.2951152735190016
0.165,0.1425,0.2958137310265756
0.165,0.15,0.29651428840679717
0.165,0.1575,0.2972166608706507
0.165,0.16499999999999998,0.2979206123388492
0.165,0.1725,0.2986259455636191
0.165,0.18,0.29933249453629646
0.165,0.1875,0.3000401185927423
0.165,0.195,0.30074869779358726
0.165,0.20249999999999999,0.30145812927151694
0.165,0.21,0.3021683243192059
0.165,0.2175,0.3028792060496573
0.165,0.22499999999999998,0.30359070750270506
0.165,0.23249999999999998,0.30430277010208107
0.165,0.24,0.3050153423900202
0.165,0.2475,0.3057283789831653
0.165,0.255,0.30644183970612227
0.165,0.2625,0.3071556888685382
0.165,0.27,0.30786989465883285
0.165,0.27749999999999997,0.3085844286332884
0.165,0.285,0.3092992652835156
0.165,0.2925,0.31001438166866946
0.165,0.3,0.31072975710142203
0.165,0.3075,0.31144537287877333
0.165,0.315,0.31216121205042885
0.165,0.3225,0.3128772592187844
0.165,0.32999999999999996,0.31359350036561295
0.165,0.33749999999999997,0.3143099227013966
0.165,0.345,0.315026514533934
0.165,0.3525,0.31574326515341383
0.165,0.36,0.3164601647316019
0.165,0.3675,0.3171772042331648
0.165,0.375,0.31789437533746323
0.165,0.3825,0.31861167036940297
0.165,0.39,0.3193290822381463
0.165,0.39749999999999996,0.3200466043826621
0.165,0.40499999999999997,0.32076423072324234
0.165,0.4125,0.321481955618238
0.165,0.42,0.3221997738253706
0.165,0.4275,0.32291768046706604
0.165,0.435,0.3236356709993324
0.165,0.4425,0.3243537411837656
0.165,0.44999999999999996,0.3250718870623238
0.165,0.45749999999999996,0.3257901049345565
0.165,0.46499999999999997,0.3265083913370139
0.165,0.4725,0.32722674302459803
0.165,0.48,0.3279451569536449
0.165,0.4875,0.32866363026655365
0.165,0.495,0.32938216027780054
0.165,0.5025,0.3301007444611937
0.165,0.51,0.3308193804382435
0.165,0.5175,0.3315380659675351
0.165,0.525,0.33225679893500526
0.165,0.5325,0.3329755773450335
0.165,0.54,0.3336943993122708
0.165,0.5475,0.3344132630541342
0.165,0.5549999999999999,0.33513216688390624
0.165,0.5625,0.335851109204382
0.165,0.57,0.3365700885020144
0.165,0.5775,0.3372891033415129
0.165,0.585,0.3380081523608547
0.165,0.5925,0.33872723426667256
0.165,0.6,0.3394463478299863
0.17,0.0,0.28460167102719275
0.17,0.0075,0.2846903503463979
0.17,0.015,0.28494177485958516
0.17,0.0225,0.285322022503904
0.17,0.03,0.28579518843250984
0.17,0.0375,0.286332765120348
0.17,0.045,0.2869147934916248
0.17,0.0525,0.2875279243949611
0.17,0.06,0.28816328459882234
0.17,0.0675,0.28881490438179036
0.17,0.075,0.28947868796265297
0.17,0.08249999999999999,0.2901517629854963
0.17,0.09,0.29083207064944044
0.17,0.0975,0.29151810448675936
0.17,0.105,0.29220874093907395
0.17,0.11249999999999999,0.29290312728752144
0.17,0.12,0.2936006060245477
0.17,0.1275,0.2943006628187516
0.17,0.135,0.2950028900491789
0.17,0.1425,0.29570696080767883
0.17,0.15,0.29641261006593106
0.17,0.1575,0.29711962082927296
0.17,0.16499999999999998,0.2978278138165339
0.17,0.1725,0.2985370396698863
0.17,0.18,0.29924717300508336
0.17,0.1875,0.299958107817608
0.17,0.195,0.300669753899732
0.17,0.20249999999999999,0.3013820340196612
0.17,0.21,0.30209488168115717
0.17,0.2175,0.30280823932959816
0.17,0.22499999999999998,0.30352205690451106
0.17,0.23249999999999998,0.30423629066328073
0.17,0.24,0.30495090221880056
0.17,0.2475,0.305665857747176
0.17,0.255,0.3063811273315522
0.17,0.2625,0.30709668441563076
0.17,0.27,0.3078125053461316
0.17,0.27749999999999997,0.3085285689878067
0.17,0.285,0.30924485639796734
0.17,0.2925,0.3099613505500902
0.17,0.3,0.3106780360981011
0.17,0.3075,0.3113948991745364
0.17,0.315,0.3121119272170481
0.17,0.3225,0.31282910881872417
0.17,0.32999999999999996,0.3135464335985044
0.17,0.33749999999999997,0.3142638920886194
0.17,0.345,0.3149814756365033
0.17,0.3525,0.31569917631906064
0.17,0.36,0.3164169868675102
0.17,0.3675,0.31713490060131827
0.17,0.375,0.3178529113699655
0.17,0.3825,0.31857101350148676
0.17,0.39,0.31928920175688325
0.17,0.39749999999999996,0.3200074712896417
0.17,0.40499999999999997,0.3207258176097052
0.17,0.4125,0.3214442365513366
0.17,0.42,0.32216272424439235
0.17,0.4275,0.3228812770885929
0.17,0.435,0.3235998917304313
0.17,0.4425,0.32431856504241063
0.17,0.44999999999999996,0.32503729410433996
0.17,0.45749999999999996,0.3257560761864564
0.17,0.46499999999999997,0.3264749087341675
0.17,0.4725,0.327193789354236
0.17,0.48,0.32791271580225057
0.17,0.4875,0.32863168597124526
0.17,0.495,0.3293506978813465
0.17,0.5025,0.33006974967034086
0.17,0.51,0.3307888395850703
0.17,0.5175,0.33150796597357074
0.17,0.525,0.3322271272778806
0.17,0.5325,0.3329463220274534
0.17,0.54,0.3336655488331164
0.17,0.5475,0.33438480638152296
0.17,0.5549999999999999,0.33510409343005243
0.17,0.5625,0.3358234088021157
0.17,0.57,0.33654275138282974
0.17,0.5775,0.33726212011502743
0.17,0.585,0.3379815139955729
0.17,0.5925,0.33870093207195534
0.17,0.6,0.3394203734391371
0.17500000000000002,0.0,0.2841214367093853
0.17500000000000002,0.0075,0.2842271618573517
0.17500000000000002,0.015,0.2845204883257372
0.17500000000000002,0.0225,0.28495071110349024
0.17500000000000002,0.03,0.285471015045363
0.17500000000000002,0.0375,0.2860490387630787
0.17500000000000002,0.045,0.28666458003750284
0.17500000000000002,0.0525,0.2873052477747526
0.17500000000000002,0.06,0.287963311251845
0.17500000000000002,0.0675,0.2886338048251591
0.17500000000000002,0.075,0.2893134363945917
0.17500000000000002,0.08249999999999999,0.2899999560113173
0.17500000000000002,0.09,0.2906917825505267
0.17500000000000002,0.0975,0.29138777675726885
0.17500000000000002,0.105,0.29208709925618714
0.17500000000000002,0.11249999999999999,0.29278911922770706
0.17500000000000002,0.12,0.2934933541372543
0.17500000000000002,0.1275,0.2941994290045992
0.17500000000000002,0.135,0.2949070482762204
0.17500000000000002,0.1425,0.2956159760143613
0.17500000000000002,0.15,0.29632602169096084
0.17500000000000002,0.1575,0.29703702983258407
0.17500000000000002,0.16499999999999998,0.2977488723586579
0.17500000000000002,0.1725,0.2984614428342963
0.17500000000000002,0.18,0.29917465210471383
0.17500000000000002,0.1875,0.29988842494048384
0.17500000000000002,0.195,0.3006026974318909
0.17500000000000002,0.20249999999999999,0.3013174149450036
0.17500000000000002,0.21,0.3020325305036084
0.17500000000000002,0.2175,0.3027480034973109
0.17500000000000002,0.22499999999999998,0.3034637986418343
0.17500000000000002,0.23249999999999998,0.30417988513605615
0.17500000000000002,0.24,0.3048962359737988
0.17500000000000002,0.2475,0.30561282737829765
0.17500000000000002,0.255,0.3063296383346336
0.17500000000000002,0.2625,0.3070466502009314
0.17500000000000002,0.27,0.3077638463833003
0.17500000000000002,0.27749999999999997,0.3084812120626742
0.17500000000000002,0.285,0.30919873396415365
0.17500000000000002,0.2925,0.30991640016134253
0.17500000000000002,0.3,0.31063419990964986
0.17500000000000002,0.3075,0.31135212350368263
0.17500000000000002,0.315,0.3120701621547697
0.17500000000000002,0.3225,0.31278830788538226
0.17500000000000002,0.32999999999999996,0.31350655343779704
0.17500000000000002,0.33749999999999997,0.3142248921948123
0.17500000000000002,0.345,0.3149433181107039
0.17500000000000002,0.3525,0.3156618256509129
0.17500000000000002,0.36,0.3163804097392038
0.17500000000000002,0.3675,0.3170990657112386
0.17500000000000002,0.375,0.3178177892736746
0.17500000000000002,0.3825,0.31853657646803735
0.17500000000000002,0.39,0.3192554236387291
0.17500000000000002,0.39749999999999996,0.31997432740463355
0.17500000000000002,0.40499999999999997,0.32069328463385244
0.17500000000000002,0.4125,0.3214122924211801
0.17500000000000002,0.42,0.3221313480679751
0.17500000000000002,0.4275,0.32285044906413796
0.17500000000000002,0.435,0.32356959307194116
0.17500000000000002,0.4425,0.32428877791149446
0.17500000000000002,0.44999999999999996,0.32500800154765497
0.17500000000000002,0.45749999999999996,0.3257272620782182
0.17500000000000002,0.46499999999999997,0.32644655772324543
0.17500000000000002,0.4725,0.3271658868154024
0.17500000000000002,0.48,0.32788524779119926
0.17500000000000002,0.4875,0.32860463918303545
0.17500000000000002,0.495,0.32932405961196387
0.17500000000000002,0.5025,0.33004350778110075
0.17500000000000002,0.51,0.330762982469614
0.17500000000000002,0.5175,0.3314824825272321
0.17500000000000002,0.525,0.3322020068692219
0.17500000000000002,0.5325,0.3329215544717891
0.17500000000000002,0.54,0.3336411243678604
0.17500000000000002,0.5475,0.3343607156432111
0.17500000000000002,0.5549999999999999,0.3350803274329053
0.17500000000000002,0.5625,0.33579995891802034
0.17500000000000002,0.57,0.33651960932262837
0.17500000000000002,0.5775,0.33723927791101277
0.17500000000000002,0.585,0.33795896398509767
0.17500000000000002,0.5925,0.3386786668820723
0.17500000000000002,0.6,0.3393983859721927
0.18,0.0,0.28364120239157786
0.18,0.0075,0.2837718270253365
0.18,0.015,0.2841214367093853
0.18,0.0225,0.28461165859927817
0.18,0.03,0.2851832840345325
0.18,0.0375,0.2858022568217114
0.18,0.045,0.28645002462797625
0.18,0.0525,0.2871162271522752
0.18,0.06,0.28779480213974296
0.18,0.0675,0.2884820257083901
0.18,0.075,0.2891755065651303
0.18,0.08249999999999999,0.28987364823718975
0.18,0.09,0.2905753484062352
0.18,0.0975,0.2912798234914235
0.18,0.105,0.2919865022596313
0.18,0.11249999999999999,0.2926949590226853
0.18,0.12,0.29340487037683827
0.18,0.1275,0.294115986408357
0.18,0.135,0.29482811105322343
0.18,0.1425,0.2955410884044364
0.18,0.15,0.2962547929764567
0.18,0.1575,0.2969691226595212
0.18,0.16499999999999998,0.2976839935382333
0.18,0.1725,0.29839933602522756
0.18,0.18,0.29911509193753705
0.18,0.1875,0.2998312122587502
0.18,0.195,0.3005476554068428
0.18,0.20249999999999999,0.3012643858795431
0.18,0.21,0.3019813731848147
0.18,0.2175,0.30269859098896773
0.18,0.22499999999999998,0.3034160164325289
0.18,0.23249999999999998,0.3041336295766272
0.18,0.24,0.30485141295178947
0.18,0.2475,0.3055693511877427
0.18,0.255,0.3062874307077738
0.18,0.2625,0.3070056394749032
0.18,0.27,0.3077239667799194
0.18,0.27749999999999997,0.3084424030634468
0.18,0.285,0.3091609397658446
0.18,0.2925,0.30987956919999454
0.18,0.3,0.3105982844430093
0.18,0.3075,0.311317079243662
0.18,0.315,0.31203594794294
0.18,0.3225,0.3127548854056036
0.18,0.32999999999999996,0.31347388696101364
0.18,0.33749999999999997,0.3141929483517965
0.18,0.345,0.3149120656891632
0.18,0.3525,0.31563123541389754
0.18,0.36,0.31635045426219355
0.18,0.3675,0.31706971923565225
0.18,0.375,0.3177890275748598
0.18,0.3825,0.31850837673605886
0.18,0.39,0.31922776437049794
0.18,0.39749999999999996,0.319947188306108
0.18,0.40499999999999997,0.32066664653120563
0.18,0.4125,0.32138613717996617
0.18,0.42,0.3221056585194471
0.18,0.4275,0.3228252089379717
0.18,0.435,0.32354478693470945
0.18,0.4425,0.3242643911103128
0.18,0.44999999999999996,0.3249840201584858
0.18,0.45749999999999996,0.3257036728583803
0.18,0.46499999999999997,0.3264233480677242
0.18,0.4725,0.32714304471660344
0.18,0.48,0.3278627618018237
0.18,0.4875,0.3285824983817921
0.18,0.495,0.3293022535718619
0.18,0.5025,0.3300220265400933
0.18,0.51,0.3307418165033877
0.18,0.5175,0.33146162272395585
0.18,0.525,0.33218144450608966
0.18,0.5325,0.3329012811932045
0.18,0.54,0.3336211321651287
0.18,0.5475,0.33434099683561397
0.18,0.5549999999999999,0.3350608746500487
0.18,0.5625,0.3357807650833524
0.18,0.57,0.3365006676380367
0.18,0.5775,0.3372205818424172
0.18,0.585,0.33794050724896213
0.18,0.5925,0.33866044343276636
0.18,0.6,0.3393803899901399
0.185,0.0,0.2831609680737704
0.185,0.0075,0.28333101998996657
0.185,0.015,0.2837577267764289
0.185,0.0225,0.2843175293059864
0.185,0.03,0.28494177485958516
0.185,0.0375,0.2855994765415005
0.185,0.045,0.2862761678848942
0.185,0.0525,0.286964503029711
0.185,0.06,0.2876604355724478
0.185,0.0675,0.28836157758476344
0.185,0.075,0.2890664375931395
0.185,0.08249999999999999,0.28977403946844094
0.185,0.09,0.2904837190627157
0.185,0.0975,0.29119500951003996
0.185,0.105,0.2919075734007526
0.185,0.11249999999999999,0.2926211610124295
0.185,0.12,0.29333558366957424
0.185,0.1275,0.2940506962259501
0.185,0.135,0.2947663852332398
0.185,0.1425,0.2954825607591577
0.185,0.15,0.2961991506092245
0.185,0.1575,0.2969160961686981
0.185,0.16499999999999998,0.2976333493594262
0.185,0.1725,0.2983508703784256
0.185,0.18,0.2990686259939291
0.185,0.1875,0.29978658824515675
0.185,0.195,0.3005047334386156
0.185,0.20249999999999999,0.3012230413650266
0.185,0.21,0.3019414946823702
0.185,0.2175,0.30266007842538967
0.185,0.22499999999999998,0.30337877961234394
0.185,0.23249999999999998,0.30409758692725775
0.185,0.24,0.30481649046129927
0.185,0.2475,0.30553548150084725
0.185,0.255,0.30625455235270915
0.185,0.2625,0.3069736961991143
0.185,0.27,0.3076929069767322
0.185,0.27749999999999997,0.3084121792752002
0.185,0.285,0.30913150825158886
0.185,0.2925,0.3098508895579605
0.185,0.3,0.31057031927974255
0.185,0.3075,0.31128979388307937
0.185,0.315,0.3120093101696723
0.185,0.3225,0.312728865237896
0.185,0.32999999999999996,0.3134484564491962
0.185,0.33749999999999997,0.31416808139895136
0.185,0.345,0.31488773789112146
0.185,0.3525,0.31560742391612195
0.185,0.36,0.3163271376314548
0.185,0.3675,0.3170468773447037
0.185,0.375,0.3177666414985639
0.185,0.3825,0.3184864286576278
0.185,0.39,0.31920623749669164
0.185,0.39749999999999996,0.3199260667903823
0.185,0.40499999999999997,0.3206459154039335
0.185,0.4125,0.3213657822849657
0.185,0.42,0.32208566645614545
0.185,0.4275,0.3228055670086145
0.185,0.435,0.32352548309609835
0.185,0.4425,0.3242454139296114
0.185,0.44999999999999996,0.32496535877269195
0.185,0.45749999999999996,0.3256853169371035
0.185,0.46499999999999997,0.3264052877789525
0.185,0.4725,0.3271252706951742
0.185,0.48,0.327845265120348
0.185,0.4875,0.3285652705238059
0.185,0.495,0.3292852864070036
0.185,0.5025,0.3300053123011264
0.185,0.51,0.33072534776490636
0.185,0.5175,0.33144539238262855
0.185,0.525,0.3321654457623082
0.185,0.5325,0.33288550753402174
0.185,0.54,0.3336055773483764
0.185,0.5475,0.334325654875106
0.185,0.5549999999999999,0.33504573980177954
0.185,0.5625,0.33576583183261405
0.185,0.57,0.33648593068738003
0.185,0.5775,0.33720603610039296
0.185,0.585,0.3379261478195815
0.185,0.5925,0.3386462656056271
0.185,0.6,0.3393663892311674
0.19,0.0,0.2826807337559629
0.19,0.0075,0.28292085091486663
0.19,0.015,0.28345177457744025
0.19,0.0225,0.2840851448741621
0.19,0.03,0.28475753363004547
0.19,0.0375,0.2854478858427391
0.19,0.045,0.2861478067632916
0.19,0.0525,0.28685338368998964
0.19,0.06,0.2875625677485931
0.19,0.0675,0.28827418808678573
0.19,0.075,0.28898752904840236
0.19,0.08249999999999999,0.2897021293292906
0.19,0.09,0.2904176785289425
0.19,0.0975,0.2911339602635954
0.19,0.105,0.2918508191525814
0.19,0.11249999999999999,0.29256814077643845
0.19,0.12,0.2932858390360687
0.19,0.1275,0.29400384791406087
0.19,0.135,0.2947221159501337
0.19,0.1425,0.2954406024430963
0.19,0.15,0.29615927478167864
0.19,0.1575,0.296878106531644
0.19,0.16499999999999998,0.2975970760406808
0.19,0.1725,0.2983161654047556
0.19,0.18,0.29903535969127076
0.19,0.1875,0.2997546463476039
0.19,0.195,0.30047401474542296
0.19,0.20249999999999999,0.30119345582577683
0.19,0.21,0.3019129618198976
0.19,0.2175,0.3026325260275287
0.19,0.22499999999999998,0.3033521426394169
0.19,0.23249999999999998,0.3040718065940361
0.19,0.24,0.30479151346108585
0.19,0.2475,0.3055112593461049
0.19,0.255,0.3062310408118678
0.19,0.2625,0.3069508548132188
0.19,0.27,0.3076706986427383
0.19,0.27749999999999997,0.30839056988519836
0.19,0.285,0.3091104663791924
0.19,0.2925,0.309830386184655
0.19,0.3,0.310550327555244
0.19,0.3075,0.31127028891475467
0.19,0.315,0.3119902688368988
0.19,0.3225,0.3127102660278988
0.19,0.32999999999999996,0.31343027931145173
0.19,0.33749999999999997,0.3141503076156948
0.19,0.345,0.31487034996186836
0.19,0.3525,0.31559040545442396
0.19,0.36,0.31631047327236694
0.19,0.3675,0.3170305526616581
0.19,0.375,0.31775064292852534
0.19,0.3825,0.3184707434335618
0.19,0.39,0.3191908535865037
0.19,0.39749999999999996,0.3199109728415987
0.19,0.40499999999999997,0.32063110069348877
0.19,0.4125,0.32135123667354104
0.19,0.42,0.3220713803465719
0.19,0.4275,0.32279153130791516
0.19,0.435,0.3235116891807937
0.19,0.4425,0.32423185361395757
0.19,0.44999999999999996,0.3249520242795587
0.19,0.45749999999999996,0.32567220087123383
0.19,0.46499999999999997,0.3263923831023734
0.19,0.4725,0.32711257070455463
0.19,0.48,0.3278327634261219
0.19,0.4875,0.3285529610308975
0.19,0.495,0.3292731632970102
0.19,0.5025,0.3299933700158278
0.19,0.51,0.33071358099098486
0.19,0.5175,0.3314337960374937
0.19,0.525,0.3321540149809324
0.19,0.5325,0.3328742376567014
0.19,0.54,0.33359446390934133
0.19,0.5475,0.3343146935919076
0.19,0.5549999999999999,0.33503492656539513
0.19,0.5625,0.33575516269820965
0.19,0.57,0.3364754018656799
0.19,0.5775,0.3371956439496088
0.19,0.585,0.3379158888378582
0.19,0.5925,0.33863613642396595
0.19,0.6,0.33935638660679085
0.195,0.0,0.28220049943815545
0.195,0.0075,0.28258601984889414
0.195,0.015,0.28323889937519675
0.195,0.0225,0.2839340359418198
0.195,0.03,0.28464141643447055
0.195,0.0375,0.28535389708437514
0.195,0.045,0.28606897182464525
0.195,0.0525,0.2867855421364647
0.195,0.06,0.28750305207820837
0.195,0.0675,0.28822119053524087
0.195,0.075,0.2889397699510133
0.195,0.08249999999999999,0.2896586705805144
0.195,0.09,0.2903778124058094
0.195,0.0975,0.2910971399328855
0.195,0.105,0.2918166134701228
0.195,0.11249999999999999,0.29253620387988244
0.195,0.12,0.29325588929071694
0.195,0.1275,0.2939756529661079
0.195,0.135,0.29469548188154315
0.195,0.1425,0.2954153657497702
0.195,0.15,0.29613529633779595
0.195,0.1575,0.2968552669786234
0.195,0.16499999999999998,0.29757527221589986
0.195,0.1725,0.29829530754110817
0.195,0.18,0.29901536919635746
0.195,0.1875,0.2997354540244367
0.195,0.195,0.3004555593534258
0.195,0.20249999999999999,0.3011756829069184
0.195,0.21,0.30189582273345994
0.195,0.2175,0.3026159771505708
0.195,0.22499999999999998,0.30333614469995335
0.195,0.23249999999999998,0.3040563241113607
0.195,0.24,0.30477651427323493
0.195,0.2475,0.3054967142086791
0.195,0.255,0.30621692305566645
0.195,0.2625,0.3069371400506402
0.195,0.27,0.30765736451484466
0.195,0.27749999999999997,0.30837759584287155
0.195,0.285,0.30909783349301395
0.195,0.2925,0.30981807697910313
0.195,0.3,0.3105383258635694
0.195,0.3075,0.3112585797515181
0.195,0.315,0.3119788382856511
0.195,0.3225,0.31269910114189664
0.195,0.32999999999999996,0.31341936802563536
0.195,0.33749999999999997,0.31413963866842876
0.195,0.345,0.3148599128251743
0.195,0.3525,0.31558019027162376
0.195,0.36,0.3163004708022117
0.195,0.3675,0.3170207542281493
0.195,0.375,0.31774104037574746
0.195,0.3825,0.3184613290849367
0.195,0.39,0.31918162020795793
0.195,0.39749999999999996,0.3199019136082014
0.195,0.40499999999999997,0.3206222091591746
0.195,0.4125,0.3213425067435828
0.195,0.42,0.3220628062525077
0.195,0.4275,0.3227831075846733
0.195,0.435,0.3235034106457868
0.195,0.4425,0.32422371534794714
0.195,0.44999999999999996,0.32494402160911234
0.195,0.45749999999999996,0.32566432935261946
0.195,0.46499999999999997,0.3263846385067507
0.195,0.4725,0.3271049490043413
0.195,0.48,0.32782526078242347
0.195,0.4875,0.3285455737819041
0.195,0.495,0.32926588794727074
0.195,0.5025,0.32998620322632494
0.195,0.51,0.33070651956993824
0.195,0.5175,0.33142683693182984
0.195,0.525,0.33214715526836325
0.195,0.5325,0.3328674745383602
0.195,0.54,0.3335877947029298
0.195,0.5475,0.3343081157253119
0.195,0.5549999999999999,0.3350284375707331
0.195,0.5625,0.33574876020627464
0.195,0.57,0.3364690836007499
0.195,0.5775,0.3371894077245924
0.195,0.585,0.33790973254975154
0.195,0.5925,0.338630058049597
0.195,0.6,0.33935038419882985
0.2,0.0,0.281720265120348
0.2,0.0075,0.28244061659705916
0.2,0.015,0.2831609680737704
0.2,0.0225,0.28388131955048157
0.2,0.03,0.28460167102719275
0.2,0.0375,0.285322022503904
0.2,0.045,0.28604237398061516
0.2,0.0525,0.28676272545732634
0.2,0.06,0.2874830769340375
0.2,0.0675,0.28820342841074875
0.2,0.075,0.28892377988745993
0.2,0.08249999999999999,0.2896441313641711
0.2,0.09,0.29036448284088234
0.2,0.0975,0.2910848343175935
0.2,0.105,0.2918051857943047
0.2,0.11249999999999999,0.29252553727101593
0.2,0.12,0.2932458887477271
0.2,0.1275,0.2939662402244383
0.2,0.135,0.2946865917011495
0.2,0.1425,0.2954069431778607
0.2,0.15,0.2961272946545719
0.2,0.1575,0.29684764613128306
0.2,0.16499999999999998,0.2975679976079943
0.2,0.1725,0.2982883490847055
0.2,0.18,0.29900870056141665
0.2,0.1875,0.2997290520381279
0.2,0.195,0.30044940351483906
0.2,0.20249999999999999,0.30116975499155024
0.2,0.21,0.3018901064682615
0.2,0.2175,0.30261045794497266
0.2,0.22499999999999998,0.30333080942168383
0.2,0.23249999999999998,0.304051160898395
0.2,0.24,0.30477151237510625
0.2,0.2475,0.3054918638518174
0.2,0.255,0.3062122153285286
0.2,0.2625,0.30693256680523984
0.2,0.27,0.307652918281951
0.2,0.27749999999999997,0.3083732697586622
0.2,0.285,0.30909362123537343
0.2,0.2925,0.3098139727120846
0.2,0.3,0.3105343241887958
0.2,0.3075,0.311254675665507
0.2,0.315,0.3119750271422182
0.2,0.3225,0.3126953786189294
0.2,0.32999999999999996,0.31341573009564055
0.2,0.33749999999999997,0.3141360815723518
0.2,0.345,0.31485643304906297
0.2,0.3525,0.31557678452577415
0.2,0.36,0.3162971360024854
0.2,0.3675,0.31701748747919656
0.2,0.375,0.31773783895590774
0.2,0.3825,0.31845819043261897
0.2,0.39,0.31917854190933015
0.2,0.39749999999999996,0.3198988933860413
0.2,0.40499999999999997,0.3206192448627525
0.2,0.4125,0.32133959633946374
0.2,0.42,0.3220599478161749
0.2,0.4275,0.3227802992928861
0.2,0.435,0.32350065076959733
0.2,0.4425,0.3242210022463085
0.2,0.44999999999999996,0.3249413537230197
0.2,0.45749999999999996,0.3256617051997309
0.2,0.46499999999999997,0.3263820566764421
0.2,0.4725,0.3271024081531533
0.2,0.48,0.3278227596298645
0.2,0.4875,0.3285431111065757
0.2,0.495,0.32926346258328687
0.2,0.5025,0.3299838140599981
0.2,0.51,0.3307041655367093
0.2,0.5175,0.33142451701342046
0.2,0.525,0.3321448684901317
0.2,0.5325,0.3328652199668429
0.2,0.54,0.33358557144355405
0.2,0.5475,0.33430592292026523
0.2,0.5549999999999999,0.33502627439697646
0.2,0.5625,0.33574662587368764
0.2,0.57,0.3364669773503988
0.2,0.5775,0.33718732882711006
0.2,0.585,0.33790768030382123
0.2,0.5925,0.3386280317805324
0.2,0.6,0.3393483832572436
0.20500000000000002,0.0,0.28220049943815545
0.20500000000000002,0.0075,0.28258601984889414
0.20500000000000002,0.015,0.28323889937519675
0.20500000000000002,0.0225,0.2839340359418198
0.20500000000000002,0.03,0.28464141643447055
0.20500000000000002,0.0375,0.28535389708437514
0.20500000000000002,0.045,0.28606897182464525
0.20500000000000002,0.0525,0.2867855421364647
0.20500000000000002,0.06,0.28750305207820837
0.20500000000000002,0.0675,0.28822119053524087
0.20500000000000002,0.075,0.2889397699510133
0.20500000000000002,0.08249999999999999,0.2896586705805144
0.20500000000000002,0.09,0.2903778124058094
0.20500000000000002,0.0975,0.2910971399328855
0.20500000000000002,0.105,0.2918166134701228
0.20500000000000002,0.11249999999999999,0.29253620387988244
0.20500000000000002,0.12,0.29325588929071694
0.20500000000000002,0.1275,0.2939756529661079
0.20500000000000002,0.135,0.29469548188154315
0.20500000000000002,0.1425,0.2954153657497702
0.20500000000000002,0.15,0.29613529633779595
0.20500000000000002,0.1575,0.2968552669786234
0.20500000000000002,0.16499999999999998,0.29757527221589986
0.20500000000000002,0.1725,0.29829530754110817
0.20500000000000002,0.18,0.29901536919635746
0.20500000000000002,0.1875,0.2997354540244367
0.20500000000000002,0.195,0.3004555593534258
0.20500000000000002,0.20249999999999999,0.3011756829069184
0.20500000000000002,0.21,0.30189582273345994
0.20500000000000002,0.2175,0.3026159771505708
0.20500000000000002,0.22499999999999998,0.30333614469995335
0.20500000000000002,0.23249999999999998,0.3040563241113607
0.20500000000000002,0.24,0.30477651427323493
0.20500000000000002,0.2475,0.3054967142086791
0.20500000000000002,0.255,0.30621692305566645
0.20500000000000002,0.2625,0.3069371400506402
0.20500000000000002,0.27,0.30765736451484466
0.20500000000000002,0.27749999999999997,0.30837759584287155
0.20500000000000002,0.285,0.30909783349301395
0.20500000000000002,0.2925,0.30981807697910313
0.20500000000000002,0.3,0.3105383258635694
0.20500000000000002,0.3075,0.3112585797515181
0.20500000000000002,0.315,0.3119788382856511
0.20500000000000002,0.3225,0.31269910114189664
0.20500000000000002,0.32999999999999996,0.31341936802563536
0.20500000000000002,0.33749999999999997,0.31413963866842876
0.20500000000000002,0.345,0.3148599128251743
0.20500000000000002,0.3525,0.31558019027162376
0.20500000000000002,0.36,0.3163004708022117
0.20500000000000002,0.3675,0.3170207542281493
0.20500000000000002,0.375,0.31774104037574746
0.20500000000000002,0.3825,0.3184613290849367
0.20500000000000002,0.39,0.31918162020795793
0.20500000000000002,0.39749999999999996,0.3199019136082014
0.20500000000000002,0.40499999999999997,0.3206222091591746
0.20500000000000002,0.4125,0.3213425067435828
0.20500000000000002,0.42,0.3220628062525077
0.20500000000000002,0.4275,0.3227831075846733
0.20500000000000002,0.435,0.3235034106457868
0.20500000000000002,0.4425,0.32422371534794714
0.20500000000000002,0.44999999999999996,0.32494402160911234
0.20500000000000002,0.45749999999999996,0.32566432935261946
0.20500000000000002,0.46499999999999997,0.3263846385067507
0.20500000000000002,0.4725,0.3271049490043413
0.20500000000000002,0.48,0.32782526078242347
0.20500000000000002,0.4875,0.3285455737819041
0.20500000000000002,0.495,0.32926588794727074
0.20500000000000002,0.5025,0.32998620322632494
0.20500000000000002,0.51,0.33070651956993824
0.20500000000000002,0.5175,0.33142683693182984
0.20500000000000002,0.525,0.33214715526836325
0.20500000000000002,0.5325,0.3328674745383602
0.20500000000000002,0.54,0.3335877947029298
0.20500000000000002,0.5475,0.3343081157253119
0.20500000000000002,0.5549999999999999,0.3350284375707331
0.20500000000000002,0.5625,0.33574876020627464
0.20500000000000002,0.57,0.3364690836007499
0.20500000000000002,0.5775,0.3371894077245924
0.20500000000000002,0.585,0.33790973254975154
0.20500000000000002,0.5925,0.338630058049597
0.20500000000000002,0.6,0.33935038419882985
0.21,0.0,0.2826807337559629
0.21,0.0075,0.28292085091486663
0.21,0.015,0.28345177457744025
0.21,0.0225,0.2840851448741621
0.21,0.03,0.28475753363004547
0.21,0.0375,0.2854478858427391
0.21,0.045,0.2861478067632916
0.21,0.0525,0.28685338368998964
0.21,0.06,0.2875625677485931
0.21,0.0675,0.28827418808678573
0.21,0.075,0.28898752904840236
0.21,0.08249999999999999,0.2897021293292906
0.21,0.09,0.2904176785289425
0.21,0.0975,0.2911339602635954
0.21,0.105,0.2918508191525814
0.21,0.11249999999999999,0.29256814077643845
0.21,0.12,0.2932858390360687
0.21,0.1275,0.29400384791406087
0.21,0.135,0.2947221159501337
0.21,0.1425,0.2954406024430963
0.21,0.15,0.29615927478167864
0.21,0.1575,0.296878106531644
0.21,0.16499999999999998,0.2975970760406808
0.21,0.1725,0.2983161654047556
0.21,0.18,0.29903535969127076
0.21,0.1875,0.2997546463476039
0.21,0.195,0.30047401474542296
0.21,0.20249999999999999,0.30119345582577683
0.21,0.21,0.3019129618198976
0.21,0.2175,0.3026325260275287
0.21,0.22499999999999998,0.3033521426394169
0.21,0.23249999999999998,0.3040718065940361
0.21,0.24,0.30479151346108585
0.21,0.2475,0.3055112593461049
0.21,0.255,0.3062310408118678
0.21,0.2625,0.3069508548132188
0.21,0.27,0.3076706986427383
0.21,0.27749999999999997,0.30839056988519836
0.21,0.285,0.3091104663791924
0.21,0.2925,0.309830386184655
0.21,0.3,0.310550327555244
0.21,0.3075,0.31127028891475467
0.21,0.315,0.3119902688368988
0.21,0.3225,0.3127102660278988
0.21,0.32999999999999996,0.31343027931145173
0.21,0.33749999999999997,0.3141503076156948
0.21,0.345,0.31487034996186836
0.21,0.3525,0.31559040545442396
0.21,0.36,0.31631047327236694
0.21,0.3675,0.3170305526616581
0.21,0.375,0.31775064292852534
0.21,0.3825,0.3184707434335618
0.21,0.39,0.3191908535865037
0.21,0.39749999999999996,0.3199109728415987
0.21,0.40499999999999997,0.32063110069348877
0.21,0.4125,0.32135123667354104
0.21,0.42,0.3220713803465719
0.21,0.4275,0.32279153130791516
0.21,0.435,0.3235116891807937
0.21,0.4425,0.32423185361395757
0.21,0.44999999999999996,0.3249520242795587
0.21,0.45749999999999996,0.32567220087123383
0.21,0.46499999999999997,0.3263923831023734
0.21,0.4725,0.32711257070455463
0.21,0.48,0.3278327634261219
0.21,0.4875,0.3285529610308975
0.21,0.495,0.3292731632970102
0.21,0.5025,0.3299933700158278
0.21,0.51,0.33071358099098486
0.21,0.5175,0.3314337960374937
0.21,0.525,0.3321540149809324
0.21,0.5325,0.3328742376567014
0.21,0.54,0.33359446390934133
0.21,0.5475,0.3343146935919076
0.21,0.5549999999999999,0.33503492656539513
0.21,0.5625,0.33575516269820965
0.21,0.57,0.3364754018656799
0.21,0.5775,0.3371956439496088
0.21,0.585,0.3379158888378582
0.21,0.5925,0.33863613642396595
0.21,0.6,0.33935638660679085
0.215,0.0,0.2831609680737704
0.215,0.0075,0.28333101998996657
0.215,0.015,0.2837577267764289
0.215,0.0225,0.2843175293059864
0.215,0.03,0.28494177485958516
0.215,0.0375,0.2855994765415005
0.215,0.045,0.2862761678848942
0.215,0.0525,0.286964503029711
0.215,0.06,0.2876604355724478
0.215,0.0675,0.28836157758476344
0.215,0.075,0.2890664375931395
0.215,0.08249999999999999,0.28977403946844094
0.215,0.09,0.2904837190627157
0.215,0.0975,0.29119500951003996
0.215,0.105,0.2919075734007526
0.215,0.11249999999999999,0.2926211610124295
0.215,0.12,0.29333558366957424
0.215,0.1275,0.2940506962259501
0.215,0.135,0.2947663852332398
0.215,0.1425,0.2954825607591577
0.215,0.15,0.2961991506092245
0.215,0.1575,0.2969160961686981
0.215,0.16499999999999998,0.2976333493594262
0.215,0.1725,0.2983508703784256
0.215,0.18,0.2990686259939291
0.215,0.1875,0.29978658824515675
0.215,0.195,0.3005047334386156
0.215,0.20249999999999999,0.3012230413650266
0.215,0.21,0.3019414946823702
0.215,0.2175,0.30266007842538967
0.215,0.22499999999999998,0.30337877961234394
0.215,0.23249999999999998,0.30409758692725775
0.215,0.24,0.30481649046129927
0.215,0.2475,0.30553548150084725
0.215,0.255,0.30625455235270915
0.215,0.2625,0.3069736961991143
0.215,0.27,0.3076929069767322
0.215,0.27749999999999997,0.3084121792752002
0.215,0.285,0.30913150825158886
0.215,0.2925,0.3098508895579605
0.215,0.3,0.31057031927974255
0.215,0.3075,0.31128979388307937
0.215,0.315,0.3120093101696723
0.215,0.3225,0.312728865237896
0.215,0.32999999999999996,0.3134484564491962
0.215,0.33749999999999997,0.31416808139895136
0.215,0.345,0.31488773789112146
0.215,0.3525,0.31560742391612195
0.215,0.36,0.3163271376314548
0.215,0.3675,0.3170468773447037
0.215,0.375,0.3177666414985639
0.215,0.3825,0.3184864286576278
0.215,0.39,0.31920623749669164
0.215,0.39749999999999996,0.3199260667903823
0.215,0.40499999999999997,0.3206459154039335
0.215,0.4125,0.3213657822849657
0.215,0.42,0.32208566645614545
0.215,0.4275,0.3228055670086145
0.215,0.435,0.32352548309609835
0.215,0.4425,0.3242454139296114
0.215,0.44999999999999996,0.32496535877269195
0.215,0.45749999999999996,0.3256853169371035
0.215,0.46499999999999997,0.3264052877789525
0.215,0.4725,0.3271252706951742
0.215,0.48,0.327845265120348
0.215,0.4875,0.3285652705238059
0.215,0.495,0.3292852864070036
0.215,0.5025,0.3300053123011264
0.215,0.51,0.33072534776490636
0.215,0.5175,0.33144539238262855
0.215,0.525,0.3321654457623082
0.215,0.5325,0.33288550753402174
0.215,0.54,0.3336055773483764
0.215,0.5475,0.334325654875106
0.215,0.5549999999999999,0.33504573980177954
0.215,0.5625,0.33576583183261405
0.215,0.57,0.33648593068738003
0.215,0.5775,0.33720603610039296
0.215,0.585,0.3379261478195815
0.215,0.5925,0.3386462656056271
0.215,0.6,0.3393663892311674
0.22,0.0,0.2836412023915778
0.22,0.0075,0.2837718270253365
0.22,0.015,0.2841214367093853
0.22,0.0225,0.28461165859927817
0.22,0.03,0.2851832840345325
0.22,0.0375,0.2858022568217114
0.22,0.045,0.28645002462797625
0.22,0.0525,0.2871162271522752
0.22,0.06,0.28779480213974296
0.22,0.0675,0.2884820257083901
0.22,0.075,0.2891755065651303
0.22,0.08249999999999999,0.2898736482371897
0.22,0.09,0.2905753484062352
0.22,0.0975,0.2912798234914235
0.22,0.105,0.2919865022596313
0.22,0.11249999999999999,0.2926949590226853
0.22,0.12,0.29340487037683827
0.22,0.1275,0.294115986408357
0.22,0.135,0.29482811105322343
0.22,0.1425,0.2955410884044364
0.22,0.15,0.2962547929764567
0.22,0.1575,0.2969691226595212
0.22,0.16499999999999998,0.2976839935382333
0.22,0.1725,0.29839933602522756
0.22,0.18,0.29911509193753705
0.22,0.1875,0.2998312122587502
0.22,0.195,0.3005476554068428
0.22,0.20249999999999999,0.3012643858795431
0.22,0.21,0.3019813731848147
0.22,0.2175,0.30269859098896773
0.22,0.22499999999999998,0.3034160164325289
0.22,0.23249999999999998,0.3041336295766272
0.22,0.24,0.30485141295178947
0.22,0.2475,0.3055693511877427
0.22,0.255,0.3062874307077738
0.22,0.2625,0.3070056394749032
0.22,0.27,0.3077239667799194
0.22,0.27749999999999997,0.3084424030634468
0.22,0.285,0.3091609397658446
0.22,0.2925,0.30987956919999454
0.22,0.3,0.3105982844430093
0.22,0.3075,0.311317079243662
0.22,0.315,0.31203594794294
0.22,0.3225,0.3127548854056036
0.22,0.32999999999999996,0.31347388696101364
0.22,0.33749999999999997,0.3141929483517965
0.22,0.345,0.3149120656891632
0.22,0.3525,0.31563123541389754
0.22,0.36,0.31635045426219355
0.22,0.3675,0.31706971923565225
0.22,0.375,0.3177890275748598
0.22,0.3825,0.31850837673605886
0.22,0.39,0.31922776437049794
0.22,0.39749999999999996,0.319947188306108
0.22,0.40499999999999997,0.32066664653120563
0.22,0.4125,0.32138613717996617
0.22,0.42,0.3221056585194471
0.22,0.4275,0.3228252089379717
0.22,0.435,0.32354478693470945
0.22,0.4425,0.3242643911103128
0.22,0.44999999999999996,0.3249840201584858
0.22,0.45749999999999996,0.3257036728583803
0.22,0.46499999999999997,0.3264233480677242
0.22,0.4725,0.32714304471660344
0.22,0.48,0.3278627618018237
0.22,0.4875,0.3285824983817921
0.22,0.495,0.3293022535718619
0.22,0.5025,0.3300220265400933
0.22,0.51,0.3307418165033877
0.22,0.5175,0.33146162272395585
0.22,0.525,0.33218144450608966
0.22,0.5325,0.3329012811932045
0.22,0.54,0.3336211321651287
0.22,0.5475,0.33434099683561397
0.22,0.5549999999999999,0.3350608746500487
0.22,0.5625,0.3357807650833524
0.22,0.57,0.3365006676380367
0.22,0.5775,0.3372205818424172
0.22,0.585,0.33794050724896213
0.22,0.5925,0.33866044343276636
0.22,0.6,0.3393803899901399
0.225,0.0,0.2841214367093853
0.225,0.0075,0.2842271618573517
0.225,0.015,0.2845204883257372
0.225,0.0225,0.28495071110349024
0.225,0.03,0.285471015045363
0.225,0.0375,0.2860490387630787
0.225,0.045,0.28666458003750284
0.225,0.0525,0.2873052477747526
0.225,0.06,0.287963311251845
0.225,0.0675,0.2886338048251591
0.225,0.075,0.2893134363945917
0.225,0.08249999999999999,0.2899999560113173
0.225,0.09,0.2906917825505267
0.225,0.0975,0.29138777675726885
0.225,0.105,0.29208709925618714
0.225,0.11249999999999999,0.29278911922770706
0.225,0.12,0.2934933541372543
0.225,0.1275,0.2941994290045992
0.225,0.135,0.2949070482762204
0.225,0.1425,0.2956159760143613
0.225,0.15,0.29632602169096084
0.225,0.1575,0.29703702983258407
0.225,0.16499999999999998,0.2977488723586579
0.225,0.1725,0.2984614428342963
0.225,0.18,0.29917465210471383
0.225,0.1875,0.29988842494048384
0.225,0.195,0.3006026974318909
0.225,0.20249999999999999,0.3013174149450036
0.225,0.21,0.3020325305036084
0.225,0.2175,0.3027480034973109
0.225,0.22499999999999998,0.3034637986418343
0.225,0.23249999999999998,0.30417988513605615
0.225,0.24,0.3048962359737988
0.225,0.2475,0.30561282737829765
0.225,0.255,0.3063296383346336
0.225,0.2625,0.3070466502009314
0.225,0.27,0.3077638463833003
0.225,0.27749999999999997,0.3084812120626742
0.225,0.285,0.30919873396415365
0.225,0.2925,0.30991640016134253
0.225,0.3,0.31063419990964986
0.225,0.3075,0.31135212350368263
0.225,0.315,0.3120701621547697
0.225,0.3225,0.31278830788538226
0.225,0.32999999999999996,0.31350655343779704
0.225,0.33749999999999997,0.3142248921948123
0.225,0.345,0.3149433181107039
0.225,0.3525,0.3156618256509129
0.225,0.36,0.3163804097392038
0.225,0.3675,0.3170990657112386
0.225,0.375,0.3178177892736746
0.225,0.3825,0.31853657646803735
0.225,0.39,0.3192554236387291
0.225,0.39749999999999996,0.31997432740463355
0.225,0.40499999999999997,0.32069328463385244
0.225,0.4125,0.3214122924211801
0.225,0.42,0.3221313480679751
0.225,0.4275,0.32285044906413796
0.225,0.435,0.32356959307194116
0.225,0.4425,0.32428877791149446
0.225,0.44999999999999996,0.32500800154765497
0.225,0.45749999999999996,0.3257272620782182
0.225,0.46499999999999997,0.32644655772324543
0.225,0.4725,0.3271658868154024
0.225,0.48,0.32788524779119926
0.225,0.4875,0.32860463918303545
0.225,0.495,0.32932405961196387
0.225,0.5025,0.33004350778110075
0.225,0.51,0.330762982469614
0.225,0.5175,0.3314824825272321
0.225,0.525,0.3322020068692219
0.225,0.5325,0.3329215544717891
0.225,0.54,0.3336411243678604
0.225,0.5475,0.3343607156432111
0.225,0.5549999999999999,0.3350803274329053
0.225,0.5625,0.33579995891802034
0.225,0.57,0.33651960932262837
0.225,0.5775,0.33723927791101277
0.225,0.585,0.33795896398509767
0.225,0.5925,0.3386786668820723
0.225,0.6,0.3393983859721927
0.23,0.0,0.28460167102719275
0.23,0.0075,0.2846903503463979
0.23,0.015,0.28494177485958516
0.23,0.0225,0.285322022503904
0.23,0.03,0.28579518843250984
0.23,0.0375,0.286332765120348
0.23,0.045,0.2869147934916248
0.23,0.0525,0.2875279243949611
0.23,0.06,0.28816328459882234
0.23,0.0675,0.28881490438179036
0.23,0.075,0.28947868796265297
0.23,0.08249999999999999,0.2901517629854963
0.23,0.09,0.29083207064944044
0.23,0.0975,0.29151810448675936
0.23,0.105,0.29220874093907395
0.23,0.11249999999999999,0.29290312728752144
0.23,0.12,0.2936006060245477
0.23,0.1275,0.2943006628187516
0.23,0.135,0.2950028900491789
0.23,0.1425,0.29570696080767883
0.23,0.15,0.29641261006593106
0.23,0.1575,0.29711962082927296
0.23,0.16499999999999998,0.2978278138165339
0.23,0.1725,0.2985370396698863
0.23,0.18,0.29924717300508336
0.23,0.1875,0.299958107817608
0.23,0.195,0.300669753899732
0.23,0.20249999999999999,0.3013820340196612
0.23,0.21,0.30209488168115717
0.23,0.2175,0.30280823932959816
0.23,0.22499999999999998,0.30352205690451106
0.23,0.23249999999999998,0.30423629066328073
0.23,0.24,0.30495090221880056
0.23,0.2475,0.305665857747176
0.23,0.255,0.3063811273315522
0.23,0.2625,0.30709668441563076
0.23,0.27,0.3078125053461316
0.23,0.27749999999999997,0.3085285689878067
0.23,0.285,0.30924485639796734
0.23,0.2925,0.3099613505500902
0.23,0.3,0.3106780360981011
0.23,0.3075,0.3113948991745364
0.23,0.315,0.3121119272170481
0.23,0.3225,0.31282910881872417
0.23,0.32999999999999996,0.3135464335985044
0.23,0.33749999999999997,0.3142638920886194
0.23,0.345,0.3149814756365033
0.23,0.3525,0.31569917631906064
0.23,0.36,0.3164169868675102
0.23,0.3675,0.31713490060131827
0.23,0.375,0.3178529113699655
0.23,0.3825,0.31857101350148676
0.23,0.39,0.31928920175688325
0.23,0.39749999999999996,0.3200074712896417
0.23,0.40499999999999997,0.3207258176097052
0.23,0.4125,0.3214442365513366
0.23,0.42,0.32216272424439235
0.23,0.4275,0.3228812770885929
0.23,0.435,0.3235998917304313
0.23,0.4425,0.32431856504241063
0.23,0.44999999999999996,0.32503729410433996
0.23,0.45749999999999996,0.3257560761864564
0.23,0.46499999999999997,0.3264749087341675
0.23,0.4725,0.327193789354236
0.23,0.48,0.32791271580225057
0.23,0.4875,0.32863168597124526
0.23,0.495,0.3293506978813465
0.23,0.5025,0.33006974967034086
0.23,0.51,0.3307888395850703
0.23,0.5175,0.33150796597357074
0.23,0.525,0.3322271272778806
0.23,0.5325,0.3329463220274534
0.23,0.54,0.3336655488331164
0.23,0.5475,0.33438480638152296
0.23,0.5549999999999999,0.33510409343005243
0.23,0.5625,0.3358234088021157
0.23,0.57,0.33654275138282974
0.23,0.5775,0.33726212011502743
0.23,0.585,0.3379815139955729
0.23,0.5925,0.33870093207195534
0.23,0.6,0.3394203734391371
0.23500000000000001,0.0,0.2850819053450002
0.23500000000000001,0.0075,0.2851582196357539
0.23500000000000001,0.015,0.28537762072241896
0.23500000000000001,0.0225,0.28571661110762187
0.23500000000000001,0.03,0.2861478067632916
0.23500000000000001,0.0375,0.2866470573069538
0.23500000000000001,0.045,0.2871957787948812
0.23500000000000001,0.0525,0.28778054822017096
0.23500000000000001,0.06,0.2883918934822998
0.23500000000000001,0.0675,0.2890231434056544
0.23500000000000001,0.075,0.28966955754168966
0.23500000000000001,0.08249999999999999,0.2903277201013514
0.23500000000000001,0.09,0.29099513034847935
0.23500000000000001,0.0975,0.29166992748899145
0.23500000000000001,0.105,0.29235070490428916
0.23500000000000001,0.11249999999999999,0.2930363833262523
0.23500000000000001,0.12,0.2937261230655346
0.23500000000000001,0.1275,0.29441926237406846
0.23500000000000001,0.135,0.2951152735190016
0.23500000000000001,0.1425,0.2958137310265756
0.23500000000000001,0.15,0.29651428840679717
0.23500000000000001,0.1575,0.2972166608706507
0.23500000000000001,0.16499999999999998,0.2979206123388492
0.23500000000000001,0.1725,0.2986259455636191
0.23500000000000001,0.18,0.29933249453629646
0.23500000000000001,0.1875,0.3000401185927423
0.23500000000000001,0.195,0.30074869779358726
0.23500000000000001,0.20249999999999999,0.30145812927151694
0.23500000000000001,0.21,0.3021683243192059
0.23500000000000001,0.2175,0.3028792060496573
0.23500000000000001,0.22499999999999998,0.30359070750270506
0.23500000000000001,0.23249999999999998,0.30430277010208107
0.23500000000000001,0.24,0.3050153423900202
0.23500000000000001,0.2475,0.3057283789831653
0.23500000000000001,0.255,0.30644183970612227
0.23500000000000001,0.2625,0.3071556888685382
0.23500000000000001,0.27,0.30786989465883285
0.23500000000000001,0.27749999999999997,0.3085844286332884
0.23500000000000001,0.285,0.3092992652835156
0.23500000000000001,0.2925,0.31001438166866946
0.23500000000000001,0.3,0.31072975710142203
0.23500000000000001,0.3075,0.31144537287877333
0.23500000000000001,0.315,0.31216121205042885
0.23500000000000001,0.3225,0.3128772592187844
0.23500000000000001,0.32999999999999996,0.31359350036561295
0.23500000000000001,0.33749999999999997,0.3143099227013966
0.23500000000000001,0.345,0.315026514533934
0.23500000000000001,0.3525,0.31574326515341383
0.23500000000000001,0.36,0.3164601647316019
0.23500000000000001,0.3675,0.3171772042331648
0.23500000000000001,0.375,0.31789437533746323
0.23500000000000001,0.3825,0.31861167036940297
0.23500000000000001,0.39,0.3193290822381463
0.23500000000000001,0.39749999999999996,0.3200466043826621
0.23500000000000001,0.40499999999999997,0.32076423072324234
0.23500000000000001,0.4125,0.321481955618238
0.23500000000000001,0.42,0.3221997738253706
0.23500000000000001,0.4275,0.32291768046706604
0.23500000000000001,0.435,0.3236356709993324
0.23500000000000001,0.4425,0.3243537411837656
0.23500000000000001,0.44999999999999996,0.3250718870623238
0.23500000000000001,0.45749999999999996,0.3257901049345565
0.23500000000000001,0.46499999999999997,0.3265083913370139
0.23500000000000001,0.4725,0.32722674302459803
0.23500000000000001,0.48,0.3279451569536449
0.23500000000000001,0.4875,0.32866363026655365
0.23500000000000001,0.495,0.32938216027780054
0.23500000000000001,0.5025,0.3301007444611937
0.23500000000000001,0.51,0.3308193804382435
0.23500000000000001,0.5175,0.3315380659675351
0.23500000000000001,0.525,0.33225679893500526
0.23500000000000001,0.5325,0.3329755773450335
0.23500000000000001,0.54,0.3336943993122708
0.23500000000000001,0.5475,0.3344132630541342
0.23500000000000001,0.5549999999999999,0.33513216688390624
0.23500000000000001,0.5625,0.335851109204382
0.23500000000000001,0.57,0.3365700885020144
0.23500000000000001,0.5775,0.3372891033415129
0.23500000000000001,0.585,0.3380081523608547
0.23500000000000001,0.5925,0.33872723426667256
0.23500000000000001,0.6,0.3394463478299863
0.24,0.0,0.2855621396628077
0.24,0.0075,0.285629089272187
0.24,0.015,0.28582338893032494
0.24,0.0225,0.28612823021208816
0.24,0.03,0.28652260829842263
0.24,0.0375,0.28698644554357694
0.24,0.045,0.28750305207820837
0.24,0.0525,0.2880595400197351
0.24,0.06,0.28864630294871707
0.24,0.0675,0.28925627243523294
0.24,0.075,0.28988424852307487
0.24,0.08249999999999999,0.2905263798283222
0.24,0.09,0.2911797841356045
0.24,0.0975,0.2918422785687682
0.24,0.105,0.2925121891842024
0.24,0.11249999999999999,0.29318821638681225
0.24,0.12,0.29386933915913793
0.24,0.1275,0.2945547462649054
0.24,0.135,0.2952437862964323
0.24,0.1425,0.2959359309946572
0.24,0.15,0.2966307480099126
0.24,0.1575,0.29732788044909053
0.24,0.16499999999999998,0.29802703135403147
0.24,0.1725,0.29872795180166944
0.24,0.18,0.2994304316921225
0.24,0.1875,0.3001342925519013
0.24,0.195,0.30083938186249903
0.24,0.20249999999999999,0.3015455685543436
0.24,0.21,0.3022527393989146
0.24,0.2175,0.3029607960988805
0.24,0.22499999999999998,0.3036696529250226
0.24,0.23249999999999998,0.3043792347846994
0.24,0.24,0.3050894756333285
0.24,0.2475,0.3058003171603665
0.24,0.255,0.30651170769636604
0.24,0.2625,0.30722360129916976
0.24,0.27,0.30793595698609894
0.24,0.27749999999999997,0.3086487380857799
0.24,0.285,0.3093619116885248
0.24,0.2925,0.3100754481783006
0.24,0.3,0.3107893208325654
0.24,0.3075,0.31150350547881134
0.24,0.315,0.3122179801986944
0.24,0.3225,0.3129327250722646
0.24,0.32999999999999996,0.3136477219561187
0.24,0.33749999999999997,0.3143629542903597
0.24,0.345,0.31507840693010714
0.24,0.3525,0.31579406599800175
0.24,0.36,0.3165099187547261
0.24,0.3675,0.3172259534850312
0.24,0.375,0.3179421593971524
0.24,0.3825,0.31865852653382004
0.24,0.39,0.31937504569333763
0.24,0.39749999999999996,0.3200917083594288
0.24,0.40499999999999997,0.32080850663873817
0.24,0.4125,0.3215254332050327
0.24,0.42,0.3222424812492815
0.24,0.4275,0.32295964443490605
0.24,0.435,0.3236769168575875
0.24,0.4425,0.32439429300910017
0.24,0.44999999999999996,0.3251117677447098
0.24,0.45749999999999996,0.3258293362537328
0.24,0.46499999999999997,0.3265469940329064
0.24,0.4725,0.32726473686226193
0.24,0.48,0.32798256078323096
0.24,0.4875,0.32870046207874737
0.24,0.495,0.32941843725513736
0.24,0.5025,0.33013648302561194
0.24,0.51,0.33085459629519964
0.24,0.5175,0.3315727741469757
0.24,0.525,0.33229101382945847
0.24,0.5325,0.33300931274506024
0.24,0.54,0.3337276684394909
0.24,0.5475,0.33444607859202424
0.24,0.5549999999999999,0.3351645410065456
0.24,0.5625,0.3358830536033092
0.24,0.57,0.3366016144113412
0.24,0.5775,0.33732022156142805
0.24,0.585,0.3380388732796411
0.24,0.5925,0.33875756788134814
0.24,0.6,0.3394763037656706
0.245,0.0,0.28604237398061516
0.245,0.0075,0.2861019920915318
0.245,0.015,0.2862761678848942
0.245,0.0225,0.28655252972920375
0.245,0.03,0.2869147934916248
0.245,0.0375,0.2873463900078705
0.245,0.045,0.2878326500885907
0.245,0.0525,0.28836157758476344
0.245,0.06,0.28892377988745993
0.245,0.0675,0.28951205767726323
0.245,0.075,0.2901209347365155
0.245,0.08249999999999999,0.29074624325293835
0.245,0.09,0.2913847943380595
0.245,0.0975,0.29203412866656575
0.245,0.105,0.2926923319265609
0.245,0.11249999999999999,0.29335789938380546
0.245,0.12,0.2940296365502789
0.245,0.1275,0.29470658604854005
0.245,0.135,0.2953879734139867
0.245,0.1425,0.29607316661272925
0.245,0.15,0.29676164554237044
0.245,0.1575,0.29745297884843697
0.245,0.16499999999999998,0.29814680614394756
0.245,0.1725,0.298842824252966
0.245,0.18,0.2995407764766475
0.245,0.1875,0.3002404441489103
0.245,0.195,0.3009416399411042
0.245,0.20249999999999999,0.3016442025135943
0.245,0.21,0.3023479922127835
0.245,0.2175,0.3030528875857178
0.245,0.22499999999999998,0.30375878253872257
0.245,0.23249999999999998,0.30446558400687934
0.245,0.24,0.3051732100313821
0.245,0.2475,0.30588158816462685
0.245,0.255,0.3065906541402246
0.245,0.2625,0.3073003507583985
0.245,0.27,0.30801062694745107
0.245,0.27749999999999997,0.3087214369699178
0.245,0.285,0.3094327397482119
0.245,0.2925,0.310144498289424
0.245,0.3,0.3108566791927763
0.245,0.3075,0.3115692522262784
0.245,0.315,0.31228218996156176
0.245,0.3225,0.312995467457823
0.245,0.32999999999999996,0.3137090619873763
0.245,0.33749999999999997,0.31442295279659255
0.245,0.345,0.3151371208970365
0.245,0.3525,0.31585154888246275
0.245,0.36,0.3165662207680268
0.245,0.3675,0.31728112184863844
0.245,0.375,0.3179962385738613
0.245,0.3825,0.3187115584371543
0.245,0.39,0.3194270698775798
0.245,0.39749999999999996,0.320142762192376
0.245,0.40499999999999997,0.3208586254590234
0.245,0.4125,0.3215746504656271
0.245,0.42,0.3222908286486008
0.245,0.4275,0.32300715203677705
0.245,0.435,0.32372361320118553
0.245,0.4425,0.3244402052098425
0.245,0.44999999999999996,0.3251569215869776
0.245,0.45749999999999996,0.3258737562762011
0.245,0.46499999999999997,0.32659070360717357
0.245,0.4725,0.3273077582653982
0.245,0.48,0.32802491526479893
0.245,0.4875,0.32874216992279087
0.245,0.495,0.32945951783758265
0.245,0.5025,0.33017695486748194
0.245,0.51,0.3308944771120007
0.245,0.5175,0.33161208089458094
0.245,0.525,0.3323297627467817
0.245,0.5325,0.3330475193937844
0.245,0.54,0.33376534774109134
0.245,0.5475,0.3344832448623034
0.245,0.5549999999999999,0.3352012079878779
0.245,0.5625,0.3359192344947743
0.245,0.57,0.33663732189690876
0.245,0.5775,0.3373554678363443
0.245,0.585,0.3380736700751508
0.245,0.5925,0.3387919264878778
0.245,0.6,0.33951023505458483
0.25,0.0,0.28652260829842263
0.25,0.0075,0.28657633413241934
0.25,0.015,0.28673405859435547
0.25,0.0225,0.28698644554357694
0.25,0.03,0.2873207115311263
0.25,0.0375,0.2877231940929413
0.25,0.045,0.2881811570866325
0.25,0.0525,0.2886836627285562
0.25,0.06,0.289221764970378
0.25,0.0675,0.2897883445851277
0.25,0.075,0.2903778124058094
0.25,0.08249999999999999,0.2909858010600549
0.25,0.09,0.2916088949546577
0.25,0.0975,0.2922444114634012
0.25,0.105,0.29289023042915713
0.25,0.11249999999999999,0.29354466388941863
0.25,0.12,0.29420635738334205
0.25,0.1275,0.29487421533501734
0.25,0.135,0.2955473445299702
0.25,0.1425,0.296225011110885
0.25,0.15,0.2969066076688354
0.25,0.1575,0.29759162789264954
0.25,0.16499999999999998,0.2982796469022866
0.25,0.1725,0.2989703058811694
0.25,0.18,0.29966329998070534
0.25,0.1875,0.3003583687323038
0.25,0.195,0.30105528839418966
0.25,0.20249999999999999,0.3017538658014537
0.25,0.21,0.3024539333920263
0.25,0.2175,0.30315534515868703
0.25,0.22499999999999998,0.30385797333506614
0.25,0.23249999999999998,0.30456170566708235
0.25,0.24,0.3052664431541606
0.25,0.2475,0.3059720981696249
0.25,0.255,0.3066785928888504
0.25,0.2625,0.3073858579685563
0.25,0.27,0.3080938314320928
0.25,0.27749999999999997,0.3088024577245298
0.25,0.285,0.3095116869083746
0.25,0.2925,0.3102214739762895
0.25,0.3,0.31093177826157364
0.25,0.3075,0.31164256293067666
0.25,0.315,0.3123537945448201
0.25,0.3225,0.31306544268006203
0.25,0.32999999999999996,0.3137774795969677
0.25,0.33749999999999997,0.31448987995253663
0.25,0.345,0.3152026205482446
0.25,0.3525,0.31591568010905663
0.25,0.36,0.3166290390890797
0.25,0.3675,0.31734267950020156
0.25,0.375,0.31805658476061976
0.25,0.3825,0.3187707395606301
0.25,0.39,0.3194851297434338
0.25,0.39749999999999996,0.3201997421990454
0.25,0.40499999999999997,0.32091456476965924
0.25,0.4125,0.3216295861650613
0.25,0.42,0.3223447958868688
0.25,0.4275,0.3230601841605445
0.25,0.435,0.3237757418742739
0.25,0.4425,0.3244914605239137
0.25,0.44999999999999996,0.32520733216332065
0.25,0.45749999999999996,0.3259233493594596
0.25,0.46499999999999997,0.3266395051517644
0.25,0.4725,0.32735579301528966
0.25,0.48,0.3280722068272495
0.25,0.4875,0.32878874083658505
0.25,0.495,0.32950538963624726
0.25,0.5025,0.3302221481379175
0.25,0.51,0.33093901154891925
0.25,0.5175,0.3316559753511037
0.25,0.525,0.33237303528151485
0.25,0.5325,0.3330901873146632
0.25,0.54,0.3338074276462526
0.25,0.5475,0.3345247526782251
0.25,0.5549999999999999,0.33524215900500043
0.25,0.5625,0.33595964340080026
0.25,0.57,0.3366772028079594
0.25,0.5775,0.33739483432613526
0.25,0.585,0.33811253520233703
0.25,0.5925,0.33883030282170135
0.25,0.6,0.3395481346989517
0.255,0.0,0.2870028426162301
0.255,0.0075,0.28705173126485267
0.255,0.015,0.2871957787948812
0.255,0.0225,0.28742778483122067
0.255,0.03,0.28773758387540826
0.255,0.0375,0.28811387765552715
0.255,0.045,0.28854567719582
0.255,0.0525,0.2890231434056544
0.255,0.06,0.289537913424026
0.255,0.0675,0.2900831014364551
0.255,0.075,0.2906531397976285
0.255,0.08249999999999999,0.2912435671343555
0.255,0.09,0.2918508191525814
0.255,0.0975,0.2924720454961741
0.255,0.105,0.29310495879211623
0.255,0.11249999999999999,0.29374771419527657
0.255,0.12,0.2943988149191223
0.255,0.1275,0.2950570387650493
0.255,0.135,0.29572138114729385
0.255,0.1425,0.29639101088360076
0.255,0.15,0.29706523579480676
0.255,0.1575,0.29774347582388677
0.255,0.16499999999999998,0.29842524192368414
0.255,0.1725,0.29911011938224447
0.255,0.18,0.2997977545754687
0.255,0.1875,0.30048784437953857
0.255,0.195,0.3011801276584031
0.255,0.20249999999999999,0.30187437837918424
0.255,0.21,0.302570400011998
0.255,0.2175,0.303268020948972
0.255,0.22499999999999998,0.30396709073660166
0.255,0.23249999999999998,0.30466747696078733
0.255,0.24,0.30536906265848934
0.255,0.2475,0.306071744156538
0.255,0.255,0.30677542925870477
0.255,0.2625,0.3074800357181231
0.255,0.27,0.3081854899446339
0.255,0.27749999999999997,0.3088917259064375
0.255,0.285,0.30959868419317205
0.255,0.2925,0.3103063112136782
0.255,0.3,0.31101455850660326
0.255,0.3075,0.31172338214591716
0.255,0.315,0.3124327422265666
0.255,0.3225,0.31314260241804115
0.255,0.32999999999999996,0.3138529295756962
0.255,0.33749999999999997,0.3145636934013603
0.255,0.345,0.31527486614613875
0.255,0.3525,0.31598642234945673
0.255,0.36,0.31669833860932106
0.255,0.3675,0.3174105933795557
0.255,0.375,0.3181231667904072
0.255,0.3825,0.31883604048945485
0.255,0.39,0.3195491975002077
0.255,0.39749999999999996,0.320262622096148
0.255,0.40499999999999997,0.3209762996882969
0.255,0.4125,0.3216902167246469
0.255,0.42,0.3224043606000314
0.255,0.4275,0.3231187195751945
0.255,0.435,0.3238332827039883
0.255,0.4425,0.32454803976776575
0.255,0.44999999999999996,0.3252629812161544
0.255,0.45749999999999996,0.325978098113503
0.255,0.46499999999999997,0.32669338209037796
0.255,0.4725,0.3274088252995657
0.255,0.48,0.3281244203761007
0.255,0.4875,0.32884016040089803
0.255,0.495,0.3295560388676179
0.255,0.5025,0.3302720496524329
0.255,0.51,0.33098818698640603
0.255,0.5175,0.33170444543022204
0.255,0.525,0.332420819851041
0.255,0.5325,0.3331373054012704
0.255,0.54,0.33385389749907257
0.255,0.5475,0.3345705918104452
0.255,0.5549999999999999,0.33528738423272886
0.255,0.5625,0.33600427087941115
0.255,0.57,0.33672124806611
0.255,0.5775,0.33743831229763155
0.255,0.585,0.3381554602560078
0.255,0.5925,0.33887268878942783
0.255,0.6,0.3395899949019877
0.26,0.0,0.2874830769340375
0.26,0.0075,0.2875279243949611
0.26,0.015,0.2876604355724478
0.26,0.0225,0.28787495083531345
0.26,0.03,0.28816328459882234
0.26,0.0375,0.2885160473600905
0.26,0.045,0.28892377988745993
0.26,0.0525,0.28937770635420673
0.26,0.06,0.28987011174467164
0.26,0.0675,0.29039444555713856
0.26,0.075,0.29094526512034796
0.26,0.08249999999999999,0.29151810448675936
0.26,0.09,0.29210932186290167
0.26,0.0975,0.29271595319568006
0.26,0.105,0.29333558366957424
0.26,0.11249999999999999,0.2939662402244383
0.26,0.12,0.2946063040772967
0.26,0.1275,0.2952544406124125
0.26,0.135,0.2959095436432328
0.26,0.1425,0.2965706912505976
0.26,0.15,0.29723711080495796
0.26,0.1575,0.2979081512161296
0.26,0.16499999999999998,0.2985832608506445
0.26,0.1725,0.29926196989069453
0.26,0.18,0.2999438761785329
0.26,0.1875,0.30062863380328836
0.26,0.195,0.3013159438531707
0.26,0.20249999999999999,0.3020055468844744
0.26,0.21,0.3026972167578
0.26,0.2175,0.30339075556818973
0.26,0.22499999999999998,0.30408598945469495
0.26,0.23249999999999998,0.30478276512034796
0.26,0.24,0.30548094692874733
0.26,0.2475,0.3061804144708732
0.26,0.255,0.3068810605171553
0.26,0.2625,0.3075827892866006
0.26,0.27,0.30828551497800977
0.26,0.27749999999999997,0.3089891605187685
0.26,0.285,0.30969365649500974
0.26,0.2925,0.3103989402335745
0.26,0.3,0.3111049550115141
0.26,0.3075,0.31181164937315364
0.26,0.315,0.31251897653819793
0.26,0.3225,0.3132268938871647
0.26,0.32999999999999996,0.31393536251271975
0.26,0.33749999999999997,0.3146443468273599
0.26,0.345,0.31535381421942466
0.26,0.3525,0.3160637347506867
0.26,0.36,0.3167740808898188
0.26,0.3675,0.31748482727690175
0.26,0.375,0.318195950514868
0.26,0.3825,0.318907428984375
0.26,0.39,0.31961924267911596
0.26,0.39749999999999996,0.32033137305899695
0.26,0.40499999999999997,0.3210438029189744
0.26,0.4125,0.32175651627164836
0.26,0.42,0.32246949824196636
0.26,0.4275,0.3231827349726132
0.26,0.435,0.3238962135388483
0.26,0.4425,0.32460992187171406
0.26,0.44999999999999996,0.3253238486886741
0.26,0.45749999999999996,0.3260379834308612
0.26,0.46499999999999997,0.3267523162062135
0.26,0.4725,0.32746683773786767
0.26,0.48,0.3281815393172531
0.26,0.4875,0.3288964127613964
0.26,0.495,0.329611450374004
0.26,0.5025,0.3303266449099394
0.26,0.51,0.33104198954275643
0.26,0.5175,0.33175747783498666
0.26,0.525,0.33247310371091354
0.26,0.5325,0.33318886143159393
0.26,0.54,0.3339047455719152
0.26,0.5475,0.33462075099949656
0.26,0.5549999999999999,0.3353368728552653
0.26,0.5625,0.3360531065355547
0.26,0.57,0.3367694476755867
0.26,0.5775,0.33748589213421737
0.26,0.585,0.33820243597983246
0.26,0.5925,0.3389190754772951
0.26,0.6,0.33963580707585417
0.265,0.0,0.287963311251845
0.265,0.0075,0.2880047325798866
0.265,0.015,0.28812739006060006
0.265,0.0225,0.28832676050368095
0.265,0.03,0.28859617415115985
0.265,0.0375,0.288927780729072
0.265,0.045,0.2893134363945917
0.265,0.0525,0.2897453527366921
0.265,0.06,0.290216477511761
0.265,0.0675,0.2907206557368712
0.265,0.075,0.2912526441518385
0.265,0.08249999999999999,0.29180804392690396
0.265,0.09,0.2923831974093574
0.265,0.0975,0.2929750765914478
0.265,0.105,0.29358117781710114
0.265,0.11249999999999999,0.2941994290045992
0.265,0.12,0.29482811105322343
0.265,0.1275,0.2954657928021069
0.265,0.135,0.29611127794085507
0.265,0.1425,0.29676356200799864
0.265,0.15,0.2974217976888586
0.265,0.1575,0.29808526683895464
0.265,0.16499999999999998,0.2987533579105608
0.265,0.1725,0.2994255477006967
0.265,0.18,0.3001013865496841
0.265,0.1875,0.30078048629561244
0.265,0.195,0.3014625104333817
0.265,0.20249999999999999,0.30214716604168207
0.265,0.21,0.30283419713217374
0.265,0.2175,0.30352337914678923
0.265,0.22499999999999998,0.30421451438543795
0.265,0.23249999999999998,0.30490742819067634
0.265,0.24,0.305601965750747
0.265,0.2475,0.30629798940983416
0.265,0.255,0.30699537639606744
0.265,0.2625,0.30769401689497616
0.265,0.27,0.30839381240975067
0.265,0.27749999999999997,0.30909467436054894
0.265,0.285,0.30979652288380355
0.265,0.2925,0.3104992857994816
0.265,0.3,0.3112028977198972
0.265,0.3075,0.31190729927824434
0.265,0.315,0.31261243645873077
0.265,0.3225,0.31331826001322055
0.265,0.32999999999999996,0.31402472495177064
0.265,0.33749999999999997,0.3147317900964832
0.265,0.345,0.3154394176897706
0.265,0.3525,0.31614757304951957
0.265,0.36,0.31685622426479143
0.265,0.3675,0.3175653419266543
0.265,0.375,0.31827489888954336
0.265,0.3825,0.3189848700592173
0.265,0.39,0.31969523220394136
0.265,0.39749999999999996,0.3204059637860048
0.265,0.40499999999999997,0.32111704481107906
0.265,0.4125,0.3218284566932673
0.265,0.42,0.3225401821339824
0.265,0.4275,0.3232522050130378
0.265,0.435,0.3239645102905484
0.265,0.4425,0.32467708391841543
0.265,0.44999999999999996,0.32538991276032786
0.265,0.45749999999999996,0.32610298451934383
0.265,0.46499999999999997,0.32681628767223164
0.265,0.4725,0.3275298114098497
0.265,0.48,0.3282435455829293
0.265,0.4875,0.3289574806527013
0.265,0.495,0.32967160764587067
0.265,0.5025,0.33038591811350115
0.265,0.51,0.33110040409342095
0.265,0.5175,0.3318150580758039
0.265,0.525,0.33252987297161957
0.265,0.5325,0.33324484208367683
0.265,0.54,0.33395995908001813
0.265,0.5475,0.33467521796944416
0.265,0.5549999999999999,0.33539061307897405
0.265,0.5625,0.3361061390330654
0.265,0.57,0.336821790734436
0.265,0.5775,0.337537563346346
0.265,0.585,0.33825345227621245
0.265,0.5925,0.33896945316044164
0.265,0.6,0.3396855618503743
0.27,0.0,0.28844354556965246
0.27,0.0075,0.2884820257083901
0.27,0.015,0.28859617415115985
0.27,0.0225,0.28878232262861
0.27,0.03,0.28903497632448993
0.27,0.0375,0.28934752912849665
0.27,0.045,0.28971295709489575
0.27,0.0525,0.2901243656819786
0.27,0.06,0.2905753484062352
0.27,0.0675,0.2910601744480663
0.27,0.075,0.2915738494935596
0.27,0.08249999999999999,0.2921120963473262
0.27,0.09,0.29267129246941437
0.27,0.0975,0.29324838969679146
0.27,0.105,0.29384083131999394
0.27,0.11249999999999999,0.29444647454224576
0.27,0.12,0.2950635218442516
0.27,0.1275,0.2956904621930453
0.27,0.135,0.29632602169096084
0.27,0.1425,0.2969691226595212
0.27,0.15,0.2976188499630313
0.27,0.1575,0.2982744233970469
0.27,0.16499999999999998,0.29893517508235473
0.27,0.1725,0.29960053095310335
0.27,0.18,0.30026999557661066
0.27,0.1875,0.30094313967776004
0.27,0.195,0.30161958985763493
0.27,0.20249999999999999,0.30229902009362075
0.27,0.21,0.3029811446882304
0.27,0.2175,0.30366571239877
0.27,0.22499999999999998,0.3043525015321567
0.27,0.23249999999999998,0.3050413158310257
0.27,0.24,0.3057319810107212
0.27,0.2475,0.3064243418335142
0.27,0.255,0.30711825962778894
0.27,0.2625,0.3078136101770861
0.27,0.27,0.30851028191765517
0.27,0.27749999999999997,0.3092081743942451
0.27,0.285,0.3099071969328032
0.27,0.2925,0.310607267495984
0.27,0.3,0.3113083116932463
0.27,0.3075,0.3120102619220976
0.27,0.315,0.3127130566209534
0.27,0.3225,0.3134166396172837
0.27,0.32999999999999996,0.3141209595573504
0.27,0.33749999999999997,0.31482596940601454
0.27,0.345,0.3155316260068902
0.27,0.3525,0.31623788969461436
0.27,0.36,0.3169447239522449
0.27,0.3675,0.3176520951078396
0.27,0.375,0.3183599720651367
0.27,0.3825,0.31906832606399005
0.27,0.39,0.31977713046682654
0.27,0.39749999999999996,0.3204863605679166
0.27,0.40499999999999997,0.32119599342268584
0.27,0.4125,0.32190600769467403
0.27,0.42,0.32261638351806393
0.27,0.4275,0.3233271023739773
0.27,0.435,0.32403814697896655
0.27,0.4425,0.32474950118433127
0.27,0.44999999999999996,0.3254611498850621
0.27,0.45749999999999996,0.32617307893736075
0.27,0.46499999999999997,0.32688527508381415
0.27,0.4725,0.32759772588541214
0.27,0.48,0.32831041965969243
0.27,0.4875,0.32902334542438316
0.27,0.495,0.32973649284598255
0.27,0.5025,0.3304498521927827
0.27,0.51,0.3311634142918965
0.27,0.5175,0.33187717048989807
0.27,0.525,0.33259111261672847
0.27,0.5325,0.33330523295255665
0.27,0.54,0.33401952419731773
0.27,0.5475,0.3347339794426816
0.27,0.5549999999999999,0.33544859214622885
0.27,0.5625,0.33616335610763487
0.27,0.57,0.33687826544668326
0.27,0.5775,0.33759331458294667
0.27,0.585,0.33830849821699094
0.27,0.5925,0.3390238113129703
0.27,0.6,0.3397392490824961
0.275,0.0,0.28892377988745993
0.275,0.0075,0.28895970786478625
0.275,0.015,0.2890664375931395
0.275,0.0225,0.2892409553313592
0.275,0.03,0.28947868796265297
0.275,0.0375,0.28977403946844094
0.275,0.045,0.2901209347365155
0.275,0.0525,0.2905132754836991
0.275,0.06,0.29094526512034796
0.275,0.0675,0.29141160306977476
0.275,0.075,0.2919075734007526
0.275,0.08249999999999999,0.29242905969536903
0.275,0.09,0.29297251489539294
0.275,0.0975,0.2935349077831626
0.275,0.105,0.29411366053887633
0.275,0.11249999999999999,0.29470658604854005
0.275,0.12,0.29531182959983304
0.275,0.1275,0.29592781702945603
0.275,0.135,0.29655320987181255
0.275,0.1425,0.29718686724395615
0.275,0.15,0.2978278138165339
0.275,0.1575,0.29847521308356173
0.275,0.16499999999999998,0.2991283451408442
0.275,0.1725,0.29978658824515675
0.275,0.18,0.30044940351483906
0.275,0.1875,0.3011163222261105
0.275,0.195,0.30178693524770095
0.275,0.20249999999999999,0.3024608842347814
0.275,0.21,0.30313785427039003
0.275,0.2175,0.3038175676989434
0.275,0.22499999999999998,0.3044997789430791
0.275,0.23249999999999998,0.3051842701333461
0.275,0.24,0.3058708474114647
0.275,0.2475,0.3065593377932559
0.275,0.255,0.3072495864979326
0.275,0.2625,0.307941454667163
0.275,0.27,0.30863481741088405
0.275,0.27749999999999997,0.3093295621278779
0.275,0.285,0.3100255870581038
0.275,0.2925,0.3107228000311105
0.275,0.3,0.31142111738084716
0.275,0.3075,0.3121204630021053
0.275,0.315,0.3128207675278655
0.275,0.3225,0.3135219676101519
0.275,0.32999999999999996,0.31422400528975003
0.275,0.33749999999999997,0.31492682744242523
0.275,0.345,0.31563038529117604
0.275,0.3525,0.316334633975637
0.275,0.36,0.3170395321710669
0.275,0.3675,0.3177450417504674
0.275,0.375,0.3184511274843056
0.275,0.3825,0.31915775677310165
0.275,0.39,0.3198648994088033
0.275,0.39749999999999996,0.3205725273614325
0.275,0.40499999999999997,0.3212806145879652
0.275,0.4125,0.3219891368608127
0.275,0.42,0.3226980716136194
0.275,0.4275,0.3234073978023879
0.275,0.435,0.32411709578019804
0.275,0.4425,0.32482714718400457
0.275,0.44999999999999996,0.3255375348321865
0.275,0.45749999999999996,0.3262482426316835
0.275,0.46499999999999997,0.32695925549369736
0.275,0.4725,0.3276705592570562
0.275,0.48,0.328382140618446
0.275,0.4875,0.329093987068808
0.275,0.495,0.3298060868352776
0.275,0.5025,0.33051842882811466
0.275,0.51,0.33123100259213284
0.275,0.5175,0.33194379826219295
0.275,0.525,0.33265680652237095
0.275,0.5325,0.33337001856845266
0.275,0.54,0.33408342607344554
0.275,0.5475,0.33479702115582927
0.275,0.5549999999999999,0.3355107963502959
0.275,0.5625,0.33622474458075563
0.275,0.57,0.3369388591354078
0.275,0.5775,0.3376531336436948
0.275,0.585,0.33836756205497676
0.275,0.5925,0.339082138618779
0.275,0.6,0.33979685786647934
0.28,0.0,0.2894040142052674
0.28,0.0075,0.2894377068110898
0.28,0.015,0.289537913424026
0.28,0.0225,0.2897021293292906
0.28,0.03,0.28992651274030196
0.28,0.0375,0.2902062922384993
0.28,0.045,0.29053619530382835
0.28,0.0525,0.29091082583501604
0.28,0.06,0.29132495147649723
0.28,0.0675,0.2917736927074946
0.28,0.075,0.2922526259668059
0.28,0.08249999999999999,0.2927578217453443
0.28,0.09,0.2932858390360687
0.28,0.0975,0.29383369387731023
0.28,0.105,0.2943988149191223
0.28,0.11249999999999999,0.294978994556082
0.28,0.12,0.2955723407770862
0.28,0.1275,0.2961772325149989
0.28,0.135,0.29679227975011796
0.28,0.1425,0.29741628870117887
0.28,0.15,0.29804823192580177
0.28,0.1575,0.29868722289862987
0.28,0.16499999999999998,0.29933249453629646
0.28,0.1725,0.29998338112638595
0.28,0.18,0.30063930315086107
0.28,0.1875,0.3012997545480629
0.28,0.195,0.30196429201718844
0.28,0.20249999999999999,0.3026325260275287
0.28,0.21,0.30330411324805684
0.28,0.2175,0.3039787501597661
0.28,0.22499999999999998,0.3046561676532766
0.28,0.23249999999999998,0.30533612644806585
0.28,0.24,0.3060184131979279
0.28,0.2475,0.30670283717067937
0.28,0.255,0.30738922740946284
0.28,0.2625,0.30807743029890994
0.28,0.27,0.3087673074725166
0.28,0.27749999999999997,0.3094587340083382
0.28,0.285,0.31015159686896643
0.28,0.2925,0.31084579354903064
0.28,0.3,0.3115412308994773
0.28,0.3075,0.31223782410284195
0.28,0.315,0.31293549577783314
0.28,0.3225,0.3136341751949534
0.28,0.32999999999999996,0.31433379758771496
0.28,0.33749999999999997,0.3150343035463629
0.28,0.345,0.3157356384829909
0.28,0.3525,0.3164377521585828
0.28,0.36,0.31714059826389707
0.28,0.3675,0.31784413404727774
0.28,0.375,0.31854831998345473
0.28,0.3825,0.3192531194782302
0.28,0.39,0.31995849860465003
0.28,0.39749999999999996,0.32066442586685784
0.28,0.40499999999999997,0.3213708719883393
0.28,0.4125,0.3220778097216985
0.28,0.42,0.32278521367748125
0.28,0.4275,0.32349306016987756
0.28,0.435,0.32420132707741306
0.28,0.4425,0.3249099937169715
0.28,0.44999999999999996,0.3256190407296973
0.28,0.45749999999999996,0.3263284499775017
0.28,0.46499999999999997,0.3270382044490509
0.28,0.4725,0.3277482881742442
0.28,0.48,0.3284586861463091
0.28,0.4875,0.3291693842507386
0.28,0.495,0.329880369200385
0.28,0.5025,0.3305916284761006
0.28,0.51,0.33130315027238405
0.28,0.5175,0.33201492344755007
0.28,0.525,0.33272693747799154
0.28,0.5325,0.3334391824161499
0.28,0.54,0.3341516488518499
0.28,0.5475,0.33486432787668985
0.28,0.5549999999999999,0.3355772110512119
0.28,0.5625,0.33629029037460273
0.28,0.57,0.3370035582567016
0.28,0.5775,0.3377170074921146
0.28,0.585,0.3384306312362531
0.28,0.5925,0.3391444229831325
0.28,0.6,0.3398583765447828
0.28500000000000003,0.0,0.28988424852307487
0.28500000000000003,0.0075,0.2899159671189568
0.28500000000000003,0.015,0.2900103947936402
0.28500000000000003,0.0225,0.2901654283070484
0.28500000000000003,0.03,0.2903778124058094
0.28500000000000003,0.0375,0.290643452961585
0.28500000000000003,0.045,0.2909577566629693
0.28500000000000003,0.0525,0.2913159428582673
0.28500000000000003,0.06,0.29171329394048057
0.28500000000000003,0.0675,0.292145332566173
0.28500000000000003,0.075,0.2926079301592808
0.28500000000000003,0.08249999999999999,0.29309735970771955
0.28500000000000003,0.09,0.29361030822371814
0.28500000000000003,0.0975,0.29414386287824407
0.28500000000000003,0.105,0.29469548188154315
0.28500000000000003,0.11249999999999999,0.2952629580301795
0.28500000000000003,0.12,0.29584438013687203
0.28500000000000003,0.1275,0.2964380955056324
0.28500000000000003,0.135,0.29704267517882116
0.28500000000000003,0.1425,0.29765688274298047
0.28500000000000003,0.15,0.2982796469022866
0.28500000000000003,0.1575,0.2989100376973776
0.28500000000000003,0.16499999999999998,0.29954724607619126
0.28500000000000003,0.1725,0.300190566451133
0.28500000000000003,0.18,0.30083938186249903
0.28500000000000003,0.1875,0.30149315138538274
0.28500000000000003,0.195,0.3021513994500909
0.28500000000000003,0.20249999999999999,0.3028137067847611
0.28500000000000003,0.21,0.3034797027279701
0.28500000000000003,0.2175,0.30414905869579467
0.28500000000000003,0.22499999999999998,0.30482148262073094
0.28500000000000003,0.23249999999999998,0.3054967142086791
0.28500000000000003,0.24,0.30617452088493835
0.28500000000000003,0.2475,0.3068546943211474
0.28500000000000003,0.255,0.30753704745277666
0.28500000000000003,0.2625,0.30822141191157193
0.28500000000000003,0.27,0.30890763580969566
0.28500000000000003,0.27749999999999997,0.30959558182258473
0.28500000000000003,0.285,0.31028512552609827
0.28500000000000003,0.2925,0.31097615395063305
0.28500000000000003,0.3,0.3116685643208034
0.28500000000000003,0.3075,0.3123622629542034
0.28500000000000003,0.315,0.3130571642968779
0.28500000000000003,0.3225,0.31375319007655517
0.28500000000000003,0.32999999999999996,0.31445026855756136
0.28500000000000003,0.33749999999999997,0.31514833388373903
0.28500000000000003,0.345,0.31584732549770833
0.28500000000000003,0.3525,0.3165471876265069
0.28500000000000003,0.36,0.3172478688250731
0.28500000000000003,0.3675,0.3179493215702474
0.28500000000000003,0.375,0.3186515018989884
0.28500000000000003,0.3825,0.31935436908536885
0.28500000000000003,0.39,0.320057885351656
0.28500000000000003,0.39749999999999996,0.32076201560940776
0.28500000000000003,0.40499999999999997,0.32146672722705627
0.28500000000000003,0.4125,0.3221719898209093
0.28500000000000003,0.42,0.3228777750668936
0.28500000000000003,0.4275,0.32358405653070643
0.28500000000000003,0.435,0.3242908095143301
0.28500000000000003,0.4425,0.3249980109171198
0.28500000000000003,0.44999999999999996,0.32570563910989137
0.28500000000000003,0.45749999999999996,0.326413673820625
0.28500000000000003,0.46499999999999997,0.3271220960305657
0.28500000000000003,0.4725,0.3278308878796428
0.28500000000000003,0.48,0.3285400325802575
0.28500000000000003,0.4875,0.3292495143385925
0.28500000000000003,0.495,0.32995931828269764
0.28500000000000003,0.5025,0.3306694303966834
0.28500000000000003,0.51,0.33137983746043165
0.28500000000000003,0.5175,0.332090526994295
0.28500000000000003,0.525,0.33280148720831293
0.28500000000000003,0.5325,0.3335127069555231
0.28500000000000003,0.54,0.3342241756889904
0.28500000000000003,0.5475,0.334935883422215
0.28500000000000003,0.5549999999999999,0.33564782069261545
0.28500000000000003,0.5625,0.3363599785278138
0.28500000000000003,0.57,0.3370723484144752
0.28500000000000003,0.5775,0.3377849222694825
0.28500000000000003,0.585,0.3384976924132432
0.28500000000000003,0.5925,0.33921065154494945
0.28500000000000003,0.6,0.3399237927196267
0.29,0.0,0.29036448284088234
0.29,0.0075,0.29039444555713856
0.29,0.015,0.2904837190627157
0.29,0.0225,0.2906305207984977
0.29,0.03,0.29083207064944044
0.29,0.0375,0.2910848343175935
0.29,0.045,0.2913847943380595
0.29,0.0525,0.2917277076632757
0.29,0.06,0.29210932186290167
0.29,0.0675,0.29252553727101593
0.29,0.075,0.29297251489539294
0.29,0.08249999999999999,0.29344673757586504
0.29,0.09,0.2939450350568335
0.29,0.0975,0.2944645837074675
0.29,0.105,0.2950028900491789
0.29,0.11249999999999999,0.295557765120348
0.29,0.12,0.2961272946545719
0.29,0.1275,0.29670980835054683
0.29,0.135,0.2973038502341785
0.29,0.1425,0.2979081512161296
0.29,0.15,0.298521604352683
0.29,0.1575,0.29914324294418737
0.29,0.16499999999999998,0.2997722213855288
0.29,0.1725,0.3004077985651341
0.29,0.18,0.3010493235557711
0.29,0.1875,0.30169622332640156
0.29,0.195,0.3023479922127835
0.29,0.20249999999999999,0.3030041829046752
0.29,0.21,0.3036643987327739
0.29,0.2175,0.3043282870650029
0.29,0.22499999999999998,0.30499553364726295
0.29,0.23249999999999998,0.305665857747176
0.29,0.24,0.30633900798020985
0.29,0.2475,0.3070147587157928
0.29,0.255,0.3076929069767322
0.29,0.2625,0.3083732697586622
0.29,0.27,0.3090556817076254
0.29,0.27749999999999997,0.309739993103503
0.29,0.285,0.3104260681051105
0.29,0.2925,0.31111378321958205
0.29,0.3,0.31180302596439285
0.29,0.3075,0.3124936936951753
0.29,0.315,0.31318569257652595
0.29,0.3225,0.31387893667639954
0.29,0.32999999999999996,0.31457334716754715
0.29,0.33749999999999997,0.3152688516218684
0.29,0.345,0.315965383385584
0.29,0.3525,0.31666288102485635
0.29,0.36,0.31736128783294704
0.29,0.3675,0.31806055139123474
0.29,0.375,0.31876062317747267
0.29,0.3825,0.31946145821555894
0.29,0.39,0.3201630147618604
0.29,0.39749999999999996,0.32086525402378235
0.29,0.40499999999999997,0.3215681399068407
0.29,0.4125,0.3222716387869699
0.29,0.42,0.3229757193052191
0.29,0.4275,0.3236803521823406
0.29,0.435,0.32438551005108757
0.29,0.4425,0.32509116730430077
0.29,0.44999999999999996,0.32579729995709716
0.29,0.45749999999999996,0.3265038855216733
0.29,0.46499999999999997,0.3272109028934107
0.29,0.4725,0.32791833224712286
0.29,0.48,0.32862615494241615
0.29,0.4875,0.3293343534372527
0.29,0.495,0.33004291120890566
0.29,0.5025,0.33075181268158654
0.29,0.51,0.3314610431601012
0.29,0.5175,0.33217058876896294
0.29,0.525,0.3328804363964491
0.29,0.5325,0.33359057364314354
0.29,0.54,0.33430098877455416
0.29,0.5475,0.3350116706774357
0.29,0.5549999999999999,0.33572260881948757
0.29,0.5625,0.33643379321212796
0.29,0.57,0.33714521437607575
0.29,0.5775,0.33785686330949727
0.29,0.585,0.33856873145849997
0.29,0.5925,0.3392808106897743
0.29,0.6,0.33999309326520466
0.295,0.0,0.29084471715868976
0.295,0.0075,0.29087310791644144
0.295,0.015,0.2909577566629693
0.295,0.0225,0.29109713993288544
0.295,0.03,0.29128886611526883
0.295,0.0375,0.29152986660307906
0.295,0.045,0.2918166134701228
0.295,0.0525,0.292145332566173
0.295,0.06,0.2925121891842024
0.295,0.0675,0.2929134340751168
0.295,0.075,0.29334550705331436
0.295,0.08249999999999999,0.2938051019520971
0.295,0.09,0.29428920003942527
0.295,0.0975,0.2947950798895904
0.295,0.105,0.2953203110761527
0.295,0.11249999999999999,0.29586273772063965
0.295,0.12,0.29642045644563353
0.295,0.1275,0.2969917919349792
0.295,0.135,0.29757527221589986
0.295,0.1425,0.29816960496272465
0.295,0.15,0.298773655545715
0.295,0.1575,0.299386427161097
0.295,0.16499999999999998,0.3000070431307029
0.295,0.1725,0.30063473131027785
0.295,0.18,0.30126881046264903
0.295,0.1875,0.3019086784123826
0.295,0.195,0.30255380178602237
0.295,0.20249999999999999,0.30320370714554495
0.295,0.21,0.30385797333506614
0.295,0.2175,0.3045162248775067
0.295,0.22499999999999998,0.30517812627604585
0.295,0.23249999999999998,0.3058433770931014
0.295,0.24,0.30651170769636604
0.295,0.2475,0.30718287557666213
0.295,0.255,0.30785666215589974
0.295,0.2625,0.3085328700152477
0.295,0.27,0.3092113204838658
0.295,0.27749999999999997,0.3098918515373391
0.295,0.285,0.3105743159624741
0.295,0.2925,0.3112585797515181
0.295,0.3,0.3119445206943071
0.295,0.3075,0.3126320271414622
0.295,0.315,0.31332099691567195
0.295,0.3225,0.3140113363514174
0.295,0.32999999999999996,0.3147029594463123
0.295,0.33749999999999997,0.31539578710962085
0.295,0.345,0.3160897464955448
0.295,0.3525,0.3167847704105984
0.295,0.36,0.3174807967858588
0.295,0.3675,0.31817776820613264
0.295,0.375,0.31887563148915127
0.295,0.3825,0.31957433730881935
0.295,0.39,0.32027383985732927
0.295,0.39749999999999996,0.32097409654162457
0.295,0.40499999999999997,0.32167506771027454
0.295,0.4125,0.32237671640732085
0.295,0.42,0.32307900815008717
0.295,0.4275,0.32378191072831247
0.295,0.435,0.3244853940222933
0.295,0.4425,0.3251894298379958
0.295,0.44999999999999996,0.3258939917573434
0.295,0.45749999999999996,0.326599055002095
0.295,0.46499999999999997,0.32730459630991354
0.295,0.4725,0.3280105938213844
0.295,0.48,0.32871702697688443
0.295,0.4875,0.32942387642232385
0.295,0.495,0.3301311239228935
0.295,0.5025,0.33083875228404225
0.295,0.51,0.3315467452789945
0.295,0.5175,0.3322550875821911
0.295,0.525,0.3329637647081006
0.295,0.5325,0.33367276295490833
0.295,0.54,0.33438206935263765
0.295,0.5475,0.33509167161530556
0.295,0.5549999999999999,0.33580155809675527
0.295,0.5625,0.33651171774984123
0.295,0.57,0.33722214008867674
0.295,0.5775,0.3379328151536813
0.295,0.585,0.33864373347918925
0.295,0.5925,0.33935488606340614
0.295,0.6,0.34006626434051734
0.3,0.0,0.29132495147649723
0.3,0.0075,0.29135192677605415
0.3,0.015,0.29143240314449076
0.3,0.0225,0.291565068635401
0.3,0.03,0.29174785206836296
0.3,0.0375,0.2919780746452904
0.3,0.045,0.2922526259668059
0.3,0.0525,0.29256814077643845
0.3,0.06,0.29292115794190465
0.3,0.0675,0.2933082505470734
0.3,0.075,0.2937261230655346
0.3,0.08249999999999999,0.294171676937889
0.3,0.09,0.294642049052917
0.3,0.0975,0.29513462892374914
0.3,0.105,0.2956470603367644
0.3,0.11249999999999999,0.2961772325149989
0.3,0.12,0.29672326482040795
0.3,0.1275,0.29728348799512555
0.3,0.135,0.2978564240499074
0.3,0.1425,0.29844076619687077
0.3,0.15,0.29903535969127076
0.3,0.1575,0.2996391840679296
0.3,0.16499999999999998,0.30025133699976175
0.3,0.1725,0.3008710198378519
0.3,0.18,0.3014975247889674
0.3,0.1875,0.3021302236271652
0.3,0.195,0.3027685578064544
0.3,0.20249999999999999,0.30341202983071675
0.3,0.21,0.3040601957379663
0.3,0.2175,0.30471265856361524
0.3,0.22499999999999998,0.30536906265848934
0.3,0.23249999999999998,0.30602908874984514
0.3,0.24,0.3066924496463361
0.3,0.2475,0.3073588865000166
0.3,0.255,0.3080281655496867
0.3,0.2625,0.308700075279984
0.3,0.27,0.3093744239395925
0.3,0.27749999999999997,0.31005103736979434
0.3,0.285,0.31072975710142203
0.3,0.2925,0.31141043868417206
0.3,0.3,0.31209295021732286
0.3,0.3075,0.31277717105526043
0.3,0.315,0.3134629906649511
0.3,0.3225,0.3141503076156948
0.3,0.32999999999999996,0.3148390286842252
0.3,0.33749999999999997,0.3155290680605587
0.3,0.345,0.3162203466419908
0.3,0.3525,0.3169127914043475
0.3,0.36,0.3176063348410627
0.3,0.3675,0.3183009144619056
0.3,0.375,0.3189964723442596
0.3,0.3825,0.3196929547307772
0.3,0.39,0.3203903116680314
0.3,0.39749999999999996,0.32108849668146844
0.3,0.40499999999999997,0.32178746648255946
0.3,0.4125,0.3224871807045567
0.3,0.42,0.32318760166370464
0.3,0.4275,0.32388869414313703
0.3,0.435,0.324590425197026
0.3,0.4425,0.3252927639728352
0.3,0.44999999999999996,0.3259956815497843
0.3,0.45749999999999996,0.32669915079184947
0.3,0.46499999999999997,0.32740314621381666
0.3,0.4725,0.32810764385907387
0.3,0.48,0.3288126211879732
0.3,0.4875,0.32951805697572556
0.3,0.495,0.3302239312189018
0.3,0.5025,0.3309302250497159
0.3,0.51,0.33163692065735284
0.3,0.5175,0.33234400121568175
0.3,0.525,0.33305145081676457
0.3,0.5325,0.33375925440962995
0.3,0.54,0.3344673977438376
0.3,0.5475,0.33517586731740495
0.3,0.5549999999999999,0.3358846503287116
0.3,0.5625,0.33659373463203457
0.3,0.57,0.3373031086964012
0.3,0.5775,0.3380127615674767
0.3,0.585,0.33872268283223106
0.3,0.5925,0.33943286258615263
0.3,0.6,0.3401432914027993
0.305,0.0,0.2918051857943047
0.305,0.0075,0.2918308799013591
0.305,0.015,0.2919075734007526
0.305,0.0225,0.29203412866656575
0.305,0.03,0.29220874093907395
0.305,0.0375,0.29242905969536903
0.305,0.045,0.2926923319265609
0.305,0.0525,0.2929955492076781
0.305,0.06,0.29333558366957424
0.305,0.0675,0.2937093030821696
0.305,0.075,0.29411366053887633
0.305,0.08249999999999999,0.2945457585319092
0.305,0.09,0.2950028900491789
0.305,0.0975,0.2954825607591577
0.305,0.105,0.29598249671291443
0.305,0.11249999999999999,0.2965006416801654
0.305,0.12,0.29703514758806543
0.305,0.1275,0.2975843607847721
0.305,0.135,0.29814680614394756
0.305,0.1425,0.29872117042712504
0.305,0.15,0.2993062858470502
0.305,0.1575,0.2999011144198169
0.305,0.16499999999999998,0.3005047334386156
0.305,0.1725,0.30111632222611046
0.305,0.18,0.30173515020620345
0.305,0.1875,0.3023605662627732
0.305,0.195,0.3029919893099853
0.305,0.20249999999999999,0.30362889997626724
0.305,0.21,0.30427083329500826
0.305,0.2175,0.3049173722945195
0.305,0.22499999999999998,0.30556814238437296
0.305,0.23249999999999998,0.30622280644262717
0.305,0.24,0.3068810605171553
0.305,0.2475,0.30754263006335814
0.305,0.255,0.3082072666493999
0.305,0.2625,0.3088747450684155
0.305,0.27,0.30954486080474203
0.305,0.27749999999999997,0.3102174278080613
0.305,0.285,0.3108922765354013
0.305,0.2925,0.3115692522262784
0.305,0.3,0.31224821338091735
0.305,0.3075,0.3129290304155339
0.305,0.315,0.31361158447217163
0.305,0.3225,0.3142957663636136
0.305,0.32999999999999996,0.31498147563650325
0.305,0.33749999999999997,0.31566861973806104
0.305,0.345,0.3163571132737236
0.305,0.3525,0.3170468773447037
0.305,0.36,0.31773783895590774
0.305,0.3675,0.31842993048588897
0.305,0.375,0.3191230892115847
0.305,0.3825,0.3198172568815094
0.305,0.39,0.320512379331873
0.305,0.39749999999999996,0.321208406140786
0.305,0.40499999999999997,0.3219052903163087
0.305,0.4125,0.32260298801462206
0.305,0.42,0.32330145828504686
0.305,0.4275,0.32400066283903084
0.305,0.435,0.3247005658405617
0.305,0.4425,0.325401133715764
0.305,0.44999999999999996,0.32610233497969543
0.305,0.45749999999999996,0.32680414007858555
0.305,0.46499999999999997,0.3275065212459584
0.305,0.4725,0.3282094523712561
0.305,0.48,0.3289129088797307
0.305,0.4875,0.3296168676225088
0.305,0.495,0.33032130677585164
0.305,0.5025,0.33102620574873476
0.305,0.51,0.33173154509796904
0.305,0.5175,0.33243730645016134
0.305,0.525,0.3331434724298887
0.305,0.5325,0.3338500265935218
0.305,0.54,0.33455695336819335
0.305,0.5475,0.3352642379954532
0.305,0.5549999999999999,0.3359718664792019
0.305,0.5625,0.33667982553753106
0.305,0.57,0.33738810255813606
0.305,0.5775,0.3380966855569986
0.305,0.585,0.3388055631400658
0.305,0.5925,0.33951472446767644
0.305,0.6,0.34022415922151017
0.31,0.0,0.29228542011211217
0.31,0.0075,0.2923099490745555
0.31,0.015,0.2923831974093574
0.31,0.0225,0.2925041724015703
0.31,0.03,0.29267129246941437
0.31,0.0375,0.29288248516163007
0.31,0.045,0.2931353045420933
0.31,0.0525,0.2934270540161127
0.31,0.06,0.2937549026304685
0.31,0.0675,0.294115986408357
0.31,0.075,0.29450749019070627
0.31,0.08249999999999999,0.29492670886005323
0.31,0.09,0.29537108927129213
0.31,0.0975,0.2958382556377694
0.31,0.105,0.29632602169096084
0.31,0.11249999999999999,0.29683239290732755
0.31,0.12,0.29735556172770405
0.31,0.1275,0.29789389817696205
0.31,0.135,0.29844593775256223
0.31,0.1425,0.29901036796127983
0.31,0.15,0.29958601447490907
0.31,0.1575,0.3001718275541908
0.31,0.16499999999999998,0.30076686914836304
0.31,0.1725,0.3013703009027581
0.31,0.18,0.3019813731848147
0.31,0.1875,0.3025994151569275
0.31,0.195,0.30322382587200025
0.31,0.20249999999999999,0.30385406633590967
0.31,0.21,0.3044896524638845
0.31,0.2175,0.3051301488503027
0.31,0.22499999999999998,0.3057751632702051
0.31,0.23249999999999998,0.3064243418335142
0.31,0.24,0.3070773647178966
0.31,0.2475,0.30773394241230345
0.31,0.255,0.30839381240975067
0.31,0.2625,0.30905673629440406
0.31,0.27,0.30972249717423966
0.31,0.27749999999999997,0.31039089741630543
0.31,0.285,0.3110617566468536
0.31,0.2925,0.31173490998331443
0.31,0.3,0.31241020646926554
0.31,0.3075,0.31308750768723614
0.31,0.315,0.31376668652742556
0.31,0.3225,0.3144476260932404
0.31,0.32999999999999996,0.31513021872702035
0.31,0.33749999999999997,0.315814365141466
0.31,0.345,0.316499973644141
0.31,0.3525,0.3171869594440371
0.31,0.36,0.31787524403058937
0.31,0.3675,0.3185647546167435
0.31,0.375,0.3192554236387291
0.31,0.3825,0.319947188306108
0.31,0.39,0.32063999019645817
0.31,0.39749999999999996,0.3213337748897436
0.31,0.40499999999999997,0.3220284916380205
0.31,0.4125,0.32272409306665073
0.31,0.42,0.32342053490364797
0.31,0.4275,0.32411777573418
0.31,0.435,0.324815776777596
0.31,0.4425,0.32551450168464946
0.31,0.44999999999999996,0.3262139163528553
0.31,0.45749999999999996,0.3269139887581497
0.31,0.46499999999999997,0.3276146888012267
0.31,0.4725,0.3283159881671041
0.31,0.48,0.32901786019663065
0.31,0.4875,0.32972027976878326
0.31,0.495,0.33042322319272793
0.31,0.5025,0.33112666810872593
0.31,0.51,0.33183059339706156
0.31,0.5175,0.33253497909425517
0.31,0.525,0.3332398063158982
0.31,0.5325,0.33394505718551565
0.31,0.54,0.33465071476891983
0.31,0.5475,0.33535676301357364
0.31,0.5549999999999999,0.336063186692527
0.31,0.5625,0.33676997135253417
0.31,0.57,0.3374771032659961
0.31,0.5775,0.3381845693864062
0.31,0.585,0.3388923573070084
0.31,0.5925,0.3396004552224028
0.31,0.6,0.34030885189285853
0.315,0.0,0.29276565442991964
0.315,0.0075,0.29278911922770706
0.315,0.015,0.29285921704591084
0.315,0.0225,0.2929750765914478
0.315,0.03,0.2931353045420933
0.315,0.0375,0.29333806531014295
0.315,0.045,0.29358117781710114
0.315,0.0525,0.29386221847431865
0.315,0.06,0.2941786207502054
0.315,0.0675,0.29452776414435733
0.315,0.075,0.2949070482762204
0.315,0.08249999999999999,0.2953139504650218
0.315,0.09,0.29574606723644814
0.315,0.0975,0.2962011415182046
0.315,0.105,0.2966770779492898
0.315,0.11249999999999999,0.29717194888782134
0.315,0.12,0.2976839935382333
0.315,0.1275,0.29821161228333015
0.315,0.135,0.2987533579105608
0.315,0.1425,0.2993079250343331
0.315,0.15,0.2998741386739453
0.315,0.1575,0.30045094266415295
0.315,0.16499999999999998,0.30103738835337623
0.315,0.1725,0.3016326238769092
0.315,0.18,0.3022358841702329
0.315,0.1875,0.3028464818012873
0.315,0.195,0.3034637986418343
0.315,0.20249999999999999,0.30408727835971455
0.315,0.21,0.3047164196901886
0.315,0.2175,0.3053507704312803
0.315,0.22499999999999998,0.3059899221018547
0.315,0.23249999999999998,0.30663350519967125
0.315,0.24,0.3072811849981615
0.315,0.2475,0.30793265782399104
0.315,0.255,0.3085876477617591
0.315,0.2625,0.3092459037369178
0.315,0.27,0.3099071969328032
0.315,0.27749999999999997,0.31057131850233044
0.315,0.285,0.31123807753929256
0.315,0.2925,0.3119072992782443
0.315,0.3,0.31257882349561883
0.315,0.3075,0.31325250308802166
0.315,0.315,0.31392820280657685
0.315,0.3225,0.3146057981288002
0.315,0.32999999999999996,0.3152851742517608
0.315,0.33749999999999997,0.3159662251923039
0.315,0.345,0.31664885298186907
0.315,0.3525,0.3173329669449779
0.315,0.36,0.31801848305181124
0.315,0.3675,0.3187053233364709
0.315,0.375,0.31939341537354554
0.315,0.3825,0.32008269180649496
0.315,0.39,0.32077308992214687
0.315,0.39749999999999996,0.3214645512662835
0.315,0.40499999999999997,0.3221570212958871
0.315,0.4125,0.32285044906413796
0.315,0.42,0.32354478693470945
0.315,0.4275,0.3242399903223057
0.315,0.435,0.32493601745673567
0.315,0.4425,0.32563282916812364
0.315,0.44999999999999996,0.3263303886911251
0.315,0.45749999999999996,0.3270286614862535
0.315,0.46499999999999997,0.3277276150766321
0.315,0.4725,0.32842721889866666
0.315,0.48,0.32912744416529854
0.315,0.4875,0.3298282637406398
0.315,0.495,0.3305296520249179
0.315,0.5025,0.3312315848487697
0.315,0.51,0.33193403937602406
0.315,0.5175,0.33263699401419977
0.315,0.525,0.3333404283320233
0.315,0.5325,0.3340443229833425
0.315,0.54,0.33474865963687095
0.315,0.5475,0.3354534209112561
0.315,0.5549999999999999,0.33615859031501205
0.315,0.5625,0.3368641521909019
0.315,0.57,0.3375700916643938
0.315,0.5775,0.33827639459585224
0.315,0.585,0.3389830475361545
0.315,0.5925,0.339690037685453
0.315,0.6,0.34039735285482914
0.32,0.0,0.2932458887477271
0.32,0.0075,0.2932683777908236
0.32,0.015,0.29333558366957424
0.32,0.0225,0.29344673757586504
0.32,0.03,0.2936006060245477
0.32,0.0375,0.2937955562659063
0.32,0.045,0.2940296365502789
0.32,0.0525,0.2943006628187516
0.32,0.06,0.2946063040772967
0.32,0.0675,0.29494416039556853
0.32,0.075,0.29531182959983304
0.32,0.08249999999999999,0.29570696080767883
0.32,0.09,0.2961272946545719
0.32,0.0975,0.2965706912505976
0.32,0.105,0.29703514758806543
0.32,0.11249999999999999,0.29751880639003486
0.32,0.12,0.2980199583689953
0.32,0.1275,0.2985370396698863
0.32,0.135,0.2990686259939291
0.32,0.1425,0.2996134246023959
0.32,0.15,0.300170265120348
0.32,0.1575,0.3007380898185094
0.32,0.16499999999999998,0.3013159438531707
0.32,0.1725,0.3019029657882467
0.32,0.18,0.3024983786054553
0.32,0.1875,0.3031014813217244
0.32,0.195,0.30371164127101213
0.32,0.20249999999999999,0.3043282870650029
0.32,0.21,0.30495090221880056
0.32,0.2175,0.3055790194099164
0.32,0.22499999999999998,0.3062122153285286
0.32,0.23249999999999998,0.306850106071894
0.32,0.24,0.30749234303424544
0.32,0.2475,0.30813860924427067
0.32,0.255,0.30878861610447705
0.32,0.2625,0.30944210048978193
0.32,0.27,0.3100988221661176
0.32,0.27749999999999997,0.3107585614934137
0.32,0.285,0.31142111738084716
0.32,0.2925,0.31208630546560867
0.32,0.3,0.312753956489568
0.32,0.3075,0.31342391485109666
0.32,0.315,0.3140960373119112
0.32,0.3225,0.3147701918411442
0.32,0.32999999999999996,0.3154462565809411
0.32,0.33749999999999997,0.31612411891974085
0.32,0.345,0.31680367466104115
0.32,0.3525,0.31748482727690175
0.32,0.36,0.31816748723671784
0.32,0.3675,0.3188515714029177
0.32,0.375,0.31953700248622874
0.32,0.3825,0.32022370855402027
0.32,0.39,0.3209116225859934
0.32,0.39749999999999996,0.3216006820721553
0.32,0.40499999999999997,0.3222908286486008
0.32,0.4125,0.32298200776713887
0.32,0.42,0.323674168395252
0.32,0.4275,0.32436726274327565
0.32,0.435,0.3250612460160315
0.32,0.4425,0.3257560761864564
0.32,0.44999999999999996,0.3264517137890419
0.32,0.45749999999999996,0.3271481217311325
0.32,0.46499999999999997,0.32784526512034795
0.32,0.4725,0.3285431111065757
0.32,0.48,0.3292416287371467
0.32,0.4875,0.3299407888239537
0.32,0.495,0.33064056382139845
0.32,0.5025,0.33134092771417073
0.32,0.51,0.3320418559139626
0.32,0.5175,0.33274332516431243
0.32,0.525,0.3334453134528532
0.32,0.5325,0.3341477999303121
0.32,0.54,0.33485076483567155
0.32,0.5475,0.3355541894269597
0.32,0.5549999999999999,0.33625805591718905
0.32,0.5625,0.3369623474150081
0.32,0.57,0.33766704786967144
0.32,0.5775,0.3383721420199707
0.32,0.585,0.3390776153468011
0.32,0.5925,0.3397834540290705
0.32,0.6,0.3404896449026802
0.325,0.0,0.2937261230655346
0.325,0.0075,0.29374771419527657
0.325,0.015,0.2938122562715191
0.325,0.0225,0.29391906757181835
0.325,0.03,0.2940670511393895
0.325,0.0375,0.2942547488053667
0.325,0.045,0.2944804081446248
0.325,0.0525,0.2947420557518241
0.325,0.06,0.2950375705910504
0.325,0.0675,0.2953647523313061
0.325,0.075,0.29572138114729385
0.325,0.08249999999999999,0.2961052670755095
0.325,0.09,0.29651428840679717
0.325,0.0975,0.2969464196332248
0.325,0.105,0.2973997501246458
0.325,0.11249999999999999,0.2978724950360593
0.325,0.12,0.2983630000217997
0.325,0.1275,0.29886974124208415
0.325,0.135,0.2993913219648041
0.325,0.1425,0.2999264668453097
0.325,0.15,0.30047401474542296
0.325,0.1575,0.30103291075086686
0.325,0.16499999999999998,0.3016021978734784
0.325,0.1725,0.30218100878351917
0.325,0.18,0.3027685578064544
0.325,0.1875,0.3033641333340015
0.325,0.195,0.30396709073660166
0.325,0.20249999999999999,0.3045768458193502
0.325,0.21,0.30519286883190927
0.325,0.2175,0.30581467902170695
0.325,0.22499999999999998,0.30644183970612227
0.325,0.23249999999999998,0.3070739538312634
0.325,0.24,0.3077106599807575
0.325,0.2475,0.30835162879647243
0.325,0.255,0.3089965597733979
0.325,0.2625,0.3096451783923709
0.325,0.27,0.3102972335564855
0.325,0.27749999999999997,0.3109524952995526
0.325,0.285,0.31161075273764854
0.325,0.2925,0.31227181223747447
0.325,0.3,0.31293549577783314
0.325,0.3075,0.3136016394829755
0.325,0.315,0.31427009230882935
0.325,0.3225,0.3149407148651964
0.325,0.32999999999999996,0.31561337835888065
0.325,0.33749999999999997,0.31628796364440365
0.325,0.345,0.31696436037047465
0.325,0.3525,0.31764246621173436
0.325,0.36,0.3183221861764893
0.325,0.3675,0.3190034319822174
0.325,0.375,0.3196861214915666
0.325,0.3825,0.3203701782023977
0.325,0.39,0.3210555307861599
0.325,0.39749999999999996,0.3217421126695304
0.325,0.40499999999999997,0.3224298616548262
0.325,0.4125,0.3231187195751945
0.325,0.42,0.32380863198103765
0.325,0.4275,0.32449954785451735
0.325,0.435,0.32519141934933066
0.325,0.4425,0.3258842015532567
0.325,0.44999999999999996,0.3265778522712414
0.325,0.45749999999999996,0.3272723318270299
0.325,0.46499999999999997,0.327967602881564
0.325,0.4725,0.32866363026655365
0.325,0.48,0.32936038083179436
0.325,0.4875,0.3300578233049522
0.325,0.495,0.3307559281626685
0.325,0.5025,0.33145466751195213
0.325,0.51,0.3321540149809324
0.325,0.5175,0.3328539456181373
0.325,0.525,0.3335544357995438
0.325,0.5325,0.33425546314272153
0.325,0.54,0.33495700642745657
0.325,0.5475,0.33565904552229997
0.325,0.5549999999999999,0.3363615613165401
0.325,0.5625,0.3370645356571434
0.325,0.57,0.33776795129025156
0.325,0.5775,0.338471791806861
0.325,0.585,0.33917604159234427
0.325,0.5925,0.33988068577950414
0.325,0.6,0.34058571020487954
0.33,0.0,0.29420635738334205
0.33,0.0075,0.29422711949105207
0.33,0.015,0.29428920003942527
0.33,0.0225,0.29439199176867814
0.33,0.03,0.2945345150008521
0.33,0.0375,0.2947154625505527
0.33,0.045,0.29493325588701397
0.33,0.0525,0.29518610732386424
0.33,0.06,0.2954720831819717
0.33,0.0675,0.29578916366465485
0.33,0.075,0.29613529633779595
0.33,0.08249999999999999,0.29650844135171606
0.33,0.09,0.2969066076688354
0.33,0.0975,0.29732788044909053
0.33,0.105,0.29777044035303624
0.33,0.11249999999999999,0.2982325758686957
0.33,0.12,0.298712689903174
0.33,0.1275,0.2992093018648345
0.33,0.135,0.2997210463533945
0.33,0.1425,0.3002466694193478
0.33,0.15,0.300785023183329
0.33,0.1575,0.30133505944121713
0.33,0.16499999999999998,0.30189582273345994
0.33,0.1725,0.3024664432322316
0.33,0.18,0.30304612969836686
0.33,0.1875,0.3036341626798877
0.33,0.195,0.30422988806254764
0.33,0.20249999999999999,0.30483271103699644
0.33,0.21,0.3054420905138543
0.33,0.2175,0.30605753399444313
0.33,0.22499999999999998,0.3066785928888504
0.33,0.23249999999999998,0.3073048582625107
0.33,0.24,0.30793595698609894
0.33,0.2475,0.30857154826007893
0.33,0.255,0.3092113204838658
0.33,0.2625,0.30985498843958464
0.33,0.27,0.3105022907613622
0.33,0.27749999999999997,0.31115298766261373
0.33,0.285,0.3118068588956493
0.33,0.2925,0.3124637019199317
0.33,0.3,0.31312333025736927
0.33,0.3075,0.31378557201502777
0.33,0.315,0.31445026855756136
0.33,0.3225,0.31511727331344813
0.33,0.32999999999999996,0.3157864507007736
0.33,0.33749999999999997,0.3164576751598141
0.33,0.345,0.31713083028104544
0.33,0.3525,0.31780580801843944
0.33,0.36,0.3184825079790202
0.33,0.3675,0.3191608367806472
0.33,0.375,0.3198407074708769
0.33,0.3825,0.32052203900054577
0.33,0.39,0.3212047557464153
0.33,0.39749999999999996,0.32188878707784596
0.33,0.40499999999999997,0.32257406696301616
0.33,0.4125,0.32326053361069357
0.33,0.42,0.32394812914399945
0.33,0.4275,0.3246367993029914
0.33,0.435,0.32532649317323054
0.33,0.4425,0.3260171629378024
0.33,0.44999999999999996,0.32670876365052787
0.33,0.45749999999999996,0.3274012530283388
0.33,0.46499999999999997,0.3280945912610047
0.33,0.4725,0.32878874083658505
0.33,0.48,0.329483666381146
0.33,0.4875,0.33017933451143305
0.33,0.495,0.3308757136993204
0.33,0.5025,0.3315727741469757
0.33,0.51,0.33227048767178685
0.33,0.5175,0.33296882760018737
0.33,0.525,0.33366776866960435
0.33,0.5325,0.3343672869378259
0.33,0.54,0.3350673596991533
0.33,0.5475,0.3357679654067617
0.33,0.5549999999999999,0.3364690836007499
0.33,0.5625,0.33717069484140605
0.33,0.57,0.3378727806472591
0.33,0.5775,0.3385753234375285
0.33,0.585,0.33927830647861523
0.33,0.5925,0.3399817138343132
0.33,0.6,0.3406855303194463
0.335,0.0,0.2946865917011495
0.335,0.0075,0.29470658604854005
0.335,0.015,0.2947663852332398
0.335,0.0225,0.2948654460338995
0.335,0.03,0.2950028900491789
0.335,0.0375,0.295177541265616
0.335,0.045,0.2953879734139867
0.335,0.0525,0.29563256296254503
0.335,0.06,0.2959095436432328
0.335,0.0675,0.2962170589469153
0.335,0.075,0.29655320987181255
0.335,0.08249999999999999,0.2969160961686981
0.335,0.09,0.2973038502341785
0.335,0.0975,0.2977146635538621
0.335,0.105,0.29814680614394756
0.335,0.11249999999999999,0.29859863978291545
0.335,0.12,0.2990686259939291
0.335,0.1275,0.2995553297754032
0.335,0.135,0.30005742002507624
0.335,0.1425,0.3005736674989639
0.335,0.15,0.3011029410192016
0.335,0.1575,0.3016442025135943
0.335,0.16499999999999998,0.3021965013467642
0.335,0.1725,0.3027589682944982
0.335,0.18,0.30333080942168383
0.335,0.1875,0.3039113000500217
0.335,0.195,0.3044997789430791
0.335,0.20249999999999999,0.30509564279109375
0.335,0.21,0.30569834104399124
0.335,0.2175,0.30630737111617434
0.335,0.22499999999999998,0.3069222739688505
0.335,0.23249999999999998,0.30754263006335814
0.335,0.24,0.30816805567078903
0.335,0.2475,0.30879819951811915
0.335,0.255,0.3094327397482119
0.335,0.2625,0.31007138116980887
0.335,0.27,0.3107138527734826
0.335,0.27749999999999997,0.3113599054901298
0.335,0.285,0.3120093101696723
0.335,0.2925,0.3126618557590013
0.335,0.3,0.31331734765972175
0.335,0.3075,0.3139756062478264
0.335,0.315,0.31463646553898683
0.335,0.3225,0.31529977198465436
0.335,0.32999999999999996,0.315965383385584
0.335,0.33749999999999997,0.3166331679107205
0.335,0.345,0.31730300321060745
0.335,0.3525,0.31797477561559534
0.335,0.36,0.3186483794101408
0.335,0.3675,0.31932371617540406
0.335,0.375,0.3200006941931784
0.335,0.3825,0.32067922790492426
0.335,0.39,0.3213592374203459
0.335,0.39749999999999996,0.32204064807053834
0.335,0.40499999999999997,0.32272339000126404
0.335,0.4125,0.3234073978023879
0.335,0.42,0.3240926101699201
0.335,0.4275,0.32477896959749175
0.335,0.435,0.3254664220944183
0.335,0.4425,0.3261549169278056
0.335,0.44999999999999996,0.3268444063864153
0.335,0.45749999999999996,0.3275348455642416
0.335,0.46499999999999997,0.3282261921619628
0.335,0.4725,0.328918406304615
0.335,0.48,0.329611450374004
0.335,0.4875,0.3303052888545194
0.335,0.495,0.33099988819114673
0.335,0.5025,0.3316952166585936
0.335,0.51,0.3323912442405505
0.335,0.5175,0.33308794251820195
0.335,0.525,0.33378528456718964
0.335,0.5325,0.3344832448623034
0.335,0.54,0.3351817991892465
0.335,0.5475,0.3358809245628806
0.335,0.5549999999999999,0.3365805991514127
0.335,0.5625,0.33728080220603496
0.335,0.57,0.3379815139955729
0.335,0.5775,0.33868271574573805
0.335,0.585,0.3393843895826165
0.335,0.5925,0.3400865184800592
0.335,0.6,0.340789086210666
0.34,0.0,0.29516682601895694
0.34,0.0075,0.29518610732386424
0.34,0.015,0.2952437862964323
0.34,0.0225,0.2953393750857605
0.34,0.03,0.2954720831819717
0.34,0.0375,0.2956408490251273
0.34,0.045,0.29584438013687203
0.34,0.0525,0.2960811984552674
0.34,0.06,0.2963496875286319
0.34,0.0675,0.2966481385874564
0.34,0.075,0.2969747931366453
0.34,0.08249999999999999,0.29732788044909053
0.34,0.09,0.29770564906944347
0.34,0.0975,0.2981063920651144
0.34,0.105,0.2985284662436092
0.34,0.11249999999999999,0.2989703058811694
0.34,0.12,0.2994304316921225
0.34,0.1275,0.2999074558393678
0.34,0.135,0.30040008377578464
0.34,0.1425,0.3009071136434901
0.34,0.15,0.3014274338667712
0.34,0.1575,0.3019600194728593
0.34,0.16499999999999998,0.30250392757430444
0.34,0.1725,0.30305829235460746
0.34,0.18,0.30362231981848076
0.34,0.1875,0.30419528250076394
0.34,0.195,0.30477651427323493
0.34,0.20249999999999999,0.30536540534513834
0.34,0.21,0.3059613975196399
0.34,0.2175,0.3065639797429643
0.34,0.22499999999999998,0.30717268396414354
0.34,0.23249999999999998,0.3077870813097103
0.34,0.24,0.3084067785681553
0.34,0.2475,0.30903141497256037
0.34,0.255,0.30966065926574254
0.34,0.2625,0.3102942070298921
0.34,0.27,0.31093177826157364
0.34,0.27749999999999997,0.3115731151727299
0.34,0.285,0.3122179801986944
0.34,0.2925,0.31286615419499153
0.34,0.3,0.31351743480571465
0.34,0.3075,0.31417163498742756
0.34,0.315,0.31482858167374583
0.34,0.3225,0.315488114566974
0.34,0.32999999999999996,0.31615008504436154
0.34,0.33749999999999997,0.3168143551676765
0.34,0.345,0.3174807967858588
0.34,0.3525,0.3181492907215084
0.34,0.36,0.3188197260328734
0.34,0.3675,0.31949199934383843
0.34,0.375,0.3201660142351721
0.34,0.3825,0.32084168069097885
0.34,0.39,0.3215189145949219
0.34,0.39749999999999996,0.3221976372713412
0.34,0.40499999999999997,0.3228777750668936
0.34,0.4125,0.32355925896879034
0.34,0.42,0.3242420242561128
0.34,0.4275,0.3249260101810456
0.34,0.435,0.325611159677192
0.34,0.4425,0.32629741909242205
0.34,0.44999999999999996,0.3269847379439654
0.34,0.45749999999999996,0.3276730686936883
0.34,0.46499999999999997,0.32836236654170337
0.34,0.4725,0.329052589236643
0.34,0.48,0.32974369690109434
0.34,0.4875,0.33043565187083984
0.34,0.495,0.33112841854668035
0.34,0.5025,0.3318219632577365
0.34,0.51,0.33251625413522984
0.34,0.5175,0.33321126099584064
0.34,0.525,0.33390695523382424
0.34,0.5325,0.33460330972114605
0.34,0.54,0.3353002987149623
0.34,0.5475,0.33599789777183714
0.34,0.5549999999999999,0.33669608366814224
0.34,0.5625,0.33739483432613526
0.34,0.57,0.3380941287452584
0.34,0.5775,0.33879394693824016
0.34,0.585,0.33949426987161996
0.34,0.5925,0.3401950794103481
0.34,0.6,0.3408963582661446
0.34500000000000003,0.0,0.2956470603367644
0.34500000000000003,0.0075,0.29566567767251006
0.34500000000000003,0.015,0.29572138114729385
0.34500000000000003,0.0225,0.2958137310265756
0.34500000000000003,0.03,0.2959420134305945
0.34500000000000003,0.0375,0.2961052670755095
0.34500000000000003,0.045,0.2963023174450381
0.34500000000000003,0.0525,0.2965318157228339
0.34500000000000003,0.06,0.29679227975011796
0.34500000000000003,0.0675,0.2970821345134264
0.34500000000000003,0.075,0.2973997501246458
0.34500000000000003,0.08249999999999999,0.29774347582388677
0.34500000000000003,0.09,0.29811166911756554
0.34500000000000003,0.0975,0.2985027196860544
0.34500000000000003,0.105,0.2989150681142761
0.34500000000000003,0.11249999999999999,0.29934721979919143
0.34500000000000003,0.12,0.2997977545754687
0.34500000000000003,0.1275,0.30026533269234673
0.34500000000000003,0.135,0.30074869779358726
0.34500000000000003,0.1425,0.30124667752124745
0.34500000000000003,0.15,0.3017581823025304
0.34500000000000003,0.1575,0.3022822028026288
0.34500000000000003,0.16499999999999998,0.30281780644629397
0.34500000000000003,0.1725,0.3033641333340015
0.34500000000000003,0.18,0.3039203918091757
0.34500000000000003,0.1875,0.3044858538728929
0.34500000000000003,0.195,0.3050598505922453
0.34500000000000003,0.20249999999999999,0.30564176760765005
0.34500000000000003,0.21,0.3062310408118678
0.34500000000000003,0.2175,0.306827152248186
0.34500000000000003,0.22499999999999998,0.3074296262559344
0.34500000000000003,0.23249999999999998,0.3080380258771069
0.34500000000000003,0.24,0.3086519495273805
0.34500000000000003,0.2475,0.30927102792739203
0.34500000000000003,0.255,0.3098949212850645
0.34500000000000003,0.2625,0.31052331671648964
0.34500000000000003,0.27,0.31115592589091673
0.34500000000000003,0.27749999999999997,0.31179248288442385
0.34500000000000003,0.285,0.31243274222656653
0.34500000000000003,0.2925,0.3130764771245107
0.34500000000000003,0.3,0.3137234778496975
0.34500000000000003,0.3075,0.3143735502728407
0.34500000000000003,0.315,0.31502651453393404
0.34500000000000003,0.3225,0.3156822038348855
0.34500000000000003,0.32999999999999996,0.3163404633433507
0.34500000000000003,0.33749999999999997,0.3170011491972812
0.34500000000000003,0.345,0.3176641276006102
0.34500000000000003,0.3525,0.3183292740013598
0.34500000000000003,0.36,0.3189964723442596
0.34500000000000003,0.3675,0.3196656143907131
0.34500000000000003,0.375,0.32033659909963713
0.34500000000000003,0.3825,0.32100933206332843
0.34500000000000003,0.39,0.32168372499308673
0.34500000000000003,0.39749999999999996,0.32235969524984165
0.34500000000000003,0.40499999999999997,0.32303716541550564
0.34500000000000003,0.4125,0.3237160629011974
0.34500000000000003,0.42,0.324396319588867
0.34500000000000003,0.4275,0.32507787150319617
0.34500000000000003,0.435,0.3257606585109616
0.34500000000000003,0.4425,0.3264446240453231
0.34500000000000003,0.44999999999999996,0.327129714852755
0.34500000000000003,0.45749999999999996,0.3278158807605583
0.34500000000000003,0.46499999999999997,0.32850307446309696
0.34500000000000003,0.4725,0.3291912513250815
0.34500000000000003,0.48,0.329880369200385
0.34500000000000003,0.4875,0.3305703882650239
0.34500000000000003,0.495,0.3312612708630658
0.34500000000000003,0.5025,0.33195298136434576
0.34500000000000003,0.51,0.33264548603297633
0.34500000000000003,0.5175,0.33333875290573356
0.34500000000000003,0.525,0.33403275167948604
0.34500000000000003,0.5325,0.3347274536069108
0.34500000000000003,0.54,0.3354228313998099
0.34500000000000003,0.5475,0.3361188591394033
0.34500000000000003,0.5549999999999999,0.33681551219303113
0.34500000000000003,0.5625,0.337512767136748
0.34500000000000003,0.57,0.338210601683339
0.34500000000000003,0.5775,0.33890899461532803
0.34500000000000003,0.585,0.33960792572258686
0.34500000000000003,0.5925,0.3403073757441874
0.34500000000000003,0.6,0.34100732631417
0.35000000000000003,0.0,0.2961272946545719
0.35000000000000003,0.0075,0.29614529220004526
0.35000000000000003,0.015,0.2961991506092245
0.35000000000000003,0.0225,0.2962884721565622
0.35000000000000003,0.03,0.29641261006593106
0.35000000000000003,0.0375,0.2965706912505976
0.35000000000000003,0.045,0.29676164554237044
0.35000000000000003,0.0525,0.29698423925063266
0.35000000000000003,0.06,0.29723711080495796
0.35000000000000003,0.0675,0.29751880639003486
0.35000000000000003,0.075,0.2978278138165339
0.35000000000000003,0.08249999999999999,0.2981625933085943
0.35000000000000003,0.09,0.298521604352683
0.35000000000000003,0.0975,0.2989033281840162
0.35000000000000003,0.105,0.2993062858470502
0.35000000000000003,0.11249999999999999,0.2997290520381279
0.35000000000000003,0.12,0.300170265120348
0.35000000000000003,0.1275,0.30062863380328836
0.35000000000000003,0.135,0.3011029410192016
0.35000000000000003,0.1425,0.30159204551994984
0.35000000000000003,0.15,0.30209488168115717
0.35000000000000003,0.1575,0.30261045794497266
0.35000000000000003,0.16499999999999998,0.3031378542703901
0.35000000000000003,0.1725,0.3036762188971712
0.35000000000000003,0.18,0.30422476467043796
0.35000000000000003,0.1875,0.30478276512034796
0.35000000000000003,0.195,0.3053495504459773
0.35000000000000003,0.20249999999999999,0.3059245035146871
0.35000000000000003,0.21,0.30650705595740474
0.35000000000000003,0.2175,0.30709668441563076
0.35000000000000003,0.22499999999999998,0.3076929069767322
0.35000000000000003,0.23249999999999998,0.3082952798193091
0.35000000000000003,0.24,0.3089033940793181
0.35000000000000003,0.2475,0.30951687293946867
0.35000000000000003,0.255,0.3101353689385641
0.35000000000000003,0.2625,0.3107585614934137
0.35000000000000003,0.27,0.3113861546232771
0.35000000000000003,0.27749999999999997,0.3120178748651777
0.35000000000000003,0.285,0.3126534693675643
0.35000000000000003,0.2925,0.3132927041495076
0.35000000000000003,0.3,0.3139353625127198
0.35000000000000003,0.3075,0.3145812435940636
0.35000000000000003,0.315,0.3152301610467754
0.35000000000000003,0.3225,0.31588194183929724
0.35000000000000003,0.32999999999999996,0.31653642516134045
0.35000000000000003,0.33749999999999997,0.31719346142756
0.35000000000000003,0.345,0.3178529113699655
0.35000000000000003,0.3525,0.31851464521092704
0.35000000000000003,0.36,0.31917854190933015
0.35000000000000003,0.3675,0.31984448847309316
0.35000000000000003,0.375,0.320512379331873
0.35000000000000003,0.3825,0.32118211576435607
0.35000000000000003,0.39,0.3218536053750539
0.35000000000000003,0.39749999999999996,0.32252676161600413
0.35000000000000003,0.40499999999999997,0.32320150334921477
0.35000000000000003,0.4125,0.32387775444608935
0.35000000000000003,0.42,0.32455544342043213
0.35000000000000003,0.4275,0.32523450309195906
0.35000000000000003,0.435,0.32591487027753885
0.35000000000000003,0.4425,0.32659648550765336
0.35000000000000003,0.44999999999999996,0.3272792927658103
0.35000000000000003,0.45749999999999996,0.3279632392488575
0.35000000000000003,0.46499999999999997,0.3286482751463442
0.35000000000000003,0.4725,0.3293343534372527
0.35000000000000003,0.48,0.3300214297025814
0.35000000000000003,0.4875,0.33070946195240475
0.35000000000000003,0.495,0.3313984104661638
0.35000000000000003,0.5025,0.33208823764505857
0.35000000000000003,0.51,0.3327789078755172
0.35000000000000003,0.5175,0.3334703874028122
0.35000000000000003,0.525,0.33416264421397796
0.35000000000000003,0.5325,0.33485564792926353
0.35000000000000003,0.54,0.33554936970142013
0.35000000000000003,0.5475,0.3362437821221886
0.35000000000000003,0.5549999999999999,0.3369388591354078
0.35000000000000003,0.5625,0.3376345759562154
0.35000000000000003,0.57,0.3383309089958596
0.35000000000000003,0.5775,0.3390278357916825
0.35000000000000003,0.585,0.33972533494187307
0.35000000000000003,0.5925,0.3404233860446225
0.35000000000000003,0.6,0.3411219696413464
0.355,0.0,0.29660752897237935
0.355,0.0075,0.2966249466416016
0.355,0.015,0.2966770779492898
0.355,0.0225,0.29676356200799864
0.355,0.03,0.29688381104470224
0.355,0.0375,0.29703702983258407
0.355,0.045,0.2972222408008863
0.355,0.0525,0.29743831306689655
0.355,0.06,0.2976839935382333
0.355,0.0675,0.29795793832958584
0.355,0.075,0.2982587429825939
0.355,0.08249999999999999,0.29858497031344283
0.355,0.09,0.29893517508235473
0.355,0.0975,0.2993079250343331
0.355,0.105,0.2997018181678464
0.355,0.11249999999999999,0.3001154963298218
0.355,0.12,0.3005476554068428
0.355,0.1275,0.3009970524888386
0.355,0.135,0.3014625104333816
0.355,0.1425,0.30194292026872055
0.355,0.15,0.302437241854418
0.355,0.1575,0.3029445031808768
0.355,0.16499999999999998,0.3034637986418343
0.355,0.1725,0.3039942865635001
0.355,0.18,0.30453518622474807
0.355,0.1875,0.3050857745573365
0.355,0.195,0.30564538267491814
0.355,0.20249999999999999,0.3062133923451431
0.355,0.21,0.30678923249038537
0.355,0.2175,0.30737237577912224
0.355,0.22499999999999998,0.3079623353511815
0.355,0.23249999999999998,0.3085586617052783
0.355,0.24,0.3091609397658446
0.355,0.2475,0.3097687861375068
0.355,0.255,0.31038184654915263
0.355,0.2625,0.31099979348488965
0.355,0.27,0.3116223239959505
0.355,0.27749999999999997,0.31224915768542477
0.355,0.285,0.3128800348563393
0.355,0.2925,0.3135147148128651
0.355,0.3,0.3141529743041334
0.355,0.3075,0.31479460610017707
0.355,0.315,0.3154394176897706
0.355,0.3225,0.3160872300903595
0.355,0.32999999999999996,0.3167378767607783
0.355,0.33749999999999997,0.31739120260802833
0.355,0.345,0.31804706307998104
0.355,0.3525,0.3187053233364709
0.355,0.36,0.3193658574918328
0.355,0.3675,0.32002854792250446
0.355,0.375,0.32069328463385244
0.355,0.3825,0.32135996468088956
0.355,0.39,0.3220284916380205
0.355,0.39749999999999996,0.3226987751133919
0.355,0.40499999999999997,0.3233707303038246
0.355,0.4125,0.3240442775866773
0.355,0.42,0.3247193421453261
0.355,0.4275,0.32539585362525536
0.355,0.435,0.32607374581803394
0.355,0.4425,0.3267529563707052
0.355,0.44999999999999996,0.3274334265183524
0.355,0.45749999999999996,0.3281151008378069
0.355,0.46499999999999997,0.328797927020659
0.355,0.4725,0.32948185566390087
0.355,0.48,0.3301668400766852
0.355,0.4875,0.33085283610182625
0.355,0.495,0.33153980195079236
0.355,0.5025,0.3322276980510563
0.355,0.51,0.33291648690477266
0.355,0.5175,0.333606132957843
0.355,0.525,0.334296602478517
0.355,0.5325,0.3349878634447515
0.355,0.54,0.3356798854396201
0.355,0.5475,0.33637263955412716
0.355,0.5549999999999999,0.33706609829683926
0.355,0.5625,0.3377602355097941
0.355,0.57,0.3384550262901987
0.355,0.5775,0.33915044691746576
0.355,0.585,0.33984647478517993
0.355,0.5925,0.3405430883376163
0.355,0.6,0.34124026701046895
0.36,0.0,0.2970877632901868
0.36,0.0075,0.2971046372638578
0.36,0.015,0.2971551485018316
0.36,0.0225,0.29723896855362486
0.36,0.03,0.29735556172770405
0.36,0.0375,0.29750420177284376
0.36,0.045,0.2976839935382333
0.36,0.0525,0.29789389817696205
0.36,0.06,0.2981327603602559
0.36,0.0675,0.29839933602522756
0.36,0.075,0.29869231935665064
0.36,0.08249999999999999,0.29901036796127983
0.36,0.09,0.2993521254873087
0.36,0.0975,0.2997162412330794
0.36,0.105,0.3001013865496841
0.36,0.11249999999999999,0.30050626805471375
0.36,0.12,0.30092963783264653
0.36,0.1275,0.3013703009027581
0.36,0.135,0.30182712029464115
0.36,0.1425,0.30229902009362075
0.36,0.15,0.3027849868132638
0.36,0.1575,0.3032840694287255
0.36,0.16499999999999998,0.3037953783703406
0.36,0.1725,0.3043180837374181
0.36,0.18,0.30485141295178947
0.36,0.1875,0.30539464803205235
0.36,0.195,0.3059471226342725
0.36,0.20249999999999999,0.3065082189739842
0.36,0.21,0.3070773647178966
0.36,0.2175,0.30765402991163887
0.36,0.22499999999999998,0.30823772399181604
0.36,0.23249999999999998,0.30882799291612606
0.36,0.24,0.30942441643382446
0.36,0.2475,0.3100266055099144
0.36,0.255,0.31063419990964986
0.36,0.2625,0.31124686594485873
0.36,0.27,0.31186429437988794
0.36,0.27749999999999997,0.3124861984923424
0.36,0.285,0.3131123122820098
0.36,0.2925,0.3137423888202215
0.36,0.3,0.3143761987312555
0.36,0.3075,0.315013528797104
0.36,0.315,0.31565418067691176
0.36,0.3225,0.31629796973256885
0.36,0.32999999999999996,0.3169447239522449
0.36,0.33749999999999997,0.3175942829640465
0.36,0.345,0.3182464971324239
0.36,0.3525,0.3189012267304247
0.36,0.36,0.3195583411813741
0.36,0.3675,0.32021771836403673
0.36,0.375,0.32087924397577783
0.36,0.3825,0.321542810948685
0.36,0.39,0.3222083189140289
0.36,0.39749999999999996,0.3228756737108358
0.36,0.40499999999999997,0.32354478693470945
0.36,0.4125,0.3242155755233795
0.36,0.42,0.32488796137576564
0.36,0.4275,0.32556187100163386
0.36,0.435,0.32623723519918424
0.36,0.4425,0.3269139887581497
0.36,0.44999999999999996,0.3275920701862052
0.36,0.45749999999999996,0.32827142145668403
0.36,0.46499999999999997,0.3289519877757837
0.36,0.4725,0.32963371736760316
0.36,0.48,0.3303165612755078
0.36,0.4875,0.33100047317845177
0.36,0.495,0.3316854092210108
0.36,0.5025,0.33237132785599055
0.36,0.51,0.33305818969857764
0.36,0.5175,0.33374595739109053
0.36,0.525,0.33443459547747195
0.36,0.5325,0.3351240702867404
0.36,0.54,0.3358143498246851
0.36,0.5475,0.3365054036731526
0.36,0.5549999999999999,0.3371972028963284
0.36,0.5625,0.3378897199534688
0.36,0.57,0.3385829286175849
0.36,0.5775,0.33927680389962134
0.36,0.585,0.33997132197771324
0.36,0.5925,0.34066646013113727
0.36,0.6,0.34136219667860657
0.365,0.0,0.2975679976079943
0.365,0.0075,0.2975843607847721
0.365,0.015,0.2976333493594262
0.365,0.0225,0.2977146635538621
0.365,0.03,0.2978278138165339
0.365,0.0375,0.297972135205049
0.365,0.045,0.29814680614394756
0.365,0.0525,0.2983508703784256
0.365,0.06,0.2985832608506445
0.365,0.0675,0.298842824252966
0.365,0.075,0.2991283451408442
0.365,0.08249999999999999,0.2994385686861525
0.365,0.09,0.2997722213855288
0.365,0.0975,0.3001280292770836
0.365,0.105,0.3005047334386156
0.365,0.11249999999999999,0.30090110272588544
0.365,0.12,0.3013159438531707
0.365,0.1275,0.3017481090195299
0.365,0.135,0.3021965013467642
0.365,0.1425,0.30266007842538967
0.365,0.15,0.30313785427039003
0.365,0.1575,0.30362889997626724
0.365,0.16499999999999998,0.3041323433372381
0.365,0.1725,0.30464736766842415
0.365,0.18,0.3051732100313821
0.365,0.1875,0.30570915903503276
0.365,0.195,0.30625455235270915
0.365,0.20249999999999999,0.3068087740686693
0.365,0.21,0.3073712519434704
0.365,0.2175,0.307941454667163
0.365,0.22499999999999998,0.3085188891521896
0.365,0.23249999999999998,0.30910309790386403
0.365,0.24,0.30969365649500974
0.365,0.2475,0.31029017116237056
0.365,0.255,0.3108922765354013
0.365,0.2625,0.3114996335026693
0.365,0.27,0.3121119272170481
0.365,0.27749999999999997,0.312728865237896
0.365,0.285,0.31335017580627944
0.365,0.2925,0.3139756062478264
0.365,0.3,0.31460492149684066
0.365,0.3075,0.3152379027347444
0.365,0.315,0.31587434613565274
0.365,0.3225,0.31651406171183827
0.365,0.32999999999999996,0.31715687225195693
0.365,0.33749999999999997,0.3178026123451337
0.365,0.345,0.3184511274843056
0.365,0.3525,0.3191022732425717
0.365,0.36,0.3197559145166709
0.365,0.3675,0.3204119248320998
0.365,0.375,0.3210701857047659
0.365,0.3825,0.321730586054452
0.365,0.39,0.322393021665731
0.365,0.39749999999999996,0.32305739469232
0.365,0.40499999999999997,0.32372361320118553
0.365,0.4125,0.3243915907530255
0.365,0.42,0.3250612460160315
0.365,0.4275,0.3257325024101064
0.365,0.435,0.3264052877789525
0.365,0.4425,0.32707953408767154
0.365,0.44999999999999996,0.3277551771437243
0.365,0.45749999999999996,0.3284321563392871
0.365,0.46499999999999997,0.32911041441321265
0.365,0.4725,0.32978989723096436
0.365,0.48,0.330470553581033
0.365,0.4875,0.3311523349864784
0.365,0.495,0.33183519553035656
0.365,0.5025,0.3325190916939018
0.365,0.51,0.3332039822064326
0.365,0.5175,0.3338898279060375
0.365,0.525,0.33457659161018266
0.365,0.5325,0.3352642379954532
0.365,0.54,0.3359527334857101
0.365,0.5475,0.33664204614800586
0.365,0.5549999999999999,0.3373321455956565
0.365,0.5625,0.3380230028979197
0.365,0.57,0.3387145904957746
0.365,0.5775,0.33940688212334097
0.365,0.585,0.34009985273451326
0.365,0.5925,0.3407934784344212
0.365,0.6,0.3414877364153593
0.37,0.0,0.29804823192580177
0.37,0.0075,0.2980641143074275
0.37,0.015,0.29811166911756554
0.37,0.0225,0.2981906220153882
0.37,0.03,0.2983005244669324
0.37,0.0375,0.29844076619687077
0.37,0.045,0.2986105914937488
0.37,0.0525,0.29880911839521695
0.37,0.06,0.29903535969127076
0.37,0.0675,0.2992882446925697
0.37,0.075,0.29956664080282197
0.37,0.08249999999999999,0.2998693740860796
0.37,0.09,0.30019524820559057
0.37,0.0975,0.30054306130609043
0.37,0.105,0.3009116205961866
0.37,0.11249999999999999,0.3012997545480629
0.37,0.12,0.3017063227606131
0.37,0.1275,0.3021302236271652
0.37,0.135,0.302570400011998
0.37,0.1425,0.30302584317516734
0.37,0.15,0.3034955951982136
0.37,0.1575,0.3039787501597661
0.37,0.16499999999999998,0.3044744542950912
0.37,0.1725,0.30498190535163866
0.37,0.18,0.30550035132708825
0.37,0.1875,0.30602908874984514
0.37,0.195,0.3065674606361401
0.37,0.20249999999999999,0.3071148542339761
0.37,0.21,0.3076706986427383
0.37,0.2175,0.30823446237860946
0.37,0.22499999999999998,0.30880565094001095
0.37,0.23249999999999998,0.3093838044139742
0.37,0.24,0.3099684951533961
0.37,0.2475,0.3105593255462703
0.37,0.255,0.31115592589091673
0.37,0.2625,0.3117579523856818
0.37,0.27,0.31236508523729434
0.37,0.27749999999999997,0.3129770268888038
0.37,0.285,0.31359350036561295
0.37,0.2925,0.31421424773636475
0.37,0.3,0.3148390286842252
0.37,0.3075,0.31546761918329635
0.37,0.315,0.31609981027440726
0.37,0.3225,0.31673540693428326
0.37,0.32999999999999996,0.3173742270320346
0.37,0.33749999999999997,0.318016100366971
0.37,0.345,0.3186608677819181
0.37,0.3525,0.3193083803464404
0.37,0.36,0.31995849860465003
0.37,0.3675,0.32061109188258075
0.37,0.375,0.3212660376504175
0.37,0.3825,0.32192322093518827
0.37,0.39,0.3225825337798338
0.37,0.39749999999999996,0.32324387474487365
0.37,0.40499999999999997,0.32390714844917423
0.37,0.4125,0.32457226514660115
0.37,0.42,0.3252391403355922
0.37,0.4275,0.3259076943989335
0.37,0.435,0.3265778522712414
0.37,0.4425,0.32724954313186494
0.37,0.44999999999999996,0.3279227001211139
0.37,0.45749999999999996,0.3285972600778962
0.37,0.46499999999999997,0.3292731632970102
0.37,0.4725,0.3299503533044888
0.37,0.48,0.33062877664952867
0.37,0.4875,0.33130838271166213
0.37,0.495,0.33198912352194687
0.37,0.5025,0.3326709535970506
0.37,0.51,0.3333538297852053
0.37,0.5175,0.33403771112309166
0.37,0.525,0.3347225587027959
0.37,0.5325,0.335408335548051
0.37,0.54,0.3360950064990433
0.37,0.5475,0.33678253810512404
0.37,0.5549999999999999,0.3374708985248215
0.37,0.5625,0.33816005743259875
0.37,0.57,0.33884998593184856
0.37,0.5775,0.3395406564736586
0.37,0.585,0.3402320427809182
0.37,0.5925,0.3409241197773718
0.37,0.6,0.34161686352125886
0.375,0.0,0.2985284662436092
0.375,0.0075,0.298543895265177
0.375,0.015,0.29859009766249256
0.375,0.0225,0.29866682173961434
0.375,0.03,0.298773655545715
0.375,0.0375,0.2989100376973776
0.375,0.045,0.29907527160262853
0.375,0.0525,0.29926854227937416
0.375,0.06,0.2994889348792241
0.375,0.0675,0.2997354540244367
0.375,0.075,0.3000070431307029
0.375,0.08249999999999999,0.30030260300474776
0.375,0.09,0.3006210091533219
0.375,0.0975,0.3009611273996223
0.375,0.105,0.3013218275580722
0.375,0.11249999999999999,0.30170199505671735
0.375,0.12,0.302100540511029
0.375,0.1275,0.30251640734072144
0.375,0.135,0.30294857758271765
0.375,0.1425,0.3033960760913359
0.375,0.15,0.30385797333506614
0.375,0.1575,0.30433338700234386
0.375,0.16499999999999998,0.30482148262073094
0.375,0.1725,0.30532147337861304
0.375,0.18,0.30583261931897404
0.375,0.1875,0.30635422605337703
0.375,0.195,0.3068856431226749
0.375,0.20249999999999999,0.3074262621103501
0.375,0.21,0.30797551459545297
0.375,0.2175,0.3085328700152477
0.375,0.22499999999999998,0.30909783349301395
0.375,0.23249999999999998,0.3096699436739557
0.375,0.24,0.3102487706017082
0.375,0.2475,0.31083391365930646
0.375,0.255,0.3114249995914723
0.375,0.2625,0.3120216806194629
0.375,0.27,0.3126236326552947
0.375,0.27749999999999997,0.3132305536187099
0.375,0.285,0.31384216185762054
0.375,0.2925,0.3144581946707945
0.375,0.3,0.31507840693010714
0.375,0.3075,0.3157025697986655
0.375,0.315,0.316330469540432
0.375,0.3225,0.3169619064165476
0.375,0.32999999999999996,0.31759669366333426
0.375,0.33749999999999997,0.31823465654688005
0.375,0.345,0.31887563148915127
0.375,0.3525,0.31951946526069486
0.375,0.36,0.3201660142351721
0.375,0.3675,0.32081514370118003
0.375,0.375,0.32146672722705627
0.375,0.3825,0.3221206460746162
0.375,0.39,0.3227767886580271
0.375,0.39749999999999996,0.32343505004428114
0.375,0.40499999999999997,0.32409533149197745
0.375,0.4125,0.3247575400253649
0.375,0.42,0.32542158804082716
0.375,0.4275,0.326087392943208
0.375,0.435,0.326754876809581
0.375,0.4425,0.3274239660782573
0.375,0.44999999999999996,0.3280945912610047
0.375,0.45749999999999996,0.3287666866766151
0.375,0.46499999999999997,0.32944019020411147
0.375,0.4725,0.3301150430540259
0.375,0.48,0.3307911895563111
0.375,0.4875,0.33146857696356535
0.375,0.495,0.33214715526836325
0.375,0.5025,0.3328268770335828
0.375,0.51,0.33350769723471335
0.375,0.5175,0.3341895731132118
0.375,0.525,0.334872464040054
0.375,0.5325,0.3355563313886964
0.375,0.54,0.3362411384167287
0.375,0.5475,0.3369268501555591
0.375,0.5549999999999999,0.33761343330752447
0.375,0.5625,0.33830085614986977
0.375,0.57,0.3389890884450855
0.375,0.5775,0.33967810135713306
0.375,0.585,0.3403678673731255
0.375,0.5925,0.3410583602300665
0.375,0.6,0.34174955484628095
0.38,0.0,0.29900870056141665
0.38,0.0075,0.2990237013759014
0.38,0.015,0.2990686259939291
0.38,0.0225,0.29914324294418737
0.38,0.03,0.29924717300508336
0.38,0.0375,0.29937989864570747
0.38,0.045,0.2995407764766475
0.38,0.0525,0.2997290520381279
0.38,0.06,0.2999438761785329
0.38,0.0675,0.3001843222652444
0.38,0.075,0.30044940351483906
0.38,0.08249999999999999,0.3007380898185094
0.38,0.09,0.3010493235557711
0.38,0.0975,0.3013820340196612
0.38,0.105,0.30173515020620345
0.38,0.11249999999999999,0.3021076118395756
0.38,0.12,0.3024983786054553
0.38,0.1275,0.30290643764513403
0.38,0.135,0.30333080942168383
0.38,0.1425,0.3037705521082763
0.38,0.15,0.30422476467043796
0.38,0.1575,0.3046925888219242
0.38,0.16499999999999998,0.3051732100313821
0.38,0.1725,0.305665857747176
0.38,0.18,0.30616980499331903
0.38,0.1875,0.3066843674725256
0.38,0.195,0.307208902294587
0.38,0.20249999999999999,0.30774280643071966
0.38,0.21,0.30828551497800977
0.38,0.2175,0.30883649930302903
0.38,0.22499999999999998,0.309395265120348
0.38,0.23249999999999998,0.3099613505500902
0.38,0.24,0.3105343241887958
0.38,0.2475,0.31111378321958205
0.38,0.255,0.3116993515807457
0.38,0.2625,0.3122906782063696
0.38,0.27,0.312887435348009
0.38,0.27749999999999997,0.3134893169829705
0.38,0.285,0.3140960373119112
0.38,0.2925,0.3147073293463442
0.38,0.3,0.315322943585018
0.38,0.3075,0.3159426467769481
0.38,0.315,0.3165662207680268
0.38,0.3225,0.31719346142756
0.38,0.32999999999999996,0.3178241776507096
0.38,0.33749999999999997,0.31845819043261897
0.38,0.345,0.31909533200992024
0.38,0.3525,0.31973544506533835
0.38,0.36,0.3203783819911941
0.38,0.3675,0.3210240042077427
0.38,0.375,0.3216721815324552
0.38,0.3825,0.32232279159654154
0.38,0.39,0.3229757193052191
0.38,0.39749999999999996,0.32363085633843985
0.38,0.40499999999999997,0.3242881006890024
0.38,0.4125,0.3249473562351801
0.38,0.42,0.32560853234519976
0.38,0.4275,0.3262715435110968
0.38,0.435,0.32693630900965787
0.38,0.4425,0.32760275258833516
0.38,0.44999999999999996,0.328270802174178
0.38,0.45749999999999996,0.32894038960398314
0.38,0.46499999999999997,0.329611450374004
0.38,0.4725,0.33028392340769286
0.38,0.48,0.33095775084007173
0.38,0.4875,0.3316328778174409
0.38,0.495,0.33230925231123765
0.38,0.5025,0.3329868249449549
0.38,0.51,0.3336655488331164
0.38,0.5175,0.33434537943138776
0.38,0.525,0.33502627439697646
0.38,0.5325,0.33570819345854225
0.38,0.54,0.33639109829490277
0.38,0.5475,0.33707495242187646
0.38,0.5549999999999999,0.33775972108665797
0.38,0.5625,0.33844537116916906
0.38,0.57,0.33913187108987297
0.38,0.5775,0.33981919072358097
0.38,0.585,0.34050730131881607
0.38,0.5925,0.34119617542233494
0.38,0.6,0.34188578680843773
0.385,0.0,0.2994889348792241
0.385,0.0075,0.2995035306036612
0.385,0.015,0.29954724607619126
0.385,0.0225,0.29961986794415385
0.385,0.03,0.2997210463533945
0.385,0.0375,0.29985030321324785
0.385,0.045,0.3000070431307029
0.385,0.0525,0.300190566451133
0.385,0.06,0.30040008377578464
0.385,0.0675,0.30063473131027785
0.385,0.075,0.3008935864288746
0.385,0.08249999999999999,0.3011756829069184
0.385,0.09,0.3014800253668692
0.385,0.0975,0.3018056025895069
0.385,0.105,0.3021513994500909
0.385,0.11249999999999999,0.30251640734072144
0.385,0.12,0.302899633028763
0.385,0.1275,0.30330010597356094
0.385,0.135,0.30371688417873965
0.385,0.1425,0.30414905869579467
0.385,0.15,0.30459575691834
0.385,0.1575,0.3050561448177153
0.385,0.16499999999999998,0.30552942827237833
0.385,0.1725,0.30601485363816405
0.385,0.18,0.30651170769636604
0.385,0.1875,0.30701931710357455
0.385,0.195,0.30753704745277666
0.385,0.20249999999999999,0.3080643020404937
0.385,0.21,0.30860052042047487
0.385,0.2175,0.3091451768111812
0.385,0.22499999999999998,0.30969777841227586
0.385,0.23249999999999998,0.3102578636747113
0.385,0.24,0.3108250005597915
0.385,0.2475,0.311398784814733
0.385,0.255,0.3119788382856511
0.385,0.2625,0.31256480728342767
0.385,0.27,0.31315636101344513
0.385,0.27749999999999997,0.31375319007655517
0.385,0.285,0.314355005045771
0.385,0.2925,0.314961535120906
0.385,0.3,0.31557252686162607
0.385,0.3075,0.31618774299805175
0.385,0.315,0.31680696131705477
0.385,0.3225,0.3174299736216785
0.385,0.32999999999999996,0.31805658476061976
0.385,0.33749999999999997,0.3186866117243877
0.385,0.345,0.3193198828045745
0.385,0.3525,0.3199562368125909
0.385,0.36,0.3205955223542236
0.385,0.3675,0.3212375971564306
0.385,0.375,0.32188232744289313
0.385,0.3825,0.3225295873549796
0.385,0.39,0.3231792584149276
0.385,0.39749999999999996,0.3238312290282188
0.385,0.40499999999999997,0.3244853940222933
0.385,0.4125,0.3251416542189247
0.385,0.42,0.32579991603774977
0.385,0.4275,0.32646009112861496
0.385,0.435,0.3271220960305657
0.385,0.4425,0.3277858518554586
0.385,0.44999999999999996,0.32845128399432505
0.385,0.45749999999999996,0.32911832184475387
0.385,0.46499999999999997,0.329786898557692
0.385,0.4725,0.3304569508021832
0.385,0.48,0.33112841854668035
0.385,0.4875,0.33180124485567264
0.385,0.495,0.3324753757004659
0.385,0.5025,0.33315075978304787
0.385,0.51,0.33382734837205186
0.385,0.5175,0.33450509514991233
0.385,0.525,0.335183956070375
0.385,0.5325,0.33586388922559235
0.385,0.54,0.3365448547220951
0.385,0.5475,0.3372268145649856
0.385,0.5549999999999999,0.33790973254975154
0.385,0.5625,0.338593574161145
0.385,0.57,0.33927830647861523
0.385,0.5775,0.3399638980878235
0.385,0.585,0.3406503189978051
0.385,0.5925,0.34133754056337706
0.385,0.6,0.34202553541242114
0.39,0.0,0.2999691691970316
0.39,0.0075,0.29998338112638595
0.39,0.015,0.3000259507125349
0.39,0.0225,0.30009668088213354
0.39,0.03,0.30019524820559057
0.39,0.0375,0.30032121015682395
0.39,0.045,0.30047401474542296
0.39,0.0525,0.30065301204862016
0.39,0.06,0.3008574671101897
0.39,0.0675,0.301086573654759
0.39,0.075,0.30133946808581014
0.39,0.08249999999999999,0.30161524328696077
0.39,0.09,0.3019129618198976
0.39,0.0975,0.3022316681988797
0.39,0.105,0.302570400011998
0.39,0.11249999999999999,0.3029281977459011
0.39,0.12,0.30330411324805684
0.39,0.1275,0.3036972168254867
0.39,0.135,0.30410660302988557
0.39,0.1425,0.3045313952162025
0.39,0.15,0.30497074898628074
0.39,0.1575,0.3054238546428233
0.39,0.16499999999999998,0.3058899387838462
0.39,0.1725,0.30636826516599064
0.39,0.18,0.3068581349585025
0.39,0.1875,0.3073588865000166
0.39,0.195,0.30786989465883285
0.39,0.20249999999999999,0.30839056988519836
0.39,0.21,0.3089203570319574
0.39,0.2175,0.3094587340083382
0.39,0.22499999999999998,0.31000521032093126
0.39,0.23249999999999998,0.3105593255462703
0.39,0.24,0.311120647770919
0.39,0.2475,0.3116887720275998
0.39,0.255,0.3122633187496104
0.39,0.2625,0.3128439322604843
0.39,0.27,0.31343027931145173
0.39,0.27749999999999997,0.3140220476756498
0.39,0.285,0.3146189448051013
0.39,0.2925,0.315220696554137
0.39,0.3,0.315827045971082
0.39,0.3075,0.3164377521585828
0.39,0.315,0.3170525892018459
0.39,0.3225,0.31767134516323403
0.39,0.32999999999999996,0.3182938211410578
0.39,0.33749999999999997,0.3189198303899852
0.39,0.345,0.3195491975002077
0.39,0.3525,0.32018175763233975
0.39,0.36,0.3208173558049501
0.39,0.3675,0.321455846231614
0.39,0.375,0.3220970917044172
0.39,0.3825,0.3227409630209201
0.39,0.39,0.3233873384516968
0.39,0.39749999999999996,0.3240361032456882
0.39,0.40499999999999997,0.32468714917074193
0.39,0.4125,0.3253403740868556
0.39,0.42,0.3259956815497843
0.39,0.4275,0.32665298044281654
0.39,0.435,0.32731218463466544
0.39,0.4425,0.3279732126615588
0.39,0.44999999999999996,0.32863598743174377
0.39,0.45749999999999996,0.3293004359507475
0.39,0.46499999999999997,0.32996648906585485
0.39,0.4725,0.3306340812283762
0.39,0.48,0.33130315027238405
0.39,0.4875,0.33197363720869644
0.39,0.495,0.33264548603297633
0.39,0.5025,0.3333186435469032
0.39,0.51,0.33399305919145156
0.39,0.5175,0.3346686848913855
0.39,0.525,0.33534547491014743
0.39,0.5325,0.3360233857143801
0.39,0.54,0.33670237584738355
0.39,0.5475,0.3373824058108568
0.39,0.5549999999999999,0.33806343795433025
0.39,0.5625,0.3387454363717349
0.39,0.57,0.33942836680460026
0.39,0.5775,0.3401121965514113
0.39,0.585,0.3407968943826883
0.39,0.5925,0.34148243046138965
0.39,0.6,0.34216877626826625
0.395,0.0,0.30044940351483906
0.395,0.0075,0.3004632513085198
0.395,0.015,0.3005047334386156
0.395,0.0225,0.3005736674989639
0.395,0.03,0.300669753899732
0.395,0.0375,0.3007925822645756
0.395,0.045,0.3009416399411042
0.395,0.0525,0.3011163222261105
0.395,0.06,0.3013159438531707
0.395,0.0675,0.30153975127034693
0.395,0.075,0.30178693524770095
0.395,0.08249999999999999,0.3020566433930395
0.395,0.09,0.3023479922127835
0.395,0.0975,0.30266007842538967
0.395,0.105,0.3029919893099853
0.395,0.11249999999999999,0.30334281194651996
0.395,0.12,0.30371164127101213
0.395,0.1275,0.30409758692725775
0.395,0.135,0.3044997789430791
0.395,0.1425,0.3049173722945195
0.395,0.15,0.3053495504459773
0.395,0.1575,0.30579552796938037
0.395,0.16499999999999998,0.30625455235270915
0.395,0.1725,0.3067259051091585
0.395,0.18,0.307208902294587
0.395,0.1875,0.30770289453405436
0.395,0.195,0.3082072666493999
0.395,0.20249999999999999,0.3087214369699178
0.395,0.21,0.30924485639796734
0.395,0.2175,0.3097770072913485
0.395,0.22499999999999998,0.3103174022148195
0.395,0.23249999999999998,0.3108655826044654
0.395,0.24,0.31142111738084716
0.395,0.2475,0.3119836015400159
0.395,0.255,0.3125526547455457
0.395,0.2625,0.3131279199396751
0.395,0.27,0.3137090619873763
0.395,0.27749999999999997,0.3142957663636136
0.395,0.285,0.31488773789112146
0.395,0.2925,0.31548469953364744
0.395,0.3,0.31608639124768445
0.395,0.3075,0.3166925688941916
0.395,0.315,0.31730300321060745
0.395,0.3225,0.31791747884253935
0.395,0.32999999999999996,0.31853579343381916
0.395,0.33749999999999997,0.31915775677310165
0.395,0.345,0.3197831899948239
0.395,0.3525,0.3204119248320998
0.395,0.36,0.3210438029189744
0.395,0.3675,0.3216786751393915
0.395,0.375,0.3223164010202092
0.395,0.3825,0.32295684816562464
0.395,0.39,0.3235998917304313
0.395,0.39749999999999996,0.3242454139296114
0.395,0.40499999999999997,0.3248933035818693
0.395,0.4125,0.3255434556848197
0.395,0.42,0.32619577101966296
0.395,0.4275,0.32685015578329996
0.395,0.435,0.3275065212459584
0.395,0.4425,0.3281647834325234
0.395,0.44999999999999996,0.32882486282587986
0.395,0.45749999999999996,0.3294866840906874
0.395,0.46499999999999997,0.33015017581611533
0.395,0.4725,0.3308152702761681
0.395,0.48,0.3314819032063274
0.395,0.4875,0.3321500135953305
0.395,0.495,0.33281954349098647
0.395,0.5025,0.3334904378190169
0.395,0.51,0.33416264421397796
0.395,0.5175,0.33483611286139414
0.395,0.525,0.3355107963502959
0.395,0.5325,0.3361866495354163
0.395,0.54,0.3368636294083564
0.395,0.5475,0.33754169497707953
0.395,0.5549999999999999,0.33822080715314623
0.395,0.5625,0.3389009286461414
0.395,0.57,0.33958202386478986
0.395,0.5775,0.3402640588242924
0.395,0.585,0.340947001059449
0.395,0.5925,0.3416308195431707
0.395,0.6,0.3423154846100074
0.4,0.0,0.30092963783264653
0.4,0.0075,0.30094313967776004
0.4,0.015,0.30098358843176026
0.4,0.0225,0.30105081493792946
0.4,0.03,0.30114454116863354
0.4,0.0375,0.3012643858795431
0.4,0.045,0.301409872150454
0.4,0.0525,0.30158043647534893
0.4,0.06,0.3017754390163779
0.4,0.0675,0.3019941746162987
0.4,0.075,0.3022358841702329
0.4,0.08249999999999999,0.30249976598658634
0.4,0.09,0.3027849868132638
0.4,0.0975,0.3030906922627801
0.4,0.105,0.3034160164325289
0.4,0.11249999999999999,0.30376009057904885
0.4,0.12,0.3041220507634613
0.4,0.1275,0.30450104443647324
0.4,0.135,0.3048962359737988
0.4,0.1425,0.30530681120598757
0.4,0.15,0.3057319810107212
0.4,0.1575,0.306170984051496
0.4,0.16499999999999998,0.30662308875543
0.4,0.1725,0.307087594626033
0.4,0.18,0.3075638329854861
0.4,0.1875,0.3080511672364928
0.4,0.195,0.30854899272715036
0.4,0.20249999999999999,0.30905673629440406
0.4,0.21,0.3095738555531809
0.4,0.2175,0.3100998379897553
0.4,0.22499999999999998,0.31063419990964986
0.4,0.23249999999999998,0.31117648528264985
0.4,0.24,0.311726264520468
0.4,0.2475,0.3122831332162908
0.4,0.255,0.3128467108699031
0.4,0.2625,0.3134166396172837
0.4,0.27,0.3139925829794668
0.4,0.27749999999999997,0.3145742246419947
0.4,0.285,0.31516126727339355
0.4,0.2925,0.31575343138871037
0.4,0.3,0.31635045426219355
0.4,0.3075,0.31695208889162046
0.4,0.315,0.31755810301551124
0.4,0.3225,0.3181682781834767
0.4,0.32999999999999996,0.3187824088791755
0.4,0.33749999999999997,0.3194003016947729
0.4,0.345,0.3200217745553559
0.4,0.3525,0.32064665599145237
0.4,0.36,0.3212747844575868
0.4,0.3675,0.32190600769467403
0.4,0.375,0.3225401821339824
0.4,0.3825,0.32317717234037585
0.4,0.39,0.32381685049256076
0.4,0.39749999999999996,0.3244590958981079
0.4,0.40499999999999997,0.3251037945410855
0.4,0.4125,0.32575083866021914
0.4,0.42,0.3264001263555846
0.4,0.4275,0.3270515612219377
0.4,0.435,0.32770505200688255
0.4,0.4425,0.32836051229218444
0.4,0.44999999999999996,0.32901786019663065
0.4,0.45749999999999996,0.3296770180989432
0.4,0.46499999999999997,0.33033791237934235
0.4,0.4725,0.33100047317845177
0.4,0.48,0.3316646341723242
0.4,0.4875,0.33233033236244913
0.4,0.495,0.3329975078796852
0.4,0.5025,0.33366610380113165
0.4,0.51,0.33433606597902543
0.4,0.5175,0.33500734288081446
0.4,0.525,0.3356798854396201
0.4,0.5325,0.33635364691435743
0.4,0.54,0.33702858275883707
0.4,0.5475,0.3377046504992195
0.4,0.5549999999999999,0.3383818096192407
0.4,0.5625,0.33906002145266945
0.4,0.57,0.3397392490824961
0.4,0.5775,0.34041945724639006
0.4,0.585,0.3411006122479962
0.4,0.5925,0.3417826818736722
0.4,0.6,0.34246563531429774
