Missingness,Shift,upper
0.0,0.0,0.30693878637236915
0.0,0.0075,0.3098201922792139
0.0,0.015,0.3127015981860587
0.0,0.0225,0.3155830040929035
0.0,0.03,0.3184644099997483
0.0,0.0375,0.32134581590659306
0.0,0.045,0.3242272218134378
0.0,0.0525,0.32710862772028265
0.0,0.06,0.32968484398515946
0.0,0.0675,0.33123321440583425
0.0,0.075,0.3315605565400418
0.0,0.08249999999999999,0.328679150633197
0.0,0.09,0.32579774472635226
0.0,0.0975,0.32291633881950743
0.0,0.105,0.32003493291266266
0.0,0.11249999999999999,0.3171535270058179
0.0,0.12,0.3142721210989731
0.0,0.1275,0.31139071519212835
0.0,0.135,0.30850930928528353
0.0,0.1425,0.30562790337843876
0.0,0.15,0.302746497471594
0.0,0.1575,0.30562790337843876
0.0,0.16499999999999998,0.30850930928528353
0.0,0.1725,0.31139071519212835
0.0,0.18,0.3142721210989731
0.0,0.1875,0.3171535270058179
0.0,0.195,0.32003493291266266
0.0,0.20249999999999999,0.32291633881950743
0.0,0.21,0.32579774472635226
0.0,0.2175,0.328679150633197
0.0,0.22499999999999998,0.3315605565400418
0.0,0.23249999999999998,0.33444196244688656
0.0,0.24,0.3373233683537314
0.0,0.2475,0.33861608953765665
0.0,0.255,0.3357346836308119
0.0,0.2625,0.3328532777239671
0.0,0.27,0.32997187181712234
0.0,0.27749999999999997,0.3270904659102776
0.0,0.285,0.3242090600034328
0.0,0.2925,0.321327654096588
0.0,0.3,0.3184462481897432
0.0,0.3075,0.321327654096588
0.0,0.315,0.3242090600034328
0.0,0.3225,0.3270904659102776
0.0,0.32999999999999996,0.32997187181712234
0.0,0.33749999999999997,0.3328532777239671
0.0,0.345,0.3357346836308119
0.0,0.3525,0.33861608953765665
0.0,0.36,0.3414974954445015
0.0,0.3675,0.34437890135134624
0.0,0.375,0.347260307258191
0.0,0.3825,0.3454235111789573
0.0,0.39,0.3425421052721125
0.0,0.39749999999999996,0.33966069936526777
0.0,0.40499999999999997,0.33677929345842295
0.0,0.4125,0.3338978875515782
0.0,0.42,0.3310164816447334
0.0,0.4275,0.3281350757378886
0.0,0.435,0.3252536698310438
0.0,0.4425,0.32237226392419904
0.0,0.44999999999999996,0.3194908580173543
0.0,0.45749999999999996,0.32237226392419904
0.0,0.46499999999999997,0.32525366983104387
0.0,0.4725,0.32813507573788864
0.0,0.48,0.3310164816447334
0.0,0.4875,0.3338978875515782
0.0,0.495,0.336779293458423
0.0,0.5025,0.33966069936526777
0.0,0.51,0.34254210527211254
0.0,0.5175,0.3454235111789573
0.0,0.525,0.34830491708580213
0.0,0.5325,0.3511863229926469
0.0,0.54,0.35089004600069806
0.0,0.5475,0.34800864009385335
0.0,0.5549999999999999,0.3451272341870086
0.0,0.5625,0.34224582828016376
0.0,0.57,0.339364422373319
0.0,0.5775,0.33648301646647416
0.0,0.585,0.33360161055962945
0.0,0.5925,0.3307202046527846
0.0,0.6,0.32783879874593985
0.005,0.0,0.308859723643599
0.005,0.0075,0.3104018052865537
0.005,0.015,0.31301332339176413
0.005,0.0225,0.3157938696582564
0.005,0.03,0.31862339162885944
0.005,0.0375,0.32147331422847786
0.005,0.045,0.3243336131895582
0.005,0.0525,0.3265815424822327
0.005,0.06,0.3280489689543504
0.005,0.0675,0.3296539485180079
0.005,0.075,0.3313822404307982
0.005,0.08249999999999999,0.32875019913116543
0.005,0.09,0.3258776453030355
0.005,0.0975,0.3230076055360607
0.005,0.105,0.32014132428878306
0.005,0.11249999999999999,0.3172810253277027
0.005,0.12,0.3144311027280843
0.005,0.1275,0.31160158075748123
0.005,0.135,0.30882103449098897
0.005,0.1425,0.30620951638577854
0.005,0.15,0.3046674347428238
0.005,0.1575,0.30620951638577854
0.005,0.16499999999999998,0.30882103449098897
0.005,0.1725,0.31160158075748123
0.005,0.18,0.3144311027280843
0.005,0.1875,0.3172810253277027
0.005,0.195,0.32014132428878306
0.005,0.20249999999999999,0.3230076055360607
0.005,0.21,0.3258776453030355
0.005,0.2175,0.32875019913116543
0.005,0.22499999999999998,0.3316245167942553
0.005,0.23249999999999998,0.33450011931225965
0.005,0.24,0.33737668661343956
0.005,0.2475,0.33870735625420995
0.005,0.255,0.3358410750069323
0.005,0.2625,0.3329807760458519
0.005,0.27,0.33013085344623344
0.005,0.27749999999999997,0.3273013314756305
0.005,0.285,0.3245207852091382
0.005,0.2925,0.32190926710392775
0.005,0.3,0.32036718546097304
0.005,0.3075,0.32190926710392775
0.005,0.315,0.3245207852091382
0.005,0.3225,0.3273013314756305
0.005,0.32999999999999996,0.33013085344623344
0.005,0.33749999999999997,0.3329807760458519
0.005,0.345,0.3358410750069323
0.005,0.3525,0.33870735625420995
0.005,0.36,0.3415773960211847
0.005,0.3675,0.34444994984931465
0.005,0.375,0.3473242675124045
0.005,0.3825,0.3454945596769257
0.005,0.39,0.34262200584879576
0.005,0.39749999999999996,0.339751966081821
0.005,0.40499999999999997,0.33688568483454334
0.005,0.4125,0.334025385873463
0.005,0.42,0.3311754632738445
0.005,0.4275,0.3283459413032415
0.005,0.435,0.32556539503674925
0.005,0.4425,0.3229538769315388
0.005,0.44999999999999996,0.3214117952885841
0.005,0.45749999999999996,0.3229538769315388
0.005,0.46499999999999997,0.32556539503674925
0.005,0.4725,0.3283459413032416
0.005,0.48,0.33117546327384456
0.005,0.4875,0.334025385873463
0.005,0.495,0.33688568483454334
0.005,0.5025,0.339751966081821
0.005,0.51,0.34262200584879576
0.005,0.5175,0.34549455967692577
0.005,0.525,0.3483688773400156
0.005,0.5325,0.35124447985801993
0.005,0.54,0.35096994657738134
0.005,0.5475,0.3480999068104066
0.005,0.5549999999999999,0.3452336255631289
0.005,0.5625,0.34237332660204856
0.005,0.57,0.33952340400243014
0.005,0.5775,0.3366938820318271
0.005,0.585,0.33391333576533483
0.005,0.5925,0.3313018176601244
0.005,0.6,0.3297597360171697
0.01,0.0,0.31078066091482887
0.01,0.0075,0.3117411295504438
0.01,0.015,0.31386482420073825
0.01,0.0225,0.3163983053876257
0.01,0.03,0.3190878604111591
0.01,0.0375,0.3218492692619338
0.01,0.045,0.32353938956977885
0.01,0.0525,0.32491104287064365
0.01,0.06,0.3264374996691474
0.01,0.0675,0.3281023613016044
0.01,0.075,0.3298902717991127
0.01,0.08249999999999999,0.32896218933734495
0.01,0.09,0.3261157079845745
0.01,0.0975,0.3232789717501606
0.01,0.105,0.32045666404336853
0.01,0.11249999999999999,0.31765698036115864
0.01,0.12,0.31489557151038394
0.01,0.1275,0.31220601648685053
0.01,0.135,0.3096725352999631
0.01,0.1425,0.30754884064966864
0.01,0.15,0.3065883720140537
0.01,0.1575,0.30754884064966864
0.01,0.16499999999999998,0.3096725352999631
0.01,0.1725,0.31220601648685053
0.01,0.18,0.31489557151038394
0.01,0.1875,0.31765698036115864
0.01,0.195,0.32045666404336853
0.01,0.20249999999999999,0.3232789717501606
0.01,0.21,0.3261157079845745
0.01,0.2175,0.32896218933734495
0.01,0.22499999999999998,0.3318155531838114
0.01,0.23249999999999998,0.3346739543073647
0.01,0.24,0.3375361511059721
0.01,0.2475,0.33897872246830985
0.01,0.255,0.33615641476151775
0.01,0.2625,0.33335673107930786
0.01,0.27,0.33059532222853316
0.01,0.27749999999999997,0.32790576720499975
0.01,0.285,0.32537228601811236
0.01,0.2925,0.32324859136781786
0.01,0.3,0.3222881227322029
0.01,0.3075,0.32324859136781786
0.01,0.315,0.32537228601811236
0.01,0.3225,0.32790576720499975
0.01,0.32999999999999996,0.33059532222853316
0.01,0.33749999999999997,0.33335673107930786
0.01,0.345,0.33615641476151775
0.01,0.3525,0.33897872246830985
0.01,0.36,0.34181545870272373
0.01,0.3675,0.34466194005549416
0.01,0.375,0.3475153039019606
0.01,0.3825,0.3457065498831052
0.01,0.39,0.3428600685303348
0.01,0.39749999999999996,0.3400233322959209
0.01,0.40499999999999997,0.3372010245891288
0.01,0.4125,0.3344013409069189
0.01,0.42,0.3316399320561442
0.01,0.4275,0.3289503770326108
0.01,0.435,0.32641689584572336
0.01,0.4425,0.3242932011954289
0.01,0.44999999999999996,0.323332732559814
0.01,0.45749999999999996,0.3242932011954289
0.01,0.46499999999999997,0.3264168958457234
0.01,0.4725,0.3289503770326108
0.01,0.48,0.3316399320561442
0.01,0.4875,0.3344013409069189
0.01,0.495,0.3372010245891288
0.01,0.5025,0.3400233322959209
0.01,0.51,0.34286006853033485
0.01,0.5175,0.34570654988310523
0.01,0.525,0.34855991372957174
0.01,0.5325,0.35141831485312497
0.01,0.54,0.3512080092589204
0.01,0.5475,0.3483712730245065
0.01,0.5549999999999999,0.3455489653177144
0.01,0.5625,0.3427492816355045
0.01,0.57,0.3399878727847298
0.01,0.5775,0.3372983177611964
0.01,0.585,0.334764836574309
0.01,0.5925,0.3326411419240145
0.01,0.6,0.33168067328839956
0.015,0.0,0.3127015981860587
0.015,0.0075,0.3133818058508435
0.015,0.015,0.3150886329966928
0.015,0.0225,0.31732784311492285
0.015,0.03,0.3195114618407783
0.015,0.0375,0.32057402406388075
0.015,0.045,0.3218312388694179
0.015,0.0525,0.3232639836506099
0.015,0.06,0.32485338797946295
0.015,0.0675,0.3265815424822327
0.015,0.075,0.328431932854664
0.015,0.08249999999999999,0.3293117473292558
0.015,0.09,0.32650717927999334
0.015,0.0975,0.323723449109046
0.015,0.105,0.3209701085297789
0.015,0.11249999999999999,0.31826334315620397
0.015,0.12,0.3156325364285427
0.015,0.1275,0.3131355542141477
0.015,0.135,0.31089634409591765
0.015,0.1425,0.30918951695006835
0.015,0.15,0.30850930928528353
0.015,0.1575,0.30918951695006835
0.015,0.16499999999999998,0.31089634409591765
0.015,0.1725,0.3131355542141477
0.015,0.18,0.3156325364285427
0.015,0.1875,0.31826334315620397
0.015,0.195,0.3209701085297789
0.015,0.20249999999999999,0.323723449109046
0.015,0.21,0.32650717927999334
0.015,0.2175,0.3293117473292558
0.015,0.22499999999999998,0.3321311873627601
0.015,0.23249999999999998,0.33496159486396576
0.015,0.24,0.3378003132410648
0.015,0.2475,0.3394231998271952
0.015,0.255,0.33666985924792814
0.015,0.2625,0.3339630938743532
0.015,0.27,0.33133228714669194
0.015,0.27749999999999997,0.3288353049322969
0.015,0.285,0.3265960948140669
0.015,0.2925,0.3248892676682176
0.015,0.3,0.32420906000343275
0.015,0.3075,0.3248892676682176
0.015,0.315,0.3265960948140669
0.015,0.3225,0.3288353049322969
0.015,0.32999999999999996,0.33133228714669194
0.015,0.33749999999999997,0.3339630938743532
0.015,0.345,0.33666985924792814
0.015,0.3525,0.3394231998271952
0.015,0.36,0.34220692999814256
0.015,0.3675,0.345011498047405
0.015,0.375,0.3478309380809093
0.015,0.3825,0.34605610787501606
0.015,0.39,0.3432515398257536
0.015,0.39749999999999996,0.3404678096548063
0.015,0.40499999999999997,0.3377144690755392
0.015,0.4125,0.33500770370196425
0.015,0.42,0.332376896974303
0.015,0.4275,0.32987991475990797
0.015,0.435,0.32764070464167794
0.015,0.4425,0.32593387749582864
0.015,0.44999999999999996,0.3252536698310438
0.015,0.45749999999999996,0.32593387749582864
0.015,0.46499999999999997,0.32764070464167794
0.015,0.4725,0.32987991475990797
0.015,0.48,0.332376896974303
0.015,0.4875,0.3350077037019643
0.015,0.495,0.3377144690755392
0.015,0.5025,0.3404678096548063
0.015,0.51,0.3432515398257536
0.015,0.5175,0.34605610787501606
0.015,0.525,0.34887554790852043
0.015,0.5325,0.35170595540972605
0.015,0.54,0.3515994805543392
0.015,0.5475,0.34881575038339185
0.015,0.5549999999999999,0.3460624098041248
0.015,0.5625,0.34335564443054983
0.015,0.57,0.3407248377028886
0.015,0.5775,0.33822785548849355
0.015,0.585,0.3359886453702635
0.015,0.5925,0.3342818182244142
0.015,0.6,0.3336016105596294
0.02,0.0,0.3146225354572886
0.02,0.0075,0.31514503399232313
0.02,0.015,0.31615186591364486
0.02,0.0225,0.3168087295347034
0.02,0.03,0.31770626317874856
0.02,0.0375,0.3188253811715381
0.02,0.045,0.32014499343285413
0.02,0.0525,0.32164351555760495
0.02,0.06,0.3233000181235298
0.02,0.0675,0.32509498304751905
0.02,0.075,0.32701071608476445
0.02,0.08249999999999999,0.32903149919891794
0.02,0.09,0.3270446455491739
0.02,0.0975,0.3243303455993028
0.02,0.105,0.3216655355021071
0.02,0.11249999999999999,0.3190744642770478
0.02,0.12,0.31659857312833223
0.02,0.1275,0.3143120713873147
0.02,0.135,0.31235118382774324
0.02,0.1425,0.31095274509154797
0.02,0.15,0.3104302465565134
0.02,0.1575,0.31095274509154797
0.02,0.16499999999999998,0.31235118382774324
0.02,0.1725,0.3143120713873147
0.02,0.18,0.31659857312833223
0.02,0.1875,0.3190744642770478
0.02,0.195,0.3216655355021071
0.02,0.20249999999999999,0.3243303455993028
0.02,0.21,0.3270446455491739
0.02,0.2175,0.3297935398237626
0.02,0.22499999999999998,0.3325674632507233
0.02,0.23249999999999998,0.33536002993896097
0.02,0.24,0.3381668306151431
0.02,0.2475,0.340030096317452
0.02,0.255,0.3373652862202563
0.02,0.2625,0.334774214995197
0.02,0.27,0.33229832384648145
0.02,0.27749999999999997,0.330011822105464
0.02,0.285,0.32805093454589246
0.02,0.2925,0.3266524958096972
0.02,0.3,0.32612999727466263
0.02,0.3075,0.3266524958096972
0.02,0.315,0.32805093454589246
0.02,0.3225,0.330011822105464
0.02,0.32999999999999996,0.33229832384648145
0.02,0.33749999999999997,0.334774214995197
0.02,0.345,0.3373652862202563
0.02,0.3525,0.340030096317452
0.02,0.36,0.3427443962673231
0.02,0.3675,0.3454932905419118
0.02,0.375,0.3482672139688725
0.02,0.3825,0.3465379003695228
0.02,0.39,0.3437890060949342
0.02,0.39749999999999996,0.3410747061450631
0.02,0.40499999999999997,0.33840989604786736
0.02,0.4125,0.335818824822808
0.02,0.42,0.3333429336740925
0.02,0.4275,0.331056431933075
0.02,0.435,0.3290955443735035
0.02,0.4425,0.32769710563730825
0.02,0.44999999999999996,0.3271746071022737
0.02,0.45749999999999996,0.32769710563730825
0.02,0.46499999999999997,0.3290955443735035
0.02,0.4725,0.33105643193307505
0.02,0.48,0.3333429336740925
0.02,0.4875,0.33581882482280806
0.02,0.495,0.33840989604786736
0.02,0.5025,0.3410747061450631
0.02,0.51,0.3437890060949342
0.02,0.5175,0.3465379003695228
0.02,0.525,0.34931182379648357
0.02,0.5325,0.35210439048472125
0.02,0.54,0.35213694682351976
0.02,0.5475,0.34942264687364866
0.02,0.5549999999999999,0.34675783677645294
0.02,0.5625,0.3441667655513936
0.02,0.57,0.3416908744026781
0.02,0.5775,0.33940437266166057
0.02,0.585,0.3374434851020891
0.02,0.5925,0.33604504636589383
0.02,0.6,0.3355225478308593
0.025,0.0,0.3136953317673805
0.025,0.0075,0.3138390436766858
0.025,0.015,0.3142659625900988
0.025,0.0225,0.3149640335429776
0.025,0.03,0.3159149640681527
0.025,0.0375,0.31709637009130454
0.025,0.045,0.31848395116360273
0.025,0.0525,0.3200533141523372
0.025,0.06,0.3217812726989327
0.025,0.0675,0.3236466244966399
0.025,0.075,0.3256305058205511
0.025,0.08249999999999999,0.32771645099901686
0.025,0.09,0.3277186819975821
0.025,0.0975,0.3250864280892123
0.025,0.105,0.3225237571402134
0.025,0.11249999999999999,0.3200615920425168
0.025,0.12,0.31774949717165396
0.025,0.1275,0.31566828140416303
0.025,0.135,0.31394739029315066
0.025,0.1425,0.31277408441960897
0.025,0.15,0.31235118382774324
0.025,0.1575,0.31277408441960897
0.025,0.16499999999999998,0.31394739029315066
0.025,0.1725,0.31566828140416303
0.025,0.18,0.31774949717165396
0.025,0.1875,0.3200615920425168
0.025,0.195,0.3225237571402134
0.025,0.20249999999999999,0.3250864280892123
0.025,0.21,0.3277186819975821
0.025,0.2175,0.33040065629083853
0.025,0.22499999999999998,0.3331191825685689
0.025,0.23249999999999998,0.3358652610354712
0.025,0.24,0.3386325671923087
0.025,0.2475,0.3407861788073615
0.025,0.255,0.33822350785836264
0.025,0.2625,0.335761342760666
0.025,0.27,0.3334492478898032
0.025,0.27749999999999997,0.3313680321223123
0.025,0.285,0.3296471410112999
0.025,0.2925,0.3284738351377582
0.025,0.3,0.32805093454589246
0.025,0.3075,0.3284738351377582
0.025,0.315,0.3296471410112999
0.025,0.3225,0.3313680321223123
0.025,0.32999999999999996,0.3334492478898032
0.025,0.33749999999999997,0.335761342760666
0.025,0.345,0.33822350785836264
0.025,0.3525,0.3407861788073615
0.025,0.36,0.3434184327157313
0.025,0.3675,0.34610040700898775
0.025,0.375,0.3488189332867181
0.025,0.3825,0.34714501683659876
0.025,0.39,0.34446304254334237
0.025,0.39749999999999996,0.34183078863497257
0.025,0.40499999999999997,0.3392681176859737
0.025,0.4125,0.33680595258827706
0.025,0.42,0.33449385771741424
0.025,0.4275,0.3324126419499233
0.025,0.435,0.33069175083891095
0.025,0.4425,0.32951844496536925
0.025,0.44999999999999996,0.3290955443735035
0.025,0.45749999999999996,0.32951844496536925
0.025,0.46499999999999997,0.33069175083891095
0.025,0.4725,0.33241264194992337
0.025,0.48,0.33449385771741424
0.025,0.4875,0.33680595258827706
0.025,0.495,0.3392681176859737
0.025,0.5025,0.34183078863497257
0.025,0.51,0.3444630425433424
0.025,0.5175,0.3471450168365988
0.025,0.525,0.3498635431143292
0.025,0.5325,0.3526096215812315
0.025,0.54,0.35281098327192795
0.025,0.5475,0.35017872936355815
0.025,0.5549999999999999,0.3476160584145593
0.025,0.5625,0.34515389331686264
0.025,0.57,0.3428417984459998
0.025,0.5775,0.3407605826785089
0.025,0.585,0.3390396915674965
0.025,0.5925,0.33786638569395483
0.025,0.6,0.3374434851020891
0.03,0.0,0.3117743944961507
0.03,0.0075,0.3119283150511013
0.03,0.015,0.3123849088221801
0.03,0.0225,0.3131295027319808
0.03,0.03,0.3141401175155006
0.03,0.0375,0.3153903287315274
0.03,0.045,0.3168520405971237
0.03,0.0525,0.31849767494545517
0.03,0.06,0.3203016058424818
0.03,0.0675,0.32224091000980604
0.03,0.075,0.32429561019177916
0.03,0.08249999999999999,0.32644859760684564
0.03,0.09,0.32851857538549145
0.03,0.0975,0.3259771345700465
0.03,0.105,0.3235246109567013
0.03,0.11249999999999999,0.321196497471594
0.03,0.12,0.3190461907202413
0.03,0.1275,0.3171535270058179
0.03,0.135,0.3156325364285427
0.03,0.1425,0.3146268383757937
0.03,0.15,0.3142721210989731
0.03,0.1575,0.3146268383757937
0.03,0.16499999999999998,0.3156325364285427
0.03,0.1725,0.3171535270058179
0.03,0.18,0.3190461907202413
0.03,0.1875,0.321196497471594
0.03,0.195,0.3235246109567014
0.03,0.20249999999999999,0.3259771345700465
0.03,0.21,0.32851857538549145
0.03,0.2175,0.3311250545173636
0.03,0.22499999999999998,0.333780188840814
0.03,0.23249999999999998,0.3364724889321871
0.03,0.24,0.33919371958796385
0.03,0.2475,0.34167688528819573
0.03,0.255,0.33922436167485054
0.03,0.2625,0.3368962481897432
0.03,0.27,0.33474594143839054
0.03,0.27749999999999997,0.3328532777239671
0.03,0.285,0.33133228714669194
0.03,0.2925,0.3303265890939429
0.03,0.3,0.32997187181712234
0.03,0.3075,0.3303265890939429
0.03,0.315,0.33133228714669194
0.03,0.3225,0.3328532777239671
0.03,0.32999999999999996,0.33474594143839054
0.03,0.33749999999999997,0.3368962481897432
0.03,0.345,0.33922436167485054
0.03,0.3525,0.34167688528819573
0.03,0.36,0.34421832610364067
0.03,0.3675,0.34682480523551285
0.03,0.375,0.3494799395589632
0.03,0.3825,0.34786941506312385
0.03,0.39,0.3452629359312517
0.03,0.39749999999999996,0.34272149511580685
0.03,0.40499999999999997,0.3402689715024616
0.03,0.4125,0.3379408580173543
0.03,0.42,0.3357905512660016
0.03,0.4275,0.3338978875515782
0.03,0.435,0.332376896974303
0.03,0.4425,0.3313711989215539
0.03,0.44999999999999996,0.3310164816447334
0.03,0.45749999999999996,0.331371198921554
0.03,0.46499999999999997,0.332376896974303
0.03,0.4725,0.3338978875515782
0.03,0.48,0.33579055126600166
0.03,0.4875,0.3379408580173543
0.03,0.495,0.34026897150246166
0.03,0.5025,0.34272149511580685
0.03,0.51,0.34526293593125174
0.03,0.5175,0.3478694150631239
0.03,0.525,0.3505245493865743
0.03,0.5325,0.3532168494779474
0.03,0.54,0.35361087665983726
0.03,0.5475,0.35106943584439243
0.03,0.5549999999999999,0.34861691223104724
0.03,0.5625,0.3462887987459399
0.03,0.57,0.34413849199458724
0.03,0.5775,0.34224582828016376
0.03,0.585,0.3407248377028886
0.03,0.5925,0.3397191396501395
0.03,0.6,0.339364422373319
0.035,0.0,0.3098534572249208
0.035,0.0075,0.31001914253708723
0.035,0.015,0.31050977245994094
0.035,0.0225,0.31130725423226463
0.035,0.03,0.3123849088221801
0.035,0.0375,0.3137113351338287
0.035,0.045,0.3152539577959076
0.035,0.0525,0.3169816231643092
0.035,0.06,0.3188661222645848
0.035,0.0675,0.32088283516502575
0.035,0.075,0.32301078882489476
0.035,0.08249999999999999,0.32523238792515663
0.035,0.09,0.3275330018549705
0.035,0.0975,0.3269876298708859
0.035,0.105,0.32464855216972677
0.035,0.11249999999999999,0.3224536662180172
0.035,0.12,0.32045666404336853
0.035,0.1275,0.3187318814206895
0.035,0.135,0.3173759198798779
0.035,0.1425,0.3164983155332177
0.035,0.15,0.31619305837020295
0.035,0.1575,0.3164983155332177
0.035,0.16499999999999998,0.3173759198798779
0.035,0.1725,0.3187318814206895
0.035,0.18,0.32045666404336853
0.035,0.1875,0.3224536662180172
0.035,0.195,0.32464855216972677
0.035,0.20249999999999999,0.3269876298708859
0.035,0.21,0.3294330109194013
0.035,0.2175,0.33195801061281965
0.035,0.22499999999999998,0.33454366715696066
0.035,0.23249999999999998,0.33717631739560755
0.035,0.24,0.3398459583841194
0.035,0.2475,0.3425451469461679
0.035,0.255,0.340348302887876
0.035,0.2625,0.3381534169361664
0.035,0.27,0.33615641476151775
0.035,0.27749999999999997,0.3344316321388387
0.035,0.285,0.3330756705980271
0.035,0.2925,0.33219806625136694
0.035,0.3,0.33189280908835217
0.035,0.3075,0.33219806625136694
0.035,0.315,0.3330756705980271
0.035,0.3225,0.3344316321388387
0.035,0.32999999999999996,0.33615641476151775
0.035,0.33749999999999997,0.3381534169361664
0.035,0.345,0.340348302887876
0.035,0.3525,0.34268738058903514
0.035,0.36,0.3451327616375505
0.035,0.3675,0.3476577613309689
0.035,0.375,0.3502434178751099
0.035,0.3825,0.34870237115857994
0.035,0.39,0.3461773714651616
0.035,0.39749999999999996,0.3437319904166462
0.035,0.40499999999999997,0.34139291271548705
0.035,0.4125,0.33919802676377747
0.035,0.42,0.3372010245891288
0.035,0.4275,0.33547624196644976
0.035,0.435,0.3341202804256382
0.035,0.4425,0.33324267607897795
0.035,0.44999999999999996,0.33293741891596323
0.035,0.45749999999999996,0.333242676078978
0.035,0.46499999999999997,0.3341202804256382
0.035,0.4725,0.33547624196644976
0.035,0.48,0.3372010245891288
0.035,0.4875,0.3391980267637775
0.035,0.495,0.34139291271548705
0.035,0.5025,0.3437319904166462
0.035,0.51,0.3461773714651616
0.035,0.5175,0.34870237115857994
0.035,0.525,0.35128802770272094
0.035,0.5325,0.35392067794136783
0.035,0.54,0.35452531219374717
0.035,0.5475,0.3520799311452318
0.035,0.5549999999999999,0.34974085344407263
0.035,0.5625,0.34754596749236305
0.035,0.57,0.3455489653177144
0.035,0.5775,0.34382418269503534
0.035,0.585,0.34246822115422376
0.035,0.5925,0.34159061680756353
0.035,0.6,0.3412853596445488
0.04,0.0,0.307932519953691
0.04,0.0075,0.3081119097973853
0.04,0.015,0.30864195450733206
0.04,0.0225,0.3095000155587946
0.04,0.03,0.31065335061283017
0.04,0.0375,0.31206440165790283
0.04,0.045,0.3136953317673805
0.04,0.0525,0.31551103763436766
0.04,0.06,0.3174806591962274
0.04,0.0675,0.3195779944460949
0.04,0.075,0.3217812726989327
0.04,0.08249999999999999,0.3240726301645781
0.04,0.09,0.3264374996691474
0.04,0.0975,0.3281035970691426
0.04,0.105,0.3258776453030355
0.04,0.11249999999999999,0.32381121916450983
0.04,0.12,0.32195587018389255
0.04,0.1275,0.32037835783855473
0.04,0.135,0.3191589927115019
0.04,0.1425,0.31838179407895006
0.04,0.15,0.31811399564143283
0.04,0.1575,0.31838179407895006
0.04,0.16499999999999998,0.3191589927115019
0.04,0.1725,0.32037835783855473
0.04,0.18,0.32195587018389255
0.04,0.1875,0.32381121916450983
0.04,0.195,0.3258776453030355
0.04,0.20249999999999999,0.3281035970691426
0.04,0.21,0.33045064878507047
0.04,0.2175,0.33289052673113395
0.04,0.22499999999999998,0.3354024310825015
0.04,0.23249999999999998,0.3379709563034909
0.04,0.24,0.3405845735326201
0.04,0.2475,0.3432345512652749
0.04,0.255,0.3415773960211847
0.04,0.2625,0.33951096988265905
0.04,0.27,0.33765562090204176
0.04,0.27749999999999997,0.33607810855670395
0.04,0.285,0.3348587434296511
0.04,0.2925,0.3340815447970993
0.04,0.3,0.33381374635958205
0.04,0.3075,0.3340815447970993
0.04,0.315,0.3348587434296511
0.04,0.3225,0.33607810855670395
0.04,0.32999999999999996,0.33765562090204176
0.04,0.33749999999999997,0.33951096988265905
0.04,0.345,0.3415773960211847
0.04,0.3525,0.3438033477872918
0.04,0.36,0.3461503995032197
0.04,0.3675,0.34859027744928317
0.04,0.375,0.3511021818006507
0.04,0.3825,0.3496348872768942
0.04,0.39,0.34719500933083075
0.04,0.39749999999999996,0.3448479576149029
0.04,0.40499999999999997,0.34262200584879576
0.04,0.4125,0.3405555797102701
0.04,0.42,0.33870023072965283
0.04,0.4275,0.33712271838431496
0.04,0.435,0.33590335325726217
0.04,0.4425,0.33512615462471035
0.04,0.44999999999999996,0.3348583561871931
0.04,0.45749999999999996,0.33512615462471035
0.04,0.46499999999999997,0.33590335325726217
0.04,0.4725,0.337122718384315
0.04,0.48,0.33870023072965283
0.04,0.4875,0.3405555797102702
0.04,0.495,0.34262200584879576
0.04,0.5025,0.3448479576149029
0.04,0.51,0.34719500933083075
0.04,0.5175,0.34963488727689424
0.04,0.525,0.35214679162826185
0.04,0.5325,0.35471531684925117
0.04,0.54,0.35554295005941633
0.04,0.5475,0.35319589834348847
0.04,0.5549999999999999,0.35096994657738134
0.04,0.5625,0.3489035204388557
0.04,0.57,0.3470481714582384
0.04,0.5775,0.34547065911290054
0.04,0.585,0.34425129398584775
0.04,0.5925,0.3434740953532959
0.04,0.6,0.3432062969157787
0.045,0.0,0.3060115826824611
0.045,0.0075,0.3062071372769516
0.045,0.015,0.3067833273970655
0.045,0.0225,0.30771135154242335
0.045,0.03,0.30895054771917374
0.045,0.0375,0.31045572283964934
0.045,0.045,0.312182921000821
0.045,0.0525,0.3140927858401584
0.045,0.06,0.31615186591364486
0.045,0.0675,0.31833261796336115
0.045,0.075,0.3206127714080549
0.045,0.08249999999999999,0.3229744807549629
0.045,0.09,0.32540348882786624
0.045,0.0975,0.32788839420223725
0.045,0.105,0.32719603734456504
0.045,0.11249999999999999,0.325250997021684
0.045,0.12,0.3235246109567013
0.045,0.1275,0.3220755559070171
0.045,0.135,0.3209701085297789
0.045,0.1425,0.3202734053563294
0.045,0.15,0.32003493291266266
0.045,0.1575,0.3202734053563294
0.045,0.16499999999999998,0.3209701085297789
0.045,0.1725,0.3220755559070171
0.045,0.18,0.3235246109567013
0.045,0.1875,0.325250997021684
0.045,0.195,0.32719603734456504
0.045,0.20249999999999999,0.3293117473292558
0.045,0.21,0.3315605565400418
0.045,0.2175,0.333913667699255
0.045,0.22499999999999998,0.336349175936264
0.045,0.23249999999999998,0.3388504100019556
0.045,0.24,0.3414046143424401
0.045,0.2475,0.34400195165646513
0.045,0.255,0.34289578806271426
0.045,0.2625,0.3409507477398332
0.045,0.27,0.33922436167485054
0.045,0.27749999999999997,0.3377753066251663
0.045,0.285,0.33666985924792814
0.045,0.2925,0.33597315607447864
0.045,0.3,0.3357346836308119
0.045,0.3075,0.33597315607447864
0.045,0.315,0.33666985924792814
0.045,0.3225,0.3377753066251663
0.045,0.32999999999999996,0.33922436167485054
0.045,0.33749999999999997,0.3409507477398332
0.045,0.345,0.34289578806271426
0.045,0.3525,0.345011498047405
0.045,0.36,0.347260307258191
0.045,0.3675,0.34961341841740423
0.045,0.375,0.35204892665441323
0.045,0.3825,0.3506580282450153
0.045,0.39,0.3483049170858021
0.045,0.39749999999999996,0.34605610787501606
0.045,0.40499999999999997,0.34394039789032527
0.045,0.4125,0.34199535756744426
0.045,0.42,0.3402689715024616
0.045,0.4275,0.33881991645277737
0.045,0.435,0.3377144690755392
0.045,0.4425,0.33701776590208965
0.045,0.44999999999999996,0.33677929345842295
0.045,0.45749999999999996,0.33701776590208965
0.045,0.46499999999999997,0.3377144690755392
0.045,0.4725,0.33881991645277737
0.045,0.48,0.3402689715024616
0.045,0.4875,0.34199535756744426
0.045,0.495,0.3439403978903253
0.045,0.5025,0.34605610787501606
0.045,0.51,0.34830491708580213
0.045,0.5175,0.3506580282450153
0.045,0.525,0.35309353648202435
0.045,0.5325,0.3555947705477159
0.045,0.54,0.35665285781438766
0.045,0.5475,0.35440404860360164
0.045,0.5549999999999999,0.3522883386189109
0.045,0.5625,0.35034329829602984
0.045,0.57,0.3486169122310472
0.045,0.5775,0.34716785718136295
0.045,0.585,0.3460624098041248
0.045,0.5925,0.34536570663067523
0.045,0.6,0.3451272341870085
0.05,0.0,0.30409064541123126
0.05,0.0075,0.30430554874721827
0.05,0.015,0.3049364465949626
0.05,0.0225,0.30594599439184855
0.05,0.03,0.30728305834204606
0.05,0.0375,0.3088929885893059
0.05,0.045,0.31072484056407085
0.05,0.0525,0.31273486313176563
0.05,0.06,0.3148872720990527
0.05,0.0675,0.31715359055805153
0.05,0.075,0.3195114618407783
0.05,0.08249999999999999,0.32194341645776026
0.05,0.09,0.3244357920361715
0.05,0.0975,0.3269778580711455
0.05,0.105,0.32859006533673213
0.05,0.11249999999999999,0.3267582133619672
0.05,0.12,0.32514828311470734
0.05,0.1275,0.32381121916450983
0.05,0.135,0.3228016713676239
0.05,0.1425,0.32217077351987955
0.05,0.15,0.32195587018389255
0.05,0.1575,0.32217077351987955
0.05,0.16499999999999998,0.3228016713676239
0.05,0.1725,0.32381121916450983
0.05,0.18,0.32514828311470734
0.05,0.1875,0.3267582133619672
0.05,0.195,0.32859006533673213
0.05,0.20249999999999999,0.33060008790442685
0.05,0.21,0.332752496871714
0.05,0.2175,0.3350188153307128
0.05,0.22499999999999998,0.33737668661343956
0.05,0.23249999999999998,0.33980864123042154
0.05,0.24,0.3423010168088328
0.05,0.2475,0.34484308284380677
0.05,0.255,0.34324495523781945
0.05,0.2625,0.3414131032630545
0.05,0.27,0.33980317301579466
0.05,0.27749999999999997,0.33846610906559715
0.05,0.285,0.33745656126871126
0.05,0.2925,0.33682566342096687
0.05,0.3,0.33661076008497987
0.05,0.3075,0.33682566342096687
0.05,0.315,0.33745656126871126
0.05,0.3225,0.33846610906559715
0.05,0.32999999999999996,0.33980317301579466
0.05,0.33749999999999997,0.3414131032630545
0.05,0.345,0.34324495523781945
0.05,0.3525,0.3452549778055142
0.05,0.36,0.3474073867728013
0.05,0.3675,0.34967370523180014
0.05,0.375,0.3520315765145269
0.05,0.3825,0.3517631758764731
0.05,0.39,0.3494968574174742
0.05,0.39749999999999996,0.3473444484501872
0.05,0.40499999999999997,0.3453344258824924
0.05,0.4125,0.3435025739077274
0.05,0.42,0.3418926436604676
0.05,0.4275,0.3405555797102701
0.05,0.435,0.33954603191338417
0.05,0.4425,0.33891513406563983
0.05,0.44999999999999996,0.33870023072965283
0.05,0.45749999999999996,0.33891513406563983
0.05,0.46499999999999997,0.33954603191338417
0.05,0.4725,0.3405555797102701
0.05,0.48,0.3418926436604676
0.05,0.4875,0.3435025739077275
0.05,0.495,0.3453344258824924
0.05,0.5025,0.3473444484501872
0.05,0.51,0.34949685741747427
0.05,0.5175,0.3517631758764731
0.05,0.525,0.3541210471591999
0.05,0.5325,0.3565530017761818
0.05,0.54,0.3578447981460598
0.05,0.5475,0.35569238917877277
0.05,0.5549999999999999,0.353682366611078
0.05,0.5625,0.351850514636313
0.05,0.57,0.3502405843890532
0.05,0.5775,0.3489035204388557
0.05,0.585,0.34789397264196975
0.05,0.5925,0.3472630747942254
0.05,0.6,0.3470481714582384
0.055,0.0,0.3021697081400014
0.055,0.0075,0.30240818058366814
0.055,0.015,0.30310488375711764
0.055,0.0225,0.3042103311343558
0.055,0.03,0.30565938618404004
0.055,0.0375,0.3073857722490227
0.055,0.045,0.30933081257190376
0.055,0.0525,0.3114465225565945
0.055,0.06,0.3136953317673805
0.055,0.0675,0.31604844292659373
0.055,0.075,0.31848395116360273
0.055,0.08249999999999999,0.3209851852292943
0.055,0.09,0.32353938956977885
0.055,0.0975,0.32613672688380385
0.055,0.105,0.3287695399237845
0.055,0.11249999999999999,0.3283209476123106
0.055,0.12,0.326815772491835
0.055,0.1275,0.32557657631508463
0.055,0.135,0.32464855216972677
0.055,0.1425,0.32407236204961287
0.055,0.15,0.3238768074551224
0.055,0.1575,0.32407236204961287
0.055,0.16499999999999998,0.32464855216972677
0.055,0.1725,0.32557657631508463
0.055,0.18,0.326815772491835
0.055,0.1875,0.3283209476123106
0.055,0.195,0.3300481457734823
0.055,0.20249999999999999,0.33195801061281965
0.055,0.21,0.33401709068630614
0.055,0.2175,0.33619784273602243
0.055,0.22499999999999998,0.33847799618071617
0.055,0.23249999999999998,0.3408397055276241
0.055,0.24,0.3432687136005275
0.055,0.2475,0.3439666372303431
0.055,0.255,0.34185092724565236
0.055,0.2625,0.3399058869227713
0.055,0.27,0.33817950085778864
0.055,0.27749999999999997,0.3367304458081044
0.055,0.285,0.33562499843086624
0.055,0.2925,0.33492829525741674
0.055,0.3,0.33468982281375
0.055,0.3075,0.33492829525741674
0.055,0.315,0.33562499843086624
0.055,0.3225,0.3367304458081044
0.055,0.32999999999999996,0.33817950085778864
0.055,0.33749999999999997,0.3399058869227713
0.055,0.345,0.34185092724565236
0.055,0.3525,0.3439666372303431
0.055,0.36,0.3462154464411291
0.055,0.3675,0.34856855760034233
0.055,0.375,0.3510040658373514
0.055,0.3825,0.3529422032817827
0.055,0.39,0.35076145123206637
0.055,0.39749999999999996,0.34870237115857994
0.055,0.40499999999999997,0.3467925063192426
0.055,0.4125,0.3450653081580709
0.055,0.42,0.3435601330375953
0.055,0.4275,0.3423209368608449
0.055,0.435,0.34139291271548705
0.055,0.4425,0.34081672259537316
0.055,0.44999999999999996,0.34062116800088266
0.055,0.45749999999999996,0.34081672259537316
0.055,0.46499999999999997,0.34139291271548705
0.055,0.4725,0.3423209368608449
0.055,0.48,0.34356013303759536
0.055,0.4875,0.3450653081580709
0.055,0.495,0.3467925063192426
0.055,0.5025,0.34870237115857994
0.055,0.51,0.3507614512320664
0.055,0.5175,0.3529422032817827
0.055,0.525,0.3552223567264765
0.055,0.5325,0.35758406607338444
0.055,0.54,0.35910939196065195
0.055,0.5475,0.3570503118871655
0.055,0.5549999999999999,0.35514044704782816
0.055,0.5625,0.3534132488866565
0.055,0.57,0.35190807376618094
0.055,0.5775,0.3506688775894305
0.055,0.585,0.34974085344407263
0.055,0.5925,0.34916466332395873
0.055,0.6,0.34896910872946824
0.06,0.0,0.30024877086877155
0.06,0.0075,0.3005165693062888
0.06,0.015,0.3012937679388406
0.06,0.0225,0.30251313306589345
0.06,0.03,0.30409064541123126
0.06,0.0375,0.30594599439184855
0.06,0.045,0.3080124205303742
0.06,0.0525,0.3102383722964813
0.06,0.06,0.3125854240124092
0.06,0.0675,0.31502530195847267
0.06,0.075,0.3175372063098402
0.06,0.08249999999999999,0.3201057315308296
0.06,0.09,0.32271934875995884
0.06,0.0975,0.32536932649261363
0.06,0.105,0.3280489689543504
0.06,0.11249999999999999,0.3299296264305641
0.06,0.12,0.32851857538549145
0.06,0.1275,0.32736524033145586
0.06,0.135,0.32650717927999334
0.06,0.1425,0.32597713457004657
0.06,0.15,0.32579774472635226
0.06,0.1575,0.32597713457004657
0.06,0.16499999999999998,0.32650717927999334
0.06,0.1725,0.32736524033145586
0.06,0.18,0.32851857538549145
0.06,0.1875,0.3299296264305641
0.06,0.195,0.3315605565400418
0.06,0.20249999999999999,0.33337626240702894
0.06,0.21,0.3353458839688887
0.06,0.2175,0.3374432192187562
0.06,0.22499999999999998,0.339646497471594
0.06,0.23249999999999998,0.3419378549372394
0.06,0.24,0.3443027244418087
0.06,0.2475,0.3427584869702299
0.06,0.255,0.3405325352041228
0.06,0.2625,0.33846610906559715
0.06,0.27,0.33661076008497987
0.06,0.27749999999999997,0.33503324773964205
0.06,0.285,0.3338138826125892
0.06,0.2925,0.3330366839800374
0.06,0.3,0.33276888554252015
0.06,0.3075,0.3330366839800374
0.06,0.315,0.3338138826125892
0.06,0.3225,0.33503324773964205
0.06,0.32999999999999996,0.33661076008497987
0.06,0.33749999999999997,0.33846610906559715
0.06,0.345,0.3405325352041228
0.06,0.3525,0.3427584869702299
0.06,0.36,0.3451055386861578
0.06,0.3675,0.34754541663222127
0.06,0.375,0.3500573209835888
0.06,0.3825,0.3526258462045782
0.06,0.39,0.352090244514649
0.06,0.39749999999999996,0.35012062295278923
0.06,0.40499999999999997,0.3483049170858021
0.06,0.4125,0.3466739869763244
0.06,0.42,0.3452629359312517
0.06,0.4275,0.34410960087721615
0.06,0.435,0.3432515398257536
0.06,0.4425,0.34272149511580685
0.06,0.44999999999999996,0.34254210527211254
0.06,0.45749999999999996,0.34272149511580685
0.06,0.46499999999999997,0.3432515398257536
0.06,0.4725,0.34410960087721615
0.06,0.48,0.34526293593125174
0.06,0.4875,0.3466739869763244
0.06,0.495,0.3483049170858021
0.06,0.5025,0.35012062295278923
0.06,0.51,0.352090244514649
0.06,0.5175,0.3541875797645165
0.06,0.525,0.3563908580173543
0.06,0.5325,0.35868221548299967
0.06,0.54,0.36043818524323457
0.06,0.5475,0.3584685636813748
0.06,0.5549999999999999,0.35665285781438766
0.06,0.5625,0.35502192770491
0.06,0.57,0.3536108766598373
0.06,0.5775,0.3524575416058017
0.06,0.585,0.3515994805543392
0.06,0.5925,0.35106943584439243
0.06,0.6,0.3508900460006981
0.065,0.0,0.29832783359754167
0.065,0.0075,0.29863309076055644
0.065,0.015,0.2995106951072166
0.065,0.0225,0.3008666566480282
0.065,0.03,0.30259143927070725
0.065,0.0375,0.3045884414453559
0.065,0.045,0.3067833273970655
0.065,0.0525,0.30912240509822464
0.065,0.06,0.31156778614674
0.065,0.0675,0.3140927858401584
0.065,0.075,0.3166784423842994
0.065,0.08249999999999999,0.31931109262294627
0.065,0.09,0.3219807336114581
0.065,0.0975,0.3246799221735066
0.065,0.105,0.32740303183469754
0.065,0.11249999999999999,0.3301457455225501
0.065,0.12,0.3302501335948414
0.065,0.1275,0.3291724790049259
0.065,0.135,0.3283749972326022
0.065,0.1425,0.3278843673097485
0.065,0.15,0.3277186819975821
0.065,0.1575,0.3278843673097485
0.065,0.16499999999999998,0.3283749972326022
0.065,0.1725,0.3291724790049259
0.065,0.18,0.3302501335948414
0.065,0.1875,0.33157655990649
0.065,0.195,0.3331191825685689
0.065,0.20249999999999999,0.3348468479369705
0.065,0.21,0.33673134703724605
0.065,0.2175,0.33874805993768703
0.065,0.22499999999999998,0.34087601359755604
0.065,0.23249999999999998,0.3430976126978179
0.065,0.24,0.3440879008204886
0.065,0.2475,0.34164251977197324
0.065,0.255,0.3393034420708141
0.065,0.2625,0.3371085561191045
0.065,0.27,0.33511155394445585
0.065,0.27749999999999997,0.3333867713217768
0.065,0.285,0.3320308097809652
0.065,0.2925,0.33115320543430504
0.065,0.3,0.33084794827129027
0.065,0.3075,0.33115320543430504
0.065,0.315,0.3320308097809652
0.065,0.3225,0.3333867713217768
0.065,0.32999999999999996,0.33511155394445585
0.065,0.33749999999999997,0.3371085561191045
0.065,0.345,0.3393034420708141
0.065,0.3525,0.34164251977197324
0.065,0.36,0.3440879008204886
0.065,0.3675,0.346612900513907
0.065,0.375,0.349198557058048
0.065,0.3825,0.35183120729669487
0.065,0.39,0.3534757075830063
0.065,0.39749999999999996,0.35159120848273084
0.065,0.40499999999999997,0.34986354311432916
0.065,0.4125,0.34832092045225027
0.065,0.42,0.3469944941406017
0.065,0.4275,0.3459168395506862
0.065,0.435,0.3451193577783625
0.065,0.4425,0.3446287278555088
0.065,0.44999999999999996,0.34446304254334237
0.065,0.45749999999999996,0.3446287278555088
0.065,0.46499999999999997,0.34511935777836256
0.065,0.4725,0.3459168395506862
0.065,0.48,0.3469944941406017
0.065,0.4875,0.34832092045225027
0.065,0.495,0.34986354311432916
0.065,0.5025,0.35159120848273084
0.065,0.51,0.35347570758300634
0.065,0.5175,0.3554924204834473
0.065,0.525,0.3576203741433164
0.065,0.5325,0.3598419732435782
0.065,0.54,0.36182364831159186
0.065,0.5475,0.3599391492113164
0.065,0.5549999999999999,0.35821148384291474
0.065,0.5625,0.35666886118083585
0.065,0.57,0.35534243486918726
0.065,0.5775,0.3542647802792718
0.065,0.585,0.35346729850694814
0.065,0.5925,0.3529766685840944
0.065,0.6,0.35281098327192795
0.07,0.0,0.29640689632631184
0.07,0.0075,0.2967616136031324
0.07,0.015,0.29776731165588144
0.07,0.0225,0.2992883022331566
0.07,0.03,0.30118096594758004
0.07,0.0375,0.30333127269893273
0.07,0.045,0.30565938618404004
0.07,0.0525,0.3081119097973853
0.07,0.06,0.31065335061283017
0.07,0.0675,0.31325982974470234
0.07,0.075,0.3159149640681527
0.07,0.08249999999999999,0.31860726415952584
0.07,0.09,0.32132849481530257
0.07,0.0975,0.3240726301645781
0.07,0.105,0.3268351759738367
0.07,0.11249999999999999,0.32961272136762665
0.07,0.12,0.33200534228816186
0.07,0.1275,0.3309947275046421
0.07,0.135,0.3302501335948414
0.07,0.1425,0.3297935398237626
0.07,0.15,0.32963961926881197
0.07,0.1575,0.3297935398237626
0.07,0.16499999999999998,0.3302501335948414
0.07,0.1725,0.3309947275046421
0.07,0.18,0.33200534228816186
0.07,0.1875,0.3332555535041887
0.07,0.195,0.33471726536978497
0.07,0.20249999999999999,0.33636289971811645
0.07,0.21,0.3381668306151431
0.07,0.2175,0.3401061347824673
0.07,0.22499999999999998,0.34216083496444044
0.07,0.23249999999999998,0.3443138223795069
0.07,0.24,0.34317346528657877
0.07,0.2475,0.34063202447113383
0.07,0.255,0.33817950085778864
0.07,0.2625,0.3358513873726813
0.07,0.27,0.33370108062132864
0.07,0.27749999999999997,0.3318084169069052
0.07,0.285,0.33028742632963004
0.07,0.2925,0.329281728276881
0.07,0.3,0.32892701100006044
0.07,0.3075,0.329281728276881
0.07,0.315,0.33028742632963004
0.07,0.3225,0.3318084169069052
0.07,0.32999999999999996,0.33370108062132864
0.07,0.33749999999999997,0.3358513873726813
0.07,0.345,0.33817950085778864
0.07,0.3525,0.34063202447113383
0.07,0.36,0.34317346528657877
0.07,0.3675,0.34577994441845095
0.07,0.375,0.3484350787419013
0.07,0.3825,0.35112737883327444
0.07,0.39,0.35384860948905117
0.07,0.39749999999999996,0.35310726026387673
0.07,0.40499999999999997,0.35146162591554525
0.07,0.4125,0.3499999140499489
0.07,0.42,0.34874970283392215
0.07,0.4275,0.3477390880504024
0.07,0.435,0.3469944941406017
0.07,0.4425,0.3465379003695228
0.07,0.44999999999999996,0.34638397981457225
0.07,0.45749999999999996,0.3465379003695228
0.07,0.46499999999999997,0.3469944941406017
0.07,0.4725,0.3477390880504024
0.07,0.48,0.34874970283392215
0.07,0.4875,0.34999991404994896
0.07,0.495,0.3514616259155453
0.07,0.5025,0.35310726026387673
0.07,0.51,0.35491119116090336
0.07,0.5175,0.35685049532822766
0.07,0.525,0.3589051955102007
0.07,0.5325,0.36105818292526726
0.07,0.54,0.3632591318894889
0.07,0.5475,0.3614552009924623
0.07,0.5549999999999999,0.3598095666441309
0.07,0.5625,0.3583478547785345
0.07,0.57,0.3570976435625077
0.07,0.5775,0.35608702877898796
0.07,0.585,0.35534243486918726
0.07,0.5925,0.3548858410981084
0.07,0.6,0.35473192054315783
0.075,0.0,0.29448595905508196
0.075,0.0075,0.2949088596469477
0.075,0.015,0.2960821655204894
0.075,0.0225,0.29780305663150175
0.075,0.03,0.2998842723989927
0.075,0.0375,0.3021963672698555
0.075,0.045,0.30465853236755214
0.075,0.0525,0.307221203316551
0.075,0.06,0.3098534572249208
0.075,0.0675,0.31253543151817725
0.075,0.075,0.3152539577959076
0.075,0.08249999999999999,0.3180000362628099
0.075,0.09,0.32076734241964744
0.075,0.0975,0.3235513192466161
0.075,0.105,0.32634860924228937
0.075,0.11249999999999999,0.32915668912836904
0.075,0.12,0.33197362876655795
0.075,0.1275,0.33282925831563887
0.075,0.135,0.3321311873627601
0.075,0.1425,0.33160691495860334
0.075,0.15,0.3311840143667376
0.075,0.1575,0.33160691495860334
0.075,0.16499999999999998,0.3321311873627601
0.075,0.1725,0.33282925831563887
0.075,0.18,0.333780188840814
0.075,0.1875,0.3349615948639658
0.075,0.195,0.336349175936264
0.075,0.20249999999999999,0.33791853892499846
0.075,0.21,0.339646497471594
0.075,0.2175,0.34151184926930117
0.075,0.22499999999999998,0.34349573059321237
0.075,0.23249999999999998,0.34505554619192585
0.075,0.24,0.3423735718986694
0.075,0.2475,0.3397413179902996
0.075,0.255,0.33717864704130074
0.075,0.2625,0.3347164819436041
0.075,0.27,0.3324043870727413
0.075,0.27749999999999997,0.3303231713052504
0.075,0.285,0.328602280194238
0.075,0.2925,0.3274289743206963
0.075,0.3,0.32700607372883056
0.075,0.3075,0.3274289743206963
0.075,0.315,0.328602280194238
0.075,0.3225,0.3303231713052504
0.075,0.32999999999999996,0.3324043870727413
0.075,0.33749999999999997,0.3347164819436041
0.075,0.345,0.33717864704130074
0.075,0.3525,0.3397413179902996
0.075,0.36,0.3423735718986694
0.075,0.3675,0.34505554619192585
0.075,0.375,0.3477740724696562
0.075,0.3825,0.3505201509365585
0.075,0.39,0.3532874570933961
0.075,0.39749999999999996,0.3546628994707587
0.075,0.40499999999999997,0.3530935364820243
0.075,0.4125,0.35170595540972605
0.075,0.42,0.3505245493865743
0.075,0.4275,0.34957361886139915
0.075,0.435,0.3488755479085204
0.075,0.4425,0.34844862899510737
0.075,0.44999999999999996,0.3483049170858021
0.075,0.45749999999999996,0.34844862899510737
0.075,0.46499999999999997,0.3488755479085204
0.075,0.4725,0.34957361886139915
0.075,0.48,0.3505245493865743
0.075,0.4875,0.35170595540972605
0.075,0.495,0.35309353648202435
0.075,0.5025,0.3546628994707587
0.075,0.51,0.35639085801735426
0.075,0.5175,0.35825620981506145
0.075,0.525,0.36024009113897265
0.075,0.5325,0.3623260363174384
0.075,0.54,0.36449985711753424
0.075,0.5475,0.36301084019934426
0.075,0.5549999999999999,0.36144147721060993
0.075,0.5625,0.3600538961383116
0.075,0.57,0.35887249011515987
0.075,0.5775,0.35792155958998473
0.075,0.585,0.35722348863710596
0.075,0.5925,0.35679656972369295
0.075,0.6,0.35665285781438766
0.08,0.0,0.29256502178385213
0.08,0.0075,0.2930875203188867
0.08,0.015,0.29448595905508196
0.08,0.0225,0.2964468466146534
0.08,0.03,0.29873334835567095
0.08,0.0375,0.3012092395043865
0.08,0.045,0.3038003107294458
0.08,0.0525,0.30646512082664157
0.08,0.06,0.3091794207765126
0.08,0.0675,0.3119283150511013
0.08,0.075,0.314702238478062
0.08,0.08249999999999999,0.3174948051662997
0.08,0.09,0.3203016058424818
0.08,0.0975,0.32311950618323476
0.08,0.105,0.325946221256066
0.08,0.11249999999999999,0.328780048308282
0.08,0.12,0.3316196937248938
0.08,0.1275,0.3331449019263091
0.08,0.135,0.3311840143667376
0.08,0.1425,0.32978557563054234
0.08,0.15,0.3292630770955078
0.08,0.1575,0.32978557563054234
0.08,0.16499999999999998,0.3311840143667376
0.08,0.1725,0.3331449019263091
0.08,0.18,0.3354314036673266
0.08,0.1875,0.33669060594419936
0.08,0.195,0.3380102182055154
0.08,0.20249999999999999,0.33950874033026623
0.08,0.21,0.3411652428961911
0.08,0.2175,0.34296020782018033
0.08,0.22499999999999998,0.3448759408574257
0.08,0.23249999999999998,0.3444484297248499
0.08,0.24,0.3416995354502612
0.08,0.2475,0.3389852355003901
0.08,0.255,0.3363204254031944
0.08,0.2625,0.3337293541781351
0.08,0.27,0.33125346302941955
0.08,0.27749999999999997,0.3289669612884021
0.08,0.285,0.3270060737288306
0.08,0.2925,0.3256076349926353
0.08,0.3,0.32508513645760073
0.08,0.3075,0.3256076349926353
0.08,0.315,0.3270060737288306
0.08,0.3225,0.3289669612884021
0.08,0.32999999999999996,0.33125346302941955
0.08,0.33749999999999997,0.3337293541781351
0.08,0.345,0.3363204254031944
0.08,0.3525,0.3389852355003901
0.08,0.36,0.3416995354502612
0.08,0.3675,0.3444484297248499
0.08,0.375,0.3472223531518106
0.08,0.3825,0.3500149198400483
0.08,0.39,0.3528217205162304
0.08,0.39749999999999996,0.35563962085698336
0.08,0.40499999999999997,0.3547545787512757
0.08,0.4125,0.35343496648995965
0.08,0.42,0.3523158484971701
0.08,0.4275,0.35141831485312497
0.08,0.435,0.35076145123206637
0.08,0.4425,0.3503606247803216
0.08,0.44999999999999996,0.35022585435703196
0.08,0.45749999999999996,0.3503606247803216
0.08,0.46499999999999997,0.3507614512320664
0.08,0.4725,0.35141831485312497
0.08,0.48,0.3523158484971701
0.08,0.4875,0.35343496648995965
0.08,0.495,0.3547545787512757
0.08,0.5025,0.3562531008760265
0.08,0.51,0.3579096034419514
0.08,0.5175,0.3597045683659406
0.08,0.525,0.361620301403186
0.08,0.5325,0.3636410845173395
0.08,0.54,0.36575315368023725
0.08,0.5475,0.3646010416046121
0.08,0.5549999999999999,0.3631025194798613
0.08,0.5625,0.3617829072185452
0.08,0.57,0.3606637892257557
0.08,0.5775,0.35976625558171055
0.08,0.585,0.359109391960652
0.08,0.5925,0.3587085655089072
0.08,0.6,0.35857379508561754
0.085,0.0,0.29064408451262225
0.085,0.0075,0.2913242921774071
0.085,0.015,0.2930311193232564
0.085,0.0225,0.2952703294414864
0.085,0.03,0.29776731165588144
0.085,0.0375,0.3003981183835427
0.085,0.045,0.30310488375711764
0.085,0.0525,0.3058582243363847
0.085,0.06,0.30864195450733206
0.085,0.0675,0.3114465225565945
0.085,0.075,0.3142659625900988
0.085,0.08249999999999999,0.3170963700913045
0.085,0.09,0.3199350884684035
0.085,0.0975,0.3227802502577007
0.085,0.105,0.3256305058205511
0.085,0.11249999999999999,0.3284848562672588
0.085,0.12,0.3313425468958378
0.085,0.1275,0.33196838475314205
0.085,0.135,0.329729174634912
0.085,0.1425,0.3280223474890627
0.085,0.15,0.3273421398242779
0.085,0.1575,0.3280223474890627
0.085,0.16499999999999998,0.329729174634912
0.085,0.1725,0.33196838475314205
0.085,0.18,0.3344653669675371
0.085,0.1875,0.33709617369519834
0.085,0.195,0.33969646364207917
0.085,0.20249999999999999,0.34112920842327116
0.085,0.21,0.34271861275212423
0.085,0.2175,0.344446767254894
0.085,0.22499999999999998,0.34629715762732527
0.085,0.23249999999999998,0.3439666372303431
0.085,0.24,0.34116206918108066
0.085,0.2475,0.3383783390101333
0.085,0.255,0.33562499843086624
0.085,0.2625,0.3329182330572913
0.085,0.27,0.33028742632963004
0.085,0.27749999999999997,0.327790444115235
0.085,0.285,0.325551233997005
0.085,0.2925,0.3238444068511557
0.085,0.3,0.32316419918637085
0.085,0.3075,0.3238444068511557
0.085,0.315,0.325551233997005
0.085,0.3225,0.327790444115235
0.085,0.32999999999999996,0.33028742632963004
0.085,0.33749999999999997,0.3329182330572913
0.085,0.345,0.33562499843086624
0.085,0.3525,0.3383783390101333
0.085,0.36,0.34116206918108066
0.085,0.3675,0.3439666372303431
0.085,0.375,0.3467860772638474
0.085,0.3825,0.34961648476505314
0.085,0.39,0.3524552031421521
0.085,0.39749999999999996,0.3553003649314493
0.085,0.40499999999999997,0.35644082418783946
0.085,0.4125,0.3551836093823023
0.085,0.42,0.35412104715919984
0.085,0.4275,0.35327151076415597
0.085,0.435,0.3526513767105231
0.085,0.4425,0.3522736660117894
0.085,0.44999999999999996,0.3521467916282618
0.085,0.45749999999999996,0.3522736660117894
0.085,0.46499999999999997,0.3526513767105231
0.085,0.4725,0.35327151076415597
0.085,0.48,0.3541210471591999
0.085,0.4875,0.3551836093823023
0.085,0.495,0.35644082418783946
0.085,0.5025,0.35787356896903144
0.085,0.51,0.35946297329788457
0.085,0.5175,0.36119112780065427
0.085,0.525,0.36304151817308555
0.085,0.5325,0.3649992363668407
0.085,0.54,0.36705103043083487
0.085,0.5475,0.366221509697617
0.085,0.5549999999999999,0.36478876491642503
0.085,0.5625,0.3635315501108879
0.085,0.57,0.3624689878877855
0.085,0.5775,0.36161945149274155
0.085,0.585,0.3609993174391087
0.085,0.5925,0.36062160674037497
0.085,0.6,0.36049473235684737
0.09,0.0,0.2887231472413924
0.09,0.0075,0.28968361587700736
0.09,0.015,0.29180731052730186
0.09,0.0225,0.29434079171418925
0.09,0.03,0.29703034673772266
0.09,0.0375,0.29979175558849736
0.09,0.045,0.30259143927070725
0.09,0.0525,0.30541374697749935
0.09,0.06,0.30825048321191323
0.09,0.0675,0.31109696456468366
0.09,0.075,0.3139503284111501
0.09,0.08249999999999999,0.3168087295347034
0.09,0.09,0.31967092633331085
0.09,0.0975,0.32253605327192236
0.09,0.105,0.32540348882786624
0.09,0.11249999999999999,0.3282727753232945
0.09,0.12,0.3311435683618157
0.09,0.1275,0.3310388470258449
0.09,0.135,0.32850536583895745
0.09,0.1425,0.326381671188663
0.09,0.15,0.3254212025530481
0.09,0.1575,0.326381671188663
0.09,0.16499999999999998,0.32850536583895745
0.09,0.1725,0.3310388470258449
0.09,0.18,0.3337284020493783
0.09,0.1875,0.336489810900153
0.09,0.195,0.3392894945823629
0.09,0.20249999999999999,0.342111802289155
0.09,0.21,0.3443027244418087
0.09,0.2175,0.3459675860742657
0.09,0.22499999999999998,0.3464704430848987
0.09,0.23249999999999998,0.34361707923843227
0.09,0.24,0.34077059788566183
0.09,0.2475,0.33793386165124795
0.09,0.255,0.33511155394445585
0.09,0.2625,0.33231187026224596
0.09,0.27,0.32955046141147126
0.09,0.27749999999999997,0.32686090638793786
0.09,0.285,0.32432742520105046
0.09,0.2925,0.32220373055075596
0.09,0.3,0.321243261915141
0.09,0.3075,0.32220373055075596
0.09,0.315,0.32432742520105046
0.09,0.3225,0.32686090638793786
0.09,0.32999999999999996,0.32955046141147126
0.09,0.33749999999999997,0.33231187026224596
0.09,0.345,0.33511155394445585
0.09,0.3525,0.33793386165124795
0.09,0.36,0.34077059788566183
0.09,0.3675,0.34361707923843227
0.09,0.375,0.3464704430848987
0.09,0.3825,0.349328844208452
0.09,0.39,0.35219104100705945
0.09,0.39749999999999996,0.35505616794567096
0.09,0.40499999999999997,0.35792360350161484
0.09,0.4125,0.35694913480633644
0.09,0.42,0.35593808013372413
0.09,0.4275,0.3551318807299533
0.09,0.435,0.3545446737868251
0.09,0.4425,0.3541875797645165
0.09,0.44999999999999996,0.3540677288994917
0.09,0.45749999999999996,0.3541875797645165
0.09,0.46499999999999997,0.3545446737868251
0.09,0.4725,0.35513188072995333
0.09,0.48,0.35593808013372413
0.09,0.4875,0.35694913480633644
0.09,0.495,0.3581489748882004
0.09,0.5025,0.3595206281890652
0.09,0.51,0.361047084987569
0.09,0.5175,0.362711946620026
0.09,0.525,0.36449985711753424
0.09,0.5325,0.36639674783942244
0.09,0.54,0.3683899377632963
0.09,0.5475,0.3678685689176508
0.09,0.5549999999999999,0.366496915616786
0.09,0.5625,0.365297075534922
0.09,0.57,0.3642860208623097
0.09,0.5775,0.36347982145853885
0.09,0.585,0.36289261451541066
0.09,0.5925,0.36253552049310206
0.09,0.6,0.36241566962807725
0.095,0.0,0.2868022099701626
0.095,0.0075,0.28834429161311725
0.095,0.015,0.2909558097183277
0.095,0.0225,0.29373635598481995
0.095,0.03,0.296565877955423
0.095,0.0375,0.2994158005550414
0.095,0.045,0.3022760995161218
0.095,0.0525,0.30514238076339945
0.095,0.06,0.3080124205303742
0.095,0.0675,0.31088497435850415
0.095,0.075,0.313759292021594
0.095,0.08249999999999999,0.31663489453959837
0.095,0.09,0.3195114618407783
0.095,0.0975,0.32238877194908266
0.095,0.105,0.32526666609803184
0.095,0.11249999999999999,0.32814502773707055
0.095,0.12,0.33102376938040845
0.095,0.1275,0.3304344112964756
0.095,0.135,0.32765386502998334
0.095,0.1425,0.3250423469247729
0.095,0.15,0.32350026528181824
0.095,0.1575,0.3250423469247729
0.095,0.16499999999999998,0.32765386502998334
0.095,0.1725,0.3304344112964756
0.095,0.18,0.33326393326707865
0.095,0.1875,0.33611385586669706
0.095,0.195,0.33897415482777743
0.095,0.20249999999999999,0.3418404360750551
0.095,0.21,0.34471047584202985
0.095,0.2175,0.34751917329066917
0.095,0.22499999999999998,0.34627940669534263
0.095,0.23249999999999998,0.34340508903225275
0.095,0.24,0.3405325352041228
0.095,0.2475,0.33766249543714805
0.095,0.255,0.3347962141898704
0.095,0.2625,0.33193591522879
0.095,0.27,0.32908599262917154
0.095,0.27749999999999997,0.3262564706585686
0.095,0.285,0.3234759243920763
0.095,0.2925,0.32086440628686586
0.095,0.3,0.3193223246439112
0.095,0.3075,0.32086440628686586
0.095,0.315,0.3234759243920763
0.095,0.3225,0.3262564706585686
0.095,0.32999999999999996,0.32908599262917154
0.095,0.33749999999999997,0.33193591522879
0.095,0.345,0.3347962141898704
0.095,0.3525,0.33766249543714805
0.095,0.36,0.3405325352041228
0.095,0.3675,0.34340508903225275
0.095,0.375,0.34627940669534263
0.095,0.3825,0.34915500921334697
0.095,0.39,0.35203157651452693
0.095,0.39749999999999996,0.35490888662283127
0.095,0.40499999999999997,0.35778678077178044
0.095,0.4125,0.35872926394827864
0.095,0.42,0.3577652619970376
0.095,0.4275,0.35699835726750423
0.095,0.435,0.35644082418783946
0.095,0.4425,0.3561022292017281
0.095,0.44999999999999996,0.3559886661707215
0.095,0.45749999999999996,0.3561022292017281
0.095,0.46499999999999997,0.35644082418783946
0.095,0.4725,0.35699835726750423
0.095,0.48,0.3577652619970376
0.095,0.4875,0.35872926394827864
0.095,0.495,0.3598762514164534
0.095,0.5025,0.36119112780065427
0.095,0.51,0.36265855427277194
0.095,0.5175,0.36426353383642945
0.095,0.525,0.36599182574921985
0.095,0.5325,0.36783020534435074
0.095,0.54,0.3697665976936634
0.095,0.5475,0.36953906852923984
0.095,0.5549999999999999,0.368224192145039
0.095,0.5625,0.3670772046768642
0.095,0.57,0.3661132027256232
0.095,0.5775,0.3653462979960898
0.095,0.585,0.36478876491642503
0.095,0.5925,0.3635059506932729
0.095,0.6,0.36196386905031824
0.1,0.0,0.2848812726989327
0.1,0.0075,0.2877626786057775
0.1,0.015,0.29064408451262225
0.1,0.0225,0.29352549041946707
0.1,0.03,0.29640689632631184
0.1,0.0375,0.2992883022331566
0.1,0.045,0.3021697081400014
0.1,0.0525,0.3050511140468462
0.1,0.06,0.307932519953691
0.1,0.0675,0.31081392586053574
0.1,0.075,0.3136953317673805
0.1,0.08249999999999999,0.3165767376742253
0.1,0.09,0.3194581435810701
0.1,0.0975,0.3223395494879149
0.1,0.105,0.32522095539475965
0.1,0.11249999999999999,0.3281023613016044
0.1,0.12,0.33098376720844924
0.1,0.1275,0.3302235457311227
0.1,0.135,0.3273421398242779
0.1,0.1425,0.32446073391743313
0.1,0.15,0.32157932801058836
0.1,0.1575,0.32446073391743313
0.1,0.16499999999999998,0.3273421398242779
0.1,0.1725,0.3302235457311227
0.1,0.18,0.3331049516379675
0.1,0.1875,0.33598635754481226
0.1,0.195,0.33886776345165703
0.1,0.20249999999999999,0.34174916935850186
0.1,0.21,0.34463057526534663
0.1,0.2175,0.3475119811721914
0.1,0.22499999999999998,0.3462154464411291
0.1,0.23249999999999998,0.34333404053428435
0.1,0.24,0.3404526346274396
0.1,0.2475,0.33757122872059475
0.1,0.255,0.33468982281375
0.1,0.2625,0.3318084169069052
0.1,0.27,0.32892701100006044
0.1,0.27749999999999997,0.3260456050932157
0.1,0.285,0.3231641991863709
0.1,0.2925,0.3202827932795261
0.1,0.3,0.3174013873726813
0.1,0.3075,0.3202827932795261
0.1,0.315,0.3231641991863709
0.1,0.3225,0.3260456050932157
0.1,0.32999999999999996,0.32892701100006044
0.1,0.33749999999999997,0.3318084169069052
0.1,0.345,0.33468982281375
0.1,0.3525,0.33757122872059475
0.1,0.36,0.3404526346274396
0.1,0.3675,0.34333404053428435
0.1,0.375,0.3462154464411291
0.1,0.3825,0.34909685234797394
0.1,0.39,0.3519782582548187
0.1,0.39749999999999996,0.3548596641616635
0.1,0.40499999999999997,0.35774107006850825
0.1,0.4125,0.36052209611712405
0.1,0.42,0.3596012058094141
0.1,0.4275,0.35887007207756627
0.1,0.435,0.3583394101139254
0.1,0.4425,0.35801750464017884
0.1,0.44999999999999996,0.3579096034419514
0.1,0.45749999999999996,0.35801750464017884
0.1,0.46499999999999997,0.3583394101139254
0.1,0.4725,0.3588700720775663
0.1,0.48,0.3596012058094141
0.1,0.4875,0.36052209611712405
0.1,0.495,0.361620301403186
0.1,0.5025,0.3628823606417161
0.1,0.51,0.364294429303581
0.1,0.5175,0.3658427997242558
0.1,0.525,0.36751428979810064
0.1,0.5325,0.36929650528751834
0.1,0.54,0.37117799374763055
0.1,0.5475,0.37123030137030166
0.1,0.5549999999999999,0.3699682421317716
0.1,0.5625,0.3688700368457096
0.1,0.57,0.3679491465379997
0.1,0.5775,0.36721801280615185
0.1,0.585,0.36580574359277795
0.1,0.5925,0.36292433768593313
0.1,0.6,0.36004293177908836
0.105,0.0,0.28680220997016254
0.105,0.0075,0.28834429161311725
0.105,0.015,0.2909558097183277
0.105,0.0225,0.29373635598481995
0.105,0.03,0.296565877955423
0.105,0.0375,0.2994158005550414
0.105,0.045,0.3022760995161218
0.105,0.0525,0.30514238076339945
0.105,0.06,0.3080124205303742
0.105,0.0675,0.31088497435850415
0.105,0.075,0.313759292021594
0.105,0.08249999999999999,0.31663489453959837
0.105,0.09,0.3195114618407783
0.105,0.0975,0.32238877194908266
0.105,0.105,0.32526666609803184
0.105,0.11249999999999999,0.32814502773707055
0.105,0.12,0.33102376938040845
0.105,0.1275,0.3304344112964756
0.105,0.135,0.32765386502998334
0.105,0.1425,0.3250423469247729
0.105,0.15,0.3235002652818182
0.105,0.1575,0.3250423469247729
0.105,0.16499999999999998,0.32765386502998334
0.105,0.1725,0.3304344112964756
0.105,0.18,0.33326393326707865
0.105,0.1875,0.33611385586669706
0.105,0.195,0.33897415482777743
0.105,0.20249999999999999,0.3418404360750551
0.105,0.21,0.34471047584202985
0.105,0.2175,0.34758302967015986
0.105,0.22499999999999998,0.34627940669534263
0.105,0.23249999999999998,0.34340508903225275
0.105,0.24,0.3405325352041228
0.105,0.2475,0.33766249543714805
0.105,0.255,0.3347962141898704
0.105,0.2625,0.33193591522879
0.105,0.27,0.32908599262917154
0.105,0.27749999999999997,0.3262564706585686
0.105,0.285,0.3234759243920763
0.105,0.2925,0.32086440628686586
0.105,0.3,0.31932232464391114
0.105,0.3075,0.32086440628686586
0.105,0.315,0.3234759243920763
0.105,0.3225,0.3262564706585686
0.105,0.32999999999999996,0.32908599262917154
0.105,0.33749999999999997,0.33193591522879
0.105,0.345,0.3347962141898704
0.105,0.3525,0.33766249543714805
0.105,0.36,0.3405325352041228
0.105,0.3675,0.34340508903225275
0.105,0.375,0.34627940669534263
0.105,0.3825,0.34915500921334697
0.105,0.39,0.35203157651452693
0.105,0.39749999999999996,0.35490888662283127
0.105,0.40499999999999997,0.35778678077178044
0.105,0.4125,0.36066514241081915
0.105,0.42,0.3614447612922583
0.105,0.4275,0.3607463122022254
0.105,0.435,0.36024009113897265
0.105,0.4425,0.35993331714139865
0.105,0.44999999999999996,0.3598305407131812
0.105,0.45749999999999996,0.35993331714139865
0.105,0.46499999999999997,0.36024009113897265
0.105,0.4725,0.3607463122022254
0.105,0.48,0.3614447612922583
0.105,0.4875,0.3623260363174384
0.105,0.495,0.36337912524220606
0.105,0.5025,0.3645919943666748
0.105,0.51,0.3659521322142594
0.105,0.5175,0.36744700986464074
0.105,0.525,0.36906443969146774
0.105,0.5325,0.3707928316635991
0.105,0.54,0.3726213577326779
0.105,0.5475,0.37293993509526036
0.105,0.5549999999999999,0.37172706597079164
0.105,0.5625,0.370673977046024
0.105,0.57,0.36979270202084386
0.105,0.5775,0.3688980150649756
0.105,0.585,0.36611746879848334
0.105,0.5925,0.3635059506932729
0.105,0.6,0.3619638690503182
0.11,0.0,0.2887231472413924
0.11,0.0075,0.28968361587700736
0.11,0.015,0.2918073105273018
0.11,0.0225,0.29434079171418925
0.11,0.03,0.29703034673772266
0.11,0.0375,0.29979175558849736
0.11,0.045,0.30259143927070725
0.11,0.0525,0.30541374697749935
0.11,0.06,0.30825048321191323
0.11,0.0675,0.31109696456468366
0.11,0.075,0.3139503284111501
0.11,0.08249999999999999,0.3168087295347034
0.11,0.09,0.31967092633331085
0.11,0.0975,0.32253605327192236
0.11,0.105,0.32540348882786624
0.11,0.11249999999999999,0.3282727753232945
0.11,0.12,0.3311435683618157
0.11,0.1275,0.3310388470258449
0.11,0.135,0.32850536583895745
0.11,0.1425,0.326381671188663
0.11,0.15,0.3254212025530481
0.11,0.1575,0.326381671188663
0.11,0.16499999999999998,0.32850536583895745
0.11,0.1725,0.3310388470258449
0.11,0.18,0.3337284020493783
0.11,0.1875,0.336489810900153
0.11,0.195,0.3392894945823629
0.11,0.20249999999999999,0.342111802289155
0.11,0.21,0.3449485385235689
0.11,0.2175,0.3477950198763393
0.11,0.22499999999999998,0.3464704430848987
0.11,0.23249999999999998,0.34361707923843227
0.11,0.24,0.34077059788566183
0.11,0.2475,0.33793386165124795
0.11,0.255,0.33511155394445585
0.11,0.2625,0.33231187026224596
0.11,0.27,0.32955046141147126
0.11,0.27749999999999997,0.32686090638793786
0.11,0.285,0.32432742520105046
0.11,0.2925,0.32220373055075596
0.11,0.3,0.321243261915141
0.11,0.3075,0.32220373055075596
0.11,0.315,0.32432742520105046
0.11,0.3225,0.32686090638793786
0.11,0.32999999999999996,0.32955046141147126
0.11,0.33749999999999997,0.33231187026224596
0.11,0.345,0.33511155394445585
0.11,0.3525,0.33793386165124795
0.11,0.36,0.34077059788566183
0.11,0.3675,0.34361707923843227
0.11,0.375,0.3464704430848987
0.11,0.3825,0.349328844208452
0.11,0.39,0.35219104100705945
0.11,0.39749999999999996,0.35505616794567096
0.11,0.40499999999999997,0.35792360350161484
0.11,0.4125,0.3607928899970431
0.11,0.42,0.36329496741361983
0.11,0.4275,0.3626264871422436
0.11,0.435,0.36214258717339204
0.11,0.4425,0.3618495938341843
0.11,0.44999999999999996,0.3617514779844111
0.11,0.45749999999999996,0.3618495938341843
0.11,0.46499999999999997,0.36214258717339204
0.11,0.4725,0.3626264871422436
0.11,0.48,0.36329496741361983
0.11,0.4875,0.36413973818248274
0.11,0.495,0.3651510157043356
0.11,0.5025,0.3663180136004131
0.11,0.51,0.3676294080578364
0.11,0.5175,0.36907374316939034
0.11,0.525,0.37063975829878754
0.11,0.5325,0.3723166329761753
0.11,0.54,0.3740941546211309
0.11,0.5475,0.3746659543289987
0.11,0.5549999999999999,0.3734989564329212
0.11,0.5625,0.37248767891106827
0.11,0.57,0.3716429081422054
0.11,0.5775,0.3695024507943449
0.11,0.585,0.3669689696074575
0.11,0.5925,0.36484527495716296
0.11,0.6,0.36388480632154807
0.115,0.0,0.29064408451262225
0.115,0.0075,0.2913242921774071
0.115,0.015,0.2930311193232564
0.115,0.0225,0.2952703294414864
0.115,0.03,0.29776731165588144
0.115,0.0375,0.3003981183835427
0.115,0.045,0.30310488375711764
0.115,0.0525,0.3058582243363847
0.115,0.06,0.30864195450733206
0.115,0.0675,0.3114465225565945
0.115,0.075,0.3142659625900988
0.115,0.08249999999999999,0.3170963700913045
0.115,0.09,0.3199350884684035
0.115,0.0975,0.3227802502577007
0.115,0.105,0.3256305058205511
0.115,0.11249999999999999,0.3284848562672588
0.115,0.12,0.3313425468958378
0.115,0.1275,0.33196838475314205
0.115,0.135,0.329729174634912
0.115,0.1425,0.3280223474890627
0.115,0.15,0.3273421398242779
0.115,0.1575,0.3280223474890627
0.115,0.16499999999999998,0.329729174634912
0.115,0.1725,0.33196838475314205
0.115,0.18,0.3344653669675371
0.115,0.1875,0.33709617369519834
0.115,0.195,0.3398029390687733
0.115,0.20249999999999999,0.34255627964804036
0.115,0.21,0.3453400098189877
0.115,0.2175,0.34814457786825015
0.115,0.22499999999999998,0.3467860772638474
0.115,0.23249999999999998,0.3439666372303431
0.115,0.24,0.34116206918108066
0.115,0.2475,0.3383783390101333
0.115,0.255,0.33562499843086624
0.115,0.2625,0.3329182330572913
0.115,0.27,0.33028742632963004
0.115,0.27749999999999997,0.327790444115235
0.115,0.285,0.325551233997005
0.115,0.2925,0.3238444068511557
0.115,0.3,0.32316419918637085
0.115,0.3075,0.3238444068511557
0.115,0.315,0.325551233997005
0.115,0.3225,0.327790444115235
0.115,0.32999999999999996,0.33028742632963004
0.115,0.33749999999999997,0.3329182330572913
0.115,0.345,0.33562499843086624
0.115,0.3525,0.3383783390101333
0.115,0.36,0.34116206918108066
0.115,0.3675,0.3439666372303431
0.115,0.375,0.3467860772638474
0.115,0.3825,0.34961648476505314
0.115,0.39,0.3524552031421521
0.115,0.39749999999999996,0.3553003649314493
0.115,0.40499999999999997,0.3581506204942997
0.115,0.4125,0.3610049709410074
0.115,0.42,0.3638626615695864
0.115,0.4275,0.36451010390175353
0.115,0.435,0.36404666571960564
0.115,0.4425,0.3637662744467906
0.115,0.44999999999999996,0.3636724152556409
0.115,0.45749999999999996,0.3637662744467906
0.115,0.46499999999999997,0.36404666571960564
0.115,0.4725,0.36451010390175353
0.115,0.48,0.3651510157043356
0.115,0.4875,0.36596205877653415
0.115,0.495,0.36693450880436684
0.115,0.5025,0.368058671433237
0.115,0.51,0.36932428053678396
0.115,0.5175,0.3707208541133916
0.115,0.525,0.3722379906408439
0.115,0.5325,0.3738655993960496
0.115,0.54,0.375594066481755
0.115,0.5475,0.3764066121618226
0.115,0.5549999999999999,0.3752824495329524
0.115,0.5625,0.37430999950511973
0.115,0.57,0.3729289707360371
0.115,0.5775,0.37043198852164205
0.115,0.585,0.368192778403412
0.115,0.5925,0.3664859512575627
0.115,0.6,0.3658057435927779
0.12,0.0,0.29256502178385213
0.12,0.0075,0.2930875203188867
0.12,0.015,0.29448595905508196
0.12,0.0225,0.2964468466146534
0.12,0.03,0.29873334835567095
0.12,0.0375,0.3012092395043865
0.12,0.045,0.3038003107294458
0.12,0.0525,0.3064651208266415
0.12,0.06,0.3091794207765126
0.12,0.0675,0.3119283150511013
0.12,0.075,0.314702238478062
0.12,0.08249999999999999,0.3174948051662997
0.12,0.09,0.3203016058424818
0.12,0.0975,0.32311950618323476
0.12,0.105,0.325946221256066
0.12,0.11249999999999999,0.328780048308282
0.12,0.12,0.3316196937248938
0.12,0.1275,0.3331449019263091
0.12,0.135,0.3311840143667376
0.12,0.1425,0.32978557563054234
0.12,0.15,0.3292630770955078
0.12,0.1575,0.32978557563054234
0.12,0.16499999999999998,0.3311840143667376
0.12,0.1725,0.3331449019263091
0.12,0.18,0.3354314036673266
0.12,0.1875,0.33790729481604215
0.12,0.195,0.34049836604110145
0.12,0.20249999999999999,0.34316317613829717
0.12,0.21,0.34587747608816827
0.12,0.2175,0.3486263703627569
0.12,0.22499999999999998,0.3472223531518106
0.12,0.23249999999999998,0.3444484297248499
0.12,0.24,0.3416995354502612
0.12,0.2475,0.3389852355003901
0.12,0.255,0.3363204254031944
0.12,0.2625,0.33372935417813504
0.12,0.27,0.33125346302941955
0.12,0.27749999999999997,0.3289669612884021
0.12,0.285,0.32700607372883056
0.12,0.2925,0.3256076349926353
0.12,0.3,0.32508513645760073
0.12,0.3075,0.3256076349926353
0.12,0.315,0.32700607372883056
0.12,0.3225,0.3289669612884021
0.12,0.32999999999999996,0.33125346302941955
0.12,0.33749999999999997,0.33372935417813504
0.12,0.345,0.3363204254031944
0.12,0.3525,0.3389852355003901
0.12,0.36,0.3416995354502612
0.12,0.3675,0.3444484297248499
0.12,0.375,0.3472223531518106
0.12,0.3825,0.3500149198400483
0.12,0.39,0.3528217205162304
0.12,0.39749999999999996,0.35563962085698336
0.12,0.40499999999999997,0.3584663359298146
0.12,0.4125,0.3613001629820306
0.12,0.42,0.3641398083986424
0.12,0.4275,0.36639674783942244
0.12,0.435,0.3659521322142594
0.12,0.4425,0.3656833086992568
0.12,0.44999999999999996,0.3655933525268708
0.12,0.45749999999999996,0.3656833086992568
0.12,0.46499999999999997,0.3659521322142594
0.12,0.4725,0.36639674783942244
0.12,0.48,0.367012221634153
0.12,0.4875,0.3677920225995877
0.12,0.495,0.368728343737078
0.12,0.5025,0.36981244881096886
0.12,0.51,0.37103501384514914
0.12,0.5175,0.37238643911823643
0.12,0.525,0.3738571159352945
0.12,0.5325,0.3754376407666778
0.12,0.54,0.37711897615424994
0.12,0.5475,0.37816038953955444
0.12,0.5549999999999999,0.3770762844656636
0.12,0.5625,0.3761399633281733
0.12,0.57,0.3738950074358266
0.12,0.5775,0.3716085056948091
0.12,0.585,0.3696476181352376
0.12,0.5925,0.3682491793990423
0.12,0.6,0.3677266808640078
0.125,0.0,0.29448595905508196
0.125,0.0075,0.2949088596469477
0.125,0.015,0.2960821655204894
0.125,0.0225,0.29780305663150175
0.125,0.03,0.2998842723989927
0.125,0.0375,0.3021963672698555
0.125,0.045,0.30465853236755214
0.125,0.0525,0.307221203316551
0.125,0.06,0.3098534572249208
0.125,0.0675,0.31253543151817725
0.125,0.075,0.3152539577959076
0.125,0.08249999999999999,0.3180000362628099
0.125,0.09,0.32076734241964744
0.125,0.0975,0.3235513192466161
0.125,0.105,0.32634860924228937
0.125,0.11249999999999999,0.32915668912836904
0.125,0.12,0.33197362876655795
0.125,0.1275,0.3345011119431574
0.125,0.135,0.33278022083214504
0.125,0.1425,0.33160691495860334
0.125,0.15,0.3311840143667376
0.125,0.1575,0.33160691495860334
0.125,0.16499999999999998,0.33278022083214504
0.125,0.1725,0.3345011119431574
0.125,0.18,0.33658232771064833
0.125,0.1875,0.33889442258151115
0.125,0.195,0.3413565876792078
0.125,0.20249999999999999,0.34391925862820666
0.125,0.21,0.34655151253657646
0.125,0.2175,0.3492334868298329
0.125,0.22499999999999998,0.3477740724696562
0.125,0.23249999999999998,0.34505554619192585
0.125,0.24,0.3423735718986694
0.125,0.2475,0.3397413179902996
0.125,0.255,0.33717864704130074
0.125,0.2625,0.3347164819436041
0.125,0.27,0.3324043870727413
0.125,0.27749999999999997,0.33032317130525035
0.125,0.285,0.328602280194238
0.125,0.2925,0.3274289743206963
0.125,0.3,0.32700607372883056
0.125,0.3075,0.3274289743206963
0.125,0.315,0.328602280194238
0.125,0.3225,0.33032317130525035
0.125,0.32999999999999996,0.3324043870727413
0.125,0.33749999999999997,0.3347164819436041
0.125,0.345,0.33717864704130074
0.125,0.3525,0.3397413179902996
0.125,0.36,0.3423735718986694
0.125,0.3675,0.34505554619192585
0.125,0.375,0.3477740724696562
0.125,0.3825,0.3505201509365585
0.125,0.39,0.35328745709339604
0.125,0.39749999999999996,0.35607143392036467
0.125,0.40499999999999997,0.35886872391603797
0.125,0.4125,0.36167680380211764
0.125,0.42,0.36449374344030655
0.125,0.4275,0.36731804290968617
0.125,0.435,0.3678588226220386
0.125,0.4425,0.36760065431706856
0.125,0.44999999999999996,0.36751428979810064
0.125,0.45749999999999996,0.36760065431706856
0.125,0.46499999999999997,0.3678588226220386
0.125,0.4725,0.3682860678232358
0.125,0.48,0.3688780020935205
0.125,0.4875,0.3696287927574291
0.125,0.495,0.3705314301144615
0.125,0.5025,0.3715780205432589
0.125,0.51,0.37276007990016385
0.125,0.5175,0.3740688068611868
0.125,0.525,0.3754953221251377
0.125,0.5325,0.3770308658380003
0.125,0.54,0.37866695116315097
0.125,0.5475,0.37992596127184447
0.125,0.5549999999999999,0.37887937084304707
0.125,0.5625,0.37735802635001114
0.125,0.57,0.37504593147914833
0.125,0.5775,0.3729647157116574
0.125,0.585,0.37124382460064503
0.125,0.5925,0.37007051872710334
0.125,0.6,0.3696476181352376
0.13,0.0,0.29640689632631184
0.13,0.0075,0.2967616136031324
0.13,0.015,0.29776731165588144
0.13,0.0225,0.2992883022331566
0.13,0.03,0.30118096594758004
0.13,0.0375,0.30333127269893273
0.13,0.045,0.30565938618404004
0.13,0.0525,0.3081119097973853
0.13,0.06,0.31065335061283017
0.13,0.0675,0.31325982974470234
0.13,0.075,0.3159149640681527
0.13,0.08249999999999999,0.31860726415952584
0.13,0.09,0.32132849481530257
0.13,0.0975,0.3240726301645781
0.13,0.105,0.3268351759738367
0.13,0.11249999999999999,0.32961272136762665
0.13,0.12,0.3324026363157314
0.13,0.1275,0.33520286349254735
0.13,0.135,0.3344653669675371
0.13,0.1425,0.33345966891478807
0.13,0.15,0.3331049516379675
0.13,0.1575,0.33345966891478807
0.13,0.16499999999999998,0.3344653669675371
0.13,0.1725,0.33598635754481226
0.13,0.18,0.3378790212592357
0.13,0.1875,0.3400293280105884
0.13,0.195,0.3423574414956957
0.13,0.20249999999999999,0.34480996510904094
0.13,0.21,0.3473514059244858
0.13,0.2175,0.349957885056358
0.13,0.22499999999999998,0.3484350787419013
0.13,0.23249999999999998,0.34577994441845095
0.13,0.24,0.34317346528657877
0.13,0.2475,0.34063202447113383
0.13,0.255,0.33817950085778864
0.13,0.2625,0.3358513873726813
0.13,0.27,0.33370108062132864
0.13,0.27749999999999997,0.3318084169069052
0.13,0.285,0.33028742632963004
0.13,0.2925,0.329281728276881
0.13,0.3,0.32892701100006044
0.13,0.3075,0.329281728276881
0.13,0.315,0.33028742632963004
0.13,0.3225,0.3318084169069052
0.13,0.32999999999999996,0.33370108062132864
0.13,0.33749999999999997,0.3358513873726813
0.13,0.345,0.33817950085778864
0.13,0.3525,0.34063202447113383
0.13,0.36,0.34317346528657877
0.13,0.3675,0.34577994441845095
0.13,0.375,0.3484350787419013
0.13,0.3825,0.35112737883327444
0.13,0.39,0.35384860948905117
0.13,0.39749999999999996,0.3565927448383267
0.13,0.40499999999999997,0.3593552906475853
0.13,0.4125,0.36213283604137525
0.13,0.42,0.36492275098948
0.13,0.4275,0.36772297816629596
0.13,0.435,0.3697665976936634
0.13,0.4425,0.36951827550017063
0.13,0.44999999999999996,0.3694352270693305
0.13,0.45749999999999996,0.36951827550017063
0.13,0.46499999999999997,0.3697665976936634
0.13,0.4725,0.3701777646106748
0.13,0.48,0.3707478575393708
0.13,0.4875,0.37147164773817326
0.13,0.495,0.37234282108401817
0.13,0.5025,0.3733542268314194
0.13,0.51,0.3744981302638491
0.13,0.5175,0.37576645219458177
0.13,0.525,0.3771509828871462
0.13,0.5325,0.37864356294282664
0.13,0.54,0.38023622821130404
0.13,0.5475,0.38170216756000497
0.13,0.5549999999999999,0.38069076181260375
0.13,0.5625,0.3784929317790884
0.13,0.57,0.37634262502773574
0.13,0.5775,0.37444996131331226
0.13,0.585,0.3729289707360371
0.13,0.5925,0.371923272683288
0.13,0.6,0.3715685554064675
0.135,0.0,0.29832783359754167
0.135,0.0075,0.29863309076055644
0.135,0.015,0.2995106951072166
0.135,0.0225,0.3008666566480282
0.135,0.03,0.30259143927070725
0.135,0.0375,0.3045884414453559
0.135,0.045,0.3067833273970655
0.135,0.0525,0.30912240509822464
0.135,0.06,0.31156778614674
0.135,0.0675,0.3140927858401584
0.135,0.075,0.3166784423842994
0.135,0.08249999999999999,0.31931109262294627
0.135,0.09,0.3219807336114581
0.135,0.0975,0.3246799221735066
0.135,0.105,0.32740303183469754
0.135,0.11249999999999999,0.3301457455225501
0.135,0.12,0.33290470447967907
0.135,0.1275,0.33567726171381457
0.135,0.135,0.33620875041887227
0.135,0.1425,0.3353311460722121
0.135,0.15,0.3350258889091973
0.135,0.1575,0.3353311460722121
0.135,0.16499999999999998,0.33620875041887227
0.135,0.1725,0.33756471195968385
0.135,0.18,0.3392894945823629
0.135,0.1875,0.34128649675701156
0.135,0.195,0.34348138270872114
0.135,0.20249999999999999,0.3458204604098803
0.135,0.21,0.3482658414583957
0.135,0.2175,0.350790841151814
0.135,0.22499999999999998,0.349198557058048
0.135,0.23249999999999998,0.346612900513907
0.135,0.24,0.3440879008204886
0.135,0.2475,0.34164251977197324
0.135,0.255,0.3393034420708141
0.135,0.2625,0.3371085561191045
0.135,0.27,0.33511155394445585
0.135,0.27749999999999997,0.3333867713217768
0.135,0.285,0.3320308097809652
0.135,0.2925,0.33115320543430504
0.135,0.3,0.33084794827129027
0.135,0.3075,0.33115320543430504
0.135,0.315,0.3320308097809652
0.135,0.3225,0.3333867713217768
0.135,0.32999999999999996,0.33511155394445585
0.135,0.33749999999999997,0.3371085561191045
0.135,0.345,0.3393034420708141
0.135,0.3525,0.34164251977197324
0.135,0.36,0.3440879008204886
0.135,0.3675,0.346612900513907
0.135,0.375,0.349198557058048
0.135,0.3825,0.35183120729669487
0.135,0.39,0.3545008482852067
0.135,0.39749999999999996,0.3572000368472552
0.135,0.40499999999999997,0.35992314650844615
0.135,0.4125,0.3626658601962987
0.135,0.42,0.36542481915342767
0.135,0.4275,0.36819737638756317
0.135,0.435,0.37098142096729564
0.135,0.4425,0.3714361417301227
0.135,0.44999999999999996,0.37135616434056035
0.135,0.45749999999999996,0.3714361417301227
0.135,0.46499999999999997,0.3716753384689215
0.135,0.4725,0.3720715816715605
0.135,0.48,0.3726213577326779
0.135,0.4875,0.3733199625984264
0.135,0.495,0.37416169119190906
0.135,0.5025,0.37514004938614237
0.135,0.51,0.3762479721088935
0.135,0.5175,0.3774780333236235
0.135,0.525,0.3788226370232125
0.135,0.5325,0.38027418221075454
0.135,0.54,0.3818251984726764
0.135,0.5475,0.3834684517514109
0.135,0.5549999999999999,0.38194498647722114
0.135,0.5625,0.37975010052551156
0.135,0.57,0.3777530983508629
0.135,0.5775,0.37602831572818385
0.135,0.585,0.37467235418737227
0.135,0.5925,0.37379474984071204
0.135,0.6,0.3734894926776973
0.14,0.0,0.30024877086877155
0.14,0.0075,0.3005165693062888
0.14,0.015,0.3012937679388406
0.14,0.0225,0.30251313306589345
0.14,0.03,0.30409064541123126
0.14,0.0375,0.30594599439184855
0.14,0.045,0.3080124205303742
0.14,0.0525,0.3102383722964813
0.14,0.06,0.3125854240124092
0.14,0.0675,0.31502530195847267
0.14,0.075,0.3175372063098402
0.14,0.08249999999999999,0.3201057315308296
0.14,0.09,0.32271934875995884
0.14,0.0975,0.32536932649261363
0.14,0.105,0.3280489689543504
0.14,0.11249999999999999,0.3307041655367093
0.14,0.12,0.33326442094814285
0.14,0.1275,0.3358569670886061
0.14,0.135,0.33799182325049626
0.14,0.1425,0.33721462461794444
0.14,0.15,0.3369468261804272
0.14,0.1575,0.33721462461794444
0.14,0.16499999999999998,0.33799182325049626
0.14,0.1725,0.3392111883775491
0.14,0.18,0.3407887007228869
0.14,0.1875,0.3426440497035042
0.14,0.195,0.34471047584202985
0.14,0.20249999999999999,0.346936427608137
0.14,0.21,0.34928347932406484
0.14,0.2175,0.3517233572701283
0.14,0.22499999999999998,0.3500573209835888
0.14,0.23249999999999998,0.34754541663222127
0.14,0.24,0.3451055386861578
0.14,0.2475,0.3427584869702299
0.14,0.255,0.3405325352041228
0.14,0.2625,0.33846610906559715
0.14,0.27,0.33661076008497987
0.14,0.27749999999999997,0.33503324773964205
0.14,0.285,0.3338138826125892
0.14,0.2925,0.3330366839800374
0.14,0.3,0.33276888554252015
0.14,0.3075,0.3330366839800374
0.14,0.315,0.3338138826125892
0.14,0.3225,0.33503324773964205
0.14,0.32999999999999996,0.33661076008497987
0.14,0.33749999999999997,0.33846610906559715
0.14,0.345,0.3405325352041228
0.14,0.3525,0.3427584869702299
0.14,0.36,0.3451055386861578
0.14,0.3675,0.34754541663222127
0.14,0.375,0.3500573209835888
0.14,0.3825,0.3526258462045782
0.14,0.39,0.3552394634337075
0.14,0.39749999999999996,0.35788944116636223
0.14,0.40499999999999997,0.360569083628099
0.14,0.4125,0.3632731924385385
0.14,0.42,0.3659976835278411
0.14,0.4275,0.368739311950911
0.14,0.435,0.37149547207701844
0.14,0.4425,0.3733542268314194
0.14,0.44999999999999996,0.37327710161179023
0.14,0.45749999999999996,0.3733542268314194
0.14,0.46499999999999997,0.3735849427216914
0.14,0.4725,0.37396729787900457
0.14,0.48,0.3744981302638491
0.14,0.4875,0.3751731936364714
0.14,0.495,0.3759873180834505
0.14,0.5025,0.376934591357032
0.14,0.51,0.37800854765049
0.14,0.5175,0.379202351885788
0.14,0.525,0.3805089700825436
0.14,0.5325,0.38192131933232454
0.14,0.54,0.3834323938137363
0.14,0.5475,0.38503536579641995
0.14,0.5549999999999999,0.38317407961052985
0.14,0.5625,0.3811076534720042
0.14,0.57,0.3792523044913869
0.14,0.5775,0.37767479214604904
0.14,0.585,0.37645542701899626
0.14,0.5925,0.37567822838644443
0.14,0.6,0.3754104299489272
0.145,0.0,0.3021697081400014
0.145,0.0075,0.3024081805836681
0.145,0.015,0.30310488375711764
0.145,0.0225,0.3042103311343558
0.145,0.03,0.30565938618404004
0.145,0.0375,0.3072947152610646
0.145,0.045,0.3090219134222363
0.145,0.0525,0.31093177826157364
0.145,0.06,0.31299085833506013
0.145,0.0675,0.3151716103847764
0.145,0.075,0.31745176382947016
0.145,0.08249999999999999,0.31981347317637815
0.145,0.09,0.3222424812492815
0.145,0.0975,0.3247273866236525
0.145,0.105,0.327259039807421
0.145,0.11249999999999999,0.3298300614200622
0.145,0.12,0.3324344643154452
0.145,0.1275,0.3350673596991533
0.145,0.135,0.3377247292281314
0.145,0.1425,0.33910623589532374
0.145,0.15,0.33886776345165703
0.145,0.1575,0.33910623589532374
0.145,0.16499999999999998,0.3398029390687733
0.145,0.1725,0.34090838644601146
0.145,0.18,0.3423574414956957
0.145,0.1875,0.34408382756067835
0.145,0.195,0.3460288678835594
0.145,0.20249999999999999,0.34814457786825015
0.145,0.21,0.35039338707903617
0.145,0.2175,0.3527464982382494
0.145,0.22499999999999998,0.35100406583735133
0.145,0.23249999999999998,0.34856855760034233
0.145,0.24,0.3462154464411291
0.145,0.2475,0.3439666372303431
0.145,0.255,0.34185092724565236
0.145,0.2625,0.3399058869227713
0.145,0.27,0.33817950085778864
0.145,0.27749999999999997,0.3367304458081044
0.145,0.285,0.33562499843086624
0.145,0.2925,0.3349282952574167
0.145,0.3,0.33468982281375
0.145,0.3075,0.3349282952574167
0.145,0.315,0.33562499843086624
0.145,0.3225,0.3367304458081044
0.145,0.32999999999999996,0.33817950085778864
0.145,0.33749999999999997,0.3399058869227713
0.145,0.345,0.34185092724565236
0.145,0.3525,0.3439666372303431
0.145,0.36,0.3462154464411291
0.145,0.3675,0.34856855760034233
0.145,0.375,0.35100406583735133
0.145,0.3825,0.3535052999030429
0.145,0.39,0.35605950424352745
0.145,0.39749999999999996,0.3586568415575524
0.145,0.40499999999999997,0.3612896545975331
0.145,0.4125,0.3639519244265113
0.145,0.42,0.36663887309240506
0.145,0.4275,0.3693466710854497
0.145,0.435,0.3720722205472361
0.145,0.4425,0.37481299334220636
0.145,0.44999999999999996,0.37519803888302006
0.145,0.45749999999999996,0.37527250822600267
0.145,0.46499999999999997,0.3754953221251377
0.145,0.4725,0.3758647216422647
0.145,0.48,0.3763778512583404
0.145,0.4875,0.3770308658380003
0.145,0.495,0.3778190673161147
0.145,0.5025,0.3787370604272978
0.145,0.51,0.37977891653643414
0.145,0.5175,0.380938335589668
0.145,0.525,0.38220879803454555
0.145,0.5325,0.38358370083150944
0.145,0.54,0.38505647400622456
0.145,0.5475,0.38660818163675015
0.145,0.5549999999999999,0.3844924716520594
0.145,0.5625,0.38254743132917834
0.145,0.57,0.3808210452641957
0.145,0.5775,0.3793719902145114
0.145,0.585,0.3782665428372733
0.145,0.5925,0.37756983966382374
0.145,0.6,0.37733136722015703
0.15,0.0,0.30092963783264653
0.15,0.0075,0.30114454116863354
0.15,0.015,0.30177543901637793
0.15,0.0225,0.3027849868132638
0.15,0.03,0.3041220507634613
0.15,0.0375,0.3057319810107212
0.15,0.045,0.3075638329854861
0.15,0.0525,0.3095738555531809
0.15,0.06,0.311726264520468
0.15,0.0675,0.3139925829794668
0.15,0.075,0.31635045426219355
0.15,0.08249999999999999,0.3187824088791755
0.15,0.09,0.32127478445758684
0.15,0.0975,0.32381685049256076
0.15,0.105,0.3264001263555846
0.15,0.11249999999999999,0.32901786019663065
0.15,0.12,0.3316646341723242
0.15,0.1275,0.33433606597902543
0.15,0.135,0.33702858275883707
0.15,0.1425,0.3397392490824961
0.15,0.15,0.3407887007228869
0.15,0.1575,0.3410036040588739
0.15,0.16499999999999998,0.34163450190661826
0.15,0.1725,0.3426440497035042
0.15,0.18,0.3439811136537017
0.15,0.1875,0.3455910439009615
0.15,0.195,0.3474228958757265
0.15,0.20249999999999999,0.3494329184434212
0.15,0.21,0.35158532741070836
0.15,0.2175,0.3538516458697072
0.15,0.22499999999999998,0.3520315765145269
0.15,0.23249999999999998,0.34967370523180014
0.15,0.24,0.34740738677280125
0.15,0.2475,0.3452549778055142
0.15,0.255,0.34324495523781945
0.15,0.2625,0.34141310326305446
0.15,0.27,0.33980317301579466
0.15,0.27749999999999997,0.33846610906559715
0.15,0.285,0.3374565612687112
0.15,0.2925,0.33682566342096687
0.15,0.3,0.33661076008497987
0.15,0.3075,0.33682566342096687
0.15,0.315,0.3374565612687112
0.15,0.3225,0.33846610906559715
0.15,0.32999999999999996,0.33980317301579466
0.15,0.33749999999999997,0.34141310326305446
0.15,0.345,0.34324495523781945
0.15,0.3525,0.3452549778055142
0.15,0.36,0.34740738677280125
0.15,0.3675,0.34967370523180014
0.15,0.375,0.3520315765145269
0.15,0.3825,0.35446353113150886
0.15,0.39,0.35695590670992017
0.15,0.39749999999999996,0.3594979727448941
0.15,0.40499999999999997,0.3620812486079179
0.15,0.4125,0.364698982448964
0.15,0.42,0.36734575642465755
0.15,0.4275,0.37001718823135876
0.15,0.435,0.3727097050111704
0.15,0.4425,0.3754203713348294
0.15,0.44999999999999996,0.37711897615424994
0.15,0.45749999999999996,0.3771909663361434
0.15,0.46499999999999997,0.3774063999728605
0.15,0.4725,0.37776368616221095
0.15,0.48,0.3782602377996865
0.15,0.4875,0.3788925625383527
0.15,0.495,0.379656379705444
0.15,0.5025,0.380546754538493
0.15,0.51,0.38155824075579425
0.15,0.5175,0.38268502309610186
0.15,0.525,0.3839210528020979
0.15,0.5325,0.38526017077033964
0.15,0.54,0.38669621494669437
0.15,0.5475,0.3878965222119212
0.15,0.5549999999999999,0.3858864996442265
0.15,0.5625,0.3840546476694615
0.15,0.57,0.3824447174222017
0.15,0.5775,0.3811076534720042
0.15,0.585,0.38009810567511826
0.15,0.5925,0.3794672078273739
0.15,0.6,0.3792523044913869
0.155,0.0,0.29900870056141665
0.155,0.0075,0.2992471730050834
0.155,0.015,0.2999438761785329
0.155,0.0225,0.3010493235557711
0.155,0.03,0.30249837860545536
0.155,0.0375,0.30422476467043796
0.155,0.045,0.30616980499331903
0.155,0.0525,0.30828551497800977
0.155,0.06,0.3105343241887958
0.155,0.0675,0.312887435348009
0.155,0.075,0.315322943585018
0.155,0.08249999999999999,0.3178241776507096
0.155,0.09,0.3203783819911941
0.155,0.0975,0.3229757193052191
0.155,0.105,0.32560853234519976
0.155,0.11249999999999999,0.328270802174178
0.155,0.12,0.33095775084007173
0.155,0.1275,0.3336655488331164
0.155,0.135,0.33639109829490277
0.155,0.1425,0.33913187108987297
0.155,0.15,0.34188578680843773
0.155,0.1575,0.34290519258860724
0.155,0.16499999999999998,0.34348138270872114
0.155,0.1725,0.344409406854079
0.155,0.18,0.3456486030308294
0.155,0.1875,0.347153778151305
0.155,0.195,0.34888097631247666
0.155,0.20249999999999999,0.350790841151814
0.155,0.21,0.35284992122530046
0.155,0.2175,0.3550306732750168
0.155,0.22499999999999998,0.3531328860818035
0.155,0.23249999999999998,0.35085273263710975
0.155,0.24,0.34867198058739346
0.155,0.2475,0.346612900513907
0.155,0.255,0.3447030356745696
0.155,0.2625,0.34297583751339794
0.155,0.27,0.34147066239292234
0.155,0.27749999999999997,0.34023146621617195
0.155,0.285,0.3393034420708141
0.155,0.2925,0.3387272519507002
0.155,0.3,0.3385316973562097
0.155,0.3075,0.3387272519507002
0.155,0.315,0.3393034420708141
0.155,0.3225,0.34023146621617195
0.155,0.32999999999999996,0.34147066239292234
0.155,0.33749999999999997,0.34297583751339794
0.155,0.345,0.3447030356745696
0.155,0.3525,0.346612900513907
0.155,0.36,0.34867198058739346
0.155,0.3675,0.35085273263710975
0.155,0.375,0.3531328860818035
0.155,0.3825,0.3554945954287115
0.155,0.39,0.35792360350161484
0.155,0.39749999999999996,0.36040850887598586
0.155,0.40499999999999997,0.3629401620597543
0.155,0.4125,0.36551118367239555
0.155,0.42,0.36811558656777854
0.155,0.4275,0.37074848195148663
0.155,0.435,0.37340585148046473
0.155,0.4425,0.37608437042569254
0.155,0.44999999999999996,0.37878127007051643
0.155,0.45749999999999996,0.3791095841023689
0.155,0.46499999999999997,0.37931810933312177
0.155,0.4725,0.3796640455679569
0.155,0.48,0.38014504171477126
0.155,0.4875,0.38075791686629856
0.155,0.495,0.3814987607395074
0.155,0.5025,0.3823630498035486
0.155,0.51,0.38334577168889566
0.155,0.5175,0.3844415508543056
0.155,0.525,0.3856447694663382
0.155,0.5325,0.38694967878973363
0.155,0.54,0.3883504978653814
0.155,0.5475,0.389254444920314
0.155,0.5549999999999999,0.38734458008097666
0.155,0.5625,0.385617381919805
0.155,0.57,0.38411220679932945
0.155,0.5775,0.382873010622579
0.155,0.585,0.38194498647722114
0.155,0.5925,0.38136879635710724
0.155,0.6,0.38117324176261674
0.16,0.0,0.2970877632901868
0.16,0.0075,0.29735556172770405
0.16,0.015,0.2981327603602559
0.16,0.0225,0.2993521254873087
0.16,0.03,0.30092963783264653
0.16,0.0375,0.3027849868132638
0.16,0.045,0.30485141295178947
0.16,0.0525,0.3070773647178966
0.16,0.06,0.30942441643382446
0.16,0.0675,0.31186429437988794
0.16,0.075,0.3143761987312555
0.16,0.08249999999999999,0.3169447239522449
0.16,0.09,0.3195583411813741
0.16,0.0975,0.3222083189140289
0.16,0.105,0.32488796137576564
0.16,0.11249999999999999,0.3275920701862052
0.16,0.12,0.3303165612755078
0.16,0.1275,0.33305818969857764
0.16,0.135,0.3358143498246851
0.16,0.1425,0.3385829286175849
0.16,0.15,0.34136219667860657
0.16,0.1575,0.34415072643531824
0.16,0.16499999999999998,0.3453400098189877
0.16,0.1725,0.34619807087045024
0.16,0.18,0.3473514059244858
0.16,0.1875,0.3487624569695585
0.16,0.195,0.35039338707903617
0.16,0.20249999999999999,0.3522090929460233
0.16,0.21,0.3541787145078831
0.16,0.2175,0.35627604975775057
0.16,0.22499999999999998,0.3543013873726813
0.16,0.23249999999999998,0.3520981091198435
0.16,0.24,0.350000773869976
0.16,0.2475,0.34803115230811627
0.16,0.255,0.3462154464411291
0.16,0.2625,0.34458451633165144
0.16,0.27,0.34317346528657877
0.16,0.27749999999999997,0.3420201302325432
0.16,0.285,0.34116206918108066
0.16,0.2925,0.3406320244711339
0.16,0.3,0.3404526346274396
0.16,0.3075,0.3406320244711339
0.16,0.315,0.34116206918108066
0.16,0.3225,0.3420201302325432
0.16,0.32999999999999996,0.34317346528657877
0.16,0.33749999999999997,0.34458451633165144
0.16,0.345,0.3462154464411291
0.16,0.3525,0.34803115230811627
0.16,0.36,0.350000773869976
0.16,0.3675,0.3520981091198435
0.16,0.375,0.3543013873726813
0.16,0.3825,0.3565927448383267
0.16,0.39,0.358957614342896
0.16,0.39749999999999996,0.3613841396740096
0.16,0.40499999999999997,0.3638626615695864
0.16,0.4125,0.3663852877890426
0.16,0.42,0.3689455432004762
0.16,0.4275,0.3715380893409394
0.16,0.435,0.3741585014642205
0.16,0.4425,0.3768030918936797
0.16,0.44999999999999996,0.3794687701111213
0.16,0.45749999999999996,0.38102834659139345
0.16,0.46499999999999997,0.38123039154328886
0.16,0.4725,0.38156567175046185
0.16,0.48,0.3820320444467785
0.16,0.4875,0.38262660462733744
0.16,0.495,0.3833457716888956
0.16,0.5025,0.38418539024381065
0.16,0.51,0.3851408389769859
0.16,0.5175,0.38620714163687253
0.16,0.525,0.3873790749625651
0.16,0.5325,0.38865126938108174
0.16,0.54,0.3900182994851972
0.16,0.5475,0.3906726967145233
0.16,0.5549999999999999,0.38885699084753617
0.16,0.5625,0.3872260607380585
0.16,0.57,0.3858150096929858
0.16,0.5775,0.38466167463895024
0.16,0.585,0.3838036135874877
0.16,0.5925,0.38327356887754094
0.16,0.6,0.3830941790338466
0.165,0.0,0.29516682601895694
0.165,0.0075,0.2954720831819717
0.165,0.015,0.2963496875286319
0.165,0.0225,0.29770564906944347
0.165,0.03,0.2994304316921225
0.165,0.0375,0.3014274338667712
0.165,0.045,0.30362231981848076
0.165,0.0525,0.3059613975196399
0.165,0.06,0.3084067785681553
0.165,0.0675,0.31093177826157364
0.165,0.075,0.31351743480571465
0.165,0.08249999999999999,0.31615008504436154
0.165,0.09,0.3188197260328734
0.165,0.0975,0.3215189145949219
0.165,0.105,0.3242420242561128
0.165,0.11249999999999999,0.3269847379439654
0.165,0.12,0.32974369690109434
0.165,0.1275,0.33251625413522984
0.165,0.135,0.3353002987149623
0.165,0.1425,0.3380941287452584
0.165,0.15,0.3408963582661446
0.165,0.1575,0.34370584812155885
0.165,0.16499999999999998,0.34652165399435286
0.165,0.1725,0.3480053095439203
0.165,0.18,0.34908296413383577
0.165,0.1875,0.35040939044548436
0.165,0.195,0.35195201310756324
0.165,0.20249999999999999,0.35367967847596493
0.165,0.21,0.3555641775762404
0.165,0.2175,0.3575808904766814
0.165,0.22499999999999998,0.35553090349864336
0.165,0.23249999999999998,0.35340294983877435
0.165,0.24,0.3513862369383334
0.165,0.2475,0.3495017378380578
0.165,0.255,0.3477740724696562
0.165,0.2625,0.3462314498075773
0.165,0.27,0.3449050234959287
0.165,0.27749999999999997,0.34382736890601323
0.165,0.285,0.34302988713368954
0.165,0.2925,0.34253925721083583
0.165,0.3,0.3423735718986694
0.165,0.3075,0.34253925721083583
0.165,0.315,0.34302988713368954
0.165,0.3225,0.34382736890601323
0.165,0.32999999999999996,0.3449050234959287
0.165,0.33749999999999997,0.3462314498075773
0.165,0.345,0.3477740724696562
0.165,0.3525,0.3495017378380578
0.165,0.36,0.3513862369383334
0.165,0.3675,0.35340294983877435
0.165,0.375,0.35553090349864336
0.165,0.3825,0.35775250259890523
0.165,0.39,0.3600531165287191
0.165,0.39749999999999996,0.36242063325708057
0.165,0.40499999999999997,0.3648450381596939
0.165,0.4125,0.36731804290968617
0.165,0.42,0.36983277110418317
0.165,0.4275,0.3723834980997169
0.165,0.435,0.37496543865470977
0.165,0.4425,0.37757457492328395
0.165,0.44999999999999996,0.38020751764672384
0.165,0.45749999999999996,0.3828613942471081
0.165,0.46499999999999997,0.3831431949736672
0.165,0.4725,0.38346845175141087
0.165,0.48,0.3839210528020979
0.165,0.4875,0.3844983383561584
0.165,0.495,0.3851970221117526
0.165,0.5025,0.38601327904966487
0.165,0.51,0.38694284093854053
0.165,0.5175,0.38798109454782626
0.165,0.525,0.3891231780993392
0.165,0.5325,0.39036407228057224
0.165,0.54,0.3916986830780774
0.165,0.5475,0.39214328224446493
0.165,0.5549999999999999,0.39041561687606324
0.165,0.5625,0.38887299421398436
0.165,0.57,0.38754656790233577
0.165,0.5775,0.3864689133124203
0.165,0.585,0.38567143154009664
0.165,0.5925,0.3851808016172429
0.165,0.6,0.38501511630507645
0.17,0.0,0.2932458887477271
0.17,0.0075,0.2936006060245477
0.17,0.015,0.2946063040772967
0.17,0.0225,0.2961272946545719
0.17,0.03,0.2980199583689953
0.17,0.0375,0.300170265120348
0.17,0.045,0.3024983786054553
0.17,0.0525,0.30495090221880056
0.17,0.06,0.30749234303424544
0.17,0.0675,0.3100988221661176
0.17,0.075,0.312753956489568
0.17,0.08249999999999999,0.3154462565809411
0.17,0.09,0.31816748723671784
0.17,0.0975,0.3209116225859934
0.17,0.105,0.323674168395252
0.17,0.11249999999999999,0.3264517137890419
0.17,0.12,0.3292416287371467
0.17,0.1275,0.3320418559139626
0.17,0.135,0.33485076483567155
0.17,0.1425,0.33766704786967144
0.17,0.15,0.3404896449026802
0.17,0.1575,0.3433176879560479
0.17,0.16499999999999998,0.3461504599050916
0.17,0.1725,0.3489873633185013
0.17,0.18,0.35083817282715624
0.17,0.1875,0.352088384043183
0.17,0.195,0.3535500959087794
0.17,0.20249999999999999,0.3551957302571108
0.17,0.21,0.3569996611541374
0.17,0.2175,0.35893896532146174
0.17,0.22499999999999998,0.35681572486552776
0.17,0.23249999999999998,0.35476102468355464
0.17,0.24,0.3528217205162304
0.17,0.2475,0.35101778961920377
0.17,0.255,0.3493721552708723
0.17,0.2625,0.34791044340527594
0.17,0.27,0.3466602321892492
0.17,0.27749999999999997,0.3456496174057294
0.17,0.285,0.3449050234959287
0.17,0.2925,0.3444484297248499
0.17,0.3,0.3442945091698993
0.17,0.3075,0.3444484297248499
0.17,0.315,0.3449050234959287
0.17,0.3225,0.3456496174057294
0.17,0.32999999999999996,0.3466602321892492
0.17,0.33749999999999997,0.34791044340527594
0.17,0.345,0.3493721552708723
0.17,0.3525,0.35101778961920377
0.17,0.36,0.3528217205162304
0.17,0.3675,0.35476102468355464
0.17,0.375,0.35681572486552776
0.17,0.3825,0.35896871228059424
0.17,0.39,0.36120549676894687
0.17,0.39749999999999996,0.3635138856784552
0.17,0.40499999999999997,0.3658836521712651
0.17,0.4125,0.36830622506027244
0.17,0.42,0.37077441426829594
0.17,0.4275,0.3732821756634705
0.17,0.435,0.37582441365513264
0.17,0.4425,0.3783968175293742
0.17,0.44999999999999996,0.3809957267434146
0.17,0.45749999999999996,0.3832979763030245
0.17,0.46499999999999997,0.3843036743557735
0.17,0.4725,0.3853722855975153
0.17,0.48,0.385811895403692
0.17,0.4875,0.3863728623234455
0.17,0.495,0.3870521635109576
0.17,0.5025,0.3878462711168302
0.17,0.51,0.38875123630104547
0.17,0.5175,0.38976277630624123
0.17,0.525,0.39087636074725035
0.17,0.5325,0.3920872938802808
0.17,0.54,0.3933907903583247
0.17,0.5475,0.3936593340256108
0.17,0.5549999999999999,0.3920136996772794
0.17,0.5625,0.390551987811683
0.17,0.57,0.38930177659565623
0.17,0.5775,0.38829116181213646
0.17,0.585,0.38754656790233577
0.17,0.5925,0.3870899741312569
0.17,0.6,0.38693605357630634
0.17500000000000002,0.0,0.29132495147649723
0.17500000000000002,0.0075,0.29174785206836296
0.17500000000000002,0.015,0.29292115794190465
0.17500000000000002,0.0225,0.294642049052917
0.17500000000000002,0.03,0.29672326482040795
0.17500000000000002,0.0375,0.29903535969127076
0.17500000000000002,0.045,0.3014975247889674
0.17500000000000002,0.0525,0.3040601957379663
0.17500000000000002,0.06,0.3066924496463361
0.17500000000000002,0.0675,0.3093744239395925
0.17500000000000002,0.075,0.31209295021732286
0.17500000000000002,0.08249999999999999,0.3148390286842252
0.17500000000000002,0.09,0.3176063348410627
0.17500000000000002,0.0975,0.3203903116680314
0.17500000000000002,0.105,0.32318760166370464
0.17500000000000002,0.11249999999999999,0.3259956815497843
0.17500000000000002,0.12,0.3288126211879732
0.17500000000000002,0.1275,0.33163692065735284
0.17500000000000002,0.135,0.3344673977438376
0.17500000000000002,0.1425,0.3373031086964012
0.17500000000000002,0.15,0.3401432914027993
0.17500000000000002,0.1575,0.34298732396929227
0.17500000000000002,0.16499999999999998,0.3458346940735875
0.17500000000000002,0.1725,0.3486849759761413
0.17500000000000002,0.18,0.3515378130578114
0.17500000000000002,0.1875,0.35379442540296013
0.17500000000000002,0.195,0.35518200647525844
0.17500000000000002,0.20249999999999999,0.3567513694639928
0.17500000000000002,0.21,0.35847932801058835
0.17500000000000002,0.2175,0.36023656567276546
0.17500000000000002,0.22499999999999998,0.3581506204942997
0.17500000000000002,0.23249999999999998,0.3561667391703885
0.17500000000000002,0.24,0.3543013873726813
0.17500000000000002,0.2475,0.3525734288260858
0.17500000000000002,0.255,0.35100406583735133
0.17500000000000002,0.2625,0.34961648476505314
0.17500000000000002,0.27,0.3484350787419013
0.17500000000000002,0.27749999999999997,0.3474841482167262
0.17500000000000002,0.285,0.3467860772638474
0.17500000000000002,0.2925,0.3463591583504344
0.17500000000000002,0.3,0.3462154464411291
0.17500000000000002,0.3075,0.3463591583504344
0.17500000000000002,0.315,0.3467860772638474
0.17500000000000002,0.3225,0.3474841482167262
0.17500000000000002,0.32999999999999996,0.3484350787419013
0.17500000000000002,0.33749999999999997,0.34961648476505314
0.17500000000000002,0.345,0.35100406583735133
0.17500000000000002,0.3525,0.3525734288260858
0.17500000000000002,0.36,0.3543013873726813
0.17500000000000002,0.3675,0.3561667391703885
0.17500000000000002,0.375,0.3581506204942997
0.17500000000000002,0.3825,0.36023656567276546
0.17500000000000002,0.39,0.3624103864728613
0.17500000000000002,0.39749999999999996,0.3646599580239399
0.17500000000000002,0.40499999999999997,0.3669749690467948
0.17500000000000002,0.4125,0.3693466710854497
0.17500000000000002,0.42,0.37176764529062156
0.17500000000000002,0.4275,0.3742315950091135
0.17500000000000002,0.435,0.37673316637853954
0.17500000000000002,0.4425,0.3792677958671139
0.17500000000000002,0.44999999999999996,0.381022321754974
0.17500000000000002,0.45749999999999996,0.38144522234683975
0.17500000000000002,0.46499999999999997,0.38261852822038145
0.17500000000000002,0.4725,0.3843394193313938
0.17500000000000002,0.48,0.38642063509888475
0.17500000000000002,0.4875,0.3882499483254728
0.17500000000000002,0.495,0.3889108839464765
0.17500000000000002,0.5025,0.389683966653459
0.17500000000000002,0.51,0.3905655370528589
0.17500000000000002,0.5175,0.39155161363370905
0.17500000000000002,0.525,0.39263797005877393
0.17500000000000002,0.5325,0.3938202095549535
0.17500000000000002,0.54,0.39509383414925003
0.17500000000000002,0.5475,0.39521497323249277
0.17500000000000002,0.5549999999999999,0.39364561024375844
0.17500000000000002,0.5625,0.39225802917146013
0.17500000000000002,0.57,0.3910766231483084
0.17500000000000002,0.5775,0.39012569262313324
0.17500000000000002,0.585,0.38942762167025446
0.17500000000000002,0.5925,0.38900070275684145
0.17500000000000002,0.6,0.38885699084753617
0.18,0.0,0.2894040142052674
0.18,0.0075,0.28992651274030196
0.18,0.015,0.2913249514764973
0.18,0.0225,0.29328583903606875
0.18,0.03,0.2955723407770862
0.18,0.0375,0.29804823192580177
0.18,0.045,0.30063930315086107
0.18,0.0525,0.30330411324805684
0.18,0.06,0.3060184131979279
0.18,0.0675,0.3087673074725166
0.18,0.075,0.3115412308994773
0.18,0.08249999999999999,0.31433379758771496
0.18,0.09,0.31714059826389707
0.18,0.0975,0.31995849860465003
0.18,0.105,0.32278521367748125
0.18,0.11249999999999999,0.3256190407296973
0.18,0.12,0.3284586861463091
0.18,0.1275,0.33130315027238405
0.18,0.135,0.3341516488518499
0.18,0.1425,0.3370035582567016
0.18,0.15,0.3398583765447828
0.18,0.1575,0.3427156952770409
0.18,0.16499999999999998,0.34557517879188937
0.18,0.1725,0.34843654873986624
0.18,0.18,0.35129957238910425
0.18,0.1875,0.3541640536739569
0.18,0.195,0.3568430487445098
0.18,0.20249999999999999,0.3583415708692606
0.18,0.21,0.3599980734351855
0.18,0.2175,0.36155161387266654
0.18,0.22499999999999998,0.35953083075851305
0.18,0.23249999999999998,0.35761509772126765
0.18,0.24,0.3558201327972784
0.18,0.2475,0.35416363023135355
0.18,0.255,0.35266510810660273
0.18,0.2625,0.3513454958452867
0.18,0.27,0.3502263778524971
0.18,0.27749999999999997,0.349328844208452
0.18,0.285,0.34867198058739346
0.18,0.2925,0.3482711541356486
0.18,0.3,0.348136383712359
0.18,0.3075,0.3482711541356486
0.18,0.315,0.34867198058739346
0.18,0.3225,0.349328844208452
0.18,0.32999999999999996,0.3502263778524971
0.18,0.33749999999999997,0.3513454958452867
0.18,0.345,0.35266510810660273
0.18,0.3525,0.35416363023135355
0.18,0.36,0.3558201327972784
0.18,0.3675,0.35761509772126765
0.18,0.375,0.35953083075851305
0.18,0.3825,0.36155161387266654
0.18,0.39,0.3636636830355643
0.18,0.39749999999999996,0.3658551024005303
0.18,0.40499999999999997,0.36811558656777854
0.18,0.4125,0.3704363051156174
0.18,0.42,0.37280968999963426
0.18,0.4275,0.375229256951285
0.18,0.435,0.3776894458917612
0.18,0.4425,0.37962388301877875
0.18,0.44999999999999996,0.3791013844837442
0.18,0.45749999999999996,0.37962388301877875
0.18,0.46499999999999997,0.3810223217549741
0.18,0.4725,0.38298320931454555
0.18,0.48,0.385269711055563
0.18,0.4875,0.38774560220427856
0.18,0.495,0.39033667342933787
0.18,0.5025,0.39152600568847384
0.18,0.51,0.392385302250094
0.18,0.5175,0.3933470865969399
0.18,0.525,0.3944074115953186
0.18,0.5325,0.3955621568100001
0.18,0.54,0.3968070917590466
0.18,0.5475,0.3968051746377606
0.18,0.5549999999999999,0.3953066525130098
0.18,0.5625,0.39398704025169373
0.18,0.57,0.3928679222589042
0.18,0.5775,0.39197038861485906
0.18,0.585,0.3903092796964895
0.18,0.5925,0.38891084096029416
0.18,0.6,0.3883883424252596
0.185,0.0,0.2874830769340376
0.185,0.0075,0.28816328459882234
0.185,0.015,0.28987011174467164
0.185,0.0225,0.29210932186290167
0.185,0.03,0.2946063040772967
0.185,0.0375,0.29723711080495796
0.185,0.045,0.2999438761785329
0.185,0.0525,0.3026972167578
0.185,0.06,0.30548094692874733
0.185,0.0675,0.30828551497800977
0.185,0.075,0.3111049550115141
0.185,0.08249999999999999,0.31393536251271975
0.185,0.09,0.3167740808898188
0.185,0.0975,0.31961924267911596
0.185,0.105,0.32246949824196636
0.185,0.11249999999999999,0.3253238486886741
0.185,0.12,0.3281815393172531
0.185,0.1275,0.33104198954275643
0.185,0.135,0.3339047455719152
0.185,0.1425,0.3367694476755867
0.185,0.15,0.33963580707585417
0.185,0.1575,0.34250358931374825
0.185,0.16499999999999998,0.3453726020766609
0.185,0.1725,0.3482426861526586
0.185,0.18,0.35111370861467245
0.185,0.1875,0.35398555761958306
0.185,0.195,0.35685813839341846
0.185,0.20249999999999999,0.3597313700990624
0.185,0.21,0.3615514432911186
0.185,0.2175,0.3629097657221677
0.185,0.22499999999999998,0.3609520475284126
0.185,0.23249999999999998,0.3591016571559813
0.185,0.24,0.35737350265321155
0.185,0.2475,0.3557840983243585
0.185,0.255,0.3543513535431665
0.185,0.2625,0.35309413873762935
0.185,0.27,0.3520315765145269
0.185,0.27749999999999997,0.351182040119483
0.185,0.285,0.35056190606585014
0.185,0.2925,0.3501841953671164
0.185,0.3,0.3500573209835888
0.185,0.3075,0.3501841953671164
0.185,0.315,0.35056190606585014
0.185,0.3225,0.351182040119483
0.185,0.32999999999999996,0.3520315765145269
0.185,0.33749999999999997,0.35309413873762935
0.185,0.345,0.3543513535431665
0.185,0.3525,0.3557840983243585
0.185,0.36,0.35737350265321155
0.185,0.3675,0.3591016571559813
0.185,0.375,0.3609520475284126
0.185,0.3825,0.3629097657221677
0.185,0.39,0.3649615597861619
0.185,0.39749999999999996,0.36709577840426555
0.185,0.40499999999999997,0.369302254417462
0.185,0.4125,0.37157215901200724
0.185,0.42,0.3738978474387775
0.185,0.4275,0.3762727089138188
0.185,0.435,0.378691027606574
0.185,0.4425,0.37786065487729914
0.185,0.44999999999999996,0.37718044721251437
0.185,0.45749999999999996,0.37786065487729914
0.185,0.46499999999999997,0.37956748202314844
0.185,0.4725,0.38180669214137847
0.185,0.48,0.3843036743557735
0.185,0.4875,0.3869344810834348
0.185,0.495,0.3896412464570097
0.185,0.5025,0.3923945870362768
0.185,0.51,0.394210132639101
0.185,0.5175,0.39514872277707375
0.185,0.525,0.3961841432514607
0.185,0.5325,0.3973125291636359
0.185,0.54,0.39852989900343916
0.185,0.5475,0.39842564273076553
0.185,0.5549999999999999,0.39699289794957354
0.185,0.5625,0.3957356831440364
0.185,0.57,0.3935906322972889
0.185,0.5775,0.3910936500828939
0.185,0.585,0.38885443996466384
0.185,0.5925,0.38714761281881455
0.185,0.6,0.3864674051540298
0.19,0.0,0.2855621396628077
0.19,0.0075,0.28652260829842263
0.19,0.015,0.2886463029487171
0.19,0.0225,0.2911797841356045
0.19,0.03,0.29386933915913793
0.19,0.0375,0.2966307480099126
0.19,0.045,0.2994304316921225
0.19,0.0525,0.3022527393989146
0.19,0.06,0.3050894756333285
0.19,0.0675,0.30793595698609894
0.19,0.075,0.3107893208325654
0.19,0.08249999999999999,0.3136477219561187
0.19,0.09,0.3165099187547261
0.19,0.0975,0.31937504569333763
0.19,0.105,0.3222424812492815
0.19,0.11249999999999999,0.3251117677447098
0.19,0.12,0.32798256078323096
0.19,0.1275,0.33085459629519964
0.19,0.135,0.3337276684394909
0.19,0.1425,0.3366016144113412
0.19,0.15,0.3394763037656706
0.19,0.1575,0.342351630765532
0.19,0.16499999999999998,0.3452275088016793
0.19,0.1725,0.34810386625797834
0.19,0.18,0.35098064340403917
0.19,0.1875,0.35385779002937157
0.19,0.195,0.3567352636206479
0.19,0.20249999999999999,0.3596130279420633
0.19,0.21,0.36249105191854625
0.19,0.2175,0.3643072771947495
0.19,0.22499999999999998,0.3624103864728613
0.19,0.23249999999999998,0.360622475975353
0.19,0.24,0.358957614342896
0.19,0.2475,0.35743115754439225
0.19,0.255,0.35605950424352745
0.19,0.2625,0.3548596641616635
0.19,0.27,0.35384860948905117
0.19,0.27749999999999997,0.35304241008528037
0.19,0.285,0.3524552031421521
0.19,0.2925,0.3520981091198435
0.19,0.3,0.3519782582548187
0.19,0.3075,0.3520981091198435
0.19,0.315,0.3524552031421521
0.19,0.3225,0.35304241008528037
0.19,0.32999999999999996,0.35384860948905117
0.19,0.33749999999999997,0.3548596641616635
0.19,0.345,0.35605950424352745
0.19,0.3525,0.35743115754439225
0.19,0.36,0.358957614342896
0.19,0.3675,0.360622475975353
0.19,0.375,0.3624103864728613
0.19,0.3825,0.36430727719474953
0.19,0.39,0.36630046711862335
0.19,0.39749999999999996,0.36837866172115935
0.19,0.40499999999999997,0.3705318870880049
0.19,0.4125,0.3727513873726813
0.19,0.42,0.3750295055095769
0.19,0.4275,0.3773595602934767
0.19,0.435,0.37834367322719387
0.19,0.4425,0.3762199785768994
0.19,0.44999999999999996,0.3752595099412845
0.19,0.45749999999999996,0.3762199785768994
0.19,0.46499999999999997,0.3783436732271939
0.19,0.4725,0.3808771544140813
0.19,0.48,0.38356670943761473
0.19,0.4875,0.3863281182883894
0.19,0.495,0.3891278019705993
0.19,0.5025,0.3919501096773914
0.19,0.51,0.39478684591180535
0.19,0.5175,0.3969560921549983
0.19,0.525,0.397967669879203
0.19,0.5325,0.3990707706838055
0.19,0.54,0.4002616448155526
0.19,0.5475,0.4000727019507993
0.19,0.5549999999999999,0.3984147599121147
0.19,0.5625,0.3956150762299048
0.19,0.57,0.39285366737913013
0.19,0.5775,0.3901641123555967
0.19,0.585,0.3876306311687093
0.19,0.5925,0.38550693651841483
0.19,0.6,0.3845464678827999
0.195,0.0,0.28364120239157786
0.195,0.0075,0.2851832840345325
0.195,0.015,0.28779480213974296
0.195,0.0225,0.2905753484062352
0.195,0.03,0.29340487037683827
0.195,0.0375,0.2962547929764567
0.195,0.045,0.29911509193753705
0.195,0.0525,0.3019813731848147
0.195,0.06,0.30485141295178947
0.195,0.0675,0.3077239667799194
0.195,0.075,0.3105982844430093
0.195,0.08249999999999999,0.31347388696101364
0.195,0.09,0.31635045426219355
0.195,0.0975,0.31922776437049794
0.195,0.105,0.3221056585194471
0.195,0.11249999999999999,0.3249840201584858
0.195,0.12,0.3278627618018237
0.195,0.1275,0.3307418165033877
0.195,0.135,0.3336211321651287
0.195,0.1425,0.3365006676380367
0.195,0.15,0.3393803899901399
0.195,0.1575,0.3422602725534496
0.195,0.16499999999999998,0.34514029350255543
0.195,0.1725,0.34802043480338873
0.195,0.18,0.3509006814243859
0.195,0.1875,0.3537810207367027
0.195,0.195,0.35666144205265937
0.195,0.20249999999999999,0.35954193626662956
0.195,0.21,0.3624224955727958
0.195,0.2175,0.3653031132412394
0.195,0.22499999999999998,0.3639023551045468
0.195,0.23249999999999998,0.3621740631917565
0.195,0.24,0.360569083628099
0.195,0.2475,0.3591016571559813
0.195,0.255,0.35778678077178044
0.195,0.2625,0.3566397933036057
0.195,0.27,0.35567579135236466
0.195,0.27749999999999997,0.35490888662283127
0.195,0.285,0.3543513535431665
0.195,0.2925,0.35210420112196894
0.195,0.3,0.3505621194790143
0.195,0.3075,0.35210420112196894
0.195,0.315,0.3543513535431665
0.195,0.3225,0.35490888662283127
0.195,0.32999999999999996,0.35567579135236466
0.195,0.33749999999999997,0.3566397933036057
0.195,0.345,0.35778678077178044
0.195,0.3525,0.3591016571559813
0.195,0.36,0.360569083628099
0.195,0.3675,0.3621740631917565
0.195,0.375,0.3639023551045468
0.195,0.3825,0.36574073469967777
0.195,0.39,0.3676771270489904
0.195,0.39749999999999996,0.36970064644965106
0.195,0.40499999999999997,0.3718015711959001
0.195,0.4125,0.3739712777738479
0.195,0.42,0.37620215267382345
0.195,0.4275,0.3784874946312061
0.195,0.435,0.37749217241821975
0.195,0.4425,0.3748806543130093
0.195,0.44999999999999996,0.37333857267005466
0.195,0.45749999999999996,0.3748806543130093
0.195,0.46499999999999997,0.37749217241821975
0.195,0.4725,0.3802727186847121
0.195,0.48,0.38310224065531506
0.195,0.4875,0.3859521632549335
0.195,0.495,0.38881246221601384
0.195,0.5025,0.3916787434632915
0.195,0.51,0.39454878323026626
0.195,0.5175,0.3974213370583962
0.195,0.525,0.39975753852676615
0.195,0.5325,0.40083637110812037
0.195,0.54,0.4020017663870965
0.195,0.5475,0.4009657014048069
0.195,0.5549999999999999,0.39809942015752925
0.195,0.5625,0.3952391211964489
0.195,0.57,0.39238919859683047
0.195,0.5775,0.3895596766262274
0.195,0.585,0.38677913035973516
0.195,0.5925,0.3841676122545247
0.195,0.6,0.38262553061157006
0.2,0.0,0.281720265120348
0.2,0.0075,0.28460167102719275
0.2,0.015,0.2874830769340375
0.2,0.0225,0.29036448284088234
0.2,0.03,0.2932458887477271
0.2,0.0375,0.2961272946545719
0.2,0.045,0.29900870056141665
0.2,0.0525,0.3018901064682615
0.2,0.06,0.30477151237510625
0.2,0.0675,0.307652918281951
0.2,0.075,0.3105343241887958
0.2,0.08249999999999999,0.31341573009564055
0.2,0.09,0.3162971360024854
0.2,0.0975,0.31917854190933015
0.2,0.105,0.3220599478161749
0.2,0.11249999999999999,0.3249413537230197
0.2,0.12,0.3278227596298645
0.2,0.1275,0.3307041655367093
0.2,0.135,0.33358557144355405
0.2,0.1425,0.3364669773503988
0.2,0.15,0.3393483832572436
0.2,0.1575,0.3422297891640884
0.2,0.16499999999999998,0.3451111950709332
0.2,0.1725,0.34799260097777795
0.2,0.18,0.3508740068846228
0.2,0.1875,0.35375541279146755
0.2,0.195,0.3566368186983123
0.2,0.20249999999999999,0.3595182246051571
0.2,0.21,0.36239963051200186
0.2,0.2175,0.3652810364188467
0.2,0.22499999999999998,0.36542481915342767
0.2,0.23249999999999998,0.36375332907958285
0.2,0.24,0.36220495865890806
0.2,0.2475,0.3607928899970432
0.2,0.255,0.35953083075851305
0.2,0.2625,0.3584326254724511
0.2,0.27,0.35751173516474116
0.2,0.27749999999999997,0.35678060143289336
0.2,0.285,0.354403994021474
0.2,0.2925,0.35152258811462916
0.2,0.3,0.3486411822077844
0.2,0.3075,0.35152258811462916
0.2,0.315,0.354403994021474
0.2,0.3225,0.35678060143289336
0.2,0.32999999999999996,0.35751173516474116
0.2,0.33749999999999997,0.3584326254724511
0.2,0.345,0.35953083075851305
0.2,0.3525,0.3607928899970432
0.2,0.36,0.36220495865890806
0.2,0.3675,0.36375332907958285
0.2,0.375,0.36542481915342767
0.2,0.3825,0.3672070346428454
0.2,0.39,0.3690885231029576
0.2,0.39749999999999996,0.3710588425862861
0.2,0.40499999999999997,0.3731085682383471
0.2,0.4125,0.375229256951285
0.2,0.42,0.37741338617292125
0.2,0.4275,0.3796542788717916
0.2,0.435,0.3771804472125143
0.2,0.4425,0.37429904130566954
0.2,0.44999999999999996,0.3714176353988248
0.2,0.45749999999999996,0.37429904130566954
0.2,0.46499999999999997,0.37718044721251437
0.2,0.4725,0.38006185311935914
0.2,0.48,0.3829432590262039
0.2,0.4875,0.3858246649330487
0.2,0.495,0.3887060708398935
0.2,0.5025,0.3915874767467382
0.2,0.51,0.39446888265358304
0.2,0.5175,0.3973502885604278
0.2,0.525,0.40023169446727264
0.2,0.5325,0.4026088614823077
0.2,0.54,0.4037497447890177
0.2,0.5475,0.4008744346882537
0.2,0.5549999999999999,0.3979930287814089
0.2,0.5625,0.3951116228745641
0.2,0.57,0.3922302169677193
0.2,0.5775,0.3893488110608745
0.2,0.585,0.3864674051540298
0.2,0.5925,0.38358599924718495
0.2,0.6,0.3807045933403402
0.20500000000000002,0.0,0.28364120239157786
0.20500000000000002,0.0075,0.2851832840345325
0.20500000000000002,0.015,0.28779480213974296
0.20500000000000002,0.0225,0.2905753484062352
0.20500000000000002,0.03,0.29340487037683827
0.20500000000000002,0.0375,0.2962547929764567
0.20500000000000002,0.045,0.29911509193753705
0.20500000000000002,0.0525,0.3019813731848147
0.20500000000000002,0.06,0.30485141295178947
0.20500000000000002,0.0675,0.3077239667799194
0.20500000000000002,0.075,0.3105982844430093
0.20500000000000002,0.08249999999999999,0.31347388696101364
0.20500000000000002,0.09,0.31635045426219355
0.20500000000000002,0.0975,0.31922776437049794
0.20500000000000002,0.105,0.3221056585194471
0.20500000000000002,0.11249999999999999,0.3249840201584858
0.20500000000000002,0.12,0.3278627618018237
0.20500000000000002,0.1275,0.3307418165033877
0.20500000000000002,0.135,0.3336211321651287
0.20500000000000002,0.1425,0.3365006676380367
0.20500000000000002,0.15,0.3393803899901399
0.20500000000000002,0.1575,0.3422602725534496
0.20500000000000002,0.16499999999999998,0.34514029350255543
0.20500000000000002,0.1725,0.34802043480338873
0.20500000000000002,0.18,0.3509006814243859
0.20500000000000002,0.1875,0.3537810207367027
0.20500000000000002,0.195,0.35666144205265937
0.20500000000000002,0.20249999999999999,0.35954193626662956
0.20500000000000002,0.21,0.3624224955727958
0.20500000000000002,0.2175,0.3653031132412394
0.20500000000000002,0.22499999999999998,0.36697496904679483
0.20500000000000002,0.23249999999999998,0.36535753921996783
0.20500000000000002,0.24,0.3638626615695864
0.20500000000000002,0.2475,0.3625025237220018
0.20500000000000002,0.255,0.3612896545975331
0.20500000000000002,0.2625,0.36023656567276546
0.20500000000000002,0.27,0.3593552906475853
0.20500000000000002,0.27749999999999997,0.3574962654936717
0.20500000000000002,0.285,0.35471571922717937
0.20500000000000002,0.2925,0.35210420112196894
0.20500000000000002,0.3,0.3505621194790143
0.20500000000000002,0.3075,0.35210420112196894
0.20500000000000002,0.315,0.35471571922717937
0.20500000000000002,0.3225,0.3574962654936717
0.20500000000000002,0.32999999999999996,0.3593552906475853
0.20500000000000002,0.33749999999999997,0.36023656567276546
0.20500000000000002,0.345,0.3612896545975331
0.20500000000000002,0.3525,0.3625025237220018
0.20500000000000002,0.36,0.3638626615695864
0.20500000000000002,0.3675,0.36535753921996783
0.20500000000000002,0.375,0.36697496904679483
0.20500000000000002,0.3825,0.36870336101892615
0.20500000000000002,0.39,0.3705318870880049
0.20500000000000002,0.39749999999999996,0.37245056992792
0.20500000000000002,0.40499999999999997,0.374450313742947
0.20500000000000002,0.4125,0.37652289361195096
0.20500000000000002,0.42,0.3786609172435512
0.20500000000000002,0.4275,0.380272718684712
0.20500000000000002,0.435,0.37749217241821975
0.20500000000000002,0.4425,0.3748806543130093
0.20500000000000002,0.44999999999999996,0.37333857267005466
0.20500000000000002,0.45749999999999996,0.3748806543130093
0.20500000000000002,0.46499999999999997,0.37749217241821975
0.20500000000000002,0.4725,0.3802727186847121
0.20500000000000002,0.48,0.38310224065531506
0.20500000000000002,0.4875,0.3859521632549335
0.20500000000000002,0.495,0.38881246221601384
0.20500000000000002,0.5025,0.3916787434632915
0.20500000000000002,0.51,0.39454878323026626
0.20500000000000002,0.5175,0.3974213370583962
0.20500000000000002,0.525,0.4002956547214861
0.20500000000000002,0.5325,0.40317125723949043
0.20500000000000002,0.54,0.40383574117178167
0.20500000000000002,0.5475,0.4009657014048069
0.20500000000000002,0.5549999999999999,0.39809942015752925
0.20500000000000002,0.5625,0.3952391211964489
0.20500000000000002,0.57,0.39238919859683047
0.20500000000000002,0.5775,0.3895596766262274
0.20500000000000002,0.585,0.38677913035973516
0.20500000000000002,0.5925,0.3841676122545247
0.20500000000000002,0.6,0.38262553061157006
0.21,0.0,0.2855621396628077
0.21,0.0075,0.28652260829842263
0.21,0.015,0.28864630294871707
0.21,0.0225,0.2911797841356045
0.21,0.03,0.29386933915913793
0.21,0.0375,0.2966307480099126
0.21,0.045,0.2994304316921225
0.21,0.0525,0.3022527393989146
0.21,0.06,0.3050894756333285
0.21,0.0675,0.30793595698609894
0.21,0.075,0.3107893208325654
0.21,0.08249999999999999,0.3136477219561187
0.21,0.09,0.3165099187547261
0.21,0.0975,0.31937504569333763
0.21,0.105,0.3222424812492815
0.21,0.11249999999999999,0.3251117677447098
0.21,0.12,0.32798256078323096
0.21,0.1275,0.33085459629519964
0.21,0.135,0.3337276684394909
0.21,0.1425,0.3366016144113412
0.21,0.15,0.3394763037656706
0.21,0.1575,0.342351630765532
0.21,0.16499999999999998,0.3452275088016793
0.21,0.1725,0.34810386625797834
0.21,0.18,0.35098064340403917
0.21,0.1875,0.35385779002937157
0.21,0.195,0.3567352636206479
0.21,0.20249999999999999,0.3596130279420633
0.21,0.21,0.36249105191854625
0.21,0.2175,0.365369308749071
0.21,0.22499999999999998,0.3682477751966237
0.21,0.23249999999999998,0.3669842725247174
0.21,0.24,0.36553993741316343
0.21,0.2475,0.36422854295574014
0.21,0.255,0.36306154505966265
0.21,0.2625,0.3620502675378098
0.21,0.27,0.36079025624657435
0.21,0.27749999999999997,0.35810070122304094
0.21,0.285,0.3555672200361535
0.21,0.2925,0.35344352538585905
0.21,0.3,0.3524830567502441
0.21,0.3075,0.35344352538585905
0.21,0.315,0.3555672200361535
0.21,0.3225,0.35810070122304094
0.21,0.32999999999999996,0.36079025624657435
0.21,0.33749999999999997,0.3620502675378098
0.21,0.345,0.36306154505966265
0.21,0.3525,0.36422854295574014
0.21,0.36,0.36553993741316343
0.21,0.3675,0.3669842725247174
0.21,0.375,0.3685502876541145
0.21,0.3825,0.3702271623315023
0.21,0.39,0.3720046839764579
0.21,0.39749999999999996,0.37387334944236683
0.21,0.40499999999999997,0.37582441365513264
0.21,0.4125,0.3778498985205996
0.21,0.42,0.37994257380210555
0.21,0.4275,0.3808771544140813
0.21,0.435,0.37834367322719387
0.21,0.4425,0.37621997857689937
0.21,0.44999999999999996,0.3752595099412845
0.21,0.45749999999999996,0.3762199785768994
0.21,0.46499999999999997,0.37834367322719387
0.21,0.4725,0.3808771544140813
0.21,0.48,0.38356670943761473
0.21,0.4875,0.3863281182883894
0.21,0.495,0.3891278019705993
0.21,0.5025,0.3919501096773914
0.21,0.51,0.39478684591180535
0.21,0.5175,0.39763332726457573
0.21,0.525,0.40048669111104224
0.21,0.5325,0.40334509223459547
0.21,0.54,0.4040738038533207
0.21,0.5475,0.4012370676189068
0.21,0.5549999999999999,0.3984147599121147
0.21,0.5625,0.3956150762299048
0.21,0.57,0.39285366737913013
0.21,0.5775,0.3901641123555967
0.21,0.585,0.38763063116870927
0.21,0.5925,0.3855069365184148
0.21,0.6,0.3845464678827999
0.215,0.0,0.2874830769340375
0.215,0.0075,0.28816328459882234
0.215,0.015,0.28987011174467164
0.215,0.0225,0.29210932186290167
0.215,0.03,0.2946063040772967
0.215,0.0375,0.29723711080495796
0.215,0.045,0.2999438761785329
0.215,0.0525,0.3026972167578
0.215,0.06,0.30548094692874733
0.215,0.0675,0.30828551497800977
0.215,0.075,0.3111049550115141
0.215,0.08249999999999999,0.31393536251271975
0.215,0.09,0.3167740808898188
0.215,0.0975,0.31961924267911596
0.215,0.105,0.32246949824196636
0.215,0.11249999999999999,0.3253238486886741
0.215,0.12,0.3281815393172531
0.215,0.1275,0.33104198954275643
0.215,0.135,0.3339047455719152
0.215,0.1425,0.3367694476755867
0.215,0.15,0.33963580707585417
0.215,0.1575,0.34250358931374825
0.215,0.16499999999999998,0.3453726020766609
0.215,0.1725,0.3482426861526586
0.215,0.18,0.35111370861467245
0.215,0.1875,0.35398555761958306
0.215,0.195,0.35685813839341846
0.215,0.20249999999999999,0.3597313700990624
0.215,0.21,0.3626051833684367
0.215,0.2175,0.3654795183405147
0.215,0.22499999999999998,0.36835432308833194
0.215,0.23249999999999998,0.36863138346871865
0.215,0.24,0.367234809892111
0.215,0.2475,0.36596920078856404
0.215,0.255,0.3648450381596939
0.215,0.2625,0.3638725881318612
0.215,0.27,0.3615272211647331
0.215,0.27749999999999997,0.3590302389503381
0.215,0.285,0.35679102883210806
0.215,0.2925,0.35508420168625876
0.215,0.3,0.35440399402147393
0.215,0.3075,0.35508420168625876
0.215,0.315,0.35679102883210806
0.215,0.3225,0.3590302389503381
0.215,0.32999999999999996,0.3615272211647331
0.215,0.33749999999999997,0.3638725881318612
0.215,0.345,0.3648450381596939
0.215,0.3525,0.36596920078856404
0.215,0.36,0.367234809892111
0.215,0.3675,0.36863138346871865
0.215,0.375,0.37014851999617093
0.215,0.3825,0.3717761287513766
0.215,0.39,0.373504595837082
0.215,0.39749999999999996,0.37532489296410765
0.215,0.40499999999999997,0.37722863868844875
0.215,0.4125,0.3792081224425748
0.215,0.42,0.3812563010442227
0.215,0.4275,0.3818066921413784
0.215,0.435,0.37956748202314844
0.215,0.4425,0.37786065487729914
0.215,0.44999999999999996,0.3771804472125143
0.215,0.45749999999999996,0.37786065487729914
0.215,0.46499999999999997,0.37956748202314844
0.215,0.4725,0.38180669214137847
0.215,0.48,0.3843036743557735
0.215,0.4875,0.3869344810834348
0.215,0.495,0.3896412464570097
0.215,0.5025,0.3923945870362768
0.215,0.51,0.39517831720722413
0.215,0.5175,0.39798288525648656
0.215,0.525,0.40080232528999093
0.215,0.5325,0.4036327327911966
0.215,0.54,0.40446527514873953
0.215,0.5475,0.4016815449777922
0.215,0.5549999999999999,0.3989282043985251
0.215,0.5625,0.39622143902495016
0.215,0.57,0.3935906322972889
0.215,0.5775,0.3910936500828938
0.215,0.585,0.38885443996466384
0.215,0.5925,0.38714761281881455
0.215,0.6,0.3864674051540297
0.22,0.0,0.2894040142052674
0.22,0.0075,0.28992651274030196
0.22,0.015,0.29132495147649723
0.22,0.0225,0.2932858390360687
0.22,0.03,0.2955723407770862
0.22,0.0375,0.29804823192580177
0.22,0.045,0.30063930315086107
0.22,0.0525,0.3033041132480568
0.22,0.06,0.3060184131979279
0.22,0.0675,0.3087673074725166
0.22,0.075,0.3115412308994773
0.22,0.08249999999999999,0.31433379758771496
0.22,0.09,0.31714059826389707
0.22,0.0975,0.31995849860465003
0.22,0.105,0.32278521367748125
0.22,0.11249999999999999,0.3256190407296973
0.22,0.12,0.3284586861463091
0.22,0.1275,0.33130315027238405
0.22,0.135,0.3341516488518499
0.22,0.1425,0.3370035582567016
0.22,0.15,0.3398583765447828
0.22,0.1575,0.3427156952770409
0.22,0.16499999999999998,0.34557517879188937
0.22,0.1725,0.34843654873986624
0.22,0.18,0.35129957238910425
0.22,0.1875,0.3541640536739569
0.22,0.195,0.3570298262663273
0.22,0.20249999999999999,0.3598967481571283
0.22,0.21,0.36276469737821504
0.22,0.2175,0.36563356859482693
0.22,0.22499999999999998,0.36850327036907166
0.22,0.23249999999999998,0.37029696847356347
0.22,0.24,0.3689455432004762
0.22,0.2475,0.36772297816629596
0.22,0.255,0.36663887309240506
0.22,0.2625,0.3649691490132381
0.22,0.27,0.36249325786452263
0.22,0.27749999999999997,0.36020675612350517
0.22,0.285,0.35824586856393364
0.22,0.2925,0.35684742982773837
0.22,0.3,0.3563249312927038
0.22,0.3075,0.35684742982773837
0.22,0.315,0.35824586856393364
0.22,0.3225,0.36020675612350517
0.22,0.32999999999999996,0.36249325786452263
0.22,0.33749999999999997,0.3649691490132381
0.22,0.345,0.36663887309240506
0.22,0.3525,0.36772297816629596
0.22,0.36,0.3689455432004762
0.22,0.3675,0.37029696847356347
0.22,0.375,0.37176764529062156
0.22,0.3825,0.37334817012200483
0.22,0.39,0.375029505509577
0.22,0.39749999999999996,0.37680309189367966
0.22,0.40499999999999997,0.3786609172435512
0.22,0.4125,0.3805955524514289
0.22,0.42,0.38260016036727074
0.22,0.4275,0.3829832093145455
0.22,0.435,0.381022321754974
0.22,0.4425,0.3796238830187787
0.22,0.44999999999999996,0.3791013844837442
0.22,0.45749999999999996,0.37962388301877875
0.22,0.46499999999999997,0.381022321754974
0.22,0.4725,0.38298320931454555
0.22,0.48,0.385269711055563
0.22,0.4875,0.38774560220427856
0.22,0.495,0.39033667342933787
0.22,0.5025,0.3930014835265336
0.22,0.51,0.3957157834764047
0.22,0.5175,0.39846467775099337
0.22,0.525,0.40123860117795407
0.22,0.5325,0.40403116786619175
0.22,0.54,0.4050027414179201
0.22,0.5475,0.402288441468049
0.22,0.5549999999999999,0.39962363137085327
0.22,0.5625,0.3970325601457939
0.22,0.57,0.3945566689970784
0.22,0.5775,0.3922701672560609
0.22,0.585,0.39030927969648943
0.22,0.5925,0.3889108409602941
0.22,0.6,0.3883883424252596
0.225,0.0,0.29132495147649723
0.225,0.0075,0.29174785206836296
0.225,0.015,0.29292115794190465
0.225,0.0225,0.294642049052917
0.225,0.03,0.29672326482040795
0.225,0.0375,0.29903535969127076
0.225,0.045,0.3014975247889674
0.225,0.0525,0.3040601957379663
0.225,0.06,0.3066924496463361
0.225,0.0675,0.3093744239395925
0.225,0.075,0.31209295021732286
0.225,0.08249999999999999,0.3148390286842252
0.225,0.09,0.3176063348410627
0.225,0.0975,0.3203903116680314
0.225,0.105,0.32318760166370464
0.225,0.11249999999999999,0.3259956815497843
0.225,0.12,0.3288126211879732
0.225,0.1275,0.33163692065735284
0.225,0.135,0.3344673977438376
0.225,0.1425,0.3373031086964012
0.225,0.15,0.3401432914027993
0.225,0.1575,0.34298732396929227
0.225,0.16499999999999998,0.3458346940735875
0.225,0.1725,0.3486849759761413
0.225,0.18,0.3515378130578114
0.225,0.1875,0.35439290440089155
0.225,0.195,0.35724999436651966
0.225,0.20249999999999999,0.3601088644189705
0.225,0.21,0.3629693266533897
0.225,0.2175,0.36583121862819973
0.225,0.22499999999999998,0.3686943992062933
0.225,0.23249999999999998,0.37155874518318077
0.225,0.24,0.3706706092554909
0.225,0.2475,0.3694885498985859
0.225,0.255,0.3684184418764038
0.225,0.2625,0.3659562767787072
0.225,0.27,0.36364418190784437
0.225,0.27749999999999997,0.36156296614035344
0.225,0.285,0.35984207502934107
0.225,0.2925,0.35866876915579937
0.225,0.3,0.35824586856393364
0.225,0.3075,0.35866876915579937
0.225,0.315,0.35984207502934107
0.225,0.3225,0.36156296614035344
0.225,0.32999999999999996,0.36364418190784437
0.225,0.33749999999999997,0.3659562767787072
0.225,0.345,0.3684184418764038
0.225,0.3525,0.3694885498985859
0.225,0.36,0.3706706092554909
0.225,0.3675,0.37197933621651386
0.225,0.375,0.37340585148046473
0.225,0.3825,0.3749413951933273
0.225,0.39,0.37657748051847795
0.225,0.39749999999999996,0.3783060054241887
0.225,0.40499999999999997,0.3801193273898726
0.225,0.4125,0.38201030703552663
0.225,0.42,0.38397232697848827
0.225,0.4275,0.3843394193313938
0.225,0.435,0.38261852822038145
0.225,0.4425,0.38144522234683975
0.225,0.44999999999999996,0.381022321754974
0.225,0.45749999999999996,0.38144522234683975
0.225,0.46499999999999997,0.38261852822038145
0.225,0.4725,0.3843394193313938
0.225,0.48,0.38642063509888475
0.225,0.4875,0.38873272996974756
0.225,0.495,0.3911948950674442
0.225,0.5025,0.3937575660164431
0.225,0.51,0.3963898199248129
0.225,0.5175,0.3990717942180693
0.225,0.525,0.40179032049579966
0.225,0.5325,0.404536398962702
0.225,0.54,0.4056767778663283
0.225,0.5475,0.4030445239579585
0.225,0.5549999999999999,0.4004818530089596
0.225,0.5625,0.39801968791126296
0.225,0.57,0.39570759304040015
0.225,0.5775,0.3936263772729092
0.225,0.585,0.39190548616189685
0.225,0.5925,0.39073218028835516
0.225,0.6,0.39030927969648943
0.23,0.0,0.2932458887477271
0.23,0.0075,0.2936006060245477
0.23,0.015,0.2946063040772967
0.23,0.0225,0.2961272946545719
0.23,0.03,0.2980199583689953
0.23,0.0375,0.300170265120348
0.23,0.045,0.3024983786054553
0.23,0.0525,0.30495090221880056
0.23,0.06,0.30749234303424544
0.23,0.0675,0.3100988221661176
0.23,0.075,0.312753956489568
0.23,0.08249999999999999,0.3154462565809411
0.23,0.09,0.31816748723671784
0.23,0.0975,0.3209116225859934
0.23,0.105,0.323674168395252
0.23,0.11249999999999999,0.3264517137890419
0.23,0.12,0.3292416287371467
0.23,0.1275,0.3320418559139626
0.23,0.135,0.33485076483567155
0.23,0.1425,0.33766704786967144
0.23,0.15,0.3404896449026802
0.23,0.1575,0.3433176879560479
0.23,0.16499999999999998,0.3461504599050916
0.23,0.1725,0.3489873633185013
0.23,0.18,0.3518278966592896
0.23,0.1875,0.354671635909388
0.23,0.195,0.357518220237884
0.23,0.20249999999999999,0.3603673407176008
0.23,0.21,0.36321873136358473
0.23,0.2175,0.3660721619573486
0.23,0.22499999999999998,0.3689274322570002
0.23,0.23249999999999998,0.371784367292079
0.23,0.24,0.37240865961917613
0.23,0.2475,0.3712647561867464
0.23,0.255,0.3694192956928917
0.23,0.2625,0.36709118220778436
0.23,0.27,0.3649408754564317
0.23,0.27749999999999997,0.3630482117420083
0.23,0.285,0.3615272211647331
0.23,0.2925,0.3605215231119841
0.23,0.3,0.36016680583516353
0.23,0.3075,0.3605215231119841
0.23,0.315,0.3615272211647331
0.23,0.3225,0.3630482117420083
0.23,0.32999999999999996,0.3649408754564317
0.23,0.33749999999999997,0.36709118220778436
0.23,0.345,0.3694192956928917
0.23,0.3525,0.3712647561867464
0.23,0.36,0.37240865961917613
0.23,0.3675,0.3736769815499088
0.23,0.375,0.37506151224247325
0.23,0.3825,0.3765540922981537
0.23,0.39,0.3781467575666311
0.23,0.39749999999999996,0.3798318486876516
0.23,0.40499999999999997,0.3816020883034344
0.23,0.4125,0.38345063036607224
0.23,0.42,0.38537108650398544
0.23,0.4275,0.3858246649330487
0.23,0.435,0.3843036743557735
0.23,0.4425,0.3832979763030244
0.23,0.44999999999999996,0.3829432590262039
0.23,0.45749999999999996,0.3832979763030245
0.23,0.46499999999999997,0.3843036743557735
0.23,0.4725,0.3858246649330487
0.23,0.48,0.38771732864747216
0.23,0.4875,0.3898676353988248
0.23,0.495,0.39219574888393216
0.23,0.5025,0.3946482724972773
0.23,0.51,0.39718971331272224
0.23,0.5175,0.3997961924445944
0.23,0.525,0.4024513267680448
0.23,0.5325,0.4051436268594179
0.23,0.54,0.4064766712542376
0.23,0.5475,0.40393523043879276
0.23,0.5549999999999999,0.40148270682544757
0.23,0.5625,0.3991545933403402
0.23,0.57,0.39700428658898756
0.23,0.5775,0.3951116228745641
0.23,0.585,0.3935906322972889
0.23,0.5925,0.39258493424453983
0.23,0.6,0.3922302169677193
0.23500000000000001,0.0,0.29516682601895694
0.23500000000000001,0.0075,0.2954720831819717
0.23500000000000001,0.015,0.2963496875286319
0.23500000000000001,0.0225,0.29770564906944347
0.23500000000000001,0.03,0.2994304316921225
0.23500000000000001,0.0375,0.3014274338667712
0.23500000000000001,0.045,0.30362231981848076
0.23500000000000001,0.0525,0.3059613975196399
0.23500000000000001,0.06,0.3084067785681553
0.23500000000000001,0.0675,0.31093177826157364
0.23500000000000001,0.075,0.31351743480571465
0.23500000000000001,0.08249999999999999,0.31615008504436154
0.23500000000000001,0.09,0.3188197260328734
0.23500000000000001,0.0975,0.3215189145949219
0.23500000000000001,0.105,0.3242420242561128
0.23500000000000001,0.11249999999999999,0.3269847379439654
0.23500000000000001,0.12,0.32974369690109434
0.23500000000000001,0.1275,0.33251625413522984
0.23500000000000001,0.135,0.3353002987149623
0.23500000000000001,0.1425,0.3380941287452584
0.23500000000000001,0.15,0.3408963582661446
0.23500000000000001,0.1575,0.34370584812155885
0.23500000000000001,0.16499999999999998,0.34652165399435286
0.23500000000000001,0.1725,0.3493429868934325
0.23500000000000001,0.18,0.3521691827841418
0.23500000000000001,0.1875,0.35499967900992546
0.23500000000000001,0.195,0.3578339958133051
0.23500000000000001,0.20249999999999999,0.3606717217250237
0.23500000000000001,0.21,0.3635125019157799
0.23500000000000001,0.2175,0.36635602883758517
0.23500000000000001,0.22499999999999998,0.3692020346497762
0.23500000000000001,0.23249999999999998,0.3720502850472803
0.23500000000000001,0.24,0.3741585014642205
0.23500000000000001,0.2475,0.3728823146070763
0.23500000000000001,0.255,0.3705432369059172
0.23500000000000001,0.2625,0.3683483509542076
0.23500000000000001,0.27,0.36635134877955894
0.23500000000000001,0.27749999999999997,0.3646265661568799
0.23500000000000001,0.285,0.3632706046160683
0.23500000000000001,0.2925,0.3623930002694081
0.23500000000000001,0.3,0.36208774310639336
0.23500000000000001,0.3075,0.3623930002694081
0.23500000000000001,0.315,0.3632706046160683
0.23500000000000001,0.3225,0.3646265661568799
0.23500000000000001,0.32999999999999996,0.36635134877955894
0.23500000000000001,0.33749999999999997,0.3683483509542076
0.23500000000000001,0.345,0.3705432369059172
0.23500000000000001,0.3525,0.3728823146070763
0.23500000000000001,0.36,0.3741585014642205
0.23500000000000001,0.3675,0.37538856267895054
0.23500000000000001,0.375,0.37673316637853954
0.23500000000000001,0.3825,0.3781847115660816
0.23500000000000001,0.39,0.37973572782800336
0.23500000000000001,0.39749999999999996,0.38137898110673796
0.23500000000000001,0.40499999999999997,0.38310755146707964
0.23500000000000001,0.4125,0.38491488602295126
0.23500000000000001,0.42,0.3867948308670058
0.23500000000000001,0.4275,0.38740301934792026
0.23500000000000001,0.435,0.3860470578071087
0.23500000000000001,0.4425,0.3851694534604485
0.23500000000000001,0.44999999999999996,0.38486419629743374
0.23500000000000001,0.45749999999999996,0.3851694534604485
0.23500000000000001,0.46499999999999997,0.3860470578071087
0.23500000000000001,0.4725,0.38740301934792026
0.23500000000000001,0.48,0.3891278019705993
0.23500000000000001,0.4875,0.391124804145248
0.23500000000000001,0.495,0.39331969009695755
0.23500000000000001,0.5025,0.3956587677981167
0.23500000000000001,0.51,0.3981041488466321
0.23500000000000001,0.5175,0.40062914854005044
0.23500000000000001,0.525,0.40321480508419144
0.23500000000000001,0.5325,0.40584745532283834
0.23500000000000001,0.54,0.4073911067881475
0.23500000000000001,0.5475,0.4049457257396321
0.23500000000000001,0.5549999999999999,0.40260664803847296
0.23500000000000001,0.5625,0.4004117620867634
0.23500000000000001,0.57,0.3984147599121147
0.23500000000000001,0.5775,0.39668997728943567
0.23500000000000001,0.585,0.3953340157486241
0.23500000000000001,0.5925,0.39445641140196386
0.23500000000000001,0.6,0.39415115423894914
0.24,0.0,0.2970877632901868
0.24,0.0075,0.29735556172770405
0.24,0.015,0.2981327603602559
0.24,0.0225,0.29935212548730866
0.24,0.03,0.30092963783264653
0.24,0.0375,0.3027849868132638
0.24,0.045,0.30485141295178947
0.24,0.0525,0.3070773647178966
0.24,0.06,0.30942441643382446
0.24,0.0675,0.31186429437988794
0.24,0.075,0.3143761987312555
0.24,0.08249999999999999,0.3169447239522449
0.24,0.09,0.3195583411813741
0.24,0.0975,0.3222083189140289
0.24,0.105,0.32488796137576564
0.24,0.11249999999999999,0.3275920701862052
0.24,0.12,0.3303165612755078
0.24,0.1275,0.33305818969857764
0.24,0.135,0.3358143498246851
0.24,0.1425,0.3385829286175849
0.24,0.15,0.34136219667860657
0.24,0.1575,0.34415072643531824
0.24,0.16499999999999998,0.34694733005508194
0.24,0.1725,0.3497510118456339
0.24,0.18,0.3525609314074461
0.24,0.1875,0.3553763748465615
0.24,0.195,0.35819673208895214
0.24,0.20249999999999999,0.3610214788563306
0.24,0.21,0.36385016223461447
0.24,0.2175,0.3666823890344781
0.24,0.22499999999999998,0.36951781633904657
0.24,0.23249999999999998,0.37235614377775383
0.24,0.24,0.3751971071722701
0.24,0.2475,0.373998281805333
0.24,0.255,0.3717723300392259
0.24,0.2625,0.36970590390070024
0.24,0.27,0.36785055492008295
0.24,0.27749999999999997,0.36627304257474513
0.24,0.285,0.3650536774476923
0.24,0.2925,0.36427647881514047
0.24,0.3,0.36400868037762324
0.24,0.3075,0.36427647881514047
0.24,0.315,0.3650536774476923
0.24,0.3225,0.36627304257474513
0.24,0.32999999999999996,0.36785055492008295
0.24,0.33749999999999997,0.36970590390070024
0.24,0.345,0.3717723300392259
0.24,0.3525,0.373998281805333
0.24,0.36,0.375919077005817
0.24,0.3675,0.377112881241115
0.24,0.375,0.3784194994378706
0.24,0.3825,0.3798318486876516
0.24,0.39,0.3813429231690633
0.24,0.39749999999999996,0.382945895151747
0.24,0.40499999999999997,0.3846341918657262
0.24,0.4125,0.3864015504159669
0.24,0.42,0.38824205365977943
0.24,0.4275,0.38904949576578546
0.24,0.435,0.3878301306387327
0.24,0.4425,0.38705293200618085
0.24,0.44999999999999996,0.3867851335686636
0.24,0.45749999999999996,0.38705293200618085
0.24,0.46499999999999997,0.3878301306387327
0.24,0.4725,0.3890494957657855
0.24,0.48,0.39062700811112333
0.24,0.4875,0.3924823570917406
0.24,0.495,0.39454878323026626
0.24,0.5025,0.3967747349963734
0.24,0.51,0.39912178671230125
0.24,0.5175,0.40156166465836474
0.24,0.525,0.40407356900973235
0.24,0.5325,0.4066420942307217
0.24,0.54,0.40814671333671254
0.24,0.5475,0.4060616929378888
0.24,0.5549999999999999,0.40383574117178167
0.24,0.5625,0.401769315033256
0.24,0.57,0.39991396605263874
0.24,0.5775,0.39833645370730086
0.24,0.585,0.3971170885802481
0.24,0.5925,0.39633988994769626
0.24,0.6,0.396072091510179
0.245,0.0,0.29900870056141665
0.245,0.0075,0.29924717300508336
0.245,0.015,0.2999438761785329
0.245,0.0225,0.3010493235557711
0.245,0.03,0.3024983786054553
0.245,0.0375,0.30422476467043796
0.245,0.045,0.30616980499331903
0.245,0.0525,0.30828551497800977
0.245,0.06,0.3105343241887958
0.245,0.0675,0.312887435348009
0.245,0.075,0.315322943585018
0.245,0.08249999999999999,0.3178241776507096
0.245,0.09,0.3203783819911941
0.245,0.0975,0.3229757193052191
0.245,0.105,0.32560853234519976
0.245,0.11249999999999999,0.328270802174178
0.245,0.12,0.33095775084007173
0.245,0.1275,0.3336655488331164
0.245,0.135,0.33639109829490277
0.245,0.1425,0.33913187108987297
0.245,0.15,0.34188578680843773
0.245,0.1575,0.344651120032704
0.245,0.16499999999999998,0.3474264292147463
0.245,0.1725,0.35021050165081996
0.245,0.18,0.35300231054554604
0.245,0.1875,0.3558009812345973
0.245,0.195,0.3586057644033727
0.245,0.20249999999999999,0.3614160146933334
0.245,0.21,0.3642311734900902
0.245,0.2175,0.36705075498182715
0.245,0.22499999999999998,0.3698743347938463
0.245,0.23249999999999998,0.37270154066647343
0.245,0.24,0.3755320447644844
0.245,0.2475,0.3752064320654462
0.245,0.255,0.37309072208075544
0.245,0.2625,0.3711456817578744
0.245,0.27,0.3694192956928917
0.245,0.27749999999999997,0.3679702406432075
0.245,0.285,0.3668647932659693
0.245,0.2925,0.36616809009251977
0.245,0.3,0.36592961764885307
0.245,0.3075,0.36616809009251977
0.245,0.315,0.3668647932659693
0.245,0.3225,0.3679702406432075
0.245,0.32999999999999996,0.3694192956928917
0.245,0.33749999999999997,0.3711456817578744
0.245,0.345,0.37309072208075544
0.245,0.3525,0.3752064320654462
0.245,0.36,0.3774552412762322
0.245,0.3675,0.37884886494499503
0.245,0.375,0.3801193273898726
0.245,0.3825,0.3814942301868365
0.245,0.39,0.3829670033615516
0.245,0.39749999999999996,0.38453120563550697
0.245,0.40499999999999997,0.3861805993483939
0.245,0.4125,0.387909206088055
0.245,0.42,0.3897113451931641
0.245,0.4275,0.39074669383424787
0.245,0.435,0.3896412464570097
0.245,0.4425,0.38894454328356015
0.245,0.44999999999999996,0.38870607083989345
0.245,0.45749999999999996,0.38894454328356015
0.245,0.46499999999999997,0.3896412464570097
0.245,0.4725,0.39074669383424787
0.245,0.48,0.3921957488839321
0.245,0.4875,0.39392213494891476
0.245,0.495,0.3958671752717958
0.245,0.5025,0.39798288525648656
0.245,0.51,0.40023169446727264
0.245,0.5175,0.4025848056264858
0.245,0.525,0.40502031386349485
0.245,0.5325,0.4075215479291864
0.245,0.54,0.40681792005413
0.245,0.5475,0.4047588399806435
0.245,0.5549999999999999,0.40284897514130613
0.245,0.5625,0.40112177698013446
0.245,0.57,0.3996166018596589
0.245,0.5775,0.3983774056829085
0.245,0.585,0.3974493815375506
0.245,0.5925,0.3968731914174367
0.245,0.6,0.39667763682294627
0.25,0.0,0.30092963783264653
0.25,0.0075,0.30114454116863354
0.25,0.015,0.3017754390163779
0.25,0.0225,0.3027849868132638
0.25,0.03,0.3041220507634613
0.25,0.0375,0.30573198101072113
0.25,0.045,0.3075638329854861
0.25,0.0525,0.30957385555318084
0.25,0.06,0.3117262645204679
0.25,0.0675,0.3139925829794668
0.25,0.075,0.31635045426219355
0.25,0.08249999999999999,0.3187824088791755
0.25,0.09,0.3212747844575868
0.25,0.0975,0.32381685049256076
0.25,0.105,0.3264001263555846
0.25,0.11249999999999999,0.32901786019663065
0.25,0.12,0.3316646341723242
0.25,0.1275,0.33433606597902543
0.25,0.135,0.33702858275883707
0.25,0.1425,0.3397392490824961
0.25,0.15,0.34246563531429774
0.25,0.1575,0.3452057162095542
0.25,0.16499999999999998,0.34795779224810236
0.25,0.1725,0.3507204281636336
0.25,0.18,0.3534924045617775
0.25,0.1875,0.3562726795681712
0.25,0.195,0.35906035821571475
0.25,0.20249999999999999,0.3618546678447709
0.25,0.21,0.36465493820706124
0.25,0.2175,0.36746058527370407
0.25,0.22499999999999998,0.37027109797922064
0.25,0.23249999999999998,0.37308602730728535
0.25,0.24,0.37590497725559846
0.25,0.2475,0.37649477264061726
0.25,0.255,0.37448475007292253
0.25,0.2625,0.37265289809815755
0.25,0.27,0.37104296785089774
0.25,0.27749999999999997,0.36970590390070024
0.25,0.285,0.3686963561038143
0.25,0.2925,0.36806545825606996
0.25,0.3,0.36785055492008295
0.25,0.3075,0.36806545825606996
0.25,0.315,0.3686963561038143
0.25,0.3225,0.36970590390070024
0.25,0.32999999999999996,0.37104296785089774
0.25,0.33749999999999997,0.37265289809815755
0.25,0.345,0.37448475007292253
0.25,0.3525,0.37649477264061726
0.25,0.36,0.37864718160790434
0.25,0.3675,0.3805955524514289
0.25,0.375,0.3818315821574249
0.25,0.3825,0.3831707001256667
0.25,0.39,0.3846067443020214
0.25,0.39749999999999996,0.3861336396273543
0.25,0.40499999999999997,0.3877454702794902
0.25,0.4125,0.3894365350438009
0.25,0.42,0.3912013873726813
0.25,0.4275,0.3924823570917406
0.25,0.435,0.3914728092948547
0.25,0.4425,0.39084191144711034
0.25,0.44999999999999996,0.39062700811112333
0.25,0.45749999999999996,0.39084191144711034
0.25,0.46499999999999997,0.3914728092948547
0.25,0.4725,0.3924823570917406
0.25,0.48,0.3938194210419381
0.25,0.4875,0.395429351289198
0.25,0.495,0.3972612032639629
0.25,0.5025,0.39927122583165764
0.25,0.51,0.4014236347989448
0.25,0.5175,0.4036899532579436
0.25,0.525,0.4060478245406704
0.25,0.5325,0.40781964469853665
0.25,0.54,0.40555332623953777
0.25,0.5475,0.40340091727225075
0.25,0.5549999999999999,0.40139089470455597
0.25,0.5625,0.39955904272979104
0.25,0.57,0.39794911248253123
0.25,0.5775,0.39661204853233367
0.25,0.585,0.3956025007354478
0.25,0.5925,0.3949716028877034
0.25,0.6,0.3947566995517164
0.255,0.0,0.30285057510387636
0.255,0.0075,0.30304612969836686
0.255,0.015,0.30362231981848076
0.255,0.0225,0.3045503439638386
0.255,0.03,0.305789540140589
0.255,0.0375,0.3072947152610646
0.255,0.045,0.3090219134222363
0.255,0.0525,0.31093177826157364
0.255,0.06,0.31299085833506013
0.255,0.0675,0.3151716103847764
0.255,0.075,0.31745176382947016
0.255,0.08249999999999999,0.3198134731763781
0.255,0.09,0.3222424812492815
0.255,0.0975,0.3247273866236525
0.255,0.105,0.327259039807421
0.255,0.11249999999999999,0.3298300614200622
0.255,0.12,0.3324344643154452
0.255,0.1275,0.3350673596991533
0.255,0.135,0.3377247292281314
0.255,0.1425,0.3404032481733592
0.255,0.15,0.3431001478181831
0.255,0.1575,0.34581310793450315
0.255,0.16499999999999998,0.3485401723336927
0.255,0.1725,0.351279682167934
0.255,0.18,0.35403022294083075
0.255,0.1875,0.35679058215711024
0.255,0.195,0.35955971527256836
0.255,0.20249999999999999,0.36233671815569307
0.255,0.21,0.3651208046869479
0.255,0.2175,0.367911288434844
0.255,0.22499999999999998,0.3707075675853626
0.255,0.23249999999999998,0.3735091124821054
0.255,0.24,0.3763154552729133
0.255,0.2475,0.37785269534901006
0.255,0.255,0.3759428305096727
0.255,0.2625,0.374215632348501
0.255,0.27,0.3727104572280254
0.255,0.27749999999999997,0.37147126105127504
0.255,0.285,0.3705432369059172
0.255,0.2925,0.3699670467858033
0.255,0.3,0.3697714921913128
0.255,0.3075,0.3699670467858033
0.255,0.315,0.3705432369059172
0.255,0.3225,0.37147126105127504
0.255,0.32999999999999996,0.3727104572280254
0.255,0.33749999999999997,0.374215632348501
0.255,0.345,0.3759428305096727
0.255,0.3525,0.37785269534901006
0.255,0.36,0.37991177542249654
0.255,0.3675,0.38209252747221284
0.255,0.375,0.38355529882166517
0.255,0.3825,0.38486020814506067
0.255,0.39,0.38626102722070843
0.255,0.39749999999999996,0.3877520270286219
0.255,0.40499999999999997,0.38932759956267504
0.255,0.4125,0.3909823122105766
0.255,0.42,0.3927109485186606
0.255,0.4275,0.3942477142423154
0.255,0.435,0.39331969009695755
0.255,0.4425,0.39274349997684366
0.255,0.44999999999999996,0.39254794538235316
0.255,0.45749999999999996,0.39274349997684366
0.255,0.46499999999999997,0.39331969009695755
0.255,0.4725,0.3942477142423154
0.255,0.48,0.3954869104190658
0.255,0.4875,0.3969920855395414
0.255,0.495,0.3987192837007131
0.255,0.5025,0.40062914854005044
0.255,0.51,0.4026882286135369
0.255,0.5175,0.4048689806632532
0.255,0.525,0.40714913410794695
0.255,0.5325,0.40671449706707885
0.255,0.54,0.40436138590786563
0.255,0.5475,0.4021125766970796
0.255,0.5549999999999999,0.3999968667123889
0.255,0.5625,0.3980518263895078
0.255,0.57,0.3963254403245252
0.255,0.5775,0.3948763852748409
0.255,0.585,0.39377093789760276
0.255,0.5925,0.39307423472415326
0.255,0.6,0.39283576228048656
0.26,0.0,0.30477151237510625
0.26,0.0075,0.30495090221880056
0.26,0.015,0.30548094692874733
0.26,0.0225,0.30633900798020985
0.26,0.03,0.30749234303424544
0.26,0.0375,0.3089033940793181
0.26,0.045,0.3105343241887958
0.26,0.0525,0.31235003005578293
0.26,0.06,0.3143196516176427
0.26,0.0675,0.3164169868675102
0.26,0.075,0.31862026512034797
0.26,0.08249999999999999,0.3209116225859934
0.26,0.09,0.3232764920905627
0.26,0.0975,0.3257030174216763
0.26,0.105,0.3281815393172531
0.26,0.11249999999999999,0.3307041655367093
0.26,0.12,0.33326442094814285
0.26,0.1275,0.3358569670886061
0.26,0.135,0.3384773792118872
0.26,0.1425,0.34112196964134633
0.26,0.15,0.343787647858788
0.26,0.1575,0.34647180950347445
0.26,0.16499999999999998,0.34917224804153424
0.26,0.1725,0.3518870842017343
0.26,0.18,0.3546147093530877
0.26,0.1875,0.35735373985210944
0.26,0.195,0.36010298005163877
0.26,0.20249999999999999,0.36286139217685365
0.26,0.21,0.365628071670156
0.26,0.2175,0.3684022269117149
0.26,0.22499999999999998,0.37118316245773586
0.26,0.23249999999999998,0.373970265120348
0.26,0.24,0.3767629923539454
0.26,0.2475,0.37927094714321935
0.26,0.255,0.3774552412762322
0.26,0.2625,0.3758243111667545
0.26,0.27,0.37441326012168186
0.26,0.27749999999999997,0.37325992506764627
0.26,0.285,0.3723125053378653
0.26,0.2925,0.37153530670531343
0.26,0.3,0.3712675082677962
0.26,0.3075,0.37153530670531343
0.26,0.315,0.3723125053378653
0.26,0.3225,0.37325992506764627
0.26,0.32999999999999996,0.37441326012168186
0.26,0.33749999999999997,0.3758243111667545
0.26,0.345,0.3774552412762322
0.26,0.3525,0.37927094714321935
0.26,0.36,0.3812405687050791
0.26,0.3675,0.3833379039549466
0.26,0.375,0.38528960431789205
0.26,0.3825,0.3865617987364088
0.26,0.39,0.38792882884052415
0.26,0.39749999999999996,0.38938529182360704
0.26,0.40499999999999997,0.39092587309002585
0.26,0.4125,0.39254539911014447
0.26,0.42,0.39423887822187553
0.26,0.4275,0.396001530502322
0.26,0.435,0.39517831720722413
0.26,0.4425,0.3946482724972773
0.26,0.44999999999999996,0.39446888265358304
0.26,0.45749999999999996,0.39464827249727735
0.26,0.46499999999999997,0.39517831720722413
0.26,0.4725,0.39603637825868665
0.26,0.48,0.39718971331272224
0.26,0.4875,0.3986007643577949
0.26,0.495,0.4002316944672726
0.26,0.5025,0.40204740033425973
0.26,0.51,0.4040170218961195
0.26,0.5175,0.406114357145987
0.26,0.525,0.40820326045032534
0.26,0.5325,0.4056913560989578
0.26,0.54,0.4032514781528943
0.26,0.5475,0.40090442643696644
0.26,0.5549999999999999,0.3986784746708593
0.26,0.5625,0.39661204853233367
0.26,0.57,0.3947566995517164
0.26,0.5775,0.39317918720637857
0.26,0.585,0.3919598220793258
0.26,0.5925,0.3911826234467739
0.26,0.6,0.3909148250092567
0.265,0.0,0.3066924496463361
0.265,0.0075,0.3068581349585025
0.265,0.015,0.3073487648813562
0.265,0.0225,0.3081462466536799
0.265,0.03,0.3092239012435954
0.265,0.0375,0.310550327555244
0.265,0.045,0.31209295021732286
0.265,0.0525,0.3138206155857245
0.265,0.06,0.31570511468600004
0.265,0.0675,0.317721827586441
0.265,0.075,0.31984978124631
0.265,0.08249999999999999,0.3220713803465719
0.265,0.09,0.32437199427638574
0.265,0.0975,0.32673951100474724
0.265,0.105,0.32916391590736055
0.265,0.11249999999999999,0.33163692065735284
0.265,0.12,0.33415164885184984
0.265,0.1275,0.33670237584738355
0.265,0.135,0.33928431640237644
0.265,0.1425,0.3418934526709506
0.265,0.15,0.3445263953943905
0.265,0.1575,0.34718027199477475
0.265,0.16499999999999998,0.3498526362811992
0.265,0.1725,0.3525413954417429
0.265,0.18,0.3552447508376925
0.265,0.1875,0.35796114982140587
0.265,0.195,0.3606892463724827
0.265,0.20249999999999999,0.3634278688056844
0.265,0.21,0.366175993167651
0.265,0.2175,0.36893272122611304
0.265,0.22499999999999998,0.3716972621807078
0.265,0.23249999999999998,0.3744689174016615
0.265,0.24,0.377247067641944
0.265,0.2475,0.3800311622782928
0.265,0.255,0.37780206479609013
0.265,0.2625,0.37560717884438055
0.265,0.27,0.3736101766697319
0.265,0.27749999999999997,0.37188539404705284
0.265,0.285,0.3705294325062413
0.265,0.2925,0.3696518281595811
0.265,0.3,0.36934657099656637
0.265,0.3075,0.3696518281595811
0.265,0.315,0.3705294325062413
0.265,0.3225,0.37188539404705284
0.265,0.32999999999999996,0.3736101766697319
0.265,0.33749999999999997,0.37560717884438055
0.265,0.345,0.37780206479609013
0.265,0.3525,0.3801411424972493
0.265,0.36,0.38258652354576467
0.265,0.3675,0.38464274467387743
0.265,0.375,0.38677069833374644
0.265,0.3825,0.3882746016358993
0.265,0.39,0.3896092124334045
0.265,0.39749999999999996,0.3910324439996237
0.265,0.40499999999999997,0.3925392606457518
0.265,0.4125,0.39412473779483115
0.265,0.42,0.3957841023039721
0.265,0.4275,0.39751276296940913
0.265,0.435,0.397046135159833
0.265,0.4425,0.3965555052369793
0.265,0.44999999999999996,0.39638981992481287
0.265,0.45749999999999996,0.3965555052369793
0.265,0.46499999999999997,0.397046135159833
0.265,0.4725,0.3978436169321567
0.265,0.48,0.3989212715220722
0.265,0.4875,0.4002476978337208
0.265,0.495,0.40179032049579966
0.265,0.5025,0.4035179858642013
0.265,0.51,0.40540248496447684
0.265,0.5175,0.4074191978649178
0.265,0.525,0.4073444965247845
0.265,0.5325,0.4047588399806435
0.265,0.54,0.40223384028722514
0.265,0.5475,0.39978845923870976
0.265,0.5549999999999999,0.3974493815375506
0.265,0.5625,0.395254495585841
0.265,0.57,0.39325749341119237
0.265,0.5775,0.3915327107885133
0.265,0.585,0.3901767492477018
0.265,0.5925,0.38929914490104156
0.265,0.6,0.38899388773802684
0.27,0.0,0.30861338691756596
0.27,0.0075,0.3087673074725166
0.27,0.015,0.3092239012435954
0.27,0.0225,0.3099684951533961
0.27,0.03,0.31097910993691585
0.27,0.0375,0.31222932115294266
0.27,0.045,0.31369103301853896
0.27,0.0525,0.31533666736687044
0.27,0.06,0.31714059826389707
0.27,0.0675,0.3190799024312213
0.27,0.075,0.32113460261319443
0.27,0.08249999999999999,0.3232875900282609
0.27,0.09,0.32552437451661353
0.27,0.0975,0.3278327634261219
0.27,0.105,0.3302025299189318
0.27,0.11249999999999999,0.3326251028079391
0.27,0.12,0.3350932920159626
0.27,0.1275,0.33760105341113716
0.27,0.135,0.3401432914027993
0.27,0.1425,0.3427156952770409
0.27,0.15,0.3453146044910813
0.27,0.1575,0.34793689822714374
0.27,0.16499999999999998,0.35057990496837504
0.27,0.1725,0.3532413284513696
0.27,0.18,0.3559191869453988
0.27,0.1875,0.3586117633499962
0.27,0.195,0.3613175640694958
0.27,0.20249999999999999,0.3640352850134392
0.27,0.21,0.36676378339187765
0.27,0.2175,0.36950205423403604
0.27,0.22499999999999998,0.3722492107675828
0.27,0.23249999999999998,0.3750044679630587
0.27,0.24,0.3777671286818407
0.27,0.2475,0.37913064719640993
0.27,0.255,0.3766781235830647
0.27,0.2625,0.3743500100979574
0.27,0.27,0.3721997033466047
0.27,0.27749999999999997,0.37030703963218126
0.27,0.285,0.3687860490549061
0.27,0.2925,0.36778035100215706
0.27,0.3,0.3674256337253365
0.27,0.3075,0.36778035100215706
0.27,0.315,0.3687860490549061
0.27,0.3225,0.37030703963218126
0.27,0.32999999999999996,0.3721997033466047
0.27,0.33749999999999997,0.3743500100979574
0.27,0.345,0.3766781235830647
0.27,0.3525,0.37913064719640993
0.27,0.36,0.3816720880118548
0.27,0.3675,0.384278567143727
0.27,0.375,0.38693370146717737
0.27,0.3825,0.3896260015585505
0.27,0.39,0.39130131971365173
0.27,0.39749999999999996,0.39269257211565106
0.27,0.40499999999999997,0.3941668092760357
0.27,0.4125,0.39571934508354095
0.27,0.42,0.39734561793374185
0.27,0.4275,0.39904122139995013
0.27,0.435,0.3989212715220722
0.27,0.4425,0.39846467775099337
0.27,0.44999999999999996,0.39831075719604275
0.27,0.45749999999999996,0.39846467775099337
0.27,0.46499999999999997,0.3989212715220722
0.27,0.4725,0.3996658654318729
0.27,0.48,0.40067648021539265
0.27,0.4875,0.40192669143141946
0.27,0.495,0.40338840329701575
0.27,0.5025,0.40503403764534723
0.27,0.51,0.40683796854237386
0.27,0.5175,0.4087772727096981
0.27,0.525,0.40658101820863785
0.27,0.5325,0.40392588388518746
0.27,0.54,0.40131940475331523
0.27,0.5475,0.3987779639378704
0.27,0.5549999999999999,0.3963254403245252
0.27,0.5625,0.39399732683941785
0.27,0.57,0.3918470200880652
0.27,0.5775,0.38995435637364173
0.27,0.585,0.38843336579636656
0.27,0.5925,0.38742766774361753
0.27,0.6,0.38707295046679696
0.275,0.0,0.3092041933969863
0.275,0.0075,0.30962709398885196
0.275,0.015,0.31080039986239366
0.275,0.0225,0.31180302596439285
0.275,0.03,0.312753956489568
0.275,0.0375,0.3139353625127198
0.275,0.045,0.315322943585018
0.275,0.0525,0.31689230657375245
0.275,0.06,0.31862026512034797
0.275,0.0675,0.32048561691805516
0.275,0.075,0.32246949824196636
0.275,0.08249999999999999,0.32455544342043213
0.275,0.09,0.32672926422052795
0.275,0.0975,0.3289788357716066
0.275,0.105,0.33129384679446144
0.275,0.11249999999999999,0.3336655488331164
0.275,0.12,0.33608652303828823
0.275,0.1275,0.3385504727567802
0.275,0.135,0.3410520441262062
0.275,0.1425,0.34358667361478057
0.275,0.15,0.3461504599050916
0.275,0.1575,0.3487400569732029
0.275,0.16499999999999998,0.35135258520233287
0.275,0.1725,0.35398555761958306
0.275,0.18,0.3566368186983123
0.275,0.1875,0.359304493543398
0.275,0.195,0.36198694562975986
0.275,0.20249999999999999,0.36468274157808156
0.275,0.21,0.36738255171200057
0.275,0.2175,0.370064526005257
0.275,0.22499999999999998,0.37278305228298736
0.275,0.23249999999999998,0.3755291307498897
0.275,0.24,0.3782964369067272
0.275,0.2475,0.37823994071557565
0.275,0.255,0.3756772697665768
0.275,0.2625,0.37321510466888014
0.275,0.27,0.3709030097980173
0.275,0.27749999999999997,0.36882179403052645
0.275,0.285,0.367100902919514
0.275,0.2925,0.36592759704597233
0.275,0.3,0.36550469645410666
0.275,0.3075,0.36592759704597233
0.275,0.315,0.367100902919514
0.275,0.3225,0.36882179403052645
0.275,0.32999999999999996,0.3709030097980173
0.275,0.33749999999999997,0.37321510466888014
0.275,0.345,0.3756772697665768
0.275,0.3525,0.37823994071557565
0.275,0.36,0.38087219462394545
0.275,0.3675,0.3835541689172019
0.275,0.375,0.38627269519493224
0.275,0.3825,0.38901877366183457
0.275,0.39,0.39178607981867214
0.275,0.39749999999999996,0.39436483648977844
0.275,0.40499999999999997,0.3958076371235781
0.275,0.4125,0.3973283071181588
0.275,0.42,0.39892248893540555
0.275,0.4275,0.4005859562541752
0.275,0.435,0.4008023252899909
0.275,0.4425,0.40037540637657787
0.275,0.44999999999999996,0.4002316944672726
0.275,0.45749999999999996,0.40037540637657787
0.275,0.46499999999999997,0.4008023252899909
0.275,0.4725,0.40150039624286965
0.275,0.48,0.4024513267680448
0.275,0.4875,0.4036327327911966
0.275,0.495,0.40502031386349485
0.275,0.5025,0.40658967685222924
0.275,0.51,0.4083176353988248
0.275,0.5175,0.40866609040329505
0.275,0.525,0.4059200119363927
0.275,0.5325,0.4032014856586624
0.275,0.54,0.4005195113654059
0.275,0.5475,0.3978872574570361
0.275,0.5549999999999999,0.39532458650803726
0.275,0.5625,0.3928624214103406
0.275,0.57,0.39055032653947785
0.275,0.5775,0.38846911077198687
0.275,0.585,0.3867482196609745
0.275,0.5925,0.3855749137874328
0.275,0.6,0.38515201319556713
0.28,0.0,0.3072832561257564
0.28,0.0075,0.30780575466079096
0.28,0.015,0.3092041933969863
0.28,0.0225,0.31116508095655776
0.28,0.03,0.3134515826975752
0.28,0.0375,0.31566437359295335
0.28,0.045,0.3169839858542694
0.28,0.0525,0.3184825079790202
0.28,0.06,0.3201390105449451
0.28,0.0675,0.3219339754689343
0.28,0.075,0.3238497085061797
0.28,0.08249999999999999,0.3258704916203332
0.28,0.09,0.32798256078323096
0.28,0.0975,0.330173980148197
0.28,0.105,0.3324344643154452
0.28,0.11249999999999999,0.3347551828632841
0.28,0.12,0.33712856774730093
0.28,0.1275,0.3395481346989517
0.28,0.135,0.34200832363942785
0.28,0.1425,0.34450435944367164
0.28,0.15,0.347032132342163
0.28,0.1575,0.34958809623347553
0.28,0.16499999999999998,0.3520150535421617
0.28,0.1725,0.3539759411017332
0.28,0.18,0.3562624428427507
0.28,0.1875,0.35873833399146626
0.28,0.195,0.36132940521652557
0.28,0.20249999999999999,0.36399421531372134
0.28,0.21,0.3667085152635924
0.28,0.2175,0.36945740953818107
0.28,0.22499999999999998,0.37223133296514177
0.28,0.23249999999999998,0.37502389965337946
0.28,0.24,0.37783070032956156
0.28,0.2475,0.3774838582256662
0.28,0.255,0.37481904812847044
0.28,0.2625,0.37222797690341114
0.28,0.27,0.3697520857546956
0.28,0.27749999999999997,0.3674655840136781
0.28,0.285,0.36550469645410666
0.28,0.2925,0.36410625771791133
0.28,0.3,0.3635837591828768
0.28,0.3075,0.36410625771791133
0.28,0.315,0.36550469645410666
0.28,0.3225,0.3674655840136781
0.28,0.32999999999999996,0.3697520857546956
0.28,0.33749999999999997,0.37222797690341114
0.28,0.345,0.37481904812847044
0.28,0.3525,0.3774838582256662
0.28,0.36,0.38019815817553726
0.28,0.3675,0.38294705245012595
0.28,0.375,0.38572097587708665
0.28,0.3825,0.38851354256532433
0.28,0.39,0.39132034324150644
0.28,0.39749999999999996,0.3941382435822594
0.28,0.40499999999999997,0.3969649586550906
0.28,0.4125,0.3989507742495917
0.28,0.42,0.40051384131311074
0.28,0.4275,0.40214607747182557
0.28,0.435,0.4026882286135369
0.28,0.4425,0.4022874021617921
0.28,0.44999999999999996,0.40215263173850246
0.28,0.45749999999999996,0.4022874021617921
0.28,0.46499999999999997,0.4026882286135369
0.28,0.4725,0.40334509223459547
0.28,0.48,0.4042426258786406
0.28,0.4875,0.40536174387143015
0.28,0.495,0.40668135613274625
0.28,0.5025,0.408179878257497
0.28,0.51,0.4098363808234219
0.28,0.5175,0.4081608593067848
0.28,0.525,0.4053682926185471
0.28,0.5325,0.4025943691915864
0.28,0.54,0.39984547491699773
0.28,0.5475,0.3971311749671267
0.28,0.5549999999999999,0.3944663648699309
0.28,0.5625,0.3918752936448716
0.28,0.57,0.38939940249615607
0.28,0.5775,0.38711290075513854
0.28,0.585,0.38515201319556713
0.28,0.5925,0.3837535744593718
0.28,0.6,0.38323107592433725
0.28500000000000003,0.0,0.3053623188545266
0.28500000000000003,0.0075,0.30604252651931135
0.28500000000000003,0.015,0.30774935366516065
0.28500000000000003,0.0225,0.3099885637833907
0.28500000000000003,0.03,0.3124855459977857
0.28500000000000003,0.0375,0.31511635272544697
0.28500000000000003,0.045,0.3178231180990219
0.28500000000000003,0.0525,0.3201029760720252
0.28500000000000003,0.06,0.3216923804008782
0.28500000000000003,0.0675,0.32342053490364797
0.28500000000000003,0.075,0.32527092527607926
0.28500000000000003,0.08249999999999999,0.3272286434698344
0.28500000000000003,0.09,0.3292804375338286
0.28500000000000003,0.0975,0.3314146561519322
0.28500000000000003,0.105,0.3336211321651287
0.28500000000000003,0.11249999999999999,0.3358910367596739
0.28500000000000003,0.12,0.3382167251864442
0.28500000000000003,0.1275,0.3405915866614855
0.28500000000000003,0.135,0.3430099053542407
0.28500000000000003,0.1425,0.3454667356108779
0.28500000000000003,0.15,0.3479577922481024
0.28500000000000003,0.1575,0.34885338666448684
0.28500000000000003,0.16499999999999998,0.35056021381033614
0.28500000000000003,0.1725,0.35279942392856617
0.28500000000000003,0.18,0.3552964061429612
0.28500000000000003,0.1875,0.35792721287062246
0.28500000000000003,0.195,0.3606339782441974
0.28500000000000003,0.20249999999999999,0.3633873188234645
0.28500000000000003,0.21,0.36617104899441183
0.28500000000000003,0.2175,0.36897561704367426
0.28500000000000003,0.22499999999999998,0.3717950570771786
0.28500000000000003,0.23249999999999998,0.37462546457838425
0.28500000000000003,0.24,0.3774641829554833
0.28500000000000003,0.2475,0.37687696173540935
0.28500000000000003,0.255,0.3741236211561423
0.28500000000000003,0.2625,0.37141685578256733
0.28500000000000003,0.27,0.3687860490549061
0.28500000000000003,0.27749999999999997,0.36628906684051105
0.28500000000000003,0.285,0.364049856722281
0.28500000000000003,0.2925,0.3623430295764317
0.28500000000000003,0.3,0.36166282191164695
0.28500000000000003,0.3075,0.3623430295764317
0.28500000000000003,0.315,0.364049856722281
0.28500000000000003,0.3225,0.36628906684051105
0.28500000000000003,0.32999999999999996,0.3687860490549061
0.28500000000000003,0.33749999999999997,0.37141685578256733
0.28500000000000003,0.345,0.3741236211561423
0.28500000000000003,0.3525,0.37687696173540935
0.28500000000000003,0.36,0.3796606919063567
0.28500000000000003,0.3675,0.38246525995561914
0.28500000000000003,0.375,0.38528469998912346
0.28500000000000003,0.3825,0.3881151074903292
0.28500000000000003,0.39,0.39095382586742816
0.28500000000000003,0.39749999999999996,0.39379898765672533
0.28500000000000003,0.40499999999999997,0.39664924321957573
0.28500000000000003,0.4125,0.39950359366628346
0.28500000000000003,0.42,0.4021188590063414
0.28500000000000003,0.4275,0.40372075078553327
0.28500000000000003,0.435,0.4045781540919936
0.28500000000000003,0.4425,0.4042004433932599
0.28500000000000003,0.44999999999999996,0.4039625663950958
0.28500000000000003,0.45749999999999996,0.4042004433932599
0.28500000000000003,0.46499999999999997,0.4045781540919936
0.28500000000000003,0.4725,0.4051982881456265
0.28500000000000003,0.48,0.4060478245406704
0.28500000000000003,0.4875,0.4071103867637728
0.28500000000000003,0.495,0.40836760156930996
0.28500000000000003,0.5025,0.409800346350502
0.28500000000000003,0.51,0.41060114260888864
0.28500000000000003,0.5175,0.40776242423178966
0.28500000000000003,0.525,0.40493201673058393
0.28500000000000003,0.5325,0.4021125766970796
0.28500000000000003,0.54,0.3993080086478172
0.28500000000000003,0.5475,0.39652427847686983
0.28500000000000003,0.5549999999999999,0.39377093789760276
0.28500000000000003,0.5625,0.3910641725240278
0.28500000000000003,0.57,0.38843336579636656
0.28500000000000003,0.5775,0.3859363835819715
0.28500000000000003,0.585,0.3836971734637415
0.28500000000000003,0.5925,0.3819903463178922
0.28500000000000003,0.6,0.3813101386531074
0.29,0.0,0.3034413815832967
0.29,0.0075,0.30440185021891164
0.29,0.015,0.30652554486920613
0.29,0.0225,0.30905902605609353
0.29,0.03,0.31174858107962694
0.29,0.0375,0.31450998993040163
0.29,0.045,0.31730967361261153
0.29,0.0525,0.3201319813194036
0.29,0.06,0.3229687175538175
0.29,0.0675,0.3249413537230197
0.29,0.075,0.32672926422052795
0.29,0.08249999999999999,0.32862615494241615
0.29,0.09,0.33061934486629
0.29,0.0975,0.332697539468826
0.29,0.105,0.33485076483567155
0.29,0.11249999999999999,0.337070265120348
0.29,0.12,0.3393483832572436
0.29,0.1275,0.34167843804114334
0.29,0.135,0.34405460557567
0.29,0.1425,0.34647180950347445
0.29,0.15,0.3462522417284722
0.29,0.1575,0.34721271036408713
0.29,0.16499999999999998,0.3493364050143816
0.29,0.1725,0.351869886201269
0.29,0.18,0.35455944122480243
0.29,0.1875,0.3573208500755771
0.29,0.195,0.360120533757787
0.29,0.20249999999999999,0.3629428414645791
0.29,0.21,0.365779577698993
0.29,0.2175,0.36862605905176343
0.29,0.22499999999999998,0.3714794228982299
0.29,0.23249999999999998,0.37433782402178317
0.29,0.24,0.3772000208203906
0.29,0.2475,0.376432484376524
0.29,0.255,0.3736101766697319
0.29,0.2625,0.370810492987522
0.29,0.27,0.3680490841367473
0.29,0.27749999999999997,0.3653595291132139
0.29,0.285,0.3628260479263265
0.29,0.2925,0.360702353276032
0.29,0.3,0.35974188464041706
0.29,0.3075,0.360702353276032
0.29,0.315,0.3628260479263265
0.29,0.3225,0.3653595291132139
0.29,0.32999999999999996,0.3680490841367473
0.29,0.33749999999999997,0.370810492987522
0.29,0.345,0.3736101766697319
0.29,0.3525,0.376432484376524
0.29,0.36,0.3792692206109379
0.29,0.3675,0.3821157019637083
0.29,0.375,0.38496906581017476
0.29,0.3825,0.38782746693372805
0.29,0.39,0.3906896637323355
0.29,0.39749999999999996,0.393554790670947
0.29,0.40499999999999997,0.3964222262268909
0.29,0.4125,0.3992915127223192
0.29,0.42,0.40216230576084033
0.29,0.4275,0.405034341272809
0.29,0.435,0.4051257924097753
0.29,0.4425,0.40300209775948087
0.29,0.44999999999999996,0.40204162912386593
0.29,0.45749999999999996,0.40300209775948087
0.29,0.46499999999999997,0.40512579240977536
0.29,0.4725,0.4070586581114238
0.29,0.48,0.40786485751519463
0.29,0.4875,0.40887591218780694
0.29,0.495,0.4100757522696709
0.29,0.5025,0.4114474055705357
0.29,0.51,0.41033698047379596
0.29,0.5175,0.4074747836751885
0.29,0.525,0.40461638255163523
0.29,0.5325,0.4017630187051688
0.29,0.54,0.39891653735239835
0.29,0.5475,0.39607980111798446
0.29,0.5549999999999999,0.39325749341119237
0.29,0.5625,0.3904578097289825
0.29,0.57,0.3876964008782078
0.29,0.5775,0.3850068458546744
0.29,0.585,0.382473364667787
0.29,0.5925,0.3803496700174925
0.29,0.6,0.37938920138187754
0.295,0.0,0.30152044431206687
0.295,0.0075,0.30306252595502153
0.295,0.015,0.30567404406023196
0.295,0.0225,0.30845459032672423
0.295,0.03,0.3112841122973273
0.295,0.0375,0.3141340348969457
0.295,0.045,0.31699433385802606
0.295,0.0525,0.3198606151053037
0.295,0.06,0.3227306548722785
0.295,0.0675,0.3256032087004085
0.295,0.075,0.3282212328522135
0.295,0.08249999999999999,0.33005961244734444
0.295,0.09,0.33199600479665703
0.295,0.0975,0.33401952419731773
0.295,0.105,0.3361204489435668
0.295,0.11249999999999999,0.3382901555215146
0.295,0.12,0.3405210304214901
0.295,0.1275,0.3428063723788728
0.295,0.135,0.34514029350255543
0.295,0.1425,0.3458733861001971
0.295,0.15,0.34433130445724236
0.295,0.1575,0.3458733861001971
0.295,0.16499999999999998,0.34848490420540745
0.295,0.1725,0.3512654504718997
0.295,0.18,0.35409497244250276
0.295,0.1875,0.3569448950421212
0.295,0.195,0.35980519400320154
0.295,0.20249999999999999,0.3626714752504792
0.295,0.21,0.36554151501745397
0.295,0.2175,0.3684140688455839
0.295,0.22499999999999998,0.3712883865086738
0.295,0.23249999999999998,0.37416398902667813
0.295,0.24,0.37704055632785805
0.295,0.2475,0.3761611181624241
0.295,0.255,0.3732948369151464
0.295,0.2625,0.37043453795406606
0.295,0.27,0.36758461535444764
0.295,0.27749999999999997,0.36475509338384465
0.295,0.285,0.36197454711735233
0.295,0.2925,0.35936302901214195
0.295,0.3,0.35782094736918724
0.295,0.3075,0.35936302901214195
0.295,0.315,0.36197454711735233
0.295,0.3225,0.36475509338384465
0.295,0.32999999999999996,0.36758461535444764
0.295,0.33749999999999997,0.37043453795406606
0.295,0.345,0.3732948369151464
0.295,0.3525,0.3761611181624241
0.295,0.36,0.37903115792939884
0.295,0.3675,0.3819037117575288
0.295,0.375,0.3847780294206187
0.295,0.3825,0.387653631938623
0.295,0.39,0.390530199239803
0.295,0.39749999999999996,0.3934075093481073
0.295,0.40499999999999997,0.3962854034970565
0.295,0.4125,0.3991637651360952
0.295,0.42,0.4020425067794331
0.295,0.4275,0.40492156148099706
0.295,0.435,0.4042742916008012
0.295,0.4425,0.40166277349559076
0.295,0.44999999999999996,0.4001206918526361
0.295,0.45749999999999996,0.4016627734955908
0.295,0.46499999999999997,0.4042742916008012
0.295,0.4725,0.4070548378672935
0.295,0.48,0.4096920393785081
0.295,0.4875,0.41065604132974914
0.295,0.495,0.4118030287979239
0.295,0.5025,0.4130548260895678
0.295,0.51,0.4101775159812634
0.295,0.5175,0.4073009486800835
0.295,0.525,0.40442534616207915
0.295,0.5325,0.40155102849898927
0.295,0.54,0.3986784746708593
0.295,0.5475,0.39580843490388457
0.295,0.5549999999999999,0.3929421536566069
0.295,0.5625,0.39008185469552653
0.295,0.57,0.3872319320959081
0.295,0.5775,0.38440241012530507
0.295,0.585,0.3816218638588128
0.295,0.5925,0.3790103457536024
0.295,0.6,0.3774682641106477
0.3,0.0,0.299599507040837
0.3,0.0075,0.30248091294768176
0.3,0.015,0.3053623188545265
0.3,0.0225,0.30824372476137135
0.3,0.03,0.3111251306682161
0.3,0.0375,0.3140065365750609
0.3,0.045,0.31688794248190566
0.3,0.0525,0.3197693483887505
0.3,0.06,0.32265075429559525
0.3,0.0675,0.32553216020244
0.3,0.075,0.3284135661092848
0.3,0.08249999999999999,0.33129497201612956
0.3,0.09,0.33340740085062426
0.3,0.0975,0.33537772033395274
0.3,0.105,0.33742744598601376
0.3,0.11249999999999999,0.3395481346989517
0.3,0.12,0.3417322639205879
0.3,0.1275,0.34397315661945826
0.3,0.135,0.34626490083858563
0.3,0.1425,0.34529177309285725
0.3,0.15,0.3424103671860125
0.3,0.1575,0.34529177309285725
0.3,0.16499999999999998,0.348173178999702
0.3,0.1725,0.35105458490654684
0.3,0.18,0.3539359908133916
0.3,0.1875,0.3568173967202364
0.3,0.195,0.35969880262708115
0.3,0.20249999999999999,0.3625802085339259
0.3,0.21,0.36546161444077074
0.3,0.2175,0.3683430203476155
0.3,0.22499999999999998,0.3712244262544603
0.3,0.23249999999999998,0.37410583216130505
0.3,0.24,0.3769872380681499
0.3,0.2475,0.3760698514458708
0.3,0.255,0.373188445539026
0.3,0.2625,0.37030703963218126
0.3,0.27,0.3674256337253365
0.3,0.27749999999999997,0.3645442278184917
0.3,0.285,0.36166282191164695
0.3,0.2925,0.3587814160048021
0.3,0.3,0.35590001009795735
0.3,0.3075,0.3587814160048021
0.3,0.315,0.36166282191164695
0.3,0.3225,0.3645442278184917
0.3,0.32999999999999996,0.3674256337253365
0.3,0.33749999999999997,0.37030703963218126
0.3,0.345,0.373188445539026
0.3,0.3525,0.3760698514458708
0.3,0.36,0.3789512573527156
0.3,0.3675,0.3818326632595604
0.3,0.375,0.38471406916640516
0.3,0.3825,0.38759547507325
0.3,0.39,0.39047688098009475
0.3,0.39749999999999996,0.3933582868869395
0.3,0.40499999999999997,0.3962396927937843
0.3,0.4125,0.39912109870062906
0.3,0.42,0.4020025046074739
0.3,0.4275,0.40488391051431866
0.3,0.435,0.40396256639509576
0.3,0.4425,0.401081160488251
0.3,0.44999999999999996,0.3981997545814062
0.3,0.45749999999999996,0.401081160488251
0.3,0.46499999999999997,0.4039625663950958
0.3,0.4725,0.4068439723019406
0.3,0.48,0.40972537820878535
0.3,0.4875,0.41244887349859455
0.3,0.495,0.4135470787846565
0.3,0.5025,0.4130056036284
0.3,0.51,0.4101241977215552
0.3,0.5175,0.40724279181471046
0.3,0.525,0.40436138590786563
0.3,0.5325,0.40147998000102086
0.3,0.54,0.39859857409417604
0.3,0.5475,0.39571716818733127
0.3,0.5549999999999999,0.39283576228048656
0.3,0.5625,0.38995435637364173
0.3,0.57,0.38707295046679696
0.3,0.5775,0.38419154455995214
0.3,0.585,0.3813101386531074
0.3,0.5925,0.3784287327462626
0.3,0.6,0.3755473268394178
0.305,0.0,0.3015204443120668
0.305,0.0075,0.30306252595502153
0.305,0.015,0.30567404406023196
0.305,0.0225,0.30845459032672423
0.305,0.03,0.3112841122973273
0.305,0.0375,0.3141340348969457
0.305,0.045,0.31699433385802606
0.305,0.0525,0.3198606151053037
0.305,0.06,0.3227306548722785
0.305,0.0675,0.3256032087004085
0.305,0.075,0.3284775263634983
0.305,0.08249999999999999,0.33135312888150265
0.305,0.09,0.33422969618268256
0.305,0.0975,0.3367694476755867
0.305,0.105,0.3387691914906137
0.305,0.11249999999999999,0.34084177135961763
0.305,0.12,0.3429797949912179
0.305,0.1275,0.34517664777804447
0.305,0.135,0.3474264292147463
0.305,0.1425,0.345873386100197
0.305,0.15,0.3443313044572423
0.305,0.1575,0.345873386100197
0.305,0.16499999999999998,0.34848490420540745
0.305,0.1725,0.3512654504718997
0.305,0.18,0.35409497244250276
0.305,0.1875,0.3569448950421212
0.305,0.195,0.35980519400320154
0.305,0.20249999999999999,0.3626714752504792
0.305,0.21,0.36554151501745397
0.305,0.2175,0.3684140688455839
0.305,0.22499999999999998,0.3712883865086738
0.305,0.23249999999999998,0.37416398902667813
0.305,0.24,0.37704055632785805
0.305,0.2475,0.3761611181624241
0.305,0.255,0.3732948369151464
0.305,0.2625,0.37043453795406606
0.305,0.27,0.3675846153544476
0.305,0.27749999999999997,0.3647550933838446
0.305,0.285,0.36197454711735233
0.305,0.2925,0.3593630290121419
0.305,0.3,0.3578209473691872
0.305,0.3075,0.3593630290121419
0.305,0.315,0.36197454711735233
0.305,0.3225,0.3647550933838446
0.305,0.32999999999999996,0.3675846153544476
0.305,0.33749999999999997,0.37043453795406606
0.305,0.345,0.3732948369151464
0.305,0.3525,0.3761611181624241
0.305,0.36,0.37903115792939884
0.305,0.3675,0.3819037117575288
0.305,0.375,0.3847780294206187
0.305,0.3825,0.387653631938623
0.305,0.39,0.3905301992398029
0.305,0.39749999999999996,0.3934075093481073
0.305,0.40499999999999997,0.3962854034970565
0.305,0.4125,0.3991637651360952
0.305,0.42,0.4020425067794331
0.305,0.4275,0.40492156148099706
0.305,0.435,0.4042742916008012
0.305,0.4425,0.40166277349559076
0.305,0.44999999999999996,0.40012069185263605
0.305,0.45749999999999996,0.40166277349559076
0.305,0.46499999999999997,0.4042742916008012
0.305,0.4725,0.40705483786729346
0.305,0.48,0.4098843598378965
0.305,0.4875,0.4127342824375149
0.305,0.495,0.41530590262367656
0.305,0.5025,0.4130548260895678
0.305,0.51,0.4101775159812634
0.305,0.5175,0.4073009486800835
0.305,0.525,0.40442534616207915
0.305,0.5325,0.40155102849898927
0.305,0.54,0.39867847467085926
0.305,0.5475,0.39580843490388457
0.305,0.5549999999999999,0.3929421536566069
0.305,0.5625,0.39008185469552653
0.305,0.57,0.3872319320959081
0.305,0.5775,0.38440241012530507
0.305,0.585,0.3816218638588128
0.305,0.5925,0.3790103457536024
0.305,0.6,0.37746826411064766
0.31,0.0,0.3034413815832967
0.31,0.0075,0.3044018502189116
0.31,0.015,0.3065255448692061
0.31,0.0225,0.30905902605609353
0.31,0.03,0.31174858107962694
0.31,0.0375,0.31450998993040163
0.31,0.045,0.31730967361261153
0.31,0.0525,0.3201319813194036
0.31,0.06,0.3229687175538175
0.31,0.0675,0.32581519890658794
0.31,0.075,0.3286685627530544
0.31,0.08249999999999999,0.3315269638766077
0.31,0.09,0.3343891606752151
0.31,0.0975,0.33725428761382664
0.31,0.105,0.3401217231697705
0.31,0.11249999999999999,0.34216877626826625
0.31,0.12,0.3442614515497722
0.31,0.1275,0.34641479734680436
0.31,0.135,0.34862295564920487
0.31,0.1425,0.3472127103640871
0.31,0.15,0.3462522417284722
0.31,0.1575,0.3472127103640871
0.31,0.16499999999999998,0.34933640501438157
0.31,0.1725,0.351869886201269
0.31,0.18,0.35455944122480243
0.31,0.1875,0.3573208500755771
0.31,0.195,0.360120533757787
0.31,0.20249999999999999,0.3629428414645791
0.31,0.21,0.365779577698993
0.31,0.2175,0.36862605905176343
0.31,0.22499999999999998,0.3714794228982299
0.31,0.23249999999999998,0.37433782402178317
0.31,0.24,0.3772000208203906
0.31,0.2475,0.376432484376524
0.31,0.255,0.3736101766697319
0.31,0.2625,0.370810492987522
0.31,0.27,0.3680490841367473
0.31,0.27749999999999997,0.3653595291132139
0.31,0.285,0.36282604792632644
0.31,0.2925,0.36070235327603195
0.31,0.3,0.35974188464041706
0.31,0.3075,0.36070235327603195
0.31,0.315,0.36282604792632644
0.31,0.3225,0.3653595291132139
0.31,0.32999999999999996,0.3680490841367473
0.31,0.33749999999999997,0.370810492987522
0.31,0.345,0.3736101766697319
0.31,0.3525,0.376432484376524
0.31,0.36,0.3792692206109379
0.31,0.3675,0.3821157019637083
0.31,0.375,0.38496906581017476
0.31,0.3825,0.38782746693372805
0.31,0.39,0.3906896637323355
0.31,0.39749999999999996,0.393554790670947
0.31,0.40499999999999997,0.3964222262268909
0.31,0.4125,0.39929151272231916
0.31,0.42,0.40216230576084033
0.31,0.4275,0.405034341272809
0.31,0.435,0.4051257924097753
0.31,0.4425,0.4030020977594808
0.31,0.44999999999999996,0.40204162912386593
0.31,0.45749999999999996,0.4030020977594808
0.31,0.46499999999999997,0.4051257924097753
0.31,0.4725,0.40765927359666276
0.31,0.48,0.41034882862019617
0.31,0.4875,0.41311023747097086
0.31,0.495,0.41590992115318076
0.31,0.5025,0.4132021074124075
0.31,0.51,0.41033698047379596
0.31,0.5175,0.4074747836751885
0.31,0.525,0.40461638255163523
0.31,0.5325,0.4017630187051688
0.31,0.54,0.39891653735239835
0.31,0.5475,0.39607980111798446
0.31,0.5549999999999999,0.39325749341119237
0.31,0.5625,0.3904578097289825
0.31,0.57,0.3876964008782078
0.31,0.5775,0.3850068458546744
0.31,0.585,0.3824733646677869
0.31,0.5925,0.3803496700174924
0.31,0.6,0.37938920138187754
0.315,0.0,0.3053623188545265
0.315,0.0075,0.30604252651931135
0.315,0.015,0.30774935366516065
0.315,0.0225,0.3099885637833907
0.315,0.03,0.3124855459977857
0.315,0.0375,0.31511635272544697
0.315,0.045,0.3178231180990219
0.315,0.0525,0.320576458678289
0.315,0.06,0.32336018884923634
0.315,0.0675,0.3261647568984988
0.315,0.075,0.3289841969320031
0.315,0.08249999999999999,0.33181460443320876
0.315,0.09,0.3346533228103078
0.315,0.0975,0.33749848459960496
0.315,0.105,0.34034874016245537
0.315,0.11249999999999999,0.3432030906091631
0.315,0.12,0.34557517879188937
0.315,0.1275,0.34768565377227667
0.315,0.135,0.3498526362811993
0.315,0.1425,0.34885338666448684
0.315,0.15,0.348173178999702
0.315,0.1575,0.34885338666448684
0.315,0.16499999999999998,0.35056021381033614
0.315,0.1725,0.3527994239285661
0.315,0.18,0.3552964061429612
0.315,0.1875,0.35792721287062246
0.315,0.195,0.3606339782441974
0.315,0.20249999999999999,0.3633873188234645
0.315,0.21,0.36617104899441183
0.315,0.2175,0.36897561704367426
0.315,0.22499999999999998,0.3717950570771786
0.315,0.23249999999999998,0.37462546457838425
0.315,0.24,0.3774641829554833
0.315,0.2475,0.37687696173540935
0.315,0.255,0.3741236211561423
0.315,0.2625,0.37141685578256733
0.315,0.27,0.36878604905490603
0.315,0.27749999999999997,0.36628906684051105
0.315,0.285,0.364049856722281
0.315,0.2925,0.3623430295764317
0.315,0.3,0.3616628219116469
0.315,0.3075,0.3623430295764317
0.315,0.315,0.364049856722281
0.315,0.3225,0.36628906684051105
0.315,0.32999999999999996,0.36878604905490603
0.315,0.33749999999999997,0.37141685578256733
0.315,0.345,0.3741236211561423
0.315,0.3525,0.37687696173540935
0.315,0.36,0.3796606919063567
0.315,0.3675,0.38246525995561914
0.315,0.375,0.38528469998912346
0.315,0.3825,0.3881151074903292
0.315,0.39,0.39095382586742816
0.315,0.39749999999999996,0.39379898765672533
0.315,0.40499999999999997,0.39664924321957573
0.315,0.4125,0.39950359366628346
0.315,0.42,0.40236128429486245
0.315,0.4275,0.4052217345203658
0.315,0.435,0.4063496012057299
0.315,0.4425,0.40464277405988053
0.315,0.44999999999999996,0.40396256639509576
0.315,0.45749999999999996,0.4046427740598806
0.315,0.46499999999999997,0.4063496012057299
0.315,0.4725,0.4085888113239599
0.315,0.48,0.41108579353835495
0.315,0.4875,0.4137166002660162
0.315,0.495,0.4162965599610362
0.315,0.5025,0.41344630439818586
0.315,0.51,0.41060114260888864
0.315,0.5175,0.40776242423178966
0.315,0.525,0.40493201673058393
0.315,0.5325,0.4021125766970796
0.315,0.54,0.3993080086478172
0.315,0.5475,0.39652427847686983
0.315,0.5549999999999999,0.39377093789760276
0.315,0.5625,0.3910641725240278
0.315,0.57,0.38843336579636656
0.315,0.5775,0.38593638358197146
0.315,0.585,0.3836971734637415
0.315,0.5925,0.38199034631789214
0.315,0.6,0.38131013865310737
0.32,0.0,0.3072832561257564
0.32,0.0075,0.3078057546607909
0.32,0.015,0.30920419339698624
0.32,0.0225,0.3111650809565577
0.32,0.03,0.3134515826975752
0.32,0.0375,0.3159274738462907
0.32,0.045,0.3185185450713501
0.32,0.0525,0.3211833551685458
0.32,0.06,0.3238976551184169
0.32,0.0675,0.3266465493930055
0.32,0.075,0.3294204728199663
0.32,0.08249999999999999,0.33221303950820397
0.32,0.09,0.335019840184386
0.32,0.0975,0.33783774052513904
0.32,0.105,0.3406644555979702
0.32,0.11249999999999999,0.3434982826501863
0.32,0.12,0.3463379280667981
0.32,0.1275,0.3489873633185013
0.32,0.135,0.35111370861467245
0.32,0.1425,0.3506166148059664
0.32,0.15,0.3500941162709319
0.32,0.1575,0.3506166148059664
0.32,0.16499999999999998,0.3520150535421617
0.32,0.1725,0.3539759411017332
0.32,0.18,0.3562624428427507
0.32,0.1875,0.35873833399146626
0.32,0.195,0.36132940521652557
0.32,0.20249999999999999,0.3639942153137213
0.32,0.21,0.3667085152635924
0.32,0.2175,0.369457409538181
0.32,0.22499999999999998,0.37223133296514177
0.32,0.23249999999999998,0.37502389965337946
0.32,0.24,0.37783070032956156
0.32,0.2475,0.37748385822566616
0.32,0.255,0.37481904812847044
0.32,0.2625,0.3722279769034111
0.32,0.27,0.3697520857546956
0.32,0.27749999999999997,0.36746558401367807
0.32,0.285,0.3655046964541066
0.32,0.2925,0.3641062577179113
0.32,0.3,0.3635837591828768
0.32,0.3075,0.3641062577179113
0.32,0.315,0.3655046964541066
0.32,0.3225,0.36746558401367807
0.32,0.32999999999999996,0.3697520857546956
0.32,0.33749999999999997,0.3722279769034111
0.32,0.345,0.37481904812847044
0.32,0.3525,0.37748385822566616
0.32,0.36,0.38019815817553726
0.32,0.3675,0.3829470524501259
0.32,0.375,0.38572097587708665
0.32,0.3825,0.38851354256532433
0.32,0.39,0.39132034324150644
0.32,0.39749999999999996,0.3941382435822594
0.32,0.40499999999999997,0.3969649586550906
0.32,0.4125,0.39979878570730665
0.32,0.42,0.40263843112391845
0.32,0.4275,0.4054828952499934
0.32,0.435,0.40780444093755547
0.32,0.4425,0.40640600220136014
0.32,0.44999999999999996,0.40588350366632564
0.32,0.45749999999999996,0.40640600220136014
0.32,0.46499999999999997,0.40780444093755547
0.32,0.4725,0.40976532849712693
0.32,0.48,0.41205183023814446
0.32,0.4875,0.41452772138686
0.32,0.495,0.4166122753965511
0.32,0.5025,0.41378556032371994
0.32,0.51,0.41096765998296686
0.32,0.5175,0.4081608593067848
0.32,0.525,0.4053682926185471
0.32,0.5325,0.40259436919158637
0.32,0.54,0.39984547491699773
0.32,0.5475,0.39713117496712663
0.32,0.5549999999999999,0.3944663648699309
0.32,0.5625,0.39187529364487156
0.32,0.57,0.38939940249615607
0.32,0.5775,0.38711290075513854
0.32,0.585,0.3851520131955671
0.32,0.5925,0.38375357445937175
0.32,0.6,0.38323107592433725
0.325,0.0,0.30920419339698624
0.325,0.0075,0.3096270939888519
0.325,0.015,0.31080039986239366
0.325,0.0225,0.31252129097340603
0.325,0.03,0.31460250674089696
0.325,0.0375,0.31691460161175977
0.325,0.045,0.3193767667094564
0.325,0.0525,0.3219394376584553
0.325,0.06,0.3245716915668251
0.325,0.0675,0.32725366586008153
0.325,0.075,0.32997219213781187
0.325,0.08249999999999999,0.3327182706047142
0.325,0.09,0.3354855767615517
0.325,0.0975,0.3382695535885204
0.325,0.105,0.3410668435841936
0.325,0.11249999999999999,0.3438749234702733
0.325,0.12,0.34669186310846223
0.325,0.1275,0.34951616257784185
0.325,0.135,0.35234663966432656
0.325,0.1425,0.35243795413402745
0.325,0.15,0.3520150535421617
0.325,0.1575,0.35243795413402745
0.325,0.16499999999999998,0.35361126000756915
0.325,0.1725,0.3553321511185815
0.325,0.18,0.35741336688607245
0.325,0.1875,0.35972546175693526
0.325,0.195,0.3621876268546319
0.325,0.20249999999999999,0.3647502978036308
0.325,0.21,0.36738255171200057
0.325,0.2175,0.370064526005257
0.325,0.22499999999999998,0.37278305228298736
0.325,0.23249999999999998,0.3755291307498897
0.325,0.24,0.3782964369067272
0.325,0.2475,0.37823994071557565
0.325,0.255,0.3756772697665768
0.325,0.2625,0.37321510466888014
0.325,0.27,0.3709030097980173
0.325,0.27749999999999997,0.3688217940305264
0.325,0.285,0.367100902919514
0.325,0.2925,0.36592759704597233
0.325,0.3,0.3655046964541066
0.325,0.3075,0.36592759704597233
0.325,0.315,0.367100902919514
0.325,0.3225,0.3688217940305264
0.325,0.32999999999999996,0.3709030097980173
0.325,0.33749999999999997,0.37321510466888014
0.325,0.345,0.3756772697665768
0.325,0.3525,0.37823994071557565
0.325,0.36,0.38087219462394545
0.325,0.3675,0.3835541689172019
0.325,0.375,0.38627269519493224
0.325,0.3825,0.38901877366183457
0.325,0.39,0.3917860798186721
0.325,0.39749999999999996,0.3945700566456407
0.325,0.40499999999999997,0.39736734664131396
0.325,0.4125,0.4001754265273937
0.325,0.42,0.4029923661655826
0.325,0.4275,0.4058166656349622
0.325,0.435,0.408647142721447
0.325,0.4425,0.40822734152942114
0.325,0.44999999999999996,0.40780444093755547
0.325,0.45749999999999996,0.4082273415294212
0.325,0.46499999999999997,0.4094006474029629
0.325,0.4725,0.41112153851397526
0.325,0.48,0.4132027542814662
0.325,0.4875,0.415514849152329
0.325,0.495,0.41701466338277443
0.325,0.5025,0.41421737338710124
0.325,0.51,0.41143339656013256
0.325,0.5175,0.40866609040329505
0.325,0.525,0.4059200119363927
0.325,0.5325,0.4032014856586624
0.325,0.54,0.4005195113654059
0.325,0.5475,0.3978872574570361
0.325,0.5549999999999999,0.39532458650803726
0.325,0.5625,0.3928624214103406
0.325,0.57,0.3905503265394778
0.325,0.5775,0.38846911077198687
0.325,0.585,0.3867482196609745
0.325,0.5925,0.38557491378743275
0.325,0.6,0.3851520131955671
0.33,0.0,0.3111251306682161
0.33,0.0075,0.31147984794503664
0.33,0.015,0.3124855459977857
0.33,0.0225,0.3140065365750609
0.33,0.03,0.3158992002894843
0.33,0.0375,0.318049507040837
0.33,0.045,0.3203776205259443
0.33,0.0525,0.3228301441392895
0.33,0.06,0.3253715849547344
0.33,0.0675,0.32797806408660657
0.33,0.075,0.330633198410057
0.33,0.08249999999999999,0.3333254985014301
0.33,0.09,0.33604672915720685
0.33,0.0975,0.3387908645064824
0.33,0.105,0.341553410315741
0.33,0.11249999999999999,0.34433095570953093
0.33,0.12,0.3471208706576357
0.33,0.1275,0.3499210978344516
0.33,0.135,0.35273000675616056
0.33,0.1425,0.3542907080902121
0.33,0.15,0.3539359908133916
0.33,0.1575,0.3542907080902121
0.33,0.16499999999999998,0.3552964061429612
0.33,0.1725,0.3568173967202364
0.33,0.18,0.3587100604346598
0.33,0.1875,0.36086036718601244
0.33,0.195,0.3631884806711198
0.33,0.20249999999999999,0.365641004284465
0.33,0.21,0.36818244509990994
0.33,0.2175,0.3707889242317821
0.33,0.22499999999999998,0.3734440585552325
0.33,0.23249999999999998,0.3761363586466056
0.33,0.24,0.37885758930238234
0.33,0.2475,0.3791306471964099
0.33,0.255,0.3766781235830647
0.33,0.2625,0.3743500100979573
0.33,0.27,0.3721997033466047
0.33,0.27749999999999997,0.37030703963218126
0.33,0.285,0.3687860490549061
0.33,0.2925,0.367780351002157
0.33,0.3,0.3674256337253365
0.33,0.3075,0.367780351002157
0.33,0.315,0.3687860490549061
0.33,0.3225,0.37030703963218126
0.33,0.32999999999999996,0.3721997033466047
0.33,0.33749999999999997,0.3743500100979573
0.33,0.345,0.3766781235830647
0.33,0.3525,0.3791306471964099
0.33,0.36,0.3816720880118548
0.33,0.3675,0.384278567143727
0.33,0.375,0.38693370146717737
0.33,0.3825,0.3896260015585505
0.33,0.39,0.3923472322143272
0.33,0.39749999999999996,0.39509136756360275
0.33,0.40499999999999997,0.39785391337286136
0.33,0.4125,0.4006314587666513
0.33,0.42,0.40342137371475606
0.33,0.4275,0.406221600891572
0.33,0.435,0.40903050981328093
0.33,0.4425,0.41008009548560587
0.33,0.44999999999999996,0.40972537820878535
0.33,0.45749999999999996,0.41008009548560587
0.33,0.46499999999999997,0.41108579353835495
0.33,0.4725,0.4126067841156301
0.33,0.48,0.41449944783005355
0.33,0.4875,0.41636558467999985
0.33,0.495,0.41750123011432183
0.33,0.5025,0.4147386843050632
0.33,0.51,0.4119945489557877
0.33,0.5175,0.40927331830001096
0.33,0.525,0.4065810182086378
0.33,0.5325,0.40392588388518746
0.33,0.54,0.40131940475331523
0.33,0.5475,0.39877796393787035
0.33,0.5549999999999999,0.3963254403245252
0.33,0.5625,0.3939973268394178
0.33,0.57,0.39184702008806516
0.33,0.5775,0.38995435637364173
0.33,0.585,0.38843336579636656
0.33,0.5925,0.3874276677436175
0.33,0.6,0.38707295046679696
0.335,0.0,0.31304606793944595
0.335,0.0075,0.31335132510246066
0.335,0.015,0.3142289294491209
0.335,0.0225,0.3155848909899325
0.335,0.03,0.31730967361261153
0.335,0.0375,0.3193066757872602
0.335,0.045,0.32150156173896977
0.335,0.0525,0.3238406394401289
0.335,0.06,0.3262860204886443
0.335,0.0675,0.32881102018206265
0.335,0.075,0.33139667672620365
0.335,0.08249999999999999,0.33402932696485055
0.335,0.09,0.3366989679533624
0.335,0.0975,0.3393981565154109
0.335,0.105,0.3421212661766018
0.335,0.11249999999999999,0.3448639798644544
0.335,0.12,0.34762293882158335
0.335,0.1275,0.35039549605571885
0.335,0.135,0.3531795406354513
0.335,0.1425,0.3559733706657474
0.335,0.15,0.35585692808462144
0.335,0.1575,0.35616218524763615
0.335,0.16499999999999998,0.3570397895942964
0.335,0.1725,0.35839575113510797
0.335,0.18,0.360120533757787
0.335,0.1875,0.3621175359324357
0.335,0.195,0.36431242188414525
0.335,0.20249999999999999,0.3666514995853044
0.335,0.21,0.3690968806338198
0.335,0.2175,0.37162188032723814
0.335,0.22499999999999998,0.37420753687137914
0.335,0.23249999999999998,0.37684018711002604
0.335,0.24,0.3795098280985379
0.335,0.2475,0.3801411424972493
0.335,0.255,0.37780206479609013
0.335,0.2625,0.37560717884438055
0.335,0.27,0.37361017666973184
0.335,0.27749999999999997,0.37188539404705284
0.335,0.285,0.37052943250624126
0.335,0.2925,0.36965182815958103
0.335,0.3,0.3693465709965663
0.335,0.3075,0.36965182815958103
0.335,0.315,0.37052943250624126
0.335,0.3225,0.37188539404705284
0.335,0.32999999999999996,0.37361017666973184
0.335,0.33749999999999997,0.37560717884438055
0.335,0.345,0.37780206479609013
0.335,0.3525,0.3801411424972493
0.335,0.36,0.38258652354576467
0.335,0.3675,0.385111523239183
0.335,0.375,0.387697179783324
0.335,0.3825,0.3903298300219709
0.335,0.39,0.39299947101048277
0.335,0.39749999999999996,0.39569865957253125
0.335,0.40499999999999997,0.3984217692337222
0.335,0.4125,0.40116448292157475
0.335,0.42,0.4039234418787037
0.335,0.4275,0.4066959991128392
0.335,0.435,0.4094800436925717
0.335,0.4425,0.4109943984855597
0.335,0.44999999999999996,0.41082871317339326
0.335,0.45749999999999996,0.4109943984855597
0.335,0.46499999999999997,0.4114850284084134
0.335,0.4725,0.4122825101807371
0.335,0.48,0.41336016477065257
0.335,0.4875,0.41468659108230116
0.335,0.495,0.41622921374438004
0.335,0.5025,0.4153459763139917
0.335,0.51,0.4126467877519432
0.335,0.5175,0.4099771467634314
0.335,0.525,0.40734449652478444
0.335,0.5325,0.4047588399806435
0.335,0.54,0.4022338402872251
0.335,0.5475,0.39978845923870976
0.335,0.5549999999999999,0.3974493815375506
0.335,0.5625,0.395254495585841
0.335,0.57,0.39325749341119237
0.335,0.5775,0.3915327107885133
0.335,0.585,0.39017674924770174
0.335,0.5925,0.3892991449010415
0.335,0.6,0.3889938877380268
0.34,0.0,0.31496700521067583
0.34,0.0075,0.31523480364819306
0.34,0.015,0.3160120022807449
0.34,0.0225,0.31723136740779767
0.34,0.03,0.31880887975313554
0.34,0.0375,0.32066422873375283
0.34,0.045,0.3227306548722785
0.34,0.0525,0.3249566066383856
0.34,0.06,0.32730365835431346
0.34,0.0675,0.32974353630037695
0.34,0.075,0.3322554406517445
0.34,0.08249999999999999,0.3348239658727339
0.34,0.09,0.3374375831018631
0.34,0.0975,0.3400875608345179
0.34,0.105,0.34276720329625465
0.34,0.11249999999999999,0.3454713121066942
0.34,0.12,0.3481958031959968
0.34,0.1275,0.35093743161906665
0.34,0.135,0.3536935917451741
0.34,0.1425,0.3564621705380739
0.34,0.15,0.3577778653558513
0.34,0.1575,0.35804566379336855
0.34,0.16499999999999998,0.3588228624259204
0.34,0.1725,0.36004222755297316
0.34,0.18,0.36161973989831103
0.34,0.1875,0.3634750888789283
0.34,0.195,0.36554151501745397
0.34,0.20249999999999999,0.3677674667835611
0.34,0.21,0.36981098222070957
0.34,0.2175,0.37190831747057707
0.34,0.22499999999999998,0.37411159572341485
0.34,0.23249999999999998,0.37640295318906025
0.34,0.24,0.3787678226936296
0.34,0.2475,0.38119434802474317
0.34,0.255,0.37903115792939884
0.34,0.2625,0.3769647317908732
0.34,0.27,0.3751093828102559
0.34,0.27749999999999997,0.3735318704649181
0.34,0.285,0.37231250533786525
0.34,0.2925,0.37153530670531343
0.34,0.3,0.3712675082677962
0.34,0.3075,0.37153530670531343
0.34,0.315,0.37231250533786525
0.34,0.3225,0.3735318704649181
0.34,0.32999999999999996,0.3751093828102559
0.34,0.33749999999999997,0.3769647317908732
0.34,0.345,0.37903115792939884
0.34,0.3525,0.38125710969550597
0.34,0.36,0.38360416141143383
0.34,0.3675,0.3860440393574973
0.34,0.375,0.38855594370886487
0.34,0.3825,0.39112446892985425
0.34,0.39,0.39373808615898354
0.34,0.39749999999999996,0.3963880638916383
0.34,0.40499999999999997,0.399067706353375
0.34,0.4125,0.40177181516381455
0.34,0.42,0.40449630625311717
0.34,0.4275,0.407237934676187
0.34,0.435,0.4096172104558045
0.34,0.4425,0.4090871657458577
0.34,0.44999999999999996,0.40890777590216343
0.34,0.45749999999999996,0.40908716574585774
0.34,0.46499999999999997,0.4096172104558045
0.34,0.4725,0.41047527150726704
0.34,0.48,0.4116286065613026
0.34,0.4875,0.4130396576063753
0.34,0.495,0.41467058771585297
0.34,0.5025,0.41603538063309875
0.34,0.51,0.41338540290044395
0.34,0.5175,0.4107717856713147
0.34,0.525,0.40820326045032534
0.34,0.5325,0.4056913560989578
0.34,0.54,0.4032514781528943
0.34,0.5475,0.40090442643696644
0.34,0.5549999999999999,0.3986784746708593
0.34,0.5625,0.39661204853233367
0.34,0.57,0.3947566995517164
0.34,0.5775,0.3931791872063785
0.34,0.585,0.3919598220793257
0.34,0.5925,0.3911826234467739
0.34,0.6,0.3909148250092567
0.34500000000000003,0.0,0.31688794248190566
0.34500000000000003,0.0075,0.31712641492557236
0.34500000000000003,0.015,0.3178231180990219
0.34500000000000003,0.0225,0.3189285654762601
0.34500000000000003,0.03,0.3203776205259443
0.34500000000000003,0.0375,0.322104006590927
0.34500000000000003,0.045,0.324049046913808
0.34500000000000003,0.0525,0.3261647568984988
0.34500000000000003,0.06,0.3284135661092848
0.34500000000000003,0.0675,0.330766677268498
0.34500000000000003,0.075,0.333202185505507
0.34500000000000003,0.08249999999999999,0.33570341957119854
0.34500000000000003,0.09,0.3382576239116831
0.34500000000000003,0.0975,0.34085496122570813
0.34500000000000003,0.105,0.3434877742656888
0.34500000000000003,0.11249999999999999,0.346150044094667
0.34500000000000003,0.12,0.34883699276056074
0.34500000000000003,0.1275,0.35154479075360534
0.34500000000000003,0.135,0.3542703402153918
0.34500000000000003,0.1425,0.357011113010362
0.34500000000000003,0.15,0.35834190570694324
0.34500000000000003,0.1575,0.35853746030143374
0.34500000000000003,0.16499999999999998,0.35911365042154764
0.34500000000000003,0.1725,0.3600416745669055
0.34500000000000003,0.18,0.3612808707436559
0.34500000000000003,0.1875,0.3627860458641315
0.34500000000000003,0.195,0.36451324402530316
0.34500000000000003,0.20249999999999999,0.3664231088646405
0.34500000000000003,0.21,0.368482188938127
0.34500000000000003,0.2175,0.3706629409878433
0.34500000000000003,0.22499999999999998,0.37294309443253704
0.34500000000000003,0.23249999999999998,0.375304803779445
0.34500000000000003,0.24,0.3777338118523484
0.34500000000000003,0.2475,0.3802187172267194
0.34500000000000003,0.255,0.3803495499709284
0.34500000000000003,0.2625,0.37840450964804734
0.34500000000000003,0.27,0.3766781235830647
0.34500000000000003,0.27749999999999997,0.37522906853338045
0.34500000000000003,0.285,0.3741236211561423
0.34500000000000003,0.2925,0.37342691798269273
0.34500000000000003,0.3,0.373188445539026
0.34500000000000003,0.3075,0.37342691798269273
0.34500000000000003,0.315,0.3741236211561423
0.34500000000000003,0.3225,0.37522906853338045
0.34500000000000003,0.32999999999999996,0.3766781235830647
0.34500000000000003,0.33749999999999997,0.37840450964804734
0.34500000000000003,0.345,0.3803495499709284
0.34500000000000003,0.3525,0.38246525995561914
0.34500000000000003,0.36,0.38471406916640516
0.34500000000000003,0.3675,0.3870671803256184
0.34500000000000003,0.375,0.3895026885626274
0.34500000000000003,0.3825,0.39200392262831896
0.34500000000000003,0.39,0.3945581269688035
0.34500000000000003,0.39749999999999996,0.39715546428282844
0.34500000000000003,0.40499999999999997,0.39978827732280914
0.34500000000000003,0.4125,0.40245054715178735
0.34500000000000003,0.42,0.4051374958176811
0.34500000000000003,0.4275,0.40784529381072576
0.34500000000000003,0.435,0.40775858334553794
0.34500000000000003,0.4425,0.40718239322542404
0.34500000000000003,0.44999999999999996,0.40698683863093355
0.34500000000000003,0.45749999999999996,0.40718239322542404
0.34500000000000003,0.46499999999999997,0.40775858334553794
0.34500000000000003,0.4725,0.4086866074908958
0.34500000000000003,0.48,0.4099258036676462
0.34500000000000003,0.4875,0.4114309787881218
0.34500000000000003,0.495,0.41315817694929347
0.34500000000000003,0.5025,0.4150680417886308
0.34500000000000003,0.51,0.41420544371026397
0.34500000000000003,0.5175,0.41165123936977943
0.34500000000000003,0.525,0.40915000530408785
0.34500000000000003,0.5325,0.40671449706707885
0.34500000000000003,0.54,0.40436138590786563
0.34500000000000003,0.5475,0.4021125766970796
0.34500000000000003,0.5549999999999999,0.3999968667123889
0.34500000000000003,0.5625,0.3980518263895078
0.34500000000000003,0.57,0.39632544032452516
0.34500000000000003,0.5775,0.3948763852748409
0.34500000000000003,0.585,0.39377093789760276
0.34500000000000003,0.5925,0.3930742347241532
0.34500000000000003,0.6,0.3928357622804865
0.35000000000000003,0.0,0.31880887975313554
0.35000000000000003,0.0075,0.31902378308912255
0.35000000000000003,0.015,0.3196546809368669
0.35000000000000003,0.0225,0.32066422873375283
0.35000000000000003,0.03,0.32200129268395034
0.35000000000000003,0.0375,0.32361122293121014
0.35000000000000003,0.045,0.3254430749059751
0.35000000000000003,0.0525,0.3274530974736699
0.35000000000000003,0.06,0.329605506440957
0.35000000000000003,0.0675,0.3318718248999558
0.35000000000000003,0.075,0.33422969618268256
0.35000000000000003,0.08249999999999999,0.33666165079966454
0.35000000000000003,0.09,0.3391540263780758
0.35000000000000003,0.0975,0.34169609241304977
0.35000000000000003,0.105,0.3442793682760736
0.35000000000000003,0.11249999999999999,0.34689710211711966
0.35000000000000003,0.12,0.34954387609281323
0.35000000000000003,0.1275,0.35221530789951444
0.35000000000000003,0.135,0.354907824679326
0.35000000000000003,0.1425,0.3566358717717004
0.35000000000000003,0.15,0.3564209684357134
0.35000000000000003,0.1575,0.3566358717717004
0.35000000000000003,0.16499999999999998,0.35726676961944476
0.35000000000000003,0.1725,0.3582763174163307
0.35000000000000003,0.18,0.3596133813665282
0.35000000000000003,0.1875,0.36122331161378807
0.35000000000000003,0.195,0.363055163588553
0.35000000000000003,0.20249999999999999,0.3650651861562477
0.35000000000000003,0.21,0.3672175951235348
0.35000000000000003,0.2175,0.3694839135825337
0.35000000000000003,0.22499999999999998,0.3718417848652604
0.35000000000000003,0.23249999999999998,0.3742737394822424
0.35000000000000003,0.24,0.37676611506065366
0.35000000000000003,0.2475,0.37930818109562764
0.35000000000000003,0.255,0.3817435779630955
0.35000000000000003,0.2625,0.3799117259883305
0.35000000000000003,0.27,0.3783017957410707
0.35000000000000003,0.27749999999999997,0.3769647317908732
0.35000000000000003,0.285,0.37595518399398725
0.35000000000000003,0.2925,0.3753242861462429
0.35000000000000003,0.3,0.3751093828102559
0.35000000000000003,0.3075,0.3753242861462429
0.35000000000000003,0.315,0.37595518399398725
0.35000000000000003,0.3225,0.3769647317908732
0.35000000000000003,0.32999999999999996,0.3783017957410707
0.35000000000000003,0.33749999999999997,0.3799117259883305
0.35000000000000003,0.345,0.3817435779630955
0.35000000000000003,0.3525,0.3837536005307902
0.35000000000000003,0.36,0.3859060094980773
0.35000000000000003,0.3675,0.3881723279570762
0.35000000000000003,0.375,0.3905301992398029
0.35000000000000003,0.3825,0.3929621538567849
0.35000000000000003,0.39,0.3954545294351962
0.35000000000000003,0.39749999999999996,0.39799659547017013
0.35000000000000003,0.40499999999999997,0.40057987133319395
0.35000000000000003,0.4125,0.40319760517424
0.35000000000000003,0.42,0.4058443791499336
0.35000000000000003,0.4275,0.406921250340321
0.35000000000000003,0.435,0.40591170254343506
0.35000000000000003,0.4425,0.4052808046956907
0.35000000000000003,0.44999999999999996,0.4050659013597037
0.35000000000000003,0.45749999999999996,0.4052808046956907
0.35000000000000003,0.46499999999999997,0.40591170254343506
0.35000000000000003,0.4725,0.406921250340321
0.35000000000000003,0.48,0.4082583142905185
0.35000000000000003,0.4875,0.40986824453777837
0.35000000000000003,0.495,0.4117000965125433
0.35000000000000003,0.5025,0.413710119080238
0.35000000000000003,0.51,0.41510184617665663
0.35000000000000003,0.5175,0.4126094705982454
0.35000000000000003,0.525,0.4101775159812634
0.35000000000000003,0.5325,0.40781964469853665
0.35000000000000003,0.54,0.40555332623953777
0.35000000000000003,0.5475,0.4034009172722507
0.35000000000000003,0.5549999999999999,0.40139089470455597
0.35000000000000003,0.5625,0.399559042729791
0.35000000000000003,0.57,0.3979491124825312
0.35000000000000003,0.5775,0.39661204853233367
0.35000000000000003,0.585,0.3956025007354477
0.35000000000000003,0.5925,0.3949716028877034
0.35000000000000003,0.6,0.3947566995517164
0.355,0.0,0.32072981702436537
0.355,0.0075,0.3209253716188558
0.355,0.015,0.32150156173896977
0.355,0.0225,0.32242958588432763
0.355,0.03,0.323668782061078
0.355,0.0375,0.32517395718155356
0.355,0.045,0.3269011553427253
0.355,0.0525,0.32881102018206265
0.355,0.06,0.3308701002555491
0.355,0.0675,0.33305085230526543
0.355,0.075,0.33533100574995917
0.355,0.08249999999999999,0.3376927150968671
0.355,0.09,0.3401217231697705
0.355,0.0975,0.34260662854414153
0.355,0.105,0.34513828172790995
0.355,0.11249999999999999,0.3477093033405512
0.355,0.12,0.3503137062359342
0.355,0.1275,0.3529466016196423
0.355,0.135,0.3554352067815998
0.355,0.1425,0.3547385036081503
0.355,0.15,0.3545000311644836
0.355,0.1575,0.3547385036081503
0.355,0.16499999999999998,0.3554352067815998
0.355,0.1725,0.35654065415883796
0.355,0.18,0.35798970920852224
0.355,0.1875,0.35971609527350484
0.355,0.195,0.3616611355963859
0.355,0.20249999999999999,0.36377684558107665
0.355,0.21,0.36602565479186266
0.355,0.2175,0.3683787659510759
0.355,0.22499999999999998,0.3708142741880849
0.355,0.23249999999999998,0.37331550825377646
0.355,0.24,0.375869712594261
0.355,0.2475,0.378467049908286
0.355,0.255,0.38109986294826664
0.355,0.2625,0.38147446023867393
0.355,0.27,0.3799692851181984
0.355,0.27749999999999997,0.378730088941448
0.355,0.285,0.37780206479609013
0.355,0.2925,0.3772258746759762
0.355,0.3,0.37703032008148574
0.355,0.3075,0.3772258746759762
0.355,0.315,0.37780206479609013
0.355,0.3225,0.378730088941448
0.355,0.32999999999999996,0.3799692851181984
0.355,0.33749999999999997,0.38147446023867393
0.355,0.345,0.3832016583998456
0.355,0.3525,0.385111523239183
0.355,0.36,0.38717060331266945
0.355,0.3675,0.3893513553623858
0.355,0.375,0.39163150880707953
0.355,0.3825,0.39399321815398747
0.355,0.39,0.3964222262268909
0.355,0.39749999999999996,0.3989071316012619
0.355,0.40499999999999997,0.4014387847850303
0.355,0.4125,0.4040098063976716
0.355,0.42,0.4066142092930546
0.355,0.4275,0.40518558708282826
0.355,0.435,0.4040801397055901
0.355,0.4425,0.4033834365321406
0.355,0.44999999999999996,0.4031449640884739
0.355,0.45749999999999996,0.4033834365321406
0.355,0.46499999999999997,0.4040801397055901
0.355,0.4725,0.40518558708282826
0.355,0.48,0.40663464213251255
0.355,0.4875,0.40836102819749515
0.355,0.495,0.4103060685203762
0.355,0.5025,0.41242177850506695
0.355,0.51,0.414670587715853
0.355,0.5175,0.41364053489544794
0.355,0.525,0.41127882554854
0.355,0.5325,0.4089986721038463
0.355,0.54,0.4068179200541299
0.355,0.5475,0.4047588399806435
0.355,0.5549999999999999,0.40284897514130613
0.355,0.5625,0.4011217769801344
0.355,0.57,0.39961660185965886
0.355,0.5775,0.39837740568290847
0.355,0.585,0.3974493815375506
0.355,0.5925,0.39687319141743665
0.355,0.6,0.3966776368229462
0.36,0.0,0.3226507542955952
0.36,0.0075,0.3228301441392895
0.36,0.015,0.32336018884923634
0.36,0.0225,0.32421824990069886
0.36,0.03,0.3253715849547344
0.36,0.0375,0.3267826359998071
0.36,0.045,0.3284135661092848
0.36,0.0525,0.33022927197627194
0.36,0.06,0.3321988935381317
0.36,0.0675,0.3342962287879992
0.36,0.075,0.336499507040837
0.36,0.08249999999999999,0.3387908645064824
0.36,0.09,0.3411557340110517
0.36,0.0975,0.3435822593421653
0.36,0.105,0.3460607812377421
0.36,0.11249999999999999,0.3485834074571983
0.36,0.12,0.35114366286863186
0.36,0.1275,0.3537362090090951
0.36,0.135,0.3536240909633228
0.36,0.1425,0.35284689233077093
0.36,0.15,0.3525790938932537
0.36,0.1575,0.35284689233077093
0.36,0.16499999999999998,0.3536240909633228
0.36,0.1725,0.3548434560903756
0.36,0.18,0.3564209684357134
0.36,0.1875,0.3582763174163307
0.36,0.195,0.36034274355485635
0.36,0.20249999999999999,0.3625686953209635
0.36,0.21,0.36491574703689134
0.36,0.2175,0.3673556249829548
0.36,0.22499999999999998,0.3698675293343224
0.36,0.23249999999999998,0.37243605455531176
0.36,0.24,0.37504967178444104
0.36,0.2475,0.3776996495170958
0.36,0.255,0.3803792919788325
0.36,0.2625,0.3830831390569275
0.36,0.27,0.38167208801185476
0.36,0.27749999999999997,0.38051875295781923
0.36,0.285,0.3796606919063567
0.36,0.2925,0.3791306471964099
0.36,0.3,0.37895125735271556
0.36,0.3075,0.3791306471964099
0.36,0.315,0.3796606919063567
0.36,0.3225,0.38051875295781923
0.36,0.32999999999999996,0.38167208801185476
0.36,0.33749999999999997,0.3830831390569275
0.36,0.345,0.38471406916640516
0.36,0.3525,0.38652977503339225
0.36,0.36,0.388499396595252
0.36,0.3675,0.39059673184511956
0.36,0.375,0.39280001009795734
0.36,0.3825,0.39509136756360275
0.36,0.39,0.39745623706817207
0.36,0.39749999999999996,0.39988276239928566
0.36,0.40499999999999997,0.40236128429486245
0.36,0.4125,0.4048839105143186
0.36,0.42,0.4050659013597037
0.36,0.4275,0.4034883890143659
0.36,0.435,0.40226902388731306
0.36,0.4425,0.40149182525476124
0.36,0.44999999999999996,0.401224026817244
0.36,0.45749999999999996,0.40149182525476124
0.36,0.46499999999999997,0.4022690238873131
0.36,0.4725,0.4034883890143659
0.36,0.48,0.4050659013597037
0.36,0.4875,0.40692125034032106
0.36,0.495,0.40898767647884665
0.36,0.5025,0.4112136282449538
0.36,0.51,0.41356067996088164
0.36,0.5175,0.4147386843050632
0.36,0.525,0.4124473268394178
0.36,0.5325,0.41024404858658003
0.36,0.54,0.4081467133367125
0.36,0.5475,0.4061770917748527
0.36,0.5549999999999999,0.40436138590786563
0.36,0.5625,0.40273045579838795
0.36,0.57,0.40131940475331523
0.36,0.5775,0.4001660696992797
0.36,0.585,0.3993080086478172
0.36,0.5925,0.39877796393787035
0.36,0.6,0.39859857409417604
0.365,0.0,0.3245716915668251
0.365,0.0075,0.3247373768789915
0.365,0.015,0.3252280068018452
0.365,0.0225,0.3260254885741689
0.365,0.03,0.3271031431640844
0.365,0.0375,0.32842956947573293
0.365,0.045,0.32997219213781187
0.365,0.0525,0.3316998575062135
0.365,0.06,0.333584356606489
0.365,0.0675,0.33560106950693
0.365,0.075,0.33772902316679904
0.365,0.08249999999999999,0.3399506222670609
0.365,0.09,0.3422512361968747
0.365,0.0975,0.34461875292523625
0.365,0.105,0.34704315782784956
0.365,0.11249999999999999,0.34951616257784185
0.365,0.12,0.35203089077233884
0.365,0.1275,0.35319697967251035
0.365,0.135,0.3518410181316988
0.365,0.1425,0.3509634137850386
0.365,0.15,0.3506581566220239
0.365,0.1575,0.3509634137850386
0.365,0.16499999999999998,0.3518410181316988
0.365,0.1725,0.35319697967251035
0.365,0.18,0.3549217622951894
0.365,0.1875,0.35691876446983806
0.365,0.195,0.35911365042154764
0.365,0.20249999999999999,0.3614527281227068
0.365,0.21,0.3638981091712222
0.365,0.2175,0.3664231088646405
0.365,0.22499999999999998,0.3690087654087815
0.365,0.23249999999999998,0.3716414156474284
0.365,0.24,0.3743110566359403
0.365,0.2475,0.37701024519798876
0.365,0.255,0.3797333548591797
0.365,0.2625,0.3824760685470323
0.365,0.27,0.38340364622120476
0.365,0.27749999999999997,0.3823259916312893
0.365,0.285,0.3815285098589656
0.365,0.2925,0.3810378799361119
0.365,0.3,0.38087219462394545
0.365,0.3075,0.3810378799361119
0.365,0.315,0.3815285098589656
0.365,0.3225,0.3823259916312893
0.365,0.32999999999999996,0.38340364622120476
0.365,0.33749999999999997,0.3847300725328533
0.365,0.345,0.38627269519493224
0.365,0.3525,0.38800036056333387
0.365,0.36,0.38988485966360936
0.365,0.3675,0.3919015725640504
0.365,0.375,0.3940295262239194
0.365,0.3825,0.3962511253241813
0.365,0.39,0.3985517392539951
0.365,0.39749999999999996,0.4009192559823566
0.365,0.40499999999999997,0.4033436608849699
0.365,0.4125,0.40556369739382836
0.365,0.42,0.4035666952191797
0.365,0.4275,0.40184191259650065
0.365,0.435,0.40048595105568907
0.365,0.4425,0.3996083467090289
0.365,0.44999999999999996,0.3993030895460142
0.365,0.45749999999999996,0.3996083467090289
0.365,0.46499999999999997,0.4004859510556891
0.365,0.4725,0.40184191259650065
0.365,0.48,0.4035666952191797
0.365,0.4875,0.4055636973938284
0.365,0.495,0.40775858334553794
0.365,0.5025,0.4100976610466971
0.365,0.51,0.4125430420952125
0.365,0.5175,0.4150680417886308
0.365,0.525,0.4136768429653799
0.365,0.5325,0.41154888930551087
0.365,0.54,0.40953217640506984
0.365,0.5475,0.40764767730479434
0.365,0.5549999999999999,0.4059200119363927
0.365,0.5625,0.40437738927431377
0.365,0.57,0.40305096296266524
0.365,0.5775,0.40197330837274975
0.365,0.585,0.40117582660042606
0.365,0.5925,0.40068519667757235
0.365,0.6,0.4005195113654059
0.37,0.0,0.3264926288380549
0.37,0.0075,0.3266465493930055
0.37,0.015,0.3271031431640844
0.37,0.0225,0.32784773707388504
0.37,0.03,0.3288583518574048
0.37,0.0375,0.3301085630734316
0.37,0.045,0.33157027493902796
0.37,0.0525,0.33321590928735945
0.37,0.06,0.335019840184386
0.37,0.0675,0.3369591443517103
0.37,0.075,0.33901384453368344
0.37,0.08249999999999999,0.3411668319487499
0.37,0.09,0.34340361643710254
0.37,0.0975,0.3457120053466109
0.37,0.105,0.3480817718394208
0.37,0.11249999999999999,0.3505043447284281
0.37,0.12,0.35297253393645156
0.37,0.1275,0.35161862525763876
0.37,0.135,0.3500976346803636
0.37,0.1425,0.34909193662761456
0.37,0.15,0.348737219350794
0.37,0.1575,0.34909193662761456
0.37,0.16499999999999998,0.3500976346803636
0.37,0.1725,0.35161862525763876
0.37,0.18,0.35351128897206224
0.37,0.1875,0.3556615957234149
0.37,0.195,0.35798970920852224
0.37,0.20249999999999999,0.36044223282186744
0.37,0.21,0.3629836736373123
0.37,0.2175,0.3655901527691845
0.37,0.22499999999999998,0.3682452870926349
0.37,0.23249999999999998,0.370937587184008
0.37,0.24,0.3736588178397847
0.37,0.2475,0.37640295318906025
0.37,0.255,0.37916549899831886
0.37,0.2625,0.3819430443921088
0.37,0.27,0.38473295934021357
0.37,0.27749999999999997,0.3841482401310054
0.37,0.285,0.38340364622120476
0.37,0.2925,0.3829470524501259
0.37,0.3,0.3827931318951753
0.37,0.3075,0.3829470524501259
0.37,0.315,0.38340364622120476
0.37,0.3225,0.3841482401310054
0.37,0.32999999999999996,0.3851588549145252
0.37,0.33749999999999997,0.386409066130552
0.37,0.345,0.38787077799614833
0.37,0.3525,0.3895164123444798
0.37,0.36,0.3913203432415064
0.37,0.3675,0.3932596474088307
0.37,0.375,0.39531434759080375
0.37,0.3825,0.3974673350058703
0.37,0.39,0.3997041194942229
0.37,0.39749999999999996,0.4020125084037312
0.37,0.40499999999999997,0.40438227489654116
0.37,0.4125,0.4043065286474052
0.37,0.42,0.4021562218960525
0.37,0.4275,0.40026355818162906
0.37,0.435,0.3987425676043539
0.37,0.4425,0.39773686955160487
0.37,0.44999999999999996,0.3973821522747843
0.37,0.45749999999999996,0.39773686955160487
0.37,0.46499999999999997,0.3987425676043539
0.37,0.4725,0.40026355818162906
0.37,0.48,0.40215622189605255
0.37,0.4875,0.4043065286474052
0.37,0.495,0.40663464213251255
0.37,0.5025,0.40908716574585774
0.37,0.51,0.4116286065613026
0.37,0.5175,0.4142350856931748
0.37,0.525,0.4149616643322642
0.37,0.5325,0.41290696415029116
0.37,0.54,0.41096765998296686
0.37,0.5475,0.4091637290859403
0.37,0.5549999999999999,0.4075180947376088
0.37,0.5625,0.40605638287201246
0.37,0.57,0.40480617165598565
0.37,0.5775,0.4037955568724659
0.37,0.585,0.40305096296266524
0.37,0.5925,0.40259436919158637
0.37,0.6,0.40244044863663575
0.375,0.0,0.3284135661092848
0.375,0.0075,0.3285572780185901
0.375,0.015,0.3289841969320031
0.375,0.0225,0.32968226788488186
0.375,0.03,0.330633198410057
0.375,0.0375,0.33181460443320876
0.375,0.045,0.333202185505507
0.375,0.0525,0.3347715484942414
0.375,0.06,0.336499507040837
0.375,0.0675,0.33836485883854417
0.375,0.075,0.34034874016245537
0.375,0.08249999999999999,0.34243468534092114
0.375,0.09,0.34460850614101696
0.375,0.0975,0.3468580776920956
0.375,0.105,0.34917308871495045
0.375,0.11249999999999999,0.35154479075360534
0.375,0.12,0.35221459542347483
0.375,0.1275,0.3501333796559839
0.375,0.135,0.34841248854497153
0.375,0.1425,0.34723918267142984
0.375,0.15,0.34681628207956416
0.375,0.1575,0.34723918267142984
0.375,0.16499999999999998,0.34841248854497153
0.375,0.1725,0.3501333796559839
0.375,0.18,0.35221459542347483
0.375,0.1875,0.35452669029433764
0.375,0.195,0.3569888553920343
0.375,0.20249999999999999,0.35955152634103316
0.375,0.21,0.36218378024940295
0.375,0.2175,0.3648657545426594
0.375,0.22499999999999998,0.36758428082038974
0.375,0.23249999999999998,0.3703303592872921
0.375,0.24,0.3730976654441296
0.375,0.2475,0.37588164227109827
0.375,0.255,0.3786789322667715
0.375,0.2625,0.3814870121528512
0.375,0.27,0.3843039517910401
0.375,0.27749999999999997,0.38598277094200223
0.375,0.285,0.38528469998912346
0.375,0.2925,0.38485778107571045
0.375,0.3,0.38471406916640516
0.375,0.3075,0.38485778107571045
0.375,0.315,0.38528469998912346
0.375,0.3225,0.38598277094200223
0.375,0.32999999999999996,0.3869337014671773
0.375,0.33749999999999997,0.3881151074903291
0.375,0.345,0.3895026885626274
0.375,0.3525,0.39107205155136177
0.375,0.36,0.39280001009795734
0.375,0.3675,0.39466536189566453
0.375,0.375,0.39664924321957573
0.375,0.3825,0.3987351883980415
0.375,0.39,0.4009090091981373
0.375,0.39749999999999996,0.40315858074921596
0.375,0.40499999999999997,0.4054735917720708
0.375,0.4125,0.40317162321832795
0.375,0.42,0.40085952834746513
0.375,0.4275,0.3987783125799742
0.375,0.435,0.39705742146896184
0.375,0.4425,0.39588411559542014
0.375,0.44999999999999996,0.39546121500355447
0.375,0.45749999999999996,0.39588411559542014
0.375,0.46499999999999997,0.39705742146896184
0.375,0.4725,0.39877831257997426
0.375,0.48,0.4008595283474652
0.375,0.4875,0.40317162321832795
0.375,0.495,0.4056337883160246
0.375,0.5025,0.40819645926502346
0.375,0.51,0.4108287131733933
0.375,0.5175,0.4135106874666497
0.375,0.525,0.41622921374438004
0.375,0.5325,0.414312678637125
0.375,0.54,0.4124473268394178
0.375,0.5475,0.41071936829282224
0.375,0.5549999999999999,0.40915000530408785
0.375,0.5625,0.4077624242317896
0.375,0.57,0.40658101820863785
0.375,0.5775,0.4056300876834627
0.375,0.585,0.40493201673058393
0.375,0.5925,0.4045050978171709
0.375,0.6,0.40436138590786563
0.38,0.0,0.3303345033805146
0.38,0.0075,0.33046927380380425
0.38,0.015,0.3308701002555491
0.38,0.0225,0.3315269638766076
0.38,0.03,0.3324244975206528
0.38,0.0375,0.33354361551344236
0.38,0.045,0.3348632277747584
0.38,0.0525,0.33636174989950923
0.38,0.06,0.33801825246543404
0.38,0.0675,0.3398132173894233
0.38,0.075,0.3417289504266687
0.38,0.08249999999999999,0.3437497335408222
0.38,0.09,0.3458618027037199
0.38,0.0975,0.348053222068686
0.38,0.105,0.3503137062359342
0.38,0.11249999999999999,0.3526344247837731
0.38,0.12,0.3510636713801531
0.38,0.1275,0.3487771696391356
0.38,0.135,0.3468162820795641
0.38,0.1425,0.34541784334336884
0.38,0.15,0.3448953448083343
0.38,0.1575,0.34541784334336884
0.38,0.16499999999999998,0.3468162820795641
0.38,0.1725,0.3487771696391356
0.38,0.18,0.3510636713801531
0.38,0.1875,0.35353956252886864
0.38,0.195,0.35613063375392795
0.38,0.20249999999999999,0.3587954438511237
0.38,0.21,0.36150974380099477
0.38,0.2175,0.36425863807558345
0.38,0.22499999999999998,0.36703256150254415
0.38,0.23249999999999998,0.36982512819078184
0.38,0.24,0.37263192886696395
0.38,0.2475,0.3754498292077169
0.38,0.255,0.37827654428054813
0.38,0.2625,0.38111037133276415
0.38,0.27,0.38395001674937596
0.38,0.27749999999999997,0.38679448087545093
0.38,0.285,0.38515201319556713
0.38,0.2925,0.3837535744593718
0.38,0.3,0.38323107592433725
0.38,0.3075,0.3837535744593718
0.38,0.315,0.38515201319556713
0.38,0.3225,0.3871129007551386
0.38,0.32999999999999996,0.38872500057777315
0.38,0.33749999999999997,0.3898441185705627
0.38,0.345,0.3911637308318788
0.38,0.3525,0.3926622529566296
0.38,0.36,0.39431875552255446
0.38,0.3675,0.3961137204465437
0.38,0.375,0.39802945348378904
0.38,0.3825,0.4000502365979426
0.38,0.39,0.40216230576084033
0.38,0.39749999999999996,0.40435372512580636
0.38,0.40499999999999997,0.40477556667791825
0.38,0.4125,0.40218449545285895
0.38,0.42,0.3997086043041434
0.38,0.4275,0.3974221025631259
0.38,0.435,0.3954612150035544
0.38,0.4425,0.39406277626735914
0.38,0.44999999999999996,0.3935402777323246
0.38,0.45749999999999996,0.39406277626735914
0.38,0.46499999999999997,0.39546121500355447
0.38,0.4725,0.39742210256312593
0.38,0.48,0.3997086043041434
0.38,0.4875,0.40218449545285895
0.38,0.495,0.40477556667791825
0.38,0.5025,0.407440376775114
0.38,0.51,0.41015467672498507
0.38,0.5175,0.41290357099957375
0.38,0.525,0.41567749442653446
0.38,0.5325,0.41576103718800417
0.38,0.54,0.4139660722640149
0.38,0.5475,0.4123095696980901
0.38,0.5549999999999999,0.41081104757333925
0.38,0.5625,0.4094914353120232
0.38,0.57,0.4083723173192336
0.38,0.5775,0.40747478367518847
0.38,0.585,0.40677698133448614
0.38,0.5925,0.4053785425982908
0.38,0.6,0.40485604406325626
0.385,0.0,0.3322554406517445
0.385,0.0075,0.3323823150352721
0.385,0.015,0.3327600257340058
0.385,0.0225,0.3333801597876387
0.385,0.03,0.33422969618268256
0.385,0.0375,0.335292258405785
0.385,0.045,0.33654947321132217
0.385,0.0525,0.33798221799251416
0.385,0.06,0.33957162232136723
0.385,0.0675,0.3412997768241369
0.385,0.075,0.34315016719656827
0.385,0.08249999999999999,0.34510788539032333
0.385,0.09,0.3471596794543176
0.385,0.0975,0.3492938980724212
0.385,0.105,0.35150037408561763
0.385,0.11249999999999999,0.35272844140802484
0.385,0.12,0.3500976346803636
0.385,0.1275,0.34760065246596855
0.385,0.135,0.3453614423477385
0.385,0.1425,0.3436546152018892
0.385,0.15,0.34297440753710445
0.385,0.1575,0.3436546152018892
0.385,0.16499999999999998,0.3453614423477385
0.385,0.1725,0.34760065246596855
0.385,0.18,0.3500976346803636
0.385,0.1875,0.35272844140802484
0.385,0.195,0.3554352067815998
0.385,0.20249999999999999,0.35818854736086686
0.385,0.21,0.3609722775318142
0.385,0.2175,0.36377684558107665
0.385,0.22499999999999998,0.36659628561458096
0.385,0.23249999999999998,0.36942669311578663
0.385,0.24,0.37226541149288567
0.385,0.2475,0.37511057328218284
0.385,0.255,0.37796082884503324
0.385,0.2625,0.380815179291741
0.385,0.27,0.38367286992031996
0.385,0.27749999999999997,0.3859363835819715
0.385,0.285,0.3836971734637415
0.385,0.2925,0.3819903463178922
0.385,0.3,0.3813101386531074
0.385,0.3075,0.3819903463178922
0.385,0.315,0.3836971734637415
0.385,0.3225,0.3859363835819715
0.385,0.32999999999999996,0.38843336579636656
0.385,0.33749999999999997,0.3910641725240278
0.385,0.345,0.39284997626844254
0.385,0.3525,0.3942827210496345
0.385,0.36,0.3958721253784876
0.385,0.3675,0.3976002798812573
0.385,0.375,0.39945067025368863
0.385,0.3825,0.40140838844744375
0.385,0.39,0.40346018251143795
0.385,0.39749999999999996,0.4055944011295416
0.385,0.40499999999999997,0.4040801397055901
0.385,0.4125,0.40137337433201514
0.385,0.42,0.3987425676043539
0.385,0.4275,0.39624558538995885
0.385,0.435,0.3940063752717288
0.385,0.4425,0.3922995481258795
0.385,0.44999999999999996,0.39161934046109476
0.385,0.45749999999999996,0.3922995481258795
0.385,0.46499999999999997,0.3940063752717288
0.385,0.4725,0.39624558538995885
0.385,0.48,0.3987425676043539
0.385,0.4875,0.4013733743320152
0.385,0.495,0.4040801397055901
0.385,0.5025,0.40683348028485716
0.385,0.51,0.4096172104558045
0.385,0.5175,0.41242177850506695
0.385,0.525,0.4152412185385713
0.385,0.5325,0.41724759662271776
0.385,0.54,0.41551944211994807
0.385,0.5475,0.413930037791095
0.385,0.5549999999999999,0.412497293009903
0.385,0.5625,0.41124007820436587
0.385,0.57,0.41005833393528557
0.385,0.5775,0.40756135172089053
0.385,0.585,0.4053221416026605
0.385,0.5925,0.4036153144568112
0.385,0.6,0.40293510679202643
0.39,0.0,0.3341763779229744
0.39,0.0075,0.3342962287879992
0.39,0.015,0.3346533228103078
0.39,0.0225,0.335240529753436
0.39,0.03,0.33604672915720685
0.39,0.0375,0.33705778382981916
0.39,0.045,0.3382576239116831
0.39,0.0525,0.33962927721254793
0.39,0.06,0.3411557340110517
0.39,0.0675,0.3428205956435087
0.39,0.075,0.34460850614101696
0.39,0.08249999999999999,0.34650539686290516
0.39,0.09,0.34849858678677903
0.39,0.0975,0.35057678138931503
0.39,0.105,0.35273000675616056
0.39,0.11249999999999999,0.3521220786129795
0.39,0.12,0.3493606697622048
0.39,0.1275,0.3466711147386714
0.39,0.135,0.34413763355178395
0.39,0.1425,0.3420139389014895
0.39,0.15,0.34105347026587457
0.39,0.1575,0.3420139389014895
0.39,0.16499999999999998,0.34413763355178395
0.39,0.1725,0.3466711147386714
0.39,0.18,0.3493606697622048
0.39,0.1875,0.3521220786129795
0.39,0.195,0.3549217622951894
0.39,0.20249999999999999,0.3577440700019815
0.39,0.21,0.3605808062363954
0.39,0.2175,0.3634272875891658
0.39,0.22499999999999998,0.36628065143563227
0.39,0.23249999999999998,0.36913905255918555
0.39,0.24,0.372001249357793
0.39,0.2475,0.3748663762964045
0.39,0.255,0.3777338118523484
0.39,0.2625,0.3806030983477767
0.39,0.27,0.38347389138629784
0.39,0.27749999999999997,0.3850068458546744
0.39,0.285,0.382473364667787
0.39,0.2925,0.3803496700174925
0.39,0.3,0.37938920138187754
0.39,0.3075,0.3803496700174925
0.39,0.315,0.382473364667787
0.39,0.3225,0.3850068458546744
0.39,0.32999999999999996,0.3876964008782078
0.39,0.33749999999999997,0.3904578097289825
0.39,0.345,0.39325749341119237
0.39,0.3525,0.3959297802696683
0.39,0.36,0.39745623706817207
0.39,0.3675,0.39912109870062906
0.39,0.375,0.4009090091981373
0.39,0.3825,0.4028058999200255
0.39,0.39,0.4047990898438994
0.39,0.39749999999999996,0.4063890029259718
0.39,0.40499999999999997,0.4035666952191797
0.39,0.4125,0.4007670115369698
0.39,0.42,0.3980056026861951
0.39,0.4275,0.3953160476626617
0.39,0.435,0.39278256647577425
0.39,0.4425,0.3906588718254798
0.39,0.44999999999999996,0.3896984031898649
0.39,0.45749999999999996,0.3906588718254798
0.39,0.46499999999999997,0.3927825664757743
0.39,0.4725,0.3953160476626617
0.39,0.48,0.3980056026861951
0.39,0.4875,0.4007670115369698
0.39,0.495,0.4035666952191797
0.39,0.5025,0.4063890029259718
0.39,0.51,0.40922573916038574
0.39,0.5175,0.4120722205131561
0.39,0.525,0.4149255843596226
0.39,0.5325,0.41778398548317586
0.39,0.54,0.4171035538096325
0.39,0.5475,0.41557709701112877
0.39,0.5549999999999999,0.41420544371026397
0.39,0.5625,0.4120827778679015
0.39,0.57,0.4093213690171268
0.39,0.5775,0.4066318139935934
0.39,0.585,0.404098332806706
0.39,0.5925,0.4019746381564115
0.39,0.6,0.40101416952079655
0.395,0.0,0.3360973151942042
0.395,0.0075,0.33621087822521084
0.395,0.015,0.33654947321132217
0.395,0.0225,0.33710700629098694
0.395,0.03,0.33787391102052033
0.395,0.0375,0.33883791297176136
0.395,0.045,0.3399849004399361
0.395,0.0525,0.3412997768241369
0.395,0.06,0.34276720329625465
0.395,0.0675,0.34437218285991217
0.395,0.075,0.3461004747727025
0.395,0.08249999999999999,0.34793885436783345
0.395,0.09,0.3498752467171461
0.395,0.0975,0.3518987661178067
0.395,0.105,0.3539996908640558
0.395,0.11249999999999999,0.35174612357952356
0.395,0.12,0.34889620097990515
0.395,0.1275,0.3460666790093021
0.395,0.135,0.34328613274280984
0.395,0.1425,0.3406746146375994
0.395,0.15,0.33913253299464474
0.395,0.1575,0.3406746146375994
0.395,0.16499999999999998,0.34328613274280984
0.395,0.1725,0.3460666790093021
0.395,0.18,0.34889620097990515
0.395,0.1875,0.35174612357952356
0.395,0.195,0.3546064225406039
0.395,0.20249999999999999,0.3574727037878816
0.395,0.21,0.36034274355485635
0.395,0.2175,0.3632152973829863
0.395,0.22499999999999998,0.3660896150460762
0.395,0.23249999999999998,0.3689652175640805
0.395,0.24,0.3718417848652604
0.395,0.2475,0.3747190949735648
0.395,0.255,0.377596989122514
0.395,0.2625,0.38047535076155276
0.395,0.27,0.3833540924048906
0.395,0.27749999999999997,0.3844024101253051
0.395,0.285,0.3816218638588128
0.395,0.2925,0.3790103457536024
0.395,0.3,0.3774682641106477
0.395,0.3075,0.3790103457536024
0.395,0.315,0.3816218638588128
0.395,0.3225,0.3844024101253051
0.395,0.32999999999999996,0.38723193209590806
0.395,0.33749999999999997,0.39008185469552653
0.395,0.345,0.3929421536566069
0.395,0.3525,0.39580843490388457
0.395,0.36,0.3986784746708593
0.395,0.3675,0.40067268591703253
0.395,0.375,0.40240097782982287
0.395,0.3825,0.4042393574249538
0.395,0.39,0.40617574977426646
0.395,0.39749999999999996,0.4061176367118719
0.395,0.40499999999999997,0.40325135546459423
0.395,0.4125,0.40039105650351386
0.395,0.42,0.3975411339038954
0.395,0.4275,0.3947116119332924
0.395,0.435,0.39193106566680014
0.395,0.4425,0.3893195475615897
0.395,0.44999999999999996,0.38777746591863504
0.395,0.45749999999999996,0.3893195475615897
0.395,0.46499999999999997,0.39193106566680014
0.395,0.4725,0.39471161193329246
0.395,0.48,0.39754113390389545
0.395,0.4875,0.40039105650351386
0.395,0.495,0.40325135546459423
0.395,0.5025,0.4061176367118719
0.395,0.51,0.40898767647884665
0.395,0.5175,0.4118602303069766
0.395,0.525,0.4147345479700665
0.395,0.5325,0.4176101504880708
0.395,0.54,0.4187150230948355
0.395,0.5475,0.41724759662271776
0.395,0.5549999999999999,0.4145671217955259
0.395,0.5625,0.41170682283444554
0.395,0.57,0.4088569002348271
0.395,0.5775,0.4060273782642241
0.395,0.585,0.4032468319977318
0.395,0.5925,0.4006353138925214
0.395,0.6,0.3990932322495667
0.4,0.0,0.33801825246543404
0.4,0.0075,0.33812615366366156
0.4,0.015,0.3384480591374081
0.4,0.0225,0.338978721101049
0.4,0.03,0.33970985483289684
0.4,0.0375,0.34063074514060676
0.4,0.045,0.3417289504266687
0.4,0.0525,0.3429910096651988
0.4,0.06,0.34440307832706374
0.4,0.0675,0.34595144874773853
0.4,0.075,0.34762293882158335
0.4,0.08249999999999999,0.34940515431100105
0.4,0.09,0.3512866427711132
0.4,0.0975,0.35325696225444175
0.4,0.105,0.35450003116448353
0.4,0.11249999999999999,0.35161862525763876
0.4,0.12,0.348737219350794
0.4,0.1275,0.3458558134439492
0.4,0.135,0.3429744075371044
0.4,0.1425,0.34009300163025963
0.4,0.15,0.33721159572341486
0.4,0.1575,0.34009300163025963
0.4,0.16499999999999998,0.3429744075371044
0.4,0.1725,0.3458558134439492
0.4,0.18,0.348737219350794
0.4,0.1875,0.35161862525763876
0.4,0.195,0.35450003116448353
0.4,0.20249999999999999,0.3573814370713283
0.4,0.21,0.3602628429781731
0.4,0.2175,0.3631442488850179
0.4,0.22499999999999998,0.36602565479186266
0.4,0.23249999999999998,0.36890706069870743
0.4,0.24,0.37178846660555226
0.4,0.2475,0.37466987251239703
0.4,0.255,0.3775512784192418
0.4,0.2625,0.38043268432608657
0.4,0.27,0.3833140902329314
0.4,0.27749999999999997,0.3841915445599522
0.4,0.285,0.3813101386531074
0.4,0.2925,0.3784287327462626
0.4,0.3,0.3755473268394178
0.4,0.3075,0.3784287327462626
0.4,0.315,0.3813101386531074
0.4,0.3225,0.3841915445599522
0.4,0.32999999999999996,0.38707295046679696
0.4,0.33749999999999997,0.38995435637364173
0.4,0.345,0.3928357622804865
0.4,0.3525,0.39571716818733127
0.4,0.36,0.3985985740941761
0.4,0.3675,0.40147998000102086
0.4,0.375,0.4039234418787037
0.4,0.3825,0.4057056573681214
0.4,0.39,0.40758714582823363
0.4,0.39749999999999996,0.4060263699953186
0.4,0.40499999999999997,0.40314496408847383
0.4,0.4125,0.40026355818162906
0.4,0.42,0.3973821522747843
0.4,0.4275,0.39450074636793947
0.4,0.435,0.3916193404610947
0.4,0.4425,0.38873793455424993
0.4,0.44999999999999996,0.38585652864740516
0.4,0.45749999999999996,0.38873793455424993
0.4,0.46499999999999997,0.39161934046109476
0.4,0.4725,0.3945007463679395
0.4,0.48,0.3973821522747843
0.4,0.4875,0.40026355818162906
0.4,0.495,0.4031449640884739
0.4,0.5025,0.4060263699953186
0.4,0.51,0.40890777590216343
0.4,0.5175,0.4117891818090082
0.4,0.525,0.414670587715853
0.4,0.5325,0.4175519936226978
0.4,0.54,0.42022354223309505
0.4,0.5475,0.4173421363262503
0.4,0.5549999999999999,0.41446073041940557
0.4,0.5625,0.41157932451256074
0.4,0.57,0.40869791860571597
0.4,0.5775,0.40581651269887115
0.4,0.585,0.40293510679202643
0.4,0.5925,0.4000537008851816
0.4,0.6,0.39717229497833684
