Missingness,Shift,risk,upper,certified
0.0,0.0,0.24,0.30409064541123126,True
0.0,0.0075,0.24075,0.304144596010345,True
0.0,0.015,0.2415,0.30430554874721827,True
0.0,0.0225,0.24225,0.30457087972903873,True
0.0,0.03,0.243,0.3049364465949626,True
0.0,0.0375,0.24375,0.3053968917488176,True
0.0,0.045,0.2445,0.30594599439184855,True
0.0,0.0525,0.24525,0.30657702401111364,True
0.0,0.06,0.246,0.30728305834204606,True
0.0,0.0675,0.24675,0.3080572435523835,True
0.0,0.075,0.2475,0.3088929885893059,True
0.0,0.08249999999999999,0.24825,0.3097840963340147,True
0.0,0.09,0.249,0.31072484056407085,True
0.0,0.0975,0.24975,0.3117100003057351,True
0.0,0.105,0.2505,0.31139071519212835,True
0.0,0.11249999999999999,0.25125,0.30995001223870594,True
0.0,0.12,0.252,0.30850930928528353,True
0.0,0.1275,0.25275,0.30706860633186117,True
0.0,0.135,0.2535,0.30562790337843876,True
0.0,0.1425,0.25425,0.3041872004250164,True
0.0,0.15,0.255,0.302746497471594,True
0.0,0.1575,0.25575,0.3041872004250164,True
0.0,0.16499999999999998,0.2565,0.30562790337843876,True
0.0,0.1725,0.25725,0.30706860633186117,True
0.0,0.18,0.258,0.30850930928528353,True
0.0,0.1875,0.25875,0.30995001223870594,True
0.0,0.195,0.2595,0.31139071519212835,True
0.0,0.20249999999999999,0.26025,0.3128314181455507,True
0.0,0.21,0.261,0.3142721210989731,True
0.0,0.2175,0.26175,0.31571282405239554,True
0.0,0.22499999999999998,0.2625,0.3171535270058179,True
0.0,0.23249999999999998,0.26325,0.3185942299592403,True
0.0,0.24,0.264,0.32003493291266266,False
0.0,0.2475,0.26475,0.3214756358660851,False
0.0,0.255,0.2655,0.3229163388195075,False
0.0,0.2625,0.26625,0.32435704177292984,False
0.0,0.27,0.267,0.32420906000343275,False
0.0,0.27749999999999997,0.26775,0.3227683570500104,False
0.0,0.285,0.26849999999999996,0.321327654096588,False
0.0,0.2925,0.26925,0.3198869511431656,True
0.0,0.3,0.27,0.3184462481897432,True
0.0,0.3075,0.27075,0.3198869511431656,True
0.0,0.315,0.27149999999999996,0.321327654096588,False
0.0,0.3225,0.27225,0.3227683570500104,False
0.0,0.32999999999999996,0.27299999999999996,0.32420906000343275,False
0.0,0.33749999999999997,0.27375,0.32564976295685516,False
0.0,0.345,0.27449999999999997,0.3270904659102776,False
0.0,0.3525,0.27525,0.32853116886369993,False
0.0,0.36,0.27599999999999997,0.32997187181712234,False
0.0,0.3675,0.27675,0.33141257477054475,False
0.0,0.375,0.27749999999999997,0.3328532777239671,False
0.0,0.3825,0.27825,0.33245718459815576,False
0.0,0.39,0.279,0.3310164816447334,False
0.0,0.39749999999999996,0.27975,0.329575778691311,False
0.0,0.40499999999999997,0.28049999999999997,0.32813507573788864,False
0.0,0.4125,0.28125,0.3266943727844662,False
0.0,0.42,0.282,0.3252536698310438,False
0.0,0.4275,0.28275,0.32381296687762146,False
0.0,0.435,0.2835,0.32237226392419904,False
0.0,0.4425,0.28425,0.32093156097077663,False
0.0,0.44999999999999996,0.285,0.3194908580173543,True
0.0,0.45749999999999996,0.28575,0.3209315609707767,False
0.0,0.46499999999999997,0.2865,0.32237226392419904,False
0.0,0.4725,0.28725,0.32381296687762146,False
0.0,0.48,0.288,0.32525366983104387,False
0.0,0.4875,0.28875,0.3266943727844662,False
0.0,0.495,0.2895,0.32813507573788864,False
0.0,0.5025,0.29025,0.329575778691311,False
0.0,0.51,0.291,0.3310164816447334,False
0.0,0.5175,0.29175,0.3324571845981558,False
0.0,0.525,0.2925,0.3338978875515782,False
0.0,0.5325,0.29325,0.3353385905050006,False
0.0,0.54,0.294,0.336779293458423,False
0.0,0.5475,0.29475,0.3379237194198966,False
0.0,0.5549999999999999,0.2955,0.3364830164664742,False
0.0,0.5625,0.29625,0.3350423135130518,False
0.0,0.57,0.297,0.33360161055962945,False
0.0,0.5775,0.29775,0.33216090760620703,False
0.0,0.585,0.2985,0.3307202046527846,False
0.0,0.5925,0.29925,0.3292795016993622,False
0.0,0.6,0.3,0.32783879874593985,False
0.005,0.0,0.24059999999999998,0.3031301767756163,True
0.005,0.0075,0.241351875,0.30318695829111963,True
0.005,0.015,0.24210374999999998,0.3033562557841753,True
0.005,0.0225,0.242855625,0.3036350223240077,True
0.005,0.03,0.24360749999999998,0.3040184746887744,True
0.005,0.0375,0.244359375,0.30450047566439487,True
0.005,0.045,0.24511124999999997,0.3050739693984823,True
0.005,0.0525,0.245863125,0.3057314075905827,True
0.005,0.06,0.24661499999999997,0.30646512082664157,True
0.005,0.0675,0.24736687499999999,0.3072676106084703,True
0.005,0.075,0.24811875,0.30813175656486547,True
0.005,0.08249999999999999,0.24887062499999998,0.3090509463624309,True
0.005,0.09,0.2496225,0.31001914253708723,True
0.005,0.0975,0.250374375,0.3110309022374176,True
0.005,0.105,0.25112625,0.3114439108801885,True
0.005,0.11249999999999999,0.25187812499999995,0.31001376139964837,True
0.005,0.12,0.25262999999999997,0.30858880009983913,True
0.005,0.1275,0.253381875,0.3071740391145376,True
0.005,0.135,0.25413375,0.3057837659812915,True
0.005,0.1425,0.25488562499999995,0.30447800692868626,True
0.005,0.15,0.2556375,0.30370696610720893,True
0.005,0.1575,0.256389375,0.30447800692868626,True
0.005,0.16499999999999998,0.25714125,0.3057837659812915,True
0.005,0.1725,0.25789312499999995,0.3071740391145376,True
0.005,0.18,0.258645,0.30858880009983913,True
0.005,0.1875,0.25939687499999997,0.31001376139964837,True
0.005,0.195,0.26014875,0.3114439108801885,True
0.005,0.20249999999999999,0.260900625,0.3128770515038274,True
0.005,0.21,0.2616525,0.3143120713873147,True
0.005,0.2175,0.26240437499999997,0.3157483483013797,True
0.005,0.22499999999999998,0.26315625,0.31718550713292465,True
0.005,0.23249999999999998,0.263908125,0.3186233083919268,True
0.005,0.24,0.26466,0.3200615920425168,False
0.005,0.2475,0.26541187499999996,0.32150024709666897,False
0.005,0.255,0.26616375,0.3229391941711436,False
0.005,0.2625,0.266915625,0.3243783749906629,False
0.005,0.27,0.2676675,0.32428855081798835,False
0.005,0.27749999999999997,0.26841937499999996,0.32287378983268683,False
0.005,0.285,0.26917125000000003,0.3214835166994407,False
0.005,0.2925,0.269923125,0.3201777576468355,False
0.005,0.3,0.27067499999999994,0.31940671682535815,True
0.005,0.3075,0.27142687499999996,0.3201777576468355,False
0.005,0.315,0.27217875,0.3214835166994407,False
0.005,0.3225,0.272930625,0.32287378983268683,False
0.005,0.32999999999999996,0.27368249999999994,0.32428855081798835,False
0.005,0.33749999999999997,0.274434375,0.32571351211779753,False
0.005,0.345,0.27518624999999997,0.32714366159833774,False
0.005,0.3525,0.275938125,0.3285768022219766,False
0.005,0.36,0.27668999999999994,0.3300118221054639,False
0.005,0.3675,0.277441875,0.33144809901952893,False
0.005,0.375,0.27819375,0.33288525785107387,False
0.005,0.3825,0.278945625,0.33249270884714,False
0.005,0.39,0.27969749999999993,0.331056431933075,False
0.005,0.39749999999999996,0.280449375,0.32962141204958767,False
0.005,0.40499999999999997,0.28120124999999996,0.3281882714259488,False
0.005,0.4125,0.28195312499999997,0.3267581219454086,False
0.005,0.42,0.282705,0.3253331606455994,False
0.005,0.4275,0.283456875,0.3239183996602979,False
0.005,0.435,0.28420874999999995,0.32252812652705176,False
0.005,0.4425,0.28496062499999997,0.32122236747444655,False
0.005,0.44999999999999996,0.2857125,0.3204513266529692,False
0.005,0.45749999999999996,0.286464375,0.32122236747444655,False
0.005,0.46499999999999997,0.28721624999999995,0.32252812652705176,False
0.005,0.4725,0.287968125,0.3239183996602979,False
0.005,0.48,0.28872,0.3253331606455994,False
0.005,0.4875,0.289471875,0.32675812194540865,False
0.005,0.495,0.29022374999999995,0.3281882714259488,False
0.005,0.5025,0.290975625,0.32962141204958767,False
0.005,0.51,0.2917275,0.33105643193307505,False
0.005,0.5175,0.292479375,0.33249270884714,False
0.005,0.525,0.29323125,0.33392986767868493,False
0.005,0.5325,0.293983125,0.3353676689376871,False
0.005,0.54,0.29473499999999997,0.33680595258827706,False
0.005,0.5475,0.295486875,0.33796935277817325,False
0.005,0.5549999999999999,0.29623875,0.3365362121545344,False
0.005,0.5625,0.296990625,0.3351060626739942,False
0.005,0.57,0.29774249999999997,0.333681101374185,False
0.005,0.5775,0.298494375,0.3322663403888835,False
0.005,0.585,0.29924625,0.33087606725563734,False
0.005,0.5925,0.299998125,0.3295703082030321,False
0.005,0.6,0.30074999999999996,0.3287992673815548,False
0.01,0.0,0.2412,0.3021697081400014,True
0.01,0.0075,0.24195375,0.3022296335725138,True
0.01,0.015,0.2427075,0.30240818058366814,True
0.01,0.0225,0.24346125,0.30270178405523224,True
0.01,0.03,0.244215,0.30310488375711764,True
0.01,0.0375,0.24496875,0.3036104110934238,True
0.01,0.045,0.2457225,0.3042103311343558,True
0.01,0.0525,0.24647625,0.3048961577847882,True
0.01,0.06,0.24723,0.30565938618404004,True
0.01,0.0675,0.24798375,0.30649181700026856,True
0.01,0.075,0.2487375,0.3073857722490227,True
0.01,0.08249999999999999,0.24949125,0.3083342176099668,True
0.01,0.09,0.250245,0.30933081257190376,True
0.01,0.0975,0.25099875,0.31036990987317176,True
0.01,0.105,0.2517525,0.3114465225565945,True
0.01,0.11249999999999999,0.25250625,0.3102017389163763,True
0.01,0.12,0.25326,0.30882103449098897,True
0.01,0.1275,0.25401375,0.30747625697922226,True
0.01,0.135,0.2547675,0.30620951638577854,True
0.01,0.1425,0.25552125000000003,0.3051476690606313,True
0.01,0.15,0.256275,0.3046674347428238,True
0.01,0.1575,0.25702875000000003,0.3051476690606313,True
0.01,0.16499999999999998,0.25778249999999997,0.30620951638577854,True
0.01,0.1725,0.25853625,0.30747625697922226,True
0.01,0.18,0.25928999999999996,0.30882103449098897,True
0.01,0.1875,0.26004375,0.3102017389163763,True
0.01,0.195,0.26079749999999996,0.31160158075748123,True
0.01,0.20249999999999999,0.26155125,0.3130127346108773,True
0.01,0.21,0.262305,0.3144311027280843,True
0.01,0.2175,0.26305875,0.31585434340446944,True
0.01,0.22499999999999998,0.2638125,0.3172810253277027,True
0.01,0.23249999999999998,0.26456625,0.31871022588947934,True
0.01,0.24,0.26532,0.32014132428878306,False
0.01,0.2475,0.26607375,0.3215738877580888,False
0.01,0.255,0.2668275,0.3230076055360608,False
0.01,0.2625,0.26758125000000005,0.3244422487837749,False
0.01,0.27,0.268335,0.3245207852091382,False
0.01,0.27749999999999997,0.26908875000000004,0.3231760076973715,False
0.01,0.285,0.2698425,0.32190926710392775,False
0.01,0.2925,0.27059625,0.3208474197787805,False
0.01,0.3,0.27135,0.32036718546097304,False
0.01,0.3075,0.27210375000000003,0.3208474197787805,False
0.01,0.315,0.2728575,0.32190926710392775,False
0.01,0.3225,0.27361125,0.3231760076973715,False
0.01,0.32999999999999996,0.274365,0.3245207852091382,False
0.01,0.33749999999999997,0.27511874999999997,0.32590148963452553,False
0.01,0.345,0.2758725,0.32730133147563045,False
0.01,0.3525,0.27662624999999996,0.3287124853290265,False
0.01,0.36,0.27738,0.3301308534462335,False
0.01,0.3675,0.27813374999999996,0.33155409412261866,False
0.01,0.375,0.2788875,0.3329807760458519,False
0.01,0.3825,0.27964124999999995,0.3325987039502297,False
0.01,0.39,0.280395,0.3311754632738445,False
0.01,0.39749999999999996,0.28114875,0.3297570951566376,False
0.01,0.40499999999999997,0.2819025,0.3283459413032415,False
0.01,0.4125,0.28265625,0.3269460994621366,False
0.01,0.42,0.28341,0.32556539503674925,False
0.01,0.4275,0.28416375,0.32422061752498255,False
0.01,0.435,0.2849175,0.3229538769315388,False
0.01,0.4425,0.28567125,0.32189202960639157,False
0.01,0.44999999999999996,0.286425,0.3214117952885841,False
0.01,0.45749999999999996,0.28717875,0.32189202960639157,False
0.01,0.46499999999999997,0.28793250000000004,0.3229538769315388,False
0.01,0.4725,0.28868625,0.32422061752498255,False
0.01,0.48,0.28944000000000003,0.32556539503674925,False
0.01,0.4875,0.29019375,0.3269460994621366,False
0.01,0.495,0.2909475,0.3283459413032416,False
0.01,0.5025,0.29170124999999997,0.3297570951566376,False
0.01,0.51,0.292455,0.33117546327384456,False
0.01,0.5175,0.29320874999999996,0.3325987039502297,False
0.01,0.525,0.2939625,0.334025385873463,False
0.01,0.5325,0.29471625,0.3354545864352396,False
0.01,0.54,0.29547,0.33688568483454334,False
0.01,0.5475,0.29622375,0.33810503588522317,False
0.01,0.5549999999999999,0.29697749999999995,0.33669388203182715,False
0.01,0.5625,0.29773125,0.3352940401907222,False
0.01,0.57,0.298485,0.33391333576533483,False
0.01,0.5775,0.29923875,0.3325685582535681,False
0.01,0.585,0.29999249999999994,0.3313018176601244,False
0.01,0.5925,0.30074625,0.33023997033497715,False
0.01,0.6,0.30150000000000005,0.3297597360171697,False
0.015,0.0,0.2418,0.3012092395043865,True
0.015,0.0075,0.242555625,0.30127267669615027,True
0.015,0.015,0.24331124999999998,0.3014615320455171,True
0.015,0.0225,0.244066875,0.30177159907233353,True
0.015,0.03,0.2448225,0.3021963672698555,True
0.015,0.0375,0.24557812499999998,0.30272764838140676,True
0.015,0.045,0.24633375,0.3033562557841753,True
0.015,0.0525,0.247089375,0.3040726281747713,True
0.015,0.06,0.24784499999999998,0.30486733033919783,True
0.015,0.0675,0.248600625,0.3057314075905827,True
0.015,0.075,0.24935625,0.30665660277679835,True
0.015,0.08249999999999999,0.250111875,0.3076354618736759,True
0.015,0.09,0.25086749999999997,0.30866135890567303,True
0.015,0.0975,0.251623125,0.30972846821472483,True
0.015,0.105,0.25237875,0.31083170622132306,True
0.015,0.11249999999999999,0.253134375,0.310504920313899,True
0.015,0.12,0.25388999999999995,0.30918951695006835,True
0.015,0.1275,0.254645625,0.3079410258428708,True
0.015,0.135,0.25540124999999997,0.30682142078375585,True
0.015,0.1425,0.256156875,0.30596800721083117,True
0.015,0.15,0.2569125,0.30562790337843876,True
0.015,0.1575,0.257668125,0.30596800721083117,True
0.015,0.16499999999999998,0.25842374999999995,0.30682142078375585,True
0.015,0.1725,0.259179375,0.3079410258428708,True
0.015,0.18,0.25993499999999997,0.30918951695006835,True
0.015,0.1875,0.260690625,0.310504920313899,True
0.015,0.195,0.26144625,0.31185830300068645,True
0.015,0.20249999999999999,0.26220187500000003,0.31323497329031996,True
0.015,0.21,0.26295749999999996,0.3146268383757937,True
0.015,0.2175,0.263713125,0.3160291224004249,True
0.015,0.22499999999999998,0.26446875,0.31743884241717707,True
0.015,0.23249999999999998,0.265224375,0.3188540461677799,True
0.015,0.24,0.26598,0.32027340535632937,False
0.015,0.2475,0.26673562500000003,0.321695986250978,False
0.015,0.255,0.26749124999999996,0.3231211140324032,False
0.015,0.2625,0.268246875,0.32454828925575707,False
0.015,0.27,0.2690025,0.3248892676682176,False
0.015,0.27749999999999997,0.26975812499999996,0.32364077656102,False
0.015,0.285,0.27051375,0.32252117150190507,False
0.015,0.2925,0.27126937500000003,0.3216677579289804,False
0.015,0.3,0.27202499999999996,0.321327654096588,False
0.015,0.3075,0.27278062499999994,0.3216677579289804,False
0.015,0.315,0.27353625,0.32252117150190507,False
0.015,0.3225,0.274291875,0.32364077656102,False
0.015,0.32999999999999996,0.2750475,0.3248892676682176,False
0.015,0.33749999999999997,0.275803125,0.3262046710320482,False
0.015,0.345,0.27655874999999996,0.3275580537188357,False
0.015,0.3525,0.27731437499999995,0.3289347240084692,False
0.015,0.36,0.27807,0.3303265890939429,False
0.015,0.3675,0.27882562499999997,0.33172887311857413,False
0.015,0.375,0.27958125,0.3331385931353263,False
0.015,0.3825,0.28033687500000004,0.33277348294618514,False
0.015,0.39,0.28109249999999997,0.3313711989215539,False
0.015,0.39749999999999996,0.28184812499999995,0.32997933383608025,False
0.015,0.40499999999999997,0.28260375,0.32860266354644674,False
0.015,0.4125,0.28335937499999997,0.32724928085965926,False
0.015,0.42,0.284115,0.32593387749582864,False
0.015,0.4275,0.284870625,0.3246853863886311,False
0.015,0.435,0.28562624999999997,0.3235657813295161,False
0.015,0.4425,0.28638187499999995,0.32271236775659146,False
0.015,0.44999999999999996,0.2871375,0.32237226392419904,False
0.015,0.45749999999999996,0.28789312499999997,0.32271236775659146,False
0.015,0.46499999999999997,0.28864875,0.32356578132951613,False
0.015,0.4725,0.289404375,0.3246853863886311,False
0.015,0.48,0.29016000000000003,0.32593387749582864,False
0.015,0.4875,0.29091562499999996,0.32724928085965926,False
0.015,0.495,0.29167125,0.32860266354644674,False
0.015,0.5025,0.292426875,0.32997933383608025,False
0.015,0.51,0.2931825,0.331371198921554,False
0.015,0.5175,0.293938125,0.3327734829461852,False
0.015,0.525,0.29469375000000003,0.33418320296293735,False
0.015,0.5325,0.29544937499999996,0.3355984067135402,False
0.015,0.54,0.296205,0.3370177659020897,False
0.015,0.5475,0.296960625,0.3383272745646658,False
0.015,0.5549999999999999,0.29771625,0.3369506042750323,False
0.015,0.5625,0.298471875,0.33559722158824484,False
0.015,0.57,0.2992275,0.3342818182244142,False
0.015,0.5775,0.29998312499999996,0.33303332711721667,False
0.015,0.585,0.30073875,0.3319137220581017,False
0.015,0.5925,0.301494375,0.33106030848517704,False
0.015,0.6,0.30224999999999996,0.3307202046527846,False
0.02,0.0,0.2424,0.30024877086877155,True
0.02,0.0075,0.2431575,0.30031615608041634,True
0.02,0.015,0.243915,0.3005165693062888,True
0.02,0.0225,0.24467250000000001,0.30084500111681806,True
0.02,0.03,0.24543,0.3012937679388406,True
0.02,0.0375,0.2461875,0.3018533269352354,True
0.02,0.045,0.246945,0.30251313306589345,True
0.02,0.0525,0.24770250000000002,0.30326239412826883,True
0.02,0.06,0.24846000000000001,0.30409064541123126,True
0.02,0.0675,0.2492175,0.3049881278732259,True
0.02,0.075,0.249975,0.30594599439184855,True
0.02,0.08249999999999999,0.25073249999999997,0.3069563859489253,True
0.02,0.09,0.25149,0.3080124205303742,True
0.02,0.0975,0.25224749999999996,0.3091081302128572,True
0.02,0.105,0.25300500000000004,0.3102383722964813,True
0.02,0.11249999999999999,0.2537625,0.3109104808743209,True
0.02,0.12,0.25452,0.3096725352999631,True
0.02,0.1275,0.2552775,0.3085292844294544,True
0.02,0.135,0.256035,0.30754884064966864,True
0.02,0.1425,0.2567925,0.30684962128157095,True
0.02,0.15,0.25755,0.3065883720140537,True
0.02,0.1575,0.25830749999999997,0.30684962128157095,True
0.02,0.16499999999999998,0.25906500000000005,0.30754884064966864,True
0.02,0.1725,0.2598225,0.3085292844294544,True
0.02,0.18,0.26058000000000003,0.3096725352999631,True
0.02,0.1875,0.2613375,0.3109104808743209,True
0.02,0.195,0.262095,0.31220601648685053,True
0.02,0.20249999999999999,0.2628525,0.3135384215354484,True
0.02,0.21,0.26361,0.31489557151038394,True
0.02,0.2175,0.2643675,0.3162700186476783,True
0.02,0.22499999999999998,0.265125,0.31765698036115864,True
0.02,0.23249999999999998,0.2658825,0.3190532637052775,True
0.02,0.24,0.26664000000000004,0.32045666404336853,False
0.02,0.2475,0.2673975,0.32186561421374504,False
0.02,0.255,0.26815500000000003,0.3232789717501606,False
0.02,0.2625,0.2689125,0.32469588527626864,False
0.02,0.27,0.26967,0.3253722860181123,False
0.02,0.27749999999999997,0.2704275,0.3242290351476036,False
0.02,0.285,0.271185,0.32324859136781786,False
0.02,0.2925,0.2719425,0.32254937199972017,False
0.02,0.3,0.2727,0.3222881227322029,False
0.02,0.3075,0.2734575,0.32254937199972017,False
0.02,0.315,0.27421500000000004,0.32324859136781786,False
0.02,0.3225,0.2749725,0.3242290351476036,False
0.02,0.32999999999999996,0.27573,0.3253722860181123,False
0.02,0.33749999999999997,0.2764875,0.3266102315924701,False
0.02,0.345,0.27724499999999996,0.32790576720499975,False
0.02,0.3525,0.2780025,0.32923817225359764,False
0.02,0.36,0.27876,0.33059532222853316,False
0.02,0.3675,0.27951750000000003,0.3319697693658275,False
0.02,0.375,0.28027500000000005,0.33335673107930786,False
0.02,0.3825,0.2810325,0.33301437919343857,False
0.02,0.39,0.28179,0.3316399320561442,False
0.02,0.39749999999999996,0.2825475,0.3302827820812087,False
0.02,0.40499999999999997,0.283305,0.3289503770326108,False
0.02,0.4125,0.2840625,0.32765484142008117,False
0.02,0.42,0.28481999999999996,0.32641689584572336,False
0.02,0.4275,0.28557750000000004,0.32527364497521466,False
0.02,0.435,0.286335,0.3242932011954289,False
0.02,0.4425,0.28709250000000003,0.32359398182733123,False
0.02,0.44999999999999996,0.28785,0.323332732559814,False
0.02,0.45749999999999996,0.2886075,0.32359398182733123,False
0.02,0.46499999999999997,0.289365,0.3242932011954289,False
0.02,0.4725,0.2901225,0.32527364497521466,False
0.02,0.48,0.29087999999999997,0.3264168958457234,False
0.02,0.4875,0.2916375,0.32765484142008117,False
0.02,0.495,0.292395,0.3289503770326108,False
0.02,0.5025,0.29315250000000004,0.3302827820812087,False
0.02,0.51,0.29391,0.3316399320561442,False
0.02,0.5175,0.2946675,0.33301437919343857,False
0.02,0.525,0.295425,0.3344013409069189,False
0.02,0.5325,0.2961825,0.33579762425103776,False
0.02,0.54,0.29694,0.3372010245891288,False
0.02,0.5475,0.2976975,0.33860997475950533,False
0.02,0.5549999999999999,0.298455,0.3372983177611964,False
0.02,0.5625,0.29921250000000005,0.33600278214866675,False
0.02,0.57,0.29997,0.334764836574309,False
0.02,0.5775,0.30072750000000004,0.33362158570380024,False
0.02,0.585,0.301485,0.3326411419240145,False
0.02,0.5925,0.3022425,0.3319419225559168,False
0.02,0.6,0.303,0.33168067328839956,False
0.025,0.0,0.243,0.2992883022331566,True
0.025,0.0075,0.243759375,0.29936015818780926,True
0.025,0.015,0.24451875,0.2995736176445158,True
0.025,0.0225,0.24527812499999999,0.2999226531209552,True
0.025,0.03,0.2460375,0.3003981183835427,True
0.025,0.0375,0.246796875,0.3009888213951186,True
0.025,0.045,0.24755625,0.3016826119312677,True
0.025,0.0525,0.248315625,0.30246729342563494,True
0.025,0.06,0.249075,0.30333127269893273,True
0.025,0.0675,0.249834375,0.3042639485977863,True
0.025,0.075,0.25059375,0.3052558892597419,True
0.025,0.08249999999999999,0.25135312499999996,0.3062988618489748,True
0.025,0.09,0.2521125,0.3073857722490227,True
0.025,0.0975,0.25287187499999997,0.308510558024562,True
0.025,0.105,0.25363125000000003,0.30966806353598947,True
0.025,0.11249999999999999,0.254390625,0.3108539145553169,True
0.025,0.12,0.25515,0.310247997321624,True
0.025,0.1275,0.255909375,0.3092073894378785,True
0.025,0.135,0.25666875,0.3083469438823723,True
0.025,0.1425,0.25742812499999995,0.3077602909456015,True
0.025,0.15,0.2581875,0.30754884064966864,True
0.025,0.1575,0.25894687499999997,0.3077602909456015,True
0.025,0.16499999999999998,0.25970625,0.3083469438823723,True
0.025,0.1725,0.260465625,0.3092073894378785,True
0.025,0.18,0.261225,0.310247997321624,True
0.025,0.1875,0.261984375,0.3114040447570554,True
0.025,0.195,0.26274375,0.3126351273059037,True
0.025,0.20249999999999999,0.263503125,0.31391646278040314,True
0.025,0.21,0.2642625,0.31523258973458806,True
0.025,0.2175,0.26502187499999996,0.31657357688121623,True
0.025,0.22499999999999998,0.26578125,0.31793284002008143,True
0.025,0.23249999999999998,0.266540625,0.3193058792535326,True
0.025,0.24,0.26730000000000004,0.32068953233195135,False
0.025,0.2475,0.268059375,0.32208152074543567,False
0.025,0.255,0.26881875,0.3234801657432723,False
0.025,0.2625,0.269578125,0.32488420568631216,False
0.025,0.27,0.2703375,0.3259477480397732,False
0.025,0.27749999999999997,0.271096875,0.32490714015602773,False
0.025,0.285,0.27185624999999997,0.32404669460052155,False
0.025,0.2925,0.272615625,0.3234600416637507,False
0.025,0.3,0.27337500000000003,0.32324859136781786,False
0.025,0.3075,0.274134375,0.3234600416637507,False
0.025,0.315,0.27489375,0.32404669460052155,False
0.025,0.3225,0.275653125,0.32490714015602773,False
0.025,0.32999999999999996,0.27641249999999995,0.3259477480397732,False
0.025,0.33749999999999997,0.277171875,0.32710379547520463,False
0.025,0.345,0.27793124999999996,0.3283348780240529,False
0.025,0.3525,0.27869062499999997,0.32961621349855236,False
0.025,0.36,0.27945,0.3309323404527373,False
0.025,0.3675,0.280209375,0.33227332759936545,False
0.025,0.375,0.28096875,0.33363259073823065,False
0.025,0.3825,0.281728125,0.3333179374269765,False
0.025,0.39,0.2824875,0.3319769502803483,False
0.025,0.39749999999999996,0.283246875,0.3306608233261634,False
0.025,0.40499999999999997,0.28400624999999996,0.329379487851664,False
0.025,0.4125,0.284765625,0.3281484053028157,False
0.025,0.42,0.285525,0.3269923578673843,False
0.025,0.4275,0.286284375,0.3259517499836388,False
0.025,0.435,0.28704375,0.3250913044281326,False
0.025,0.4425,0.287803125,0.32450465149136176,False
0.025,0.44999999999999996,0.2885625,0.3242932011954289,False
0.025,0.45749999999999996,0.289321875,0.32450465149136176,False
0.025,0.46499999999999997,0.29008124999999996,0.3250913044281326,False
0.025,0.4725,0.290840625,0.3259517499836388,False
0.025,0.48,0.29159999999999997,0.3269923578673843,False
0.025,0.4875,0.29235937500000003,0.3281484053028157,False
0.025,0.495,0.29311875,0.329379487851664,False
0.025,0.5025,0.293878125,0.3306608233261634,False
0.025,0.51,0.2946375,0.33197695028034835,False
0.025,0.5175,0.295396875,0.3333179374269765,False
0.025,0.525,0.29615625,0.3346772005658417,False
0.025,0.5325,0.296915625,0.3360502397992929,False
0.025,0.54,0.29767499999999997,0.33743389287771164,False
0.025,0.5475,0.29843437500000003,0.33882588129119595,False
0.025,0.5549999999999999,0.29919375,0.33772742858024957,False
0.025,0.5625,0.29995312500000004,0.33649634603140127,False
0.025,0.57,0.3007125,0.33534029859596987,False
0.025,0.5775,0.301471875,0.3342996907122244,False
0.025,0.585,0.30223125,0.3334392451567182,False
0.025,0.5925,0.302990625,0.33285259221994734,False
0.025,0.6,0.30374999999999996,0.3326411419240145,False
0.03,0.0,0.24359999999999998,0.29832783359754167,True
0.03,0.0075,0.24436124999999997,0.298404793875017,True
0.03,0.015,0.2451225,0.29863309076055644,True
0.03,0.0225,0.24588374999999998,0.29900538771545676,True
0.03,0.03,0.24664499999999998,0.2995106951072166,True
0.03,0.0375,0.24740625,0.30013580071523005,True
0.03,0.045,0.24816749999999999,0.3008666566480282,True
0.03,0.0525,0.24892874999999998,0.3016894738221939,True
0.03,0.06,0.24969,0.30259143927070725,True
0.03,0.0675,0.25045124999999996,0.3035610913543694,True
0.03,0.075,0.2512125,0.3045884414453559,True
0.03,0.08249999999999999,0.25197374999999994,0.3056649351528892,True
0.03,0.09,0.252735,0.3067833273970655,True
0.03,0.0975,0.25349625,0.30793752185181966,True
0.03,0.105,0.25425749999999997,0.30912240509822464,True
0.03,0.11249999999999999,0.25501874999999996,0.3103336915427283,True
0.03,0.12,0.25578,0.31089634409591765,True
0.03,0.1275,0.25654124999999994,0.30995001223870594,True
0.03,0.135,0.2573025,0.30918951695006835,True
0.03,0.1425,0.25806375,0.3086866679236938,True
0.03,0.15,0.25882499999999997,0.30850930928528353,True
0.03,0.1575,0.25958624999999996,0.3086866679236938,True
0.03,0.16499999999999998,0.2603475,0.30918951695006835,True
0.03,0.1725,0.26110874999999995,0.30995001223870594,True
0.03,0.18,0.26187,0.31089634409591765,True
0.03,0.1875,0.26263125,0.311971497471594,True
0.03,0.195,0.2633925,0.3131355542141477,True
0.03,0.20249999999999999,0.26415374999999996,0.31436181602082025,True
0.03,0.21,0.264915,0.3156325364285427,True
0.03,0.2175,0.26567624999999995,0.3169357759944788,True
0.03,0.22499999999999998,0.2664375,0.31826334315620397,True
0.03,0.23249999999999998,0.26719875,0.3196094932018905,True
0.03,0.24,0.26796000000000003,0.3209701085297789,False
0.03,0.2475,0.26872124999999997,0.3223421762044167,False
0.03,0.255,0.2694825,0.323723449109046,False
0.03,0.2625,0.27024375,0.32511222180594096,False
0.03,0.27,0.271005,0.32650717927999334,False
0.03,0.27749999999999997,0.27176625,0.32564976295685516,False
0.03,0.285,0.27252750000000003,0.3248892676682176,False
0.03,0.2925,0.27328874999999997,0.32438641864184303,False
0.03,0.3,0.27404999999999996,0.32420906000343275,False
0.03,0.3075,0.27481125,0.32438641864184303,False
0.03,0.315,0.2755725,0.3248892676682176,False
0.03,0.3225,0.27633375,0.32564976295685516,False
0.03,0.32999999999999996,0.277095,0.3265960948140669,False
0.03,0.33749999999999997,0.27785624999999997,0.3276712481897432,False
0.03,0.345,0.27861749999999996,0.3288353049322969,False
0.03,0.3525,0.27937875,0.33006156673896947,False
0.03,0.36,0.28013999999999994,0.33133228714669194,False
0.03,0.3675,0.28090125,0.332635526712628,False
0.03,0.375,0.28166250000000004,0.3339630938743532,False
0.03,0.3825,0.28242375,0.3336801365402391,False
0.03,0.39,0.28318499999999996,0.332376896974303,False
0.03,0.39749999999999996,0.28394625,0.33110617656658053,False
0.03,0.40499999999999997,0.28470749999999995,0.32987991475990797,False
0.03,0.4125,0.28546875,0.32871585801735426,False
0.03,0.42,0.28623,0.32764070464167794,False
0.03,0.4275,0.28699125,0.3266943727844662,False
0.03,0.435,0.28775249999999997,0.32593387749582864,False
0.03,0.4425,0.28851375,0.3254310284694541,False
0.03,0.44999999999999996,0.28927499999999995,0.3252536698310438,False
0.03,0.45749999999999996,0.29003625,0.3254310284694541,False
0.03,0.46499999999999997,0.2907975,0.32593387749582864,False
0.03,0.4725,0.29155875,0.3266943727844662,False
0.03,0.48,0.29231999999999997,0.32764070464167794,False
0.03,0.4875,0.29308125,0.32871585801735426,False
0.03,0.495,0.29384249999999995,0.32987991475990797,False
0.03,0.5025,0.29460375,0.33110617656658053,False
0.03,0.51,0.295365,0.332376896974303,False
0.03,0.5175,0.29612625,0.3336801365402391,False
0.03,0.525,0.29688749999999997,0.3350077037019643,False
0.03,0.5325,0.29764875,0.3363538537476508,False
0.03,0.54,0.29840999999999995,0.3377144690755392,False
0.03,0.5475,0.29917125,0.33908653675017697,False
0.03,0.5549999999999999,0.2999325,0.33822785548849355,False
0.03,0.5625,0.30069375,0.33706379874593984,False
0.03,0.57,0.301455,0.3359886453702635,False
0.03,0.5775,0.30221625,0.3350423135130518,False
0.03,0.585,0.30297749999999996,0.3342818182244142,False
0.03,0.5925,0.30373875,0.3337789691980397,False
0.03,0.6,0.3045,0.3336016105596294,False
0.035,0.0,0.2442,0.2973673649619268,True
0.035,0.0075,0.244963125,0.29745020761801,True
0.035,0.015,0.24572625,0.2976955225794368,True
0.035,0.0225,0.246489375,0.2980942634655987,True
0.035,0.03,0.24725250000000001,0.29863309076055644,True
0.035,0.0375,0.24801562500000002,0.2992963039163807,True
0.035,0.045,0.24877875,0.30006761524742015,True
0.035,0.0525,0.249541875,0.30093144793162097,True
0.035,0.06,0.250305,0.30187369748175874,True
0.035,0.0675,0.25106812500000003,0.30288205393197926,True
0.035,0.075,0.25183125,0.30394603076191373,True
0.035,0.08249999999999999,0.252594375,0.30505683031204467,True
0.035,0.09,0.25335749999999996,0.3062071372769516,True
0.035,0.0975,0.254120625,0.30739089564113237,True
0.035,0.105,0.25488374999999996,0.308603098092439,True
0.035,0.11249999999999999,0.255646875,0.30983960046743514,True
0.035,0.12,0.25640999999999997,0.31109696456468366,True
0.035,0.1275,0.257173125,0.31073918944614176,True
0.035,0.135,0.25793625,0.31006120867573594,True
0.035,0.1425,0.258699375,0.30962240650240586,True
0.035,0.15,0.2594625,0.30946977792089847,True
0.035,0.1575,0.260225625,0.30962240650240586,True
0.035,0.16499999999999998,0.26098875,0.31006120867573594,True
0.035,0.1725,0.261751875,0.31073918944614176,True
0.035,0.18,0.262515,0.31160158075748123,True
0.035,0.1875,0.26327812500000003,0.3126000818448056,True
0.035,0.195,0.26404125,0.3136975248206604,True
0.035,0.20249999999999999,0.26480437500000004,0.31486706367123996,True
0.035,0.21,0.2655675,0.3160897541954976,True
0.035,0.2175,0.26633062500000004,0.31735225404220685,True
0.035,0.22499999999999998,0.26709375,0.3186450823142773,True
0.035,0.23249999999999998,0.267856875,0.31996140743360074,True
0.035,0.24,0.26861999999999997,0.32129622792785667,False
0.035,0.2475,0.269383125,0.32264582220888094,False
0.035,0.255,0.27014625,0.3240073770394764,False
0.035,0.2625,0.270909375,0.3253787338834027,False
0.035,0.27,0.2716725,0.3267582133619672,False
0.035,0.27749999999999997,0.272435625,0.326438940164291,False
0.035,0.285,0.27319875,0.32576095939388516,False
0.035,0.2925,0.27396187499999997,0.3253221572205551,False
0.035,0.3,0.274725,0.3251695286390477,False
0.035,0.3075,0.27548812500000003,0.3253221572205551,False
0.035,0.315,0.27625125,0.32576095939388516,False
0.035,0.3225,0.277014375,0.326438940164291,False
0.035,0.32999999999999996,0.2777775,0.32730133147563045,False
0.035,0.33749999999999997,0.278540625,0.3282998325629548,False
0.035,0.345,0.27930375,0.3293972755388096,False
0.035,0.3525,0.280066875,0.3305668143893892,False
0.035,0.36,0.28083,0.33178950491364684,False
0.035,0.3675,0.281593125,0.33305200476035607,False
0.035,0.375,0.28235625000000003,0.3343448330324265,False
0.035,0.3825,0.283119375,0.3340966145879671,False
0.035,0.39,0.2838825,0.3328341147412579,False
0.035,0.39749999999999996,0.28464562499999996,0.33161142421700024,False
0.035,0.40499999999999997,0.28540875,0.33044188536642066,False
0.035,0.4125,0.28617187499999996,0.3293444423905659,False
0.035,0.42,0.286935,0.3283459413032415,False
0.035,0.4275,0.28769812499999997,0.32748354999190205,False
0.035,0.435,0.28846125,0.32680556922149623,False
0.035,0.4425,0.289224375,0.32636676704816614,False
0.035,0.44999999999999996,0.2899875,0.32621413846665875,False
0.035,0.45749999999999996,0.290750625,0.32636676704816614,False
0.035,0.46499999999999997,0.29151375,0.32680556922149623,False
0.035,0.4725,0.292276875,0.32748354999190205,False
0.035,0.48,0.29304,0.3283459413032415,False
0.035,0.4875,0.293803125,0.3293444423905659,False
0.035,0.495,0.29456625000000003,0.33044188536642066,False
0.035,0.5025,0.295329375,0.33161142421700024,False
0.035,0.51,0.29609250000000004,0.33283411474125796,False
0.035,0.5175,0.296855625,0.33409661458796713,False
0.035,0.525,0.29761875000000004,0.33538944286003763,False
0.035,0.5325,0.298381875,0.336705767979361,False
0.035,0.54,0.299145,0.338040588473617,False
0.035,0.5475,0.29990812499999997,0.3393901827546412,False
0.035,0.5549999999999999,0.30067124999999995,0.33878982609500624,False
0.035,0.5625,0.301434375,0.33769238311915145,False
0.035,0.57,0.3021975,0.3366938820318271,False
0.035,0.5775,0.302960625,0.3358314907204876,False
0.035,0.585,0.30372374999999996,0.3351535099500818,False
0.035,0.5925,0.304486875,0.3347147077767517,False
0.035,0.6,0.30525,0.33456207919524433,False
0.04,0.0,0.2448,0.29640689632631184,True
0.04,0.0075,0.24556499999999998,0.29649659124815897,True
0.04,0.015,0.24633,0.2967616136031324,True
0.04,0.0225,0.24709499999999998,0.29719064412886365,True
0.04,0.03,0.24786,0.29776731165588144,True
0.04,0.0375,0.24862499999999998,0.29847283717841777,True
0.04,0.045,0.24939,0.2992883022331566,True
0.04,0.0525,0.250155,0.30019615516665016,True
0.04,0.06,0.25092,0.30118096594758004,True
0.04,0.0675,0.251685,0.3022296335725138,True
0.04,0.075,0.25244999999999995,0.30333127269893273,True
0.04,0.08249999999999999,0.253215,0.3044769514317554,True
0.04,0.09,0.25398,0.30565938618404004,True
0.04,0.0975,0.254745,0.30687264884959686,True
0.04,0.105,0.25550999999999996,0.3081119097973853,True
0.04,0.11249999999999999,0.256275,0.30937322290711333,True
0.04,0.12,0.25704,0.31065335061283017,True
0.04,0.1275,0.257805,0.31156242765507436,True
0.04,0.135,0.25856999999999997,0.31095274509154797,True
0.04,0.1425,0.259335,0.310564145775272,True
0.04,0.15,0.2601,0.3104302465565134,True
0.04,0.1575,0.260865,0.310564145775272,True
0.04,0.16499999999999998,0.26163,0.31095274509154797,True
0.04,0.1725,0.262395,0.31156242765507436,True
0.04,0.18,0.26316,0.31235118382774324,True
0.04,0.1875,0.263925,0.3132788583180519,True
0.04,0.195,0.26469,0.3143120713873147,True
0.04,0.20249999999999999,0.265455,0.3154250472703683,True
0.04,0.21,0.26621999999999996,0.31659857312833223,True
0.04,0.2175,0.26698500000000003,0.31781851210136397,True
0.04,0.22499999999999998,0.26775,0.3190744642770478,True
0.04,0.23249999999999998,0.268515,0.32035872688754247,False
0.04,0.24,0.26927999999999996,0.3216655355021071,False
0.04,0.2475,0.27004500000000004,0.32299052436843445,False
0.04,0.255,0.27081,0.32433034559930285,False
0.04,0.2625,0.271575,0.3256824000045226,False
0.04,0.27,0.27233999999999997,0.3270446455491739,False
0.04,0.27749999999999997,0.27310499999999993,0.3272621783732236,False
0.04,0.285,0.27387,0.3266524958096972,False
0.04,0.2925,0.274635,0.32626389649342125,False
0.04,0.3,0.2754,0.32612999727466263,False
0.04,0.3075,0.27616499999999994,0.32626389649342125,False
0.04,0.315,0.27693,0.3266524958096972,False
0.04,0.3225,0.277695,0.3272621783732236,False
0.04,0.32999999999999996,0.27846,0.32805093454589246,False
0.04,0.33749999999999997,0.27922499999999995,0.32897860903620113,False
0.04,0.345,0.27999,0.3300118221054639,False
0.04,0.3525,0.280755,0.3311247979885175,False
0.04,0.36,0.28152,0.33229832384648145,False
0.04,0.3675,0.28228499999999995,0.3335182628195132,False
0.04,0.375,0.28304999999999997,0.334774214995197,False
0.04,0.3825,0.28381500000000004,0.33456287264712425,False
0.04,0.39,0.28458,0.3333429336740925,False
0.04,0.39749999999999996,0.28534499999999996,0.3321694078161286,False
0.04,0.40499999999999997,0.28611,0.331056431933075,False
0.04,0.4125,0.286875,0.3300232188638122,False
0.04,0.42,0.28764,0.3290955443735035,False
0.04,0.4275,0.28840499999999997,0.32830678820083464,False
0.04,0.435,0.28917,0.32769710563730825,False
0.04,0.4425,0.289935,0.3273085063210323,False
0.04,0.44999999999999996,0.2907,0.3271746071022737,False
0.04,0.45749999999999996,0.291465,0.3273085063210323,False
0.04,0.46499999999999997,0.29223,0.32769710563730825,False
0.04,0.4725,0.29299499999999995,0.32830678820083464,False
0.04,0.48,0.29376,0.3290955443735035,False
0.04,0.4875,0.294525,0.3300232188638122,False
0.04,0.495,0.29529,0.33105643193307505,False
0.04,0.5025,0.29605499999999996,0.3321694078161286,False
0.04,0.51,0.29682000000000003,0.3333429336740925,False
0.04,0.5175,0.297585,0.33456287264712425,False
0.04,0.525,0.29835,0.33581882482280806,False
0.04,0.5325,0.29911499999999996,0.33710308743330275,False
0.04,0.54,0.29988000000000004,0.33840989604786736,False
0.04,0.5475,0.300645,0.33973488491419473,False
0.04,0.5549999999999999,0.30141,0.3394043726616606,False
0.04,0.5625,0.30217499999999997,0.3383711595923978,False
0.04,0.57,0.30293999999999993,0.3374434851020891,False
0.04,0.5775,0.303705,0.3366547289294202,False
0.04,0.585,0.30447,0.33604504636589383,False
0.04,0.5925,0.305235,0.3356564470496179,False
0.04,0.6,0.30599999999999994,0.3355225478308593,False
0.045,0.0,0.24539999999999998,0.2954464276906969,True
0.045,0.0075,0.24616687499999998,0.29554420498794215,True
0.045,0.015,0.24693374999999998,0.2958323000479991,True
0.045,0.0225,0.24770062499999998,0.29629631212067803,True
0.045,0.03,0.24846749999999998,0.2969159102090532,True
0.045,0.0375,0.24923437499999998,0.297668497769291,True
0.045,0.045,0.25000125,0.29853209684987686,True
0.045,0.0525,0.250768125,0.29948702926954557,True
0.045,0.06,0.25153499999999995,0.3005165693062888,True
0.045,0.0675,0.252301875,0.30160694533114696,True
0.045,0.075,0.25306874999999995,0.3027470220534938,True
0.045,0.08249999999999999,0.253835625,0.30392787672694777,True
0.045,0.09,0.25460249999999995,0.30514238076339945,True
0.045,0.0975,0.255369375,0.306384833450585,True
0.045,0.105,0.25613624999999995,0.3076506600424692,True
0.045,0.11249999999999999,0.256903125,0.3089361708487898,True
0.045,0.12,0.25766999999999995,0.3102383722964813,True
0.045,0.1275,0.258436875,0.3115548199883354,True
0.045,0.135,0.25920374999999996,0.31185830300068645,True
0.045,0.1425,0.259970625,0.3115099514139617,True
0.045,0.15,0.26073749999999996,0.31139071519212835,True
0.045,0.1575,0.261504375,0.3115099514139617,True
0.045,0.16499999999999998,0.26227124999999996,0.31185830300068645,True
0.045,0.1725,0.263038125,0.31241102668930554,True
0.045,0.18,0.26380499999999996,0.3131355542141477,True
0.045,0.1875,0.264571875,0.31399874724663895,True
0.045,0.195,0.26533874999999996,0.3149712674080795,True
0.045,0.20249999999999999,0.266105625,0.3160291224004249,True
0.045,0.21,0.26687249999999996,0.3171535270058179,True
0.045,0.2175,0.267639375,0.3183300825854245,True
0.045,0.22499999999999998,0.26840624999999996,0.319547836703929,True
0.045,0.23249999999999998,0.269173125,0.3207984537367748,False
0.045,0.24,0.26993999999999996,0.3220755559070171,False
0.045,0.2475,0.270706875,0.32337422456402953,False
0.045,0.255,0.27147374999999996,0.3246906310840199,False
0.045,0.2625,0.272240625,0.326021765998509,False
0.045,0.27,0.27300749999999996,0.32736524033145586,False
0.045,0.27749999999999997,0.273774375,0.32811077740745476,False
0.045,0.285,0.27454124999999996,0.3275580537188357,False
0.045,0.2925,0.27530812499999996,0.3272097021321109,False
0.045,0.3,0.27607499999999996,0.3270904659102776,False
0.045,0.3075,0.276841875,0.3272097021321109,False
0.045,0.315,0.27760874999999996,0.3275580537188357,False
0.045,0.3225,0.27837562499999996,0.32811077740745476,False
0.045,0.32999999999999996,0.27914249999999996,0.3288353049322969,False
0.045,0.33749999999999997,0.27990937499999996,0.3296984979647882,False
0.045,0.345,0.28067624999999996,0.33067101812622873,False
0.045,0.3525,0.28144312499999996,0.33172887311857413,False
0.045,0.36,0.28220999999999996,0.3328532777239671,False
0.045,0.3675,0.28297687499999996,0.3340298333035737,False
0.045,0.375,0.28374374999999996,0.3352475874220782,False
0.045,0.3825,0.28451062499999996,0.3350744431311848,False
0.045,0.39,0.28527749999999996,0.3338978875515782,False
0.045,0.39749999999999996,0.28604437499999996,0.3327734829461852,False
0.045,0.40499999999999997,0.28681124999999996,0.3317156279538398,False
0.045,0.4125,0.28757812499999996,0.33074310779239924,False
0.045,0.42,0.28834499999999996,0.32987991475990797,False
0.045,0.4275,0.28911187499999996,0.3291553872350658,False
0.045,0.435,0.28987874999999996,0.32860266354644674,False
0.045,0.4425,0.29064562499999996,0.328254311959722,False
0.045,0.44999999999999996,0.2914125,0.32813507573788864,False
0.045,0.45749999999999996,0.29217937499999996,0.328254311959722,False
0.045,0.46499999999999997,0.29294625,0.32860266354644674,False
0.045,0.4725,0.29371312499999996,0.3291553872350658,False
0.045,0.48,0.29448,0.32987991475990797,False
0.045,0.4875,0.29524687499999996,0.3307431077923993,False
0.045,0.495,0.29601375,0.3317156279538398,False
0.045,0.5025,0.29678062499999996,0.3327734829461852,False
0.045,0.51,0.2975475,0.3338978875515782,False
0.045,0.5175,0.29831437499999996,0.3350744431311848,False
0.045,0.525,0.29908125,0.3362921972496893,False
0.045,0.5325,0.29984812499999997,0.3375428142825351,False
0.045,0.54,0.300615,0.33881991645277737,False
0.045,0.5475,0.30138187499999997,0.3401185851097898,False
0.045,0.5549999999999999,0.30214874999999997,0.3400635686824254,False
0.045,0.5625,0.30291562499999997,0.3390910485209848,False
0.045,0.57,0.3036825,0.33822785548849355,False
0.045,0.5775,0.30444937499999997,0.3375033279636514,False
0.045,0.585,0.30521624999999997,0.3369506042750323,False
0.045,0.5925,0.30598312499999997,0.33660225268830757,False
0.045,0.6,0.30675,0.3364830164664742,False
0.05,0.0,0.246,0.29448595905508196,True
0.05,0.0075,0.24676875,0.2945934107230755,True
0.05,0.015,0.2475375,0.2949088596469477,True
0.05,0.0225,0.24830625,0.29541363354539063,True
0.05,0.03,0.249075,0.2960821655204894,True
0.05,0.0375,0.24984375,0.2968871306441193,True
0.05,0.045,0.2506125,0.29780305663150175,True
0.05,0.0525,0.25138125,0.29880806791534914,True
0.05,0.06,0.25215,0.2998842723989927,True
0.05,0.0675,0.25291874999999997,0.30101743162849215,True
0.05,0.075,0.2536875,0.3021963672698555,True
0.05,0.08249999999999999,0.25445625,0.3034123445783465,True
0.05,0.09,0.255225,0.30465853236755214,True
0.05,0.0975,0.25599374999999996,0.3059295653850391,True
0.05,0.105,0.2567625,0.307221203316551,True
0.05,0.11249999999999999,0.25753125,0.30853007023707407,True
0.05,0.12,0.25830000000000003,0.3098534572249208,True
0.05,0.1275,0.25906874999999996,0.31118917312827143,True
0.05,0.135,0.2598375,0.31253543151817725,True
0.05,0.1425,0.26060625,0.31245863549573677,True
0.05,0.15,0.261375,0.31235118382774324,True
0.05,0.1575,0.26214375,0.31245863549573677,True
0.05,0.16499999999999998,0.2629125,0.31277408441960897,True
0.05,0.1725,0.26368125,0.3132788583180519,True
0.05,0.18,0.26445,0.31394739029315066,True
0.05,0.1875,0.26521875,0.3147523554167806,True
0.05,0.195,0.2659875,0.31566828140416303,True
0.05,0.20249999999999999,0.26675625,0.3166732926880104,True
0.05,0.21,0.267525,0.31774949717165396,True
0.05,0.2175,0.26829375,0.31888265640115343,True
0.05,0.22499999999999998,0.26906250000000004,0.3200615920425168,False
0.05,0.23249999999999998,0.26983124999999997,0.32127756935100776,False
0.05,0.24,0.2706,0.3225237571402134,False
0.05,0.2475,0.27136875,0.3237947901577004,False
0.05,0.255,0.27213750000000003,0.3250864280892123,False
0.05,0.2625,0.27290625,0.32639529500973535,False
0.05,0.27,0.273675,0.3277186819975821,False
0.05,0.27749999999999997,0.27444375,0.32793374821913923,False
0.05,0.285,0.27521249999999997,0.3274289743206963,False
0.05,0.2925,0.27598125,0.3271135253968241,False
0.05,0.3,0.27675,0.32700607372883056,False
0.05,0.3075,0.27751875,0.3271135253968241,False
0.05,0.315,0.27828749999999997,0.3274289743206963,False
0.05,0.3225,0.27905625,0.32793374821913923,False
0.05,0.32999999999999996,0.279825,0.328602280194238,False
0.05,0.33749999999999997,0.28059375,0.3294072453178679,False
0.05,0.345,0.28136249999999996,0.33032317130525035,False
0.05,0.3525,0.28213125,0.33132818258909774,False
0.05,0.36,0.2829,0.3324043870727413,False
0.05,0.3675,0.28366875,0.33353754630224075,False
0.05,0.375,0.28443749999999995,0.3347164819436041,False
0.05,0.3825,0.28520625,0.33562701694691366,False
0.05,0.39,0.28597500000000003,0.33449385771741424,False
0.05,0.39749999999999996,0.28674375,0.3334176532337707,False
0.05,0.40499999999999997,0.2875125,0.3324126419499233,False
0.05,0.4125,0.28828125,0.3314967159625409,False
0.05,0.42,0.28905,0.33069175083891095,False
0.05,0.4275,0.28981875,0.3300232188638122,False
0.05,0.435,0.2905875,0.32951844496536925,False
0.05,0.4425,0.29135625,0.32920299604149705,False
0.05,0.44999999999999996,0.29212499999999997,0.3290955443735035,False
0.05,0.45749999999999996,0.29289375,0.32920299604149705,False
0.05,0.46499999999999997,0.2936625,0.32951844496536925,False
0.05,0.4725,0.29443125000000003,0.3300232188638122,False
0.05,0.48,0.29519999999999996,0.33069175083891095,False
0.05,0.4875,0.29596875,0.3314967159625409,False
0.05,0.495,0.2967375,0.33241264194992337,False
0.05,0.5025,0.29750625,0.3334176532337707,False
0.05,0.51,0.298275,0.33449385771741424,False
0.05,0.5175,0.29904375,0.3356270169469137,False
0.05,0.525,0.2998125,0.33680595258827706,False
0.05,0.5325,0.30058125,0.33802192989676805,False
0.05,0.54,0.30135,0.3392681176859737,False
0.05,0.5475,0.30211875,0.3405391507034607,False
0.05,0.5549999999999999,0.3028875,0.34076058267850895,False
0.05,0.5625,0.30365625,0.33984465669112646,False
0.05,0.57,0.304425,0.3390396915674965,False
0.05,0.5775,0.30519375000000004,0.3383711595923978,False
0.05,0.585,0.30596249999999997,0.33786638569395483,False
0.05,0.5925,0.30673125,0.33755093677008263,False
0.05,0.6,0.3075,0.3374434851020891,False
0.055,0.0,0.24659999999999999,0.29352549041946707,True
0.055,0.0075,0.24737062499999998,0.2936447266413004,True
0.055,0.015,0.24814124999999998,0.2939930782280252,True
0.055,0.0225,0.24891187499999998,0.29454580191664426,True
0.055,0.03,0.2496825,0.2952703294414864,True
0.055,0.0375,0.25045312499999994,0.2961335224739777,True
0.055,0.045,0.25122374999999997,0.29710604263541823,True
0.055,0.0525,0.25199437499999994,0.29816389762776363,True
0.055,0.06,0.252765,0.2992883022331566,True
0.055,0.0675,0.253535625,0.3004648578127632,True
0.055,0.075,0.25430625,0.3016826119312677,True
0.055,0.08249999999999999,0.255076875,0.3029332289641135,True
0.055,0.09,0.2558475,0.3042103311343558,True
0.055,0.0975,0.256618125,0.30550899979136825,True
0.055,0.105,0.25738875,0.30682540631135863,True
0.055,0.11249999999999999,0.25815937499999997,0.30815654122584774,True
0.055,0.12,0.25893,0.3095000155587946,True
0.055,0.1275,0.25970062499999996,0.3108539145553169,True
0.055,0.135,0.26047125,0.3122166892862101,True
0.055,0.1425,0.26124187499999996,0.31340942976060343,True
0.055,0.15,0.2620125,0.3133116524633582,True
0.055,0.1575,0.26278312499999995,0.31340942976060343,True
0.055,0.16499999999999998,0.26355375,0.3136975248206604,True
0.055,0.1725,0.264324375,0.3141615368933393,True
0.055,0.18,0.265095,0.3147811349817145,True
0.055,0.1875,0.265865625,0.3155337225419523,True
0.055,0.195,0.26663625,0.31639732162253814,True
0.055,0.20249999999999999,0.267406875,0.31735225404220685,True
0.055,0.21,0.2681775,0.31838179407895006,True
0.055,0.2175,0.268948125,0.31947217010380824,True
0.055,0.22499999999999998,0.26971875,0.3206122468261551,False
0.055,0.23249999999999998,0.270489375,0.32179310149960905,False
0.055,0.24,0.27126,0.3230076055360607,False
0.055,0.2475,0.27203062499999997,0.32425005822324626,False
0.055,0.255,0.27280125,0.3255158848151305,False
0.055,0.2625,0.27357187499999996,0.3268013956214511,False
0.055,0.27,0.2743425,0.327790444115235,False
0.055,0.27749999999999997,0.27511312499999996,0.32706591659039286,False
0.055,0.285,0.27588375000000004,0.3265131929017738,False
0.055,0.2925,0.276654375,0.326164841315049,False
0.055,0.3,0.277425,0.3260456050932157,False
0.055,0.3075,0.278195625,0.326164841315049,False
0.055,0.315,0.27896625,0.3265131929017738,False
0.055,0.3225,0.279736875,0.32706591659039286,False
0.055,0.32999999999999996,0.28050749999999997,0.327790444115235,False
0.055,0.33749999999999997,0.281278125,0.3286536371477263,False
0.055,0.345,0.28204874999999996,0.32962615730916683,False
0.055,0.3525,0.282819375,0.33068401230151223,False
0.055,0.36,0.28358999999999995,0.3318084169069052,False
0.055,0.3675,0.284360625,0.3329849724865118,False
0.055,0.375,0.28513125,0.3342027266050163,False
0.055,0.3825,0.28590187499999997,0.3354533436378621,False
0.055,0.39,0.28667249999999994,0.33512615462471035,False
0.055,0.39749999999999996,0.28744312499999997,0.33409661458796713,False
0.055,0.40499999999999997,0.28821375,0.3331416821682984,False
0.055,0.4125,0.288984375,0.33227808308771256,False
0.055,0.42,0.289755,0.3315254955274748,False
0.055,0.4275,0.290525625,0.3309058974390996,False
0.055,0.435,0.29129625,0.33044188536642066,False
0.055,0.4425,0.292066875,0.3301537903063637,False
0.055,0.44999999999999996,0.2928375,0.33005601300911847,False
0.055,0.45749999999999996,0.293608125,0.3301537903063637,False
0.055,0.46499999999999997,0.29437874999999997,0.33044188536642066,False
0.055,0.4725,0.295149375,0.3309058974390996,False
0.055,0.48,0.29591999999999996,0.3315254955274748,False
0.055,0.4875,0.296690625,0.33227808308771256,False
0.055,0.495,0.29746124999999995,0.3331416821682984,False
0.055,0.5025,0.298231875,0.33409661458796713,False
0.055,0.51,0.29900249999999995,0.33512615462471035,False
0.055,0.5175,0.29977312500000003,0.3362165306495685,False
0.055,0.525,0.30054375,0.33735660737191536,False
0.055,0.5325,0.301314375,0.33853746204536933,False
0.055,0.54,0.302085,0.33975196608182107,False
0.055,0.5475,0.302855625,0.34099441876900655,False
0.055,0.5549999999999999,0.30362625,0.341489622896884,False
0.055,0.5625,0.304396875,0.34062602381629814,False
0.055,0.57,0.3051675,0.33987343625606037,False
0.055,0.5775,0.305938125,0.3392538381676852,False
0.055,0.585,0.30670875,0.33878982609500624,False
0.055,0.5925,0.307479375,0.3385017310349493,False
0.055,0.6,0.30824999999999997,0.33840395373770404,False
0.06,0.0,0.2472,0.29256502178385213,True
0.06,0.0075,0.2479725,0.29269892100261075,True
0.06,0.015,0.248745,0.2930875203188867,True
0.06,0.0225,0.2495175,0.2936972028824131,True
0.06,0.03,0.25028999999999996,0.29448595905508196,True
0.06,0.0375,0.2510625,0.29541363354539063,True
0.06,0.045,0.251835,0.2964468466146534,True
0.06,0.0525,0.2526075,0.297559822497707,True
0.06,0.06,0.25338,0.29873334835567095,True
0.06,0.0675,0.2541525,0.2999532873287027,True
0.06,0.075,0.25492499999999996,0.3012092395043865,True
0.06,0.08249999999999999,0.2556975,0.3024935021148812,True
0.06,0.09,0.25647,0.3038003107294458,True
0.06,0.0975,0.2572425,0.30512529959577317,True
0.06,0.105,0.258015,0.30646512082664157,True
0.06,0.11249999999999999,0.2587875,0.3078171752318613,True
0.06,0.12,0.25956,0.3091794207765126,True
0.06,0.1275,0.2603325,0.31055023498804757,True
0.06,0.135,0.261105,0.3119283150511013,True
0.06,0.1425,0.26187750000000004,0.31331260444755116,True
0.06,0.15,0.26265,0.3142721210989731,True
0.06,0.1575,0.2634225,0.31436181602082025,True
0.06,0.16499999999999998,0.264195,0.31462683837579364,True
0.06,0.1725,0.2649675,0.3150558689015249,True
0.06,0.18,0.26574,0.3156325364285427,True
0.06,0.1875,0.26651250000000004,0.31633806195107905,True
0.06,0.195,0.267285,0.3171535270058179,True
0.06,0.20249999999999999,0.2680575,0.31806137993931144,True
0.06,0.21,0.26883,0.3190461907202413,True
0.06,0.2175,0.2696025,0.3200948583451751,False
0.06,0.22499999999999998,0.270375,0.321196497471594,False
0.06,0.23249999999999998,0.27114750000000004,0.3223421762044167,False
0.06,0.24,0.27192,0.3235246109567013,False
0.06,0.2475,0.2726925,0.32473787362225814,False
0.06,0.255,0.273465,0.32597713457004657,False
0.06,0.2625,0.2742375,0.3272384476797746,False
0.06,0.27,0.27501,0.32700607372883056,False
0.06,0.27749999999999997,0.27578250000000004,0.3262173175561617,False
0.06,0.285,0.276555,0.3256076349926353,False
0.06,0.2925,0.27732749999999995,0.32521903567635935,False
0.06,0.3,0.2781,0.32508513645760073,False
0.06,0.3075,0.2788725,0.32521903567635935,False
0.06,0.315,0.279645,0.3256076349926353,False
0.06,0.3225,0.2804175,0.3262173175561617,False
0.06,0.32999999999999996,0.28119,0.32700607372883056,False
0.06,0.33749999999999997,0.2819625,0.32793374821913923,False
0.06,0.345,0.282735,0.328966961288402,False
0.06,0.3525,0.28350749999999997,0.3300799371714556,False
0.06,0.36,0.28428000000000003,0.33125346302941955,False
0.06,0.3675,0.2850525,0.3324734020024513,False
0.06,0.375,0.285825,0.3337293541781351,False
0.06,0.3825,0.2865975,0.3350136167886298,False
0.06,0.39,0.28737,0.3357905512660016,False
0.06,0.39749999999999996,0.28814249999999997,0.3348057404850717,False
0.06,0.40499999999999997,0.28891500000000003,0.3338978875515782,False
0.06,0.4125,0.2896875,0.33308242249683934,False
0.06,0.42,0.29046,0.332376896974303,False
0.06,0.4275,0.2912325,0.3318002294472852,False
0.06,0.435,0.292005,0.3313711989215539,False
0.06,0.4425,0.29277749999999997,0.33110617656658053,False
0.06,0.44999999999999996,0.29355000000000003,0.3310164816447334,False
0.06,0.45749999999999996,0.2943225,0.33110617656658053,False
0.06,0.46499999999999997,0.295095,0.331371198921554,False
0.06,0.4725,0.2958675,0.3318002294472852,False
0.06,0.48,0.29664,0.332376896974303,False
0.06,0.4875,0.29741249999999997,0.33308242249683934,False
0.06,0.495,0.29818500000000003,0.3338978875515782,False
0.06,0.5025,0.2989575,0.3348057404850717,False
0.06,0.51,0.29973,0.33579055126600166,False
0.06,0.5175,0.3005025,0.3368392188909354,False
0.06,0.525,0.301275,0.3379408580173543,False
0.06,0.5325,0.30204749999999997,0.33908653675017697,False
0.06,0.54,0.30282000000000003,0.34026897150246166,False
0.06,0.5475,0.3035925,0.34148223416801843,False
0.06,0.5549999999999999,0.304365,0.34224582828016376,False
0.06,0.5625,0.3051375,0.3414303632254249,False
0.06,0.57,0.30591,0.3407248377028886,False
0.06,0.5775,0.3066825,0.3401481701758708,False
0.06,0.585,0.307455,0.33971913965013956,False
0.06,0.5925,0.3082275,0.3394541172951661,False
0.06,0.6,0.30900000000000005,0.339364422373319,False
0.065,0.0,0.2478,0.2916045531482372,True
0.065,0.0075,0.248574375,0.2917571817297446,True
0.065,0.015,0.24934874999999998,0.29219598390307466,True
0.065,0.0225,0.250123125,0.2928739646734805,True
0.065,0.03,0.25089749999999994,0.29373635598481995,True
0.065,0.0375,0.251671875,0.2947348570721443,True
0.065,0.045,0.25244625,0.2958323000479991,True
0.065,0.0525,0.253220625,0.2970018388985787,True
0.065,0.06,0.25399499999999997,0.29822452942283634,True
0.065,0.0675,0.254769375,0.29948702926954557,True
0.065,0.075,0.25554374999999996,0.300779857541616,True
0.065,0.08249999999999999,0.256318125,0.30209618266093946,True
0.065,0.09,0.25709249999999995,0.3034310031551954,True
0.065,0.0975,0.257866875,0.30478059743621966,True
0.065,0.105,0.25864125,0.3061421522668151,True
0.065,0.11249999999999999,0.259415625,0.30751350911074143,True
0.065,0.12,0.26019,0.3088929885893059,True
0.065,0.1275,0.260964375,0.31027926720637367,True
0.065,0.135,0.26173874999999996,0.3116712894962399,True
0.065,0.1425,0.262513125,0.31306820451138795,True
0.065,0.15,0.26328749999999995,0.314469319271831,True
0.065,0.1575,0.264061875,0.3153154323906713,True
0.065,0.16499999999999998,0.26483625,0.3155607473520981,True
0.065,0.1725,0.265610625,0.31595948823826,True
0.065,0.18,0.266385,0.3164983155332177,True
0.065,0.1875,0.26715937500000003,0.31716152868904196,True
0.065,0.195,0.26793374999999997,0.31793284002008143,True
0.065,0.20249999999999999,0.268708125,0.31879667270428225,True
0.065,0.21,0.26948249999999996,0.31973892225442,True
0.065,0.2175,0.270256875,0.32074727870464054,False
0.065,0.22499999999999998,0.27103125,0.321811255534575,False
0.065,0.23249999999999998,0.271805625,0.32292205508470595,False
0.065,0.24,0.27258,0.32407236204961287,False
0.065,0.2475,0.27335437500000004,0.32525612041379365,False
0.065,0.255,0.27412875,0.3264683228651003,False
0.065,0.2625,0.274903125,0.3272549717458929,False
0.065,0.27,0.27567749999999996,0.32625647065856855,False
0.065,0.27749999999999997,0.27645187499999996,0.3253940793472291,False
0.065,0.285,0.27722625,0.32471609857682326,False
0.065,0.2925,0.278000625,0.3242772964034932,False
0.065,0.3,0.278775,0.3241246678219858,False
0.065,0.3075,0.279549375,0.3242772964034932,False
0.065,0.315,0.28032375,0.32471609857682326,False
0.065,0.3225,0.28109812500000003,0.3253940793472291,False
0.065,0.32999999999999996,0.28187249999999997,0.32625647065856855,False
0.065,0.33749999999999997,0.28264687499999996,0.3272549717458929,False
0.065,0.345,0.28342125,0.3283524147217477,False
0.065,0.3525,0.28419562499999995,0.3295219535723273,False
0.065,0.36,0.28497,0.33074464409658494,False
0.065,0.3675,0.285744375,0.33200714394329417,False
0.065,0.375,0.28651875,0.3332999722153646,False
0.065,0.3825,0.28729312500000004,0.33461629733468806,False
0.065,0.39,0.2880675,0.335951117828944,False
0.065,0.39749999999999996,0.28884187499999997,0.33554103325004253,False
0.065,0.40499999999999997,0.28961625,0.3346772005658417,False
0.065,0.4125,0.29039062499999996,0.33390588923480224,False
0.065,0.42,0.291165,0.33324267607897795,False
0.065,0.4275,0.291939375,0.33270384878402026,False
0.065,0.435,0.29271375,0.3323051078978584,False
0.065,0.4425,0.293488125,0.33205979293643156,False
0.065,0.44999999999999996,0.2942625,0.33197695028034835,False
0.065,0.45749999999999996,0.295036875,0.33205979293643156,False
0.065,0.46499999999999997,0.29581125,0.3323051078978584,False
0.065,0.4725,0.29658562499999996,0.33270384878402026,False
0.065,0.48,0.29736,0.333242676078978,False
0.065,0.4875,0.298134375,0.33390588923480224,False
0.065,0.495,0.29890875,0.3346772005658417,False
0.065,0.5025,0.299683125,0.33554103325004253,False
0.065,0.51,0.3004575,0.3364832828001803,False
0.065,0.5175,0.301231875,0.3374916392504008,False
0.065,0.525,0.30200625000000003,0.3385556160803353,False
0.065,0.5325,0.30278062499999997,0.33966641563046623,False
0.065,0.54,0.303555,0.34081672259537316,False
0.065,0.5475,0.304329375,0.34200048095955393,False
0.065,0.5549999999999999,0.30510375,0.3430251412944273,False
0.065,0.5625,0.305878125,0.3422538299633878,False
0.065,0.57,0.30665249999999994,0.3415906168075636,False
0.065,0.5775,0.307426875,0.34105178951260584,False
0.065,0.585,0.30820125000000004,0.34065304862644397,False
0.065,0.5925,0.308975625,0.34040773366501714,False
0.065,0.6,0.30974999999999997,0.3403248910089339,False
0.07,0.0,0.24839999999999998,0.29064408451262225,True
0.07,0.0075,0.24917625,0.29082144315103253,True
0.07,0.015,0.2499525,0.2913242921774071,True
0.07,0.0225,0.25072875,0.29208478746604466,True
0.07,0.03,0.251505,0.2930311193232564,True
0.07,0.0375,0.25228125,0.2941062726989327,True
0.07,0.045,0.25305749999999994,0.2952703294414864,True
0.07,0.0525,0.25383374999999997,0.29649659124815897,True
0.07,0.06,0.25460999999999995,0.29776731165588144,True
0.07,0.0675,0.25538625,0.2990705512218175,True
0.07,0.075,0.25616249999999996,0.3003981183835427,True
0.07,0.08249999999999999,0.25693875,0.30174426842922925,True
0.07,0.09,0.25771499999999997,0.30310488375711764,True
0.07,0.0975,0.25849125,0.3044769514317554,True
0.07,0.105,0.2592675,0.3058582243363847,True
0.07,0.11249999999999999,0.26004375,0.3072469970332797,True
0.07,0.12,0.26081999999999994,0.30864195450733206,True
0.07,0.1275,0.26159625,0.31004206809574003,True
0.07,0.135,0.26237249999999995,0.3114465225565945,True
0.07,0.1425,0.26314875,0.31285466407359447,True
0.07,0.15,0.26392499999999997,0.3142659625900988,True
0.07,0.1575,0.26470125,0.31567998411678266,True
0.07,0.16499999999999998,0.2654775,0.3164983155332177,True
0.07,0.1725,0.26625375,0.31687061248811804,True
0.07,0.18,0.26703,0.3173759198798779,True
0.07,0.1875,0.26780625,0.31800102548789133,True
0.07,0.195,0.26858249999999995,0.3187318814206895,True
0.07,0.20249999999999999,0.26935875,0.3195546985948552,True
0.07,0.21,0.27013499999999996,0.32045666404336853,False
0.07,0.2175,0.27091125,0.32142631612703065,False
0.07,0.22499999999999998,0.27168749999999997,0.3224536662180172,False
0.07,0.23249999999999998,0.27246375,0.32353015992555045,False
0.07,0.24,0.27324,0.32464855216972677,False
0.07,0.2475,0.27401625,0.32580274662448094,False
0.07,0.255,0.2747925,0.3269876298708859,False
0.07,0.2625,0.27556875000000003,0.3266263873726813,False
0.07,0.27,0.27634499999999995,0.325551233997005,False
0.07,0.27749999999999997,0.27712125,0.32460490213979326,False
0.07,0.285,0.27789749999999996,0.3238444068511557,False
0.07,0.2925,0.27867374999999994,0.32334155782478113,False
0.07,0.3,0.27945,0.32316419918637085,False
0.07,0.3075,0.28022625,0.32334155782478113,False
0.07,0.315,0.2810025,0.3238444068511557,False
0.07,0.3225,0.28177874999999997,0.32460490213979326,False
0.07,0.32999999999999996,0.282555,0.325551233997005,False
0.07,0.33749999999999997,0.28333125,0.3266263873726813,False
0.07,0.345,0.28410749999999996,0.327790444115235,False
0.07,0.3525,0.28488374999999994,0.32901670592190757,False
0.07,0.36,0.28565999999999997,0.33028742632963004,False
0.07,0.3675,0.28643624999999995,0.33159066589556613,False
0.07,0.375,0.2872125,0.3329182330572913,False
0.07,0.3825,0.28798874999999996,0.3342643831029779,False
0.07,0.39,0.288765,0.33562499843086624,False
0.07,0.39749999999999996,0.28954125,0.33629905914061553,False
0.07,0.40499999999999997,0.2903175,0.33547624196644976,False
0.07,0.4125,0.29109375,0.3347453860336516,False
0.07,0.42,0.29187,0.3341202804256382,False
0.07,0.4275,0.29264624999999994,0.3336149730338783,False
0.07,0.435,0.2934225,0.333242676078978,False
0.07,0.4425,0.29419874999999995,0.33301437919343857,False
0.07,0.44999999999999996,0.294975,0.33293741891596323,False
0.07,0.45749999999999996,0.29575124999999997,0.33301437919343857,False
0.07,0.46499999999999997,0.2965275,0.333242676078978,False
0.07,0.4725,0.29730375,0.3336149730338783,False
0.07,0.48,0.29808,0.3341202804256382,False
0.07,0.4875,0.29885625,0.3347453860336516,False
0.07,0.495,0.2996325,0.33547624196644976,False
0.07,0.5025,0.30040874999999995,0.33629905914061553,False
0.07,0.51,0.301185,0.3372010245891288,False
0.07,0.5175,0.30196124999999996,0.33817067667279094,False
0.07,0.525,0.3027375,0.3391980267637775,False
0.07,0.5325,0.30351374999999997,0.34027452047131074,False
0.07,0.54,0.30429,0.34139291271548705,False
0.07,0.5475,0.30506625,0.3425471071702412,False
0.07,0.5549999999999999,0.30584249999999996,0.3437319904166462,False
0.07,0.5625,0.30661875,0.3430933267622372,False
0.07,0.57,0.30739500000000003,0.34246822115422376,False
0.07,0.5775,0.30817124999999995,0.3419629137624639,False
0.07,0.585,0.30894749999999993,0.3415906168075636,False
0.07,0.5925,0.30972374999999996,0.34136231992202415,False
0.07,0.6,0.3105,0.3412853596445488,False
0.075,0.0,0.249,0.28968361587700736,True
0.075,0.0075,0.249778125,0.2898950661729402,True
0.075,0.015,0.25055625,0.29048171910971105,True
0.075,0.0225,0.251334375,0.29134216466521723,True
0.075,0.03,0.2521125,0.2923827725489627,True
0.075,0.0375,0.252890625,0.29353881998439413,True
0.075,0.045,0.25366875,0.2947699025332424,True
0.075,0.0525,0.25444687499999996,0.29605123800774186,True
0.075,0.06,0.255225,0.2973673649619268,True
0.075,0.0675,0.256003125,0.29870835210855495,True
0.075,0.075,0.25678125,0.30006761524742015,True
0.075,0.08249999999999999,0.257559375,0.3014406544808713,True
0.075,0.09,0.2583375,0.3028243075592901,True
0.075,0.0975,0.25911562499999996,0.3042162959727744,True
0.075,0.105,0.25989375000000003,0.30561494097061104,True
0.075,0.11249999999999999,0.260671875,0.3070189809136509,True
0.075,0.12,0.26145,0.30842745073274536,True
0.075,0.1275,0.262228125,0.30983960046743514,True
0.075,0.135,0.26300625,0.3112548390106775,True
0.075,0.1425,0.26378437499999996,0.31267269448695933,True
0.075,0.15,0.26456250000000003,0.3140927858401584,True
0.075,0.1575,0.265340625,0.3155148021234048,True
0.075,0.16499999999999998,0.26611875,0.31693848717555245,True
0.075,0.1725,0.266896875,0.31778787789361645,True
0.075,0.18,0.267675,0.31826334315620397,True
0.075,0.1875,0.268453125,0.3188540461677799,True
0.075,0.195,0.26923125000000003,0.319547836703929,True
0.075,0.20249999999999999,0.270009375,0.3203325181982962,False
0.075,0.21,0.2707875,0.321196497471594,False
0.075,0.2175,0.271565625,0.3221291733704476,False
0.075,0.22499999999999998,0.27234375,0.3231211140324032,False
0.075,0.23249999999999998,0.273121875,0.32416408662163604,False
0.075,0.24,0.27390000000000003,0.325250997021684,False
0.075,0.2475,0.274678125,0.3263757827972233,False
0.075,0.255,0.27545625,0.327290017206991,False
0.075,0.2625,0.276234375,0.32605893465814273,False
0.075,0.27,0.27701250000000005,0.3249028872227113,False
0.075,0.27749999999999997,0.277790625,0.32386227933896583,False
0.075,0.285,0.27856875,0.32300183378345965,False
0.075,0.2925,0.279346875,0.3224151808466888,False
0.075,0.3,0.280125,0.32220373055075596,False
0.075,0.3075,0.280903125,0.3224151808466888,False
0.075,0.315,0.28168125,0.32300183378345965,False
0.075,0.3225,0.282459375,0.32386227933896583,False
0.075,0.32999999999999996,0.2832375,0.3249028872227113,False
0.075,0.33749999999999997,0.284015625,0.32605893465814273,False
0.075,0.345,0.28479374999999996,0.327290017206991,False
0.075,0.3525,0.285571875,0.32857135268149046,False
0.075,0.36,0.28635,0.3298874796356754,False
0.075,0.3675,0.287128125,0.33122846678230355,False
0.075,0.375,0.28790625,0.33258772992116875,False
0.075,0.3825,0.288684375,0.3339607691546199,False
0.075,0.39,0.2894625,0.3353444222330387,False
0.075,0.39749999999999996,0.29024062500000003,0.336736410646523,False
0.075,0.40499999999999997,0.29101875,0.3362921972496893,False
0.075,0.4125,0.291796875,0.3355984067135402,False
0.075,0.42,0.292575,0.33500770370196425,False
0.075,0.4275,0.293353125,0.33453223843937674,False
0.075,0.435,0.29413124999999996,0.33418320296293735,False
0.075,0.4425,0.29490937500000003,0.3339697435062308,False
0.075,0.44999999999999996,0.2956875,0.3338978875515782,False
0.075,0.45749999999999996,0.296465625,0.3339697435062308,False
0.075,0.46499999999999997,0.29724375,0.33418320296293735,False
0.075,0.4725,0.298021875,0.33453223843937674,False
0.075,0.48,0.2988,0.33500770370196425,False
0.075,0.4875,0.29957812500000003,0.3355984067135402,False
0.075,0.495,0.30035625,0.3362921972496893,False
0.075,0.5025,0.301134375,0.3370768787440565,False
0.075,0.51,0.3019125,0.3379408580173543,False
0.075,0.5175,0.302690625,0.3388735339162079,False
0.075,0.525,0.30346875,0.33986547457816346,False
0.075,0.5325,0.304246875,0.3409084471673964,False
0.075,0.54,0.305025,0.34199535756744426,False
0.075,0.5475,0.305803125,0.3431201433429836,False
0.075,0.5549999999999999,0.30658124999999997,0.34427764885441103,False
0.075,0.5625,0.30735937500000005,0.34394634744212577,False
0.075,0.57,0.3081375,0.34335564443054983,False
0.075,0.5775,0.308915625,0.3428801791679623,False
0.075,0.585,0.30969375,0.34253114369152293,False
0.075,0.5925,0.310471875,0.3423176842348164,False
0.075,0.6,0.31124999999999997,0.34224582828016376,False
0.08,0.0,0.2496,0.2887231472413924,True
0.08,0.0075,0.25037999999999994,0.28898439650890967,True
0.08,0.015,0.25116,0.28968361587700736,True
0.08,0.0225,0.25193999999999994,0.2906640596567931,True
0.08,0.03,0.25272,0.2918073105273018,True
0.08,0.0375,0.25349999999999995,0.2930452561016596,True
0.08,0.045,0.25428,0.29434079171418925,True
0.08,0.0525,0.25505999999999995,0.29567319676278714,True
0.08,0.06,0.25584,0.29703034673772266,True
0.08,0.0675,0.25661999999999996,0.298404793875017,True
0.08,0.075,0.2574,0.29979175558849736,True
0.08,0.08249999999999999,0.25817999999999997,0.3011880389326162,True
0.08,0.09,0.25896,0.30259143927070725,True
0.08,0.0975,0.25973999999999997,0.30400038944108376,True
0.08,0.105,0.26052,0.30541374697749935,True
0.08,0.11249999999999999,0.2613,0.30683066050360736,True
0.08,0.12,0.26208,0.30825048321191323,True
0.08,0.1275,0.26286,0.30967271527495077,True
0.08,0.135,0.26364,0.31109696456468366,True
0.08,0.1425,0.26442,0.3125229192671095,True
0.08,0.15,0.2652,0.3139503284111501,True
0.08,0.1575,0.26598,0.31537898777727913,True
0.08,0.16499999999999998,0.26676,0.3168087295347034,True
0.08,0.1725,0.26754,0.31823941450869186,True
0.08,0.18,0.26832,0.3191589927115019,True
0.08,0.1875,0.26909999999999995,0.3197185517078967,True
0.08,0.195,0.26988,0.32037835783855473,False
0.08,0.20249999999999999,0.27065999999999996,0.3211276189009301,False
0.08,0.21,0.27144,0.32195587018389255,False
0.08,0.2175,0.27221999999999996,0.32285335264588716,False
0.08,0.22499999999999998,0.273,0.32381121916450983,False
0.08,0.23249999999999998,0.27377999999999997,0.3248216107215866,False
0.08,0.24,0.27456,0.3258776453030355,False
0.08,0.2475,0.27534,0.3269733549855185,False
0.08,0.255,0.27612000000000003,0.32686090638793786,False
0.08,0.2625,0.2769,0.3255653707754082,False
0.08,0.27,0.27768000000000004,0.3243274252010504,False
0.08,0.27749999999999997,0.27846,0.3231841743305417,False
0.08,0.285,0.27924,0.32220373055075596,False
0.08,0.2925,0.28002,0.32150451118265827,False
0.08,0.3,0.28079999999999994,0.321243261915141,False
0.08,0.3075,0.28158,0.32150451118265827,False
0.08,0.315,0.28236,0.32220373055075596,False
0.08,0.3225,0.28314,0.3231841743305417,False
0.08,0.32999999999999996,0.28391999999999995,0.3243274252010504,False
0.08,0.33749999999999997,0.2847,0.3255653707754082,False
0.08,0.345,0.28547999999999996,0.32686090638793786,False
0.08,0.3525,0.28626,0.32819331143653574,False
0.08,0.36,0.28703999999999996,0.32955046141147126,False
0.08,0.3675,0.28782,0.3309249085487656,False
0.08,0.375,0.2886,0.33231187026224596,False
0.08,0.3825,0.28937999999999997,0.3337081536063648,False
0.08,0.39,0.29016,0.33511155394445585,False
0.08,0.39749999999999996,0.29094,0.33652050411483236,False
0.08,0.40499999999999997,0.29172,0.337122718384315,False
0.08,0.4125,0.2925,0.336462912253657,False
0.08,0.42,0.29328,0.33590335325726217,False
0.08,0.4275,0.29406,0.3354545864352396,False
0.08,0.435,0.29484,0.33512615462471035,False
0.08,0.4425,0.29562,0.3349257413988379,False
0.08,0.44999999999999996,0.2964,0.3348583561871931,False
0.08,0.45749999999999996,0.29718,0.3349257413988379,False
0.08,0.46499999999999997,0.29795999999999995,0.33512615462471035,False
0.08,0.4725,0.29874,0.3354545864352396,False
0.08,0.48,0.29951999999999995,0.33590335325726217,False
0.08,0.4875,0.3003,0.336462912253657,False
0.08,0.495,0.30107999999999996,0.337122718384315,False
0.08,0.5025,0.30186,0.3378719794466904,False
0.08,0.51,0.30263999999999996,0.33870023072965283,False
0.08,0.5175,0.30342,0.33959771319164744,False
0.08,0.525,0.30419999999999997,0.3405555797102702,False
0.08,0.5325,0.30498000000000003,0.3415659712673469,False
0.08,0.54,0.30576,0.34262200584879576,False
0.08,0.5475,0.30654000000000003,0.3437177155312788,False
0.08,0.5549999999999999,0.30732,0.3448479576149029,False
0.08,0.5625,0.3081,0.34481085298224257,False
0.08,0.57,0.30888,0.34425129398584775,False
0.08,0.5775,0.30966,0.3438025271638252,False
0.08,0.585,0.31044,0.3434740953532959,False
0.08,0.5925,0.31122,0.3432736821274235,False
0.08,0.6,0.312,0.3432062969157787,False
0.085,0.0,0.2502,0.2877626786057775,True
0.085,0.0075,0.25098187499999997,0.2881027824381699,True
0.085,0.015,0.25176374999999995,0.28895619601109457,True
0.085,0.0225,0.25254562499999994,0.2900758010702095,True
0.085,0.03,0.2533275,0.2913242921774071,True
0.085,0.0375,0.25410937499999997,0.2926396955412377,True
0.085,0.045,0.25489124999999996,0.2939930782280252,True
0.085,0.0525,0.25567312499999995,0.2953697485176587,True
0.085,0.06,0.256455,0.2967616136031324,True
0.085,0.0675,0.257236875,0.29816389762776363,True
0.085,0.075,0.25801874999999996,0.2995736176445158,True
0.085,0.08249999999999999,0.25880062499999995,0.3009888213951186,True
0.085,0.09,0.2595825,0.3024081805836681,True
0.085,0.0975,0.260364375,0.3038307614783167,True
0.085,0.105,0.26114624999999997,0.3052558892597419,True
0.085,0.11249999999999999,0.26192812499999996,0.3066830644830958,True
0.085,0.12,0.26271,0.3081119097973853,True
0.085,0.1275,0.263491875,0.30954213491013693,True
0.085,0.135,0.26427375,0.3109735129247163,True
0.085,0.1425,0.26505562499999996,0.31240586397655207,True
0.085,0.15,0.2658375,0.3138390436766858,True
0.085,0.1575,0.266619375,0.31527293479563284,True
0.085,0.16499999999999998,0.26740125,0.31670744117708916,True
0.085,0.1725,0.26818312499999997,0.31814248321508803,True
0.085,0.18,0.268965,0.3195779944460949,True
0.085,0.1875,0.26974687499999994,0.32059287315406804,False
0.085,0.195,0.27052875,0.3212214805568366,False
0.085,0.20249999999999999,0.27131062499999997,0.3219378529474326,False
0.085,0.21,0.2720925,0.3227325551118591,False
0.085,0.2175,0.27287437499999995,0.323596632363244,False
0.085,0.22499999999999998,0.27365625,0.32452182754945963,False
0.085,0.23249999999999998,0.274438125,0.3255006866463372,False
0.085,0.24,0.27522,0.3265265836783343,False
0.085,0.2475,0.27600187499999995,0.3275936929873861,False
0.085,0.255,0.27678375,0.3265131929017738,False
0.085,0.2625,0.277565625,0.3251598102149863,False
0.085,0.27,0.2783475,0.3238444068511557,False
0.085,0.27749999999999997,0.27912937499999996,0.32259591574395813,False
0.085,0.285,0.27991124999999994,0.32147631068484317,False
0.085,0.2925,0.280693125,0.3206228971119185,False
0.085,0.3,0.28147500000000003,0.3202827932795261,False
0.085,0.3075,0.28225687499999996,0.3206228971119185,False
0.085,0.315,0.28303874999999995,0.32147631068484317,False
0.085,0.3225,0.283820625,0.32259591574395813,False
0.085,0.32999999999999996,0.2846024999999999,0.3238444068511557,False
0.085,0.33749999999999997,0.28538437499999997,0.3251598102149863,False
0.085,0.345,0.28616624999999996,0.3265131929017738,False
0.085,0.3525,0.286948125,0.3278898631914073,False
0.085,0.36,0.28772999999999993,0.329281728276881,False
0.085,0.3675,0.288511875,0.33068401230151223,False
0.085,0.375,0.28929374999999996,0.3320937323182644,False
0.085,0.3825,0.290075625,0.3335089360688672,False
0.085,0.39,0.2908575,0.33492829525741674,False
0.085,0.39749999999999996,0.291639375,0.3363508761520653,False
0.085,0.40499999999999997,0.29242124999999997,0.3377760039334905,False
0.085,0.4125,0.293203125,0.33733723369982827,False
0.085,0.42,0.29398499999999994,0.33680595258827706,False
0.085,0.4275,0.294766875,0.3363811843907551,False
0.085,0.435,0.29554874999999997,0.3360711173639387,False
0.085,0.4425,0.296330625,0.33588226201457183,False
0.085,0.44999999999999996,0.29711249999999995,0.33581882482280806,False
0.085,0.45749999999999996,0.297894375,0.33588226201457183,False
0.085,0.46499999999999997,0.29867625,0.3360711173639387,False
0.085,0.4725,0.299458125,0.3363811843907551,False
0.085,0.48,0.30023999999999995,0.33680595258827706,False
0.085,0.4875,0.301021875,0.3373372336998283,False
0.085,0.495,0.30180375,0.33796584110259686,False
0.085,0.5025,0.30258562499999997,0.3386822134931929,False
0.085,0.51,0.30336749999999996,0.3394769156576194,False
0.085,0.5175,0.304149375,0.34034099290900427,False
0.085,0.525,0.30493125,0.3412661880952199,False
0.085,0.5325,0.305713125,0.3422450471920975,False
0.085,0.54,0.30649499999999996,0.3432709442240946,False
0.085,0.5475,0.307276875,0.3443380535331464,False
0.085,0.5549999999999999,0.30805875,0.3454412915397446,False
0.085,0.5625,0.308840625,0.34568517442841384,False
0.085,0.57,0.30962249999999997,0.34515389331686264,False
0.085,0.5775,0.310404375,0.3447291251193407,False
0.085,0.585,0.31118625,0.34441905809252427,False
0.085,0.5925,0.311968125,0.3442302027431574,False
0.085,0.6,0.31275,0.34416676555139364,False
0.09,0.0,0.25079999999999997,0.2868022099701626,True
0.09,0.0075,0.25158374999999994,0.28728244428797,True
0.09,0.015,0.25236749999999997,0.28834429161311725,True
0.09,0.0225,0.25315124999999994,0.289611032206561,True
0.09,0.03,0.25393499999999997,0.2909558097183277,True
0.09,0.0375,0.25471874999999994,0.29233651414371503,True
0.09,0.045,0.25550249999999997,0.29373635598481995,True
0.09,0.0525,0.25628624999999994,0.295147509838216,True
0.09,0.06,0.25706999999999997,0.296565877955423,True
0.09,0.0675,0.25785374999999994,0.29798911863180816,True
0.09,0.075,0.25863749999999996,0.2994158005550414,True
0.09,0.08249999999999999,0.25942124999999994,0.30084500111681806,True
0.09,0.09,0.26020499999999996,0.3022760995161218,True
0.09,0.0975,0.26098874999999994,0.30370866298542754,True
0.09,0.105,0.26177249999999996,0.30514238076339945,True
0.09,0.11249999999999999,0.26255624999999994,0.30657702401111364,True
0.09,0.12,0.26333999999999996,0.3080124205303742,True
0.09,0.1275,0.26412374999999993,0.30944843828635854,True
0.09,0.135,0.26490749999999996,0.31088497435850415,True
0.09,0.1425,0.26569124999999993,0.3123219473444293,True
0.09,0.15,0.26647499999999996,0.313759292021594,True
0.09,0.1575,0.26725874999999993,0.3151969555215247,True
0.09,0.16499999999999998,0.26804249999999996,0.31663489453959837,True
0.09,0.1725,0.26882624999999993,0.3180730732677479,True
0.09,0.18,0.26960999999999996,0.3195114618407783,True
0.09,0.1875,0.27039374999999993,0.3209500351534445,False
0.09,0.195,0.27117749999999996,0.3220755559070171,False
0.09,0.20249999999999999,0.27196124999999993,0.32276138255744946,False
0.09,0.21,0.27274499999999996,0.3235246109567013,False
0.09,0.2175,0.27352874999999993,0.32435704177292984,False
0.09,0.22499999999999998,0.2743125,0.325250997021684,False
0.09,0.23249999999999998,0.27509625,0.3261994423826281,False
0.09,0.24,0.27588,0.32719603734456504,False
0.09,0.2475,0.27666375,0.32766762451196463,False
0.09,0.255,0.2774475,0.32625647065856855,False
0.09,0.2625,0.27823125,0.32485662881746363,False
0.09,0.27,0.279015,0.3234759243920763,False
0.09,0.27749999999999997,0.27979875,0.3221311468803096,False
0.09,0.285,0.2805825,0.32086440628686586,False
0.09,0.2925,0.28136625,0.3198025589617186,True
0.09,0.3,0.28214999999999996,0.3193223246439112,True
0.09,0.3075,0.28293375,0.3198025589617186,True
0.09,0.315,0.2837175,0.32086440628686586,False
0.09,0.3225,0.28450125,0.3221311468803096,False
0.09,0.32999999999999996,0.28528499999999996,0.3234759243920763,False
0.09,0.33749999999999997,0.28606875,0.32485662881746363,False
0.09,0.345,0.28685249999999995,0.32625647065856855,False
0.09,0.3525,0.28763625,0.32766762451196463,False
0.09,0.36,0.28841999999999995,0.3290859926291716,False
0.09,0.3675,0.28920375,0.33050923330555676,False
0.09,0.375,0.2899875,0.33193591522879,False
0.09,0.3825,0.29077125,0.33336511579056666,False
0.09,0.39,0.29155499999999995,0.3347962141898704,False
0.09,0.39749999999999996,0.29233875,0.33622877765917614,False
0.09,0.40499999999999997,0.29312249999999995,0.33766249543714805,False
0.09,0.4125,0.29390625,0.33821999641184536,False
0.09,0.42,0.29468999999999995,0.3377144690755392,False
0.09,0.4275,0.29547375,0.3373113693736538,False
0.09,0.435,0.29625749999999995,0.33701776590208965,False
0.09,0.4425,0.29704125,0.3368392188909354,False
0.09,0.44999999999999996,0.29782499999999995,0.33677929345842295,False
0.09,0.45749999999999996,0.29860875,0.3368392188909354,False
0.09,0.46499999999999997,0.29939249999999995,0.33701776590208965,False
0.09,0.4725,0.30017625,0.3373113693736538,False
0.09,0.48,0.30095999999999995,0.3377144690755392,False
0.09,0.4875,0.30174375,0.33821999641184536,False
0.09,0.495,0.30252749999999995,0.33881991645277737,False
0.09,0.5025,0.30331125,0.33950574310320975,False
0.09,0.51,0.30409499999999995,0.3402689715024616,False
0.09,0.5175,0.30487875,0.34110140231869013,False
0.09,0.525,0.30566249999999995,0.34199535756744426,False
0.09,0.5325,0.30644625,0.3429438029283884,False
0.09,0.54,0.30722999999999995,0.3439403978903253,False
0.09,0.5475,0.30801375,0.3449794951915933,False
0.09,0.5549999999999999,0.30879749999999995,0.34605610787501606,False
0.09,0.5625,0.30958125,0.34656793714043094,False
0.09,0.57,0.31036499999999995,0.3460624098041248,False
0.09,0.5775,0.31114875,0.3456593101022394,False
0.09,0.585,0.31193249999999995,0.34536570663067523,False
0.09,0.5925,0.31271625,0.34518715961952096,False
0.09,0.6,0.31349999999999995,0.3451272341870085,False
0.095,0.0,0.2514,0.28584174133454765,True
0.095,0.0075,0.25218562499999997,0.286612782156025,True
0.095,0.015,0.25297125000000004,0.2879185412086302,True
0.095,0.0225,0.253756875,0.28930881434187633,True
0.095,0.03,0.2545425,0.29072357532717785,True
0.095,0.0375,0.25532812499999996,0.2921485366269871,True
0.095,0.045,0.25611375000000003,0.29357868610752724,True
0.095,0.0525,0.256899375,0.2950118267311661,True
0.095,0.06,0.257685,0.2964468466146534,True
0.095,0.0675,0.258470625,0.29788312352871843,True
0.095,0.075,0.25925625,0.29932028236026337,True
0.095,0.08249999999999999,0.260041875,0.30075808361926554,True
0.095,0.09,0.26082750000000005,0.3021963672698555,True
0.095,0.0975,0.261613125,0.3036350223240077,True
0.095,0.105,0.26239875,0.3050739693984823,True
0.095,0.11249999999999999,0.26318437499999997,0.30651315021800163,True
0.095,0.12,0.26397000000000004,0.3079525210396706,True
0.095,0.1275,0.264755625,0.30939204839045253,True
0.095,0.135,0.26554125,0.31083170622132306,True
0.095,0.1425,0.266326875,0.3122714739577771,True
0.095,0.15,0.26711250000000003,0.3137113351338287,True
0.095,0.1575,0.267898125,0.3151512764154835,True
0.095,0.16499999999999998,0.26868375000000005,0.31659128689003646,True
0.095,0.1725,0.269469375,0.3180313575404531,True
0.095,0.18,0.270255,0.3194714808509517,True
0.095,0.1875,0.271040625,0.32091165050711007,False
0.095,0.195,0.27182625000000005,0.3223518611650884,False
0.095,0.20249999999999999,0.272611875,0.323596632363244,False
0.095,0.21,0.2733975,0.32433034559930285,False
0.095,0.2175,0.274183125,0.3251328353811316,False
0.095,0.22499999999999998,0.27496875000000004,0.32599698133752675,False
0.095,0.23249999999999998,0.275754375,0.3269161711350922,False
0.095,0.24,0.27654,0.3278843673097485,False
0.095,0.2475,0.277325625,0.3275319414049147,False
0.095,0.255,0.27811125000000003,0.32609880078127584,False
0.095,0.2625,0.278896875,0.32466865130073563,False
0.095,0.27,0.27968250000000006,0.32324369000092645,False
0.095,0.27749999999999997,0.280468125,0.32182892901562493,False
0.095,0.285,0.28125375,0.3204386558823788,False
0.095,0.2925,0.28203937500000004,0.3191328968297736,True
0.095,0.3,0.282825,0.31836185600829625,True
0.095,0.3075,0.283610625,0.3191328968297736,True
0.095,0.315,0.28439625,0.3204386558823788,False
0.095,0.3225,0.28518187500000003,0.32182892901562493,False
0.095,0.32999999999999996,0.2859675,0.32324369000092645,False
0.095,0.33749999999999997,0.286753125,0.32466865130073563,False
0.095,0.345,0.28753875,0.32609880078127584,False
0.095,0.3525,0.288324375,0.3275319414049147,False
0.095,0.36,0.28911,0.328966961288402,False
0.095,0.3675,0.289895625,0.33040323820246703,False
0.095,0.375,0.29068125000000006,0.33184039703401197,False
0.095,0.3825,0.291466875,0.33327819829301414,False
0.095,0.39,0.29225249999999997,0.3347164819436041,False
0.095,0.39749999999999996,0.29303812500000004,0.3361551369977563,False
0.095,0.40499999999999997,0.29382375,0.3375940840722309,False
0.095,0.4125,0.294609375,0.33903326489175023,False
0.095,0.42,0.295395,0.3386280600071959,False
0.095,0.4275,0.29618062500000003,0.33824460764242925,False
0.095,0.435,0.29696625,0.33796584110259686,False
0.095,0.4425,0.297751875,0.3377965436095412,False
0.095,0.44999999999999996,0.2985375,0.3377397620940379,False
0.095,0.45749999999999996,0.299323125,0.3377965436095412,False
0.095,0.46499999999999997,0.30010875,0.33796584110259686,False
0.095,0.4725,0.30089437500000005,0.33824460764242925,False
0.095,0.48,0.30168,0.3386280600071959,False
0.095,0.4875,0.302465625,0.3391100609828165,False
0.095,0.495,0.30325125,0.33968355471690387,False
0.095,0.5025,0.30403687500000004,0.34034099290900427,False
0.095,0.51,0.3048225,0.34107470614506313,False
0.095,0.5175,0.305608125,0.34187719592689186,False
0.095,0.525,0.30639375,0.34274134188328703,False
0.095,0.5325,0.30717937500000003,0.34366053168085253,False
0.095,0.54,0.307965,0.34462872785550885,False
0.095,0.5475,0.30875062500000006,0.34564048755583915,False
0.095,0.5549999999999999,0.30953625,0.3466909499289637,False
0.095,0.5625,0.310321875,0.347458001711402,False
0.095,0.57,0.3111075,0.3469760007357815,False
0.095,0.5775,0.31189312500000005,0.34659254837101483,False
0.095,0.585,0.31267875,0.34631378183118244,False
0.095,0.5925,0.313464375,0.3461444843381268,False
0.095,0.6,0.31425000000000003,0.34608770282262347,False
0.1,0.0,0.252,0.2848812726989327,True
0.1,0.0075,0.2527875,0.2863219756523551,True
0.1,0.015,0.253575,0.2877626786057775,True
0.1,0.0225,0.2543625,0.2892033815591999,True
0.1,0.03,0.25515,0.29064408451262225,True
0.1,0.0375,0.2559375,0.29208478746604466,True
0.1,0.045,0.256725,0.29352549041946707,True
0.1,0.0525,0.2575125,0.29496619337288943,True
0.1,0.06,0.25830000000000003,0.29640689632631184,True
0.1,0.0675,0.25908749999999997,0.29784759927973425,True
0.1,0.075,0.259875,0.2992883022331566,True
0.1,0.08249999999999999,0.26066249999999996,0.300729005186579,True
0.1,0.09,0.26145,0.3021697081400014,True
0.1,0.0975,0.26223749999999996,0.3036104110934238,True
0.1,0.105,0.263025,0.3050511140468462,True
0.1,0.11249999999999999,0.2638125,0.30649181700026856,True
0.1,0.12,0.2646,0.307932519953691,True
0.1,0.1275,0.2653875,0.30937322290711333,True
0.1,0.135,0.266175,0.31081392586053574,True
0.1,0.1425,0.2669625,0.31225462881395816,True
0.1,0.15,0.26775,0.3136953317673805,True
0.1,0.1575,0.2685375,0.3151360347208029,True
0.1,0.16499999999999998,0.26932500000000004,0.3165767376742253,True
0.1,0.1725,0.2701125,0.3180174406276477,True
0.1,0.18,0.27090000000000003,0.3194581435810701,True
0.1,0.1875,0.27168749999999997,0.32089884653449247,False
0.1,0.195,0.272475,0.3223395494879149,False
0.1,0.20249999999999999,0.2732625,0.32378025244133724,False
0.1,0.21,0.27405,0.32514828311470734,False
0.1,0.2175,0.2748375,0.3259224683250448,False
0.1,0.22499999999999998,0.275625,0.3267582133619672,False
0.1,0.23249999999999998,0.2764125,0.327649321106676,False
0.1,0.24,0.2772,0.32859006533673213,False
0.1,0.2475,0.2779875,0.32748630804663803,False
0.1,0.255,0.27877500000000005,0.3260456050932157,False
0.1,0.2625,0.2795625,0.32460490213979326,False
0.1,0.27,0.28035000000000004,0.32316419918637085,False
0.1,0.27749999999999997,0.2811375,0.3217234962329485,False
0.1,0.285,0.281925,0.3202827932795261,False
0.1,0.2925,0.2827125,0.3188420903261037,True
0.1,0.3,0.28350000000000003,0.3174013873726813,True
0.1,0.3075,0.2842875,0.3188420903261037,True
0.1,0.315,0.28507499999999997,0.3202827932795261,False
0.1,0.3225,0.2858625,0.3217234962329485,False
0.1,0.32999999999999996,0.28664999999999996,0.32316419918637085,False
0.1,0.33749999999999997,0.2874375,0.32460490213979326,False
0.1,0.345,0.28822499999999995,0.3260456050932157,False
0.1,0.3525,0.2890125,0.32748630804663803,False
0.1,0.36,0.2898,0.32892701100006044,False
0.1,0.3675,0.2905875,0.33036771395348286,False
0.1,0.375,0.291375,0.3318084169069052,False
0.1,0.3825,0.2921625,0.3332491198603276,False
0.1,0.39,0.29295000000000004,0.33468982281375,False
0.1,0.39749999999999996,0.2937375,0.3361305257671724,False
0.1,0.40499999999999997,0.294525,0.33757122872059475,False
0.1,0.4125,0.29531250000000003,0.33901193167401716,False
0.1,0.42,0.2961,0.33954603191338417,False
0.1,0.4275,0.2968875,0.3391804650474603,False
0.1,0.435,0.29767499999999997,0.33891513406563983,False
0.1,0.4425,0.2984625,0.33875418132876656,False
0.1,0.44999999999999996,0.29924999999999996,0.33870023072965283,False
0.1,0.45749999999999996,0.3000375,0.33875418132876656,False
0.1,0.46499999999999997,0.300825,0.33891513406563983,False
0.1,0.4725,0.3016125,0.3391804650474603,False
0.1,0.48,0.3024,0.33954603191338417,False
0.1,0.4875,0.3031875,0.3400064770672392,False
0.1,0.495,0.303975,0.3405555797102701,False
0.1,0.5025,0.3047625,0.3411866093295352,False
0.1,0.51,0.30555,0.3418926436604676,False
0.1,0.5175,0.30633750000000004,0.3426668288708051,False
0.1,0.525,0.307125,0.3435025739077275,False
0.1,0.5325,0.30791250000000003,0.34439368165243633,False
0.1,0.54,0.3087,0.3453344258824924,False
0.1,0.5475,0.3094875,0.34631958562415666,False
0.1,0.5549999999999999,0.310275,0.3473444484501872,False
0.1,0.5625,0.3110625,0.34835441779582477,False
0.1,0.57,0.31185,0.34789397264196975,False
0.1,0.5775,0.3126375,0.3475284057760459,False
0.1,0.585,0.313425,0.3472630747942254,False
0.1,0.5925,0.3142125,0.34710212205735214,False
0.1,0.6,0.315,0.3470481714582384,False
0.105,0.0,0.2526,0.28584174133454765,True
0.105,0.0075,0.253389375,0.286612782156025,True
0.105,0.015,0.25417875,0.2879185412086302,True
0.105,0.0225,0.254968125,0.28930881434187633,True
0.105,0.03,0.25575749999999997,0.29072357532717785,True
0.105,0.0375,0.25654687499999995,0.2921485366269871,True
0.105,0.045,0.25733625,0.29357868610752724,True
0.105,0.0525,0.25812562499999997,0.2950118267311661,True
0.105,0.06,0.258915,0.2964468466146534,True
0.105,0.0675,0.259704375,0.29788312352871843,True
0.105,0.075,0.26049375,0.29932028236026337,True
0.105,0.08249999999999999,0.26128312499999995,0.30075808361926554,True
0.105,0.09,0.2620725,0.3021963672698555,True
0.105,0.0975,0.26286187499999997,0.3036350223240077,True
0.105,0.105,0.26365125,0.3050739693984823,True
0.105,0.11249999999999999,0.264440625,0.30651315021800163,True
0.105,0.12,0.26523,0.3079525210396706,True
0.105,0.1275,0.266019375,0.30939204839045253,True
0.105,0.135,0.26680875,0.31083170622132306,True
0.105,0.1425,0.26759812499999996,0.3122714739577771,True
0.105,0.15,0.2683875,0.3137113351338287,True
0.105,0.1575,0.269176875,0.3151512764154835,True
0.105,0.16499999999999998,0.26996625,0.31659128689003646,True
0.105,0.1725,0.270755625,0.3180313575404531,True
0.105,0.18,0.271545,0.3194714808509517,True
0.105,0.1875,0.27233437499999996,0.32091165050711007,False
0.105,0.195,0.27312375,0.3223518611650884,False
0.105,0.20249999999999999,0.273913125,0.3237921082720735,False
0.105,0.21,0.2747025,0.32523238792515663,False
0.105,0.2175,0.275491875,0.32667269675937843,False
0.105,0.22499999999999998,0.27628125000000003,0.32753328830865075,False
0.105,0.23249999999999998,0.27707062499999996,0.32839748429471644,False
0.105,0.24,0.27786,0.328966961288402,False
0.105,0.2475,0.278649375,0.3275319414049147,False
0.105,0.255,0.27943875,0.32609880078127584,False
0.105,0.2625,0.280228125,0.32466865130073563,False
0.105,0.27,0.28101750000000003,0.32324369000092645,False
0.105,0.27749999999999997,0.281806875,0.32182892901562493,False
0.105,0.285,0.28259625,0.3204386558823788,False
0.105,0.2925,0.283385625,0.3191328968297736,True
0.105,0.3,0.28417499999999996,0.31836185600829625,True
0.105,0.3075,0.284964375,0.3191328968297736,True
0.105,0.315,0.28575375000000003,0.3204386558823788,False
0.105,0.3225,0.286543125,0.32182892901562493,False
0.105,0.32999999999999996,0.2873325,0.32324369000092645,False
0.105,0.33749999999999997,0.28812187499999997,0.32466865130073563,False
0.105,0.345,0.28891124999999995,0.32609880078127584,False
0.105,0.3525,0.289700625,0.3275319414049147,False
0.105,0.36,0.29048999999999997,0.328966961288402,False
0.105,0.3675,0.291279375,0.33040323820246703,False
0.105,0.375,0.29206875000000004,0.33184039703401197,False
0.105,0.3825,0.292858125,0.33327819829301414,False
0.105,0.39,0.29364749999999995,0.3347164819436041,False
0.105,0.39749999999999996,0.294436875,0.3361551369977563,False
0.105,0.40499999999999997,0.29522624999999997,0.3375940840722309,False
0.105,0.4125,0.296015625,0.33903326489175023,False
0.105,0.42,0.296805,0.3404678096548063,False
0.105,0.4275,0.297594375,0.3401185851097898,False
0.105,0.435,0.29838374999999995,0.33986547457816346,False
0.105,0.4425,0.299173125,0.33971208757937643,False
0.105,0.44999999999999996,0.29996249999999997,0.33966069936526777,False
0.105,0.45749999999999996,0.300751875,0.33971208757937643,False
0.105,0.46499999999999997,0.30154125,0.33986547457816346,False
0.105,0.4725,0.302330625,0.3401185851097898,False
0.105,0.48,0.30312,0.3404678096548063,False
0.105,0.4875,0.303909375,0.3409084471673963,False
0.105,0.495,0.30469874999999996,0.3414349916297802,False
0.105,0.5025,0.305488125,0.34204142619201455,False
0.105,0.51,0.3062775,0.34272149511580685,False
0.105,0.5175,0.307066875,0.34346893394099753,False
0.105,0.525,0.30785625,0.34427764885441103,False
0.105,0.5325,0.30864562500000003,0.3451418448404767,False
0.105,0.54,0.30943499999999996,0.34605610787501606,False
0.105,0.5475,0.310224375,0.34701544929497363,False
0.105,0.5549999999999999,0.31101375,0.3480153212024871,False
0.105,0.5625,0.311803125,0.3490516111369891,False
0.105,0.57,0.3125925,0.34881575038339185,False
0.105,0.5775,0.31338187500000003,0.3484665258383754,False
0.105,0.585,0.31417125,0.34821341530674904,False
0.105,0.5925,0.314960625,0.348060028307962,False
0.105,0.6,0.31575,0.34800864009385335,False
0.11,0.0,0.2532,0.28680220997016254,True
0.11,0.0075,0.25399124999999995,0.28728244428797,True
0.11,0.015,0.25478249999999997,0.28834429161311725,True
0.11,0.0225,0.25557374999999993,0.289611032206561,True
0.11,0.03,0.256365,0.2909558097183277,True
0.11,0.0375,0.25715625,0.29233651414371503,True
0.11,0.045,0.2579475,0.29373635598481995,True
0.11,0.0525,0.25873874999999996,0.295147509838216,True
0.11,0.06,0.25953,0.296565877955423,True
0.11,0.0675,0.26032124999999995,0.29798911863180816,True
0.11,0.075,0.26111249999999997,0.2994158005550414,True
0.11,0.08249999999999999,0.26190374999999994,0.30084500111681806,True
0.11,0.09,0.262695,0.3022760995161218,True
0.11,0.0975,0.26348625,0.30370866298542754,True
0.11,0.105,0.2642775,0.30514238076339945,True
0.11,0.11249999999999999,0.26506874999999996,0.30657702401111364,True
0.11,0.12,0.26586,0.3080124205303742,True
0.11,0.1275,0.26665124999999995,0.30944843828635854,True
0.11,0.135,0.26744249999999997,0.31088497435850415,True
0.11,0.1425,0.26823375,0.3123219473444293,True
0.11,0.15,0.269025,0.313759292021594,True
0.11,0.1575,0.26981625,0.3151969555215247,True
0.11,0.16499999999999998,0.2706075,0.31663489453959837,True
0.11,0.1725,0.27139874999999997,0.3180730732677479,True
0.11,0.18,0.27219,0.3195114618407783,True
0.11,0.1875,0.27298124999999995,0.3209500351534445,False
0.11,0.195,0.2737725,0.32238877194908266,False
0.11,0.20249999999999999,0.27456375,0.32382765410979036,False
0.11,0.21,0.275355,0.32526666609803184,False
0.11,0.2175,0.27614625,0.3267057945132942,False
0.11,0.22499999999999998,0.2769375,0.32814502773707055,False
0.11,0.23249999999999998,0.27772874999999997,0.3291593849510045,False
0.11,0.24,0.27852,0.3290859926291716,False
0.11,0.2475,0.27931124999999996,0.32766762451196463,False
0.11,0.255,0.2801025,0.32625647065856855,False
0.11,0.2625,0.28089375,0.32485662881746363,False
0.11,0.27,0.281685,0.3234759243920763,False
0.11,0.27749999999999997,0.28247625,0.3221311468803096,False
0.11,0.285,0.28326749999999995,0.32086440628686586,False
0.11,0.2925,0.28405874999999997,0.3198025589617186,True
0.11,0.3,0.28485,0.31932232464391114,True
0.11,0.3075,0.28564124999999996,0.3198025589617186,True
0.11,0.315,0.2864325,0.32086440628686586,False
0.11,0.3225,0.28722375,0.3221311468803096,False
0.11,0.32999999999999996,0.28801499999999997,0.3234759243920763,False
0.11,0.33749999999999997,0.28880625,0.32485662881746363,False
0.11,0.345,0.28959749999999995,0.32625647065856855,False
0.11,0.3525,0.29038875,0.32766762451196463,False
0.11,0.36,0.29117999999999994,0.3290859926291716,False
0.11,0.3675,0.29197124999999996,0.33050923330555676,False
0.11,0.375,0.2927625,0.33193591522879,False
0.11,0.3825,0.29355375,0.33336511579056666,False
0.11,0.39,0.294345,0.3347962141898704,False
0.11,0.39749999999999996,0.29513625,0.33622877765917614,False
0.11,0.40499999999999997,0.29592749999999995,0.33766249543714805,False
0.11,0.4125,0.29671875,0.33909713868486224,False
0.11,0.42,0.29750999999999994,0.3405325352041228,False
0.11,0.4275,0.29830125,0.34105867257979894,False
0.11,0.435,0.2990925,0.34081672259537316,False
0.11,0.4425,0.29988375,0.3406702259257693,False
0.11,0.44999999999999996,0.30067499999999997,0.34062116800088266,False
0.11,0.45749999999999996,0.30146625,0.3406702259257693,False
0.11,0.46499999999999997,0.30225749999999996,0.34081672259537316,False
0.11,0.4725,0.30304875,0.34105867257979894,False
0.11,0.48,0.30383999999999994,0.34139291271548705,False
0.11,0.4875,0.30463125,0.3418152980999185,False
0.11,0.495,0.3054225,0.3423209368608449,False
0.11,0.5025,0.30621375,0.3429044358088837,False
0.11,0.51,0.307005,0.34356013303759536,False
0.11,0.5175,0.30779625,0.34428230059337234,False
0.11,0.525,0.30858749999999996,0.3450653081580709,False
0.11,0.5325,0.30937875,0.3459037454967648,False
0.11,0.54,0.31016999999999995,0.3467925063192426,False
0.11,0.5475,0.31096125,0.34772683905219703,False
0.11,0.5549999999999999,0.3117525,0.34870237115857994,False
0.11,0.5625,0.31254375,0.3497151135913134,False
0.11,0.57,0.313335,0.34974085344407263,False
0.11,0.5775,0.31412625,0.3494066133083845,False
0.11,0.585,0.31491749999999996,0.34916466332395873,False
0.11,0.5925,0.31570875,0.34901816665435487,False
0.11,0.6,0.3165,0.34896910872946824,False
0.115,0.0,0.25379999999999997,0.2877626786057775,True
0.115,0.0075,0.2545931249999999,0.2881027824381699,True
0.115,0.015,0.25538625,0.28895619601109457,True
0.115,0.0225,0.25617937499999993,0.2900758010702095,True
0.115,0.03,0.2569725,0.2913242921774071,True
0.115,0.0375,0.25776562499999994,0.2926396955412377,True
0.115,0.045,0.25855874999999995,0.2939930782280252,True
0.115,0.0525,0.25935187499999995,0.2953697485176587,True
0.115,0.06,0.26014499999999996,0.2967616136031324,True
0.115,0.0675,0.26093812499999997,0.29816389762776363,True
0.115,0.075,0.26173124999999997,0.2995736176445158,True
0.115,0.08249999999999999,0.262524375,0.3009888213951186,True
0.115,0.09,0.2633175,0.3024081805836681,True
0.115,0.0975,0.26411062499999993,0.3038307614783167,True
0.115,0.105,0.26490375,0.3052558892597419,True
0.115,0.11249999999999999,0.26569687499999994,0.3066830644830958,True
0.115,0.12,0.26649,0.3081119097973853,True
0.115,0.1275,0.26728312499999995,0.30954213491013693,True
0.115,0.135,0.26807624999999996,0.3109735129247163,True
0.115,0.1425,0.26886937499999997,0.31240586397655207,True
0.115,0.15,0.26966249999999997,0.3138390436766858,True
0.115,0.1575,0.270455625,0.31527293479563284,True
0.115,0.16499999999999998,0.27124875,0.31670744117708916,True
0.115,0.1725,0.27204187499999993,0.31814248321508803,True
0.115,0.18,0.272835,0.3195779944460949,True
0.115,0.1875,0.27362812499999994,0.32101391894855025,False
0.115,0.195,0.27442125,0.322450209335468,False
0.115,0.20249999999999999,0.27521437499999996,0.32388682518828993,False
0.115,0.21,0.27600749999999996,0.3252391403355922,False
0.115,0.2175,0.27680062499999997,0.3265778522712414,False
0.115,0.22499999999999998,0.27759375,0.3279227001211139,False
0.115,0.23249999999999998,0.278386875,0.3292731632970102,False
0.115,0.24,0.27918,0.329281728276881,False
0.115,0.2475,0.279973125,0.3278898631914073,False
0.115,0.255,0.28076625,0.3265131929017738,False
0.115,0.2625,0.28155937499999995,0.3251598102149863,False
0.115,0.27,0.2823525,0.3238444068511557,False
0.115,0.27749999999999997,0.28314562499999996,0.32259591574395813,False
0.115,0.285,0.28393875,0.32147631068484317,False
0.115,0.2925,0.28473187499999997,0.3206228971119185,False
0.115,0.3,0.2855249999999999,0.3202827932795261,False
0.115,0.3075,0.286318125,0.3206228971119185,False
0.115,0.315,0.28711125,0.32147631068484317,False
0.115,0.3225,0.287904375,0.32259591574395813,False
0.115,0.32999999999999996,0.28869749999999994,0.3238444068511557,False
0.115,0.33749999999999997,0.28949062499999995,0.3251598102149863,False
0.115,0.345,0.29028374999999995,0.3265131929017738,False
0.115,0.3525,0.29107687499999996,0.3278898631914073,False
0.115,0.36,0.29186999999999996,0.329281728276881,False
0.115,0.3675,0.29266312499999997,0.33068401230151223,False
0.115,0.375,0.29345625000000003,0.3320937323182644,False
0.115,0.3825,0.294249375,0.3335089360688672,False
0.115,0.39,0.29504249999999993,0.33492829525741674,False
0.115,0.39749999999999996,0.295835625,0.3363508761520653,False
0.115,0.40499999999999997,0.29662874999999994,0.3377760039334905,False
0.115,0.4125,0.297421875,0.3392031791568444,False
0.115,0.42,0.29821499999999995,0.3406320244711339,False
0.115,0.4275,0.29900812499999996,0.34200048095955393,False
0.115,0.435,0.29980124999999996,0.34176876186847993,False
0.115,0.4425,0.30059437499999997,0.34162856623207244,False
0.115,0.44999999999999996,0.3013875,0.3415816366364976,False
0.115,0.45749999999999996,0.302180625,0.34162856623207244,False
0.115,0.46499999999999997,0.30297374999999993,0.34176876186847993,False
0.115,0.4725,0.303766875,0.34200048095955393,False
0.115,0.48,0.30455999999999994,0.3423209368608449,False
0.115,0.4875,0.305353125,0.3427264583969442,False
0.115,0.495,0.30614624999999995,0.3432126834108606,False
0.115,0.5025,0.306939375,0.34377476472529567,False
0.115,0.51,0.30773249999999996,0.3444075692770691,False
0.115,0.5175,0.30852562499999997,0.3451058560653729,False
0.115,0.525,0.30931875,0.3458644243290991,False
0.115,0.5325,0.310111875,0.34667822870670195,False
0.115,0.54,0.310905,0.34754246224955465,False
0.115,0.5475,0.311698125,0.34845261081306744,False
0.115,0.5549999999999999,0.31249124999999994,0.349404483675238,False
0.115,0.5625,0.313284375,0.35039422555230104,False
0.115,0.57,0.31407749999999995,0.3506688775894305,False
0.115,0.5775,0.314870625,0.3503484216881395,False
0.115,0.585,0.31566374999999997,0.3501167025970655,False
0.115,0.5925,0.31645687499999997,0.349976506960658,False
0.115,0.6,0.31725,0.3499295773650832,False
0.12,0.0,0.2544,0.2887231472413924,True
0.12,0.0075,0.255195,0.28898439650890967,True
0.12,0.015,0.25599,0.28968361587700736,True
0.12,0.0225,0.256785,0.2906640596567931,True
0.12,0.03,0.25758000000000003,0.2918073105273018,True
0.12,0.0375,0.25837499999999997,0.2930452561016596,True
0.12,0.045,0.25917,0.29434079171418925,True
0.12,0.0525,0.259965,0.29567319676278714,True
0.12,0.06,0.26076000000000005,0.29703034673772266,True
0.12,0.0675,0.261555,0.298404793875017,True
0.12,0.075,0.26235,0.29979175558849736,True
0.12,0.08249999999999999,0.263145,0.3011880389326162,True
0.12,0.09,0.26394,0.30259143927070725,True
0.12,0.0975,0.264735,0.30400038944108376,True
0.12,0.105,0.26553000000000004,0.30541374697749935,True
0.12,0.11249999999999999,0.266325,0.30683066050360736,True
0.12,0.12,0.26712,0.30825048321191323,True
0.12,0.1275,0.267915,0.30967271527495077,True
0.12,0.135,0.26871,0.31109696456468366,True
0.12,0.1425,0.269505,0.3125229192671095,True
0.12,0.15,0.27030000000000004,0.3139503284111501,True
0.12,0.1575,0.271095,0.31537898777727913,True
0.12,0.16499999999999998,0.27189,0.3168087295347034,True
0.12,0.1725,0.272685,0.31823941450869186,True
0.12,0.18,0.27348000000000006,0.3195583411813741,True
0.12,0.1875,0.274275,0.32087924397577783,False
0.12,0.195,0.27507000000000004,0.3222083189140289,False
0.12,0.20249999999999999,0.275865,0.32354478693470945,False
0.12,0.21,0.27666,0.32488796137576564,False
0.12,0.2175,0.277455,0.32623723519918424,False
0.12,0.22499999999999998,0.27825000000000005,0.3275920701862052,False
0.12,0.23249999999999998,0.279045,0.3289519877757837,False
0.12,0.24,0.27984000000000003,0.32955046141147126,False
0.12,0.2475,0.280635,0.32819331143653574,False
0.12,0.255,0.28143,0.32686090638793786,False
0.12,0.2625,0.282225,0.3255653707754082,False
0.12,0.27,0.28302000000000005,0.3243274252010504,False
0.12,0.27749999999999997,0.28381500000000004,0.3231841743305417,False
0.12,0.285,0.28461000000000003,0.32220373055075596,False
0.12,0.2925,0.285405,0.32150451118265827,False
0.12,0.3,0.2862,0.321243261915141,False
0.12,0.3075,0.286995,0.32150451118265827,False
0.12,0.315,0.28779000000000005,0.32220373055075596,False
0.12,0.3225,0.28858500000000004,0.3231841743305417,False
0.12,0.32999999999999996,0.28937999999999997,0.3243274252010504,False
0.12,0.33749999999999997,0.290175,0.3255653707754082,False
0.12,0.345,0.29097,0.32686090638793786,False
0.12,0.3525,0.291765,0.32819331143653574,False
0.12,0.36,0.29256,0.32955046141147126,False
0.12,0.3675,0.29335500000000003,0.3309249085487656,False
0.12,0.375,0.29415,0.33231187026224596,False
0.12,0.3825,0.294945,0.3337081536063648,False
0.12,0.39,0.29574,0.33511155394445585,False
0.12,0.39749999999999996,0.29653500000000005,0.33652050411483236,False
0.12,0.40499999999999997,0.29733,0.33793386165124795,False
0.12,0.4125,0.29812500000000003,0.33935077517735596,False
0.12,0.42,0.29892,0.34077059788566183,False
0.12,0.4275,0.299715,0.3421928299486994,False
0.12,0.435,0.30051,0.34272149511580685,False
0.12,0.4425,0.30130500000000005,0.34258708335830557,False
0.12,0.44999999999999996,0.3021,0.34254210527211254,False
0.12,0.45749999999999996,0.302895,0.34258708335830557,False
0.12,0.46499999999999997,0.30369,0.34272149511580685,False
0.12,0.4725,0.304485,0.3429438029283884,False
0.12,0.48,0.30528,0.3432515398257536,False
0.12,0.4875,0.30607500000000004,0.343641440308471,False
0.12,0.495,0.30687,0.34410960087721615,False
0.12,0.5025,0.307665,0.3446516534141616,False
0.12,0.51,0.30846,0.34526293593125174,False
0.12,0.5175,0.30925500000000006,0.3459386485677953,False
0.12,0.525,0.31005,0.3466739869763244,False
0.12,0.5325,0.31084500000000004,0.34746424939201603,False
0.12,0.54,0.31164000000000003,0.3483049170858021,False
0.12,0.5475,0.312435,0.34919171027785345,False
0.12,0.5549999999999999,0.31323,0.35012062295278923,False
0.12,0.5625,0.31402500000000005,0.3510879405567281,False
0.12,0.57,0.31482,0.3515994805543392,False
0.12,0.5775,0.31561500000000003,0.35129174365697396,False
0.12,0.585,0.31641,0.35106943584439243,False
0.12,0.5925,0.317205,0.35093502408689115,False
0.12,0.6,0.318,0.3508900460006981,False
0.125,0.0,0.255,0.28968361587700736,True
0.125,0.0075,0.255796875,0.2898950661729402,True
0.125,0.015,0.25659375,0.29048171910971105,True
0.125,0.0225,0.257390625,0.29134216466521723,True
0.125,0.03,0.2581875,0.2923827725489627,True
0.125,0.0375,0.258984375,0.29353881998439413,True
0.125,0.045,0.25978125,0.2947699025332424,True
0.125,0.0525,0.260578125,0.29605123800774186,True
0.125,0.06,0.261375,0.2973673649619268,True
0.125,0.0675,0.262171875,0.29870835210855495,True
0.125,0.075,0.26296875000000003,0.30006761524742015,True
0.125,0.08249999999999999,0.263765625,0.3014406544808713,True
0.125,0.09,0.26456250000000003,0.3028243075592901,True
0.125,0.0975,0.265359375,0.3042162959727744,True
0.125,0.105,0.26615625000000004,0.30561494097061104,True
0.125,0.11249999999999999,0.266953125,0.3070189809136509,True
0.125,0.12,0.26775,0.30842745073274536,True
0.125,0.1275,0.26854687499999996,0.30983960046743514,True
0.125,0.135,0.26934375,0.3112548390106775,True
0.125,0.1425,0.27014062499999997,0.3126534693675643,True
0.125,0.15,0.2709375,0.3139353625127198,True
0.125,0.1575,0.271734375,0.3152301610467754,True
0.125,0.16499999999999998,0.27253125,0.31653642516134045,True
0.125,0.1725,0.273328125,0.3178529113699655,True
0.125,0.18,0.274125,0.31917854190933015,True
0.125,0.1875,0.274921875,0.320512379331873,False
0.125,0.195,0.27571875,0.3218536053750539,False
0.125,0.20249999999999999,0.276515625,0.32320150334921477,False
0.125,0.21,0.2773125,0.32455544342043213,False
0.125,0.2175,0.278109375,0.32591487027753885,False
0.125,0.22499999999999998,0.27890625,0.3272792927658103,False
0.125,0.23249999999999998,0.279703125,0.3286482751463442,False
0.125,0.24,0.2805,0.3298874796356754,False
0.125,0.2475,0.281296875,0.32857135268149046,False
0.125,0.255,0.28209375000000003,0.327290017206991,False
0.125,0.2625,0.282890625,0.32605893465814273,False
0.125,0.27,0.28368750000000004,0.3249028872227113,False
0.125,0.27749999999999997,0.284484375,0.32386227933896583,False
0.125,0.285,0.28528125,0.32300183378345965,False
0.125,0.2925,0.286078125,0.3224151808466888,False
0.125,0.3,0.28687500000000005,0.32220373055075596,False
0.125,0.3075,0.287671875,0.3224151808466888,False
0.125,0.315,0.28846875,0.32300183378345965,False
0.125,0.3225,0.289265625,0.32386227933896583,False
0.125,0.32999999999999996,0.2900625,0.3249028872227113,False
0.125,0.33749999999999997,0.29085937500000003,0.32605893465814273,False
0.125,0.345,0.29165625,0.327290017206991,False
0.125,0.3525,0.292453125,0.32857135268149046,False
0.125,0.36,0.29324999999999996,0.3298874796356754,False
0.125,0.3675,0.294046875,0.33122846678230355,False
0.125,0.375,0.29484374999999996,0.33258772992116875,False
0.125,0.3825,0.295640625,0.3339607691546199,False
0.125,0.39,0.2964375,0.3353444222330387,False
0.125,0.39749999999999996,0.297234375,0.336736410646523,False
0.125,0.40499999999999997,0.29803124999999997,0.33813505564435964,False
0.125,0.4125,0.298828125,0.3395390955873995,False
0.125,0.42,0.299625,0.34094756540649396,False
0.125,0.4275,0.300421875,0.34235971514118374,False
0.125,0.435,0.30121875,0.3436748403196965,False
0.125,0.4425,0.302015625,0.3435457561672114,False
0.125,0.44999999999999996,0.3028125,0.3435025739077275,False
0.125,0.45749999999999996,0.303609375,0.3435457561672114,False
0.125,0.46499999999999997,0.30440625,0.3436748403196965,False
0.125,0.4725,0.305203125,0.34388846292029507,False
0.125,0.48,0.306,0.34418443005543736,False
0.125,0.4875,0.306796875,0.34455982538739166,False
0.125,0.495,0.30759375,0.3450111440659079,False
0.125,0.5025,0.30839062500000003,0.3455344392803066,False
0.125,0.51,0.3091875,0.34612546895875906,False
0.125,0.5175,0.30998437500000003,0.3467798324392705,False
0.125,0.525,0.31078125,0.34749309007124596,False
0.125,0.5325,0.31157812500000004,0.34826086192767725,False
0.125,0.54,0.312375,0.3490789045902526,False
0.125,0.5475,0.31317187500000004,0.34994316704310796,False
0.125,0.5549999999999999,0.31396875,0.3508498280259499,False
0.125,0.5625,0.31476562500000005,0.35179531784877693,False
0.125,0.57,0.3155625,0.35253237078402294,False
0.125,0.5775,0.31635937500000005,0.35223640364888065,False
0.125,0.585,0.31715625000000003,0.35202278104828205,False
0.125,0.5925,0.317953125,0.35189369689579697,False
0.125,0.6,0.31875,0.35185051463631306,False
0.13,0.0,0.2556,0.29064408451262225,True
0.13,0.0075,0.25639874999999995,0.29082144315103253,True
0.13,0.015,0.25719749999999997,0.2913242921774071,True
0.13,0.0225,0.25799625,0.29208478746604466,True
0.13,0.03,0.258795,0.2930311193232564,True
0.13,0.0375,0.25959374999999996,0.2941062726989327,True
0.13,0.045,0.26039249999999997,0.2952703294414864,True
0.13,0.0525,0.26119125,0.29649659124815897,True
0.13,0.06,0.26199,0.29776731165588144,True
0.13,0.0675,0.26278874999999996,0.2990705512218175,True
0.13,0.075,0.2635875,0.3003981183835427,True
0.13,0.08249999999999999,0.26438625,0.30174426842922925,True
0.13,0.09,0.265185,0.30310488375711764,True
0.13,0.0975,0.26598374999999996,0.3044769514317554,True
0.13,0.105,0.2667825,0.3058582243363847,True
0.13,0.11249999999999999,0.26758125,0.30717268396414354,True
0.13,0.12,0.26838,0.3084067785681553,True
0.13,0.1275,0.26917874999999997,0.30966065926574254,True
0.13,0.135,0.2699775,0.31093177826157364,True
0.13,0.1425,0.27077625,0.3122179801986944,True
0.13,0.15,0.271575,0.31351743480571465,True
0.13,0.1575,0.27237374999999997,0.31482858167374583,True
0.13,0.16499999999999998,0.2731725,0.31615008504436154,True
0.13,0.1725,0.27397125,0.3174807967858588,True
0.13,0.18,0.27477,0.3188197260328734,True
0.13,0.1875,0.27556875,0.3201660142351721,False
0.13,0.195,0.2763675,0.3215189145949219,False
0.13,0.20249999999999999,0.27716625,0.3228777750668936,False
0.13,0.21,0.277965,0.3242420242561128,False
0.13,0.2175,0.27876375,0.325611159677192,False
0.13,0.22499999999999998,0.2795625,0.3269847379439654,False
0.13,0.23249999999999998,0.28036125,0.32836236654170337,False
0.13,0.24,0.28116,0.32974369690109434,False
0.13,0.2475,0.28195875,0.32901670592190757,False
0.13,0.255,0.2827575,0.327790444115235,False
0.13,0.2625,0.28355625,0.3266263873726813,False
0.13,0.27,0.284355,0.325551233997005,False
0.13,0.27749999999999997,0.28515375,0.32460490213979326,False
0.13,0.285,0.2859525,0.3238444068511557,False
0.13,0.2925,0.28675125,0.32334155782478113,False
0.13,0.3,0.28755,0.32316419918637085,False
0.13,0.3075,0.28834875,0.32334155782478113,False
0.13,0.315,0.2891475,0.3238444068511557,False
0.13,0.3225,0.28994625,0.32460490213979326,False
0.13,0.32999999999999996,0.290745,0.325551233997005,False
0.13,0.33749999999999997,0.29154375,0.3266263873726813,False
0.13,0.345,0.29234249999999995,0.327790444115235,False
0.13,0.3525,0.29314125,0.32901670592190757,False
0.13,0.36,0.29394,0.33028742632963004,False
0.13,0.3675,0.29473875,0.33159066589556613,False
0.13,0.375,0.2955375,0.3329182330572913,False
0.13,0.3825,0.29633625,0.3342643831029779,False
0.13,0.39,0.297135,0.33562499843086624,False
0.13,0.39749999999999996,0.29793375,0.336997066105504,False
0.13,0.40499999999999997,0.29873249999999996,0.3383783390101333,False
0.13,0.4125,0.29953125,0.3397671117070283,False
0.13,0.42,0.30033,0.34116206918108066,False
0.13,0.4275,0.30112875,0.34256218276948863,False
0.13,0.435,0.30192749999999996,0.3439666372303431,False
0.13,0.4425,0.30272625000000003,0.34450456675876245,False
0.13,0.44999999999999996,0.303525,0.34446304254334237,False
0.13,0.45749999999999996,0.30432375,0.34450456675876245,False
0.13,0.46499999999999997,0.30512249999999996,0.3446287278555088,False
0.13,0.4725,0.30592125000000003,0.34483431131401454,False
0.13,0.48,0.30672,0.34511935777836256,False
0.13,0.4875,0.30751875,0.34548125287776377,False
0.13,0.495,0.30831749999999997,0.3459168395506862,False
0.13,0.5025,0.30911625000000004,0.3464225424243868,False
0.13,0.51,0.309915,0.3469944941406017,False
0.13,0.5175,0.31071375,0.347628655105968,False
0.13,0.525,0.31151249999999997,0.34832092045225027,False
0.13,0.5325,0.31231125000000004,0.34906721048009043,False
0.13,0.54,0.31311,0.34986354311432916,False
0.13,0.5475,0.31390875,0.35070608867483943,False
0.13,0.5549999999999999,0.3147075,0.35159120848273084,False
0.13,0.5625,0.31550625000000004,0.35251547951404977,False
0.13,0.57,0.316305,0.35346729850694814,False
0.13,0.5775,0.31710375,0.3531822520426001,False
0.13,0.585,0.3179025,0.3529766685840944,False
0.13,0.5925,0.31870125000000005,0.35285250748734803,False
0.13,0.6,0.3195,0.35281098327192795,False
0.135,0.0,0.2562,0.2916045531482372,True
0.135,0.0075,0.257000625,0.2917571817297446,True
0.135,0.015,0.25780125,0.29219598390307466,True
0.135,0.0225,0.258601875,0.2928739646734805,True
0.135,0.03,0.2594025,0.29373635598481995,True
0.135,0.0375,0.260203125,0.2947348570721443,True
0.135,0.045,0.26100375,0.2958323000479991,True
0.135,0.0525,0.261804375,0.2970018388985787,True
0.135,0.06,0.262605,0.29822452942283634,True
0.135,0.0675,0.263405625,0.29948702926954557,True
0.135,0.075,0.26420625,0.300779857541616,True
0.135,0.08249999999999999,0.265006875,0.30189582273345994,True
0.135,0.09,0.2658075,0.30304612969836686,True
0.135,0.0975,0.266608125,0.30422988806254764,True
0.135,0.105,0.26740875,0.3054420905138543,True
0.135,0.11249999999999999,0.26820937499999997,0.3066785928888504,True
0.135,0.12,0.26900999999999997,0.30793595698609894,True
0.135,0.1275,0.26981062499999997,0.3092113204838658,True
0.135,0.135,0.27061124999999997,0.3105022907613622,True
0.135,0.1425,0.27141187499999997,0.3118068588956493,True
0.135,0.15,0.2722125,0.31312333025736927,True
0.135,0.1575,0.27301312499999997,0.31445026855756136,True
0.135,0.16499999999999998,0.27381375,0.3157864507007736,True
0.135,0.1725,0.27461437499999997,0.31713083028104544,True
0.135,0.18,0.275415,0.3184825079790202,True
0.135,0.1875,0.27621562499999996,0.3198407074708769,True
0.135,0.195,0.27701625,0.3212047557464153,False
0.135,0.20249999999999999,0.27781687499999996,0.32257406696301616,False
0.135,0.21,0.2786175,0.32394812914399945,False
0.135,0.2175,0.27941812499999996,0.32532649317323054,False
0.135,0.22499999999999998,0.28021875,0.32670876365052787,False
0.135,0.23249999999999998,0.28101937499999996,0.3280945912610047,False
0.135,0.24,0.28182,0.329483666381146,False
0.135,0.2475,0.28262062499999996,0.3295219535723273,False
0.135,0.255,0.28342125,0.3283524147217477,False
0.135,0.2625,0.28422187499999996,0.3272549717458929,False
0.135,0.27,0.2850225,0.32625647065856855,False
0.135,0.27749999999999997,0.28582312499999996,0.3253940793472291,False
0.135,0.285,0.28662374999999995,0.32471609857682326,False
0.135,0.2925,0.28742437499999995,0.3242772964034932,False
0.135,0.3,0.288225,0.3241246678219858,False
0.135,0.3075,0.289025625,0.3242772964034932,False
0.135,0.315,0.28982624999999995,0.32471609857682326,False
0.135,0.3225,0.290626875,0.3253940793472291,False
0.135,0.32999999999999996,0.29142749999999995,0.32625647065856855,False
0.135,0.33749999999999997,0.292228125,0.3272549717458929,False
0.135,0.345,0.29302874999999995,0.3283524147217477,False
0.135,0.3525,0.293829375,0.3295219535723273,False
0.135,0.36,0.29462999999999995,0.33074464409658494,False
0.135,0.3675,0.295430625,0.33200714394329417,False
0.135,0.375,0.29623124999999995,0.3332999722153646,False
0.135,0.3825,0.297031875,0.33461629733468806,False
0.135,0.39,0.2978325,0.335951117828944,False
0.135,0.39749999999999996,0.298633125,0.33730071210996826,False
0.135,0.40499999999999997,0.29943374999999994,0.3386622669405637,False
0.135,0.4125,0.300234375,0.34003362378449004,False
0.135,0.42,0.30103499999999994,0.3414131032630545,False
0.135,0.4275,0.301835625,0.34279938188012227,False
0.135,0.435,0.30263624999999994,0.3441914041699885,False
0.135,0.4425,0.303436875,0.3454634998737385,False
0.135,0.44999999999999996,0.3042375,0.3454235111789573,False
0.135,0.45749999999999996,0.305038125,0.3454634998737385,False
0.135,0.46499999999999997,0.30583875,0.3455830982431379,False
0.135,0.4725,0.306639375,0.34578121984445737,False
0.135,0.48,0.30744,0.34605610787501606,False
0.135,0.4875,0.308240625,0.34640541030789035,False
0.135,0.495,0.30904125,0.34682627460463167,False
0.135,0.5025,0.309841875,0.3473154537017483,False
0.135,0.51,0.3106425,0.3478694150631239,False
0.135,0.5175,0.311443125,0.34848444567048886,False
0.135,0.525,0.31224375,0.3491567475202834,False
0.135,0.5325,0.313044375,0.3498825201140544,False
0.135,0.54,0.313845,0.3506580282450153,False
0.135,0.5475,0.314645625,0.3514796548843826,False
0.135,0.5549999999999999,0.31544625,0.35234394006455344,False
0.135,0.5625,0.316246875,0.3532476073424893,False
0.135,0.57,0.3170475,0.3541875797645165,False
0.135,0.5775,0.317848125,0.35412916057304294,False
0.135,0.585,0.31864875,0.35393103897172346,False
0.135,0.5925,0.31944937500000004,0.35381144060232406,False
0.135,0.6,0.32025,0.3537714519075429,False
0.14,0.0,0.2568,0.29256502178385213,True
0.14,0.0075,0.25760249999999996,0.29269892100261075,True
0.14,0.015,0.258405,0.2930875203188867,True
0.14,0.0225,0.2592074999999999,0.2936972028824131,True
0.14,0.03,0.26000999999999996,0.29448595905508196,True
0.14,0.0375,0.26081249999999995,0.29531182959983304,True
0.14,0.045,0.261615,0.2961272946545719,True
0.14,0.0525,0.26241749999999997,0.29703514758806543,True
0.14,0.06,0.26321999999999995,0.2980199583689953,True
0.14,0.0675,0.26402249999999994,0.2990686259939291,True
0.14,0.075,0.264825,0.300170265120348,True
0.14,0.08249999999999999,0.26562749999999996,0.3013159438531707,True
0.14,0.09,0.26643,0.3024983786054553,True
0.14,0.0975,0.26723249999999993,0.30371164127101213,True
0.14,0.105,0.26803499999999997,0.30495090221880056,True
0.14,0.11249999999999999,0.26883749999999995,0.3062122153285286,True
0.14,0.12,0.26964,0.30749234303424544,True
0.14,0.1275,0.2704425,0.30878861610447705,True
0.14,0.135,0.27124499999999996,0.3100988221661176,True
0.14,0.1425,0.27204749999999994,0.31142111738084716,True
0.14,0.15,0.27285,0.312753956489568,True
0.14,0.1575,0.27365249999999997,0.3140960373119112,True
0.14,0.16499999999999998,0.274455,0.3154462565809411,True
0.14,0.1725,0.27525749999999993,0.31680367466104115,True
0.14,0.18,0.27605999999999997,0.31816748723671784,True
0.14,0.1875,0.27686249999999996,0.31953700248622874,True
0.14,0.195,0.277665,0.3209116225859934,False
0.14,0.20249999999999999,0.2784675,0.3222908286486008,False
0.14,0.21,0.27927,0.323674168395252,False
0.14,0.2175,0.28007249999999995,0.3250612460160315,False
0.14,0.22499999999999998,0.280875,0.3264517137890419,False
0.14,0.23249999999999998,0.28167749999999997,0.32784526512034795,False
0.14,0.24,0.28248,0.3292416287371467,False
0.14,0.2475,0.2832825,0.3300799371714556,False
0.14,0.255,0.284085,0.328966961288402,False
0.14,0.2625,0.28488749999999996,0.32793374821913923,False
0.14,0.27,0.28569,0.32700607372883056,False
0.14,0.27749999999999997,0.2864925,0.3262173175561617,False
0.14,0.285,0.287295,0.3256076349926353,False
0.14,0.2925,0.28809749999999995,0.32521903567635935,False
0.14,0.3,0.28889999999999993,0.32508513645760073,False
0.14,0.3075,0.2897025,0.32521903567635935,False
0.14,0.315,0.290505,0.3256076349926353,False
0.14,0.3225,0.2913075,0.3262173175561617,False
0.14,0.32999999999999996,0.2921099999999999,0.32700607372883056,False
0.14,0.33749999999999997,0.29291249999999996,0.32793374821913923,False
0.14,0.345,0.29371499999999995,0.328966961288402,False
0.14,0.3525,0.2945175,0.3300799371714556,False
0.14,0.36,0.29531999999999997,0.33125346302941955,False
0.14,0.3675,0.29612249999999996,0.3324734020024513,False
0.14,0.375,0.296925,0.3337293541781351,False
0.14,0.3825,0.2977275,0.3350136167886298,False
0.14,0.39,0.29852999999999996,0.3363204254031944,False
0.14,0.39749999999999996,0.2993325,0.33764541426952177,False
0.14,0.40499999999999997,0.30013499999999993,0.3389852355003901,False
0.14,0.4125,0.30093749999999997,0.3403372899056099,False
0.14,0.42,0.30173999999999995,0.3416995354502612,False
0.14,0.4275,0.3025425,0.34307034966179617,False
0.14,0.435,0.303345,0.3444484297248499,False
0.14,0.4425,0.30414749999999996,0.34583271912129976,False
0.14,0.44999999999999996,0.30494999999999994,0.34638397981457225,False
0.14,0.45749999999999996,0.3057525,0.3464225424243868,False
0.14,0.46499999999999997,0.30655499999999997,0.3465379003695228,False
0.14,0.4725,0.3073575,0.3467290779481794,False
0.14,0.48,0.30815999999999993,0.3469944941406017,False
0.14,0.4875,0.3089625,0.34733202582691286,False
0.14,0.495,0.30976499999999996,0.3477390880504024,False
0.14,0.5025,0.3105675,0.3482127246871931,False
0.14,0.51,0.31137,0.34874970283392215,False
0.14,0.5175,0.31217249999999996,0.34934660495157116,False
0.14,0.525,0.31297499999999995,0.34999991404994896,False
0.14,0.5325,0.3137775,0.35070608867483943,False
0.14,0.54,0.31457999999999997,0.3514616259155453,False
0.14,0.5475,0.3153825,0.3522631119068871,False
0.14,0.5549999999999999,0.316185,0.35310726026387673,False
0.14,0.5625,0.3169875,0.3539909395389971,False
0.14,0.57,0.31778999999999996,0.3549111911609033,False
0.14,0.5775,0.3185925,0.355077018676765,False
0.14,0.585,0.319395,0.3548858410981084,False
0.14,0.5925,0.3201975,0.3547704831529724,False
0.14,0.6,0.32099999999999995,0.35473192054315783,False
0.145,0.0,0.25739999999999996,0.29228542011211217,True
0.145,0.0075,0.25820437499999993,0.2923831974093574,True
0.145,0.015,0.25900874999999995,0.29267129246941437,True
0.145,0.0225,0.2598131249999999,0.2931353045420933,True
0.145,0.03,0.26061749999999995,0.2937549026304685,True
0.145,0.0375,0.2614218749999999,0.29450749019070627,True
0.145,0.045,0.26222624999999994,0.29537108927129213,True
0.145,0.0525,0.26303062499999996,0.29632602169096084,True
0.145,0.06,0.263835,0.29735556172770405,True
0.145,0.0675,0.26463937499999995,0.29844593775256223,True
0.145,0.075,0.26544375,0.29958601447490907,True
0.145,0.08249999999999999,0.26624812499999995,0.30076686914836304,True
0.145,0.09,0.26705249999999997,0.30198137318481477,True
0.145,0.0975,0.26785687499999994,0.30322382587200025,True
0.145,0.105,0.26866124999999996,0.3044896524638845,True
0.145,0.11249999999999999,0.26946562499999993,0.3057751632702051,True
0.145,0.12,0.27026999999999995,0.3070773647178966,True
0.145,0.1275,0.2710743749999999,0.30839381240975067,True
0.145,0.135,0.27187874999999995,0.30972249717423966,True
0.145,0.1425,0.27268312499999997,0.3110617566468536,True
0.145,0.15,0.2734875,0.31241020646926554,True
0.145,0.1575,0.27429187499999996,0.31376668652742556,True
0.145,0.16499999999999998,0.27509625,0.31513021872702035,True
0.145,0.1725,0.27590062499999995,0.316499973644141,True
0.145,0.18,0.276705,0.31787524403058937,True
0.145,0.1875,0.27750937499999995,0.3192554236387291,True
0.145,0.195,0.27831374999999997,0.32063999019645817,False
0.145,0.20249999999999999,0.27911812499999994,0.3220284916380205,False
0.145,0.21,0.27992249999999996,0.32342053490364797,False
0.145,0.2175,0.28072687499999993,0.324815776777596,False
0.145,0.22499999999999998,0.28153124999999996,0.3262139163528553,False
0.145,0.23249999999999998,0.282335625,0.3276146888012267,False
0.145,0.24,0.28314,0.32901786019663065,False
0.145,0.2475,0.28394437499999997,0.33042322319272793,False
0.145,0.255,0.28474875,0.32962615730916683,False
0.145,0.2625,0.28555312499999996,0.3286536371477263,False
0.145,0.27,0.2863575,0.327790444115235,False
0.145,0.27749999999999997,0.28716187499999996,0.32706591659039286,False
0.145,0.285,0.2879662499999999,0.3265131929017738,False
0.145,0.2925,0.28877062499999995,0.326164841315049,False
0.145,0.3,0.28957499999999997,0.3260456050932157,False
0.145,0.3075,0.29037937499999994,0.326164841315049,False
0.145,0.315,0.2911837499999999,0.3265131929017738,False
0.145,0.3225,0.291988125,0.32706591659039286,False
0.145,0.32999999999999996,0.29279249999999996,0.327790444115235,False
0.145,0.33749999999999997,0.293596875,0.3286536371477263,False
0.145,0.345,0.29440124999999995,0.32962615730916683,False
0.145,0.3525,0.29520562499999997,0.33068401230151223,False
0.145,0.36,0.29600999999999994,0.3318084169069052,False
0.145,0.3675,0.29681437499999996,0.3329849724865118,False
0.145,0.375,0.29761874999999993,0.3342027266050163,False
0.145,0.3825,0.29842312499999996,0.3354533436378621,False
0.145,0.39,0.2992275,0.3367304458081044,False
0.145,0.39749999999999996,0.30003187499999995,0.33802911446511685,False
0.145,0.40499999999999997,0.3008362499999999,0.33934552098510723,False
0.145,0.4125,0.301640625,0.3406766558995963,False
0.145,0.42,0.30244499999999996,0.3420201302325432,False
0.145,0.4275,0.303249375,0.3433740292290655,False
0.145,0.435,0.30405374999999996,0.3447368039599587,False
0.145,0.4425,0.304858125,0.3461071903574438,False
0.145,0.44999999999999996,0.30566249999999995,0.3473444484501872,False
0.145,0.45749999999999996,0.30646687499999997,0.34738168312167844,False
0.145,0.46499999999999997,0.30727124999999994,0.34749309007124596,False
0.145,0.4725,0.30807562499999996,0.3476777898298095,False
0.145,0.48,0.30887999999999993,0.34793435463784733,False
0.145,0.4875,0.30968437499999996,0.34826086192767725,False
0.145,0.495,0.3104887499999999,0.34865496266673446,False
0.145,0.5025,0.311293125,0.349113959222326,False
0.145,0.51,0.31209749999999997,0.34963488727689424,False
0.145,0.5175,0.312901875,0.35021459680351114,False
0.145,0.525,0.31370624999999996,0.3508498280259499,False
0.145,0.5325,0.314510625,0.35153727942443186,False
0.145,0.54,0.31531499999999996,0.35227366601178944,False
0.145,0.5475,0.316119375,0.3530557671487671,False
0.145,0.5549999999999999,0.31692374999999995,0.35388046400521056,False
0.145,0.5625,0.317728125,0.3547447673750411,False
0.145,0.57,0.31853249999999994,0.35564583692759566,False
0.145,0.5775,0.31933687499999996,0.3560257305583951,False
0.145,0.585,0.32014124999999993,0.35584103079983154,False
0.145,0.5925,0.320945625,0.355729623850264,False
0.145,0.6,0.32175,0.35569238917877277,False
0.15,0.0,0.258,0.29132495147649723,True
0.15,0.0075,0.25880624999999996,0.29143240314449076,True
0.15,0.015,0.2596125,0.29174785206836296,True
0.15,0.0225,0.26041875,0.2922526259668059,True
0.15,0.03,0.261225,0.29292115794190465,True
0.15,0.0375,0.26203125,0.2937261230655346,True
0.15,0.045,0.2628375,0.294642049052917,True
0.15,0.0525,0.26364375,0.2956470603367644,True
0.15,0.06,0.26445,0.29672326482040795,True
0.15,0.0675,0.26525624999999997,0.2978564240499074,True
0.15,0.075,0.26606250000000004,0.29903535969127076,True
0.15,0.08249999999999999,0.26686875,0.30025133699976175,True
0.15,0.09,0.267675,0.3014975247889674,True
0.15,0.0975,0.26848125,0.3027685578064544,True
0.15,0.105,0.2692875,0.3040601957379663,True
0.15,0.11249999999999999,0.27009374999999997,0.30536906265848934,True
0.15,0.12,0.27090000000000003,0.3066924496463361,True
0.15,0.1275,0.27170625,0.3080281655496867,True
0.15,0.135,0.27251250000000005,0.3093744239395925,True
0.15,0.1425,0.27331875,0.31072975710142203,True
0.15,0.15,0.274125,0.31209295021732286,True
0.15,0.1575,0.27493125,0.3134629906649511,True
0.15,0.16499999999999998,0.2757375,0.3148390286842252,True
0.15,0.1725,0.27654375,0.3162203466419908,True
0.15,0.18,0.27735000000000004,0.3176063348410627,True
0.15,0.1875,0.27815625,0.3189964723442596,True
0.15,0.195,0.2789625,0.3203903116680314,False
0.15,0.20249999999999999,0.27976875,0.32178746648255946,False
0.15,0.21,0.280575,0.32318760166370464,False
0.15,0.2175,0.28138124999999997,0.324590425197026,False
0.15,0.22499999999999998,0.28218750000000004,0.3259956815497843,False
0.15,0.23249999999999998,0.28299375,0.32740314621381666,False
0.15,0.24,0.28380000000000005,0.3288126211879732,False
0.15,0.2475,0.28460625,0.3302239312189018,False
0.15,0.255,0.2854125,0.33032317130525035,False
0.15,0.2625,0.28621875,0.3294072453178679,False
0.15,0.27,0.28702500000000003,0.328602280194238,False
0.15,0.27749999999999997,0.28783125,0.32793374821913923,False
0.15,0.285,0.2886375,0.3274289743206963,False
0.15,0.2925,0.28944375,0.3271135253968241,False
0.15,0.3,0.29025,0.32700607372883056,False
0.15,0.3075,0.29105625,0.3271135253968241,False
0.15,0.315,0.29186249999999997,0.3274289743206963,False
0.15,0.3225,0.29266875000000003,0.32793374821913923,False
0.15,0.32999999999999996,0.293475,0.328602280194238,False
0.15,0.33749999999999997,0.29428125,0.3294072453178679,False
0.15,0.345,0.2950875,0.33032317130525035,False
0.15,0.3525,0.29589375,0.33132818258909774,False
0.15,0.36,0.29669999999999996,0.3324043870727413,False
0.15,0.3675,0.29750625,0.33353754630224075,False
0.15,0.375,0.2983125,0.3347164819436041,False
0.15,0.3825,0.29911875,0.3359324592520951,False
0.15,0.39,0.29992500000000005,0.33717864704130074,False
0.15,0.39749999999999996,0.30073125,0.3384496800587877,False
0.15,0.40499999999999997,0.3015375,0.3397413179902996,False
0.15,0.4125,0.30234375,0.3410501849108227,False
0.15,0.42,0.30315,0.3423735718986694,False
0.15,0.4275,0.30395625000000004,0.34370928780202004,False
0.15,0.435,0.3047625,0.34505554619192585,False
0.15,0.4425,0.30556875,0.34641087935375536,False
0.15,0.44999999999999996,0.306375,0.3477740724696562,False
0.15,0.45749999999999996,0.30718125,0.34834091217674884,False
0.15,0.46499999999999997,0.30798749999999997,0.34844862899510737,False
0.15,0.4725,0.30879375000000003,0.3486272720897826,False
0.15,0.48,0.3096,0.3488755479085204,False
0.15,0.4875,0.31040625,0.34919171027785345,False
0.15,0.495,0.3112125,0.34957361886139915,False
0.15,0.5025,0.31201875,0.35001880627792364,False
0.15,0.51,0.312825,0.3505245493865743,False
0.15,0.5175,0.31363125000000003,0.3510879405567281,False
0.15,0.525,0.3144375,0.35170595540972605,False
0.15,0.5325,0.31524375000000004,0.35237551439384696,False
0.15,0.54,0.31605,0.35309353648202435,False
0.15,0.5475,0.31685625,0.3538569841446908,False
0.15,0.5549999999999999,0.3176625,0.3546628994707587,False
0.15,0.5625,0.31846875,0.35550843185291403,False
0.15,0.57,0.319275,0.35639085801735426,False
0.15,0.5775,0.32008125000000004,0.3569752128183682,False
0.15,0.585,0.3208875,0.35679656972369295,False
0.15,0.5925,0.32169375000000006,0.3566888529053344,False
0.15,0.6,0.3225,0.35665285781438766,False
0.155,0.0,0.2586,0.29036448284088234,True
0.155,0.0075,0.259408125,0.2904837190627157,True
0.155,0.015,0.26021625,0.29083207064944044,True
0.155,0.0225,0.261024375,0.2913847943380595,True
0.155,0.03,0.2618325,0.29210932186290167,True
0.155,0.0375,0.26264062499999996,0.29297251489539294,True
0.155,0.045,0.26344875,0.2939450350568335,True
0.155,0.0525,0.26425687499999995,0.2950028900491789,True
0.155,0.06,0.265065,0.2961272946545719,True
0.155,0.0675,0.265873125,0.2973038502341785,True
0.155,0.075,0.26668125,0.298521604352683,True
0.155,0.08249999999999999,0.267489375,0.2997722213855288,True
0.155,0.09,0.2682975,0.3010493235557711,True
0.155,0.0975,0.26910562499999996,0.3023479922127835,True
0.155,0.105,0.26991375,0.3036643987327739,True
0.155,0.11249999999999999,0.270721875,0.304995533647263,True
0.155,0.12,0.27153,0.30633900798020985,True
0.155,0.1275,0.272338125,0.3076929069767322,True
0.155,0.135,0.27314625000000003,0.3090556817076254,True
0.155,0.1425,0.27395437499999997,0.3104260681051105,True
0.155,0.15,0.2747625,0.31180302596439285,True
0.155,0.1575,0.27557062499999996,0.31318569257652595,True
0.155,0.16499999999999998,0.27637875,0.31457334716754715,True
0.155,0.1725,0.277186875,0.315965383385584,True
0.155,0.18,0.277995,0.31736128783294704,True
0.155,0.1875,0.278803125,0.31876062317747267,True
0.155,0.195,0.27961125000000003,0.3201630147618604,False
0.155,0.20249999999999999,0.28041937499999997,0.3215681399068407,False
0.155,0.21,0.2812275,0.3229757193052191,False
0.155,0.2175,0.282035625,0.32438551005108757,False
0.155,0.22499999999999998,0.28284375,0.32579729995709716,False
0.155,0.23249999999999998,0.283651875,0.3272109028934107,False
0.155,0.24,0.28446,0.32862615494241615,False
0.155,0.2475,0.285268125,0.33004291120890566,False
0.155,0.255,0.28607625000000003,0.33105221152362546,False
0.155,0.2625,0.28688437499999997,0.3301886124430396,False
0.155,0.27,0.2876925,0.3294360248828018,False
0.155,0.27749999999999997,0.288500625,0.32881642679442663,False
0.155,0.285,0.28930875,0.3283524147217477,False
0.155,0.2925,0.290116875,0.32806431966169075,False
0.155,0.3,0.290925,0.3279665423644455,False
0.155,0.3075,0.291733125,0.32806431966169075,False
0.155,0.315,0.29254125000000003,0.3283524147217477,False
0.155,0.3225,0.293349375,0.32881642679442663,False
0.155,0.32999999999999996,0.29415749999999996,0.3294360248828018,False
0.155,0.33749999999999997,0.294965625,0.3301886124430396,False
0.155,0.345,0.29577374999999995,0.33105221152362546,False
0.155,0.3525,0.296581875,0.33200714394329417,False
0.155,0.36,0.29739,0.3330366839800374,False
0.155,0.3675,0.298198125,0.33412706000489556,False
0.155,0.375,0.29900625000000003,0.3352671367272424,False
0.155,0.3825,0.299814375,0.33644799140069637,False
0.155,0.39,0.30062249999999996,0.3376624954371481,False
0.155,0.39749999999999996,0.301430625,0.3389049481243336,False
0.155,0.40499999999999997,0.30223875,0.3401707747162178,False
0.155,0.4125,0.303046875,0.3414562855225384,False
0.155,0.42,0.303855,0.3427584869702299,False
0.155,0.4275,0.30466312500000003,0.344074934662084,False
0.155,0.435,0.30547124999999997,0.345403619426573,False
0.155,0.4425,0.306279375,0.3467428788991869,False
0.155,0.44999999999999996,0.30708749999999996,0.34809132872159887,False
0.155,0.45749999999999996,0.307895625,0.3493002210598616,False
0.155,0.46499999999999997,0.30870375,0.349404483675238,False
0.155,0.4725,0.309511875,0.3495774517926556,False
0.155,0.48,0.31032,0.34981794986606274,False
0.155,0.4875,0.31112812500000003,0.3501243874418264,False
0.155,0.495,0.31193624999999997,0.3504948093784308,False
0.155,0.5025,0.312744375,0.3509269539104514,False
0.155,0.51,0.3135525,0.35141831485312497,False
0.155,0.5175,0.314360625,0.35196620443582993,False
0.155,0.525,0.31516875,0.3525678137418462,False
0.155,0.5325,0.315976875,0.3532202684035439,False
0.155,0.54,0.316785,0.35392067794136783,False
0.155,0.5475,0.31759312500000003,0.35466617784532456,False
0.155,0.5549999999999999,0.31840124999999997,0.35545396411235114,False
0.155,0.5625,0.319209375,0.35628132043630195,False
0.155,0.57,0.3200175,0.35714563859034393,False
0.155,0.5775,0.320825625,0.35792539252124117,False
0.155,0.585,0.32163375,0.3577524244038236,False
0.155,0.5925,0.32244187500000004,0.35764816178844716,False
0.155,0.6,0.32325,0.3576133264500026,False
0.16,0.0,0.2592,0.2894040142052674,True
0.16,0.0075,0.26000999999999996,0.289537913424026,True
0.16,0.015,0.26082,0.28992651274030196,True
0.16,0.0225,0.26163,0.29053619530382835,True
0.16,0.03,0.26244,0.29132495147649723,True
0.16,0.0375,0.26325,0.2922526259668059,True
0.16,0.045,0.26406,0.2932858390360687,True
0.16,0.0525,0.26486999999999994,0.2943988149191223,True
0.16,0.06,0.26567999999999997,0.2955723407770862,True
0.16,0.0675,0.26648999999999995,0.29679227975011796,True
0.16,0.075,0.2673,0.29804823192580177,True
0.16,0.08249999999999999,0.26810999999999996,0.29933249453629646,True
0.16,0.09,0.26892,0.30063930315086107,True
0.16,0.0975,0.26972999999999997,0.30196429201718844,True
0.16,0.105,0.27054,0.30330411324805684,True
0.16,0.11249999999999999,0.27135,0.3046561676532766,True
0.16,0.12,0.27216,0.3060184131979279,True
0.16,0.1275,0.27297,0.30738922740946284,True
0.16,0.135,0.27378,0.3087673074725166,True
0.16,0.1425,0.27458999999999995,0.31015159686896643,True
0.16,0.15,0.2754,0.3115412308994773,True
0.16,0.1575,0.27620999999999996,0.31293549577783314,True
0.16,0.16499999999999998,0.27702,0.31433379758771496,True
0.16,0.1725,0.27782999999999997,0.3157356384829909,True
0.16,0.18,0.27864,0.31714059826389707,True
0.16,0.1875,0.27945,0.31854831998345473,True
0.16,0.195,0.28026,0.31995849860465003,True
0.16,0.20249999999999999,0.28107,0.3213708719883393,False
0.16,0.21,0.28188,0.32278521367748125,False
0.16,0.2175,0.28269,0.32420132707741306,False
0.16,0.22499999999999998,0.28350000000000003,0.3256190407296973,False
0.16,0.23249999999999998,0.28430999999999995,0.3270382044490509,False
0.16,0.24,0.28512,0.3284586861463091,False
0.16,0.2475,0.28592999999999996,0.329880369200385,False
0.16,0.255,0.28674,0.33130315027238405,False
0.16,0.2625,0.28755,0.3309929518521664,False
0.16,0.27,0.28836,0.33028742632963004,False
0.16,0.27749999999999997,0.28917,0.32971075880261225,False
0.16,0.285,0.28997999999999996,0.329281728276881,False
0.16,0.2925,0.29079,0.32901670592190757,False
0.16,0.3,0.2916,0.32892701100006044,False
0.16,0.3075,0.29241,0.32901670592190757,False
0.16,0.315,0.29322,0.329281728276881,False
0.16,0.3225,0.29403,0.32971075880261225,False
0.16,0.32999999999999996,0.29483999999999994,0.33028742632963004,False
0.16,0.33749999999999997,0.29564999999999997,0.3309929518521664,False
0.16,0.345,0.29645999999999995,0.3318084169069052,False
0.16,0.3525,0.29727,0.33271626984039876,False
0.16,0.36,0.29807999999999996,0.33370108062132864,False
0.16,0.3675,0.29889,0.3347497482462624,False
0.16,0.375,0.29969999999999997,0.33585138737268133,False
0.16,0.3825,0.30051,0.336997066105504,False
0.16,0.39,0.30132000000000003,0.3381795008577887,False
0.16,0.39749999999999996,0.30213,0.33939276352334546,False
0.16,0.40499999999999997,0.30294,0.34063202447113383,False
0.16,0.4125,0.30375,0.34189333758086193,False
0.16,0.42,0.30455999999999994,0.34317346528657877,False
0.16,0.4275,0.30537,0.3444697383568104,False
0.16,0.435,0.30617999999999995,0.34577994441845095,False
0.16,0.4425,0.30699,0.3471022396331805,False
0.16,0.44999999999999996,0.30779999999999996,0.3484350787419013,False
0.16,0.45749999999999996,0.30861,0.34977715956424454,False
0.16,0.46499999999999997,0.30942,0.3503606247803216,False
0.16,0.4725,0.31023,0.35052826488390804,False
0.16,0.48,0.31104,0.3507614512320664,False
0.16,0.4875,0.31185,0.3510587313223459,False
0.16,0.495,0.31266,0.35141831485312497,False
0.16,0.5025,0.31347,0.35183812413058246,False
0.16,0.51,0.31428,0.3523158484971701,False
0.16,0.5175,0.31509,0.35284899982711343,False
0.16,0.525,0.31589999999999996,0.35343496648995965,False
0.16,0.5325,0.31671,0.354071063699218,False
0.16,0.54,0.31751999999999997,0.3547545787512757,False
0.16,0.5475,0.31833,0.35548281024281714,False
0.16,0.5549999999999999,0.31914,0.3562531008760265,False
0.16,0.5625,0.31995,0.3570628638860859,False
0.16,0.57,0.32076,0.3579096034419514,False
0.16,0.5775,0.32157,0.3587909295821746,False
0.16,0.585,0.32238,0.3587085655089072,False
0.16,0.5925,0.32319000000000003,0.35860754303295944,False
0.16,0.6,0.324,0.35857379508561754,False
0.165,0.0,0.2598,0.28844354556965246,True
0.165,0.0075,0.26061187499999994,0.28859617415115985,True
0.165,0.015,0.26142374999999995,0.28903497632448993,True
0.165,0.0225,0.26223562499999997,0.28971295709489575,True
0.165,0.03,0.2630475,0.2905753484062352,True
0.165,0.0375,0.26385937499999995,0.2915738494935596,True
0.165,0.045,0.26467124999999997,0.29267129246941437,True
0.165,0.0525,0.26548312499999993,0.29384083131999394,True
0.165,0.06,0.266295,0.2950635218442516,True
0.165,0.0675,0.26710687499999997,0.29632602169096084,True
0.165,0.075,0.26791875,0.2976188499630313,True
0.165,0.08249999999999999,0.26873062499999995,0.29893517508235473,True
0.165,0.09,0.26954249999999996,0.30026999557661066,True
0.165,0.0975,0.270354375,0.30161958985763493,True
0.165,0.105,0.27116625,0.3029811446882304,True
0.165,0.11249999999999999,0.27197812499999996,0.3043525015321567,True
0.165,0.12,0.27279,0.3057319810107212,True
0.165,0.1275,0.27360187499999994,0.30711825962778894,True
0.165,0.135,0.27441375,0.30851028191765517,True
0.165,0.1425,0.275225625,0.3099071969328032,True
0.165,0.15,0.2760375,0.3113083116932463,True
0.165,0.1575,0.27684937499999995,0.3127130566209534,True
0.165,0.16499999999999998,0.27766124999999997,0.3141209595573504,True
0.165,0.1725,0.278473125,0.3155316260068902,True
0.165,0.18,0.279285,0.3169447239522449,True
0.165,0.1875,0.28009687499999997,0.3183599720651367,True
0.165,0.195,0.28090875,0.31977713046682654,True
0.165,0.20249999999999999,0.28172062499999995,0.32119599342268584,False
0.165,0.21,0.2825325,0.32261638351806393,False
0.165,0.2175,0.283344375,0.32403814697896655,False
0.165,0.22499999999999998,0.28415625,0.3254611498850621,False
0.165,0.23249999999999998,0.28496812499999996,0.32688527508381415,False
0.165,0.24,0.28578,0.32831041965969243,False
0.165,0.2475,0.286591875,0.32973649284598255,False
0.165,0.255,0.28740375,0.3311634142918965,False
0.165,0.2625,0.288215625,0.3318164185901293,False
0.165,0.27,0.2890275,0.33115320543430504,False
0.165,0.27749999999999997,0.28983937499999995,0.3306143781393473,False
0.165,0.285,0.29065125,0.3302156372531854,False
0.165,0.2925,0.291463125,0.3299703222917586,False
0.165,0.3,0.29227499999999995,0.3298874796356754,False
0.165,0.3075,0.29308687499999997,0.3299703222917586,False
0.165,0.315,0.29389875,0.3302156372531854,False
0.165,0.3225,0.294710625,0.3306143781393473,False
0.165,0.32999999999999996,0.29552249999999997,0.33115320543430504,False
0.165,0.33749999999999997,0.296334375,0.3318164185901293,False
0.165,0.345,0.29714624999999995,0.33258772992116875,False
0.165,0.3525,0.29795812499999996,0.33345156260536957,False
0.165,0.36,0.2987699999999999,0.33439381215550734,False
0.165,0.3675,0.299581875,0.33540216860572786,False
0.165,0.375,0.30039375,0.33646614543566233,False
0.165,0.3825,0.301205625,0.33757694498579327,False
0.165,0.39,0.30201749999999994,0.3387272519507002,False
0.165,0.39749999999999996,0.30282937499999996,0.3399110103148809,False
0.165,0.40499999999999997,0.30364125,0.3411232127661876,False
0.165,0.4125,0.304453125,0.34235971514118374,False
0.165,0.42,0.30526499999999995,0.34361707923843227,False
0.165,0.4275,0.30607687499999997,0.3448924427361991,False
0.165,0.435,0.30688874999999993,0.34618341301369554,False
0.165,0.4425,0.307700625,0.3474879811479826,False
0.165,0.44999999999999996,0.30851249999999997,0.34880445250970255,False
0.165,0.45749999999999996,0.309324375,0.3501313908098947,False
0.165,0.46499999999999997,0.31013624999999995,0.3513170264955107,False
0.165,0.4725,0.31094812499999996,0.3514796548843826,False
0.165,0.48,0.31176,0.35170595540972605,False
0.165,0.4875,0.312571875,0.3519945981867563,False
0.165,0.495,0.31338374999999996,0.35234394006455344,False
0.165,0.5025,0.314195625,0.3527520685335096,False
0.165,0.51,0.31500749999999994,0.3532168494779474,False
0.165,0.5175,0.315819375,0.3537359762825903,False
0.165,0.525,0.31663125,0.35430701805834675,False
0.165,0.5325,0.317443125,0.35492746514896323,False
0.165,0.54,0.31825499999999995,0.3555947705477159,False
0.165,0.5475,0.31906687499999997,0.3563063863308255,False
0.165,0.5549999999999999,0.31987875,0.35705979465388954,False
0.165,0.5625,0.320690625,0.3578525332284292,False
0.165,0.57,0.32150249999999997,0.35868221548299967,False
0.165,0.5775,0.322314375,0.3595465458157182,False
0.165,0.585,0.32312624999999995,0.3596649672240963,False
0.165,0.5925,0.323938125,0.3595669900747881,False
0.165,0.6,0.32475,0.3595342637212324,False
0.17,0.0,0.26039999999999996,0.2874830769340375,True
0.17,0.0075,0.2612137499999999,0.2876604355724478,True
0.17,0.015,0.26202749999999997,0.28816328459882234,True
0.17,0.0225,0.2628412499999999,0.28892377988745993,True
0.17,0.03,0.263655,0.28987011174467164,True
0.17,0.0375,0.2644687499999999,0.29094526512034796,True
0.17,0.045,0.2652825,0.29210932186290167,True
0.17,0.0525,0.2660962499999999,0.29333558366957424,True
0.17,0.06,0.26691,0.2946063040772967,True
0.17,0.0675,0.2677237499999999,0.2959095436432328,True
0.17,0.075,0.2685375,0.29723711080495796,True
0.17,0.08249999999999999,0.26935124999999993,0.2985832608506445,True
0.17,0.09,0.270165,0.2999438761785329,True
0.17,0.0975,0.27097874999999993,0.3013159438531707,True
0.17,0.105,0.2717925,0.3026972167578,True
0.17,0.11249999999999999,0.27260624999999994,0.30408598945469495,True
0.17,0.12,0.27342,0.30548094692874733,True
0.17,0.1275,0.27423374999999994,0.3068810605171553,True
0.17,0.135,0.2750475,0.30828551497800977,True
0.17,0.1425,0.27586124999999995,0.30969365649500974,True
0.17,0.15,0.276675,0.3111049550115141,True
0.17,0.1575,0.27748874999999995,0.31251897653819793,True
0.17,0.16499999999999998,0.27830249999999995,0.31393536251271975,True
0.17,0.1725,0.27911624999999995,0.31535381421942466,True
0.17,0.18,0.27992999999999996,0.3167740808898188,True
0.17,0.1875,0.28074374999999996,0.318195950514868,True
0.17,0.195,0.28155749999999996,0.31961924267911596,True
0.17,0.20249999999999999,0.28237124999999996,0.3210438029189744,False
0.17,0.21,0.28318499999999996,0.32246949824196636,False
0.17,0.2175,0.28399874999999997,0.3238962135388483,False
0.17,0.22499999999999998,0.28481249999999997,0.3253238486886741,False
0.17,0.23249999999999998,0.28562624999999997,0.3267523162062135,False
0.17,0.24,0.28644,0.3281815393172531,False
0.17,0.2475,0.28725375,0.329611450374004,False
0.17,0.255,0.2880675,0.33104198954275643,False
0.17,0.2625,0.28888125,0.33247310371091354,False
0.17,0.27,0.289695,0.3320308097809652,False
0.17,0.27749999999999997,0.29050875,0.33152550238920536,False
0.17,0.285,0.29132249999999993,0.33115320543430504,False
0.17,0.2925,0.29213625,0.3309249085487656,False
0.17,0.3,0.29295,0.33084794827129027,False
0.17,0.3075,0.29376375,0.3309249085487656,False
0.17,0.315,0.29457749999999994,0.33115320543430504,False
0.17,0.3225,0.29539124999999994,0.33152550238920536,False
0.17,0.32999999999999996,0.29620499999999994,0.3320308097809652,False
0.17,0.33749999999999997,0.29701874999999994,0.33265591538897865,False
0.17,0.345,0.29783249999999994,0.3333867713217768,False
0.17,0.3525,0.29864624999999995,0.3342095884959425,False
0.17,0.36,0.29945999999999995,0.33511155394445585,False
0.17,0.3675,0.30027374999999995,0.336081206028118,False
0.17,0.375,0.30108749999999995,0.3371085561191045,False
0.17,0.3825,0.30190124999999995,0.3381850498266378,False
0.17,0.39,0.302715,0.3393034420708141,False
0.17,0.39749999999999996,0.30352874999999996,0.34045763652556826,False
0.17,0.40499999999999997,0.30434249999999996,0.34164251977197324,False
0.17,0.4125,0.30515624999999996,0.3428538062164769,False
0.17,0.42,0.30596999999999996,0.3440879008204886,False
0.17,0.4275,0.30678374999999997,0.3453417815180759,False
0.17,0.435,0.30759749999999997,0.346612900513907,False
0.17,0.4425,0.30841124999999997,0.34789910245102773,False
0.17,0.44999999999999996,0.30922499999999997,0.349198557058048,False
0.17,0.45749999999999996,0.31003875,0.35050970392607916,False
0.17,0.46499999999999997,0.3108525,0.35183120729669487,False
0.17,0.4725,0.31166625,0.3524315718074348,False
0.17,0.48,0.31248,0.3526513767105231,False
0.17,0.4875,0.31329375,0.3529318601703999,False
0.17,0.495,0.31410749999999993,0.35327151076415597,False
0.17,0.5025,0.31492125,0.3536685645670922,False
0.17,0.51,0.31573499999999993,0.3541210471591999,False
0.17,0.5175,0.31654875,0.3546268171617977,False
0.17,0.525,0.31736249999999994,0.3551836093823023,False
0.17,0.5325,0.31817625,0.35578907594881753,False
0.17,0.54,0.31898999999999994,0.35644082418783946,False
0.17,0.5475,0.31980375,0.3571364503888392,False
0.17,0.5549999999999999,0.32061749999999994,0.35787356896903144,False
0.17,0.5625,0.32143125,0.3586498368727841,False
0.17,0.57,0.32224499999999995,0.3594629732978845,False
0.17,0.5775,0.32305875,0.3603107750309887,False
0.17,0.585,0.32387249999999995,0.36062160674037497,False
0.17,0.5925,0.32468625,0.3605264971200989,False
0.17,0.6,0.32549999999999996,0.36049473235684737,False
0.17500000000000002,0.0,0.261,0.28652260829842263,True
0.17500000000000002,0.0075,0.261815625,0.28673405859435547,True
0.17500000000000002,0.015,0.26263125000000004,0.2873207115311263,True
0.17500000000000002,0.0225,0.26344687499999997,0.2881811570866325,True
0.17500000000000002,0.03,0.2642625,0.289221764970378,True
0.17500000000000002,0.0375,0.265078125,0.2903778124058094,True
0.17500000000000002,0.045,0.26589375000000004,0.2916088949546577,True
0.17500000000000002,0.0525,0.26670937499999997,0.29289023042915713,True
0.17500000000000002,0.06,0.267525,0.29420635738334205,True
0.17500000000000002,0.0675,0.268340625,0.2955473445299702,True
0.17500000000000002,0.075,0.26915625000000004,0.2969066076688354,True
0.17500000000000002,0.08249999999999999,0.269971875,0.2982796469022866,True
0.17500000000000002,0.09,0.2707875,0.29966329998070534,True
0.17500000000000002,0.0975,0.271603125,0.30105528839418966,True
0.17500000000000002,0.105,0.27241875000000004,0.3024539333920263,True
0.17500000000000002,0.11249999999999999,0.273234375,0.30385797333506614,True
0.17500000000000002,0.12,0.27405,0.3052664431541606,True
0.17500000000000002,0.1275,0.274865625,0.3066785928888504,True
0.17500000000000002,0.135,0.27568125000000004,0.3080938314320928,True
0.17500000000000002,0.1425,0.276496875,0.3095116869083746,True
0.17500000000000002,0.15,0.2773125,0.31093177826157364,True
0.17500000000000002,0.1575,0.278128125,0.3123537945448201,True
0.17500000000000002,0.16499999999999998,0.27894375000000005,0.3137774795969677,True
0.17500000000000002,0.1725,0.279759375,0.3152026205482446,True
0.17500000000000002,0.18,0.280575,0.3166290390890797,True
0.17500000000000002,0.1875,0.281390625,0.31805658476061976,True
0.17500000000000002,0.195,0.28220625000000005,0.3194851297434338,True
0.17500000000000002,0.20249999999999999,0.283021875,0.32091456476965924,False
0.17500000000000002,0.21,0.2838375,0.3223447958868688,False
0.17500000000000002,0.2175,0.284653125,0.3237757418742739,False
0.17500000000000002,0.22499999999999998,0.28546875000000005,0.32520733216332065,False
0.17500000000000002,0.23249999999999998,0.286284375,0.3266395051517644,False
0.17500000000000002,0.24,0.2871,0.3280722068272495,False
0.17500000000000002,0.2475,0.287915625,0.32950538963624726,False
0.17500000000000002,0.255,0.28873125000000005,0.33093901154891925,False
0.17500000000000002,0.2625,0.289546875,0.33237303528151485,False
0.17500000000000002,0.27,0.2903625,0.3329182330572913,False
0.17500000000000002,0.27749999999999997,0.291178125,0.3324427677947038,False
0.17500000000000002,0.285,0.29199375,0.3320937323182644,False
0.17500000000000002,0.2925,0.292809375,0.33188027286155786,False
0.17500000000000002,0.3,0.293625,0.3318084169069052,False
0.17500000000000002,0.3075,0.294440625,0.33188027286155786,False
0.17500000000000002,0.315,0.29525625,0.3320937323182644,False
0.17500000000000002,0.3225,0.296071875,0.3324427677947038,False
0.17500000000000002,0.32999999999999996,0.29688749999999997,0.3329182330572913,False
0.17500000000000002,0.33749999999999997,0.297703125,0.3335089360688672,False
0.17500000000000002,0.345,0.29851875,0.3342027266050163,False
0.17500000000000002,0.3525,0.29933437500000004,0.33498740809938354,False
0.17500000000000002,0.36,0.30015,0.33585138737268133,False
0.17500000000000002,0.3675,0.300965625,0.33678406327153493,False
0.17500000000000002,0.375,0.30178125,0.3377760039334905,False
0.17500000000000002,0.3825,0.30259687500000004,0.3388189765227234,False
0.17500000000000002,0.39,0.30341250000000003,0.3399058869227713,False
0.17500000000000002,0.39749999999999996,0.304228125,0.3410306726983106,False
0.17500000000000002,0.40499999999999997,0.30504375,0.34218817820973807,False
0.17500000000000002,0.4125,0.30585937500000004,0.3433740292290655,False
0.17500000000000002,0.42,0.306675,0.34458451633165144,False
0.17500000000000002,0.4275,0.307490625,0.3458164911908974,False
0.17500000000000002,0.435,0.30830625,0.34706727687561045,False
0.17500000000000002,0.4425,0.30912187500000005,0.3483345916198976,False
0.17500000000000002,0.44999999999999996,0.3099375,0.3496164847650531,False
0.17500000000000002,0.45749999999999996,0.310753125,0.35091128329910876,False
0.17500000000000002,0.46499999999999997,0.31156875,0.3522175474136738,False
0.17500000000000002,0.4725,0.31238437500000005,0.35338397125588694,False
0.17500000000000002,0.48,0.3132,0.35359763886808837,False
0.17500000000000002,0.4875,0.314015625,0.35387040317141355,False
0.17500000000000002,0.495,0.31483125,0.3542008709819154,False
0.17500000000000002,0.5025,0.31564687500000005,0.35458741233540664,False
0.17500000000000002,0.51,0.3164625,0.3550281975351066,False
0.17500000000000002,0.5175,0.317278125,0.35552123582553163,False
0.17500000000000002,0.525,0.31809375,0.3560644140380641,False
0.17500000000000002,0.5325,0.31890937500000005,0.3566555337861539,False
0.17500000000000002,0.54,0.319725,0.3572923460833022,False
0.17500000000000002,0.5475,0.320540625,0.35797258257590286,False
0.17500000000000002,0.5549999999999999,0.32135625,0.3586939828928027,False
0.17500000000000002,0.5625,0.32217187500000005,0.359454317890093,False
0.17500000000000002,0.57,0.3229875,0.3602514087987164,False
0.17500000000000002,0.5775,0.323803125,0.36108314245810125,False
0.17500000000000002,0.585,0.32461875,0.361578463830229,False
0.17500000000000002,0.5925,0.32543437500000005,0.36148605903559794,False
0.17500000000000002,0.6,0.32625,0.3614552009924623,False
0.18,0.0,0.2616,0.2855621396628077,True
0.18,0.0075,0.26241749999999997,0.28582338893032494,True
0.18,0.015,0.263235,0.28652260829842263,True
0.18,0.0225,0.26405249999999997,0.28750305207820837,True
0.18,0.03,0.26487,0.2886463029487171,True
0.18,0.0375,0.26568749999999997,0.28988424852307487,True
0.18,0.045,0.266505,0.2911797841356045,True
0.18,0.0525,0.26732249999999996,0.2925121891842024,True
0.18,0.06,0.26814,0.29386933915913793,True
0.18,0.0675,0.26895749999999996,0.2952437862964323,True
0.18,0.075,0.269775,0.2966307480099126,True
0.18,0.08249999999999999,0.27059249999999996,0.29802703135403147,True
0.18,0.09,0.27141,0.2994304316921225,True
0.18,0.0975,0.27222749999999996,0.30083938186249903,True
0.18,0.105,0.273045,0.3022527393989146,True
0.18,0.11249999999999999,0.2738625,0.3036696529250226,True
0.18,0.12,0.27468000000000004,0.3050894756333285,True
0.18,0.1275,0.2754975,0.30651170769636604,True
0.18,0.135,0.27631500000000003,0.30793595698609894,True
0.18,0.1425,0.2771325,0.3093619116885248,True
0.18,0.15,0.27795000000000003,0.3107893208325654,True
0.18,0.1575,0.2787675,0.3122179801986944,True
0.18,0.16499999999999998,0.27958500000000003,0.3136477219561187,True
0.18,0.1725,0.2804025,0.31507840693010714,True
0.18,0.18,0.28122,0.3165099187547261,True
0.18,0.1875,0.2820375,0.3179421593971524,True
0.18,0.195,0.282855,0.31937504569333763,True
0.18,0.20249999999999999,0.2836725,0.32080850663873817,False
0.18,0.21,0.28449,0.3222424812492815,False
0.18,0.2175,0.2853075,0.3236769168575875,False
0.18,0.22499999999999998,0.286125,0.3251117677447098,False
0.18,0.23249999999999998,0.2869425,0.3265469940329064,False
0.18,0.24,0.28776,0.32798256078323096,False
0.18,0.2475,0.2885775,0.32941843725513736,False
0.18,0.255,0.289395,0.33085459629519964,False
0.18,0.2625,0.2902125,0.33229101382945847,False
0.18,0.27,0.29103,0.3337276684394909,False
0.18,0.27749999999999997,0.2918475,0.33336511579056666,False
0.18,0.285,0.292665,0.3330366839800374,False
0.18,0.2925,0.2934825,0.33283627075416494,False
0.18,0.3,0.29429999999999995,0.33276888554252015,False
0.18,0.3075,0.2951175,0.33283627075416494,False
0.18,0.315,0.295935,0.3330366839800374,False
0.18,0.3225,0.2967525,0.33336511579056666,False
0.18,0.32999999999999996,0.29756999999999995,0.3338138826125892,False
0.18,0.33749999999999997,0.2983875,0.33437344160898397,False
0.18,0.345,0.299205,0.33503324773964205,False
0.18,0.3525,0.3000225,0.33578250880201743,False
0.18,0.36,0.30084,0.33661076008497987,False
0.18,0.3675,0.3016575,0.3375082425469745,False
0.18,0.375,0.30247500000000005,0.33846610906559715,False
0.18,0.3825,0.3032925,0.3394765006226739,False
0.18,0.39,0.30411,0.3405325352041228,False
0.18,0.39749999999999996,0.3049275,0.3416282448866058,False
0.18,0.40499999999999997,0.305745,0.3427584869702299,False
0.18,0.4125,0.3065625,0.34391884624414937,False
0.18,0.42,0.30738,0.3451055386861578,False
0.18,0.4275,0.3081975,0.3463153221619832,False
0.18,0.435,0.309015,0.34754541663222127,False
0.18,0.4425,0.3098325,0.34879343453434314,False
0.18,0.44999999999999996,0.31065,0.3500573209835888,False
0.18,0.45749999999999996,0.3114675,0.3513353029292451,False
0.18,0.46499999999999997,0.312285,0.3526258462045782,False
0.18,0.4725,0.3131025,0.35392761938475725,False
0.18,0.48,0.31392,0.3545446737868251,False
0.18,0.4875,0.3147375,0.3548101250680732,False
0.18,0.495,0.315555,0.35513188072995333,False
0.18,0.5025,0.3163725,0.35550843185291403,False
0.18,0.51,0.31718999999999997,0.35593808013372413,False
0.18,0.5175,0.3180075,0.3564189723071471,False
0.18,0.525,0.31882499999999997,0.35694913480633644,False
0.18,0.5325,0.3196425,0.3575265074136772,False
0.18,0.54,0.32045999999999997,0.3581489748882004,False
0.18,0.5475,0.3212775,0.3588143958159807,False
0.18,0.5549999999999999,0.322095,0.3595206281890652,False
0.18,0.5625,0.32291250000000005,0.36026555145580946,False
0.18,0.57,0.32373,0.361047084987569,False
0.18,0.5775,0.32454750000000004,0.36186320306692643,False
0.18,0.585,0.325365,0.36253552049310206,False
0.18,0.5925,0.32618250000000004,0.36244567125704663,False
0.18,0.6,0.327,0.36241566962807725,False
0.185,0.0,0.2622,0.28460167102719275,True
0.185,0.0075,0.26301937499999994,0.28494177485958516,True
0.185,0.015,0.26383875,0.28579518843250984,True
0.185,0.0225,0.26465812499999997,0.2869147934916248,True
0.185,0.03,0.2654775,0.28816328459882234,True
0.185,0.0375,0.266296875,0.28947868796265297,True
0.185,0.045,0.26711625,0.29083207064944044,True
0.185,0.0525,0.26793562499999996,0.29220874093907395,True
0.185,0.06,0.26875499999999997,0.2936006060245477,True
0.185,0.0675,0.269574375,0.2950028900491789,True
0.185,0.075,0.27039375,0.29641261006593106,True
0.185,0.08249999999999999,0.27121312499999994,0.2978278138165339,True
0.185,0.09,0.2720325,0.2992471730050834,True
0.185,0.0975,0.27285187499999997,0.300669753899732,True
0.185,0.105,0.27367125,0.30209488168115717,True
0.185,0.11249999999999999,0.274490625,0.30352205690451106,True
0.185,0.12,0.27531,0.30495090221880056,True
0.185,0.1275,0.27612937499999995,0.3063811273315522,True
0.185,0.135,0.27694875,0.3078125053461316,True
0.185,0.1425,0.277768125,0.30924485639796734,True
0.185,0.15,0.2785875,0.3106780360981011,True
0.185,0.1575,0.279406875,0.3121119272170481,True
0.185,0.16499999999999998,0.28022625,0.3135464335985044,True
0.185,0.1725,0.28104562499999997,0.3149814756365033,True
0.185,0.18,0.28186500000000003,0.3164169868675102,True
0.185,0.1875,0.282684375,0.3178529113699655,True
0.185,0.195,0.28350375,0.31928920175688325,True
0.185,0.20249999999999999,0.28432312499999995,0.3207258176097052,False
0.185,0.21,0.2851425,0.32216272424439235,False
0.185,0.2175,0.285961875,0.3235998917304313,False
0.185,0.22499999999999998,0.28678125,0.32503729410433996,False
0.185,0.23249999999999998,0.287600625,0.3264749087341675,False
0.185,0.24,0.28842,0.32791271580225057,False
0.185,0.2475,0.28923937499999997,0.3293506978813465,False
0.185,0.255,0.29005875000000003,0.3307888395850703,False
0.185,0.2625,0.290878125,0.3322271272778806,False
0.185,0.27,0.2916975,0.3336655488331164,False
0.185,0.27749999999999997,0.292516875,0.33429171374608213,False
0.185,0.285,0.29333624999999997,0.3339816467192657,False
0.185,0.2925,0.294155625,0.33379279136989887,False
0.185,0.3,0.294975,0.3337293541781351,False
0.185,0.3075,0.295794375,0.33379279136989887,False
0.185,0.315,0.29661374999999995,0.3339816467192657,False
0.185,0.3225,0.29743312499999996,0.33429171374608213,False
0.185,0.32999999999999996,0.2982525,0.3347164819436041,False
0.185,0.33749999999999997,0.299071875,0.3352477630551553,False
0.185,0.345,0.29989124999999994,0.3358763704579239,False
0.185,0.3525,0.300710625,0.3365927428485199,False
0.185,0.36,0.30152999999999996,0.33738744501294643,False
0.185,0.3675,0.302349375,0.3382515222643313,False
0.185,0.375,0.30316875,0.33917671745054695,False
0.185,0.3825,0.303988125,0.3401555765474245,False
0.185,0.39,0.3048075,0.34118147357942163,False
0.185,0.39749999999999996,0.305626875,0.34224858288847343,False
0.185,0.40499999999999997,0.30644625,0.34335182089507166,False
0.185,0.4125,0.307265625,0.3444867731923443,False
0.185,0.42,0.30808499999999994,0.3456496174057294,False
0.185,0.4275,0.308904375,0.34683704814325006,False
0.185,0.435,0.30972374999999996,0.34804620748962767,False
0.185,0.4425,0.310543125,0.3492746226179463,False
0.185,0.44999999999999996,0.3113625,0.3505201509365585,False
0.185,0.45749999999999996,0.312181875,0.3517809325267406,False
0.185,0.46499999999999997,0.31300124999999995,0.35305534928436794,False
0.185,0.4725,0.313820625,0.35434199003425143,False
0.185,0.48,0.31464,0.3554924204834473,False
0.185,0.4875,0.315459375,0.355750934203154,False
0.185,0.495,0.31627875,0.3560644140380641,False
0.185,0.5025,0.317098125,0.3564314606789244,False
0.185,0.51,0.31791749999999996,0.35685049532822766,False
0.185,0.5175,0.31873687500000003,0.357319790397214,False
0.185,0.525,0.31955625,0.35783750063440745,False
0.185,0.5325,0.320375625,0.35840169359049506,False
0.185,0.54,0.321195,0.3590103785103967,False
0.185,0.5475,0.322014375,0.35966153295567216,False
0.185,0.5549999999999999,0.32283375,0.3603531266768401,False
0.185,0.5625,0.323653125,0.36108314245810125,False
0.185,0.57,0.3244725,0.3618495938341843,False
0.185,0.5775,0.325291875,0.36265053972378025,False
0.185,0.585,0.32611124999999996,0.3634840961341376,False
0.185,0.5925,0.32693062500000003,0.36340532971256634,False
0.185,0.6,0.32775,0.3633761382636922,False
0.19,0.0,0.2628,0.28364120239157786,True
0.19,0.0075,0.26362125,0.2841214367093853,True
0.19,0.015,0.26444249999999997,0.2851832840345325,True
0.19,0.0225,0.26526374999999996,0.28645002462797625,True
0.19,0.03,0.26608499999999996,0.28779480213974296,True
0.19,0.0375,0.26690624999999996,0.2891755065651303,True
0.19,0.045,0.2677275,0.2905753484062352,True
0.19,0.0525,0.26854874999999995,0.2919865022596313,True
0.19,0.06,0.26937,0.29340487037683827,True
0.19,0.0675,0.27019124999999994,0.29482811105322343,True
0.19,0.075,0.2710125,0.2962547929764567,True
0.19,0.08249999999999999,0.27183375,0.2976839935382333,True
0.19,0.09,0.272655,0.29911509193753705,True
0.19,0.0975,0.27347625,0.3005476554068428,True
0.19,0.105,0.27429749999999997,0.3019813731848147,True
0.19,0.11249999999999999,0.27511874999999997,0.3034160164325289,True
0.19,0.12,0.27593999999999996,0.30485141295178947,True
0.19,0.1275,0.27676124999999996,0.3062874307077738,True
0.19,0.135,0.2775825,0.3077239667799194,True
0.19,0.1425,0.27840374999999995,0.3091609397658446,True
0.19,0.15,0.279225,0.3105982844430093,True
0.19,0.1575,0.28004624999999994,0.31203594794294,True
0.19,0.16499999999999998,0.2808675,0.31347388696101364,True
0.19,0.1725,0.28168875,0.3149120656891632,True
0.19,0.18,0.28251,0.31635045426219355,True
0.19,0.1875,0.28333125,0.3177890275748598,True
0.19,0.195,0.2841525,0.31922776437049794,True
0.19,0.20249999999999999,0.28497374999999997,0.32066664653120563,False
0.19,0.21,0.285795,0.3221056585194471,False
0.19,0.2175,0.28661624999999996,0.32354478693470945,False
0.19,0.22499999999999998,0.2874375,0.3249840201584858,False
0.19,0.23249999999999998,0.28825874999999995,0.3264233480677242,False
0.19,0.24,0.28908,0.3278627618018237,False
0.19,0.2475,0.28990125,0.3293022535718619,False
0.19,0.255,0.2907225,0.3307418165033877,False
0.19,0.2625,0.29154375,0.33218144450608966,False
0.19,0.27,0.292365,0.3336211321651287,False
0.19,0.27749999999999997,0.29318625,0.3350608746500487,False
0.19,0.285,0.2940075,0.33492829525741674,False
0.19,0.2925,0.29482875,0.3347497482462624,False
0.19,0.3,0.29564999999999997,0.33468982281375,False
0.19,0.3075,0.29647124999999996,0.3347497482462624,False
0.19,0.315,0.2972925,0.33492829525741674,False
0.19,0.3225,0.29811374999999996,0.33522189872898084,False
0.19,0.32999999999999996,0.29893499999999995,0.33562499843086624,False
0.19,0.33749999999999997,0.29975625,0.3361305257671724,False
0.19,0.345,0.30057749999999994,0.3367304458081044,False
0.19,0.3525,0.30139875,0.3374162724585368,False
0.19,0.36,0.30221999999999993,0.33817950085778864,False
0.19,0.3675,0.30304125,0.33901193167401716,False
0.19,0.375,0.30386250000000004,0.3399058869227713,False
0.19,0.3825,0.30468375,0.3408543322837154,False
0.19,0.39,0.30550499999999997,0.34185092724565236,False
0.19,0.39749999999999996,0.30632624999999997,0.34289002454692036,False
0.19,0.40499999999999997,0.30714749999999996,0.3439666372303431,False
0.19,0.4125,0.30796875,0.3450763873726813,False
0.19,0.42,0.30878999999999995,0.3462154464411291,False
0.19,0.4275,0.30961125,0.347380473833079,False
0.19,0.435,0.31043249999999994,0.34856855760034233,False
0.19,0.4425,0.31125375,0.34977715956424454,False
0.19,0.44999999999999996,0.31207499999999994,0.35100406583735133,False
0.19,0.45749999999999996,0.31289625,0.35224734302036015,False
0.19,0.46499999999999997,0.3137175,0.3535052999030429,False
0.19,0.4725,0.31453875,0.35477645426225357,False
0.19,0.48,0.31536,0.35605950424352745,False
0.19,0.4875,0.31618124999999997,0.3566927480903062,False
0.19,0.495,0.31700249999999996,0.35699835726750423,False
0.19,0.5025,0.31782375,0.35735635187389864,False
0.19,0.51,0.31864499999999996,0.3577652619970376,False
0.19,0.5175,0.31946625,0.35822347508617625,False
0.19,0.525,0.32028749999999995,0.35872926394827864,False
0.19,0.5325,0.32110875,0.3592808143505799,False
0.19,0.54,0.32193,0.3598762514164534,False
0.19,0.5475,0.32275125,0.3605136641744177,False
0.19,0.5549999999999999,0.3235725,0.36119112780065427,False
0.19,0.5625,0.32439375,0.3619067232684605,False
0.19,0.57,0.325215,0.36265855427277194,False
0.19,0.5775,0.32603625,0.3634447614276317,False
0.19,0.585,0.32685749999999997,0.36426353383642945,False
0.19,0.5925,0.32767875,0.3643650307580158,False
0.19,0.6,0.32849999999999996,0.3643366068993071,False
0.195,0.0,0.26339999999999997,0.2826807337559629,True
0.195,0.0075,0.26422312499999995,0.28345177457744025,True
0.195,0.015,0.26504625,0.28475753363004547,True
0.195,0.0225,0.26586937499999996,0.2861478067632916,True
0.195,0.03,0.26669249999999994,0.2875625677485931,True
0.195,0.0375,0.2675156249999999,0.28898752904840236,True
0.195,0.045,0.26833874999999996,0.2904176785289425,True
0.195,0.0525,0.26916187499999994,0.2918508191525814,True
0.195,0.06,0.269985,0.2932858390360687,True
0.195,0.0675,0.27080812499999996,0.2947221159501337,True
0.195,0.075,0.27163125,0.29615927478167864,True
0.195,0.08249999999999999,0.27245437499999997,0.2975970760406808,True
0.195,0.09,0.27327749999999995,0.29903535969127076,True
0.195,0.0975,0.27410062499999993,0.30047401474542296,True
0.195,0.105,0.27492374999999997,0.3019129618198976,True
0.195,0.11249999999999999,0.27574687499999995,0.3033521426394169,True
0.195,0.12,0.27657,0.30479151346108585,True
0.195,0.1275,0.27739312499999996,0.3062310408118678,True
0.195,0.135,0.27821625,0.3076706986427383,True
0.195,0.1425,0.279039375,0.3091104663791924,True
0.195,0.15,0.27986249999999996,0.310550327555244,True
0.195,0.1575,0.28068562499999994,0.3119902688368988,True
0.195,0.16499999999999998,0.28150875,0.31343027931145173,True
0.195,0.1725,0.28233187499999995,0.31487034996186836,True
0.195,0.18,0.283155,0.31631047327236694,True
0.195,0.1875,0.28397812499999997,0.31775064292852534,True
0.195,0.195,0.28480125,0.3191908535865037,True
0.195,0.20249999999999999,0.28562437499999993,0.32063110069348877,False
0.195,0.21,0.28644749999999997,0.3220713803465719,False
0.195,0.2175,0.28727062499999995,0.3235116891807937,False
0.195,0.22499999999999998,0.28809375,0.3249520242795587,False
0.195,0.23249999999999998,0.28891687499999996,0.3263923831023734,False
0.195,0.24,0.28974,0.3278327634261219,False
0.195,0.2475,0.290563125,0.3292731632970102,False
0.195,0.255,0.29138625,0.33071358099098486,False
0.195,0.2625,0.29220937499999994,0.3321540149809324,False
0.195,0.27,0.2930325,0.33359446390934133,False
0.195,0.27749999999999997,0.29385562499999995,0.33503492656539513,False
0.195,0.285,0.29467874999999993,0.3358763704579239,False
0.195,0.2925,0.29550187499999997,0.33570707296486824,False
0.195,0.3,0.296325,0.3356502914493649,False
0.195,0.3075,0.297148125,0.33570707296486824,False
0.195,0.315,0.29797124999999997,0.3358763704579239,False
0.195,0.3225,0.29879437499999995,0.3361551369977563,False
0.195,0.32999999999999996,0.2996174999999999,0.33653858936252296,False
0.195,0.33749999999999997,0.30044062499999996,0.33702059033814347,False
0.195,0.345,0.30126374999999994,0.3375940840722309,False
0.195,0.3525,0.302086875,0.3382515222643313,False
0.195,0.36,0.30290999999999996,0.33898523550039017,False
0.195,0.3675,0.303733125,0.3397877252822189,False
0.195,0.375,0.30455625,0.34065187123861407,False
0.195,0.3825,0.30537937499999995,0.34157106103617957,False
0.195,0.39,0.3062025,0.3425392572108359,False
0.195,0.39749999999999996,0.30702562499999997,0.3435510169111662,False
0.195,0.40499999999999997,0.30784874999999995,0.34460147928429075,False
0.195,0.4125,0.308671875,0.3456863325732646,False
0.195,0.42,0.30949499999999996,0.34680177002325235,False
0.195,0.4275,0.310318125,0.3479444410019437,False
0.195,0.435,0.3111412499999999,0.34911140156378506,False
0.195,0.4425,0.31196437499999996,0.3503000670574346,False
0.195,0.44999999999999996,0.31278749999999994,0.35150816822341535,False
0.195,0.45749999999999996,0.313610625,0.35273371145417926,False
0.195,0.46499999999999997,0.31443374999999996,0.35397494339339114,False
0.195,0.4725,0.315256875,0.35523031975254105,False
0.195,0.48,0.31607999999999997,0.3564984780572834,False
0.195,0.4875,0.316903125,0.3576354923058096,False
0.195,0.495,0.31772624999999993,0.35793360765886667,False
0.195,0.5025,0.31854937499999997,0.3582829722288793,False
0.195,0.51,0.31937249999999995,0.35868221548299967,False
0.195,0.5175,0.320195625,0.3591298303173522,False
0.195,0.525,0.32101874999999996,0.3596241982720602,False
0.195,0.5325,0.321841875,0.3601636145627373,False
0.195,0.54,0.322665,0.3607463122022254,False
0.195,0.5475,0.323488125,0.3613704846274376,False
0.195,0.5549999999999999,0.32431124999999994,0.36203430639662887,False
0.195,0.5625,0.325134375,0.36273595166969824,False
0.195,0.57,0.32595749999999996,0.3634736103186826,False
0.195,0.5775,0.326780625,0.36424550163117386,False
0.195,0.585,0.32760374999999997,0.3650498856628166,False
0.195,0.5925,0.328426875,0.3653247711222835,False
0.195,0.6,0.32925,0.365297075534922,False
0.2,0.0,0.264,0.281720265120348,True
0.2,0.0075,0.264825,0.2831609680737704,True
0.2,0.015,0.26565,0.28460167102719275,True
0.2,0.0225,0.26647499999999996,0.28604237398061516,True
0.2,0.03,0.26730000000000004,0.2874830769340375,True
0.2,0.0375,0.268125,0.28892377988745993,True
0.2,0.045,0.26895,0.29036448284088234,True
0.2,0.0525,0.269775,0.2918051857943047,True
0.2,0.06,0.2706,0.2932458887477271,True
0.2,0.0675,0.27142499999999997,0.2946865917011495,True
0.2,0.075,0.27225,0.2961272946545719,True
0.2,0.08249999999999999,0.273075,0.2975679976079943,True
0.2,0.09,0.27390000000000003,0.29900870056141665,True
0.2,0.0975,0.274725,0.30044940351483906,True
0.2,0.105,0.27555,0.3018901064682615,True
0.2,0.11249999999999999,0.276375,0.30333080942168383,True
0.2,0.12,0.2772,0.30477151237510625,True
0.2,0.1275,0.278025,0.3062122153285286,True
0.2,0.135,0.27885000000000004,0.307652918281951,True
0.2,0.1425,0.279675,0.30909362123537343,True
0.2,0.15,0.2805,0.3105343241887958,True
0.2,0.1575,0.281325,0.3119750271422182,True
0.2,0.16499999999999998,0.28215,0.31341573009564055,True
0.2,0.1725,0.282975,0.31485643304906297,True
0.2,0.18,0.28380000000000005,0.3162971360024854,True
0.2,0.1875,0.284625,0.31773783895590774,True
0.2,0.195,0.28545000000000004,0.31917854190933015,True
0.2,0.20249999999999999,0.286275,0.3206192448627525,False
0.2,0.21,0.2871,0.3220599478161749,False
0.2,0.2175,0.287925,0.32350065076959733,False
0.2,0.22499999999999998,0.28875,0.3249413537230197,False
0.2,0.23249999999999998,0.289575,0.3263820566764421,False
0.2,0.24,0.29040000000000005,0.3278227596298645,False
0.2,0.2475,0.291225,0.32926346258328687,False
0.2,0.255,0.29205000000000003,0.3307041655367093,False
0.2,0.2625,0.292875,0.3321448684901317,False
0.2,0.27,0.2937,0.33358557144355405,False
0.2,0.27749999999999997,0.29452500000000004,0.33502627439697646,False
0.2,0.285,0.29535,0.3364669773503988,False
0.2,0.2925,0.296175,0.3366647106840936,False
0.2,0.3,0.29700000000000004,0.33661076008497987,False
0.2,0.3075,0.297825,0.3366647106840936,False
0.2,0.315,0.29864999999999997,0.33682566342096687,False
0.2,0.3225,0.299475,0.33709099440278734,False
0.2,0.32999999999999996,0.3003,0.3374565612687112,False
0.2,0.33749999999999997,0.30112500000000003,0.3379170064225662,False
0.2,0.345,0.30195,0.33846610906559715,False
0.2,0.3525,0.302775,0.33909713868486224,False
0.2,0.36,0.3036,0.33980317301579466,False
0.2,0.3675,0.304425,0.3405773582261321,False
0.2,0.375,0.30524999999999997,0.3414131032630545,False
0.2,0.3825,0.30607500000000004,0.3423042110077633,False
0.2,0.39,0.30690000000000006,0.34324495523781945,False
0.2,0.39749999999999996,0.307725,0.3442301149794837,False
0.2,0.40499999999999997,0.30855,0.3452549778055142,False
0.2,0.4125,0.309375,0.3463153221619832,False
0.2,0.42,0.3102,0.3474073867728013,False
0.2,0.4275,0.311025,0.34852783312223645,False
0.2,0.435,0.31185,0.34967370523180014,False
0.2,0.4425,0.31267500000000004,0.3508423895257269,False
0.2,0.44999999999999996,0.3135,0.3520315765145269,False
0.2,0.45749999999999996,0.314325,0.35323922526784457,False
0.2,0.46499999999999997,0.31515,0.35446353113150886,False
0.2,0.4725,0.315975,0.35570289680768924,False
0.2,0.48,0.3168,0.3569559067099201,False
0.2,0.4875,0.31762500000000005,0.3582213043863157,False
0.2,0.495,0.31845,0.3588700720775663,False
0.2,0.5025,0.31927500000000003,0.3592112007273562,False
0.2,0.51,0.3201,0.3596012058094141,False
0.2,0.5175,0.320925,0.3600386770092557,False
0.2,0.525,0.32175,0.36052209611712405,False
0.2,0.5325,0.32257500000000006,0.36104985974983095,False
0.2,0.54,0.3234,0.361620301403186,False
0.2,0.5475,0.32422500000000004,0.36223171230221857,False
0.2,0.5549999999999999,0.32505,0.3628823606417161,False
0.2,0.5625,0.325875,0.36357050893475606,False
0.2,0.57,0.3267,0.364294429303581,False
0.2,0.5775,0.327525,0.3650524166496048,False
0.2,0.585,0.32835000000000003,0.3658427997242558,False
0.2,0.5925,0.32917500000000005,0.366284547860764,False
0.2,0.6,0.33,0.36625754417053696,False
0.20500000000000002,0.0,0.2646,0.2826807337559629,True
0.20500000000000002,0.0075,0.26542687499999995,0.28345177457744025,True
0.20500000000000002,0.015,0.26625375,0.28475753363004547,True
0.20500000000000002,0.0225,0.26708062499999996,0.2861478067632916,True
0.20500000000000002,0.03,0.2679075,0.2875625677485931,True
0.20500000000000002,0.0375,0.26873437499999997,0.28898752904840236,True
0.20500000000000002,0.045,0.26956125000000003,0.2904176785289425,True
0.20500000000000002,0.0525,0.270388125,0.2918508191525814,True
0.20500000000000002,0.06,0.271215,0.2932858390360687,True
0.20500000000000002,0.0675,0.272041875,0.2947221159501337,True
0.20500000000000002,0.075,0.27286875,0.29615927478167864,True
0.20500000000000002,0.08249999999999999,0.273695625,0.2975970760406808,True
0.20500000000000002,0.09,0.2745225,0.29903535969127076,True
0.20500000000000002,0.0975,0.275349375,0.30047401474542296,True
0.20500000000000002,0.105,0.27617625,0.3019129618198976,True
0.20500000000000002,0.11249999999999999,0.27700312499999996,0.3033521426394169,True
0.20500000000000002,0.12,0.27783,0.30479151346108585,True
0.20500000000000002,0.1275,0.27865687499999997,0.3062310408118678,True
0.20500000000000002,0.135,0.27948375000000003,0.3076706986427383,True
0.20500000000000002,0.1425,0.280310625,0.3091104663791924,True
0.20500000000000002,0.15,0.28113750000000004,0.310550327555244,True
0.20500000000000002,0.1575,0.281964375,0.3119902688368988,True
0.20500000000000002,0.16499999999999998,0.28279125,0.31343027931145173,True
0.20500000000000002,0.1725,0.283618125,0.31487034996186836,True
0.20500000000000002,0.18,0.284445,0.31631047327236694,True
0.20500000000000002,0.1875,0.285271875,0.31775064292852534,True
0.20500000000000002,0.195,0.28609875,0.3191908535865037,True
0.20500000000000002,0.20249999999999999,0.286925625,0.32063110069348877,False
0.20500000000000002,0.21,0.2877525,0.3220713803465719,False
0.20500000000000002,0.2175,0.28857937499999997,0.3235116891807937,False
0.20500000000000002,0.22499999999999998,0.28940625000000003,0.3249520242795587,False
0.20500000000000002,0.23249999999999998,0.290233125,0.3263923831023734,False
0.20500000000000002,0.24,0.29106000000000004,0.3278327634261219,False
0.20500000000000002,0.2475,0.291886875,0.3292731632970102,False
0.20500000000000002,0.255,0.29271375000000005,0.33071358099098486,False
0.20500000000000002,0.2625,0.293540625,0.3321540149809324,False
0.20500000000000002,0.27,0.2943675,0.33359446390934133,False
0.20500000000000002,0.27749999999999997,0.295194375,0.33503492656539513,False
0.20500000000000002,0.285,0.29602125,0.3364754018656799,False
0.20500000000000002,0.2925,0.296848125,0.3376226169347035,False
0.20500000000000002,0.3,0.29767499999999997,0.3375712287205948,False
0.20500000000000002,0.3075,0.298501875,0.3376226169347035,False
0.20500000000000002,0.315,0.29932875000000003,0.3377760039334905,False
0.20500000000000002,0.3225,0.300155625,0.33802911446511685,False
0.20500000000000002,0.32999999999999996,0.3009825,0.3383783390101333,False
0.20500000000000002,0.33749999999999997,0.301809375,0.3388189765227234,False
0.20500000000000002,0.345,0.30263625,0.33934552098510723,False
0.20500000000000002,0.3525,0.303463125,0.3399519555473416,False
0.20500000000000002,0.36,0.30429,0.3406320244711339,False
0.20500000000000002,0.3675,0.305116875,0.34137946329632457,False
0.20500000000000002,0.375,0.30594375,0.34218817820973807,False
0.20500000000000002,0.3825,0.306770625,0.34305237419580376,False
0.20500000000000002,0.39,0.30759749999999997,0.3439666372303431,False
0.20500000000000002,0.39749999999999996,0.30842437500000003,0.34492597865030067,False
0.20500000000000002,0.40499999999999997,0.30925125,0.34592585055781416,False
0.20500000000000002,0.4125,0.31007812500000004,0.34696214049231616,False
0.20500000000000002,0.42,0.310905,0.34803115230811627,False
0.20500000000000002,0.4275,0.311731875,0.34912957870152955,False
0.20500000000000002,0.435,0.31255875,0.3502544694198805,False
0.20500000000000002,0.4425,0.313385625,0.3514031979862354,False
0.20500000000000002,0.44999999999999996,0.3142125,0.3525734288260857,False
0.20500000000000002,0.45749999999999996,0.315039375,0.3537630859716192,False
0.20500000000000002,0.46499999999999997,0.31586625,0.3549703240092166,False
0.20500000000000002,0.4725,0.316693125,0.3561935015842063,False
0.20500000000000002,0.48,0.31751999999999997,0.35743115754439225,False
0.20500000000000002,0.4875,0.31834687500000003,0.35868198965753173,False
0.20500000000000002,0.495,0.31917375,0.3598076659267114,False
0.20500000000000002,0.5025,0.32000062500000004,0.3601409272054873,False
0.20500000000000002,0.51,0.3208275,0.36052209611712405,False
0.20500000000000002,0.5175,0.32165437500000005,0.3609498513119339,False
0.20500000000000002,0.525,0.32248125,0.36142276710816484,False
0.20500000000000002,0.5325,0.323308125,0.3619393341384119,False
0.20500000000000002,0.54,0.324135,0.3624979795206588,False
0.20500000000000002,0.5475,0.324961875,0.36309708607023683,False
0.20500000000000002,0.5549999999999999,0.32578875,0.3637350101733172,False
0.20500000000000002,0.5625,0.326615625,0.36441009804877067,False
0.20500000000000002,0.57,0.32744249999999997,0.36512070022615445,False
0.20500000000000002,0.5775,0.32826937500000003,0.36586518415801106,False
0.20500000000000002,0.585,0.32909625,0.3666419449613474,False
0.20500000000000002,0.5925,0.32992312500000004,0.36724435831562496,False
0.20500000000000002,0.6,0.33075,0.36721801280615185,False
0.21,0.0,0.2652,0.2836412023915778,True
0.21,0.0075,0.26602875,0.2841214367093853,True
0.21,0.015,0.26685749999999997,0.2851832840345325,True
0.21,0.0225,0.26768624999999996,0.28645002462797625,True
0.21,0.03,0.268515,0.28779480213974296,True
0.21,0.0375,0.26934375,0.2891755065651303,True
0.21,0.045,0.2701725,0.2905753484062352,True
0.21,0.0525,0.27100124999999997,0.2919865022596313,True
0.21,0.06,0.27183,0.29340487037683827,True
0.21,0.0675,0.27265874999999995,0.29482811105322343,True
0.21,0.075,0.2734875,0.2962547929764567,True
0.21,0.08249999999999999,0.27431625,0.2976839935382333,True
0.21,0.09,0.275145,0.29911509193753705,True
0.21,0.0975,0.27597374999999996,0.3005476554068428,True
0.21,0.105,0.2768025,0.3019813731848147,True
0.21,0.11249999999999999,0.27763125,0.3034160164325289,True
0.21,0.12,0.27846,0.30485141295178947,True
0.21,0.1275,0.27928875,0.3062874307077738,True
0.21,0.135,0.2801175,0.3077239667799194,True
0.21,0.1425,0.28094624999999995,0.3091609397658446,True
0.21,0.15,0.281775,0.3105982844430093,True
0.21,0.1575,0.28260375,0.31203594794294,True
0.21,0.16499999999999998,0.28343250000000003,0.31347388696101364,True
0.21,0.1725,0.28426124999999997,0.3149120656891632,True
0.21,0.18,0.28509,0.31635045426219355,True
0.21,0.1875,0.28591875,0.3177890275748598,True
0.21,0.195,0.2867475,0.31922776437049794,True
0.21,0.20249999999999999,0.28757625,0.32066664653120563,False
0.21,0.21,0.288405,0.3221056585194471,False
0.21,0.2175,0.28923374999999996,0.32354478693470945,False
0.21,0.22499999999999998,0.2900625,0.3249840201584858,False
0.21,0.23249999999999998,0.29089125,0.3264233480677242,False
0.21,0.24,0.29172000000000003,0.3278627618018237,False
0.21,0.2475,0.29254874999999997,0.3293022535718619,False
0.21,0.255,0.2933775,0.3307418165033877,False
0.21,0.2625,0.29420625,0.33218144450608966,False
0.21,0.27,0.295035,0.3336211321651287,False
0.21,0.27749999999999997,0.29586375,0.3350608746500487,False
0.21,0.285,0.29669249999999997,0.3365006676380367,False
0.21,0.2925,0.29752125,0.33794050724896213,False
0.21,0.3,0.29835,0.3385316973562097,False
0.21,0.3075,0.29917875,0.3385807552810963,False
0.21,0.315,0.3000075,0.3387272519507002,False
0.21,0.3225,0.30083624999999997,0.338969201935126,False
0.21,0.32999999999999996,0.30166499999999996,0.3393034420708141,False
0.21,0.33749999999999997,0.30249375,0.33972582745524554,False
0.21,0.345,0.30332249999999994,0.34023146621617195,False
0.21,0.3525,0.30415125,0.3408149651642107,False
0.21,0.36,0.30498,0.34147066239292234,False
0.21,0.3675,0.30580875,0.3421928299486994,False
0.21,0.375,0.30663749999999995,0.34297583751339794,False
0.21,0.3825,0.30746625,0.3438142748520918,False
0.21,0.39,0.30829500000000004,0.3447030356745696,False
0.21,0.39749999999999996,0.30912375,0.34563736840752407,False
0.21,0.40499999999999997,0.30995249999999996,0.346612900513907,False
0.21,0.4125,0.31078125,0.34762564294664045,False
0.21,0.42,0.31161,0.34867198058739346,False
0.21,0.4275,0.31243875,0.3497486534859095,False
0.21,0.435,0.3132675,0.35085273263710975,False
0.21,0.4425,0.31409625,0.351981593054545,False
0.21,0.44999999999999996,0.31492499999999995,0.3531328860818035,False
0.21,0.45749999999999996,0.31575375,0.35430451224036696,False
0.21,0.46499999999999997,0.3165825,0.3554945954287114,False
0.21,0.4725,0.31741125000000003,0.35670145893750166,False
0.21,0.48,0.31823999999999997,0.35792360350161484,False
0.21,0.4875,0.31906875,0.3591596874458404,False
0.21,0.495,0.3198975,0.36040850887598586,False
0.21,0.5025,0.32072625,0.36107205118205316,False
0.21,0.51,0.321555,0.3614447612922583,False
0.21,0.5175,0.32238375,0.36186320306692643,False
0.21,0.525,0.32321249999999996,0.3623260363174384,False
0.21,0.5325,0.32404125,0.3628318389130378,False
0.21,0.54,0.32487,0.36337912524220606,False
0.21,0.5475,0.32569875000000004,0.36396636391666926,False
0.21,0.5549999999999999,0.32652749999999997,0.3645919943666748,False
0.21,0.5625,0.32735625,0.36525444206624624,False
0.21,0.57,0.328185,0.3659521322142594,False
0.21,0.5775,0.32901375,0.3666835017767369,False
0.21,0.585,0.3298425,0.36744700986464074,False
0.21,0.5925,0.33067125,0.3682042000817373,False
0.21,0.6,0.3315,0.3681784814417668,False
0.215,0.0,0.2658,0.28460167102719275,True
0.215,0.0075,0.26663062499999995,0.28494177485958516,True
0.215,0.015,0.26746125,0.28579518843250984,True
0.215,0.0225,0.26829187499999996,0.2869147934916248,True
0.215,0.03,0.2691225,0.28816328459882234,True
0.215,0.0375,0.26995312499999996,0.28947868796265297,True
0.215,0.045,0.27078375,0.29083207064944044,True
0.215,0.0525,0.27161437499999996,0.29220874093907395,True
0.215,0.06,0.272445,0.29360060602454763,True
0.215,0.0675,0.27327562499999997,0.2950028900491789,True
0.215,0.075,0.27410625,0.29641261006593106,True
0.215,0.08249999999999999,0.27493687499999997,0.2978278138165339,True
0.215,0.09,0.2757675,0.29924717300508336,True
0.215,0.0975,0.276598125,0.300669753899732,True
0.215,0.105,0.27742875,0.30209488168115717,True
0.215,0.11249999999999999,0.278259375,0.30352205690451106,True
0.215,0.12,0.27909,0.30495090221880056,True
0.215,0.1275,0.279920625,0.3063811273315522,True
0.215,0.135,0.28075125,0.3078125053461316,True
0.215,0.1425,0.281581875,0.30924485639796734,True
0.215,0.15,0.2824125,0.3106780360981011,True
0.215,0.1575,0.283243125,0.3121119272170481,True
0.215,0.16499999999999998,0.28407375,0.3135464335985044,True
0.215,0.1725,0.284904375,0.3149814756365033,True
0.215,0.18,0.285735,0.3164169868675102,True
0.215,0.1875,0.286565625,0.3178529113699655,True
0.215,0.195,0.28739625,0.31928920175688325,True
0.215,0.20249999999999999,0.288226875,0.3207258176097052,False
0.215,0.21,0.2890575,0.32216272424439235,False
0.215,0.2175,0.289888125,0.3235998917304313,False
0.215,0.22499999999999998,0.29071875,0.32503729410433996,False
0.215,0.23249999999999998,0.291549375,0.3264749087341675,False
0.215,0.24,0.29238000000000003,0.32791271580225057,False
0.215,0.2475,0.293210625,0.3293506978813465,False
0.215,0.255,0.29404125,0.3307888395850703,False
0.215,0.2625,0.29487187499999995,0.3322271272778806,False
0.215,0.27,0.2957025,0.3336655488331164,False
0.215,0.27749999999999997,0.29653312499999995,0.33510409343005243,False
0.215,0.285,0.29736375,0.33654275138282974,False
0.215,0.2925,0.29819437499999996,0.3379815139955729,False
0.215,0.3,0.29902499999999993,0.3394203734391371,False
0.215,0.3075,0.29985562499999996,0.3395390955873995,False
0.215,0.315,0.30068625,0.33967929122380697,False
0.215,0.3225,0.30151687499999996,0.33991101031488097,False
0.215,0.32999999999999996,0.30234749999999994,0.34023146621617195,False
0.215,0.33749999999999997,0.30317812499999997,0.34063698775227125,False
0.215,0.345,0.30400874999999994,0.3411232127661876,False
0.215,0.3525,0.30483937499999997,0.3416852940806227,False
0.215,0.36,0.30566999999999994,0.34231809863239615,False
0.215,0.3675,0.30650062499999997,0.34301638542069995,False
0.215,0.375,0.30733125,0.3437749536844261,False
0.215,0.3825,0.308161875,0.344588758062029,False
0.215,0.39,0.30899249999999995,0.34545299160488163,False
0.215,0.39749999999999996,0.309823125,0.3463631401683945,False
0.215,0.40499999999999997,0.31065374999999995,0.34731501303056506,False
0.215,0.4125,0.311484375,0.348304754907628,False
0.215,0.42,0.31231499999999995,0.349328844208452,False
0.215,0.4275,0.313145625,0.35038408169864566,False
0.215,0.435,0.31397624999999996,0.35146757295310693,False
0.215,0.4425,0.314806875,0.3525767072006516,False
0.215,0.44999999999999996,0.31563749999999996,0.35370913447987595,False
0.215,0.45749999999999996,0.316468125,0.35486274246029126,False
0.215,0.46499999999999997,0.31729874999999996,0.3560356338387378,False
0.215,0.4725,0.318129375,0.35722610488580375,False
0.215,0.48,0.31895999999999997,0.3584326254724511,False
0.215,0.4875,0.319790625,0.35965382073456,False
0.215,0.495,0.32062124999999997,0.360888454415654,False
0.215,0.5025,0.321451875,0.3620044808340468,False
0.215,0.51,0.32228249999999997,0.36236908675875634,False
0.215,0.5175,0.323113125,0.36277859444466126,False
0.215,0.525,0.32394375,0.3632317427820684,False
0.215,0.5325,0.324774375,0.363727190652418,False
0.215,0.54,0.325605,0.36426353383642945,False
0.215,0.5475,0.326435625,0.36483932133200253,False
0.215,0.5549999999999999,0.32726625,0.36545307075782185,False
0.215,0.5625,0.328096875,0.366103282594928,False
0.215,0.57,0.3289275,0.36678845309363695,False
0.215,0.5775,0.329758125,0.36750708574298885,False
0.215,0.585,0.33058875,0.3682577012615094,False
0.215,0.5925,0.331419375,0.369038846119799,False
0.215,0.6,0.33225,0.36913895007738173,False
0.22,0.0,0.26639999999999997,0.2855621396628077,True
0.22,0.0075,0.26723249999999993,0.28582338893032494,True
0.22,0.015,0.268065,0.28652260829842263,True
0.22,0.0225,0.26889749999999996,0.28750305207820837,True
0.22,0.03,0.26972999999999997,0.28864630294871707,True
0.22,0.0375,0.27056249999999993,0.28988424852307487,True
0.22,0.045,0.271395,0.2911797841356045,True
0.22,0.0525,0.27222749999999996,0.2925121891842024,True
0.22,0.06,0.27305999999999997,0.29386933915913793,True
0.22,0.0675,0.2738924999999999,0.2952437862964323,True
0.22,0.075,0.274725,0.2966307480099126,True
0.22,0.08249999999999999,0.27555749999999996,0.29802703135403147,True
0.22,0.09,0.27638999999999997,0.2994304316921225,True
0.22,0.0975,0.2772224999999999,0.30083938186249903,True
0.22,0.105,0.278055,0.3022527393989146,True
0.22,0.11249999999999999,0.27888749999999995,0.3036696529250226,True
0.22,0.12,0.27971999999999997,0.3050894756333285,True
0.22,0.1275,0.2805524999999999,0.30651170769636604,True
0.22,0.135,0.281385,0.30793595698609894,True
0.22,0.1425,0.28221749999999995,0.3093619116885248,True
0.22,0.15,0.28304999999999997,0.3107893208325654,True
0.22,0.1575,0.2838825,0.3122179801986944,True
0.22,0.16499999999999998,0.284715,0.3136477219561187,True
0.22,0.1725,0.28554749999999995,0.31507840693010714,True
0.22,0.18,0.28637999999999997,0.3165099187547261,True
0.22,0.1875,0.2872125,0.3179421593971524,True
0.22,0.195,0.288045,0.31937504569333763,True
0.22,0.20249999999999999,0.28887749999999995,0.32080850663873817,False
0.22,0.21,0.28970999999999997,0.3222424812492815,False
0.22,0.2175,0.2905425,0.3236769168575875,False
0.22,0.22499999999999998,0.291375,0.3251117677447098,False
0.22,0.23249999999999998,0.29220749999999995,0.3265469940329064,False
0.22,0.24,0.29303999999999997,0.32798256078323096,False
0.22,0.2475,0.2938725,0.32941843725513736,False
0.22,0.255,0.294705,0.33085459629519964,False
0.22,0.2625,0.29553749999999995,0.33229101382945847,False
0.22,0.27,0.29637,0.3337276684394909,False
0.22,0.27749999999999997,0.2972025,0.3351645410065456,False
0.22,0.285,0.29803499999999994,0.3366016144113412,False
0.22,0.2925,0.29886749999999995,0.3380388732796411,False
0.22,0.3,0.2997,0.3394763037656706,False
0.22,0.3075,0.3005325,0.3404976127136326,False
0.22,0.315,0.30136499999999994,0.3406320244711339,False
0.22,0.3225,0.30219749999999995,0.3408543322837154,False
0.22,0.32999999999999996,0.30302999999999997,0.34116206918108066,False
0.22,0.33749999999999997,0.3038625,0.341551969663798,False
0.22,0.345,0.30469499999999994,0.3420201302325432,False
0.22,0.3525,0.30552749999999995,0.34256218276948863,False
0.22,0.36,0.30635999999999997,0.34317346528657877,False
0.22,0.3675,0.3071925,0.34384917792312236,False
0.22,0.375,0.30802499999999994,0.34458451633165144,False
0.22,0.3825,0.30885749999999995,0.34537477874734307,False
0.22,0.39,0.30969,0.3462154464411291,False
0.22,0.39749999999999996,0.3105225,0.3471022396331805,False
0.22,0.40499999999999997,0.31135499999999994,0.34803115230811627,False
0.22,0.4125,0.31218749999999995,0.3489984699120551,False
0.22,0.42,0.31301999999999996,0.350000773869976,False
0.22,0.4275,0.3138525,0.351034936471758,False
0.22,0.435,0.31468499999999994,0.3520981091198435,False
0.22,0.4425,0.3155175,0.3531877063367771,False
0.22,0.44999999999999996,0.31634999999999996,0.3543013873726813,False
0.22,0.45749999999999996,0.3171825,0.35543703676900423,False
0.22,0.46499999999999997,0.31801499999999994,0.3565927448383267,False
0.22,0.4725,0.3188475,0.3577667887084788,False
0.22,0.48,0.31967999999999996,0.358957614342896,False
0.22,0.4875,0.3205125,0.3601638197754341,False
0.22,0.495,0.32134499999999994,0.3613841396740096,False
0.22,0.5025,0.3221775,0.3626174312619912,False
0.22,0.51,0.32300999999999996,0.36329496741361983,False
0.22,0.5175,0.3238425,0.36369589873671115,False
0.22,0.525,0.32467499999999994,0.36413973818248274,False
0.22,0.5325,0.3255075,0.36462521992710106,False
0.22,0.54,0.32633999999999996,0.3651510157043356,False
0.22,0.5475,0.3271725,0.3657157498506512,False
0.22,0.5549999999999999,0.328005,0.3663180136004131,False
0.22,0.5625,0.3288375,0.36695637839794215,False
0.22,0.57,0.32966999999999996,0.3676294080578364,False
0.22,0.5775,0.3305025,0.3683356696660852,False
0.22,0.585,0.331335,0.36907374316939034,False
0.22,0.5925,0.3321675,0.36984222964713215,False
0.22,0.6,0.33299999999999996,0.3700994187129967,False
0.225,0.0,0.267,0.28652260829842263,True
0.225,0.0075,0.267834375,0.28673405859435547,True
0.225,0.015,0.26866875,0.2873207115311263,True
0.225,0.0225,0.269503125,0.2881811570866325,True
0.225,0.03,0.2703375,0.289221764970378,True
0.225,0.0375,0.271171875,0.2903778124058094,True
0.225,0.045,0.27200625,0.2916088949546577,True
0.225,0.0525,0.272840625,0.29289023042915713,True
0.225,0.06,0.273675,0.29420635738334205,True
0.225,0.0675,0.274509375,0.2955473445299702,True
0.225,0.075,0.27534375,0.2969066076688354,True
0.225,0.08249999999999999,0.276178125,0.2982796469022866,True
0.225,0.09,0.27701250000000005,0.29966329998070534,True
0.225,0.0975,0.277846875,0.30105528839418966,True
0.225,0.105,0.27868125000000005,0.3024539333920263,True
0.225,0.11249999999999999,0.279515625,0.30385797333506614,True
0.225,0.12,0.28035000000000004,0.3052664431541606,True
0.225,0.1275,0.281184375,0.3066785928888504,True
0.225,0.135,0.28201875000000004,0.3080938314320928,True
0.225,0.1425,0.282853125,0.3095116869083746,True
0.225,0.15,0.28368750000000004,0.31093177826157364,True
0.225,0.1575,0.284521875,0.3123537945448201,True
0.225,0.16499999999999998,0.28535625000000003,0.3137774795969677,True
0.225,0.1725,0.286190625,0.3152026205482446,True
0.225,0.18,0.28702500000000003,0.3166290390890797,True
0.225,0.1875,0.28785937500000003,0.31805658476061976,True
0.225,0.195,0.28869375,0.3194851297434338,True
0.225,0.20249999999999999,0.289528125,0.32091456476965924,False
0.225,0.21,0.2903625,0.3223447958868688,False
0.225,0.2175,0.291196875,0.3237757418742739,False
0.225,0.22499999999999998,0.29203125,0.32520733216332065,False
0.225,0.23249999999999998,0.292865625,0.3266395051517644,False
0.225,0.24,0.2937,0.3280722068272495,False
0.225,0.2475,0.294534375,0.32950538963624726,False
0.225,0.255,0.29536875,0.33093901154891925,False
0.225,0.2625,0.296203125,0.33237303528151485,False
0.225,0.27,0.29703750000000007,0.3338074276462526,False
0.225,0.27749999999999997,0.297871875,0.33524215900500043,False
0.225,0.285,0.29870625,0.3366772028079594,False
0.225,0.2925,0.299540625,0.33811253520233703,False
0.225,0.3,0.30037500000000006,0.3395481346989517,False
0.225,0.3075,0.301209375,0.3409839818870173,False
0.225,0.315,0.30204375,0.3415853696750235,False
0.225,0.3225,0.302878125,0.3417989922756221,False
0.225,0.32999999999999996,0.3037125,0.3420949594107644,False
0.225,0.33749999999999997,0.304546875,0.3424703547427187,False
0.225,0.345,0.30538125,0.3429216734212349,False
0.225,0.3525,0.306215625,0.3434449686356336,False
0.225,0.36,0.30705,0.3440359983140861,False
0.225,0.3675,0.30788437500000004,0.34469036179459756,False
0.225,0.375,0.30871875,0.345403619426573,False
0.225,0.3825,0.30955312500000004,0.3461713912830043,False
0.225,0.39,0.31038750000000004,0.34698943394557963,False
0.225,0.39749999999999996,0.31122187500000004,0.347853696398435,False
0.225,0.40499999999999997,0.31205625,0.3487603573812769,False
0.225,0.4125,0.31289062500000003,0.34970584720410397,False
0.225,0.42,0.313725,0.3506868571755848,False
0.225,0.4275,0.31455937500000003,0.3517003396161537,False
0.225,0.435,0.31539375,0.3527435010615936,False
0.225,0.4425,0.316228125,0.3538137908226048,False
0.225,0.44999999999999996,0.3170625,0.35490888662283127,False
0.225,0.45749999999999996,0.317896875,0.35602667863371906,False
0.225,0.46499999999999997,0.31873125,0.35716525287894213,False
0.225,0.4725,0.319565625,0.3583228746990237,False
0.225,0.48,0.3204,0.3594979727448941,False
0.225,0.4875,0.321234375,0.3606891237999883,False
0.225,0.495,0.32206875,0.3618950386051886,False
0.225,0.5025,0.322903125,0.3631145487706857,False
0.225,0.51,0.3237375,0.3642223066860482,False
0.225,0.5175,0.324571875,0.3646149992834216,False
0.225,0.525,0.32540625,0.3650498856628166,False
0.225,0.5325,0.32624062500000006,0.3655257700407306,False
0.225,0.54,0.327075,0.3660413950711843,False
0.225,0.5475,0.32790937500000006,0.36659545572288615,False
0.225,0.5549999999999999,0.32874375,0.36718661254540425,False
0.225,0.5625,0.32957812500000006,0.36781350410591196,False
0.225,0.57,0.3304125,0.3684747584337156,False
0.225,0.5775,0.33124687500000005,0.3691690033631701,False
0.225,0.585,0.33208125,0.36989487571435936,False
0.225,0.5925,0.33291562500000005,0.3706510292934554,False
0.225,0.6,0.33375,0.37105988734861156,False
0.23,0.0,0.2676,0.2874830769340375,True
0.23,0.0075,0.26843625,0.2876604355724478,True
0.23,0.015,0.2692725,0.28816328459882234,True
0.23,0.0225,0.27010874999999995,0.28892377988745993,True
0.23,0.03,0.270945,0.28987011174467164,True
0.23,0.0375,0.27178125,0.29094526512034796,True
0.23,0.045,0.2726175,0.29210932186290167,True
0.23,0.0525,0.27345375,0.29333558366957424,True
0.23,0.06,0.27429000000000003,0.2946063040772967,True
0.23,0.0675,0.27512624999999996,0.2959095436432328,True
0.23,0.075,0.2759625,0.29723711080495796,True
0.23,0.08249999999999999,0.27679875,0.2985832608506445,True
0.23,0.09,0.277635,0.2999438761785329,True
0.23,0.0975,0.27847125,0.3013159438531707,True
0.23,0.105,0.2793075,0.3026972167578,True
0.23,0.11249999999999999,0.28014374999999997,0.30408598945469495,True
0.23,0.12,0.28098,0.30548094692874733,True
0.23,0.1275,0.28181625,0.3068810605171553,True
0.23,0.135,0.28265250000000003,0.30828551497800977,True
0.23,0.1425,0.28348875,0.30969365649500974,True
0.23,0.15,0.284325,0.3111049550115141,True
0.23,0.1575,0.28516125,0.31251897653819793,True
0.23,0.16499999999999998,0.2859975,0.31393536251271975,True
0.23,0.1725,0.28683375,0.31535381421942466,True
0.23,0.18,0.28767000000000004,0.3167740808898188,True
0.23,0.1875,0.28850625,0.318195950514868,True
0.23,0.195,0.2893425,0.31961924267911596,True
0.23,0.20249999999999999,0.29017875,0.3210438029189744,False
0.23,0.21,0.291015,0.32246949824196636,False
0.23,0.2175,0.29185125,0.3238962135388483,False
0.23,0.22499999999999998,0.29268750000000004,0.3253238486886741,False
0.23,0.23249999999999998,0.29352374999999997,0.3267523162062135,False
0.23,0.24,0.29436,0.3281815393172531,False
0.23,0.2475,0.29519625,0.329611450374004,False
0.23,0.255,0.29603250000000003,0.33104198954275643,False
0.23,0.2625,0.29686875,0.33247310371091354,False
0.23,0.27,0.29770500000000005,0.3339047455719152,False
0.23,0.27749999999999997,0.29854125,0.3353368728552653,False
0.23,0.285,0.2993775,0.3367694476755867,False
0.23,0.2925,0.30021375,0.33820243597983246,False
0.23,0.3,0.30105,0.33963580707585417,False
0.23,0.3075,0.30188625,0.34106953322872485,False
0.23,0.315,0.3027225,0.34250358931374825,False
0.23,0.3225,0.30355875,0.3427448406693416,False
0.23,0.32999999999999996,0.30439499999999997,0.34302988713368954,False
0.23,0.33749999999999997,0.30523125,0.3433917822330908,False
0.23,0.345,0.3060675,0.34382736890601323,False
0.23,0.3525,0.30690375000000003,0.34433307177971384,False
0.23,0.36,0.30773999999999996,0.3449050234959287,False
0.23,0.3675,0.30857625,0.34553918446129506,False
0.23,0.375,0.30941250000000003,0.3462314498075773,False
0.23,0.3825,0.31024875,0.34697773983541746,False
0.23,0.39,0.311085,0.3477740724696562,False
0.23,0.39749999999999996,0.31192125000000004,0.34861661803016647,False
0.23,0.40499999999999997,0.31275749999999997,0.3495017378380578,False
0.23,0.4125,0.31359375,0.3504260088693768,False
0.23,0.42,0.31443,0.3513862369383334,False
0.23,0.4275,0.31526625,0.3523794608616544,False
0.23,0.435,0.3161025,0.35340294983877435,False
0.23,0.4425,0.31693875,0.354454195970681,False
0.23,0.44999999999999996,0.317775,0.35553090349864336,False
0.23,0.45749999999999996,0.31861125,0.35663097601441957,False
0.23,0.46499999999999997,0.3194475,0.35775250259890523,False
0.23,0.4725,0.32028375000000003,0.3588937435964486,False
0.23,0.48,0.32112,0.3600531165287191,False
0.23,0.4875,0.32195625,0.3612291824917607,False
0.23,0.495,0.3227925,0.36242063325708057,False
0.23,0.5025,0.32362875,0.36362627920597823,False
0.23,0.51,0.324465,0.36484503815969394,False
0.23,0.5175,0.32530125000000004,0.36553578852007085,False
0.23,0.525,0.32613749999999997,0.36596205877653415,False
0.23,0.5325,0.32697375,0.36642869589896104,False
0.23,0.54,0.32781,0.36693450880436684,False
0.23,0.5475,0.32864625000000003,0.3674782587075355,False
0.23,0.5549999999999999,0.3294825,0.368058671433237,False
0.23,0.5625,0.33031875000000005,0.3686744490310247,False
0.23,0.57,0.331155,0.36932428053678396,False
0.23,0.5775,0.33199125,0.3700068517718079,False
0.23,0.585,0.3328275,0.3707208541133916,False
0.23,0.5925,0.33366375000000004,0.3714649922092771,False
0.23,0.6,0.3345,0.3720203559842265,False
0.23500000000000001,0.0,0.2682,0.28844354556965246,True
0.23500000000000001,0.0075,0.26903812499999996,0.28859617415115985,True
0.23500000000000001,0.015,0.26987625,0.28903497632448993,True
0.23500000000000001,0.0225,0.27071437499999995,0.28971295709489575,True
0.23500000000000001,0.03,0.2715525,0.2905753484062352,True
0.23500000000000001,0.0375,0.272390625,0.2915738494935596,True
0.23500000000000001,0.045,0.27322875,0.29267129246941437,True
0.23500000000000001,0.0525,0.274066875,0.29384083131999394,True
0.23500000000000001,0.06,0.274905,0.2950635218442516,True
0.23500000000000001,0.0675,0.275743125,0.29632602169096084,True
0.23500000000000001,0.075,0.27658125,0.2976188499630313,True
0.23500000000000001,0.08249999999999999,0.27741937499999997,0.29893517508235473,True
0.23500000000000001,0.09,0.2782575,0.30026999557661066,True
0.23500000000000001,0.0975,0.27909562499999996,0.30161958985763493,True
0.23500000000000001,0.105,0.27993375,0.3029811446882304,True
0.23500000000000001,0.11249999999999999,0.280771875,0.3043525015321567,True
0.23500000000000001,0.12,0.28161,0.3057319810107212,True
0.23500000000000001,0.1275,0.282448125,0.30711825962778894,True
0.23500000000000001,0.135,0.28328625,0.30851028191765517,True
0.23500000000000001,0.1425,0.284124375,0.3099071969328032,True
0.23500000000000001,0.15,0.2849625,0.3113083116932463,True
0.23500000000000001,0.1575,0.285800625,0.3127130566209534,True
0.23500000000000001,0.16499999999999998,0.28663875,0.3141209595573504,True
0.23500000000000001,0.1725,0.28747687499999997,0.3155316260068902,True
0.23500000000000001,0.18,0.288315,0.3169447239522449,True
0.23500000000000001,0.1875,0.289153125,0.3183599720651367,True
0.23500000000000001,0.195,0.28999125000000003,0.31977713046682654,True
0.23500000000000001,0.20249999999999999,0.290829375,0.32119599342268584,False
0.23500000000000001,0.21,0.2916675,0.32261638351806393,False
0.23500000000000001,0.2175,0.292505625,0.32403814697896655,False
0.23500000000000001,0.22499999999999998,0.29334375,0.3254611498850621,False
0.23500000000000001,0.23249999999999998,0.294181875,0.32688527508381415,False
0.23500000000000001,0.24,0.29502,0.32831041965969243,False
0.23500000000000001,0.2475,0.29585812499999997,0.32973649284598255,False
0.23500000000000001,0.255,0.29669625,0.3311634142918965,False
0.23500000000000001,0.2625,0.297534375,0.33259111261672847,False
0.23500000000000001,0.27,0.29837250000000004,0.33401952419731773,False
0.23500000000000001,0.27749999999999997,0.299210625,0.33544859214622885,False
0.23500000000000001,0.285,0.30004875,0.33687826544668326,False
0.23500000000000001,0.2925,0.300886875,0.33830849821699094,False
0.23500000000000001,0.3,0.301725,0.3397392490824961,False
0.23500000000000001,0.3075,0.302563125,0.34117048063719874,False
0.23500000000000001,0.315,0.30340124999999996,0.3426021589805097,False
0.23500000000000001,0.3225,0.304239375,0.3436917491997844,False
0.23500000000000001,0.32999999999999996,0.30507749999999995,0.3439666372303431,False
0.23500000000000001,0.33749999999999997,0.305915625,0.3443159396632174,False
0.23500000000000001,0.345,0.30675375,0.3447368039599587,False
0.23500000000000001,0.3525,0.307591875,0.34522598305707536,False
0.23500000000000001,0.36,0.30843,0.34577994441845095,False
0.23500000000000001,0.3675,0.309268125,0.34639497502581595,False
0.23500000000000001,0.375,0.31010624999999997,0.34706727687561045,False
0.23500000000000001,0.3825,0.310944375,0.34779304946938144,False
0.23500000000000001,0.39,0.3117825,0.34856855760034233,False
0.23500000000000001,0.39749999999999996,0.312620625,0.34939018423970963,False
0.23500000000000001,0.40499999999999997,0.31345874999999995,0.3502544694198805,False
0.23500000000000001,0.4125,0.31429687500000003,0.35115813669781626,False
0.23500000000000001,0.42,0.315135,0.3520981091198435,False
0.23500000000000001,0.4275,0.315973125,0.35307151668279174,False
0.23500000000000001,0.435,0.31681125,0.3540756971821378,False
0.23500000000000001,0.4425,0.317649375,0.3551081921299131,False
0.23500000000000001,0.44999999999999996,0.3184875,0.3561667391703885,False
0.23500000000000001,0.45749999999999996,0.319325625,0.357249262159174,False
0.23500000000000001,0.46499999999999997,0.32016374999999997,0.35835385982551377,False
0.23500000000000001,0.4725,0.321001875,0.3594787937209818,False
0.23500000000000001,0.48,0.32183999999999996,0.360622475975353,False
0.23500000000000001,0.4875,0.32267812500000004,0.3617834572320288,False
0.23500000000000001,0.495,0.32351625,0.36296041501814363,False
0.23500000000000001,0.5025,0.32435437500000003,0.36415214271417284,False
0.23500000000000001,0.51,0.3251925,0.36535753921996783,False
0.23500000000000001,0.5175,0.326030625,0.36645816712698925,False
0.23500000000000001,0.525,0.32686875,0.3668761405426279,False
0.23500000000000001,0.5325,0.327706875,0.36733386299195847,False
0.23500000000000001,0.54,0.328545,0.36783020534435074,False
0.23500000000000001,0.5475,0.329383125,0.3683639909740208,False
0.23500000000000001,0.5549999999999999,0.33022124999999997,0.3689340071889028,False
0.23500000000000001,0.5625,0.33105937500000004,0.36953901607536876,False
0.23500000000000001,0.57,0.3318975,0.3701777646106748,False
0.23500000000000001,0.5775,0.33273562500000003,0.3708489939356292,False
0.23500000000000001,0.585,0.33357375,0.37155144771820187,False
0.23500000000000001,0.5925,0.334411875,0.372283879573238,False
0.23500000000000001,0.6,0.33525,0.37298082461984144,False
0.24,0.0,0.2688,0.2894040142052674,True
0.24,0.0075,0.26963999999999994,0.289537913424026,True
0.24,0.015,0.27048,0.28992651274030196,True
0.24,0.0225,0.27131999999999995,0.29053619530382835,True
0.24,0.03,0.27216,0.29132495147649723,True
0.24,0.0375,0.27299999999999996,0.2922526259668059,True
0.24,0.045,0.27384,0.2932858390360687,True
0.24,0.0525,0.27468,0.2943988149191223,True
0.24,0.06,0.27552,0.2955723407770862,True
0.24,0.0675,0.27635999999999994,0.29679227975011796,True
0.24,0.075,0.2772,0.29804823192580177,True
0.24,0.08249999999999999,0.27803999999999995,0.2993324945362964,True
0.24,0.09,0.27888,0.30063930315086107,True
0.24,0.0975,0.27971999999999997,0.30196429201718844,True
0.24,0.105,0.28056,0.3033041132480568,True
0.24,0.11249999999999999,0.2814,0.3046561676532766,True
0.24,0.12,0.28224,0.3060184131979279,True
0.24,0.1275,0.28307999999999994,0.30738922740946284,True
0.24,0.135,0.28392,0.3087673074725166,True
0.24,0.1425,0.28475999999999996,0.31015159686896643,True
0.24,0.15,0.2856,0.3115412308994773,True
0.24,0.1575,0.28644,0.31293549577783314,True
0.24,0.16499999999999998,0.28728,0.31433379758771496,True
0.24,0.1725,0.28812,0.3157356384829909,True
0.24,0.18,0.28896,0.31714059826389707,True
0.24,0.1875,0.28979999999999995,0.31854831998345473,True
0.24,0.195,0.29064,0.31995849860465003,True
0.24,0.20249999999999999,0.29147999999999996,0.3213708719883393,False
0.24,0.21,0.29232,0.32278521367748125,False
0.24,0.2175,0.29316,0.32420132707741306,False
0.24,0.22499999999999998,0.294,0.3256190407296973,False
0.24,0.23249999999999998,0.29484,0.3270382044490509,False
0.24,0.24,0.29568,0.3284586861463091,False
0.24,0.2475,0.29651999999999995,0.329880369200385,False
0.24,0.255,0.29736,0.33130315027238405,False
0.24,0.2625,0.29819999999999997,0.33272693747799154,False
0.24,0.27,0.29904000000000003,0.3341516488518499,False
0.24,0.27749999999999997,0.29988,0.3355772110512119,False
0.24,0.285,0.30072,0.3370035582567016,False
0.24,0.2925,0.30156,0.3384306312362531,False
0.24,0.3,0.30239999999999995,0.3398583765447828,False
0.24,0.3075,0.30324,0.3412867458372747,False
0.24,0.315,0.30408,0.3427156952770409,False
0.24,0.3225,0.30491999999999997,0.3441451850241813,False
0.24,0.32999999999999996,0.30576,0.3449050234959287,False
0.24,0.33749999999999997,0.3066,0.3452425551822399,False
0.24,0.345,0.30743999999999994,0.3456496174057294,False
0.24,0.3525,0.30828,0.34612325404252015,False
0.24,0.36,0.30911999999999995,0.3466602321892492,False
0.24,0.3675,0.30996,0.3472571343068982,False
0.24,0.375,0.3108,0.34791044340527594,False
0.24,0.3825,0.31164,0.34861661803016647,False
0.24,0.39,0.31248,0.3493721552708723,False
0.24,0.39749999999999996,0.31332,0.3501736412622142,False
0.24,0.40499999999999997,0.31415999999999994,0.35101778961920377,False
0.24,0.4125,0.315,0.3519014688943241,False
0.24,0.42,0.31583999999999995,0.3528217205162304,False
0.24,0.4275,0.31668,0.3537757688107209,False
0.24,0.435,0.31751999999999997,0.35476102468355464,False
0.24,0.4425,0.31836,0.3557750844189655,False
0.24,0.44999999999999996,0.3192,0.3568157248655277,False
0.24,0.45749999999999996,0.32004,0.3578808960777039,False
0.24,0.46499999999999997,0.32087999999999994,0.35896871228059424,False
0.24,0.4725,0.32172,0.3600774418412003,False
0.24,0.48,0.32255999999999996,0.36120549676894687,False
0.24,0.4875,0.3234,0.36235142213351323,False
0.24,0.495,0.32424,0.3635138856784552,False
0.24,0.5025,0.32508,0.36469166782226203,False
0.24,0.51,0.32592,0.3658836521712651,False
0.24,0.5175,0.32676,0.3670888166179139,False
0.24,0.525,0.3276,0.3677920225995877,False
0.24,0.5325,0.32844,0.3682411464780393,False
0.24,0.54,0.32927999999999996,0.368728343737078,False
0.24,0.5475,0.33012,0.3692524961033337,False
0.24,0.5549999999999999,0.33096,0.36981244881096886,False
0.24,0.5625,0.3318,0.37040702072626236,False
0.24,0.57,0.33264,0.37103501384514914,False
0.24,0.5775,0.33348,0.3716952220590702,False
0.24,0.585,0.33432,0.37238643911823643,False
0.24,0.5925,0.33516,0.37310746575227166,False
0.24,0.6,0.33599999999999997,0.3738571159352945,False
0.245,0.0,0.2694,0.29036448284088234,True
0.245,0.0075,0.27024187499999996,0.2904837190627157,True
0.245,0.015,0.27108374999999996,0.29083207064944044,True
0.245,0.0225,0.27192562499999995,0.2913847943380595,True
0.245,0.03,0.2727675,0.29210932186290167,True
0.245,0.0375,0.27360937499999993,0.29297251489539294,True
0.245,0.045,0.27445125,0.2939450350568335,True
0.245,0.0525,0.27529312499999997,0.2950028900491789,True
0.245,0.06,0.27613499999999996,0.2961272946545719,True
0.245,0.0675,0.27697687499999996,0.2973038502341785,True
0.245,0.075,0.27781875,0.298521604352683,True
0.245,0.08249999999999999,0.27866062499999994,0.2997722213855288,True
0.245,0.09,0.2795025,0.3010493235557711,True
0.245,0.0975,0.280344375,0.3023479922127835,True
0.245,0.105,0.28118624999999997,0.3036643987327739,True
0.245,0.11249999999999999,0.28202812499999996,0.30499553364726295,True
0.245,0.12,0.28287,0.30633900798020985,True
0.245,0.1275,0.28371187499999995,0.3076929069767322,True
0.245,0.135,0.28455375,0.3090556817076254,True
0.245,0.1425,0.28539562499999993,0.3104260681051105,True
0.245,0.15,0.2862375,0.31180302596439285,True
0.245,0.1575,0.28707937499999997,0.31318569257652595,True
0.245,0.16499999999999998,0.28792124999999996,0.31457334716754715,True
0.245,0.1725,0.28876312499999995,0.315965383385584,True
0.245,0.18,0.289605,0.31736128783294704,True
0.245,0.1875,0.29044687499999994,0.31876062317747267,True
0.245,0.195,0.29128875,0.3201630147618604,False
0.245,0.20249999999999999,0.292130625,0.3215681399068407,False
0.245,0.21,0.29297249999999997,0.3229757193052191,False
0.245,0.2175,0.29381437499999996,0.32438551005108757,False
0.245,0.22499999999999998,0.29465625,0.32579729995709716,False
0.245,0.23249999999999998,0.29549812499999994,0.3272109028934107,False
0.245,0.24,0.29634,0.32862615494241615,False
0.245,0.2475,0.297181875,0.33004291120890566,False
0.245,0.255,0.29802375,0.3314610431601012,False
0.245,0.2625,0.29886562499999997,0.3328804363964491,False
0.245,0.27,0.2997075,0.33430098877455416,False
0.245,0.27749999999999997,0.30054937499999995,0.33572260881948757,False
0.245,0.285,0.30139124999999994,0.33714521437607575,False
0.245,0.2925,0.302233125,0.33856873145849997,False
0.245,0.3,0.303075,0.33999309326520466,False
0.245,0.3075,0.303916875,0.34141823933220883,False
0.245,0.315,0.30475874999999997,0.34284411480277555,False
0.245,0.3225,0.30560062499999996,0.3442706697952979,False
0.245,0.32999999999999996,0.30644249999999995,0.34569785885440457,False
0.245,0.33749999999999997,0.307284375,0.3461713912830043,False
0.245,0.345,0.30812624999999993,0.3465654920220615,False
0.245,0.3525,0.308968125,0.34702448857765306,False
0.245,0.36,0.30981,0.34754541663222127,False
0.245,0.3675,0.31065187499999997,0.34812512615883817,False
0.245,0.375,0.31149374999999996,0.3487603573812769,False
0.245,0.3825,0.312335625,0.3494478087797589,False
0.245,0.39,0.3131775,0.3501841953671164,False
0.245,0.39749999999999996,0.314019375,0.35096629650409417,False
0.245,0.40499999999999997,0.3148612499999999,0.3517909933605376,False
0.245,0.4125,0.315703125,0.35265529673036816,False
0.245,0.42,0.31654499999999997,0.3535563662829227,False
0.245,0.4275,0.31738687499999996,0.3544915225166788,False
0.245,0.435,0.31822874999999995,0.3554582527191599,False
0.245,0.4425,0.319070625,0.3564542121744802,False
0.245,0.44999999999999996,0.31991249999999993,0.3574772217370461,False
0.245,0.45749999999999996,0.320754375,0.35852526273724294,False
0.245,0.46499999999999997,0.32159625,0.35959647002457334,False
0.245,0.4725,0.32243812499999996,0.3606891237999883,False
0.245,0.48,0.32327999999999996,0.3618016407503367,False
0.245,0.4875,0.324121875,0.36293256487777115,False
0.245,0.495,0.32496374999999994,0.36408055831647596,False
0.245,0.5025,0.325805625,0.36524439234728545,False
0.245,0.51,0.3266475,0.366422938755721,False
0.245,0.5175,0.32748937499999997,0.3676151616283574,False
0.245,0.525,0.32833124999999996,0.3687096044459256,False
0.245,0.5325,0.329173125,0.3691504303574379,False
0.245,0.54,0.33001499999999995,0.3696287927574291,False
0.245,0.5475,0.330856875,0.3701436281785212,False
0.245,0.5549999999999999,0.33169875,0.370693836446348,False
0.245,0.5625,0.332540625,0.37127829013171965,False
0.245,0.57,0.33338249999999997,0.37189584346721394,False
0.245,0.5775,0.334224375,0.3725453406272149,False
0.245,0.585,0.33506624999999995,0.3732256233001765,False
0.245,0.5925,0.335908125,0.3739355375094773,False
0.245,0.6,0.33675,0.37467393966381546,False
0.25,0.0,0.27,0.29132495147649723,True
0.25,0.0075,0.27084375,0.29143240314449076,True
0.25,0.015,0.2716875,0.29174785206836296,True
0.25,0.0225,0.27253125,0.2922526259668059,True
0.25,0.03,0.27337500000000003,0.29292115794190465,True
0.25,0.0375,0.27421875,0.2937261230655346,True
0.25,0.045,0.27506250000000004,0.294642049052917,True
0.25,0.0525,0.27590625,0.2956470603367644,True
0.25,0.06,0.27675,0.29672326482040795,True
0.25,0.0675,0.27759375,0.2978564240499074,True
0.25,0.075,0.2784375,0.29903535969127076,True
0.25,0.08249999999999999,0.27928125,0.30025133699976175,True
0.25,0.09,0.280125,0.3014975247889674,True
0.25,0.0975,0.28096875,0.3027685578064544,True
0.25,0.105,0.2818125,0.3040601957379663,True
0.25,0.11249999999999999,0.28265625,0.30536906265848934,True
0.25,0.12,0.28350000000000003,0.3066924496463361,True
0.25,0.1275,0.28434375,0.3080281655496867,True
0.25,0.135,0.28518750000000004,0.3093744239395925,True
0.25,0.1425,0.28603125,0.31072975710142203,True
0.25,0.15,0.28687500000000005,0.31209295021732286,True
0.25,0.1575,0.28771875,0.3134629906649511,True
0.25,0.16499999999999998,0.28856250000000006,0.3148390286842252,True
0.25,0.1725,0.28940625000000003,0.3162203466419908,True
0.25,0.18,0.29025,0.3176063348410627,True
0.25,0.1875,0.29109375,0.3189964723442596,True
0.25,0.195,0.2919375,0.3203903116680314,False
0.25,0.20249999999999999,0.29278125,0.32178746648255946,False
0.25,0.21,0.293625,0.32318760166370464,False
0.25,0.2175,0.29446875,0.324590425197026,False
0.25,0.22499999999999998,0.29531250000000003,0.3259956815497843,False
0.25,0.23249999999999998,0.29615625,0.32740314621381666,False
0.25,0.24,0.29700000000000004,0.3288126211879732,False
0.25,0.2475,0.29784375,0.3302239312189018,False
0.25,0.255,0.29868750000000005,0.33163692065735284,False
0.25,0.2625,0.29953125,0.33305145081676457,False
0.25,0.27,0.30037500000000006,0.3344673977438376,False
0.25,0.27749999999999997,0.30121875000000004,0.3358846503287116,False
0.25,0.285,0.3020625,0.3373031086964012,False
0.25,0.2925,0.30290625000000004,0.33872268283223106,False
0.25,0.3,0.30375,0.3401432914027993,False
0.25,0.3075,0.30459375,0.34156486074100534,False
0.25,0.315,0.3054375,0.34298732396929227,False
0.25,0.3225,0.30628125,0.34441062023977603,False
0.25,0.32999999999999996,0.307125,0.3458346940735875,False
0.25,0.33749999999999997,0.30796875,0.3471022396331805,False
0.25,0.345,0.3088125,0.3474841482167262,False
0.25,0.3525,0.30965625,0.3479293356332507,False
0.25,0.36,0.3105,0.3484350787419013,False
0.25,0.3675,0.31134375000000003,0.3489984699120551,False
0.25,0.375,0.3121875,0.34961648476505314,False
0.25,0.3825,0.31303125000000004,0.350286043749174,False
0.25,0.39,0.31387500000000007,0.35100406583735133,False
0.25,0.39749999999999996,0.31471875000000005,0.3517675135000178,False
0.25,0.40499999999999997,0.3155625,0.3525734288260858,False
0.25,0.4125,0.31640625,0.35341896120824107,False
0.25,0.42,0.31725,0.3543013873726813,False
0.25,0.4275,0.31809375,0.35521812473856207,False
0.25,0.435,0.3189375,0.3561667391703885,False
0.25,0.4425,0.31978125,0.357144948171885,False
0.25,0.44999999999999996,0.320625,0.3581506204942997,False
0.25,0.45749999999999996,0.32146875,0.35918177302193066,False
0.25,0.46499999999999997,0.3223125,0.36023656567276546,False
0.25,0.4725,0.32315625000000003,0.36131329492632785,False
0.25,0.48,0.324,0.3624103864728613,False
0.25,0.4875,0.32484375000000004,0.36352638737268134,False
0.25,0.495,0.3256875,0.3646599580239399,False
0.25,0.5025,0.32653125000000005,0.3658098641613595,False
0.25,0.51,0.327375,0.3669749690467948,False
0.25,0.5175,0.32821875000000006,0.3681542259632469,False
0.25,0.525,0.32906250000000004,0.3693466710854497,False
0.25,0.5325,0.32990625,0.37006160672646476,False
0.25,0.54,0.33075,0.3705314301144615,False
0.25,0.5475,0.33159375,0.3710372509561429,False
0.25,0.5549999999999999,0.3324375,0.3715780205432589,False
0.25,0.5625,0.33328125000000003,0.37215266224964394,False
0.25,0.57,0.334125,0.37276007990016385,False
0.25,0.5775,0.33496875000000004,0.3733991655867818,False
0.25,0.585,0.3358125,0.3740688068611868,False
0.25,0.5925,0.33665625000000005,0.3747678932580399,False
0.25,0.6,0.3375,0.3754953221251377,False
0.255,0.0,0.2706,0.29228542011211217,True
0.255,0.0075,0.27144562499999997,0.2923831974093574,True
0.255,0.015,0.27229125,0.29267129246941437,True
0.255,0.0225,0.273136875,0.2931353045420933,True
0.255,0.03,0.2739825,0.2937549026304685,True
0.255,0.0375,0.274828125,0.29450749019070627,True
0.255,0.045,0.27567375,0.29537108927129213,True
0.255,0.0525,0.276519375,0.29632602169096084,True
0.255,0.06,0.27736500000000003,0.29735556172770405,True
0.255,0.0675,0.278210625,0.29844593775256223,True
0.255,0.075,0.27905625,0.29958601447490907,True
0.255,0.08249999999999999,0.27990187499999997,0.30076686914836304,True
0.255,0.09,0.28074750000000004,0.3019813731848147,True
0.255,0.0975,0.281593125,0.30322382587200025,True
0.255,0.105,0.28243875,0.3044896524638845,True
0.255,0.11249999999999999,0.283284375,0.3057751632702051,True
0.255,0.12,0.28413,0.3070773647178966,True
0.255,0.1275,0.284975625,0.30839381240975067,True
0.255,0.135,0.28582125,0.30972249717423966,True
0.255,0.1425,0.286666875,0.3110617566468536,True
0.255,0.15,0.2875125,0.31241020646926554,True
0.255,0.1575,0.288358125,0.31376668652742556,True
0.255,0.16499999999999998,0.28920375000000004,0.31513021872702035,True
0.255,0.1725,0.290049375,0.316499973644141,True
0.255,0.18,0.290895,0.31787524403058937,True
0.255,0.1875,0.291740625,0.3192554236387291,True
0.255,0.195,0.29258625000000005,0.32063999019645817,False
0.255,0.20249999999999999,0.293431875,0.3220284916380205,False
0.255,0.21,0.2942775,0.32342053490364797,False
0.255,0.2175,0.295123125,0.324815776777596,False
0.255,0.22499999999999998,0.29596875,0.3262139163528553,False
0.255,0.23249999999999998,0.296814375,0.3276146888012267,False
0.255,0.24,0.29766000000000004,0.32901786019663065,False
0.255,0.2475,0.298505625,0.33042322319272793,False
0.255,0.255,0.29935125,0.33183059339706156,False
0.255,0.2625,0.30019687500000003,0.3332398063158982,False
0.255,0.27,0.30104250000000005,0.33465071476891983,False
0.255,0.27749999999999997,0.301888125,0.336063186692527,False
0.255,0.285,0.30273375,0.3374771032659961,False
0.255,0.2925,0.303579375,0.3388923573070084,False
0.255,0.3,0.304425,0.34030885189285853,False
0.255,0.3075,0.305270625,0.34172649917148634,False
0.255,0.315,0.30611625000000003,0.34314521933278513,False
0.255,0.3225,0.306961875,0.3445649397157343,False
0.255,0.32999999999999996,0.30780749999999996,0.34598559403104445,False
0.255,0.33749999999999997,0.30865312500000003,0.34740712168237264,False
0.255,0.345,0.30949875,0.34840533873375784,False
0.255,0.3525,0.310344375,0.34883748326577846,False
0.255,0.36,0.31118999999999997,0.349328844208452,False
0.255,0.3675,0.31203562500000004,0.34987673379115697,False
0.255,0.375,0.31288125000000006,0.35047834309717324,False
0.255,0.3825,0.313726875,0.351130797758871,False
0.255,0.39,0.3145725,0.35183120729669487,False
0.255,0.39749999999999996,0.315418125,0.3525767072006516,False
0.255,0.40499999999999997,0.31626375,0.3533644934676782,False
0.255,0.4125,0.317109375,0.354191849791629,False
0.255,0.42,0.317955,0.35505616794567096,False
0.255,0.4275,0.318800625,0.3559549621096626,False
0.255,0.435,0.31964624999999997,0.35688587799874866,False
0.255,0.4425,0.32049187500000004,0.35784669766942645,False
0.255,0.44999999999999996,0.3213375,0.3588353408408214,False
0.255,0.45749999999999996,0.322183125,0.35984986349373893,False
0.255,0.46499999999999997,0.32302875,0.360888454415654,False
0.255,0.4725,0.32387437500000005,0.3619494302589855,False
0.255,0.48,0.32472,0.3630312295814815,False
0.255,0.4875,0.325565625,0.3641324062466584,False
0.255,0.495,0.32641125,0.3652516224818216,False
0.255,0.5025,0.327256875,0.36638764182227157,False
0.255,0.51,0.3281025,0.36753932211275614,False
0.255,0.5175,0.32894812500000004,0.36870560869022984,False
0.255,0.525,0.32979375,0.3698855278343484,False
0.255,0.5325,0.330639375,0.3709745751034389,False
0.255,0.54,0.331485,0.3714361417301227,False
0.255,0.5475,0.33233062500000005,0.37193323711098425,False
0.255,0.5549999999999999,0.33317625,0.3724648610754582,False
0.255,0.5625,0.334021875,0.37302998506477636,False
0.255,0.57,0.3348675,0.37362755998561237,False
0.255,0.5775,0.33571312500000006,0.3742565235843863,False
0.255,0.585,0.33655875,0.37491580727308205,False
0.255,0.5925,0.33740437500000003,0.37560434235935536,False
0.255,0.6,0.33825,0.3763210656537865,False
0.26,0.0,0.2712,0.2932458887477271,True
0.26,0.0075,0.27204749999999994,0.29333558366957424,True
0.26,0.015,0.272895,0.2936006060245477,True
0.26,0.0225,0.27374249999999994,0.2940296365502789,True
0.26,0.03,0.27459,0.2946063040772967,True
0.26,0.0375,0.27543749999999995,0.29531182959983304,True
0.26,0.045,0.276285,0.2961272946545719,True
0.26,0.0525,0.27713249999999995,0.29703514758806543,True
0.26,0.06,0.27798,0.2980199583689953,True
0.26,0.0675,0.27882749999999995,0.2990686259939291,True
0.26,0.075,0.279675,0.300170265120348,True
0.26,0.08249999999999999,0.28052249999999995,0.3013159438531707,True
0.26,0.09,0.28137,0.3024983786054553,True
0.26,0.0975,0.28221749999999995,0.30371164127101213,True
0.26,0.105,0.283065,0.30495090221880056,True
0.26,0.11249999999999999,0.28391249999999996,0.3062122153285286,True
0.26,0.12,0.28476,0.30749234303424544,True
0.26,0.1275,0.28560749999999996,0.30878861610447705,True
0.26,0.135,0.286455,0.3100988221661176,True
0.26,0.1425,0.28730249999999996,0.31142111738084716,True
0.26,0.15,0.28815,0.312753956489568,True
0.26,0.1575,0.28899749999999996,0.3140960373119112,True
0.26,0.16499999999999998,0.289845,0.3154462565809411,True
0.26,0.1725,0.29069249999999996,0.31680367466104115,True
0.26,0.18,0.29154,0.31816748723671784,True
0.26,0.1875,0.29238749999999997,0.31953700248622874,True
0.26,0.195,0.293235,0.3209116225859934,False
0.26,0.20249999999999999,0.29408249999999997,0.3222908286486008,False
0.26,0.21,0.29493,0.323674168395252,False
0.26,0.2175,0.29577749999999997,0.3250612460160315,False
0.26,0.22499999999999998,0.296625,0.3264517137890419,False
0.26,0.23249999999999998,0.2974725,0.32784526512034795,False
0.26,0.24,0.29832000000000003,0.3292416287371467,False
0.26,0.2475,0.2991675,0.33064056382139845,False
0.26,0.255,0.30001500000000003,0.3320418559139626,False
0.26,0.2625,0.3008625,0.3334453134528532,False
0.26,0.27,0.30171000000000003,0.33485076483567155,False
0.26,0.27749999999999997,0.3025575,0.33625805591718905,False
0.26,0.285,0.303405,0.33766704786967144,False
0.26,0.2925,0.3042525,0.3390776153468011,False
0.26,0.3,0.30510000000000004,0.3404896449026802,False
0.26,0.3075,0.3059475,0.3419030336259593,False
0.26,0.315,0.306795,0.3433176879560479,False
0.26,0.3225,0.3076425,0.34473352265398133,False
0.26,0.32999999999999996,0.30849,0.3461504599050916,False
0.26,0.33749999999999997,0.3093375,0.3475684285343719,False
0.26,0.345,0.310185,0.3489873633185013,False
0.26,0.3525,0.3110325,0.3497486534859095,False
0.26,0.36,0.31188,0.35022637785249716,False
0.26,0.3675,0.3127275,0.35075952918244047,False
0.26,0.375,0.313575,0.3513454958452867,False
0.26,0.3825,0.3144225,0.351981593054545,False
0.26,0.39,0.31527000000000005,0.35266510810660273,False
0.26,0.39749999999999996,0.3161175,0.3533933395981442,False
0.26,0.40499999999999997,0.316965,0.35416363023135355,False
0.26,0.4125,0.3178125,0.35497339324141286,False
0.26,0.42,0.31866,0.3558201327972784,False
0.26,0.4275,0.3195075,0.35670145893750166,False
0.26,0.435,0.320355,0.35761509772126765,False
0.26,0.4425,0.3212025,0.3585588973192269,False
0.26,0.44999999999999996,0.32205,0.359530830758513,False
0.26,0.45749999999999996,0.3228975,0.36052899598943633,False
0.26,0.46499999999999997,0.323745,0.36155161387266654,False
0.26,0.4725,0.3245925,0.3625970246068215,False
0.26,0.48,0.32544,0.3636636830355643,False
0.26,0.4875,0.3262875,0.36475015319609005,False
0.26,0.495,0.327135,0.3658551024005303,False
0.26,0.5025,0.3279825,0.3669772950799538,False
0.26,0.51,0.32883,0.36811558656777854,False
0.26,0.5175,0.3296775,0.3692689169552631,False
0.26,0.525,0.330525,0.3704363051156174,False
0.26,0.5325,0.3313725,0.37161684296423747,False
0.26,0.54,0.33222,0.37234282108401817,False
0.26,0.5475,0.3330675,0.372831467547055,False
0.26,0.5549999999999999,0.333915,0.3733542268314194,False
0.26,0.5625,0.3347625,0.3739101158678616,False
0.26,0.57,0.33560999999999996,0.3744981302638491,False
0.26,0.5775,0.3364575,0.37511725125833295,False
0.26,0.585,0.33730499999999997,0.37576645219458177,False
0.26,0.5925,0.3381525,0.37644470446340217,False
0.26,0.6,0.33899999999999997,0.3771509828871462,False
0.265,0.0,0.2718,0.29420635738334205,True
0.265,0.0075,0.27264937499999997,0.29428920003942527,True
0.265,0.015,0.27349875,0.2945345150008521,True
0.265,0.0225,0.27434812499999994,0.29493325588701397,True
0.265,0.03,0.2751975,0.2954720831819717,True
0.265,0.0375,0.27604687499999997,0.29613529633779595,True
0.265,0.045,0.27689625,0.2969066076688354,True
0.265,0.0525,0.27774562499999994,0.29777044035303624,True
0.265,0.06,0.278595,0.298712689903174,True
0.265,0.0675,0.27944437499999997,0.2997210463533945,True
0.265,0.075,0.28029375,0.300785023183329,True
0.265,0.08249999999999999,0.28114312499999994,0.30189582273345994,True
0.265,0.09,0.2819925,0.30304612969836686,True
0.265,0.0975,0.28284187499999996,0.30422988806254764,True
0.265,0.105,0.28369125,0.3054420905138543,True
0.265,0.11249999999999999,0.284540625,0.3066785928888504,True
0.265,0.12,0.28539,0.30793595698609894,True
0.265,0.1275,0.28623937499999996,0.3092113204838658,True
0.265,0.135,0.28708875,0.3105022907613622,True
0.265,0.1425,0.287938125,0.3118068588956493,True
0.265,0.15,0.2887875,0.31312333025736927,True
0.265,0.1575,0.28963687499999996,0.31445026855756136,True
0.265,0.16499999999999998,0.29048625,0.3157864507007736,True
0.265,0.1725,0.291335625,0.31713083028104544,True
0.265,0.18,0.29218500000000003,0.3184825079790202,True
0.265,0.1875,0.29303437499999996,0.3198407074708769,True
0.265,0.195,0.29388375,0.3212047557464153,False
0.265,0.20249999999999999,0.294733125,0.32257406696301616,False
0.265,0.21,0.2955825,0.32394812914399945,False
0.265,0.2175,0.29643187499999996,0.32532649317323054,False
0.265,0.22499999999999998,0.29728125,0.32670876365052787,False
0.265,0.23249999999999998,0.298130625,0.3280945912610047,False
0.265,0.24,0.29898,0.329483666381146,False
0.265,0.2475,0.29982937499999995,0.3308757136993204,False
0.265,0.255,0.30067875,0.33227048767178685,False
0.265,0.2625,0.301528125,0.33366776866960435,False
0.265,0.27,0.3023775,0.3350673596991533,False
0.265,0.27749999999999997,0.303226875,0.3364690836007499,False
0.265,0.285,0.30407625,0.3378727806472591,False
0.265,0.2925,0.304925625,0.33927830647861523,False
0.265,0.3,0.30577499999999996,0.3406855303194463,False
0.265,0.3075,0.306624375,0.34209433343614065,False
0.265,0.315,0.30747375,0.3435046077971136,False
0.265,0.3225,0.308323125,0.3449162549060931,False
0.265,0.32999999999999996,0.30917249999999996,0.3463291847831933,False
0.265,0.33749999999999997,0.310021875,0.34774331507261846,False
0.265,0.345,0.31087125,0.3491585702591932,False
0.265,0.3525,0.311720625,0.35057488097869116,False
0.265,0.36,0.31256999999999996,0.35112737883327444,False
0.265,0.3675,0.313419375,0.35164650563791733,False
0.265,0.375,0.31426875000000004,0.3522175474136738,False
0.265,0.3825,0.31511812499999997,0.3528379945042903,False
0.265,0.39,0.31596749999999996,0.3535052999030429,False
0.265,0.39749999999999996,0.316816875,0.35421691568615254,False
0.265,0.40499999999999997,0.31766625,0.3549703240092166,False
0.265,0.4125,0.31851562499999997,0.35576306258375623,False
0.265,0.42,0.31936499999999995,0.3565927448383267,False
0.265,0.4275,0.320214375,0.35745707517104525,False
0.265,0.435,0.32106375,0.35835385982551377,False
0.265,0.4425,0.321913125,0.35928101398276463,False
0.265,0.44999999999999996,0.32276249999999995,0.36023656567276546,False
0.265,0.45749999999999996,0.323611875,0.36121865708451983,False
0.265,0.46499999999999997,0.32446125,0.36222554380646155,False
0.265,0.4725,0.325310625,0.3632555924688336,False
0.265,0.48,0.32615999999999995,0.3643072771947495,False
0.265,0.4875,0.327009375,0.3653791752020509,False
0.265,0.495,0.32785875,0.36646996183740366,False
0.265,0.5025,0.328708125,0.367578405269324,False
0.265,0.51,0.3295575,0.36870336101892615,False
0.265,0.5175,0.330406875,0.3698437664663113,False
0.265,0.525,0.33125625,0.3709986354363646,False
0.265,0.5325,0.332105625,0.37216705293971336,False
0.265,0.54,0.332955,0.37325136861760805,False
0.265,0.5475,0.333804375,0.3737318307685873,False
0.265,0.5549999999999999,0.33465374999999997,0.3742459947626862,False
0.265,0.5625,0.335503125,0.37479292059190933,False
0.265,0.57,0.3363525,0.37537164630814346,False
0.265,0.5775,0.337201875,0.3759811945803453,False
0.265,0.585,0.33805124999999997,0.37662057882885486,False
0.265,0.5925,0.338900625,0.3772888088893359,False
0.265,0.6,0.33975,0.3779848961751016,False
0.27,0.0,0.2724,0.29516682601895694,True
0.27,0.0075,0.27325124999999995,0.2952437862964323,True
0.27,0.015,0.27410249999999997,0.2954720831819717,True
0.27,0.0225,0.27495374999999994,0.29584438013687203,True
0.27,0.03,0.27580499999999997,0.2963496875286319,True
0.27,0.0375,0.27665624999999994,0.2969747931366453,True
0.27,0.045,0.27750749999999996,0.29770564906944347,True
0.27,0.0525,0.27835874999999993,0.2985284662436092,True
0.27,0.06,0.27920999999999996,0.2994304316921225,True
0.27,0.0675,0.28006124999999993,0.30040008377578464,True
0.27,0.075,0.2809125,0.3014274338667712,True
0.27,0.08249999999999999,0.28176375,0.30250392757430444,True
0.27,0.09,0.282615,0.30362231981848076,True
0.27,0.0975,0.28346625,0.30477651427323493,True
0.27,0.105,0.2843175,0.3059613975196399,True
0.27,0.11249999999999999,0.28516874999999997,0.30717268396414354,True
0.27,0.12,0.28602,0.3084067785681553,True
0.27,0.1275,0.28687124999999997,0.30966065926574254,True
0.27,0.135,0.2877225,0.31093177826157364,True
0.27,0.1425,0.28857374999999996,0.3122179801986944,True
0.27,0.15,0.289425,0.31351743480571465,True
0.27,0.1575,0.29027624999999996,0.31482858167374583,True
0.27,0.16499999999999998,0.2911275,0.31615008504436154,True
0.27,0.1725,0.29197874999999995,0.3174807967858588,True
0.27,0.18,0.29283,0.3188197260328734,True
0.27,0.1875,0.29368124999999995,0.3201660142351721,False
0.27,0.195,0.2945325,0.3215189145949219,False
0.27,0.20249999999999999,0.29538374999999994,0.3228777750668936,False
0.27,0.21,0.29623499999999997,0.3242420242561128,False
0.27,0.2175,0.29708624999999994,0.325611159677192,False
0.27,0.22499999999999998,0.2979375,0.3269847379439654,False
0.27,0.23249999999999998,0.29878875,0.32836236654170337,False
0.27,0.24,0.29964,0.32974369690109434,False
0.27,0.2475,0.30049125,0.33112841854668035,False
0.27,0.255,0.3013425,0.33251625413522984,False
0.27,0.2625,0.30219375,0.33390695523382424,False
0.27,0.27,0.303045,0.3353002987149623,False
0.27,0.27749999999999997,0.30389625,0.33669608366814224,False
0.27,0.285,0.30474749999999995,0.3380941287452584,False
0.27,0.2925,0.30559875,0.33949426987161996,False
0.27,0.3,0.30645,0.3408963582661446,False
0.27,0.3075,0.30730124999999997,0.3423002587238472,False
0.27,0.315,0.30815249999999994,0.34370584812155885,False
0.27,0.3225,0.30900374999999997,0.3451130141142195,False
0.27,0.32999999999999996,0.30985499999999994,0.34652165399435286,False
0.27,0.33749999999999997,0.31070624999999996,0.34793167369168104,False
0.27,0.345,0.31155749999999993,0.3493429868934325,False
0.27,0.3525,0.31240874999999996,0.3507555142688808,False
0.27,0.36,0.3132599999999999,0.3520315765145269,False
0.27,0.3675,0.31411124999999995,0.35253734651712476,False
0.27,0.375,0.3149625,0.35309413873762935,False
0.27,0.3825,0.31581375,0.35369960530414457,False
0.27,0.39,0.31666500000000003,0.3543513535431665,False
0.27,0.39749999999999996,0.31751625,0.3550469797441662,False
0.27,0.40499999999999997,0.31836749999999997,0.3557840983243585,False
0.27,0.4125,0.31921875,0.35656036622811116,False
0.27,0.42,0.32006999999999997,0.35737350265321155,False
0.27,0.4275,0.32092125,0.3582213043863157,False
0.27,0.435,0.32177249999999996,0.3591016571559813,False
0.27,0.4425,0.32262375,0.36001254348232004,False
0.27,0.44999999999999996,0.32347499999999996,0.3609520475284126,False
0.27,0.45749999999999996,0.32432625,0.36191835745151757,False
0.27,0.46499999999999997,0.32517749999999995,0.3629097657221677,False
0.27,0.4725,0.32602875,0.3639246678352626,False
0.27,0.48,0.32687999999999995,0.3649615597861619,False
0.27,0.4875,0.32773125,0.3660190346316757,False
0.27,0.495,0.32858249999999994,0.36709577840426555,False
0.27,0.5025,0.32943374999999997,0.36819056559993757,False
0.27,0.51,0.33028499999999994,0.369302254417462,False
0.27,0.5175,0.33113625,0.3704297818892042,False
0.27,0.525,0.3319875,0.37157215901200724,False
0.27,0.5325,0.33283875,0.3727284659599337,False
0.27,0.54,0.33369,0.3738978474387775,False
0.27,0.5475,0.33454125,0.3746342223053627,False
0.27,0.5549999999999999,0.3353925,0.37514004938614237,False
0.27,0.5625,0.33624375,0.37567827320082753,False
0.27,0.57,0.337095,0.3762479721088935,False
0.27,0.5775,0.33794625,0.3768482082438074,False
0.27,0.585,0.3387975,0.3774780333236235,False
0.27,0.5925,0.33964875,0.3781364940442574,False
0.27,0.6,0.34049999999999997,0.3788226370232125,False
0.275,0.0,0.273,0.2961272946545719,True
0.275,0.0075,0.273853125,0.2961991506092245,True
0.275,0.015,0.27470625000000004,0.29641261006593106,True
0.275,0.0225,0.275559375,0.29676164554237044,True
0.275,0.03,0.2764125,0.29723711080495796,True
0.275,0.0375,0.277265625,0.2978278138165339,True
0.275,0.045,0.27811875,0.298521604352683,True
0.275,0.0525,0.278971875,0.2993062858470502,True
0.275,0.06,0.27982500000000005,0.300170265120348,True
0.275,0.0675,0.280678125,0.3011029410192016,True
0.275,0.075,0.28153125,0.30209488168115717,True
0.275,0.08249999999999999,0.282384375,0.3031378542703901,True
0.275,0.09,0.28323750000000003,0.30422476467043796,True
0.275,0.0975,0.284090625,0.3053495504459773,True
0.275,0.105,0.28494375000000005,0.30650705595740474,True
0.275,0.11249999999999999,0.285796875,0.3076929069767322,True
0.275,0.12,0.28665,0.3089033940793181,True
0.275,0.1275,0.287503125,0.3101353689385641,True
0.275,0.135,0.28835625000000004,0.3113861546232771,True
0.275,0.1425,0.289209375,0.3126534693675643,True
0.275,0.15,0.29006250000000006,0.3139353625127198,True
0.275,0.1575,0.290915625,0.3152301610467754,True
0.275,0.16499999999999998,0.29176875,0.31653642516134045,True
0.275,0.1725,0.29262187500000003,0.3178529113699655,True
0.275,0.18,0.29347500000000004,0.31917854190933015,True
0.275,0.1875,0.294328125,0.320512379331873,False
0.275,0.195,0.29518125000000006,0.3218536053750539,False
0.275,0.20249999999999999,0.296034375,0.32320150334921477,False
0.275,0.21,0.2968875,0.32455544342043213,False
0.275,0.2175,0.29774062500000004,0.32591487027753885,False
0.275,0.22499999999999998,0.29859375000000005,0.3272792927658103,False
0.275,0.23249999999999998,0.299446875,0.3286482751463442,False
0.275,0.24,0.30030000000000007,0.3300214297025814,False
0.275,0.2475,0.301153125,0.3313984104661638,False
0.275,0.255,0.30200625000000003,0.3327789078755172,False
0.275,0.2625,0.30285937500000004,0.33416264421397796,False
0.275,0.27,0.30371250000000005,0.33554936970142013,False
0.275,0.27749999999999997,0.304565625,0.3369388591354078,False
0.275,0.285,0.30541875,0.3383309089958596,False
0.275,0.2925,0.306271875,0.33972533494187307,False
0.275,0.3,0.30712500000000004,0.3411219696413464,False
0.275,0.3075,0.30797812500000005,0.34252066088386257,False
0.275,0.315,0.30883125,0.3439212699353829,False
0.275,0.3225,0.309684375,0.3453236700999558,False
0.275,0.32999999999999996,0.3105375,0.3467277454591521,False
0.275,0.33749999999999997,0.31139062500000003,0.3481333897645025,False
0.275,0.345,0.31224375,0.3495405054620041,False
0.275,0.3525,0.31309687500000005,0.35094900283092595,False
0.275,0.36,0.31395,0.3523587992217858,False
0.275,0.3675,0.314803125,0.35343176518085867,False
0.275,0.375,0.31565624999999997,0.35397494339339114,False
0.275,0.3825,0.31650937500000004,0.3545660631414809,False
0.275,0.39,0.31736250000000005,0.3552028754386292,False
0.275,0.39749999999999996,0.318215625,0.3558831119312299,False
0.275,0.40499999999999997,0.31906875,0.3566045122481297,False
0.275,0.4125,0.319921875,0.35736484724542006,False
0.275,0.42,0.320775,0.35816193815404346,False
0.275,0.4275,0.32162812500000004,0.35899367181342823,False
0.275,0.435,0.32248125,0.3598580122974207,False
0.275,0.4425,0.323334375,0.36075300931465715,False
0.275,0.44999999999999996,0.3241875,0.36167680380211764,False
0.275,0.45749999999999996,0.325040625,0.362627631136673,False
0.275,0.46499999999999997,0.32589375,0.36360382237344724,False
0.275,0.4725,0.32674687500000005,0.3646038038892115,False
0.275,0.48,0.3276,0.36562609576993343,False
0.275,0.4875,0.328453125,0.36666930923873936,False
0.275,0.495,0.32930625,0.3677321433773352,False
0.275,0.5025,0.33015937500000003,0.3688133813526856,False
0.275,0.51,0.3310125,0.3699118863228913,False
0.275,0.5175,0.33186562500000005,0.37102659716248076,False
0.275,0.525,0.33271875,0.37215652411801325,False
0.275,0.5325,0.333571875,0.3733007444798968,False
0.275,0.54,0.33442500000000003,0.37445839833540173,False
0.275,0.5475,0.33527812500000004,0.37553854418725785,False
0.275,0.5549999999999999,0.33613125,0.376036282235411,False
0.275,0.5625,0.33698437500000006,0.37656605512608093,False
0.275,0.57,0.3378375,0.37712697950379714,False
0.275,0.5775,0.338690625,0.3777181550952713,False
0.275,0.585,0.33954375000000003,0.37833867021118184,False
0.275,0.5925,0.34039687500000004,0.3789876068781114,False
0.275,0.6,0.34125,0.3796640455679569,False
0.28,0.0,0.2736,0.2970877632901868,True
0.28,0.0075,0.274455,0.2971551485018316,True
0.28,0.015,0.27531,0.29735556172770405,True
0.28,0.0225,0.276165,0.2976839935382333,True
0.28,0.03,0.27702,0.2981327603602559,True
0.28,0.0375,0.277875,0.2986923193566507,True
0.28,0.045,0.27873000000000003,0.2993521254873087,True
0.28,0.0525,0.279585,0.3001013865496841,True
0.28,0.06,0.28044,0.30092963783264653,True
0.28,0.0675,0.28129499999999996,0.30182712029464115,True
0.28,0.075,0.28215,0.3027849868132638,True
0.28,0.08249999999999999,0.283005,0.3037953783703406,True
0.28,0.09,0.28386,0.30485141295178947,True
0.28,0.0975,0.284715,0.3059471226342725,True
0.28,0.105,0.28557000000000005,0.3070773647178966,True
0.28,0.11249999999999999,0.286425,0.30823772399181604,True
0.28,0.12,0.28728000000000004,0.30942441643382446,True
0.28,0.1275,0.288135,0.31063419990964986,True
0.28,0.135,0.28899,0.31186429437988794,True
0.28,0.1425,0.289845,0.3131123122820098,True
0.28,0.15,0.2907,0.3143761987312555,True
0.28,0.1575,0.291555,0.31565418067691176,True
0.28,0.16499999999999998,0.29241,0.3169447239522449,True
0.28,0.1725,0.293265,0.3182464971324239,True
0.28,0.18,0.29412000000000005,0.3195583411813741,True
0.28,0.1875,0.294975,0.32087924397577783,False
0.28,0.195,0.29583000000000004,0.3222083189140289,False
0.28,0.20249999999999999,0.296685,0.32354478693470945,False
0.28,0.21,0.29754,0.32488796137576564,False
0.28,0.2175,0.298395,0.32623723519918424,False
0.28,0.22499999999999998,0.29925,0.3275920701862052,False
0.28,0.23249999999999998,0.300105,0.3289519877757837,False
0.28,0.24,0.30096,0.3303165612755078,False
0.28,0.2475,0.301815,0.3316854092210108,False
0.28,0.255,0.30267000000000005,0.33305818969857764,False
0.28,0.2625,0.303525,0.33443459547747195,False
0.28,0.27,0.30438000000000004,0.3358143498246851,False
0.28,0.27749999999999997,0.30523500000000003,0.3371972028963284,False
0.28,0.285,0.30609000000000003,0.3385829286175849,False
0.28,0.2925,0.306945,0.33997132197771324,False
0.28,0.3,0.30779999999999996,0.34136219667860657,False
0.28,0.3075,0.308655,0.342755383085336,False
0.28,0.315,0.30951000000000006,0.34415072643531824,False
0.28,0.3225,0.310365,0.34554808526955877,False
0.28,0.32999999999999996,0.31122,0.34694733005508194,False
0.28,0.33749999999999997,0.312075,0.34834834197237785,False
0.28,0.345,0.31293,0.3497510118456339,False
0.28,0.3525,0.31378500000000004,0.35115523919681757,False
0.28,0.36,0.31464,0.3525609314074461,False
0.28,0.3675,0.315495,0.3539680029742075,False
0.28,0.375,0.31635,0.3548596641616635,False
0.28,0.3825,0.317205,0.35543703676900423,False
0.28,0.39,0.31806,0.35605950424352745,False
0.28,0.39749999999999996,0.318915,0.3567249251713077,False
0.28,0.40499999999999997,0.31977,0.35743115754439225,False
0.28,0.4125,0.320625,0.3581760808111365,False
0.28,0.42,0.32148,0.358957614342896,False
0.28,0.4275,0.32233500000000004,0.35977373242225347,False
0.28,0.435,0.32319,0.360622475975353,False
0.28,0.4425,0.324045,0.3615019613485379,False
0.28,0.44999999999999996,0.32489999999999997,0.3624103864728613,False
0.28,0.45749999999999996,0.325755,0.3633460347758337,False
0.28,0.46499999999999997,0.32661,0.3643072771947495,False
0.28,0.4725,0.327465,0.36529257262633735,False
0.28,0.48,0.32832,0.36630046711862335,False
0.28,0.4875,0.32917500000000005,0.3673295920770365,False
0.28,0.495,0.33003,0.3683786617211594,False
0.28,0.5025,0.33088500000000004,0.3694464699934246,False
0.28,0.51,0.33174,0.3705318870880049,False
0.28,0.5175,0.33259500000000003,0.3716338557380434,False
0.28,0.525,0.33345,0.3727513873726813,False
0.28,0.5325,0.334305,0.3738835582321658,False
0.28,0.54,0.33516,0.375029505509577,False
0.28,0.5475,0.336015,0.37618842357114946,False
0.28,0.5549999999999999,0.33687,0.376934591357032,False
0.28,0.5625,0.33772500000000005,0.3774561547473806,False
0.28,0.57,0.33858,0.37800854765049,False
0.28,0.5775,0.33943500000000004,0.3785909056061676,False
0.28,0.585,0.34029,0.379202351885788,False
0.28,0.5925,0.34114500000000003,0.3796504506493948,False
0.28,0.6,0.342,0.37938920138187754,False
0.28500000000000003,0.0,0.2742,0.29804823192580177,True
0.28500000000000003,0.0075,0.275056875,0.29811166911756554,True
0.28500000000000003,0.015,0.27591375,0.2983005244669324,True
0.28500000000000003,0.0225,0.276770625,0.2986105914937488,True
0.28500000000000003,0.03,0.2776275,0.29903535969127076,True
0.28500000000000003,0.0375,0.27848437499999995,0.299566640802822,True
0.28500000000000003,0.045,0.27934125,0.30019524820559057,True
0.28500000000000003,0.0525,0.28019812499999996,0.3009116205961866,True
0.28500000000000003,0.06,0.281055,0.3017063227606131,True
0.28500000000000003,0.0675,0.281911875,0.302570400011998,True
0.28500000000000003,0.075,0.28276875,0.3034955951982136,True
0.28500000000000003,0.08249999999999999,0.283625625,0.3044744542950912,True
0.28500000000000003,0.09,0.2844825,0.3055003513270883,True
0.28500000000000003,0.0975,0.285339375,0.3065674606361401,True
0.28500000000000003,0.105,0.28619625,0.3076706986427383,True
0.28500000000000003,0.11249999999999999,0.28705312499999996,0.30880565094001095,True
0.28500000000000003,0.12,0.28791,0.3099684951533961,True
0.28500000000000003,0.1275,0.288766875,0.31115592589091673,True
0.28500000000000003,0.135,0.28962375,0.31236508523729434,True
0.28500000000000003,0.1425,0.290480625,0.31359350036561295,True
0.28500000000000003,0.15,0.2913375,0.3148390286842252,True
0.28500000000000003,0.1575,0.292194375,0.31609981027440726,True
0.28500000000000003,0.16499999999999998,0.29305125000000004,0.3173742270320346,True
0.28500000000000003,0.1725,0.29390812499999996,0.3186608677819181,True
0.28500000000000003,0.18,0.294765,0.31995849860465003,True
0.28500000000000003,0.1875,0.295621875,0.3212660376504175,False
0.28500000000000003,0.195,0.29647875,0.3225825337798338,False
0.28500000000000003,0.20249999999999999,0.297335625,0.32390714844917423,False
0.28500000000000003,0.21,0.2981925,0.3252391403355922,False
0.28500000000000003,0.2175,0.299049375,0.3265778522712414,False
0.28500000000000003,0.22499999999999998,0.29990625000000004,0.3279227001211139,False
0.28500000000000003,0.23249999999999998,0.300763125,0.3292731632970102,False
0.28500000000000003,0.24,0.30162,0.33062877664952867,False
0.28500000000000003,0.2475,0.302476875,0.33198912352194687,False
0.28500000000000003,0.255,0.30333375,0.3333538297852053,False
0.28500000000000003,0.2625,0.304190625,0.3347225587027959,False
0.28500000000000003,0.27,0.3050475,0.3360950064990433,False
0.28500000000000003,0.27749999999999997,0.305904375,0.3374708985248215,False
0.28500000000000003,0.285,0.30676125,0.33884998593184856,False
0.28500000000000003,0.2925,0.307618125,0.3402320427809182,False
0.28500000000000003,0.3,0.308475,0.34161686352125886,False
0.28500000000000003,0.3075,0.309331875,0.3430042607880588,False
0.28500000000000003,0.315,0.31018874999999996,0.3443940634734078,False
0.28500000000000003,0.3225,0.311045625,0.34578611503276235,False
0.28500000000000003,0.32999999999999996,0.31190249999999997,0.34718027199477475,False
0.28500000000000003,0.33749999999999997,0.312759375,0.3485764026471301,False
0.28500000000000003,0.345,0.31361625,0.3499743858750687,False
0.28500000000000003,0.3525,0.314473125,0.35137411013266584,False
0.28500000000000003,0.36,0.31533,0.3527754725297983,False
0.28500000000000003,0.3675,0.316186875,0.35417837802014684,False
0.28500000000000003,0.375,0.31704374999999996,0.35558273867762874,False
0.28500000000000003,0.3825,0.317900625,0.3563122229458221,False
0.28500000000000003,0.39,0.3187575,0.3569209078657237,False
0.28500000000000003,0.39749999999999996,0.319614375,0.3575720623109992,False
0.28500000000000003,0.40499999999999997,0.32047125,0.35826365603216714,False
0.28500000000000003,0.4125,0.321328125,0.35899367181342823,False
0.28500000000000003,0.42,0.322185,0.35976012318951134,False
0.28500000000000003,0.4275,0.32304187500000003,0.3605610690791073,False
0.28500000000000003,0.435,0.32389874999999996,0.36139462548946466,False
0.28500000000000003,0.4425,0.324755625,0.36225897452357475,False
0.28500000000000003,0.44999999999999996,0.32561249999999997,0.3631523709686654,False
0.28500000000000003,0.45749999999999996,0.326469375,0.3640731467674159,False
0.28500000000000003,0.46499999999999997,0.32732625,0.365019713676742,False
0.28500000000000003,0.4725,0.328183125,0.36599056440831346,False
0.28500000000000003,0.48,0.32904,0.3669842725247174,False
0.28500000000000003,0.4875,0.32989687500000003,0.36799949133913445,False
0.28500000000000003,0.495,0.33075375,0.3690349520375386,False
0.28500000000000003,0.5025,0.331610625,0.3700894612129727,False
0.28500000000000003,0.51,0.33246749999999997,0.3711618979729351,False
0.28500000000000003,0.5175,0.333324375,0.37225121075434775,False
0.28500000000000003,0.525,0.33418125,0.37335641395653707,False
0.28500000000000003,0.5325,0.335038125,0.37447658448140797,False
0.28500000000000003,0.54,0.335895,0.37561085825156837,False
0.28500000000000003,0.5475,0.33675187500000003,0.3767584267614514,False
0.28500000000000003,0.5549999999999999,0.33760875,0.37783488084746086,False
0.28500000000000003,0.5625,0.33846562500000005,0.3783484669137408,False
0.28500000000000003,0.57,0.33932249999999997,0.3788925625383527,False
0.28500000000000003,0.5775,0.340179375,0.3794663373818412,False
0.28500000000000003,0.585,0.34103625,0.3796222501515797,False
0.28500000000000003,0.5925,0.341893125,0.378768836578655,False
0.28500000000000003,0.6,0.34275,0.3784287327462626,False
0.29,0.0,0.2748,0.29900870056141665,True
0.29,0.0075,0.27565874999999995,0.2990686259939291,True
0.29,0.015,0.27651749999999997,0.29924717300508336,True
0.29,0.0225,0.27737624999999994,0.2995407764766475,True
0.29,0.03,0.278235,0.2999438761785329,True
0.29,0.0375,0.27909375,0.30044940351483906,True
0.29,0.045,0.2799525,0.3010493235557711,True
0.29,0.0525,0.28081124999999996,0.30173515020620345,True
0.29,0.06,0.28167,0.3024983786054553,True
0.29,0.0675,0.28252874999999994,0.30333080942168383,True
0.29,0.075,0.2833875,0.30422476467043796,True
0.29,0.08249999999999999,0.28424625,0.3051732100313821,True
0.29,0.09,0.285105,0.30616980499331903,True
0.29,0.0975,0.28596374999999996,0.307208902294587,True
0.29,0.105,0.2868225,0.30828551497800977,True
0.29,0.11249999999999999,0.28768124999999994,0.309395265120348,True
0.29,0.12,0.28854,0.3105343241887958,True
0.29,0.1275,0.28939875,0.3116993515807457,True
0.29,0.135,0.2902575,0.312887435348009,True
0.29,0.1425,0.29111624999999997,0.3140960373119112,True
0.29,0.15,0.291975,0.315322943585018,True
0.29,0.1575,0.29283374999999995,0.3165662207680268,True
0.29,0.16499999999999998,0.2936925,0.3178241776507096,True
0.29,0.1725,0.29455125,0.31909533200992024,True
0.29,0.18,0.29541,0.3203783819911941,False
0.29,0.1875,0.29626874999999997,0.3216721815324552,False
0.29,0.195,0.2971275,0.3229757193052191,False
0.29,0.20249999999999999,0.29798624999999995,0.3242881006890024,False
0.29,0.21,0.298845,0.32560853234519976,False
0.29,0.2175,0.29970375,0.32693630900965787,False
0.29,0.22499999999999998,0.3005625,0.328270802174178,False
0.29,0.23249999999999998,0.30142125,0.329611450374004,False
0.29,0.24,0.30228,0.33095775084007173,False
0.29,0.2475,0.30313874999999996,0.33230925231123765,False
0.29,0.255,0.30399750000000003,0.3336655488331164,False
0.29,0.2625,0.30485625,0.33502627439697646,False
0.29,0.27,0.305715,0.33639109829490277,False
0.29,0.27749999999999997,0.30657375,0.33775972108665797,False
0.29,0.285,0.3074325,0.33913187108987297,False
0.29,0.2925,0.30829124999999996,0.34050730131881607,False
0.29,0.3,0.30915,0.34188578680843773,False
0.29,0.3075,0.31000875,0.34326712227000267,False
0.29,0.315,0.3108675,0.344651120032704,False
0.29,0.3225,0.31172625,0.3460376082324511,False
0.29,0.32999999999999996,0.31258499999999995,0.3474264292147463,False
0.29,0.33749999999999997,0.31344374999999997,0.3488174381233889,False
0.29,0.345,0.3143025,0.35021050165081996,False
0.29,0.3525,0.31516125,0.3516054969293647,False
0.29,0.36,0.31601999999999997,0.35300231054554604,False
0.29,0.3675,0.31687875,0.3544008376621215,False
0.29,0.375,0.3177375,0.3558009812345973,False
0.29,0.3825,0.31859624999999997,0.3571913437059069,False
0.29,0.39,0.319455,0.35778678077178044,False
0.29,0.39749999999999996,0.32031375,0.35842419352974475,False
0.29,0.40499999999999997,0.32117249999999997,0.35910165715598125,False
0.29,0.4125,0.32203125,0.3598172526237875,False
0.29,0.42,0.32288999999999995,0.360569083628099,False
0.29,0.4275,0.32374875,0.36135529078295875,False
0.29,0.435,0.3246075,0.3621740631917565,False
0.29,0.4425,0.32546625,0.3630236475643904,False
0.29,0.44999999999999996,0.326325,0.3639023551045468,False
0.29,0.45749999999999996,0.32718375,0.3648085664176319,False
0.29,0.46499999999999997,0.32804249999999996,0.36574073469967777,False
0.29,0.4725,0.32890125,0.36669738746396663,False
0.29,0.48,0.32976,0.3676771270489904,False
0.29,0.4875,0.33061875,0.3686786301320185,False
0.29,0.495,0.3314775,0.36970064644965106,False
0.29,0.5025,0.33233625,0.370741996902382,False
0.29,0.51,0.33319499999999996,0.3718015711959001,False
0.29,0.5175,0.33405375,0.3728783251486617,False
0.29,0.525,0.3349125,0.3739712777738479,False
0.29,0.5325,0.33577125,0.375079508224526,False
0.29,0.54,0.33663,0.37620215267382345,False
0.29,0.5475,0.33748875,0.3773384011871849,False
0.29,0.5549999999999999,0.33834749999999997,0.3784874946312061,False
0.29,0.5625,0.33920625,0.3792428925015457,False
0.29,0.57,0.340065,0.37977891653643414,False
0.29,0.5775,0.34092375,0.3802770863470461,False
0.29,0.585,0.3417825,0.3790103457536024,False
0.29,0.5925,0.34264125,0.3779484984284551,False
0.29,0.6,0.34349999999999997,0.3774682641106477,False
0.295,0.0,0.2754,0.2999691691970316,True
0.295,0.0075,0.2762606249999999,0.3000259507125349,True
0.295,0.015,0.27712125,0.30019524820559057,True
0.295,0.0225,0.27798187499999993,0.30047401474542296,True
0.295,0.03,0.2788425,0.3008574671101896,True
0.295,0.0375,0.27970312499999994,0.30133946808581014,True
0.295,0.045,0.28056375,0.3019129618198975,True
0.295,0.0525,0.28142437499999995,0.302570400011998,True
0.295,0.06,0.282285,0.3033041132480568,True
0.295,0.0675,0.28314562499999996,0.30410660302988557,True
0.295,0.075,0.28400624999999996,0.30497074898628074,True
0.295,0.08249999999999999,0.28486687499999996,0.3058899387838462,True
0.295,0.09,0.28572749999999997,0.3068581349585025,True
0.295,0.0975,0.28658812499999997,0.30786989465883285,True
0.295,0.105,0.28744875,0.3089203570319574,True
0.295,0.11249999999999999,0.288309375,0.31000521032093126,True
0.295,0.12,0.28917,0.311120647770919,True
0.295,0.1275,0.290030625,0.3122633187496104,True
0.295,0.135,0.29089125,0.31343027931145173,True
0.295,0.1425,0.29175187499999994,0.3146189448051013,True
0.295,0.15,0.2926125,0.315827045971082,True
0.295,0.1575,0.29347312499999995,0.3170525892018459,True
0.295,0.16499999999999998,0.29433375,0.3182938211410578,True
0.295,0.1725,0.29519437499999995,0.3195491975002077,True
0.295,0.18,0.296055,0.3208173558049501,False
0.295,0.1875,0.29691562499999996,0.3220970917044172,False
0.295,0.195,0.29777625,0.3233873384516968,False
0.295,0.20249999999999999,0.29863687499999997,0.32468714917074193,False
0.295,0.21,0.29949749999999997,0.3259956815497843,False
0.295,0.2175,0.300358125,0.32731218463466544,False
0.295,0.22499999999999998,0.30121875,0.32863598743174377,False
0.295,0.23249999999999998,0.302079375,0.32996648906585485,False
0.295,0.24,0.30294,0.33130315027238405,False
0.295,0.2475,0.303800625,0.33264548603297633,False
0.295,0.255,0.30466125,0.33399305919145156,False
0.295,0.2625,0.305521875,0.33534547491014743,False
0.295,0.27,0.3063825,0.33670237584738355,False
0.295,0.27749999999999997,0.30724312499999995,0.33806343795433025,False
0.295,0.285,0.30810374999999995,0.33942836680460026,False
0.295,0.2925,0.30896437499999996,0.34079689438268823,False
0.295,0.3,0.309825,0.34216877626826625,False
0.295,0.3075,0.31068562499999997,0.34354378916257644,False
0.295,0.315,0.31154624999999997,0.34492172871099597,False
0.295,0.3225,0.312406875,0.34630240758248687,False
0.295,0.32999999999999996,0.3132675,0.34768565377227667,False
0.295,0.33749999999999997,0.314128125,0.3490713090988937,False
0.295,0.345,0.31498874999999993,0.3504592278707416,False
0.295,0.3525,0.315849375,0.35184927570084884,False
0.295,0.36,0.31670999999999994,0.3532413284513696,False
0.295,0.3675,0.317570625,0.35463527129191735,False
0.295,0.375,0.31843124999999994,0.3560309978579546,False
0.295,0.3825,0.319291875,0.3574284094972907,False
0.295,0.39,0.3201525,0.35865684155755245,False
0.295,0.39749999999999996,0.321013125,0.35928101398276463,False
0.295,0.40499999999999997,0.32187374999999996,0.35994483575195585,False
0.295,0.4125,0.32273437499999996,0.3606464810250253,False
0.295,0.42,0.32359499999999997,0.3613841396740096,False
0.295,0.4275,0.32445562499999997,0.36215603098650084,False
0.295,0.435,0.32531625,0.36296041501814363,False
0.295,0.4425,0.326176875,0.3637956017210244,False
0.295,0.44999999999999996,0.3270375,0.3646599580239399,False
0.295,0.45749999999999996,0.327898125,0.36555191307074614,False
0.295,0.46499999999999997,0.32875875,0.36646996183740366,False
0.295,0.4725,0.329619375,0.36741266735030237,False
0.295,0.48,0.33047999999999994,0.36837866172115935,False
0.295,0.4875,0.331340625,0.3693666462000941,False
0.295,0.495,0.33220124999999995,0.3703753904307852,False
0.295,0.5025,0.333061875,0.3714037310718209,False
0.295,0.51,0.33392249999999996,0.37245056992792,False
0.295,0.5175,0.334783125,0.3735148717146824,False
0.295,0.525,0.33564374999999996,0.3745956615616244,False
0.295,0.5325,0.336504375,0.37569202234091614,False
0.295,0.54,0.33736499999999997,0.3768030918936797,False
0.295,0.5475,0.338225625,0.3779280602120172,False
0.295,0.5549999999999999,0.33908625,0.37906616662307674,False
0.295,0.5625,0.339946875,0.38013933800655103,False
0.295,0.57,0.3408075,0.3806675079746705,False
0.295,0.5775,0.341668125,0.37997486848236145,False
0.295,0.585,0.34252875,0.3785845953491153,False
0.295,0.5925,0.343389375,0.3772788362965101,False
0.295,0.6,0.34425,0.37650779547503277,False
0.3,0.0,0.27599999999999997,0.299599507040837,True
0.3,0.0075,0.27686249999999996,0.30098358843176026,True
0.3,0.015,0.27772499999999994,0.30114454116863354,True
0.3,0.0225,0.27858749999999993,0.301409872150454,True
0.3,0.03,0.27945,0.3017754390163779,True
0.3,0.0375,0.28031249999999996,0.3022358841702329,True
0.3,0.045,0.28117499999999995,0.3027849868132638,True
0.3,0.0525,0.28203749999999994,0.3034160164325289,True
0.3,0.06,0.2829,0.3041220507634613,True
0.3,0.0675,0.2837625,0.3048962359737988,True
0.3,0.075,0.28462499999999996,0.30573198101072113,True
0.3,0.08249999999999999,0.28548749999999995,0.30662308875543,True
0.3,0.09,0.28635,0.3075638329854861,True
0.3,0.0975,0.2872124999999999,0.30854899272715036,True
0.3,0.105,0.28807499999999997,0.30957385555318084,True
0.3,0.11249999999999999,0.28893749999999996,0.31063419990964986,True
0.3,0.12,0.2898,0.3117262645204679,True
0.3,0.1275,0.29066249999999993,0.3128467108699031,True
0.3,0.135,0.291525,0.3139925829794668,True
0.3,0.1425,0.29238749999999997,0.31516126727339355,True
0.3,0.15,0.29324999999999996,0.31635045426219355,True
0.3,0.1575,0.29411249999999994,0.31755810301551124,True
0.3,0.16499999999999998,0.294975,0.3187824088791755,True
0.3,0.1725,0.2958375,0.3200217745553559,False
0.3,0.18,0.29669999999999996,0.3212747844575868,False
0.3,0.1875,0.29756249999999995,0.3225401821339824,False
0.3,0.195,0.298425,0.32381685049256076,False
0.3,0.20249999999999999,0.2992875,0.3251037945410855,False
0.3,0.21,0.30015,0.3264001263555846,False
0.3,0.2175,0.30101249999999996,0.32770505200688255,False
0.3,0.22499999999999998,0.301875,0.32901786019663065,False
0.3,0.23249999999999998,0.30273749999999994,0.3303379123793423,False
0.3,0.24,0.3036,0.3316646341723242,False
0.3,0.2475,0.30446249999999997,0.3329975078796852,False
0.3,0.255,0.305325,0.33433606597902543,False
0.3,0.2625,0.30618749999999995,0.3356798854396201,False
0.3,0.27,0.30705,0.33702858275883707,False
0.3,0.27749999999999997,0.3079125,0.3383818096192407,False
0.3,0.285,0.30877499999999997,0.3397392490824961,False
0.3,0.2925,0.30963749999999995,0.3411006122479962,False
0.3,0.3,0.31049999999999994,0.34246563531429774,False
0.3,0.3075,0.3113625,0.3438340769901729,False
0.3,0.315,0.312225,0.3452057162095542,False
0.3,0.3225,0.31308749999999996,0.3465803501110416,False
0.3,0.32999999999999996,0.31394999999999995,0.34795779224810236,False
0.3,0.33749999999999997,0.3148125,0.3493378710007694,False
0.3,0.345,0.31567499999999993,0.3507204281636336,False
0.3,0.3525,0.31653749999999997,0.3521053176883471,False
0.3,0.36,0.31739999999999996,0.3534924045617775,False
0.3,0.3675,0.31826249999999995,0.35488156380346325,False
0.3,0.375,0.319125,0.3562726795681712,False
0.3,0.3825,0.3199875,0.3576656443412064,False
0.3,0.39,0.32084999999999997,0.35906035821571475,False
0.3,0.39749999999999996,0.32171249999999996,0.3601422416575456,False
0.3,0.40499999999999997,0.32257499999999995,0.3607928899970431,False
0.3,0.4125,0.3234375,0.3614810382900831,False
0.3,0.42,0.3242999999999999,0.36220495865890806,False
0.3,0.4275,0.32516249999999997,0.3629629460049318,False
0.3,0.435,0.32602499999999995,0.36375332907958285,False
0.3,0.4425,0.3268875,0.3645744795439605,False
0.3,0.44999999999999996,0.32774999999999993,0.36542481915342767,False
0.3,0.45749999999999996,0.3286125,0.36630282523497737,False
0.3,0.46499999999999997,0.32947499999999996,0.3672070346428454,False
0.3,0.4725,0.3303375,0.36813604638405145,False
0.3,0.48,0.33119999999999994,0.3690885231029576,False
0.3,0.4875,0.3320625,0.370063191604971,False
0.3,0.495,0.33292499999999997,0.3710588425862861,False
0.3,0.5025,0.33378749999999996,0.3720743297207935,False
0.3,0.51,0.33464999999999995,0.3731085682383471,False
0.3,0.5175,0.3355125,0.37416053311149594,False
0.3,0.525,0.336375,0.375229256951285,False
0.3,0.5325,0.33723749999999997,0.37631382769728505,False
0.3,0.54,0.33809999999999996,0.37741338617292125,False
0.3,0.5475,0.3389625,0.37852712356456697,False
0.3,0.5549999999999999,0.33982499999999993,0.3796542788717916,False
0.3,0.5625,0.3406875,0.38079413636655285,False
0.3,0.57,0.34154999999999996,0.3813101386531074,False
0.3,0.5775,0.3424125,0.379869435699685,False
0.3,0.585,0.34327499999999994,0.3784287327462626,False
0.3,0.5925,0.3441375,0.3769880297928402,False
0.3,0.6,0.345,0.3755473268394178,False
0.305,0.0,0.2766,0.30055997567645193,True
0.305,0.0075,0.277464375,0.30133101649792926,True
0.305,0.015,0.27832875,0.30209488168115717,True
0.305,0.0225,0.279193125,0.3023479922127835,True
0.305,0.03,0.2800575,0.3026972167578,True
0.305,0.0375,0.280921875,0.30313785427039003,True
0.305,0.045,0.28178625,0.3036643987327739,True
0.305,0.0525,0.282650625,0.30427083329500826,True
0.305,0.06,0.283515,0.3049509022188005,True
0.305,0.0675,0.284379375,0.30569834104399124,True
0.305,0.075,0.28524375,0.30650705595740474,True
0.305,0.08249999999999999,0.286108125,0.30737125194347037,True
0.305,0.09,0.2869725,0.30828551497800977,True
0.305,0.0975,0.287836875,0.30924485639796734,True
0.305,0.105,0.28870125,0.31024472830548083,True
0.305,0.11249999999999999,0.289565625,0.3112810182399828,True
0.305,0.12,0.29043,0.31235003005578293,True
0.305,0.1275,0.291294375,0.3134484564491962,True
0.305,0.135,0.29215875,0.31457334716754715,True
0.305,0.1425,0.293023125,0.3157220757339021,True
0.305,0.15,0.2938875,0.31689230657375245,True
0.305,0.1575,0.294751875,0.3180819637192859,True
0.305,0.16499999999999998,0.29561625,0.31928920175688325,True
0.305,0.1725,0.296480625,0.320512379331873,False
0.305,0.18,0.297345,0.3217500352920589,False
0.305,0.1875,0.298209375,0.3230008674051984,False
0.305,0.195,0.29907375,0.3242637134996226,False
0.305,0.20249999999999999,0.299938125,0.3255375348321865,False
0.305,0.21,0.30080250000000003,0.3268214014696685,False
0.305,0.2175,0.301666875,0.32811447946869104,False
0.305,0.22499999999999998,0.30253125000000003,0.32941601964839795,False
0.305,0.23249999999999998,0.303395625,0.33072534776490636,False
0.305,0.24,0.30426000000000003,0.3320418559139626,False
0.305,0.2475,0.305124375,0.3333649950063683,False
0.305,0.255,0.30598875000000003,0.3346942681784519,False
0.305,0.2625,0.306853125,0.33602922501648297,False
0.305,0.27,0.30771750000000003,0.3373694564891361,False
0.305,0.27749999999999997,0.308581875,0.3387145904957746,False
0.305,0.285,0.30944625000000003,0.34006428795045457,False
0.305,0.2925,0.310310625,0.34141823933220883,False
0.305,0.3,0.311175,0.3427761616414867,False
0.305,0.3075,0.312039375,0.3441377957107198,False
0.305,0.315,0.31290375000000004,0.34550290382399523,False
0.305,0.3225,0.313768125,0.34687126760687925,False
0.305,0.32999999999999996,0.3146325,0.3482426861526586,False
0.305,0.33749999999999997,0.315496875,0.3496169743557741,False
0.305,0.345,0.31636125,0.3509939614270992,False
0.305,0.3525,0.317225625,0.35237348956905945,False
0.305,0.36,0.31809,0.35375541279146755,False
0.305,0.3675,0.318954375,0.35513959585142996,False
0.305,0.375,0.31981875000000004,0.35652591330282146,False
0.305,0.3825,0.320683125,0.3579142486426708,False
0.305,0.39,0.3215475,0.359304493543398,False
0.305,0.39749999999999996,0.322411875,0.360696547161224,False
0.305,0.40499999999999997,0.32327625,0.36164553952864426,False
0.305,0.4125,0.324140625,0.3623206274040977,False
0.305,0.42,0.325005,0.3630312295814815,False
0.305,0.4275,0.325869375,0.36377571351333804,False
0.305,0.435,0.32673375,0.3645524743166745,False
0.305,0.4425,0.327598125,0.36535994369999375,False
0.305,0.44999999999999996,0.3284625,0.3661965971785629,False
0.305,0.45749999999999996,0.329326875,0.367060959712765,False
0.305,0.46499999999999997,0.33019125,0.3679516099241202,False
0.305,0.4725,0.331055625,0.36886718305291927,False
0.305,0.48,0.33192,0.3698063728225409,False
0.305,0.4875,0.332784375,0.3707679323704606,False
0.305,0.495,0.33364875,0.37175067439652365,False
0.305,0.5025,0.334513125,0.37275347066680853,False
0.305,0.51,0.3353775,0.37377525099759173,False
0.305,0.5175,0.336241875,0.3748150018295329,False
0.305,0.525,0.33710625,0.37587176448793513,False
0.305,0.5325,0.337970625,0.37694463321131527,False
0.305,0.54,0.338835,0.3780327530178653,False
0.305,0.5475,0.339699375,0.3791353174678891,False
0.305,0.5549999999999999,0.34056375,0.38025156637003976,False
0.305,0.5625,0.341428125,0.38138078347017507,False
0.305,0.57,0.3422925,0.38138962946766297,False
0.305,0.5775,0.34315687500000003,0.37997486848236145,False
0.305,0.585,0.34402125,0.3785845953491153,False
0.305,0.5925,0.34488562500000003,0.3772788362965101,False
0.305,0.6,0.34575,0.37650779547503277,False
0.31,0.0,0.2772,0.3015204443120668,True
0.31,0.0075,0.27806624999999996,0.3020006786298743,True
0.31,0.015,0.2789325,0.30304612969836686,True
0.31,0.0225,0.27979875,0.30328807968279264,True
0.31,0.03,0.280665,0.30362231981848076,True
0.31,0.0375,0.28153124999999996,0.3040447052029122,True
0.31,0.045,0.2823975,0.3045503439638386,True
0.31,0.0525,0.28326375,0.3051338429118774,True
0.31,0.06,0.28413,0.305789540140589,True
0.31,0.0675,0.28499625,0.30651170769636604,True
0.31,0.075,0.2858625,0.3072947152610646,True
0.31,0.08249999999999999,0.28672875,0.3081331525997585,True
0.31,0.09,0.287595,0.3090219134222363,True
0.31,0.0975,0.28846125,0.30995624615519074,True
0.31,0.105,0.2893275,0.31093177826157364,True
0.31,0.11249999999999999,0.29019375,0.3119445206943071,True
0.31,0.12,0.29106,0.31299085833506013,True
0.31,0.1275,0.29192625,0.31406753123357617,True
0.31,0.135,0.2927925,0.3151716103847764,True
0.31,0.1425,0.29365874999999997,0.3163004708022117,True
0.31,0.15,0.29452500000000004,0.31745176382947016,True
0.31,0.1575,0.29539125,0.31862338998803363,True
0.31,0.16499999999999998,0.2962575,0.3198134731763781,True
0.31,0.1725,0.29712374999999996,0.32102033668516833,False
0.31,0.18,0.29799000000000003,0.3222424812492815,False
0.31,0.1875,0.29885625,0.3234785651935071,False
0.31,0.195,0.2997225,0.3247273866236525,False
0.31,0.20249999999999999,0.30058875,0.32598786755147136,False
0.31,0.21,0.30145500000000003,0.327259039807421,False
0.31,0.2175,0.30232125,0.3285400325802575,False
0.31,0.22499999999999998,0.3031875,0.3298300614200622,False
0.31,0.23249999999999998,0.30405375,0.33112841854668035,False
0.31,0.24,0.30492,0.3324344643154452,False
0.31,0.2475,0.30578625,0.3337476197042589,False
0.31,0.255,0.30665250000000005,0.3350673596991533,False
0.31,0.2625,0.30751875,0.3363932074684602,False
0.31,0.27,0.308385,0.3377247292281314,False
0.31,0.27749999999999997,0.30925125,0.33906152971226294,False
0.31,0.285,0.3101175,0.3404032481733592,False
0.31,0.2925,0.31098375,0.34174955484628095,False
0.31,0.3,0.31185,0.3431001478181831,False
0.31,0.3075,0.31271625000000003,0.3444547502541243,False
0.31,0.315,0.3135825,0.34581310793450315,False
0.31,0.3225,0.31444875,0.34717498706613276,False
0.31,0.32999999999999996,0.31531499999999996,0.3485401723336927,False
0.31,0.33749999999999997,0.31618125,0.349908465162584,False
0.31,0.345,0.3170475,0.351279682167934,False
0.31,0.3525,0.31791375,0.35265365376772617,False
0.31,0.36,0.31877999999999995,0.35403022294083075,False
0.31,0.3675,0.31964625,0.355409244113139,False
0.31,0.375,0.3205125,0.35679058215711024,False
0.31,0.3825,0.32137875,0.3581741114918681,False
0.31,0.39,0.32224500000000006,0.35955971527256836,False
0.31,0.39749999999999996,0.32311125,0.36094728465913917,False
0.31,0.40499999999999997,0.3239775,0.36233671815569307,False
0.31,0.4125,0.32484375,0.3631649714215733,False
0.31,0.42,0.32571,0.3638626615695864,False
0.31,0.4275,0.32657625,0.364594031132064,False
0.31,0.435,0.32744249999999997,0.36535753921996783,False
0.31,0.4425,0.32830875000000004,0.36615167583336633,False
0.31,0.44999999999999996,0.329175,0.3669749690467948,False
0.31,0.45749999999999996,0.33004125,0.36782599074246497,False
0.31,0.46499999999999997,0.33090749999999997,0.36870336101892615,False
0.31,0.4725,0.33177375000000003,0.3696057514143972,False
0.31,0.48,0.33264,0.3705318870880049,False
0.31,0.4875,0.33350625,0.3714805481002666,False
0.31,0.495,0.3343725,0.37245056992792,False
0.31,0.5025,0.33523875000000003,0.3734408433389913,False
0.31,0.51,0.336105,0.374450313742947,False
0.31,0.5175,0.33697125,0.37547798011881267,False
0.31,0.525,0.3378375,0.37652289361195096,False
0.31,0.5325,0.33870375,0.37758415587829264,False
0.31,0.54,0.33957,0.3786609172435512,False
0.31,0.5475,0.34043625,0.3797523747345507,False
0.31,0.5549999999999999,0.3413025,0.3808577700303778,False
0.31,0.5625,0.34216875,0.3819763873726813,False
0.31,0.57,0.343035,0.3816218638588128,False
0.31,0.5775,0.34390125000000005,0.3802770863470461,False
0.31,0.585,0.3447675,0.3790103457536024,False
0.31,0.5925,0.34563375,0.3779484984284551,False
0.31,0.6,0.3465,0.37746826411064766,False
0.315,0.0,0.2778,0.30248091294768176,True
0.315,0.0075,0.278668125,0.30282101678007417,True
0.315,0.015,0.27953625,0.3036744303529988,True
0.315,0.0225,0.280404375,0.3042298880625476,True
0.315,0.03,0.2812725,0.3045503439638386,True
0.315,0.0375,0.282140625,0.3049558654999379,True
0.315,0.045,0.28300875,0.3054420905138543,True
0.315,0.0525,0.283876875,0.3060041718282894,True
0.315,0.06,0.28474499999999997,0.3066369763800628,True
0.315,0.0675,0.28561312499999997,0.3073352631683666,True
0.315,0.075,0.28648125,0.3080938314320928,True
0.315,0.08249999999999999,0.28734937499999996,0.30890763580969566,True
0.315,0.09,0.2882175,0.3097718693525483,True
0.315,0.0975,0.28908562499999996,0.31068201791606115,True
0.315,0.105,0.28995375,0.3116338907782317,True
0.315,0.11249999999999999,0.29082187499999995,0.3126236326552947,True
0.315,0.12,0.29169,0.3136477219561187,True
0.315,0.1275,0.292558125,0.3147029594463123,True
0.315,0.135,0.29342625,0.3157864507007736,True
0.315,0.1425,0.294294375,0.31689558494831827,True
0.315,0.15,0.2951625,0.3180280122275426,True
0.315,0.1575,0.296030625,0.31918162020795793,True
0.315,0.16499999999999998,0.29689875,0.3203545115864045,False
0.315,0.1725,0.297766875,0.3215449826334704,False
0.315,0.18,0.298635,0.32275150322011775,False
0.315,0.1875,0.299503125,0.32397269848222665,False
0.315,0.195,0.30037125000000003,0.32520733216332065,False
0.315,0.20249999999999999,0.301239375,0.3264542915990811,False
0.315,0.21,0.30210750000000003,0.32771257426002914,False
0.315,0.2175,0.30297562499999997,0.3289812757422126,False
0.315,0.22499999999999998,0.30384375,0.3302595790833615,False
0.315,0.23249999999999998,0.30471187499999997,0.3315467452789945,False
0.315,0.24,0.30558,0.33284210487597493,False
0.315,0.2475,0.30644812499999996,0.3341450505276341,False
0.315,0.255,0.30731625,0.33545503040317026,False
0.315,0.2625,0.308184375,0.3367715423534876,False
0.315,0.27,0.3090525,0.3380941287452584,False
0.315,0.27749999999999997,0.309920625,0.33942237188431285,False
0.315,0.285,0.31078875,0.3407558899582372,False
0.315,0.2925,0.311656875,0.34209433343614065,False
0.315,0.3,0.31252499999999994,0.34343738187088974,False
0.315,0.3075,0.313393125,0.3447847410556953,False
0.315,0.315,0.31426125000000005,0.34613614049280567,False
0.315,0.3225,0.315129375,0.3474913311372524,False
0.315,0.32999999999999996,0.3159975,0.34885008338317364,False
0.315,0.33749999999999997,0.316865625,0.35021218526425985,False
0.315,0.345,0.31773375,0.3515774408433902,False
0.315,0.3525,0.318601875,0.35294566876960787,False
0.315,0.36,0.31947,0.3543167009832745,False
0.315,0.3675,0.320338125,0.3556903815525938,False
0.315,0.375,0.32120625,0.3570665656267431,False
0.315,0.3825,0.322074375,0.3584451184926419,False
0.315,0.39,0.32294249999999997,0.3598259147239458,False
0.315,0.39749999999999996,0.323810625,0.361208837412219,False
0.315,0.40499999999999997,0.32467874999999996,0.3625937774714262,False
0.315,0.4125,0.325546875,0.36398063300792793,False
0.315,0.42,0.32641499999999996,0.364698982448964,False
0.315,0.4275,0.327283125,0.3654176150983159,False
0.315,0.435,0.32815124999999995,0.36616823061683645,False
0.315,0.4425,0.329019375,0.366949375475126,False
0.315,0.44999999999999996,0.3298875,0.3677596290020313,False
0.315,0.45749999999999996,0.330755625,0.368597609157106,False
0.315,0.46499999999999997,0.33162375,0.3694619770735289,False
0.315,0.4725,0.332491875,0.370351440488802,False
0.315,0.48,0.33336,0.3712647561867464,False
0.315,0.4875,0.334228125,0.3722007315749617,False
0.315,0.495,0.33509625,0.37315822551832944,False
0.315,0.5025,0.335964375,0.374136148542532,False
0.315,0.51,0.3368325,0.3751334625129359,False
0.315,0.5175,0.33770062500000003,0.37614917988440044,False
0.315,0.525,0.33856875,0.3771823626072825,False
0.315,0.5325,0.339436875,0.37823212076461077,False
0.315,0.54,0.34030499999999997,0.3792976110054685,False
0.315,0.5475,0.341173125,0.38037803483029053,False
0.315,0.5549999999999999,0.34204124999999996,0.38147263677520193,False
0.315,0.5625,0.342909375,0.38258070253477855,False
0.315,0.57,0.34377749999999996,0.3819903463178922,False
0.315,0.5775,0.344645625,0.38074185521069465,False
0.315,0.585,0.34551375,0.3796222501515797,False
0.315,0.5925,0.346381875,0.378768836578655,False
0.315,0.6,0.34725,0.3784287327462626,False
0.32,0.0,0.2784,0.3034413815832967,True
0.32,0.0075,0.27926999999999996,0.30370263085081395,True
0.32,0.015,0.28014,0.30440185021891164,True
0.32,0.0225,0.28101,0.3051732100313821,True
0.32,0.03,0.28187999999999996,0.30548094692874733,True
0.32,0.0375,0.28274999999999995,0.3058708474114647,True
0.32,0.045,0.28362,0.30633900798020985,True
0.32,0.0525,0.28448999999999997,0.3068810605171553,True
0.32,0.06,0.28536,0.30749234303424544,True
0.32,0.0675,0.28623,0.30816805567078903,True
0.32,0.075,0.28709999999999997,0.3089033940793181,True
0.32,0.08249999999999999,0.28796999999999995,0.30969365649500974,True
0.32,0.09,0.28884,0.3105343241887958,True
0.32,0.0975,0.28970999999999997,0.31142111738084716,True
0.32,0.105,0.29058,0.31235003005578293,True
0.32,0.11249999999999999,0.29145,0.31331734765972175,True
0.32,0.12,0.29231999999999997,0.3143196516176427,True
0.32,0.1275,0.29318999999999995,0.31535381421942466,True
0.32,0.135,0.29406,0.3164169868675102,True
0.32,0.1425,0.29492999999999997,0.31750658408444377,True
0.32,0.15,0.2958,0.31862026512034797,True
0.32,0.1575,0.29667,0.3197559145166709,True
0.32,0.16499999999999998,0.29753999999999997,0.3209116225859934,False
0.32,0.1725,0.29840999999999995,0.32208566645614545,False
0.32,0.18,0.29928,0.3232764920905627,False
0.32,0.1875,0.30015,0.32448269752310077,False
0.32,0.195,0.30102,0.3257030174216763,False
0.32,0.20249999999999999,0.30189,0.32693630900965787,False
0.32,0.21,0.30276,0.3281815393172531,False
0.32,0.2175,0.30362999999999996,0.32943777369948485,False
0.32,0.22499999999999998,0.3045,0.3307041655367093,False
0.32,0.23249999999999998,0.30537,0.33197994702344,False
0.32,0.24,0.30624,0.33326442094814285,False
0.32,0.2475,0.30711,0.33455695336819335,False
0.32,0.255,0.30798000000000003,0.3358569670886061,False
0.32,0.2625,0.30884999999999996,0.3371639358592159,False
0.32,0.27,0.30972,0.3384773792118872,False
0.32,0.27749999999999997,0.31059,0.33979685786647934,False
0.32,0.285,0.31145999999999996,0.34112196964134633,False
0.32,0.2925,0.31233,0.34245234581086936,False
0.32,0.3,0.31320000000000003,0.343787647858788,False
0.32,0.3075,0.31406999999999996,0.3451275645818453,False
0.32,0.315,0.31493999999999994,0.34647180950347445,False
0.32,0.3225,0.31581,0.3478201185619404,False
0.32,0.32999999999999996,0.31667999999999996,0.34917224804153424,False
0.32,0.33749999999999997,0.31755,0.3505279727191337,False
0.32,0.345,0.31842,0.3518870842017343,False
0.32,0.3525,0.31928999999999996,0.3532493894334556,False
0.32,0.36,0.32015999999999994,0.3546147093530877,False
0.32,0.3675,0.32103,0.35598287768548736,False
0.32,0.375,0.32189999999999996,0.35735373985210944,False
0.32,0.3825,0.32277,0.3587271519876925,False
0.32,0.39,0.32364000000000004,0.36010298005163877,False
0.32,0.39749999999999996,0.32450999999999997,0.3614810990239626,False
0.32,0.40499999999999997,0.32537999999999995,0.36286139217685365,False
0.32,0.4125,0.32625,0.3642437504139297,False
0.32,0.42,0.32711999999999997,0.36553993741316343,False
0.32,0.4275,0.32799,0.36624619902141226,False
0.32,0.435,0.32886,0.3669842725247174,False
0.32,0.4425,0.32972999999999997,0.3677527590024592,False
0.32,0.44999999999999996,0.33059999999999995,0.3685502876541145,False
0.32,0.45749999999999996,0.33147,0.3693755215646041,False
0.32,0.46499999999999997,0.33233999999999997,0.3702271623315023,False
0.32,0.4725,0.33321,0.3711039536521432,False
0.32,0.48,0.33408,0.3720046839764579,False
0.32,0.4875,0.33494999999999997,0.37292818833401886,False
0.32,0.495,0.33581999999999995,0.37387334944236683,False
0.32,0.5025,0.33669,0.37483909819928024,False
0.32,0.51,0.33755999999999997,0.37582441365513264,False
0.32,0.5175,0.33843,0.3768283225536243,False
0.32,0.525,0.3393,0.3778498985205996,False
0.32,0.5325,0.34017,0.3788882609718488,False
0.32,0.54,0.34103999999999995,0.37994257380210555,False
0.32,0.5475,0.34191,0.3810120439091454,False
0.32,0.5549999999999999,0.34278,0.3820959195991377,False
0.32,0.5625,0.34365,0.38319348891230387,False
0.32,0.57,0.34452,0.3824733646677869,False
0.32,0.5775,0.34539000000000003,0.3813301137972782,False
0.32,0.585,0.34625999999999996,0.3803496700174925,False
0.32,0.5925,0.34713,0.3796504506493948,False
0.32,0.6,0.348,0.37938920138187754,False
0.325,0.0,0.27899999999999997,0.30440185021891164,True
0.325,0.0075,0.27987187499999994,0.3046133005148445,True
0.325,0.015,0.28074374999999996,0.3051999534516153,True
0.325,0.0225,0.2816156249999999,0.3060603990071215,True
0.325,0.03,0.28248749999999995,0.30641383715843107,True
0.325,0.0375,0.28335937499999997,0.30678923249038537,True
0.325,0.045,0.28423125,0.3072405511689016,True
0.325,0.0525,0.28510312499999996,0.3077638463833003,True
0.325,0.06,0.285975,0.30835487606175277,True
0.325,0.0675,0.28684687499999995,0.3090092395422642,True
0.325,0.075,0.28771874999999997,0.30972249717423966,True
0.325,0.08249999999999999,0.28859062499999993,0.31049026903067095,True
0.325,0.09,0.28946249999999996,0.3113083116932463,True
0.325,0.0975,0.290334375,0.31217257414610167,True
0.325,0.105,0.29120625,0.3130792351289436,True
0.325,0.11249999999999999,0.29207812499999997,0.31402472495177064,True
0.325,0.12,0.29295,0.31500573492325146,True
0.325,0.1275,0.29382187499999995,0.3160192173638204,True
0.325,0.135,0.29469375,0.31706237880926025,True
0.325,0.1425,0.29556562499999994,0.31813266857027145,True
0.325,0.15,0.29643749999999996,0.31922776437049794,True
0.325,0.1575,0.29730937499999993,0.32034555638138573,False
0.325,0.16499999999999998,0.29818125,0.3214841306266088,False
0.325,0.1725,0.299053125,0.32264175244669036,False
0.325,0.18,0.299925,0.32381685049256076,False
0.325,0.1875,0.30079687499999996,0.32500800154765497,False
0.325,0.195,0.30166875,0.3262139163528553,False
0.325,0.20249999999999999,0.30254062499999995,0.3274334265183524,False
0.325,0.21,0.3034125,0.3286654725434705,False
0.325,0.2175,0.30428437499999994,0.3299090929230659,False
0.325,0.22499999999999998,0.30515625,0.3311634142918965,False
0.325,0.23249999999999998,0.306028125,0.3324276425421788,False
0.325,0.24,0.3069,0.33370105484116697,False
0.325,0.2475,0.307771875,0.33498299247259683,False
0.325,0.255,0.30864375,0.33627285442644783,False
0.325,0.2625,0.30951562499999996,0.3375700916643938,False
0.325,0.27,0.3103875,0.338874201992623,False
0.325,0.27749999999999997,0.31125937499999995,0.34018472547875717,False
0.325,0.285,0.31213124999999997,0.34150124035494916,False
0.325,0.2925,0.313003125,0.34282335935460095,False
0.325,0.3,0.31387499999999996,0.34415072643531824,False
0.325,0.3075,0.314746875,0.3454830138456029,False
0.325,0.315,0.31561875,0.3468199194973107,False
0.325,0.3225,0.31649062499999997,0.34816116461004487,False
0.325,0.32999999999999996,0.31736249999999994,0.34950649159741337,False
0.325,0.33749999999999997,0.31823437499999996,0.3508556621684593,False
0.325,0.345,0.3191062499999999,0.35220845562060127,False
0.325,0.3525,0.31997812499999995,0.35356466730312075,False
0.325,0.36,0.32084999999999997,0.35492410723263057,False
0.325,0.3675,0.321721875,0.35628659884408687,False
0.325,0.375,0.32259375,0.3576519778627852,False
0.325,0.3825,0.323465625,0.35902009128444745,False
0.325,0.39,0.32433749999999995,0.36039079645197175,False
0.325,0.39749999999999996,0.32520937499999997,0.3617639602187128,False
0.325,0.40499999999999997,0.32608124999999993,0.3631394581893044,False
0.325,0.4125,0.32695312499999996,0.36451717403004097,False
0.325,0.42,0.327825,0.36589699884172733,False
0.325,0.4275,0.328696875,0.36707953271849714,False
0.325,0.435,0.32956874999999997,0.3678054050696864,False
0.325,0.4425,0.330440625,0.36856155864878243,False
0.325,0.44999999999999996,0.33131249999999995,0.3693466710854497,False
0.325,0.45749999999999996,0.332184375,0.37015944955278796,False
0.325,0.46499999999999997,0.33305624999999994,0.3709986354363646,False
0.325,0.4725,0.33392812499999996,0.3718630080334733,False
0.325,0.48,0.33479999999999993,0.3727513873726813,False
0.325,0.4875,0.335671875,0.37366263624790624,False
0.325,0.495,0.33654375,0.3745956615616244,False
0.325,0.5025,0.337415625,0.3755494150692421,False
0.325,0.51,0.33828749999999996,0.37652289361195096,False
0.325,0.5175,0.339159375,0.37751513891922844,False
0.325,0.525,0.34003124999999995,0.3785252370551089,False
0.325,0.5325,0.340903125,0.3795523175748915,False
0.325,0.54,0.34177499999999994,0.3805955524514289,False
0.325,0.5475,0.342646875,0.3816541548228075,False
0.325,0.5549999999999999,0.34351875,0.38272737760627823,False
0.325,0.5625,0.344390625,0.3838145120168358,False
0.325,0.57,0.34526249999999997,0.38304882668944784,False
0.325,0.5775,0.346134375,0.38200821880570235,False
0.325,0.585,0.34700624999999996,0.38114777325019616,False
0.325,0.5925,0.347878125,0.3805611203134253,False
0.325,0.6,0.34874999999999995,0.3803496700174925,False
0.33,0.0,0.2796,0.3053623188545265,True
0.33,0.0075,0.28047374999999997,0.3055396774929368,True
0.33,0.015,0.28134750000000003,0.30604252651931135,True
0.33,0.0225,0.28222125,0.30680302180794894,True
0.33,0.03,0.28309500000000004,0.3073487648813562,True
0.33,0.0375,0.28396875,0.3077106599807575,True
0.33,0.045,0.2848425,0.3081462466536799,True
0.33,0.0525,0.28571625,0.3086519495273805,True
0.33,0.06,0.28659,0.3092239012435954,True
0.33,0.0675,0.28746375,0.3098580622089617,True
0.33,0.075,0.2883375,0.310550327555244,True
0.33,0.08249999999999999,0.28921125,0.31129661758308413,True
0.33,0.09,0.29008500000000004,0.31209295021732286,True
0.33,0.0975,0.29095875,0.31293549577783314,True
0.33,0.105,0.29183250000000005,0.3138206155857245,True
0.33,0.11249999999999999,0.29270625,0.3147448866170435,True
0.33,0.12,0.29358,0.31570511468600004,True
0.33,0.1275,0.29445375,0.31669833860932106,True
0.33,0.135,0.2953275,0.317721827586441,True
0.33,0.1425,0.29620125,0.3187730737183477,True
0.33,0.15,0.29707500000000003,0.31984978124631,True
0.33,0.1575,0.29794875,0.32094985376208623,False
0.33,0.16499999999999998,0.29882250000000005,0.3220713803465719,False
0.33,0.1725,0.29969625,0.32321262134411527,False
0.33,0.18,0.30057,0.32437199427638574,False
0.33,0.1875,0.30144375,0.3255480602394274,False
0.33,0.195,0.3023175,0.32673951100474724,False
0.33,0.20249999999999999,0.30319125,0.3279451569536449,False
0.33,0.21,0.30406500000000003,0.32916391590736055,False
0.33,0.2175,0.30493875,0.3303948028685383,False
0.33,0.22499999999999998,0.30581250000000004,0.33163692065735284,False
0.33,0.23249999999999998,0.30668625,0.3328894514046734,False
0.33,0.24,0.30756000000000006,0.33415164885184984,False
0.33,0.2475,0.30843375,0.3354228313998099,False
0.33,0.255,0.3093075,0.33670237584738355,False
0.33,0.2625,0.31018125,0.3379897117588213,False
0.33,0.27,0.311055,0.33928431640237644,False
0.33,0.27749999999999997,0.31192875000000003,0.34058571020487954,False
0.33,0.285,0.31280250000000004,0.3418934526709506,False
0.33,0.2925,0.31367625,0.34320713871951547,False
0.33,0.3,0.31455,0.3445263953943905,False
0.33,0.3075,0.31542375,0.34585087890970756,False
0.33,0.315,0.31629750000000006,0.34718027199477475,False
0.33,0.3225,0.31717125,0.34851428150654834,False
0.33,0.32999999999999996,0.31804499999999997,0.3498526362811992,False
0.33,0.33749999999999997,0.31891875000000003,0.35119508519928017,False
0.33,0.345,0.3197925,0.3525413954417429,False
0.33,0.3525,0.32066625000000004,0.3538913509165309,False
0.33,0.36,0.32154,0.3552447508376925,False
0.33,0.3675,0.32241375,0.3566014084409464,False
0.33,0.375,0.32328750000000006,0.35796114982140587,False
0.33,0.3825,0.32416125,0.35932381288074355,False
0.33,0.39,0.325035,0.3606892463724827,False
0.33,0.39749999999999996,0.32590875,0.362057309035344,False
0.33,0.40499999999999997,0.3267825,0.3634278688056844,False
0.33,0.4125,0.32765625000000004,0.3648008021010392,False
0.33,0.42,0.32853,0.366175993167651,False
0.33,0.4275,0.32940375000000005,0.3675533334856348,False
0.33,0.435,0.3302775,0.36863138346871865,False
0.33,0.4425,0.33115125,0.3693755215646041,False
0.33,0.44999999999999996,0.332025,0.37014851999617093,False
0.33,0.45749999999999996,0.33289875,0.3709491289216953,False
0.33,0.46499999999999997,0.3337725,0.3717761287513766,False
0.33,0.4725,0.33464625000000003,0.3726283339205396,False
0.33,0.48,0.33552,0.373504595837082,False
0.33,0.4875,0.33639375000000005,0.3744038050845644,False
0.33,0.495,0.3372675,0.37532489296410765,False
0.33,0.5025,0.33814125000000006,0.3762668324572129,False
0.33,0.51,0.339015,0.3772286386884488,False
0.33,0.5175,0.33988875,0.378209368962272,False
0.33,0.525,0.3407625,0.3792081224425748,False
0.33,0.5325,0.34163625000000003,0.38022403953732653,False
0.33,0.54,0.34251,0.3812563010442227,False
0.33,0.5475,0.34338375000000004,0.3823041271068405,False
0.33,0.5549999999999999,0.3442575,0.38336677602461,False
0.33,0.5625,0.34513125000000006,0.3844435429540765,False
0.33,0.57,0.346005,0.3836971734637415,False
0.33,0.5775,0.34687875,0.3827508416065298,False
0.33,0.585,0.3477525,0.3819903463178922,False
0.33,0.5925,0.34862625,0.38148749729151765,False
0.33,0.6,0.34950000000000003,0.38131013865310737,False
0.335,0.0,0.2802,0.30632278749014147,True
0.335,0.0075,0.281075625,0.30647541607164885,True
0.335,0.015,0.28195125,0.30691421824497894,True
0.335,0.0225,0.282826875,0.30759219901538476,True
0.335,0.03,0.2837025,0.30828551497800977,True
0.335,0.0375,0.28457812499999996,0.30863481741088405,True
0.335,0.045,0.28545375,0.3090556817076254,True
0.335,0.0525,0.286329375,0.30954486080474203,True
0.335,0.06,0.287205,0.3100988221661176,True
0.335,0.0675,0.288080625,0.3107138527734826,True
0.335,0.075,0.28895625,0.3113861546232771,True
0.335,0.08249999999999999,0.28983187499999996,0.3121119272170481,True
0.335,0.09,0.2907075,0.312887435348009,True
0.335,0.0975,0.291583125,0.3137090619873763,True
0.335,0.105,0.29245875,0.31457334716754715,True
0.335,0.11249999999999999,0.293334375,0.31547701444548293,True
0.335,0.12,0.29421,0.3164169868675102,True
0.335,0.1275,0.29508562499999996,0.3173903944304584,True
0.335,0.135,0.29596125,0.3183945749298045,True
0.335,0.1425,0.296836875,0.3194270698775798,True
0.335,0.15,0.2977125,0.32048561691805516,False
0.335,0.1575,0.298588125,0.3215681399068407,False
0.335,0.16499999999999998,0.29946375000000003,0.32267273757318043,False
0.335,0.1725,0.300339375,0.32379767146864846,False
0.335,0.18,0.301215,0.3249413537230197,False
0.335,0.1875,0.302090625,0.3261023349796955,False
0.335,0.195,0.30296625000000005,0.3272792927658103,False
0.335,0.20249999999999999,0.303841875,0.3284710204618395,False
0.335,0.21,0.30471750000000003,0.3296764169676345,False
0.335,0.2175,0.305593125,0.3308944771120007,False
0.335,0.22499999999999998,0.30646875,0.33212428281735307,False
0.335,0.23249999999999998,0.307344375,0.3333649950063683,False
0.335,0.24,0.30822000000000005,0.33461584622123014,False
0.335,0.2475,0.309095625,0.33587613391589033,False
0.335,0.255,0.30997125000000003,0.33714521437607575,False
0.335,0.2625,0.310846875,0.3384224972192698,False
0.335,0.27,0.3117225,0.3397074404266172,False
0.335,0.27749999999999997,0.312598125,0.3409995458599116,False
0.335,0.285,0.31347375,0.3422983552189967,False
0.335,0.2925,0.314349375,0.34360344639765467,False
0.335,0.3,0.31522500000000003,0.34491443019909557,False
0.335,0.3075,0.316100625,0.3462309473753048,False
0.335,0.315,0.31697624999999996,0.3475526659576257,False
0.335,0.3225,0.317851875,0.34887927884896075,False
0.335,0.32999999999999996,0.3187275,0.35021050165081996,False
0.335,0.33749999999999997,0.319603125,0.351546070701093,False
0.335,0.345,0.32047875,0.35288574130086686,False
0.335,0.3525,0.321354375,0.3542292861108427,False
0.335,0.36,0.32222999999999996,0.3555764936999336,False
0.335,0.3675,0.323105625,0.3569271672304602,False
0.335,0.375,0.32398125,0.3582811232660088,False
0.335,0.3825,0.324856875,0.35963819068950054,False
0.335,0.39,0.32573250000000004,0.3609982097203438,False
0.335,0.39749999999999996,0.326608125,0.36236103102072864,False
0.335,0.40499999999999997,0.32748374999999996,0.36372651488218016,False
0.335,0.4125,0.328359375,0.3650945304844278,False
0.335,0.42,0.329235,0.36646495521949224,False
0.335,0.4275,0.330110625,0.3678376740746355,False
0.335,0.435,0.33098625,0.3692125790684886,False
0.335,0.4425,0.33186187500000003,0.37019440892856503,False
0.335,0.44999999999999996,0.33273749999999996,0.37095558888852875,False
0.335,0.45749999999999996,0.333613125,0.3717443089448603,False
0.335,0.46499999999999997,0.33448875,0.3725593876990166,False
0.335,0.4725,0.335364375,0.37339967417683273,False
0.335,0.48,0.33624,0.3742640508699182,False
0.335,0.4875,0.33711562500000003,0.3751514360739595,False
0.335,0.495,0.33799124999999997,0.37606078559666584,False
0.335,0.5025,0.338866875,0.3769910939082903,False
0.335,0.51,0.3397425,0.3779413948057829,False
0.335,0.5175,0.34061812500000005,0.3789107616582323,False
0.335,0.525,0.34149375,0.37989830729678636,False
0.335,0.5325,0.34236937500000003,0.38090318360711867,False
0.335,0.54,0.343245,0.3819245808770329,False
0.335,0.5475,0.344120625,0.38296172694623754,False
0.335,0.5549999999999999,0.34499625,0.3840138861998534,False
0.335,0.5625,0.34587187500000005,0.3850803584419876,False
0.335,0.57,0.3467475,0.38440241012530507,False
0.335,0.5775,0.34762312500000003,0.38354001881396554,False
0.335,0.585,0.34849875,0.3828620380435598,False
0.335,0.5925,0.349374375,0.3824232358702297,False
0.335,0.6,0.35025,0.3822706072887223,False
0.34,0.0,0.2808,0.3072832561257564,True
0.34,0.0075,0.28167749999999997,0.307417155344515,True
0.34,0.015,0.282555,0.30780575466079096,True
0.34,0.0225,0.2834325,0.30841543722431736,True
0.34,0.03,0.28431,0.30920419339698624,True
0.34,0.0375,0.2851875,0.30956143292990657,True
0.34,0.045,0.286065,0.3099684951533961,True
0.34,0.0525,0.2869425,0.3104421317901868,True
0.34,0.06,0.28782,0.31097910993691585,True
0.34,0.0675,0.2886975,0.31157601205456487,True
0.34,0.075,0.289575,0.31222932115294266,True
0.34,0.08249999999999999,0.29045249999999995,0.31293549577783314,True
0.34,0.09,0.29133,0.31369103301853896,True
0.34,0.0975,0.29220749999999995,0.31449251900988084,True
0.34,0.105,0.293085,0.31533666736687044,True
0.34,0.11249999999999999,0.29396249999999996,0.3162203466419908,True
0.34,0.12,0.29484,0.31714059826389707,True
0.34,0.1275,0.29571749999999997,0.3180946465583876,True
0.34,0.135,0.296595,0.3190799024312213,True
0.34,0.1425,0.2974725,0.32009396216663216,False
0.34,0.15,0.29835,0.32113460261319443,False
0.34,0.1575,0.2992275,0.3221997738253706,False
0.34,0.16499999999999998,0.300105,0.3232875900282609,False
0.34,0.1725,0.3009825,0.324396319588867,False
0.34,0.18,0.30186,0.32552437451661353,False
0.34,0.1875,0.3027375,0.3266702998811799,False
0.34,0.195,0.303615,0.3278327634261219,False
0.34,0.20249999999999999,0.3044925,0.32901054556992876,False
0.34,0.21,0.30537000000000003,0.3302025299189318,False
0.34,0.2175,0.3062475,0.3314076943655806,False
0.34,0.22499999999999998,0.30712500000000004,0.3326251028079391,False
0.34,0.23249999999999998,0.3080025,0.33385389749907257,False
0.34,0.24,0.30888000000000004,0.3350932920159626,False
0.34,0.2475,0.30975749999999996,0.3363425648247727,False
0.34,0.255,0.310635,0.33760105341113716,False
0.34,0.2625,0.31151249999999997,0.3388681489394362,False
0.34,0.27,0.31239,0.3401432914027993,False
0.34,0.27749999999999997,0.3132675,0.34142596522511187,False
0.34,0.285,0.314145,0.3427156952770409,False
0.34,0.2925,0.3150225,0.3440120432696351,False
0.34,0.3,0.31589999999999996,0.3453146044910813,False
0.34,0.3075,0.3167775,0.34662300485450714,False
0.34,0.315,0.317655,0.34793689822714374,False
0.34,0.3225,0.3185325,0.3492559640136,False
0.34,0.32999999999999996,0.31940999999999997,0.35057990496837504,False
0.34,0.33749999999999997,0.3202875,0.351908445215005,False
0.34,0.345,0.321165,0.3532413284513696,False
0.34,0.3525,0.3220425,0.3545783163226688,False
0.34,0.36,0.32292,0.3559191869453988,False
0.34,0.3675,0.3237975,0.3572637335673289,False
0.34,0.375,0.32467500000000005,0.3586117633499962,False
0.34,0.3825,0.3255525,0.3599630962616097,False
0.34,0.39,0.32643,0.3613175640694958,False
0.34,0.39749999999999996,0.3273075,0.3626750094223344,False
0.34,0.40499999999999997,0.32818499999999995,0.3640352850134392,False
0.34,0.4125,0.3290625,0.36539825281723276,False
0.34,0.42,0.32993999999999996,0.36676378339187765,False
0.34,0.4275,0.3308175,0.3681317552417433,False
0.34,0.435,0.33169499999999996,0.36950205423403604,False
0.34,0.4425,0.3325725,0.37087457306449617,False
0.34,0.44999999999999996,0.33344999999999997,0.37176764529062156,False
0.34,0.45749999999999996,0.3343275,0.37254475166068973,False
0.34,0.46499999999999997,0.335205,0.37334817012200483,False
0.34,0.4725,0.3360825,0.3741767836724871,False
0.34,0.48,0.33696,0.375029505509577,False
0.34,0.4875,0.3378375,0.3759052814738435,False
0.34,0.495,0.338715,0.3768030918936797,False
0.34,0.5025,0.3395925,0.3777219528955608,False
0.34,0.51,0.34047,0.3786609172435512,False
0.34,0.5175,0.3413475,0.3796190747694337,False
0.34,0.525,0.342225,0.3805955524514289,False
0.34,0.5325,0.34310250000000003,0.38158951419532666,False
0.34,0.54,0.34398,0.38260016036727074,False
0.34,0.5475,0.34485750000000004,0.3836267271226592,False
0.34,0.5549999999999999,0.345735,0.3846684855708346,False
0.34,0.5625,0.3466125,0.38572474081057984,False
0.34,0.57,0.34748999999999997,0.3851520131955671,False
0.34,0.5775,0.3483675,0.3843632570228982,False
0.34,0.585,0.34924499999999997,0.3837535744593718,False
0.34,0.5925,0.3501225,0.38336497514309587,False
0.34,0.6,0.351,0.38323107592433725,False
0.34500000000000003,0.0,0.2814,0.30824372476137135,True
0.34500000000000003,0.0075,0.28227937499999994,0.3083629609832047,True
0.34500000000000003,0.015,0.28315874999999996,0.30871131256992945,True
0.34500000000000003,0.0225,0.284038125,0.30926403625854854,True
0.34500000000000003,0.03,0.2849175,0.3099885637833907,True
0.34500000000000003,0.0375,0.28579687499999995,0.31049026903067095,True
0.34500000000000003,0.045,0.28667624999999997,0.31088436976972816,True
0.34500000000000003,0.0525,0.287555625,0.3113433663253198,True
0.34500000000000003,0.06,0.288435,0.31186429437988794,True
0.34500000000000003,0.0675,0.28931437499999996,0.31244400390650484,True
0.34500000000000003,0.075,0.29019375,0.31307923512894364,True
0.34500000000000003,0.08249999999999999,0.291073125,0.31376668652742556,True
0.34500000000000003,0.09,0.2919525,0.3145030731147831,True
0.34500000000000003,0.0975,0.29283187499999996,0.31528517425176084,True
0.34500000000000003,0.105,0.29371125,0.31610987110820427,True
0.34500000000000003,0.11249999999999999,0.29459062499999994,0.31697417447803483,True
0.34500000000000003,0.12,0.29547,0.31787524403058937,True
0.34500000000000003,0.1275,0.29634937499999997,0.3188104002643455,True
0.34500000000000003,0.135,0.29722875,0.31977713046682654,True
0.34500000000000003,0.1425,0.29810812499999995,0.32077308992214687,False
0.34500000000000003,0.15,0.2989875,0.32179609948471277,False
0.34500000000000003,0.1575,0.299866875,0.3228441404849096,False
0.34500000000000003,0.16499999999999998,0.30074625,0.32391534777224,False
0.34500000000000003,0.1725,0.30162562499999995,0.32500800154765497,False
0.34500000000000003,0.18,0.302505,0.3261205184980034,False
0.34500000000000003,0.1875,0.303384375,0.3272514426254378,False
0.34500000000000003,0.195,0.30426375,0.3283994360641426,False
0.34500000000000003,0.20249999999999999,0.30514312499999996,0.3295632700949522,False
0.34500000000000003,0.21,0.3060225,0.3307418165033877,False
0.34500000000000003,0.2175,0.306901875,0.3319340393760241,False
0.34500000000000003,0.22499999999999998,0.30778125,0.33313898739152076,False
0.34500000000000003,0.23249999999999998,0.30866062499999997,0.33435578663386584,False
0.34500000000000003,0.24,0.30954,0.3355836339344131,False
0.34500000000000003,0.2475,0.310419375,0.336821790734436,False
0.34500000000000003,0.255,0.31129875,0.33806957744978106,False
0.34500000000000003,0.2625,0.312178125,0.33932636831263135,False
0.34500000000000003,0.27,0.3130575,0.3405915866614855,False
0.34500000000000003,0.27749999999999997,0.313936875,0.3418647006484997,False
0.34500000000000003,0.285,0.31481624999999996,0.34314521933278513,False
0.34500000000000003,0.2925,0.315695625,0.3444326891286735,False
0.34500000000000003,0.3,0.316575,0.34572669057904704,False
0.34500000000000003,0.3075,0.31745437499999996,0.34702683542533336,False
0.34500000000000003,0.315,0.31833374999999997,0.34833276394752005,False
0.34500000000000003,0.3225,0.319213125,0.34964414254942294,False
0.34500000000000003,0.32999999999999996,0.32009249999999995,0.3509606615663534,False
0.34500000000000003,0.33749999999999997,0.32097187499999996,0.3522820332742144,False
0.34500000000000003,0.345,0.32185125,0.35360799008087235,False
0.34500000000000003,0.3525,0.322730625,0.35493828288237156,False
0.34500000000000003,0.36,0.32360999999999995,0.3562726795681712,False
0.34500000000000003,0.3675,0.32448937499999997,0.35761096366107825,False
0.34500000000000003,0.375,0.32536875,0.35895293307892623,False
0.34500000000000003,0.3825,0.326248125,0.3602983990063089,False
0.34500000000000003,0.39,0.3271275,0.3616471848658255,False
0.34500000000000003,0.39749999999999996,0.328006875,0.3629991253793354,False
0.34500000000000003,0.40499999999999997,0.32888625,0.3643540657106633,False
0.34500000000000003,0.4125,0.329765625,0.36571186068204686,False
0.34500000000000003,0.42,0.33064499999999997,0.36707237405738596,False
0.34500000000000003,0.4275,0.331524375,0.3684354778860444,False
0.34500000000000003,0.435,0.33240374999999994,0.36980105190157514,False
0.34500000000000003,0.4425,0.333283125,0.3711689829702982,False
0.34500000000000003,0.44999999999999996,0.3341625,0.372539164585162,False
0.34500000000000003,0.45749999999999996,0.335041875,0.37335023119451555,False
0.34500000000000003,0.46499999999999997,0.33592124999999995,0.3741422456672119,False
0.34500000000000003,0.4725,0.336800625,0.37495942873094856,False
0.34500000000000003,0.48,0.33768,0.3758007238415146,False
0.34500000000000003,0.4875,0.338559375,0.3766651041393506,False
0.34500000000000003,0.495,0.33943874999999996,0.37755157440480946,False
0.34500000000000003,0.5025,0.340318125,0.37845917250283484,False
0.34500000000000003,0.51,0.3411975,0.3793869703738922,False
0.34500000000000003,0.5175,0.342076875,0.3803340746266037,False
0.34500000000000003,0.525,0.34295624999999996,0.381299626785047,False
0.34500000000000003,0.5325,0.343835625,0.3822828032404011,False
0.34500000000000003,0.54,0.344715,0.38328281495284233,False
0.34500000000000003,0.5475,0.345594375,0.3842989069455325,False
0.34500000000000003,0.5549999999999999,0.34647374999999997,0.38533035762838297,False
0.34500000000000003,0.5625,0.347353125,0.38637647798516256,False
0.34500000000000003,0.57,0.3482325,0.3859363835819715,False
0.34500000000000003,0.5775,0.349111875,0.3852118560571294,False
0.34500000000000003,0.585,0.34999125,0.3846591323685103,False
0.34500000000000003,0.5925,0.350870625,0.38431078078178554,False
0.34500000000000003,0.6,0.35175,0.3841915445599522,False
0.35000000000000003,0.0,0.282,0.30920419339698624,True
0.35000000000000003,0.0075,0.28288125,0.30931164506497977,True
0.35000000000000003,0.015,0.2837625,0.30962709398885196,True
0.35000000000000003,0.0225,0.28464375,0.3101318678872949,True
0.35000000000000003,0.03,0.285525,0.31080039986239366,True
0.35000000000000003,0.0375,0.28640625,0.31142111738084716,True
0.35000000000000003,0.045,0.2872875,0.31180302596439285,True
0.35000000000000003,0.0525,0.28816875,0.31224821338091735,True
0.35000000000000003,0.06,0.28905,0.312753956489568,True
0.35000000000000003,0.0675,0.28993125,0.3133173476597218,True
0.35000000000000003,0.075,0.2908125,0.3139353625127198,True
0.35000000000000003,0.08249999999999999,0.29169375,0.31460492149684066,True
0.35000000000000003,0.09,0.292575,0.315322943585018,True
0.35000000000000003,0.0975,0.29345625,0.31608639124768445,True
0.35000000000000003,0.105,0.2943375,0.31689230657375245,True
0.35000000000000003,0.11249999999999999,0.29521875,0.31773783895590774,True
0.35000000000000003,0.12,0.2961,0.31862026512034797,True
0.35000000000000003,0.1275,0.29698125,0.31953700248622874,True
0.35000000000000003,0.135,0.2978625,0.32048561691805516,False
0.35000000000000003,0.1425,0.29874375,0.3214638259195517,False
0.35000000000000003,0.15,0.299625,0.32246949824196636,False
0.35000000000000003,0.1575,0.30050625,0.32350065076959733,False
0.35000000000000003,0.16499999999999998,0.3013875,0.32455544342043213,False
0.35000000000000003,0.1725,0.30226875,0.3256321726739945,False
0.35000000000000003,0.18,0.30315,0.32672926422052795,False
0.35000000000000003,0.1875,0.30403125,0.327845265120348,False
0.35000000000000003,0.195,0.3049125,0.3289788357716066,False
0.35000000000000003,0.20249999999999999,0.30579375,0.3301287419090262,False
0.35000000000000003,0.21,0.306675,0.33129384679446144,False
0.35000000000000003,0.2175,0.30755625,0.33247310371091354,False
0.35000000000000003,0.22499999999999998,0.3084375,0.3336655488331164,False
0.35000000000000003,0.23249999999999998,0.30931875,0.3348702945182702,False
0.35000000000000003,0.24,0.3102,0.33608652303828823,False
0.35000000000000003,0.2475,0.31108125,0.3373134807585893,False
0.35000000000000003,0.255,0.3119625,0.3385504727567802,False
0.35000000000000003,0.2625,0.31284375,0.3397968578664794,False
0.35000000000000003,0.27,0.313725,0.3410520441262062,False
0.35000000000000003,0.27749999999999997,0.31460625,0.3423154846100074,False
0.35000000000000003,0.285,0.3154875,0.34358667361478057,False
0.35000000000000003,0.2925,0.31636875,0.3448651431786672,False
0.35000000000000003,0.3,0.3172499999999999,0.3461504599050916,False
0.35000000000000003,0.3075,0.31813125,0.3474422220677792,False
0.35000000000000003,0.315,0.3190125,0.3487400569732029,False
0.35000000000000003,0.3225,0.31989375,0.3500436185582465,False
0.35000000000000003,0.32999999999999996,0.3207749999999999,0.35135258520233287,False
0.35000000000000003,0.33749999999999997,0.32165625,0.352666657734772,False
0.35000000000000003,0.345,0.3225374999999999,0.35398555761958306,False
0.35000000000000003,0.3525,0.32341875,0.3553090253015061,False
0.35000000000000003,0.36,0.3242999999999999,0.3566368186983123,False
0.35000000000000003,0.3675,0.32518125,0.35796871182583834,False
0.35000000000000003,0.375,0.32606250000000003,0.359304493543398,False
0.35000000000000003,0.3825,0.32694375,0.3606439664083641,False
0.35000000000000003,0.39,0.327825,0.36198694562975986,False
0.35000000000000003,0.39749999999999996,0.32870625,0.36333325811166034,False
0.35000000000000003,0.40499999999999997,0.3295875,0.36468274157808156,False
0.35000000000000003,0.4125,0.33046875,0.3660352437718308,False
0.35000000000000003,0.42,0.33135,0.3673906217205163,False
0.35000000000000003,0.4275,0.33223125,0.36874874106357014,False
0.35000000000000003,0.435,0.3331125,0.3701094754347297,False
0.35000000000000003,0.4425,0.33399375,0.3714727058949587,False
0.35000000000000003,0.44999999999999996,0.334875,0.37283832041127263,False
0.35000000000000003,0.45749999999999996,0.33575625,0.37416053311149594,False
0.35000000000000003,0.46499999999999997,0.3366375,0.3749413951933273,False
0.35000000000000003,0.4725,0.33751875,0.3757473865928507,False
0.35000000000000003,0.48,0.3384,0.37657748051847795,False
0.35000000000000003,0.4875,0.33928125,0.3774306770986143,False
0.35000000000000003,0.495,0.3401625,0.3783060054241887,False
0.35000000000000003,0.5025,0.34104375,0.37920252510492697,False
0.35000000000000003,0.51,0.341925,0.3801193273898726,False
0.35000000000000003,0.5175,0.34280625,0.38105553590205843,False
0.35000000000000003,0.525,0.3436875,0.38201030703552663,False
0.35000000000000003,0.5325,0.34456875,0.3829828300603807,False
0.35000000000000003,0.54,0.34545,0.38397232697848827,False
0.35000000000000003,0.5475,0.34633125,0.38497805216904424,False
0.35000000000000003,0.5549999999999999,0.3472125,0.3859992918596261,False
0.35000000000000003,0.5625,0.34809375,0.3870353634547635,False
0.35000000000000003,0.57,0.348975,0.3867482196609745,False
0.35000000000000003,0.5775,0.34985625,0.38607968768587575,False
0.35000000000000003,0.585,0.3507375,0.3855749137874328,False
0.35000000000000003,0.5925,0.35161875,0.3852594648635606,False
0.35000000000000003,0.6,0.3525,0.3851520131955671,False
0.355,0.0,0.28259999999999996,0.3101646620326012,True
0.355,0.0075,0.28348312499999995,0.31026243932984643,True
0.355,0.015,0.28436625,0.3105505343899034,True
0.355,0.0225,0.2852493749999999,0.3110145464625823,True
0.355,0.03,0.28613249999999996,0.3116341445509575,True
0.355,0.0375,0.28701562499999994,0.3123537945448201,True
0.355,0.045,0.28789875,0.3127242164814245,True
0.355,0.0525,0.28878187499999997,0.31315636101344513,True
0.355,0.06,0.28966499999999995,0.3136477219561187,True
0.355,0.0675,0.29054812499999993,0.31419561153882364,True
0.355,0.075,0.29143125,0.3147972208448399,True
0.355,0.08249999999999999,0.29231437499999996,0.31544967550653763,True
0.355,0.09,0.29319749999999994,0.31615008504436154,True
0.355,0.0975,0.29408062499999993,0.31689558494831827,True
0.355,0.105,0.29496374999999997,0.31768337121534485,True
0.355,0.11249999999999999,0.29584687499999995,0.31851072753929566,True
0.355,0.12,0.29673,0.31937504569333763,True
0.355,0.1275,0.2976131249999999,0.32027383985732927,False
0.355,0.135,0.29849624999999996,0.3212047557464153,False
0.355,0.1425,0.29937937499999995,0.3221655754170931,False
0.355,0.15,0.3002625,0.3231542185884881,False
0.355,0.1575,0.301145625,0.3241687412414056,False
0.355,0.16499999999999998,0.30202874999999996,0.32520733216332065,False
0.355,0.1725,0.30291187499999994,0.3262683080066522,False
0.355,0.18,0.303795,0.32735010732914815,False
0.355,0.1875,0.30467812499999997,0.32845128399432505,False
0.355,0.195,0.30556125,0.32957050022948825,False
0.355,0.20249999999999999,0.30644437499999994,0.33070651956993824,False
0.355,0.21,0.3073275,0.33185819986042275,False
0.355,0.2175,0.30821062499999996,0.3330244864378965,False
0.355,0.22499999999999998,0.30909375,0.33420440558201503,False
0.355,0.23249999999999998,0.30997687499999993,0.33539705829020866,False
0.355,0.24,0.31085999999999997,0.3366016144113412,False
0.355,0.2475,0.31174312499999995,0.3378173071546656,False
0.355,0.255,0.31262625,0.3390434279779573,False
0.355,0.2625,0.313509375,0.3402793218494313,False
0.355,0.27,0.31439249999999996,0.34152438287155307,False
0.355,0.27749999999999997,0.31527562499999995,0.3427780502505015,False
0.355,0.285,0.31615874999999993,0.3440398045923306,False
0.355,0.2925,0.317041875,0.3453091645053822,False
0.355,0.3,0.317925,0.34658568348791885,False
0.355,0.3075,0.31880812499999994,0.3478689470800061,False
0.355,0.315,0.3196912499999999,0.3491585702591932,False
0.355,0.3225,0.32057437499999997,0.35045419506037107,False
0.355,0.32999999999999996,0.32145749999999995,0.35175548840120857,False
0.355,0.33749999999999997,0.32234062499999994,0.3530621400957087,False
0.355,0.345,0.3232237499999999,0.3543738610396141,False
0.355,0.3525,0.32410687499999996,0.3556903815525938,False
0.355,0.36,0.32498999999999995,0.35701144986331773,False
0.355,0.3675,0.325873125,0.358336830724661,False
0.355,0.375,0.3267562499999999,0.3596663041473569,False
0.355,0.3825,0.32763937499999995,0.36099966424143115,False
0.355,0.39,0.3285225,0.36233671815569307,False
0.355,0.39749999999999996,0.329405625,0.3636772851064358,False
0.355,0.40499999999999997,0.33028874999999996,0.3650211954873013,False
0.355,0.4125,0.33117187499999995,0.36636829005300664,False
0.355,0.42,0.33205499999999993,0.3677184191703042,False
0.355,0.4275,0.332938125,0.3690714421301628,False
0.355,0.435,0.33382124999999996,0.3704272265157199,False
0.355,0.4425,0.334704375,0.3717856476210624,False
0.355,0.44999999999999996,0.3355874999999999,0.3731465879163568,False
0.355,0.45749999999999996,0.33647062499999997,0.37450993655526577,False
0.355,0.46499999999999997,0.33735374999999995,0.3757454102027879,False
0.355,0.4725,0.338236875,0.37654044489814414,False
0.355,0.48,0.3391199999999999,0.3773595602934767,False
0.355,0.4875,0.34000312499999996,0.3782017831361959,False
0.355,0.495,0.34088624999999995,0.37906616662307674,False
0.355,0.5025,0.341769375,0.37995179204763124,False
0.355,0.51,0.34265249999999997,0.3808577700303778,False
0.355,0.5175,0.34353562499999996,0.3817832413767406,False
0.355,0.525,0.34441874999999994,0.38272737760627823,False
0.355,0.5325,0.345301875,0.3836893811950923,False
0.355,0.54,0.34618499999999996,0.3846684855708346,False
0.355,0.5475,0.347068125,0.38566395489691085,False
0.355,0.5549999999999999,0.34795124999999993,0.38667508367943254,False
0.355,0.5625,0.348834375,0.387701196227329,False
0.355,0.57,0.34971749999999996,0.38758196434953834,False
0.355,0.5775,0.350600625,0.38696236626116315,False
0.355,0.585,0.35148375,0.3864983541884842,False
0.355,0.5925,0.35236687499999997,0.38621025912842727,False
0.355,0.6,0.35324999999999995,0.386112481831182,False
0.36,0.0,0.2832,0.3111251306682161,True
0.36,0.0075,0.284085,0.31121482559006325,True
0.36,0.015,0.28497,0.31147984794503664,True
0.36,0.0225,0.28585499999999997,0.3119088784707679,True
0.36,0.03,0.28674,0.3124855459977857,True
0.36,0.0375,0.28762499999999996,0.31319107152032205,True
0.36,0.045,0.28851,0.3136477219561187,True
0.36,0.0525,0.28939499999999996,0.31406753123357617,True
0.36,0.06,0.29028000000000004,0.31454525560016383,True
0.36,0.0675,0.291165,0.31507840693010714,True
0.36,0.075,0.29205000000000003,0.31566437359295335,True
0.36,0.08249999999999999,0.292935,0.3163004708022117,True
0.36,0.09,0.29382,0.3169839858542694,True
0.36,0.0975,0.294705,0.31771221734581084,True
0.36,0.105,0.29559,0.3184825079790202,True
0.36,0.11249999999999999,0.296475,0.31929227098907953,True
0.36,0.12,0.29736,0.3201390105449451,False
0.36,0.1275,0.298245,0.32102033668516833,False
0.36,0.135,0.29913,0.3219339754689343,False
0.36,0.1425,0.300015,0.3228777750668936,False
0.36,0.15,0.3009,0.32384970850617967,False
0.36,0.1575,0.30178499999999997,0.324847873737103,False
0.36,0.16499999999999998,0.30267,0.3258704916203332,False
0.36,0.1725,0.303555,0.3269159023544882,False
0.36,0.18,0.30444000000000004,0.32798256078323096,False
0.36,0.1875,0.305325,0.3290690309437567,False
0.36,0.195,0.30621000000000004,0.330173980148197,False
0.36,0.20249999999999999,0.307095,0.33129617282762047,False
0.36,0.21,0.30798000000000003,0.3324344643154452,False
0.36,0.2175,0.308865,0.33358779470292976,False
0.36,0.22499999999999998,0.30975,0.3347551828632841,False
0.36,0.23249999999999998,0.310635,0.33593572071190414,False
0.36,0.24,0.31152,0.33712856774730093,False
0.36,0.2475,0.312405,0.3383329458994808,False
0.36,0.255,0.31329,0.3395481346989517,False
0.36,0.2625,0.314175,0.3407734667693695,False
0.36,0.27,0.31506,0.34200832363942785,False
0.36,0.27749999999999997,0.31594500000000003,0.34325213186433684,False
0.36,0.285,0.31683,0.34450435944367164,False
0.36,0.2925,0.317715,0.345764512520095,False
0.36,0.3,0.31860000000000005,0.347032132342163,False
0.36,0.3075,0.319485,0.34830679247386,False
0.36,0.315,0.32037,0.34958809623347553,False
0.36,0.3225,0.321255,0.3508756743447897,False
0.36,0.32999999999999996,0.32214,0.3521691827841418,False
0.36,0.33749999999999997,0.323025,0.35346830080774505,False
0.36,0.345,0.32391,0.35477272914449987,False
0.36,0.3525,0.324795,0.3560821883405014,False
0.36,0.36,0.32567999999999997,0.3573964172424003,False
0.36,0.3675,0.326565,0.3587151716077254,False
0.36,0.375,0.32744999999999996,0.3600382228312076,False
0.36,0.3825,0.328335,0.361365356777022,False
0.36,0.39,0.32922000000000007,0.3626963727077098,False
0.36,0.39749999999999996,0.33010500000000004,0.36403108230132364,False
0.36,0.40499999999999997,0.33099,0.3653693087490709,False
0.36,0.4125,0.33187500000000003,0.36671088592641105,False
0.36,0.42,0.33276,0.3680556576311833,False
0.36,0.4275,0.333645,0.36940347688291975,False
0.36,0.435,0.33453,0.37075420527802044,False
0.36,0.4425,0.335415,0.3721077123959515,False
0.36,0.44999999999999996,0.3363,0.3734638752520623,False
0.36,0.45749999999999996,0.337185,0.3748225777930201,False
0.36,0.46499999999999997,0.33807,0.3761837104312194,False
0.36,0.4725,0.338955,0.377338401187185,False
0.36,0.48,0.33984,0.3781467575666311,False
0.36,0.4875,0.340725,0.37897821438577123,False
0.36,0.495,0.34160999999999997,0.3798318486876516,False
0.36,0.5025,0.34249500000000005,0.3807067633292302,False
0.36,0.51,0.34338,0.3816020883034344,False
0.36,0.5175,0.34426500000000004,0.3825169817030719,False
0.36,0.525,0.34515,0.38345063036607224,False
0.36,0.5325,0.34603500000000004,0.38440225024025937,False
0.36,0.54,0.34692,0.38537108650398544,False
0.36,0.5475,0.34780500000000003,0.3863564134766572,False
0.36,0.5549999999999999,0.34869,0.3873575343506274,False
0.36,0.5625,0.349575,0.38837378077321416,False
0.36,0.57,0.35046,0.38843336579636656,False
0.36,0.5775,0.351345,0.38785669826934877,False
0.36,0.585,0.35223,0.3874276677436175,False
0.36,0.5925,0.353115,0.3871626453886441,False
0.36,0.6,0.354,0.38707295046679696,False
0.365,0.0,0.2838,0.312085599303831,True
0.365,0.0075,0.28468687499999995,0.3121684419599142,True
0.365,0.015,0.28557375,0.3124137569213411,True
0.365,0.0225,0.28646062499999997,0.3128124978075029,True
0.365,0.03,0.2873475,0.31335132510246066,True
0.365,0.0375,0.288234375,0.31401453825828496,True
0.365,0.045,0.28912125,0.31457334716754715,True
0.365,0.0525,0.29000812499999995,0.31498147563650325,True
0.365,0.06,0.290895,0.3154462565809411,True
0.365,0.0675,0.29178187499999997,0.315965383385584,True
0.365,0.075,0.29266875,0.31653642516134045,True
0.365,0.08249999999999999,0.293555625,0.31715687225195693,True
0.365,0.09,0.2944425,0.3178241776507096,True
0.365,0.0975,0.295329375,0.31853579343381916,True
0.365,0.105,0.29621625,0.31928920175688325,True
0.365,0.11249999999999999,0.29710312499999997,0.3200819403314229,False
0.365,0.12,0.29799000000000003,0.3209116225859934,False
0.365,0.1275,0.298876875,0.3217759529187119,False
0.365,0.135,0.29976375,0.32267273757318043,False
0.365,0.1425,0.300650625,0.3235998917304313,False
0.365,0.15,0.3015375,0.32455544342043213,False
0.365,0.1575,0.30242437499999997,0.3255375348321865,False
0.365,0.16499999999999998,0.30331125000000003,0.3265444215541282,False
0.365,0.1725,0.304198125,0.32757447021650027,False
0.365,0.18,0.305085,0.32862615494241615,False
0.365,0.1875,0.305971875,0.32969805294971755,False
0.365,0.195,0.30685875,0.3307888395850703,False
0.365,0.20249999999999999,0.30774562499999997,0.3318972830169907,False
0.365,0.21,0.30863250000000003,0.3330222387665928,False
0.365,0.2175,0.309519375,0.33416264421397796,False
0.365,0.22499999999999998,0.31040625,0.33531751318403125,False
0.365,0.23249999999999998,0.311293125,0.33648593068738003,False
0.365,0.24,0.31218,0.33766704786967144,False
0.365,0.2475,0.31306687499999997,0.3388600772043932,False
0.365,0.255,0.31395375000000003,0.34006428795045457,False
0.365,0.2625,0.314840625,0.34127900188499066,False
0.365,0.27,0.3157275,0.34250358931374825,False
0.365,0.27749999999999997,0.316614375,0.343737465355444,False
0.365,0.285,0.31750125,0.3449800864922109,False
0.365,0.2925,0.318388125,0.3462309473753048,False
0.365,0.3,0.319275,0.34748957787333334,False
0.365,0.3075,0.320161875,0.34875554034914075,False
0.365,0.315,0.32104875000000005,0.3500284271509575,False
0.365,0.3225,0.321935625,0.35130785830332856,False
0.365,0.32999999999999996,0.32282249999999996,0.3525934793835659,False
0.365,0.33749999999999997,0.323709375,0.3538849595699194,False
0.365,0.345,0.32459625,0.35518198984826327,False
0.365,0.3525,0.325483125,0.35648428136479543,False
0.365,0.36,0.32637,0.3577915639129938,False
0.365,0.3675,0.327256875,0.35910358454385166,False
0.365,0.375,0.32814375,0.3604201062891839,False
0.365,0.3825,0.329030625,0.361740906988556,False
0.365,0.39,0.3299175,0.3630657782111141,False
0.365,0.39749999999999996,0.330804375,0.3643945242642919,False
0.365,0.40499999999999997,0.33169125,0.3657269612820231,False
0.365,0.4125,0.332578125,0.367062916385703,False
0.365,0.42,0.33346499999999996,0.3684022269117149,False
0.365,0.4275,0.334351875,0.36974473969986477,False
0.365,0.435,0.33523875,0.371090310437557,False
0.365,0.4425,0.336125625,0.37243880305499505,False
0.365,0.44999999999999996,0.3370125,0.37379008916710066,False
0.365,0.45749999999999996,0.337899375,0.37514404755822617,False
0.365,0.46499999999999997,0.33878624999999996,0.3765005637060773,False
0.365,0.4725,0.339673125,0.37785952934158074,False
0.365,0.48,0.34056,0.3789388759467205,False
0.365,0.4875,0.34144687500000004,0.37975977193321975,False
0.365,0.495,0.34233375,0.3806028509633293,False
0.365,0.5025,0.343220625,0.38146723728509563,False
0.365,0.51,0.3441075,0.3823520802096326,False
0.365,0.5175,0.344994375,0.38325655516534585,False
0.365,0.525,0.34588125,0.3841798644442648,False
0.365,0.5325,0.34676812500000004,0.38512123767523293,False
0.365,0.54,0.347655,0.38607993205732066,False
0.365,0.5475,0.348541875,0.38705523238499917,False
0.365,0.5549999999999999,0.34942875,0.3880464508944873,False
0.365,0.5625,0.350315625,0.3890529269583734,False
0.365,0.57,0.3512025,0.3892991449010415,False
0.365,0.5775,0.35208937500000004,0.38876031760608376,False
0.365,0.585,0.35297625,0.38836157671992194,False
0.365,0.5925,0.353863125,0.3881162617584951,False
0.365,0.6,0.35475,0.38803341910241185,False
0.37,0.0,0.2844,0.31304606793944595,True
0.37,0.0075,0.28528875,0.3131230282169213,True
0.37,0.015,0.2861775,0.31335132510246066,True
0.37,0.0225,0.28706624999999997,0.31372362205736104,True
0.37,0.03,0.28795499999999996,0.3142289294491209,True
0.37,0.0375,0.28884374999999995,0.31485403505713433,True
0.37,0.045,0.2897325,0.3155009178671497,True
0.37,0.0525,0.29062124999999994,0.31589797167008593,True
0.37,0.06,0.29151,0.31635045426219355,True
0.37,0.0675,0.29239875,0.31685622426479143,True
0.37,0.075,0.2932875,0.317413016485296,True
0.37,0.08249999999999999,0.29417625,0.31801848305181124,True
0.37,0.09,0.295065,0.31867023129083316,True
0.37,0.0975,0.29595374999999996,0.3193658574918328,True
0.37,0.105,0.2968425,0.32010297607202515,False
0.37,0.11249999999999999,0.29773124999999995,0.32087924397577783,False
0.37,0.12,0.29862,0.3216923804008782,False
0.37,0.1275,0.29950875,0.3225401821339824,False
0.37,0.135,0.3003975,0.32342053490364797,False
0.37,0.1425,0.30128625,0.3243314212299867,False
0.37,0.15,0.30217499999999997,0.32527092527607926,False
0.37,0.1575,0.30306374999999997,0.32623723519918424,False
0.37,0.16499999999999998,0.3039525,0.3272286434698344,False
0.37,0.1725,0.30484124999999995,0.3282435455829293,False
0.37,0.18,0.30573,0.3292804375338286,False
0.37,0.1875,0.30661875,0.33033791237934235,False
0.37,0.195,0.3075075,0.3314146561519322,False
0.37,0.20249999999999999,0.30839625,0.33250944334760424,False
0.37,0.21,0.30928500000000003,0.3336211321651287,False
0.37,0.2175,0.31017374999999997,0.33474865963687095,False
0.37,0.22499999999999998,0.3110625,0.3358910367596739,False
0.37,0.23249999999999998,0.31195124999999996,0.33704734370760037,False
0.37,0.24,0.31284,0.3382167251864442,False
0.37,0.2475,0.31372875,0.3393983859721927,False
0.37,0.255,0.3146175,0.3405915866614855,False
0.37,0.2625,0.31550625,0.3417956396510157,False
0.37,0.27,0.31639500000000004,0.3430099053542407,False
0.37,0.27749999999999997,0.31728375,0.34423378865725957,False
0.37,0.285,0.31817249999999997,0.3454667356108779,False
0.37,0.2925,0.31906124999999996,0.3467082303523815,False
0.37,0.3,0.31995,0.3479577922481024,False
0.37,0.3075,0.32083875,0.3492149732462448,False
0.37,0.315,0.32172749999999994,0.35047935542846653,False
0.37,0.3225,0.32261625,0.3517505487482186,False
0.37,0.32999999999999996,0.32350499999999993,0.35302818894372123,False
0.37,0.33749999999999997,0.32439375,0.354311935613594,False
0.37,0.345,0.3252825,0.35560147044348817,False
0.37,0.3525,0.32617124999999997,0.3568964955725328,False
0.37,0.36,0.32705999999999996,0.35819673208895214,False
0.37,0.3675,0.32794875,0.3595019186448135,False
0.37,0.375,0.32883749999999995,0.360811810180487,False
0.37,0.3825,0.32972625,0.36212617675002856,False
0.37,0.39,0.33061500000000005,0.3634448024393197,False
0.37,0.39749999999999996,0.33150375,0.3647674843693993,False
0.37,0.40499999999999997,0.3323925,0.36609403177800054,False
0.37,0.4125,0.33328125,0.3674242651728543,False
0.37,0.42,0.33416999999999997,0.3687580155508365,False
0.37,0.4275,0.33505875,0.37009512367751907,False
0.37,0.435,0.33594749999999995,0.37143543942213486,False
0.37,0.4425,0.33683625,0.3727788211433819,False
0.37,0.44999999999999996,0.33772499999999994,0.37412513512187984,False
0.37,0.45749999999999996,0.33861375,0.3754742550354444,False
0.37,0.46499999999999997,0.3395025,0.3768260614736723,False
0.37,0.4725,0.34039125,0.3781804414886296,False
0.37,0.48,0.34128,0.37953728817870935,False
0.37,0.4875,0.34216875,0.3805462654310005,False
0.37,0.495,0.34305749999999996,0.38137898110673796,False
0.37,0.5025,0.34394625,0.38223302027668893,False
0.37,0.51,0.344835,0.38310755146707964,False
0.37,0.5175,0.34572375,0.3840017674391644,False
0.37,0.525,0.3466125,0.38491488602295126,False
0.37,0.5325,0.34750125,0.3858461506858816,False
0.37,0.54,0.34839,0.3867948308670058,False
0.37,0.5475,0.34927875,0.3877602221057836,False
0.37,0.5549999999999999,0.35016749999999996,0.3887416459929022,False
0.37,0.5625,0.35105625,0.3897384499685595,False
0.37,0.57,0.35194499999999995,0.39017674924770174,False
0.37,0.5775,0.35283375,0.3896714418559419,False
0.37,0.585,0.3537225,0.3892991449010415,False
0.37,0.5925,0.35461125,0.3890708480155021,False
0.37,0.6,0.3555,0.3889938877380268,False
0.375,0.0,0.285,0.3140065365750609,True
0.375,0.0075,0.28589062499999995,0.31407839252971353,True
0.375,0.015,0.28678125,0.31429185198642,True
0.375,0.0225,0.28767187499999997,0.3146408874628594,True
0.375,0.03,0.2885625,0.31511635272544697,True
0.375,0.0375,0.289453125,0.3157070557370229,True
0.375,0.045,0.29034374999999996,0.316400846273172,True
0.375,0.0525,0.29123437499999993,0.31681681943840034,True
0.375,0.06,0.29212499999999997,0.31725760463810027,True
0.375,0.0675,0.29301562499999995,0.31775064292852534,True
0.375,0.075,0.29390625,0.3182938211410578,True
0.375,0.08249999999999999,0.29479687499999996,0.3188849408891476,True
0.375,0.09,0.2956875,0.31952175318629583,True
0.375,0.0975,0.29657812499999997,0.32020198967889657,False
0.375,0.105,0.29746875,0.3209233899957964,False
0.375,0.11249999999999999,0.298359375,0.32168372499308673,False
0.375,0.12,0.29924999999999996,0.32248081590171007,False
0.375,0.1275,0.30014062499999994,0.3233125495610949,False
0.375,0.135,0.30103125,0.3241768900450873,False
0.375,0.1425,0.30192187499999995,0.3250718870623238,False
0.375,0.15,0.3028125,0.3259956815497843,False
0.375,0.1575,0.30370312499999996,0.3269465088843397,False
0.375,0.16499999999999998,0.30459375,0.3279227001211139,False
0.375,0.1725,0.305484375,0.32892268163687816,False
0.375,0.18,0.306375,0.3299449735176001,False
0.375,0.1875,0.307265625,0.33098818698640603,False
0.375,0.195,0.30815625,0.33205102112500184,False
0.375,0.20249999999999999,0.30904687499999994,0.33313225910035227,False
0.375,0.21,0.3099375,0.3342307640705579,False
0.375,0.2175,0.31082812499999996,0.33534547491014743,False
0.375,0.22499999999999998,0.31171875,0.3364754018656799,False
0.375,0.23249999999999998,0.31260937499999997,0.3376196222275634,False
0.375,0.24,0.3135,0.3387772760830684,False
0.375,0.2475,0.314390625,0.339947562198265,False
0.375,0.255,0.31528125,0.34112973406259656,False
0.375,0.2625,0.316171875,0.34232309611857775,False
0.375,0.27,0.3170625,0.34352700019024146,False
0.375,0.27749999999999997,0.31795312499999995,0.34474084211707184,False
0.375,0.285,0.31884375,0.34596405859489304,False
0.375,0.2925,0.31973437499999996,0.347196124221241,False
0.375,0.3,0.32062499999999994,0.34843654873986624,False
0.375,0.3075,0.32151562499999997,0.349684874476983,False
0.375,0.315,0.32240625,0.3509406739605159,False
0.375,0.3225,0.323296875,0.35220354771274714,False
0.375,0.32999999999999996,0.32418749999999996,0.35347312220632054,False
0.375,0.33749999999999997,0.325078125,0.35474904797341217,False
0.375,0.345,0.32596875,0.3560309978579546,False
0.375,0.3525,0.32685937499999995,0.35731866540104174,False
0.375,0.36,0.32774999999999993,0.3586117633499962,False
0.375,0.3675,0.32864062499999996,0.3599100222820121,False
0.375,0.375,0.32953125,0.3612131893337646,False
0.375,0.3825,0.330421875,0.36252102702888445,False
0.375,0.39,0.33131249999999995,0.36383331219570625,False
0.375,0.39749999999999996,0.332203125,0.3651498349682143,False
0.375,0.40499999999999997,0.33309374999999997,0.36647039786360686,False
0.375,0.4125,0.333984375,0.36779481493038185,False
0.375,0.42,0.334875,0.36912291096130634,False
0.375,0.4275,0.335765625,0.370454520766068,False
0.375,0.435,0.33665624999999993,0.37178948849881394,False
0.375,0.4425,0.33754687499999997,0.3731276670361666,False
0.375,0.44999999999999996,0.33843749999999995,0.3744689174016615,False
0.375,0.45749999999999996,0.339328125,0.37581310823288233,False
0.375,0.46499999999999997,0.34021874999999996,0.37716011528787496,False
0.375,0.4725,0.341109375,0.37850982098770386,False
0.375,0.48,0.34199999999999997,0.3798621139922742,False
0.375,0.4875,0.342890625,0.3812168888067827,False
0.375,0.495,0.34378125,0.3821600547462461,False
0.375,0.5025,0.344671875,0.38300392638604575,False
0.375,0.51,0.3455625,0.38386831523910225,False
0.375,0.5175,0.346453125,0.38475243135122705,False
0.375,0.525,0.34734374999999995,0.38565550812740207,False
0.375,0.5325,0.348234375,0.3865768029840096,False
0.375,0.54,0.34912499999999996,0.387515597772571,False
0.375,0.5475,0.350015625,0.38847119900181115,False
0.375,0.5549999999999999,0.35090625,0.3894429378834803,False
0.375,0.5625,0.351796875,0.3904301702257455,False
0.375,0.57,0.3526875,0.3910641725240278,False
0.375,0.5775,0.353578125,0.39058870726144024,False
0.375,0.585,0.35446875,0.39023967178500085,False
0.375,0.5925,0.355359375,0.3900262123282944,False
0.375,0.6,0.35624999999999996,0.38995435637364173,False
0.38,0.0,0.28559999999999997,0.31496700521067583,True
0.38,0.0075,0.28649249999999993,0.3150343904223206,True
0.38,0.015,0.28738499999999995,0.31523480364819306,True
0.38,0.0225,0.28827749999999996,0.31556323545872234,True
0.38,0.03,0.28917,0.3160120022807449,True
0.38,0.0375,0.29006249999999995,0.31657156127713965,True
0.38,0.045,0.29095499999999996,0.31723136740779767,True
0.38,0.0525,0.2918474999999999,0.31773783895590774,True
0.38,0.06,0.29273999999999994,0.31816748723671784,True
0.38,0.0675,0.29363249999999996,0.3186483794101408,True
0.38,0.075,0.294525,0.31917854190933015,True
0.38,0.08249999999999999,0.29541749999999994,0.3197559145166709,True
0.38,0.09,0.29630999999999996,0.3203783819911941,False
0.38,0.0975,0.2972024999999999,0.3210438029189744,False
0.38,0.105,0.298095,0.3217500352920589,False
0.38,0.11249999999999999,0.29898749999999996,0.32249495855880317,False
0.38,0.12,0.29988,0.3232764920905627,False
0.38,0.1275,0.30077249999999994,0.3240926101699201,False
0.38,0.135,0.30166499999999996,0.3249413537230197,False
0.38,0.1425,0.3025574999999999,0.3258208390962046,False
0.38,0.15,0.30345,0.32672926422052795,False
0.38,0.1575,0.30434249999999996,0.3276649125235004,False
0.38,0.16499999999999998,0.305235,0.32862615494241615,False
0.38,0.1725,0.30612749999999994,0.329611450374004,False
0.38,0.18,0.30701999999999996,0.33061934486629,False
0.38,0.1875,0.3079125,0.3316484698247032,False
0.38,0.195,0.308805,0.3326975394688261,False
0.38,0.20249999999999999,0.30969749999999996,0.33376534774109134,False
0.38,0.21,0.31059,0.33485076483567155,False
0.38,0.2175,0.31148249999999994,0.3359527334857101,False
0.38,0.22499999999999998,0.31237499999999996,0.337070265120348,False
0.38,0.23249999999999998,0.3132675,0.33820243597983246,False
0.38,0.24,0.31416,0.3393483832572436,False
0.38,0.2475,0.31505249999999996,0.3405073013188161,False
0.38,0.255,0.315945,0.3416784380411434,False
0.38,0.2625,0.31683749999999994,0.3428610912923912,False
0.38,0.27,0.31773,0.34405460557567,False
0.38,0.27749999999999997,0.3186225,0.345258368845593,False
0.38,0.285,0.31951499999999994,0.34647180950347445,False
0.38,0.2925,0.32040749999999996,0.34769439357234044,False
0.38,0.3,0.3213,0.3489256220496881,False
0.38,0.3075,0.3221925,0.35016502843354824,False
0.38,0.315,0.32308499999999996,0.35141217641570566,False
0.38,0.3225,0.3239775,0.352666657734772,False
0.38,0.32999999999999996,0.32486999999999994,0.35392809018107113,False
0.38,0.33749999999999997,0.32576249999999995,0.3551961157448899,False
0.38,0.345,0.3266549999999999,0.3564703988994925,False
0.38,0.3525,0.3275475,0.3577506250103288,False
0.38,0.36,0.32843999999999995,0.3590364988620403,False
0.38,0.3675,0.3293325,0.3603277432951374,False
0.38,0.375,0.33022499999999994,0.36162409794456235,False
0.38,0.3825,0.33111749999999995,0.36292531807273515,False
0.38,0.39,0.33201,0.3642311734900902,False
0.38,0.39749999999999996,0.3329025,0.36554144755653173,False
0.38,0.40499999999999997,0.33379499999999995,0.3668559362576568,False
0.38,0.4125,0.33468749999999997,0.36817444735001226,False
0.38,0.42,0.33557999999999993,0.36949679957005155,False
0.38,0.4275,0.33647249999999995,0.37082282190184557,False
0.38,0.435,0.33736499999999997,0.3721523528989678,False
0.38,0.4425,0.3382575,0.37348524005632233,False
0.38,0.44999999999999996,0.33914999999999995,0.374821339228008,False
0.38,0.45749999999999996,0.34004249999999997,0.3761605140876183,False
0.38,0.46499999999999997,0.34093499999999993,0.37750263562766,False
0.38,0.4725,0.3418275,0.37884758169503774,False
0.38,0.48,0.34271999999999997,0.3801952365597955,False
0.38,0.4875,0.3436125,0.3815454905145338,False
0.38,0.495,0.34450499999999995,0.3828982395021273,False
0.38,0.5025,0.34539749999999997,0.38377977711663336,False
0.38,0.51,0.34628999999999993,0.3846341918657262,False
0.38,0.5175,0.3471825,0.38550836664059485,False
0.38,0.525,0.34807499999999997,0.38640155041596697,False
0.38,0.5325,0.3489675,0.3873130146245197,False
0.38,0.54,0.34985999999999995,0.38824205365977943,False
0.38,0.5475,0.35075249999999997,0.38918798518174313,False
0.38,0.5549999999999999,0.351645,0.39015015024876054,False
0.38,0.5625,0.3525375,0.3911279132978868,False
0.38,0.57,0.35342999999999997,0.3919598220793257,False
0.38,0.5775,0.3543225,0.3915110552573032,False
0.38,0.585,0.35521499999999995,0.3911826234467739,False
0.38,0.5925,0.35610749999999997,0.39098221022090146,False
0.38,0.6,0.357,0.3909148250092567,False
0.385,0.0,0.2862,0.3159274738462907,True
0.385,0.0075,0.28709437499999996,0.31599091103805454,True
0.385,0.015,0.28798875,0.3161797663874214,True
0.385,0.0225,0.28888312499999996,0.3164898334142378,True
0.385,0.03,0.2897775,0.31691460161175977,True
0.385,0.0375,0.29067187499999997,0.317445882723311,True
0.385,0.045,0.29156625,0.3180744901260796,True
0.385,0.0525,0.292460625,0.3186608677819181,True
0.385,0.06,0.29335500000000003,0.3190799024312213,True
0.385,0.0675,0.294249375,0.3195491975002077,True
0.385,0.075,0.29514375000000004,0.32006690773740115,False
0.385,0.08249999999999999,0.296038125,0.32063110069348877,False
0.385,0.09,0.29693250000000004,0.3212397856133904,False
0.385,0.0975,0.297826875,0.32189094005866586,False
0.385,0.105,0.29872125,0.3225825337798338,False
0.385,0.11249999999999999,0.299615625,0.3233125495610949,False
0.385,0.12,0.30051,0.324079000937178,False
0.385,0.1275,0.301404375,0.32487994682677396,False
0.385,0.135,0.30229875,0.32571350323713133,False
0.385,0.1425,0.303193125,0.3265778522712414,False
0.385,0.15,0.3040875,0.32747124871633204,False
0.385,0.1575,0.304981875,0.3283920245150826,False
0.385,0.16499999999999998,0.30587625,0.3293385914244087,False
0.385,0.1725,0.306770625,0.3303094421559801,False
0.385,0.18,0.307665,0.33130315027238405,False
0.385,0.1875,0.308559375,0.3323183690868011,False
0.385,0.195,0.30945375,0.3333538297852053,False
0.385,0.20249999999999999,0.310348125,0.3344083389606394,False
0.385,0.21,0.31124250000000003,0.33548077572060175,False
0.385,0.2175,0.312136875,0.3365700885020144,False
0.385,0.22499999999999998,0.31303125000000004,0.3376752917042037,False
0.385,0.23249999999999998,0.313925625,0.33879546222907464,False
0.385,0.24,0.31482000000000004,0.33992973599923504,False
0.385,0.2475,0.315714375,0.34107730450911805,False
0.385,0.255,0.31660875000000005,0.34223741145095415,False
0.385,0.2625,0.317503125,0.34340934944650736,False
0.385,0.27,0.31839750000000006,0.3445924569065423,False
0.385,0.27749999999999997,0.319291875,0.3457861150327623,False
0.385,0.285,0.32018625,0.34698974497119406,False
0.385,0.2925,0.321080625,0.34820280512146407,False
0.385,0.3,0.321975,0.34942478860290416,False
0.385,0.3075,0.322869375,0.35065522087575557,False
0.385,0.315,0.32376374999999996,0.3518936575137616,False
0.385,0.3225,0.324658125,0.3531396821230091,False
0.385,0.32999999999999996,0.32555249999999997,0.35439290440089155,False
0.385,0.33749999999999997,0.326446875,0.35565295832842747,False
0.385,0.345,0.32734125,0.35691950048880106,False
0.385,0.3525,0.32823562500000003,0.3581922085048338,False
0.385,0.36,0.32913,0.35947077958809925,False
0.385,0.3675,0.33002437500000004,0.3607549291925132,False
0.385,0.375,0.33091875,0.3620443897654383,False
0.385,0.3825,0.33181312500000004,0.36333890958961124,False
0.385,0.39,0.33270750000000004,0.36463825170950726,False
0.385,0.39749999999999996,0.333601875,0.36594219293608965,False
0.385,0.40499999999999997,0.33449625,0.36725052292423865,False
0.385,0.4125,0.335390625,0.3685630433175015,False
0.385,0.42,0.336285,0.36987956695515156,False
0.385,0.4275,0.337179375,0.3711999171368819,False
0.385,0.435,0.33807375,0.3725239269407834,False
0.385,0.4425,0.338968125,0.37385143859056924,False
0.385,0.44999999999999996,0.3398625,0.3751823028683021,False
0.385,0.45749999999999996,0.340756875,0.37651637856915976,False
0.385,0.46499999999999997,0.34165125,0.3778535319950361,False
0.385,0.4725,0.342545625,0.3791936364840184,False
0.385,0.48,0.34344,0.3805365719730127,False
0.385,0.4875,0.344334375,0.3818822245909973,False
0.385,0.495,0.34522875,0.38323048628058387,False
0.385,0.5025,0.34612312500000003,0.3845604011012941,False
0.385,0.51,0.3470175,0.38540500859978954,False
0.385,0.5175,0.34791187500000004,0.3862693997223927,False
0.385,0.525,0.34880625,0.38715283897047964,False
0.385,0.5325,0.34970062500000004,0.3880546118213928,False
0.385,0.54,0.350595,0.3889740253008729,False
0.385,0.5475,0.35148937500000005,0.38991040836317603,False
0.385,0.5549999999999999,0.35238375,0.3908631121005966,False
0.385,0.5625,0.35327812500000005,0.3918315098030522,False
0.385,0.57,0.3541725,0.39281499688714494,False
0.385,0.5775,0.35506687500000006,0.39243765321281865,False
0.385,0.585,0.35596125,0.39212758618600224,False
0.385,0.5925,0.356855625,0.3919387308366354,False
0.385,0.6,0.35775,0.3918752936448716,False
0.39,0.0,0.2868,0.31688794248190566,True
0.39,0.0075,0.28769625,0.3169478679144181,True
0.39,0.015,0.2885925,0.31712641492557236,True
0.39,0.0225,0.28948874999999996,0.3174200183971365,True
0.39,0.03,0.290385,0.3178231180990219,True
0.39,0.0375,0.29128125,0.3183286454353281,True
0.39,0.045,0.2921775,0.3189285654762601,True
0.39,0.0525,0.29307374999999997,0.31958575897689234,True
0.39,0.06,0.29397,0.3199946691000313,True
0.39,0.0675,0.29486625,0.32045288218916995,False
0.39,0.075,0.2957625,0.32095867105127235,False
0.39,0.08249999999999999,0.29665874999999997,0.32151022145357355,False
0.39,0.09,0.297555,0.3221056585194471,False
0.39,0.0975,0.29845125,0.3227430712774114,False
0.39,0.105,0.2993475,0.32342053490364797,False
0.39,0.11249999999999999,0.30024375,0.3241361303714542,False
0.39,0.12,0.30114,0.32488796137576564,False
0.39,0.1275,0.30203625,0.3256741685306254,False
0.39,0.135,0.3029325,0.32649294093942316,False
0.39,0.1425,0.30382875,0.32734252531205704,False
0.39,0.15,0.304725,0.3282212328522135,False
0.39,0.1575,0.30562125,0.32912744416529854,False
0.39,0.16499999999999998,0.3065175,0.33005961244734444,False
0.39,0.1725,0.30741375,0.3310162652116333,False
0.39,0.18,0.30831000000000003,0.3319960047966571,False
0.39,0.1875,0.30920625,0.3329975078796852,False
0.39,0.195,0.3101025,0.33401952419731773,False
0.39,0.20249999999999999,0.31099875,0.3350608746500487,False
0.39,0.21,0.31189500000000003,0.3361204489435668,False
0.39,0.2175,0.31279124999999997,0.3371972028963284,False
0.39,0.22499999999999998,0.3136875,0.3382901555215146,False
0.39,0.23249999999999998,0.31458375,0.3393983859721927,False
0.39,0.24,0.31548000000000004,0.3405210304214901,False
0.39,0.2475,0.31637624999999997,0.34165727893485165,False
0.39,0.255,0.3172725,0.3428063723788728,False
0.39,0.2625,0.31816875,0.3439675994006206,False
0.39,0.27,0.31906500000000004,0.3451402935025555,False
0.39,0.27749999999999997,0.31996125,0.3463238302309516,False
0.39,0.285,0.3208575,0.34751762448985457,False
0.39,0.2925,0.32175375,0.34872112798792604,False
0.39,0.3,0.32265,0.3499338268218161,False
0.39,0.3075,0.32354625,0.35115523919681757,False
0.39,0.315,0.3244425,0.35238491328334387,False
0.39,0.3225,0.32533875,0.3536224252061201,False
0.39,0.32999999999999996,0.326235,0.35486737716176764,False
0.39,0.33749999999999997,0.32713125,0.3561193956596224,False
0.39,0.345,0.32802749999999997,0.35737812988006745,False
0.39,0.3525,0.32892375,0.3586432501443315,False
0.39,0.36,0.32982,0.3599144464895522,False
0.39,0.3675,0.33071625,0.36119142734288,False
0.39,0.375,0.33161250000000003,0.36247391828848646,False
0.39,0.3825,0.33250875,0.3637616609214922,False
0.39,0.39,0.333405,0.36505441178304565,False
0.39,0.39749999999999996,0.33430125,0.3663519413710285,False
0.39,0.40499999999999997,0.3351975,0.36765403322113593,False
0.39,0.4125,0.33609375,0.36896048305336326,False
0.39,0.42,0.33698999999999996,0.37027109797922064,False
0.39,0.4275,0.33788625,0.3715856957652851,False
0.39,0.435,0.3387825,0.3729041041489829,False
0.39,0.4425,0.33967875000000003,0.3742261602027696,False
0.39,0.44999999999999996,0.34057499999999996,0.37555170974313956,False
0.39,0.45749999999999996,0.34147125,0.376880606781147,False
0.39,0.46499999999999997,0.3423675,0.3782127130113617,False
0.39,0.4725,0.34326375000000003,0.3795478973364044,False
0.39,0.48,0.34415999999999997,0.3808860354244201,False
0.39,0.4875,0.34505625,0.3822270092970449,False
0.39,0.495,0.3459525,0.3835707069456047,False
0.39,0.5025,0.34684875000000004,0.38491702197345845,False
0.39,0.51,0.34774499999999997,0.3861805993483939,False
0.39,0.5175,0.34864125,0.3870353634547635,False
0.39,0.525,0.3495375,0.387909206088055,False
0.39,0.5325,0.35043375000000004,0.38880142676342677,False
0.39,0.54,0.35133,0.38971134519316414,False
0.39,0.5475,0.35222625,0.390638301732859,False
0.39,0.5549999999999999,0.3531225,0.3915816576606764,False
0.39,0.5625,0.35401875000000005,0.39254079530886354,False
0.39,0.57,0.354915,0.39351511806563844,False
0.39,0.5775,0.35581125,0.39336783819571736,False
0.39,0.585,0.3567075,0.3930742347241532,False
0.39,0.5925,0.35760375000000005,0.39289568771299893,False
0.39,0.6,0.3585,0.3928357622804865,False
0.395,0.0,0.2874,0.3178484111175206,True
0.395,0.0075,0.28829812499999996,0.3179051926330239,True
0.395,0.015,0.28919625,0.3180744901260796,True
0.395,0.0225,0.29009437499999996,0.31835325666591197,True
0.395,0.03,0.2909925,0.31873670903067863,True
0.395,0.0375,0.29189062499999996,0.31921871000629914,True
0.395,0.045,0.29278875,0.3197922037403865,True
0.395,0.0525,0.29368687499999996,0.320449641932487,False
0.395,0.06,0.294585,0.3209116225859934,False
0.395,0.0675,0.29548312499999996,0.3213592374203459,False
0.395,0.075,0.29638125,0.3218536053750539,False
0.395,0.08249999999999999,0.29727937499999996,0.322393021665731,False
0.395,0.09,0.2981775,0.3229757193052191,False
0.395,0.0975,0.29907562499999996,0.3235998917304313,False
0.395,0.105,0.29997375,0.3242637134996226,False
0.395,0.11249999999999999,0.30087187499999996,0.32496535877269195,False
0.395,0.12,0.30177,0.3257030174216763,False
0.395,0.1275,0.30266812499999995,0.32647490873416757,False
0.395,0.135,0.30356625,0.3272792927658103,False
0.395,0.1425,0.30446437499999995,0.32811447946869104,False
0.395,0.15,0.3053625,0.3289788357716066,False
0.395,0.1575,0.30626062499999995,0.3298707908184128,False
0.395,0.16499999999999998,0.30715875,0.3307888395850703,False
0.395,0.1725,0.30805687499999995,0.33173154509796904,False
0.395,0.18,0.308955,0.3326975394688261,False
0.395,0.1875,0.30985312499999995,0.33368552394776074,False
0.395,0.195,0.31075125000000003,0.3346942681784519,False
0.395,0.20249999999999999,0.311649375,0.33572260881948757,False
0.395,0.21,0.31254750000000003,0.3367694476755867,False
0.395,0.2175,0.313445625,0.33783374946234906,False
0.395,0.22499999999999998,0.31434375000000003,0.33891453930929105,False
0.395,0.23249999999999998,0.315241875,0.3400109000885828,False
0.395,0.24,0.31614000000000003,0.3411219696413464,False
0.395,0.2475,0.317038125,0.34224693795968386,False
0.395,0.255,0.31793625000000003,0.3433850443707434,False
0.395,0.2625,0.318834375,0.34453557475900215,False
0.395,0.27,0.31973250000000003,0.3456978588544046,False
0.395,0.27749999999999997,0.320630625,0.3468712676068792,False
0.395,0.285,0.32152875,0.34805521066189493,False
0.395,0.2925,0.322426875,0.3492491339469469,False
0.395,0.3,0.32332500000000003,0.350452517375021,False
0.395,0.3075,0.324223125,0.3516648726680353,False
0.395,0.315,0.32512125,0.35288574130086686,False
0.395,0.3225,0.326019375,0.3541146925647307,False
0.395,0.32999999999999996,0.32691749999999997,0.3553513217472904,False
0.395,0.33749999999999997,0.327815625,0.35659524842585527,False
0.395,0.345,0.32871374999999997,0.35784611486929985,False
0.395,0.3525,0.329611875,0.35910358454385166,False
0.395,0.36,0.33050999999999997,0.3603673407176008,False
0.395,0.3675,0.331408125,0.36163708515843507,False
0.395,0.375,0.33230624999999997,0.3629125369200704,False
0.395,0.3825,0.333204375,0.36419343121090136,False
0.395,0.39,0.3341025,0.3654795183405147,False
0.395,0.39749999999999996,0.335000625,0.3667705627388749,False
0.395,0.40499999999999997,0.33589874999999997,0.3680663420433906,False
0.395,0.4125,0.336796875,0.36936664624929133,False
0.395,0.42,0.33769499999999997,0.3706712769189779,False
0.395,0.4275,0.338593125,0.37198004644625193,False
0.395,0.435,0.33949124999999997,0.37329277737156885,False
0.395,0.4425,0.340389375,0.37460930174469886,False
0.395,0.44999999999999996,0.34128749999999997,0.37592946053141174,False
0.395,0.45749999999999996,0.342185625,0.3772531030610268,False
0.395,0.46499999999999997,0.34308374999999997,0.3785800865118827,False
0.395,0.4725,0.343981875,0.37991027543198813,False
0.395,0.48,0.34487999999999996,0.38124354129230686,False
0.395,0.4875,0.345778125,0.38257976207031297,False
0.395,0.495,0.34667624999999996,0.3839188218616249,False
0.395,0.5025,0.347574375,0.38526061051768573,False
0.395,0.51,0.34847249999999996,0.386605023307608,False
0.395,0.5175,0.349370625,0.38780609690975704,False
0.395,0.525,0.35026874999999996,0.38867049007504456,False
0.395,0.5325,0.351166875,0.3895532974305585,False
0.395,0.54,0.35206499999999996,0.3904538513968332,False
0.395,0.5475,0.352963125,0.39137150380492713,False
0.395,0.5549999999999999,0.35386124999999996,0.3923056262380486,False
0.395,0.5625,0.354759375,0.3932556102281032,False
0.395,0.57,0.35565749999999996,0.39422086732405826,False
0.395,0.5775,0.35655562500000004,0.3943010764644928,False
0.395,0.585,0.35745375,0.3940223099246604,False
0.395,0.5925,0.35835187500000004,0.39385301243160475,False
0.395,0.6,0.35925,0.39379623091610144,False
0.4,0.0,0.288,0.31880887975313554,True
0.4,0.0075,0.28889999999999993,0.31886283035224927,True
0.4,0.015,0.2898,0.31902378308912255,True
0.4,0.0225,0.29069999999999996,0.319289114070943,True
0.4,0.03,0.29159999999999997,0.3196546809368669,True
0.4,0.0375,0.2924999999999999,0.3201151260907219,False
0.4,0.045,0.2934,0.32066422873375283,False
0.4,0.0525,0.29429999999999995,0.3212952583530179,False
0.4,0.06,0.29519999999999996,0.32183061291240783,False
0.4,0.0675,0.2961,0.3222680841122494,False
0.4,0.075,0.297,0.32275150322011775,False
0.4,0.08249999999999999,0.29789999999999994,0.32327926685282465,False
0.4,0.09,0.2988,0.3238497085061797,False
0.4,0.0975,0.29969999999999997,0.3244611194052123,False
0.4,0.105,0.3006,0.32511176774470985,False
0.4,0.11249999999999999,0.30149999999999993,0.32579991603774977,False
0.4,0.12,0.3024,0.32652383640657473,False
0.4,0.1275,0.30329999999999996,0.3272818237525985,False
0.4,0.135,0.30419999999999997,0.3280722068272495,False
0.4,0.1425,0.3051,0.32889335729162716,False
0.4,0.15,0.306,0.32974369690109434,False
0.4,0.1575,0.30689999999999995,0.33062170298264404,False
0.4,0.16499999999999998,0.3078,0.33152591239051205,False
0.4,0.1725,0.3087,0.3324549241317181,False
0.4,0.18,0.3096,0.33340740085062426,False
0.4,0.1875,0.31049999999999994,0.33438206935263765,False
0.4,0.195,0.3114,0.33537772033395274,False
0.4,0.20249999999999999,0.31229999999999997,0.3363932074684602,False
0.4,0.21,0.3132,0.33742744598601376,False
0.4,0.2175,0.3141,0.3384794108591626,False
0.4,0.22499999999999998,0.315,0.3395481346989517,False
0.4,0.23249999999999998,0.31589999999999996,0.3406327054449518,False
0.4,0.24,0.3168,0.3417322639205879,False
0.4,0.2475,0.3177,0.34284600131223364,False
0.4,0.255,0.3186,0.34397315661945826,False
0.4,0.2625,0.31949999999999995,0.3451130141142195,False
0.4,0.27,0.3204,0.34626490083858563,False
0.4,0.27749999999999997,0.3213,0.3474281841636414,False
0.4,0.285,0.3222,0.3486022694264392,False
0.4,0.2925,0.3231,0.34978659765707276,False
0.4,0.3,0.32399999999999995,0.35098064340403917,False
0.4,0.3075,0.32489999999999997,0.35218391266289295,False
0.4,0.315,0.32580000000000003,0.3533959409106745,False
0.4,0.3225,0.3267,0.3546162912466054,False
0.4,0.32999999999999996,0.32759999999999995,0.3558445526380031,False
0.4,0.33749999999999997,0.32849999999999996,0.35708033826919783,False
0.4,0.345,0.32939999999999997,0.3583232839903638,False
0.4,0.3525,0.3303,0.35957304686255676,False
0.4,0.36,0.33119999999999994,0.36082930379482564,False
0.4,0.3675,0.3321,0.3620917502690001,False
0.4,0.375,0.333,0.3633600991476168,False
0.4,0.3825,0.3339,0.3646340795604037,False
0.4,0.39,0.3348,0.36591343586477354,False
0.4,0.39749999999999996,0.3357,0.36719792667586787,False
0.4,0.40499999999999997,0.33659999999999995,0.36848732396182304,False
0.4,0.4125,0.33749999999999997,0.36978141220009025,False
0.4,0.42,0.3384,0.3710799875908212,False
0.4,0.4275,0.3393,0.3723828573235274,False
0.4,0.435,0.34019999999999995,0.3736898388934171,False
0.4,0.4425,0.3411,0.37500075946402095,False
0.4,0.44999999999999996,0.34199999999999997,0.3763154552729133,False
0.4,0.45749999999999996,0.3429,0.37763377107753837,False
0.4,0.46499999999999997,0.34379999999999994,0.37895555963833666,False
0.4,0.4725,0.3447,0.3802806812365556,False
0.4,0.48,0.34559999999999996,0.3816090032243004,False
0.4,0.4875,0.3465,0.3829403996045503,False
0.4,0.495,0.3474,0.3842747506390224,False
0.4,0.5025,0.3483,0.3856119424819153,False
0.4,0.51,0.34919999999999995,0.38695186683770283,False
0.4,0.5175,0.3501,0.38829442064128095,False
0.4,0.525,0.351,0.3894365350438009,False
0.4,0.5325,0.3519,0.39031006741148055,False
0.4,0.54,0.35279999999999995,0.3912013873726813,False
0.4,0.5475,0.3537,0.39210985827792744,False
0.4,0.5549999999999999,0.35459999999999997,0.3930348621044428,False
0.4,0.5625,0.3555,0.39397579971126867,False
0.4,0.57,0.3564,0.3949320909680957,False
0.4,0.5775,0.3573,0.39523693386952385,False
0.4,0.585,0.35819999999999996,0.3949716028877034,False
0.4,0.5925,0.35910000000000003,0.3948106501508301,False
0.4,0.6,0.36,0.3947566995517164,False
