reference_containment,reference_ARR,reference_UCP,reference_n_certified,reference_n_true_safe,containment_lower,containment_upper,ambiguous_environments,reference_halfwidth_max,rep,Mechanism,method,mean_reference_risk
1.0,0.3125,0.0,5,16,1.0,1.0,2,0.012676490735917256,0,MCAR,multiplier,0.326009375
1.0,0.25,0.0,4,16,1.0,1.0,2,0.012676490735917256,0,MCAR,exact_bonferroni,0.326009375
1.0,0.25,0.0,4,16,1.0,1.0,2,0.012676490735917256,0,MCAR,holm,0.326009375
1.0,0.625,0.0,10,16,1.0,1.0,0,0.012623107413878731,0,MAR,multiplier,0.32276875000000005
1.0,0.375,0.0,6,16,1.0,1.0,0,0.012623107413878731,0,MAR,exact_bonferroni,0.32276875000000005
1.0,0.5625,0.0,9,16,1.0,1.0,0,0.012623107413878731,0,MAR,holm,0.32276875000000005
1.0,0.5625,0.0,9,16,1.0,1.0,0,0.012606442750493718,0,MNAR,multiplier,0.321628125
1.0,0.375,0.0,6,16,1.0,1.0,0,0.012606442750493718,0,MNAR,exact_bonferroni,0.321628125
1.0,0.5,0.0,8,16,1.0,1.0,0,0.012606442750493718,0,MNAR,holm,0.321628125
1.0,0.5,0.0,8,16,1.0,1.0,0,0.012636298388630507,0,Structured,multiplier,0.323665625
1.0,0.375,0.0,6,16,1.0,1.0,0,0.012636298388630507,0,Structured,exact_bonferroni,0.323665625
1.0,0.375,0.0,6,16,1.0,1.0,0,0.012636298388630507,0,Structured,holm,0.323665625
1.0,0.0,0.0,0,16,1.0,1.0,0,0.012650293216973724,1,MCAR,multiplier,0.32442812499999996
1.0,0.0,0.0,0,16,1.0,1.0,0,0.012650293216973724,1,MCAR,exact_bonferroni,0.32442812499999996
1.0,0.0,0.0,0,16,1.0,1.0,0,0.012650293216973724,1,MCAR,holm,0.32442812499999996
1.0,0.0,0.0,0,16,1.0,1.0,0,0.012624999487805239,1,MAR,multiplier,0.32250625
1.0,0.0,0.0,0,16,1.0,1.0,0,0.012624999487805239,1,MAR,exact_bonferroni,0.32250625
1.0,0.0,0.0,0,16,1.0,1.0,0,0.012624999487805239,1,MAR,holm,0.32250625
1.0,0.0,0.0,0,16,1.0,1.0,0,0.012584242079995533,1,MNAR,multiplier,0.3202875
1.0,0.0,0.0,0,16,1.0,1.0,0,0.012584242079995533,1,MNAR,exact_bonferroni,0.3202875
1.0,0.0,0.0,0,16,1.0,1.0,0,0.012584242079995533,1,MNAR,holm,0.3202875
1.0,0.0,0.0,0,16,1.0,1.0,0,0.012632542279348236,1,Structured,multiplier,0.3228375
1.0,0.0,0.0,0,16,1.0,1.0,0,0.012632542279348236,1,Structured,exact_bonferroni,0.3228375
1.0,0.0,0.0,0,16,1.0,1.0,0,0.012632542279348236,1,Structured,holm,0.3228375
1.0,0.0,0.0,0,16,1.0,1.0,7,0.012751167496106025,2,MCAR,multiplier,0.33459062500000003
1.0,0.0,0.0,0,16,1.0,1.0,7,0.012751167496106025,2,MCAR,exact_bonferroni,0.33459062500000003
1.0,0.0,0.0,0,16,1.0,1.0,7,0.012751167496106025,2,MCAR,holm,0.33459062500000003
1.0,0.0,0.0,0,16,1.0,1.0,3,0.01269412025726907,2,MAR,multiplier,0.33121562499999996
1.0,0.0,0.0,0,16,1.0,1.0,3,0.01269412025726907,2,MAR,exact_bonferroni,0.33121562499999996
1.0,0.0,0.0,0,16,1.0,1.0,3,0.01269412025726907,2,MAR,holm,0.33121562499999996
1.0,0.0625,0.0,1,16,1.0,1.0,0,0.012633012349974687,2,MNAR,multiplier,0.328609375
1.0,0.0,0.0,0,16,1.0,1.0,0,0.012633012349974687,2,MNAR,exact_bonferroni,0.328609375
1.0,0.0,0.0,0,16,1.0,1.0,0,0.012633012349974687,2,MNAR,holm,0.328609375
1.0,0.0,0.0,0,16,1.0,1.0,7,0.012755019706550241,2,Structured,multiplier,0.3352125
1.0,0.0,0.0,0,16,1.0,1.0,7,0.012755019706550241,2,Structured,exact_bonferroni,0.3352125
1.0,0.0,0.0,0,16,1.0,1.0,7,0.012755019706550241,2,Structured,holm,0.3352125
1.0,0.0,0.0,0,16,1.0,1.0,4,0.012699496674918237,3,MCAR,multiplier,0.329403125
1.0,0.0,0.0,0,16,1.0,1.0,4,0.012699496674918237,3,MCAR,exact_bonferroni,0.329403125
1.0,0.0,0.0,0,16,1.0,1.0,4,0.012699496674918237,3,MCAR,holm,0.329403125
1.0,0.0,0.0,0,16,1.0,1.0,0,0.012640979212295539,3,MAR,multiplier,0.32687187500000003
1.0,0.0,0.0,0,16,1.0,1.0,0,0.012640979212295539,3,MAR,exact_bonferroni,0.32687187500000003
1.0,0.0,0.0,0,16,1.0,1.0,0,0.012640979212295539,3,MAR,holm,0.32687187500000003
1.0,0.0,0.0,0,16,1.0,1.0,0,0.012583269117093898,3,MNAR,multiplier,0.32333125
1.0,0.0,0.0,0,16,1.0,1.0,0,0.012583269117093898,3,MNAR,exact_bonferroni,0.32333125
1.0,0.0,0.0,0,16,1.0,1.0,0,0.012583269117093898,3,MNAR,holm,0.32333125
1.0,0.0,0.0,0,16,1.0,1.0,3,0.01269412025726907,3,Structured,multiplier,0.330303125
1.0,0.0,0.0,0,16,1.0,1.0,3,0.01269412025726907,3,Structured,exact_bonferroni,0.330303125
1.0,0.0,0.0,0,16,1.0,1.0,3,0.01269412025726907,3,Structured,holm,0.330303125
1.0,0.0625,0.0,1,16,1.0,1.0,1,0.012672844840419556,4,MCAR,multiplier,0.32634375
1.0,0.0,0.0,0,16,1.0,1.0,1,0.012672844840419556,4,MCAR,exact_bonferroni,0.32634375
1.0,0.0,0.0,0,16,1.0,1.0,1,0.012672844840419556,4,MCAR,holm,0.32634375
1.0,0.0625,0.0,1,16,1.0,1.0,0,0.012623107413878731,4,MAR,multiplier,0.323909375
1.0,0.0,0.0,0,16,1.0,1.0,0,0.012623107413878731,4,MAR,exact_bonferroni,0.323909375
1.0,0.0,0.0,0,16,1.0,1.0,0,0.012623107413878731,4,MAR,holm,0.323909375
1.0,0.0625,0.0,1,16,1.0,1.0,0,0.012575951348836517,4,MNAR,multiplier,0.321446875
1.0,0.0,0.0,0,16,1.0,1.0,0,0.012575951348836517,4,MNAR,exact_bonferroni,0.321446875
1.0,0.0,0.0,0,16,1.0,1.0,0,0.012575951348836517,4,MNAR,holm,0.321446875
1.0,0.0625,0.0,1,16,1.0,1.0,0,0.01264936467210942,4,Structured,multiplier,0.32528437499999996
1.0,0.0,0.0,0,16,1.0,1.0,0,0.01264936467210942,4,Structured,exact_bonferroni,0.32528437499999996
1.0,0.0,0.0,0,16,1.0,1.0,0,0.01264936467210942,4,Structured,holm,0.32528437499999996
1.0,0.0,0.0,0,16,1.0,1.0,4,0.012687819216404078,5,MCAR,multiplier,0.32735625
1.0,0.0,0.0,0,16,1.0,1.0,4,0.012687819216404078,5,MCAR,exact_bonferroni,0.32735625
1.0,0.0,0.0,0,16,1.0,1.0,4,0.012687819216404078,5,MCAR,holm,0.32735625
1.0,0.0,0.0,0,16,1.0,1.0,0,0.012629247326736814,5,MAR,multiplier,0.324065625
1.0,0.0,0.0,0,16,1.0,1.0,0,0.012629247326736814,5,MAR,exact_bonferroni,0.324065625
1.0,0.0,0.0,0,16,1.0,1.0,0,0.012629247326736814,5,MAR,holm,0.324065625
1.0,0.0,0.0,0,16,1.0,1.0,0,0.012591034793278028,5,MNAR,multiplier,0.32224687500000004
1.0,0.0,0.0,0,16,1.0,1.0,0,0.012591034793278028,5,MNAR,exact_bonferroni,0.32224687500000004
1.0,0.0,0.0,0,16,1.0,1.0,0,0.012591034793278028,5,MNAR,holm,0.32224687500000004
1.0,0.0,0.0,0,16,1.0,1.0,0,0.012662306651085725,5,Structured,multiplier,0.32556874999999996
1.0,0.0,0.0,0,16,1.0,1.0,0,0.012662306651085725,5,Structured,exact_bonferroni,0.32556874999999996
1.0,0.0,0.0,0,16,1.0,1.0,0,0.012662306651085725,5,Structured,holm,0.32556874999999996
1.0,0.0,0.0,0,16,1.0,1.0,3,0.01271769604531009,6,MCAR,multiplier,0.328353125
1.0,0.0,0.0,0,16,1.0,1.0,3,0.01271769604531009,6,MCAR,exact_bonferroni,0.328353125
1.0,0.0,0.0,0,16,1.0,1.0,3,0.01271769604531009,6,MCAR,holm,0.328353125
1.0,0.0,0.0,0,16,1.0,1.0,1,0.012690073120750628,6,MAR,multiplier,0.325525
1.0,0.0,0.0,0,16,1.0,1.0,1,0.012690073120750628,6,MAR,exact_bonferroni,0.325525
1.0,0.0,0.0,0,16,1.0,1.0,1,0.012690073120750628,6,MAR,holm,0.325525
1.0,0.0,0.0,0,16,1.0,1.0,0,0.01260500523162636,6,MNAR,multiplier,0.32224374999999994
1.0,0.0,0.0,0,16,1.0,1.0,0,0.01260500523162636,6,MNAR,exact_bonferroni,0.32224374999999994
1.0,0.0,0.0,0,16,1.0,1.0,0,0.01260500523162636,6,MNAR,holm,0.32224374999999994
1.0,0.25,0.0,4,16,1.0,1.0,2,0.012675124707075103,6,Structured,multiplier,0.32608437500000004
1.0,0.0625,0.0,1,16,1.0,1.0,2,0.012675124707075103,6,Structured,exact_bonferroni,0.32608437500000004
1.0,0.0625,0.0,1,16,1.0,1.0,2,0.012675124707075103,6,Structured,holm,0.32608437500000004
1.0,0.1875,0.0,3,16,1.0,1.0,3,0.01269770704395387,7,MCAR,multiplier,0.328171875
1.0,0.0,0.0,0,16,1.0,1.0,3,0.01269770704395387,7,MCAR,exact_bonferroni,0.328171875
1.0,0.0,0.0,0,16,1.0,1.0,3,0.01269770704395387,7,MCAR,holm,0.328171875
1.0,0.1875,0.0,3,16,1.0,1.0,0,0.012651221127773976,7,MAR,multiplier,0.3252875
1.0,0.0,0.0,0,16,1.0,1.0,0,0.012651221127773976,7,MAR,exact_bonferroni,0.3252875
1.0,0.0,0.0,0,16,1.0,1.0,0,0.012651221127773976,7,MAR,holm,0.3252875
1.0,0.1875,0.0,3,16,1.0,1.0,0,0.01258812749188376,7,MNAR,multiplier,0.32301875
1.0,0.0,0.0,0,16,1.0,1.0,0,0.01258812749188376,7,MNAR,exact_bonferroni,0.32301875
1.0,0.0,0.0,0,16,1.0,1.0,0,0.01258812749188376,7,MNAR,holm,0.32301875
1.0,0.1875,0.0,3,16,1.0,1.0,0,0.01265492643312191,7,Structured,multiplier,0.32638750000000005
1.0,0.0,0.0,0,16,1.0,1.0,0,0.01265492643312191,7,Structured,exact_bonferroni,0.32638750000000005
1.0,0.0,0.0,0,16,1.0,1.0,0,0.01265492643312191,7,Structured,holm,0.32638750000000005
1.0,0.1875,0.0,3,16,1.0,1.0,2,0.012683752289171624,8,MCAR,multiplier,0.326165625
1.0,0.125,0.0,2,16,1.0,1.0,2,0.012683752289171624,8,MCAR,exact_bonferroni,0.326165625
1.0,0.125,0.0,2,16,1.0,1.0,2,0.012683752289171624,8,MCAR,holm,0.326165625
1.0,0.375,0.0,6,16,1.0,1.0,0,0.012618840912431234,8,MAR,multiplier,0.323196875
1.0,0.125,0.0,2,16,1.0,1.0,0,0.012618840912431234,8,MAR,exact_bonferroni,0.323196875
1.0,0.125,0.0,2,16,1.0,1.0,0,0.012618840912431234,8,MAR,holm,0.323196875
1.0,0.25,0.0,4,16,1.0,1.0,0,0.012572523970259764,8,MNAR,multiplier,0.32120312500000003
1.0,0.125,0.0,2,16,1.0,1.0,0,0.012572523970259764,8,MNAR,exact_bonferroni,0.32120312500000003
1.0,0.125,0.0,2,16,1.0,1.0,0,0.012572523970259764,8,MNAR,holm,0.32120312500000003
1.0,0.25,0.0,4,16,1.0,1.0,1,0.012671931790188884,8,Structured,multiplier,0.3260375
1.0,0.125,0.0,2,16,1.0,1.0,1,0.012671931790188884,8,Structured,exact_bonferroni,0.3260375
1.0,0.125,0.0,2,16,1.0,1.0,1,0.012671931790188884,8,Structured,holm,0.3260375
1.0,0.0625,0.0,1,16,1.0,1.0,6,0.012764807364949282,9,MCAR,multiplier,0.33437812499999997
1.0,0.0,0.0,0,16,1.0,1.0,6,0.012764807364949282,9,MCAR,exact_bonferroni,0.33437812499999997
1.0,0.0,0.0,0,16,1.0,1.0,6,0.012764807364949282,9,MCAR,holm,0.33437812499999997
1.0,0.0625,0.0,1,16,1.0,1.0,4,0.012708851134325905,9,MAR,multiplier,0.33095937499999994
1.0,0.0,0.0,0,16,1.0,1.0,4,0.012708851134325905,9,MAR,exact_bonferroni,0.33095937499999994
1.0,0.0,0.0,0,16,1.0,1.0,4,0.012708851134325905,9,MAR,holm,0.33095937499999994
1.0,0.0625,0.0,1,16,1.0,1.0,0,0.012659082788935155,9,MNAR,multiplier,0.32895312499999996
1.0,0.0,0.0,0,16,1.0,1.0,0,0.012659082788935155,9,MNAR,exact_bonferroni,0.32895312499999996
1.0,0.0,0.0,0,16,1.0,1.0,0,0.012659082788935155,9,MNAR,holm,0.32895312499999996
1.0,0.0625,0.0,1,16,1.0,1.0,4,0.012703959787247504,9,Structured,multiplier,0.331784375
1.0,0.0,0.0,0,16,1.0,1.0,4,0.012703959787247504,9,Structured,exact_bonferroni,0.331784375
1.0,0.0,0.0,0,16,1.0,1.0,4,0.012703959787247504,9,Structured,holm,0.331784375
1.0,0.75,0.0,12,16,1.0,1.0,0,0.012658621604595827,10,MCAR,multiplier,0.327071875
1.0,0.4375,0.0,7,16,1.0,1.0,0,0.012658621604595827,10,MCAR,exact_bonferroni,0.327071875
1.0,0.75,0.0,12,16,1.0,1.0,0,0.012658621604595827,10,MCAR,holm,0.327071875
1.0,0.8125,0.0,13,16,1.0,1.0,0,0.012605963737740866,10,MAR,multiplier,0.323975
1.0,0.4375,0.0,7,16,1.0,1.0,0,0.012605963737740866,10,MAR,exact_bonferroni,0.323975
1.0,1.0,0.0,16,16,1.0,1.0,0,0.012605963737740866,10,MAR,holm,0.323975
1.0,0.75,0.0,12,16,1.0,1.0,0,0.012535304168870165,10,MNAR,multiplier,0.32011874999999995
1.0,0.4375,0.0,7,16,1.0,1.0,0,0.012535304168870165,10,MNAR,exact_bonferroni,0.32011874999999995
1.0,0.75,0.0,12,16,1.0,1.0,0,0.012535304168870165,10,MNAR,holm,0.32011874999999995
1.0,0.5625,0.0,9,16,1.0,1.0,0,0.012630660404796351,10,Structured,multiplier,0.325003125
1.0,0.25,0.0,4,16,1.0,1.0,0,0.012630660404796351,10,Structured,exact_bonferroni,0.325003125
1.0,0.3125,0.0,5,16,1.0,1.0,0,0.012630660404796351,10,Structured,holm,0.325003125
1.0,0.125,0.0,2,16,1.0,1.0,0,0.012650293216973724,11,MCAR,multiplier,0.3239875
1.0,0.0,0.0,0,16,1.0,1.0,0,0.012650293216973724,11,MCAR,exact_bonferroni,0.3239875
1.0,0.0,0.0,0,16,1.0,1.0,0,0.012650293216973724,11,MCAR,holm,0.3239875
1.0,0.125,0.0,2,16,1.0,1.0,0,0.012587642378677127,11,MAR,multiplier,0.32108749999999997
1.0,0.0,0.0,0,16,1.0,1.0,0,0.012587642378677127,11,MAR,exact_bonferroni,0.32108749999999997
1.0,0.0,0.0,0,16,1.0,1.0,0,0.012587642378677127,11,MAR,holm,0.32108749999999997
1.0,0.1875,0.0,3,16,1.0,1.0,0,0.012554276225334893,11,MNAR,multiplier,0.31875
1.0,0.0,0.0,0,16,1.0,1.0,0,0.012554276225334893,11,MNAR,exact_bonferroni,0.31875
1.0,0.0,0.0,0,16,1.0,1.0,0,0.012554276225334893,11,MNAR,holm,0.31875
1.0,0.25,0.0,4,16,1.0,1.0,0,0.012628304478169483,11,Structured,multiplier,0.32305937500000004
1.0,0.0,0.0,0,16,1.0,1.0,0,0.012628304478169483,11,Structured,exact_bonferroni,0.32305937500000004
1.0,0.0,0.0,0,16,1.0,1.0,0,0.012628304478169483,11,Structured,holm,0.32305937500000004
1.0,0.25,0.0,4,16,1.0,1.0,5,0.012729974114720821,12,MCAR,multiplier,0.331290625
1.0,0.25,0.0,4,16,1.0,1.0,5,0.012729974114720821,12,MCAR,exact_bonferroni,0.331290625
1.0,0.25,0.0,4,16,1.0,1.0,5,0.012729974114720821,12,MCAR,holm,0.331290625
1.0,0.3125,0.0,5,16,1.0,1.0,0,0.012655851175692873,12,MAR,multiplier,0.3277875
1.0,0.3125,0.0,5,16,1.0,1.0,0,0.012655851175692873,12,MAR,exact_bonferroni,0.3277875
1.0,0.3125,0.0,5,16,1.0,1.0,0,0.012655851175692873,12,MAR,holm,0.3277875
1.0,0.4375,0.0,7,16,1.0,1.0,0,0.012611224071163663,12,MNAR,multiplier,0.325703125
1.0,0.3125,0.0,5,16,1.0,1.0,0,0.012611224071163663,12,MNAR,exact_bonferroni,0.325703125
1.0,0.4375,0.0,7,16,1.0,1.0,0,0.012611224071163663,12,MNAR,holm,0.325703125
1.0,0.375,0.0,6,16,1.0,1.0,2,0.012696363174981407,12,Structured,multiplier,0.3286875
1.0,0.25,0.0,4,16,1.0,1.0,2,0.012696363174981407,12,Structured,exact_bonferroni,0.3286875
1.0,0.25,0.0,4,16,1.0,1.0,2,0.012696363174981407,12,Structured,holm,0.3286875
1.0,0.0,0.0,0,16,1.0,1.0,3,0.012726040909097236,13,MCAR,multiplier,0.32899687499999997
1.0,0.0,0.0,0,16,1.0,1.0,3,0.012726040909097236,13,MCAR,exact_bonferroni,0.32899687499999997
1.0,0.0,0.0,0,16,1.0,1.0,3,0.012726040909097236,13,MCAR,holm,0.32899687499999997
1.0,0.0,0.0,0,16,1.0,1.0,0,0.012655851175692873,13,MAR,multiplier,0.325628125
1.0,0.0,0.0,0,16,1.0,1.0,0,0.012655851175692873,13,MAR,exact_bonferroni,0.325628125
1.0,0.0,0.0,0,16,1.0,1.0,0,0.012655851175692873,13,MAR,holm,0.325628125
1.0,0.0,0.0,0,16,1.0,1.0,0,0.012622160419719142,13,MNAR,multiplier,0.32390312499999996
1.0,0.0,0.0,0,16,1.0,1.0,0,0.012622160419719142,13,MNAR,exact_bonferroni,0.32390312499999996
1.0,0.0,0.0,0,16,1.0,1.0,0,0.012622160419719142,13,MNAR,holm,0.32390312499999996
1.0,0.1875,0.0,3,16,1.0,1.0,1,0.012666440236889398,13,Structured,multiplier,0.32645
1.0,0.125,0.0,2,16,1.0,1.0,1,0.012666440236889398,13,Structured,exact_bonferroni,0.32645
1.0,0.125,0.0,2,16,1.0,1.0,1,0.012666440236889398,13,Structured,holm,0.32645
1.0,0.375,0.0,6,16,1.0,1.0,0,0.012632542279348236,14,MCAR,multiplier,0.320365625
1.0,0.125,0.0,2,16,1.0,1.0,0,0.012632542279348236,14,MCAR,exact_bonferroni,0.320365625
1.0,0.1875,0.0,3,16,1.0,1.0,0,0.012632542279348236,14,MCAR,holm,0.320365625
1.0,0.375,0.0,6,16,1.0,1.0,0,0.012599240730119254,14,MAR,multiplier,0.31839687499999997
1.0,0.25,0.0,4,16,1.0,1.0,0,0.012599240730119254,14,MAR,exact_bonferroni,0.31839687499999997
1.0,0.375,0.0,6,16,1.0,1.0,0,0.012599240730119254,14,MAR,holm,0.31839687499999997
1.0,0.4375,0.0,7,16,1.0,1.0,0,0.01255079900178327,14,MNAR,multiplier,0.31546562499999997
1.0,0.25,0.0,4,16,1.0,1.0,0,0.01255079900178327,14,MNAR,exact_bonferroni,0.31546562499999997
1.0,0.375,0.0,6,16,1.0,1.0,0,0.01255079900178327,14,MNAR,holm,0.31546562499999997
1.0,0.3125,0.0,5,16,1.0,1.0,0,0.012629247326736814,14,Structured,multiplier,0.31948125
1.0,0.125,0.0,2,16,1.0,1.0,0,0.012629247326736814,14,Structured,exact_bonferroni,0.31948125
1.0,0.125,0.0,2,16,1.0,1.0,0,0.012629247326736814,14,Structured,holm,0.31948125
1.0,0.125,0.0,2,16,1.0,1.0,3,0.012699049502235799,15,MCAR,multiplier,0.328575
1.0,0.0625,0.0,1,16,1.0,1.0,3,0.012699049502235799,15,MCAR,exact_bonferroni,0.328575
1.0,0.0625,0.0,1,16,1.0,1.0,3,0.012699049502235799,15,MCAR,holm,0.328575
1.0,0.3125,0.0,5,16,1.0,1.0,0,0.012648435493041787,15,MAR,multiplier,0.32595624999999995
1.0,0.125,0.0,2,16,1.0,1.0,0,0.012648435493041787,15,MAR,exact_bonferroni,0.32595624999999995
1.0,0.125,0.0,2,16,1.0,1.0,0,0.012648435493041787,15,MAR,holm,0.32595624999999995
1.0,0.3125,0.0,5,16,1.0,1.0,0,0.012596832036988637,15,MNAR,multiplier,0.323125
1.0,0.125,0.0,2,16,1.0,1.0,0,0.012596832036988637,15,MNAR,exact_bonferroni,0.323125
1.0,0.125,0.0,2,16,1.0,1.0,0,0.012596832036988637,15,MNAR,holm,0.323125
1.0,0.3125,0.0,5,16,0.0,1.0,2,0.012700837252974245,15,Structured,multiplier,0.328184375
1.0,0.125,0.0,2,16,1.0,1.0,2,0.012700837252974245,15,Structured,exact_bonferroni,0.328184375
1.0,0.125,0.0,2,16,1.0,1.0,2,0.012700837252974245,15,Structured,holm,0.328184375
1.0,0.1875,0.0,3,16,1.0,1.0,0,0.012655851175692873,16,MCAR,multiplier,0.32325312500000003
1.0,0.125,0.0,2,16,1.0,1.0,0,0.012655851175692873,16,MCAR,exact_bonferroni,0.32325312500000003
1.0,0.125,0.0,2,16,1.0,1.0,0,0.012655851175692873,16,MCAR,holm,0.32325312500000003
1.0,0.1875,0.0,3,16,1.0,1.0,0,0.012604046084573994,16,MAR,multiplier,0.320765625
1.0,0.125,0.0,2,16,1.0,1.0,0,0.012604046084573994,16,MAR,exact_bonferroni,0.320765625
1.0,0.125,0.0,2,16,1.0,1.0,0,0.012604046084573994,16,MAR,holm,0.320765625
1.0,0.1875,0.0,3,16,1.0,1.0,0,0.012540319581398202,16,MNAR,multiplier,0.318403125
1.0,0.125,0.0,2,16,1.0,1.0,0,0.012540319581398202,16,MNAR,exact_bonferroni,0.318403125
1.0,0.125,0.0,2,16,1.0,1.0,0,0.012540319581398202,16,MNAR,holm,0.318403125
1.0,0.1875,0.0,3,16,1.0,1.0,0,0.012637235825153054,16,Structured,multiplier,0.322275
1.0,0.125,0.0,2,16,1.0,1.0,0,0.012637235825153054,16,Structured,exact_bonferroni,0.322275
1.0,0.125,0.0,2,16,1.0,1.0,0,0.012637235825153054,16,Structured,holm,0.322275
1.0,0.5625,0.0,9,16,1.0,1.0,0,0.01263442160691336,17,MCAR,multiplier,0.324796875
1.0,0.3125,0.0,5,16,1.0,1.0,0,0.01263442160691336,17,MCAR,exact_bonferroni,0.324796875
1.0,0.3125,0.0,5,16,1.0,1.0,0,0.01263442160691336,17,MCAR,holm,0.324796875
1.0,0.6875,0.0,11,16,1.0,1.0,0,0.012601645411879636,17,MAR,multiplier,0.321965625
1.0,0.375,0.0,6,16,1.0,1.0,0,0.012601645411879636,17,MAR,exact_bonferroni,0.321965625
1.0,0.625,0.0,10,16,1.0,1.0,0,0.012601645411879636,17,MAR,holm,0.321965625
1.0,0.8125,0.0,13,16,1.0,1.0,0,0.012549306328650839,17,MNAR,multiplier,0.31954375
1.0,0.625,0.0,10,16,1.0,1.0,0,0.012549306328650839,17,MNAR,exact_bonferroni,0.31954375
1.0,0.9375,0.0,15,16,1.0,1.0,0,0.012549306328650839,17,MNAR,holm,0.31954375
1.0,0.5,0.0,8,16,1.0,1.0,0,0.012657237102291441,17,Structured,multiplier,0.32591875
1.0,0.375,0.0,6,16,1.0,1.0,0,0.012657237102291441,17,Structured,exact_bonferroni,0.32591875
1.0,0.375,0.0,6,16,1.0,1.0,0,0.012657237102291441,17,Structured,holm,0.32591875
1.0,0.0625,0.0,1,16,1.0,1.0,2,0.012679672623672894,18,MCAR,multiplier,0.32629375000000005
1.0,0.0,0.0,0,16,1.0,1.0,2,0.012679672623672894,18,MCAR,exact_bonferroni,0.32629375000000005
1.0,0.0,0.0,0,16,1.0,1.0,2,0.012679672623672894,18,MCAR,holm,0.32629375000000005
1.0,0.0625,0.0,1,16,1.0,1.0,0,0.012630660404796351,18,MAR,multiplier,0.324025
1.0,0.0,0.0,0,16,1.0,1.0,0,0.012630660404796351,18,MAR,exact_bonferroni,0.324025
1.0,0.0,0.0,0,16,1.0,1.0,0,0.012630660404796351,18,MAR,holm,0.324025
1.0,0.0625,0.0,1,16,1.0,1.0,0,0.012575951348836517,18,MNAR,multiplier,0.32080624999999996
1.0,0.0,0.0,0,16,1.0,1.0,0,0.012575951348836517,18,MNAR,exact_bonferroni,0.32080624999999996
1.0,0.0,0.0,0,16,1.0,1.0,0,0.012575951348836517,18,MNAR,holm,0.32080624999999996
1.0,0.0625,0.0,1,16,1.0,1.0,0,0.012637235825153054,18,Structured,multiplier,0.323984375
1.0,0.0,0.0,0,16,1.0,1.0,0,0.012637235825153054,18,Structured,exact_bonferroni,0.323984375
1.0,0.0,0.0,0,16,1.0,1.0,0,0.012637235825153054,18,Structured,holm,0.323984375
1.0,0.25,0.0,4,16,0.0,1.0,4,0.01267921854065962,19,MCAR,multiplier,0.32835625
1.0,0.125,0.0,2,16,1.0,1.0,4,0.01267921854065962,19,MCAR,exact_bonferroni,0.32835625
1.0,0.125,0.0,2,16,1.0,1.0,4,0.01267921854065962,19,MCAR,holm,0.32835625
1.0,0.375,0.0,6,16,1.0,1.0,0,0.012632072049534815,19,MAR,multiplier,0.325684375
1.0,0.25,0.0,4,16,1.0,1.0,0,0.012632072049534815,19,MAR,exact_bonferroni,0.325684375
1.0,0.3125,0.0,5,16,1.0,1.0,0,0.012632072049534815,19,MAR,holm,0.325684375
1.0,0.5625,0.0,9,16,1.0,1.0,0,0.012572523970259764,19,MNAR,multiplier,0.32295
1.0,0.25,0.0,4,16,1.0,1.0,0,0.012572523970259764,19,MNAR,exact_bonferroni,0.32295
1.0,0.375,0.0,6,16,1.0,1.0,0,0.012572523970259764,19,MNAR,holm,0.32295
1.0,0.25,0.0,4,16,1.0,1.0,0,0.012658160262053714,19,Structured,multiplier,0.32763125000000004
1.0,0.1875,0.0,3,16,1.0,1.0,0,0.012658160262053714,19,Structured,exact_bonferroni,0.32763125000000004
1.0,0.1875,0.0,3,16,1.0,1.0,0,0.012658160262053714,19,Structured,holm,0.32763125000000004
1.0,0.4375,0.0,7,16,1.0,1.0,0,0.012650293216973724,20,MCAR,multiplier,0.3226
1.0,0.1875,0.0,3,16,1.0,1.0,0,0.012650293216973724,20,MCAR,exact_bonferroni,0.3226
1.0,0.1875,0.0,3,16,1.0,1.0,0,0.012650293216973724,20,MCAR,holm,0.3226
1.0,0.375,0.0,6,16,1.0,1.0,0,0.012596832036988637,20,MAR,multiplier,0.31987499999999996
1.0,0.1875,0.0,3,16,1.0,1.0,0,0.012596832036988637,20,MAR,exact_bonferroni,0.31987499999999996
1.0,0.1875,0.0,3,16,1.0,1.0,0,0.012596832036988637,20,MAR,holm,0.31987499999999996
1.0,0.75,0.0,12,16,1.0,1.0,0,0.012552290214002837,20,MNAR,multiplier,0.31699375
1.0,0.5625,0.0,9,16,1.0,1.0,0,0.012552290214002837,20,MNAR,exact_bonferroni,0.31699375
1.0,0.75,0.0,12,16,1.0,1.0,0,0.012552290214002837,20,MNAR,holm,0.31699375
1.0,0.5625,0.0,9,16,1.0,1.0,0,0.012645644149207269,20,Structured,multiplier,0.322315625
1.0,0.125,0.0,2,16,1.0,1.0,0,0.012645644149207269,20,Structured,exact_bonferroni,0.322315625
1.0,0.125,0.0,2,16,1.0,1.0,0,0.012645644149207269,20,Structured,holm,0.322315625
1.0,0.0,0.0,0,16,1.0,1.0,0,0.012657237102291441,21,MCAR,multiplier,0.32110312500000004
1.0,0.0,0.0,0,16,1.0,1.0,0,0.012657237102291441,21,MCAR,exact_bonferroni,0.32110312500000004
1.0,0.0,0.0,0,16,1.0,1.0,0,0.012657237102291441,21,MCAR,holm,0.32110312500000004
1.0,0.0,0.0,0,16,1.0,1.0,0,0.01260500523162636,21,MAR,multiplier,0.31753437500000004
1.0,0.0,0.0,0,16,1.0,1.0,0,0.01260500523162636,21,MAR,exact_bonferroni,0.31753437500000004
1.0,0.0,0.0,0,16,1.0,1.0,0,0.01260500523162636,21,MAR,holm,0.31753437500000004
1.0,0.0,0.0,0,16,1.0,1.0,0,0.012527750495023249,21,MNAR,multiplier,0.314684375
1.0,0.0,0.0,0,16,1.0,1.0,0,0.012527750495023249,21,MNAR,exact_bonferroni,0.314684375
1.0,0.0,0.0,0,16,1.0,1.0,0,0.012527750495023249,21,MNAR,holm,0.314684375
1.0,0.0,0.0,0,16,1.0,1.0,0,0.012576440328798122,21,Structured,multiplier,0.31796875
1.0,0.0,0.0,0,16,1.0,1.0,0,0.012576440328798122,21,Structured,exact_bonferroni,0.31796875
1.0,0.0,0.0,0,16,1.0,1.0,0,0.012576440328798122,21,Structured,holm,0.31796875
1.0,0.0,0.0,0,16,1.0,1.0,3,0.012695914905092032,22,MCAR,multiplier,0.32753437500000004
1.0,0.0,0.0,0,16,1.0,1.0,3,0.012695914905092032,22,MCAR,exact_bonferroni,0.32753437500000004
1.0,0.0,0.0,0,16,1.0,1.0,3,0.012695914905092032,22,MCAR,holm,0.32753437500000004
1.0,0.0,0.0,0,16,1.0,1.0,0,0.012624053769859367,22,MAR,multiplier,0.32404062499999997
1.0,0.0,0.0,0,16,1.0,1.0,0,0.012624053769859367,22,MAR,exact_bonferroni,0.32404062499999997
1.0,0.0,0.0,0,16,1.0,1.0,0,0.012624053769859367,22,MAR,holm,0.32404062499999997
1.0,0.0,0.0,0,16,1.0,1.0,0,0.01256021869416385,22,MNAR,multiplier,0.321396875
1.0,0.0,0.0,0,16,1.0,1.0,0,0.01256021869416385,22,MNAR,exact_bonferroni,0.321396875
1.0,0.0,0.0,0,16,1.0,1.0,0,0.01256021869416385,22,MNAR,holm,0.321396875
1.0,0.0,0.0,0,16,1.0,1.0,2,0.012675124707075103,22,Structured,multiplier,0.32754062500000003
1.0,0.0,0.0,0,16,1.0,1.0,2,0.012675124707075103,22,Structured,exact_bonferroni,0.32754062500000003
1.0,0.0,0.0,0,16,1.0,1.0,2,0.012675124707075103,22,Structured,holm,0.32754062500000003
1.0,0.375,0.0,6,16,1.0,1.0,5,0.012733024563119394,23,MCAR,multiplier,0.33128750000000007
1.0,0.375,0.0,6,16,1.0,1.0,5,0.012733024563119394,23,MCAR,exact_bonferroni,0.33128750000000007
1.0,0.375,0.0,6,16,1.0,1.0,5,0.012733024563119394,23,MCAR,holm,0.33128750000000007
1.0,0.5,0.0,8,16,1.0,1.0,2,0.012666440236889398,23,MAR,multiplier,0.328165625
1.0,0.375,0.0,6,16,1.0,1.0,2,0.012666440236889398,23,MAR,exact_bonferroni,0.328165625
1.0,0.375,0.0,6,16,1.0,1.0,2,0.012666440236889398,23,MAR,holm,0.328165625
1.0,0.75,0.0,12,16,1.0,1.0,0,0.012618366058421787,23,MNAR,multiplier,0.32518125
1.0,0.5625,0.0,9,16,1.0,1.0,0,0.012618366058421787,23,MNAR,exact_bonferroni,0.32518125
1.0,0.75,0.0,12,16,1.0,1.0,0,0.012618366058421787,23,MNAR,holm,0.32518125
1.0,0.4375,0.0,7,16,1.0,1.0,1,0.012666898734423837,23,Structured,multiplier,0.32887500000000003
1.0,0.3125,0.0,5,16,1.0,1.0,1,0.012666898734423837,23,Structured,exact_bonferroni,0.32887500000000003
1.0,0.375,0.0,6,16,1.0,1.0,1,0.012666898734423837,23,Structured,holm,0.32887500000000003
1.0,0.125,0.0,2,16,1.0,1.0,2,0.01267921854065962,24,MCAR,multiplier,0.32675
1.0,0.0,0.0,0,16,1.0,1.0,2,0.01267921854065962,24,MCAR,exact_bonferroni,0.32675
1.0,0.0,0.0,0,16,1.0,1.0,2,0.01267921854065962,24,MCAR,holm,0.32675
1.0,0.125,0.0,2,16,1.0,1.0,0,0.012640511845124769,24,MAR,multiplier,0.32344062500000004
1.0,0.0,0.0,0,16,1.0,1.0,0,0.012640511845124769,24,MAR,exact_bonferroni,0.32344062500000004
1.0,0.0,0.0,0,16,1.0,1.0,0,0.012640511845124769,24,MAR,holm,0.32344062500000004
1.0,0.1875,0.0,3,16,1.0,1.0,0,0.012568105713053834,24,MNAR,multiplier,0.3205625
1.0,0.0625,0.0,1,16,1.0,1.0,0,0.012568105713053834,24,MNAR,exact_bonferroni,0.3205625
1.0,0.0625,0.0,1,16,1.0,1.0,0,0.012568105713053834,24,MNAR,holm,0.3205625
1.0,0.0625,0.0,1,16,1.0,1.0,1,0.012671018109142784,24,Structured,multiplier,0.325909375
1.0,0.0,0.0,0,16,1.0,1.0,1,0.012671018109142784,24,Structured,exact_bonferroni,0.325909375
1.0,0.0,0.0,0,16,1.0,1.0,1,0.012671018109142784,24,Structured,holm,0.325909375
1.0,0.25,0.0,4,16,1.0,1.0,2,0.01266322633171732,25,MCAR,multiplier,0.326928125
1.0,0.0,0.0,0,16,1.0,1.0,2,0.01266322633171732,25,MCAR,exact_bonferroni,0.326928125
1.0,0.0,0.0,0,16,1.0,1.0,2,0.01266322633171732,25,MCAR,holm,0.326928125
1.0,0.1875,0.0,3,16,1.0,1.0,0,0.012636767186405662,25,MAR,multiplier,0.3245
1.0,0.0,0.0,0,16,1.0,1.0,0,0.012636767186405662,25,MAR,exact_bonferroni,0.3245
1.0,0.0,0.0,0,16,1.0,1.0,0,0.012636767186405662,25,MAR,holm,0.3245
1.0,0.25,0.0,4,16,1.0,1.0,0,0.01255576403078712,25,MNAR,multiplier,0.3203625
1.0,0.0,0.0,0,16,1.0,1.0,0,0.01255576403078712,25,MNAR,exact_bonferroni,0.3203625
1.0,0.0,0.0,0,16,1.0,1.0,0,0.01255576403078712,25,MNAR,holm,0.3203625
1.0,0.25,0.0,4,16,1.0,1.0,2,0.012686013265028634,25,Structured,multiplier,0.3268375
1.0,0.0,0.0,0,16,1.0,1.0,2,0.012686013265028634,25,Structured,exact_bonferroni,0.3268375
1.0,0.0,0.0,0,16,1.0,1.0,2,0.012686013265028634,25,Structured,holm,0.3268375
1.0,0.0,0.0,0,16,1.0,1.0,2,0.012712839074811105,26,MCAR,multiplier,0.32760625
1.0,0.0,0.0,0,16,1.0,1.0,2,0.012712839074811105,26,MCAR,exact_bonferroni,0.32760625
1.0,0.0,0.0,0,16,1.0,1.0,2,0.012712839074811105,26,MCAR,holm,0.32760625
1.0,0.0,0.0,0,16,1.0,1.0,1,0.012677400634117458,26,MAR,multiplier,0.3253375
1.0,0.0,0.0,0,16,1.0,1.0,1,0.012677400634117458,26,MAR,exact_bonferroni,0.3253375
1.0,0.0,0.0,0,16,1.0,1.0,1,0.012677400634117458,26,MAR,holm,0.3253375
1.0,0.0,0.0,0,16,1.0,1.0,0,0.012604046084573994,26,MNAR,multiplier,0.32247812499999995
1.0,0.0,0.0,0,16,1.0,1.0,0,0.012604046084573994,26,MNAR,exact_bonferroni,0.32247812499999995
1.0,0.0,0.0,0,16,1.0,1.0,0,0.012604046084573994,26,MNAR,holm,0.32247812499999995
1.0,0.0,0.0,0,16,1.0,1.0,0,0.012659082788935155,26,Structured,multiplier,0.325665625
1.0,0.0,0.0,0,16,1.0,1.0,0,0.012659082788935155,26,Structured,exact_bonferroni,0.325665625
1.0,0.0,0.0,0,16,1.0,1.0,0,0.012659082788935155,26,Structured,holm,0.325665625
1.0,0.0,0.0,0,16,1.0,1.0,0,0.01264378007972361,27,MCAR,multiplier,0.32216875
1.0,0.0,0.0,0,16,1.0,1.0,0,0.01264378007972361,27,MCAR,exact_bonferroni,0.32216875
1.0,0.0,0.0,0,16,1.0,1.0,0,0.01264378007972361,27,MCAR,holm,0.32216875
1.0,0.0,0.0,0,16,1.0,1.0,0,0.012594419330183126,27,MAR,multiplier,0.319403125
1.0,0.0,0.0,0,16,1.0,1.0,0,0.012594419330183126,27,MAR,exact_bonferroni,0.319403125
1.0,0.0,0.0,0,16,1.0,1.0,0,0.012594419330183126,27,MAR,holm,0.319403125
1.0,0.0,0.0,0,16,1.0,1.0,0,0.012549804048717278,27,MNAR,multiplier,0.31760625
1.0,0.0,0.0,0,16,1.0,1.0,0,0.012549804048717278,27,MNAR,exact_bonferroni,0.31760625
1.0,0.0,0.0,0,16,1.0,1.0,0,0.012549804048717278,27,MNAR,holm,0.31760625
1.0,0.0,0.0,0,16,1.0,1.0,0,0.012636298388630507,27,Structured,multiplier,0.32135
1.0,0.0,0.0,0,16,1.0,1.0,0,0.012636298388630507,27,Structured,exact_bonferroni,0.32135
1.0,0.0,0.0,0,16,1.0,1.0,0,0.012636298388630507,27,Structured,holm,0.32135
1.0,0.0625,0.0,1,16,1.0,1.0,3,0.012684657151184109,28,MCAR,multiplier,0.327034375
1.0,0.0,0.0,0,16,1.0,1.0,3,0.012684657151184109,28,MCAR,exact_bonferroni,0.327034375
1.0,0.0,0.0,0,16,1.0,1.0,3,0.012684657151184109,28,MCAR,holm,0.327034375
1.0,0.0625,0.0,1,16,1.0,1.0,0,0.012624053769859367,28,MAR,multiplier,0.32409375
1.0,0.0,0.0,0,16,1.0,1.0,0,0.012624053769859367,28,MAR,exact_bonferroni,0.32409375
1.0,0.0,0.0,0,16,1.0,1.0,0,0.012624053769859367,28,MAR,holm,0.32409375
1.0,0.0625,0.0,1,16,1.0,1.0,0,0.012568105713053834,28,MNAR,multiplier,0.321215625
1.0,0.0,0.0,0,16,1.0,1.0,0,0.012568105713053834,28,MNAR,exact_bonferroni,0.321215625
1.0,0.0,0.0,0,16,1.0,1.0,0,0.012568105713053834,28,MNAR,holm,0.321215625
1.0,0.0625,0.0,1,16,1.0,1.0,0,0.012633482261432627,28,Structured,multiplier,0.324421875
1.0,0.0,0.0,0,16,1.0,1.0,0,0.012633482261432627,28,Structured,exact_bonferroni,0.324421875
1.0,0.0,0.0,0,16,1.0,1.0,0,0.012633482261432627,28,Structured,holm,0.324421875
1.0,0.0625,0.0,1,16,1.0,1.0,4,0.012701730188512839,29,MCAR,multiplier,0.3303
1.0,0.0,0.0,0,16,1.0,1.0,4,0.012701730188512839,29,MCAR,exact_bonferroni,0.3303
1.0,0.0,0.0,0,16,1.0,1.0,4,0.012701730188512839,29,MCAR,holm,0.3303
1.0,0.0,0.0,0,16,1.0,1.0,1,0.012665063796759801,29,MAR,multiplier,0.32828125
1.0,0.0,0.0,0,16,1.0,1.0,1,0.012665063796759801,29,MAR,exact_bonferroni,0.32828125
1.0,0.0,0.0,0,16,1.0,1.0,1,0.012665063796759801,29,MAR,holm,0.32828125
1.0,0.25,0.0,4,16,1.0,1.0,0,0.012591034793278028,29,MNAR,multiplier,0.324409375
1.0,0.0625,0.0,1,16,1.0,1.0,0,0.012591034793278028,29,MNAR,exact_bonferroni,0.324409375
1.0,0.0625,0.0,1,16,1.0,1.0,0,0.012591034793278028,29,MNAR,holm,0.324409375
1.0,0.0,0.0,0,16,1.0,1.0,1,0.012680126549272752,29,Structured,multiplier,0.329403125
1.0,0.0,0.0,0,16,1.0,1.0,1,0.012680126549272752,29,Structured,exact_bonferroni,0.329403125
1.0,0.0,0.0,0,16,1.0,1.0,1,0.012680126549272752,29,Structured,holm,0.329403125
1.0,0.0625,0.0,1,16,1.0,1.0,1,0.012665981581445912,30,MCAR,multiplier,0.32428124999999997
1.0,0.0625,0.0,1,16,1.0,1.0,1,0.012665981581445912,30,MCAR,exact_bonferroni,0.32428124999999997
1.0,0.0625,0.0,1,16,1.0,1.0,1,0.012665981581445912,30,MCAR,holm,0.32428124999999997
1.0,0.1875,0.0,3,16,1.0,1.0,0,0.012626416868724483,30,MAR,multiplier,0.32136875
1.0,0.0625,0.0,1,16,1.0,1.0,0,0.012626416868724483,30,MAR,exact_bonferroni,0.32136875
1.0,0.0625,0.0,1,16,1.0,1.0,0,0.012626416868724483,30,MAR,holm,0.32136875
1.0,0.1875,0.0,3,16,1.0,1.0,0,0.012561700666023135,30,MNAR,multiplier,0.31858437500000003
1.0,0.0625,0.0,1,16,1.0,1.0,0,0.012561700666023135,30,MNAR,exact_bonferroni,0.31858437500000003
1.0,0.0625,0.0,1,16,1.0,1.0,0,0.012561700666023135,30,MNAR,holm,0.31858437500000003
1.0,0.0625,0.0,1,16,1.0,1.0,0,0.012625472107560848,30,Structured,multiplier,0.321534375
1.0,0.0625,0.0,1,16,1.0,1.0,0,0.012625472107560848,30,Structured,exact_bonferroni,0.321534375
1.0,0.0625,0.0,1,16,1.0,1.0,0,0.012625472107560848,30,Structured,holm,0.321534375
1.0,0.3125,0.0,5,16,1.0,1.0,1,0.012680580317474904,31,MCAR,multiplier,0.32619062499999996
1.0,0.0625,0.0,1,16,1.0,1.0,1,0.012680580317474904,31,MCAR,exact_bonferroni,0.32619062499999996
1.0,0.0625,0.0,1,16,1.0,1.0,1,0.012680580317474904,31,MCAR,holm,0.32619062499999996
1.0,0.3125,0.0,5,16,1.0,1.0,0,0.012637704304890335,31,MAR,multiplier,0.324125
1.0,0.1875,0.0,3,16,1.0,1.0,0,0.012637704304890335,31,MAR,exact_bonferroni,0.324125
1.0,0.1875,0.0,3,16,1.0,1.0,0,0.012637704304890335,31,MAR,holm,0.324125
1.0,0.3125,0.0,5,16,1.0,1.0,0,0.012619315606734044,31,MNAR,multiplier,0.32233125
1.0,0.0625,0.0,1,16,1.0,1.0,0,0.012619315606734044,31,MNAR,exact_bonferroni,0.32233125
1.0,0.0625,0.0,1,16,1.0,1.0,0,0.012619315606734044,31,MNAR,holm,0.32233125
1.0,0.25,0.0,4,16,1.0,1.0,1,0.012683299622280209,31,Structured,multiplier,0.326859375
1.0,0.0625,0.0,1,16,1.0,1.0,1,0.012683299622280209,31,Structured,exact_bonferroni,0.326859375
1.0,0.0625,0.0,1,16,1.0,1.0,1,0.012683299622280209,31,Structured,holm,0.326859375
1.0,0.1875,0.0,3,16,1.0,1.0,0,0.012660465392909742,32,MCAR,multiplier,0.323725
1.0,0.0,0.0,0,16,1.0,1.0,0,0.012660465392909742,32,MCAR,exact_bonferroni,0.323725
1.0,0.0,0.0,0,16,1.0,1.0,0,0.012660465392909742,32,MCAR,holm,0.323725
1.0,0.1875,0.0,3,16,1.0,1.0,0,0.01261598939214062,32,MAR,multiplier,0.32108437500000003
1.0,0.0,0.0,0,16,1.0,1.0,0,0.01261598939214062,32,MAR,exact_bonferroni,0.32108437500000003
1.0,0.0,0.0,0,16,1.0,1.0,0,0.01261598939214062,32,MAR,holm,0.32108437500000003
1.0,0.125,0.0,2,16,1.0,1.0,0,0.01258132125832892,32,MNAR,multiplier,0.31843750000000004
1.0,0.0625,0.0,1,16,1.0,1.0,0,0.01258132125832892,32,MNAR,exact_bonferroni,0.31843750000000004
1.0,0.0625,0.0,1,16,1.0,1.0,0,0.01258132125832892,32,MNAR,holm,0.31843750000000004
1.0,0.0625,0.0,1,16,1.0,1.0,0,0.012651684845443767,32,Structured,multiplier,0.32329062500000005
1.0,0.0,0.0,0,16,1.0,1.0,0,0.012651684845443767,32,Structured,exact_bonferroni,0.32329062500000005
1.0,0.0,0.0,0,16,1.0,1.0,0,0.012651684845443767,32,Structured,holm,0.32329062500000005
1.0,0.0625,0.0,1,16,1.0,1.0,3,0.012700390550272084,33,MCAR,multiplier,0.32734687500000004
1.0,0.0,0.0,0,16,1.0,1.0,3,0.012700390550272084,33,MCAR,exact_bonferroni,0.32734687500000004
1.0,0.0,0.0,0,16,1.0,1.0,3,0.012700390550272084,33,MCAR,holm,0.32734687500000004
1.0,0.0625,0.0,1,16,1.0,1.0,0,0.012629718512044391,33,MAR,multiplier,0.32456875
1.0,0.0,0.0,0,16,1.0,1.0,0,0.012629718512044391,33,MAR,exact_bonferroni,0.32456875
1.0,0.0,0.0,0,16,1.0,1.0,0,0.012629718512044391,33,MAR,holm,0.32456875
1.0,0.0625,0.0,1,16,1.0,1.0,0,0.012583755679069414,33,MNAR,multiplier,0.321646875
1.0,0.0,0.0,0,16,1.0,1.0,0,0.012583755679069414,33,MNAR,exact_bonferroni,0.321646875
1.0,0.0,0.0,0,16,1.0,1.0,0,0.012583755679069414,33,MNAR,holm,0.321646875
1.0,0.0,0.0,0,16,1.0,1.0,2,0.012672844840419556,33,Structured,multiplier,0.325815625
1.0,0.0,0.0,0,16,1.0,1.0,2,0.012672844840419556,33,Structured,exact_bonferroni,0.325815625
1.0,0.0,0.0,0,16,1.0,1.0,2,0.012672844840419556,33,Structured,holm,0.325815625
1.0,0.3125,0.0,5,16,1.0,1.0,4,0.012720337344348853,34,MCAR,multiplier,0.329459375
1.0,0.125,0.0,2,16,1.0,1.0,4,0.012720337344348853,34,MCAR,exact_bonferroni,0.329459375
1.0,0.125,0.0,2,16,1.0,1.0,4,0.012720337344348853,34,MCAR,holm,0.329459375
1.0,0.3125,0.0,5,16,1.0,1.0,2,0.012675124707075103,34,MAR,multiplier,0.32683437499999995
1.0,0.1875,0.0,3,16,1.0,1.0,2,0.012675124707075103,34,MAR,exact_bonferroni,0.32683437499999995
1.0,0.1875,0.0,3,16,1.0,1.0,2,0.012675124707075103,34,MAR,holm,0.32683437499999995
1.0,0.375,0.0,6,16,1.0,1.0,0,0.012615037607048268,34,MNAR,multiplier,0.32396875
1.0,0.1875,0.0,3,16,1.0,1.0,0,0.012615037607048268,34,MNAR,exact_bonferroni,0.32396875
1.0,0.3125,0.0,5,16,1.0,1.0,0,0.012615037607048268,34,MNAR,holm,0.32396875
1.0,0.25,0.0,4,16,1.0,1.0,1,0.012676490735917256,34,Structured,multiplier,0.3274125
1.0,0.0625,0.0,1,16,1.0,1.0,1,0.012676490735917256,34,Structured,exact_bonferroni,0.3274125
1.0,0.0625,0.0,1,16,1.0,1.0,1,0.012676490735917256,34,Structured,holm,0.3274125
1.0,0.0,0.0,0,16,1.0,1.0,0,0.01265353813165837,35,MCAR,multiplier,0.3268375
1.0,0.0,0.0,0,16,1.0,1.0,0,0.01265353813165837,35,MCAR,exact_bonferroni,0.3268375
1.0,0.0,0.0,0,16,1.0,1.0,0,0.01265353813165837,35,MCAR,holm,0.3268375
1.0,0.0,0.0,0,16,1.0,1.0,0,0.01261694053797216,35,MAR,multiplier,0.32420937499999997
1.0,0.0,0.0,0,16,1.0,1.0,0,0.01261694053797216,35,MAR,exact_bonferroni,0.32420937499999997
1.0,0.0,0.0,0,16,1.0,1.0,0,0.01261694053797216,35,MAR,holm,0.32420937499999997
1.0,0.0,0.0,0,16,1.0,1.0,0,0.01259200260739049,35,MNAR,multiplier,0.322653125
1.0,0.0,0.0,0,16,1.0,1.0,0,0.01259200260739049,35,MNAR,exact_bonferroni,0.322653125
1.0,0.0,0.0,0,16,1.0,1.0,0,0.01259200260739049,35,MNAR,holm,0.322653125
1.0,0.0,0.0,0,16,1.0,1.0,3,0.012670561032021188,35,Structured,multiplier,0.32811250000000003
1.0,0.0,0.0,0,16,1.0,1.0,3,0.012670561032021188,35,Structured,exact_bonferroni,0.32811250000000003
1.0,0.0,0.0,0,16,1.0,1.0,3,0.012670561032021188,35,Structured,holm,0.32811250000000003
1.0,0.0,0.0,0,16,1.0,1.0,2,0.012699943690925808,36,MCAR,multiplier,0.32747812499999995
1.0,0.0,0.0,0,16,1.0,1.0,2,0.012699943690925808,36,MCAR,exact_bonferroni,0.32747812499999995
1.0,0.0,0.0,0,16,1.0,1.0,2,0.012699943690925808,36,MCAR,holm,0.32747812499999995
1.0,0.0,0.0,0,16,1.0,1.0,0,0.01266092594461099,36,MAR,multiplier,0.32516875
1.0,0.0,0.0,0,16,1.0,1.0,0,0.01266092594461099,36,MAR,exact_bonferroni,0.32516875
1.0,0.0,0.0,0,16,1.0,1.0,0,0.01266092594461099,36,MAR,holm,0.32516875
1.0,0.0,0.0,0,16,1.0,1.0,0,0.012603086296437915,36,MNAR,multiplier,0.32235
1.0,0.0,0.0,0,16,1.0,1.0,0,0.012603086296437915,36,MNAR,exact_bonferroni,0.32235
1.0,0.0,0.0,0,16,1.0,1.0,0,0.012603086296437915,36,MNAR,holm,0.32235
1.0,0.0,0.0,0,16,1.0,1.0,3,0.012693671203163504,36,Structured,multiplier,0.32779375
1.0,0.0,0.0,0,16,1.0,1.0,3,0.012693671203163504,36,Structured,exact_bonferroni,0.32779375
1.0,0.0,0.0,0,16,1.0,1.0,3,0.012693671203163504,36,Structured,holm,0.32779375
1.0,0.0,0.0,0,16,1.0,1.0,4,0.01271769604531009,37,MCAR,multiplier,0.33077812500000003
1.0,0.0,0.0,0,16,1.0,1.0,4,0.01271769604531009,37,MCAR,exact_bonferroni,0.33077812500000003
1.0,0.0,0.0,0,16,1.0,1.0,4,0.01271769604531009,37,MCAR,holm,0.33077812500000003
1.0,0.0,0.0,0,16,1.0,1.0,1,0.012675124707075103,37,MAR,multiplier,0.328696875
1.0,0.0,0.0,0,16,1.0,1.0,1,0.012675124707075103,37,MAR,exact_bonferroni,0.328696875
1.0,0.0,0.0,0,16,1.0,1.0,1,0.012675124707075103,37,MAR,holm,0.328696875
1.0,0.0,0.0,0,16,1.0,1.0,0,0.012618840912431234,37,MNAR,multiplier,0.32543124999999995
1.0,0.0,0.0,0,16,1.0,1.0,0,0.012618840912431234,37,MNAR,exact_bonferroni,0.32543124999999995
1.0,0.0,0.0,0,16,1.0,1.0,0,0.012618840912431234,37,MNAR,holm,0.32543124999999995
1.0,0.0,0.0,0,16,1.0,1.0,1,0.012665522768074172,37,Structured,multiplier,0.327078125
1.0,0.0,0.0,0,16,1.0,1.0,1,0.012665522768074172,37,Structured,exact_bonferroni,0.327078125
1.0,0.0,0.0,0,16,1.0,1.0,1,0.012665522768074172,37,Structured,holm,0.327078125
1.0,0.3125,0.0,5,16,1.0,1.0,2,0.012678309902319357,38,MCAR,multiplier,0.32694375
1.0,0.1875,0.0,3,16,1.0,1.0,2,0.012678309902319357,38,MCAR,exact_bonferroni,0.32694375
1.0,0.1875,0.0,3,16,1.0,1.0,2,0.012678309902319357,38,MCAR,holm,0.32694375
1.0,0.375,0.0,6,16,1.0,1.0,0,0.012633012349974687,38,MAR,multiplier,0.324359375
1.0,0.1875,0.0,3,16,1.0,1.0,0,0.012633012349974687,38,MAR,exact_bonferroni,0.324359375
1.0,0.1875,0.0,3,16,1.0,1.0,0,0.012633012349974687,38,MAR,holm,0.324359375
1.0,0.3125,0.0,5,16,1.0,1.0,0,0.012598759312475921,38,MNAR,multiplier,0.322115625
1.0,0.1875,0.0,3,16,1.0,1.0,0,0.012598759312475921,38,MNAR,exact_bonferroni,0.322115625
1.0,0.1875,0.0,3,16,1.0,1.0,0,0.012598759312475921,38,MNAR,holm,0.322115625
1.0,0.25,0.0,4,16,1.0,1.0,0,0.012645178369917187,38,Structured,multiplier,0.32473125
1.0,0.25,0.0,4,16,1.0,1.0,0,0.012645178369917187,38,Structured,exact_bonferroni,0.32473125
1.0,0.25,0.0,4,16,1.0,1.0,0,0.012645178369917187,38,Structured,holm,0.32473125
1.0,0.1875,0.0,3,16,1.0,1.0,0,0.012652148404649094,39,MCAR,multiplier,0.324578125
1.0,0.125,0.0,2,16,1.0,1.0,0,0.012652148404649094,39,MCAR,exact_bonferroni,0.324578125
1.0,0.1875,0.0,3,16,1.0,1.0,0,0.012652148404649094,39,MCAR,holm,0.324578125
1.0,0.25,0.0,4,16,1.0,1.0,0,0.01261265534659689,39,MAR,multiplier,0.3227875
1.0,0.125,0.0,2,16,1.0,1.0,0,0.01261265534659689,39,MAR,exact_bonferroni,0.3227875
1.0,0.1875,0.0,3,16,1.0,1.0,0,0.01261265534659689,39,MAR,holm,0.3227875
1.0,0.1875,0.0,3,16,1.0,1.0,0,0.012574972904845327,39,MNAR,multiplier,0.32151562499999997
1.0,0.125,0.0,2,16,1.0,1.0,0,0.012574972904845327,39,MNAR,exact_bonferroni,0.32151562499999997
1.0,0.1875,0.0,3,16,1.0,1.0,0,0.012574972904845327,39,MNAR,holm,0.32151562499999997
1.0,0.3125,0.0,5,16,1.0,1.0,0,0.012641446420599722,39,Structured,multiplier,0.32490937499999994
1.0,0.1875,0.0,3,16,1.0,1.0,0,0.012641446420599722,39,Structured,exact_bonferroni,0.32490937499999994
1.0,0.25,0.0,4,16,1.0,1.0,0,0.012641446420599722,39,Structured,holm,0.32490937499999994
1.0,0.625,0.0,10,16,0.0,1.0,4,0.012695914905092032,40,MCAR,multiplier,0.32868125000000004
1.0,0.375,0.0,6,16,1.0,1.0,4,0.012695914905092032,40,MCAR,exact_bonferroni,0.32868125000000004
1.0,0.4375,0.0,7,16,1.0,1.0,4,0.012695914905092032,40,MCAR,holm,0.32868125000000004
1.0,0.625,0.0,10,16,1.0,1.0,0,0.012637704304890335,40,MAR,multiplier,0.325321875
1.0,0.5,0.0,8,16,1.0,1.0,0,0.012637704304890335,40,MAR,exact_bonferroni,0.325321875
1.0,0.625,0.0,10,16,1.0,1.0,0,0.012637704304890335,40,MAR,holm,0.325321875
1.0,0.75,0.0,12,16,1.0,1.0,0,0.012585214398775663,40,MNAR,multiplier,0.32320000000000004
1.0,0.5,0.0,8,16,1.0,1.0,0,0.012585214398775663,40,MNAR,exact_bonferroni,0.32320000000000004
1.0,0.75,0.0,12,16,1.0,1.0,0,0.012585214398775663,40,MNAR,holm,0.32320000000000004
1.0,0.6875,0.0,11,16,0.0,1.0,3,0.012675124707075103,40,Structured,multiplier,0.32758750000000003
1.0,0.5,0.0,8,16,1.0,1.0,3,0.012675124707075103,40,Structured,exact_bonferroni,0.32758750000000003
1.0,0.5625,0.0,9,16,0.0,1.0,3,0.012675124707075103,40,Structured,holm,0.32758750000000003
1.0,0.1875,0.0,3,16,1.0,1.0,1,0.012668273279743764,41,MCAR,multiplier,0.326853125
1.0,0.125,0.0,2,16,1.0,1.0,1,0.012668273279743764,41,MCAR,exact_bonferroni,0.326853125
1.0,0.1875,0.0,3,16,1.0,1.0,1,0.012668273279743764,41,MCAR,holm,0.326853125
1.0,0.1875,0.0,3,16,1.0,1.0,0,0.01265353813165837,41,MAR,multiplier,0.3250875
1.0,0.125,0.0,2,16,1.0,1.0,0,0.01265353813165837,41,MAR,exact_bonferroni,0.3250875
1.0,0.125,0.0,2,16,1.0,1.0,0,0.01265353813165837,41,MAR,holm,0.3250875
1.0,0.5,0.0,8,16,1.0,1.0,0,0.012597795995752253,41,MNAR,multiplier,0.323065625
1.0,0.1875,0.0,3,16,1.0,1.0,0,0.012597795995752253,41,MNAR,exact_bonferroni,0.323065625
1.0,0.25,0.0,4,16,1.0,1.0,0,0.012597795995752253,41,MNAR,holm,0.323065625
1.0,0.3125,0.0,5,16,1.0,1.0,1,0.012691423578899214,41,Structured,multiplier,0.32739062500000005
1.0,0.3125,0.0,5,16,1.0,1.0,1,0.012691423578899214,41,Structured,exact_bonferroni,0.32739062500000005
1.0,0.3125,0.0,5,16,1.0,1.0,1,0.012691423578899214,41,Structured,holm,0.32739062500000005
1.0,0.0,0.0,0,16,1.0,1.0,1,0.012666898734423837,42,MCAR,multiplier,0.3238625
1.0,0.0,0.0,0,16,1.0,1.0,1,0.012666898734423837,42,MCAR,exact_bonferroni,0.3238625
1.0,0.0,0.0,0,16,1.0,1.0,1,0.012666898734423837,42,MCAR,holm,0.3238625
1.0,0.0,0.0,0,16,1.0,1.0,0,0.012626416868724483,42,MAR,multiplier,0.320478125
1.0,0.0,0.0,0,16,1.0,1.0,0,0.012626416868724483,42,MAR,exact_bonferroni,0.320478125
1.0,0.0,0.0,0,16,1.0,1.0,0,0.012626416868724483,42,MAR,holm,0.320478125
1.0,0.0,0.0,0,16,1.0,1.0,0,0.012568597276878174,42,MNAR,multiplier,0.31805312500000005
1.0,0.0,0.0,0,16,1.0,1.0,0,0.012568597276878174,42,MNAR,exact_bonferroni,0.31805312500000005
1.0,0.0,0.0,0,16,1.0,1.0,0,0.012568597276878174,42,MNAR,holm,0.31805312500000005
1.0,0.0,0.0,0,16,1.0,1.0,0,0.01264936467210942,42,Structured,multiplier,0.32286562500000004
1.0,0.0,0.0,0,16,1.0,1.0,0,0.01264936467210942,42,Structured,exact_bonferroni,0.32286562500000004
1.0,0.0,0.0,0,16,1.0,1.0,0,0.01264936467210942,42,Structured,holm,0.32286562500000004
1.0,0.125,0.0,2,16,1.0,1.0,2,0.012679672623672894,43,MCAR,multiplier,0.3286875
1.0,0.0,0.0,0,16,1.0,1.0,2,0.012679672623672894,43,MCAR,exact_bonferroni,0.3286875
1.0,0.0,0.0,0,16,1.0,1.0,2,0.012679672623672894,43,MCAR,holm,0.3286875
1.0,0.125,0.0,2,16,1.0,1.0,0,0.012628775982117924,43,MAR,multiplier,0.325975
1.0,0.0625,0.0,1,16,1.0,1.0,0,0.012628775982117924,43,MAR,exact_bonferroni,0.325975
1.0,0.0625,0.0,1,16,1.0,1.0,0,0.012628775982117924,43,MAR,holm,0.325975
1.0,0.125,0.0,2,16,1.0,1.0,0,0.012598759312475921,43,MNAR,multiplier,0.32365937499999997
1.0,0.0,0.0,0,16,1.0,1.0,0,0.012598759312475921,43,MNAR,exact_bonferroni,0.32365937499999997
1.0,0.0,0.0,0,16,1.0,1.0,0,0.012598759312475921,43,MNAR,holm,0.32365937499999997
1.0,0.0625,0.0,1,16,1.0,1.0,3,0.012692323099418729,43,Structured,multiplier,0.32876875
1.0,0.0,0.0,0,16,1.0,1.0,3,0.012692323099418729,43,Structured,exact_bonferroni,0.32876875
1.0,0.0,0.0,0,16,1.0,1.0,3,0.012692323099418729,43,Structured,holm,0.32876875
1.0,0.1875,0.0,3,16,1.0,1.0,0,0.012649829023808762,44,MCAR,multiplier,0.32388125
1.0,0.0,0.0,0,16,1.0,1.0,0,0.012649829023808762,44,MCAR,exact_bonferroni,0.32388125
1.0,0.0,0.0,0,16,1.0,1.0,0,0.012649829023808762,44,MCAR,holm,0.32388125
1.0,0.25,0.0,4,16,1.0,1.0,0,0.012599240730119254,44,MAR,multiplier,0.32150625
1.0,0.0,0.0,0,16,1.0,1.0,0,0.012599240730119254,44,MAR,exact_bonferroni,0.32150625
1.0,0.0,0.0,0,16,1.0,1.0,0,0.012599240730119254,44,MAR,holm,0.32150625
1.0,0.625,0.0,10,16,1.0,1.0,0,0.012534801731839434,44,MNAR,multiplier,0.318578125
1.0,0.4375,0.0,7,16,1.0,1.0,0,0.012534801731839434,44,MNAR,exact_bonferroni,0.318578125
1.0,0.625,0.0,10,16,1.0,1.0,0,0.012534801731839434,44,MNAR,holm,0.318578125
1.0,0.0,0.0,0,16,1.0,1.0,0,0.012642847092483006,44,Structured,multiplier,0.32415625000000003
1.0,0.0,0.0,0,16,1.0,1.0,0,0.012642847092483006,44,Structured,exact_bonferroni,0.32415625000000003
1.0,0.0,0.0,0,16,1.0,1.0,0,0.012642847092483006,44,Structured,holm,0.32415625000000003
1.0,0.3125,0.0,5,16,1.0,1.0,4,0.01271239659526402,45,MCAR,multiplier,0.3316
1.0,0.1875,0.0,3,16,1.0,1.0,4,0.01271239659526402,45,MCAR,exact_bonferroni,0.3316
1.0,0.25,0.0,4,16,1.0,1.0,4,0.01271239659526402,45,MCAR,holm,0.3316
1.0,0.375,0.0,6,16,1.0,1.0,1,0.012670561032021188,45,MAR,multiplier,0.328365625
1.0,0.3125,0.0,5,16,1.0,1.0,1,0.012670561032021188,45,MAR,exact_bonferroni,0.328365625
1.0,0.375,0.0,6,16,1.0,1.0,1,0.012670561032021188,45,MAR,holm,0.328365625
1.0,0.375,0.0,6,16,1.0,1.0,0,0.01258812749188376,45,MNAR,multiplier,0.324053125
1.0,0.3125,0.0,5,16,1.0,1.0,0,0.01258812749188376,45,MNAR,exact_bonferroni,0.324053125
1.0,0.375,0.0,6,16,1.0,1.0,0,0.01258812749188376,45,MNAR,holm,0.324053125
1.0,0.375,0.0,6,16,1.0,1.0,5,0.012730846448927136,45,Structured,multiplier,0.3311375
1.0,0.25,0.0,4,16,1.0,1.0,5,0.012730846448927136,45,Structured,exact_bonferroni,0.3311375
1.0,0.3125,0.0,5,16,1.0,1.0,5,0.012730846448927136,45,Structured,holm,0.3311375
1.0,0.4375,0.0,7,16,1.0,1.0,3,0.012684657151184109,46,MCAR,multiplier,0.32684375
1.0,0.25,0.0,4,16,1.0,1.0,3,0.012684657151184109,46,MCAR,exact_bonferroni,0.32684375
1.0,0.3125,0.0,5,16,1.0,1.0,3,0.012684657151184109,46,MCAR,holm,0.32684375
1.0,0.4375,0.0,7,16,1.0,1.0,0,0.012630660404796351,46,MAR,multiplier,0.323971875
1.0,0.1875,0.0,3,16,1.0,1.0,0,0.012630660404796351,46,MAR,exact_bonferroni,0.323971875
1.0,0.375,0.0,6,16,1.0,1.0,0,0.012630660404796351,46,MAR,holm,0.323971875
1.0,0.8125,0.0,13,16,1.0,1.0,0,0.012561206837328864,46,MNAR,multiplier,0.32013749999999996
1.0,0.25,0.0,4,16,1.0,1.0,0,0.012561206837328864,46,MNAR,exact_bonferroni,0.32013749999999996
1.0,0.375,0.0,6,16,1.0,1.0,0,0.012561206837328864,46,MNAR,holm,0.32013749999999996
1.0,0.5625,0.0,9,16,1.0,1.0,0,0.012636767186405662,46,Structured,multiplier,0.3232125
1.0,0.25,0.0,4,16,1.0,1.0,0,0.012636767186405662,46,Structured,exact_bonferroni,0.3232125
1.0,0.375,0.0,6,16,1.0,1.0,0,0.012636767186405662,46,Structured,holm,0.3232125
1.0,0.25,0.0,4,16,1.0,1.0,1,0.012689172030211082,47,MCAR,multiplier,0.32559375
1.0,0.0,0.0,0,16,1.0,1.0,1,0.012689172030211082,47,MCAR,exact_bonferroni,0.32559375
1.0,0.0,0.0,0,16,1.0,1.0,1,0.012689172030211082,47,MCAR,holm,0.32559375
1.0,0.3125,0.0,5,16,1.0,1.0,0,0.012610269087588472,47,MAR,multiplier,0.322475
1.0,0.0625,0.0,1,16,1.0,1.0,0,0.012610269087588472,47,MAR,exact_bonferroni,0.322475
1.0,0.0625,0.0,1,16,1.0,1.0,0,0.012610269087588472,47,MAR,holm,0.322475
1.0,0.375,0.0,6,16,1.0,1.0,0,0.012561700666023135,47,MNAR,multiplier,0.319971875
1.0,0.0,0.0,0,16,1.0,1.0,0,0.012561700666023135,47,MNAR,exact_bonferroni,0.319971875
1.0,0.0,0.0,0,16,1.0,1.0,0,0.012561700666023135,47,MNAR,holm,0.319971875
1.0,0.25,0.0,4,16,1.0,1.0,0,0.012656775285036337,47,Structured,multiplier,0.32601875
1.0,0.0,0.0,0,16,1.0,1.0,0,0.012656775285036337,47,Structured,exact_bonferroni,0.32601875
1.0,0.0,0.0,0,16,1.0,1.0,0,0.012656775285036337,47,Structured,holm,0.32601875
1.0,0.125,0.0,2,16,1.0,1.0,4,0.012708851134325905,48,MCAR,multiplier,0.328915625
1.0,0.0,0.0,0,16,1.0,1.0,4,0.012708851134325905,48,MCAR,exact_bonferroni,0.328915625
1.0,0.0,0.0,0,16,1.0,1.0,4,0.012708851134325905,48,MCAR,holm,0.328915625
1.0,0.125,0.0,2,16,1.0,1.0,0,0.012659543815089047,48,MAR,multiplier,0.326890625
1.0,0.0,0.0,0,16,1.0,1.0,0,0.012659543815089047,48,MAR,exact_bonferroni,0.326890625
1.0,0.0,0.0,0,16,1.0,1.0,0,0.012659543815089047,48,MAR,holm,0.326890625
1.0,0.125,0.0,2,16,1.0,1.0,0,0.012615037607048268,48,MNAR,multiplier,0.324115625
1.0,0.0,0.0,0,16,1.0,1.0,0,0.012615037607048268,48,MNAR,exact_bonferroni,0.324115625
1.0,0.0,0.0,0,16,1.0,1.0,0,0.012615037607048268,48,MNAR,holm,0.324115625
1.0,0.125,0.0,2,16,1.0,1.0,2,0.012676945763776204,48,Structured,multiplier,0.32704374999999997
1.0,0.0,0.0,0,16,1.0,1.0,2,0.012676945763776204,48,Structured,exact_bonferroni,0.32704374999999997
1.0,0.0,0.0,0,16,1.0,1.0,2,0.012676945763776204,48,Structured,holm,0.32704374999999997
1.0,0.5625,0.0,9,16,0.0,1.0,7,0.012741698179711158,49,MCAR,multiplier,0.33416250000000003
1.0,0.375,0.0,6,16,0.0,1.0,7,0.012741698179711158,49,MCAR,exact_bonferroni,0.33416250000000003
1.0,0.5625,0.0,9,16,0.0,1.0,7,0.012741698179711158,49,MCAR,holm,0.33416250000000003
1.0,0.625,0.0,10,16,0.0,1.0,3,0.012695466478393425,49,MAR,multiplier,0.32995625
1.0,0.5,0.0,8,16,1.0,1.0,3,0.012695466478393425,49,MAR,exact_bonferroni,0.32995625
1.0,0.625,0.0,10,16,0.0,1.0,3,0.012695466478393425,49,MAR,holm,0.32995625
1.0,0.5,0.0,8,16,1.0,1.0,0,0.01263864078741106,49,MNAR,multiplier,0.32811875
1.0,0.375,0.0,6,16,1.0,1.0,0,0.01263864078741106,49,MNAR,exact_bonferroni,0.32811875
1.0,0.5,0.0,8,16,1.0,1.0,0,0.01263864078741106,49,MNAR,holm,0.32811875
1.0,0.5,0.0,8,16,0.0,1.0,4,0.012703959787247504,49,Structured,multiplier,0.330953125
1.0,0.3125,0.0,5,16,1.0,1.0,4,0.012703959787247504,49,Structured,exact_bonferroni,0.330953125
1.0,0.375,0.0,6,16,1.0,1.0,4,0.012703959787247504,49,Structured,holm,0.330953125
1.0,0.0,0.0,0,16,1.0,1.0,2,0.012677400634117458,50,MCAR,multiplier,0.328834375
1.0,0.0,0.0,0,16,1.0,1.0,2,0.012677400634117458,50,MCAR,exact_bonferroni,0.328834375
1.0,0.0,0.0,0,16,1.0,1.0,2,0.012677400634117458,50,MCAR,holm,0.328834375
1.0,0.0,0.0,0,16,1.0,1.0,0,0.012638172625638239,50,MAR,multiplier,0.3260375
1.0,0.0,0.0,0,16,1.0,1.0,0,0.012638172625638239,50,MAR,exact_bonferroni,0.3260375
1.0,0.0,0.0,0,16,1.0,1.0,0,0.012638172625638239,50,MAR,holm,0.3260375
1.0,0.0,0.0,0,16,1.0,1.0,0,0.01258958186629408,50,MNAR,multiplier,0.32450625
1.0,0.0,0.0,0,16,1.0,1.0,0,0.01258958186629408,50,MNAR,exact_bonferroni,0.32450625
1.0,0.0,0.0,0,16,1.0,1.0,0,0.01258958186629408,50,MNAR,holm,0.32450625
1.0,0.0,0.0,0,16,1.0,1.0,0,0.012648900161859683,50,Structured,multiplier,0.326925
1.0,0.0,0.0,0,16,1.0,1.0,0,0.012648900161859683,50,Structured,exact_bonferroni,0.326925
1.0,0.0,0.0,0,16,1.0,1.0,0,0.012648900161859683,50,Structured,holm,0.326925
1.0,0.125,0.0,2,16,1.0,1.0,0,0.012655388883569735,51,MCAR,multiplier,0.3248
1.0,0.0625,0.0,1,16,1.0,1.0,0,0.012655388883569735,51,MCAR,exact_bonferroni,0.3248
1.0,0.0625,0.0,1,16,1.0,1.0,0,0.012655388883569735,51,MCAR,holm,0.3248
1.0,0.125,0.0,2,16,1.0,1.0,0,0.012614085182548695,51,MAR,multiplier,0.322459375
1.0,0.125,0.0,2,16,1.0,1.0,0,0.012614085182548695,51,MAR,exact_bonferroni,0.322459375
1.0,0.125,0.0,2,16,1.0,1.0,0,0.012614085182548695,51,MAR,holm,0.322459375
1.0,0.25,0.0,4,16,1.0,1.0,0,0.012565645468762626,51,MNAR,multiplier,0.3200375
1.0,0.25,0.0,4,16,1.0,1.0,0,0.012565645468762626,51,MNAR,exact_bonferroni,0.3200375
1.0,0.25,0.0,4,16,1.0,1.0,0,0.012565645468762626,51,MNAR,holm,0.3200375
1.0,0.0625,0.0,1,16,1.0,1.0,1,0.012666440236889398,51,Structured,multiplier,0.3247375
1.0,0.0625,0.0,1,16,1.0,1.0,1,0.012666440236889398,51,Structured,exact_bonferroni,0.3247375
1.0,0.0625,0.0,1,16,1.0,1.0,1,0.012666440236889398,51,Structured,holm,0.3247375
1.0,0.4375,0.0,7,16,1.0,1.0,1,0.012670103797144394,52,MCAR,multiplier,0.326578125
1.0,0.25,0.0,4,16,1.0,1.0,1,0.012670103797144394,52,MCAR,exact_bonferroni,0.326578125
1.0,0.375,0.0,6,16,1.0,1.0,1,0.012670103797144394,52,MCAR,holm,0.326578125
1.0,0.5,0.0,8,16,1.0,1.0,0,0.012635360315932154,52,MAR,multiplier,0.324384375
1.0,0.25,0.0,4,16,1.0,1.0,0,0.012635360315932154,52,MAR,exact_bonferroni,0.324384375
1.0,0.3125,0.0,5,16,1.0,1.0,0,0.012635360315932154,52,MAR,holm,0.324384375
1.0,0.4375,0.0,7,16,1.0,1.0,0,0.012595867436035996,52,MNAR,multiplier,0.321865625
1.0,0.3125,0.0,5,16,1.0,1.0,0,0.012595867436035996,52,MNAR,exact_bonferroni,0.321865625
1.0,0.375,0.0,6,16,1.0,1.0,0,0.012595867436035996,52,MNAR,holm,0.321865625
1.0,0.3125,0.0,5,16,1.0,1.0,2,0.012675124707075103,52,Structured,multiplier,0.32622812500000004
1.0,0.1875,0.0,3,16,1.0,1.0,2,0.012675124707075103,52,Structured,exact_bonferroni,0.32622812500000004
1.0,0.1875,0.0,3,16,1.0,1.0,2,0.012675124707075103,52,Structured,holm,0.32622812500000004
1.0,0.0625,0.0,1,16,1.0,1.0,0,0.012620264516291474,53,MCAR,multiplier,0.32051562499999997
1.0,0.0,0.0,0,16,1.0,1.0,0,0.012620264516291474,53,MCAR,exact_bonferroni,0.32051562499999997
1.0,0.0,0.0,0,16,1.0,1.0,0,0.012620264516291474,53,MCAR,holm,0.32051562499999997
1.0,0.0625,0.0,1,16,1.0,1.0,0,0.012576929147428945,53,MAR,multiplier,0.31786875
1.0,0.0,0.0,0,16,1.0,1.0,0,0.012576929147428945,53,MAR,exact_bonferroni,0.31786875
1.0,0.0,0.0,0,16,1.0,1.0,0,0.012576929147428945,53,MAR,holm,0.31786875
1.0,0.0625,0.0,1,16,1.0,1.0,0,0.012512023115533871,53,MNAR,multiplier,0.3149875
1.0,0.0,0.0,0,16,1.0,1.0,0,0.012512023115533871,53,MNAR,exact_bonferroni,0.3149875
1.0,0.0,0.0,0,16,1.0,1.0,0,0.012512023115533871,53,MNAR,holm,0.3149875
1.0,0.0625,0.0,1,16,1.0,1.0,0,0.012603086296437915,53,Structured,multiplier,0.31967812500000004
1.0,0.0,0.0,0,16,1.0,1.0,0,0.012603086296437915,53,Structured,exact_bonferroni,0.31967812500000004
1.0,0.0,0.0,0,16,1.0,1.0,0,0.012603086296437915,53,Structured,holm,0.31967812500000004
1.0,0.375,0.0,6,16,1.0,1.0,0,0.012661386338195801,54,MCAR,multiplier,0.32578125
1.0,0.1875,0.0,3,16,1.0,1.0,0,0.012661386338195801,54,MCAR,exact_bonferroni,0.32578125
1.0,0.1875,0.0,3,16,1.0,1.0,0,0.012661386338195801,54,MCAR,holm,0.32578125
1.0,0.4375,0.0,7,16,1.0,1.0,0,0.012628775982117924,54,MAR,multiplier,0.323484375
1.0,0.3125,0.0,5,16,1.0,1.0,0,0.012628775982117924,54,MAR,exact_bonferroni,0.323484375
1.0,0.3125,0.0,5,16,1.0,1.0,0,0.012628775982117924,54,MAR,holm,0.323484375
1.0,0.375,0.0,6,16,1.0,1.0,0,0.012580833890827786,54,MNAR,multiplier,0.32137499999999997
1.0,0.25,0.0,4,16,1.0,1.0,0,0.012580833890827786,54,MNAR,exact_bonferroni,0.32137499999999997
1.0,0.25,0.0,4,16,1.0,1.0,0,0.012580833890827786,54,MNAR,holm,0.32137499999999997
1.0,0.5625,0.0,9,16,1.0,1.0,0,0.012622633996580146,54,Structured,multiplier,0.32414375
1.0,0.3125,0.0,5,16,1.0,1.0,0,0.012622633996580146,54,Structured,exact_bonferroni,0.32414375
1.0,0.3125,0.0,5,16,1.0,1.0,0,0.012622633996580146,54,Structured,holm,0.32414375
1.0,0.25,0.0,4,16,1.0,1.0,3,0.012729974114720821,55,MCAR,multiplier,0.330878125
1.0,0.1875,0.0,3,16,1.0,1.0,3,0.012729974114720821,55,MCAR,exact_bonferroni,0.330878125
1.0,0.1875,0.0,3,16,1.0,1.0,3,0.012729974114720821,55,MCAR,holm,0.330878125
1.0,0.3125,0.0,5,16,1.0,1.0,2,0.012678309902319357,55,MAR,multiplier,0.328625
1.0,0.1875,0.0,3,16,1.0,1.0,2,0.012678309902319357,55,MAR,exact_bonferroni,0.328625
1.0,0.1875,0.0,3,16,1.0,1.0,2,0.012678309902319357,55,MAR,holm,0.328625
1.0,0.5625,0.0,9,16,1.0,1.0,0,0.012631131112276595,55,MNAR,multiplier,0.325915625
1.0,0.375,0.0,6,16,1.0,1.0,0,0.012631131112276595,55,MNAR,exact_bonferroni,0.325915625
1.0,0.4375,0.0,7,16,1.0,1.0,0,0.012631131112276595,55,MNAR,holm,0.325915625
1.0,0.4375,0.0,7,16,1.0,1.0,4,0.012729974114720821,55,Structured,multiplier,0.33060625
1.0,0.3125,0.0,5,16,1.0,1.0,4,0.012729974114720821,55,Structured,exact_bonferroni,0.33060625
1.0,0.375,0.0,6,16,1.0,1.0,4,0.012729974114720821,55,Structured,holm,0.33060625
1.0,0.5625,0.0,9,16,1.0,1.0,3,0.01268736796426917,56,MCAR,multiplier,0.327059375
1.0,0.3125,0.0,5,16,1.0,1.0,3,0.01268736796426917,56,MCAR,exact_bonferroni,0.327059375
1.0,0.3125,0.0,5,16,1.0,1.0,3,0.01268736796426917,56,MCAR,holm,0.327059375
1.0,0.625,0.0,10,16,1.0,1.0,0,0.01266092594461099,56,MAR,multiplier,0.324665625
1.0,0.375,0.0,6,16,1.0,1.0,0,0.01266092594461099,56,MAR,exact_bonferroni,0.324665625
1.0,0.5,0.0,8,16,1.0,1.0,0,0.01266092594461099,56,MAR,holm,0.324665625
1.0,0.9375,0.0,15,16,1.0,1.0,0,0.012607400295477578,56,MNAR,multiplier,0.32203125
1.0,0.6875,0.0,11,16,1.0,1.0,0,0.012607400295477578,56,MNAR,exact_bonferroni,0.32203125
1.0,1.0,0.0,16,16,1.0,1.0,0,0.012607400295477578,56,MNAR,holm,0.32203125
1.0,0.625,0.0,10,16,1.0,1.0,2,0.012680126549272752,56,Structured,multiplier,0.326059375
1.0,0.4375,0.0,7,16,1.0,1.0,2,0.012680126549272752,56,Structured,exact_bonferroni,0.326059375
1.0,0.4375,0.0,7,16,1.0,1.0,2,0.012680126549272752,56,Structured,holm,0.326059375
1.0,0.0,0.0,0,16,1.0,1.0,0,0.012631601660516606,57,MCAR,multiplier,0.32323125
1.0,0.0,0.0,0,16,1.0,1.0,0,0.012631601660516606,57,MCAR,exact_bonferroni,0.32323125
1.0,0.0,0.0,0,16,1.0,1.0,0,0.012631601660516606,57,MCAR,holm,0.32323125
1.0,0.0,0.0,0,16,1.0,1.0,0,0.012605484564791214,57,MAR,multiplier,0.32071249999999996
1.0,0.0,0.0,0,16,1.0,1.0,0,0.012605484564791214,57,MAR,exact_bonferroni,0.32071249999999996
1.0,0.0,0.0,0,16,1.0,1.0,0,0.012605484564791214,57,MAR,holm,0.32071249999999996
1.0,0.0,0.0,0,16,1.0,1.0,0,0.012547313824374934,57,MNAR,multiplier,0.318703125
1.0,0.0,0.0,0,16,1.0,1.0,0,0.012547313824374934,57,MNAR,exact_bonferroni,0.318703125
1.0,0.0,0.0,0,16,1.0,1.0,0,0.012547313824374934,57,MNAR,holm,0.318703125
1.0,0.0,0.0,0,16,1.0,1.0,0,0.012620264516291474,57,Structured,multiplier,0.322309375
1.0,0.0,0.0,0,16,1.0,1.0,0,0.012620264516291474,57,Structured,exact_bonferroni,0.322309375
1.0,0.0,0.0,0,16,1.0,1.0,0,0.012620264516291474,57,Structured,holm,0.322309375
1.0,0.0,0.0,0,16,1.0,1.0,4,0.012715932059417567,58,MCAR,multiplier,0.332484375
1.0,0.0,0.0,0,16,1.0,1.0,4,0.012715932059417567,58,MCAR,exact_bonferroni,0.332484375
1.0,0.0,0.0,0,16,1.0,1.0,4,0.012715932059417567,58,MCAR,holm,0.332484375
1.0,0.0,0.0,0,16,1.0,1.0,1,0.012665522768074172,58,MAR,multiplier,0.329184375
1.0,0.0,0.0,0,16,1.0,1.0,1,0.012665522768074172,58,MAR,exact_bonferroni,0.329184375
1.0,0.0,0.0,0,16,1.0,1.0,1,0.012665522768074172,58,MAR,holm,0.329184375
1.0,0.0,0.0,0,16,1.0,1.0,0,0.012603086296437915,58,MNAR,multiplier,0.32610625
1.0,0.0,0.0,0,16,1.0,1.0,0,0.012603086296437915,58,MNAR,exact_bonferroni,0.32610625
1.0,0.0,0.0,0,16,1.0,1.0,0,0.012603086296437915,58,MNAR,holm,0.32610625
1.0,0.0,0.0,0,16,1.0,1.0,3,0.012708851134325905,58,Structured,multiplier,0.330275
1.0,0.0,0.0,0,16,1.0,1.0,3,0.012708851134325905,58,Structured,exact_bonferroni,0.330275
1.0,0.0,0.0,0,16,1.0,1.0,3,0.012708851134325905,58,Structured,holm,0.330275
1.0,0.125,0.0,2,16,1.0,1.0,1,0.012671018109142784,59,MCAR,multiplier,0.32280312499999997
1.0,0.0625,0.0,1,16,1.0,1.0,1,0.012671018109142784,59,MCAR,exact_bonferroni,0.32280312499999997
1.0,0.0625,0.0,1,16,1.0,1.0,1,0.012671018109142784,59,MCAR,holm,0.32280312499999997
1.0,0.125,0.0,2,16,1.0,1.0,0,0.012604525738226041,59,MAR,multiplier,0.3191
1.0,0.0625,0.0,1,16,1.0,1.0,0,0.012604525738226041,59,MAR,exact_bonferroni,0.3191
1.0,0.0625,0.0,1,16,1.0,1.0,0,0.012604525738226041,59,MAR,holm,0.3191
1.0,0.125,0.0,2,16,1.0,1.0,0,0.012568597276878174,59,MNAR,multiplier,0.31734375000000004
1.0,0.0625,0.0,1,16,1.0,1.0,0,0.012568597276878174,59,MNAR,exact_bonferroni,0.31734375000000004
1.0,0.0625,0.0,1,16,1.0,1.0,0,0.012568597276878174,59,MNAR,holm,0.31734375000000004
1.0,0.125,0.0,2,16,1.0,1.0,0,0.012642380360675415,59,Structured,multiplier,0.322
1.0,0.0625,0.0,1,16,1.0,1.0,0,0.012642380360675415,59,Structured,exact_bonferroni,0.322
1.0,0.0625,0.0,1,16,1.0,1.0,0,0.012642380360675415,59,Structured,holm,0.322
1.0,0.1875,0.0,3,16,1.0,1.0,1,0.012670103797144394,60,MCAR,multiplier,0.327240625
1.0,0.125,0.0,2,16,1.0,1.0,1,0.012670103797144394,60,MCAR,exact_bonferroni,0.327240625
1.0,0.125,0.0,2,16,1.0,1.0,1,0.012670103797144394,60,MCAR,holm,0.327240625
1.0,0.25,0.0,4,16,1.0,1.0,0,0.012618840912431234,60,MAR,multiplier,0.32400312499999995
1.0,0.125,0.0,2,16,1.0,1.0,0,0.012618840912431234,60,MAR,exact_bonferroni,0.32400312499999995
1.0,0.125,0.0,2,16,1.0,1.0,0,0.012618840912431234,60,MAR,holm,0.32400312499999995
1.0,0.375,0.0,6,16,1.0,1.0,0,0.012564167381368091,60,MNAR,multiplier,0.321675
1.0,0.125,0.0,2,16,1.0,1.0,0,0.012564167381368091,60,MNAR,exact_bonferroni,0.321675
1.0,0.1875,0.0,3,16,1.0,1.0,0,0.012564167381368091,60,MNAR,holm,0.321675
1.0,0.3125,0.0,5,16,1.0,1.0,0,0.01265446382433233,60,Structured,multiplier,0.32619375000000006
1.0,0.1875,0.0,3,16,1.0,1.0,0,0.01265446382433233,60,Structured,exact_bonferroni,0.32619375000000006
1.0,0.1875,0.0,3,16,1.0,1.0,0,0.01265446382433233,60,Structured,holm,0.32619375000000006
1.0,0.25,0.0,4,16,1.0,1.0,0,0.012633012349974687,61,MCAR,multiplier,0.322959375
1.0,0.1875,0.0,3,16,1.0,1.0,0,0.012633012349974687,61,MCAR,exact_bonferroni,0.322959375
1.0,0.1875,0.0,3,16,1.0,1.0,0,0.012633012349974687,61,MCAR,holm,0.322959375
1.0,0.3125,0.0,5,16,1.0,1.0,0,0.0126117013229472,61,MAR,multiplier,0.32085937499999995
1.0,0.1875,0.0,3,16,1.0,1.0,0,0.0126117013229472,61,MAR,exact_bonferroni,0.32085937499999995
1.0,0.1875,0.0,3,16,1.0,1.0,0,0.0126117013229472,61,MAR,holm,0.32085937499999995
1.0,0.375,0.0,6,16,1.0,1.0,0,0.012558735264682847,61,MNAR,multiplier,0.318871875
1.0,0.1875,0.0,3,16,1.0,1.0,0,0.012558735264682847,61,MNAR,exact_bonferroni,0.318871875
1.0,0.1875,0.0,3,16,1.0,1.0,0,0.012558735264682847,61,MNAR,holm,0.318871875
1.0,0.4375,0.0,7,16,1.0,1.0,0,0.012620738731582343,61,Structured,multiplier,0.322109375
1.0,0.1875,0.0,3,16,1.0,1.0,0,0.012620738731582343,61,Structured,exact_bonferroni,0.322109375
1.0,0.25,0.0,4,16,1.0,1.0,0,0.012620738731582343,61,Structured,holm,0.322109375
1.0,0.25,0.0,4,16,1.0,1.0,0,0.012629718512044391,62,MCAR,multiplier,0.320171875
1.0,0.0625,0.0,1,16,1.0,1.0,0,0.012629718512044391,62,MCAR,exact_bonferroni,0.320171875
1.0,0.0625,0.0,1,16,1.0,1.0,0,0.012629718512044391,62,MCAR,holm,0.320171875
1.0,0.1875,0.0,3,16,1.0,1.0,0,0.012592969778573632,62,MAR,multiplier,0.318171875
1.0,0.125,0.0,2,16,1.0,1.0,0,0.012592969778573632,62,MAR,exact_bonferroni,0.318171875
1.0,0.125,0.0,2,16,1.0,1.0,0,0.012592969778573632,62,MAR,holm,0.318171875
1.0,0.5,0.0,8,16,1.0,1.0,0,0.012496138284636,62,MNAR,multiplier,0.31329375
1.0,0.125,0.0,2,16,1.0,1.0,0,0.012496138284636,62,MNAR,exact_bonferroni,0.31329375
1.0,0.1875,0.0,3,16,1.0,1.0,0,0.012496138284636,62,MNAR,holm,0.31329375
1.0,0.3125,0.0,5,16,1.0,1.0,0,0.012617415871210652,62,Structured,multiplier,0.3199875
1.0,0.125,0.0,2,16,1.0,1.0,0,0.012617415871210652,62,Structured,exact_bonferroni,0.3199875
1.0,0.125,0.0,2,16,1.0,1.0,0,0.012617415871210652,62,Structured,holm,0.3199875
1.0,0.25,0.0,4,16,1.0,1.0,0,0.01262452670857786,63,MCAR,multiplier,0.3224375
1.0,0.1875,0.0,3,16,1.0,1.0,0,0.01262452670857786,63,MCAR,exact_bonferroni,0.3224375
1.0,0.1875,0.0,3,16,1.0,1.0,0,0.01262452670857786,63,MCAR,holm,0.3224375
1.0,0.5,0.0,8,16,1.0,1.0,0,0.012580346362165262,63,MAR,multiplier,0.319503125
1.0,0.25,0.0,4,16,1.0,1.0,0,0.012580346362165262,63,MAR,exact_bonferroni,0.319503125
1.0,0.25,0.0,4,16,1.0,1.0,0,0.012580346362165262,63,MAR,holm,0.319503125
1.0,0.5625,0.0,9,16,1.0,1.0,0,0.012533293442988674,63,MNAR,multiplier,0.317475
1.0,0.25,0.0,4,16,1.0,1.0,0,0.012533293442988674,63,MNAR,exact_bonferroni,0.317475
1.0,0.3125,0.0,5,16,1.0,1.0,0,0.012533293442988674,63,MNAR,holm,0.317475
1.0,0.25,0.0,4,16,1.0,1.0,2,0.012672388394147666,63,Structured,multiplier,0.324284375
1.0,0.1875,0.0,3,16,1.0,1.0,2,0.012672388394147666,63,Structured,exact_bonferroni,0.324284375
1.0,0.1875,0.0,3,16,1.0,1.0,2,0.012672388394147666,63,Structured,holm,0.324284375
1.0,0.25,0.0,4,16,1.0,1.0,2,0.012675580207583775,64,MCAR,multiplier,0.32585000000000003
1.0,0.125,0.0,2,16,1.0,1.0,2,0.012675580207583775,64,MCAR,exact_bonferroni,0.32585000000000003
1.0,0.125,0.0,2,16,1.0,1.0,2,0.012675580207583775,64,MCAR,holm,0.32585000000000003
1.0,0.25,0.0,4,16,1.0,1.0,0,0.012609313463879307,64,MAR,multiplier,0.322121875
1.0,0.125,0.0,2,16,1.0,1.0,0,0.012609313463879307,64,MAR,exact_bonferroni,0.322121875
1.0,0.125,0.0,2,16,1.0,1.0,0,0.012609313463879307,64,MAR,holm,0.322121875
1.0,0.3125,0.0,5,16,1.0,1.0,0,0.012584242079995533,64,MNAR,multiplier,0.32062812500000004
1.0,0.125,0.0,2,16,1.0,1.0,0,0.012584242079995533,64,MNAR,exact_bonferroni,0.32062812500000004
1.0,0.125,0.0,2,16,1.0,1.0,0,0.012584242079995533,64,MNAR,holm,0.32062812500000004
1.0,0.25,0.0,4,16,1.0,1.0,0,0.012618840912431234,64,Structured,multiplier,0.323403125
1.0,0.125,0.0,2,16,1.0,1.0,0,0.012618840912431234,64,Structured,exact_bonferroni,0.323403125
1.0,0.125,0.0,2,16,1.0,1.0,0,0.012618840912431234,64,Structured,holm,0.323403125
1.0,0.0,0.0,0,16,1.0,1.0,0,0.012647040534998072,65,MCAR,multiplier,0.323409375
1.0,0.0,0.0,0,16,1.0,1.0,0,0.012647040534998072,65,MCAR,exact_bonferroni,0.323409375
1.0,0.0,0.0,0,16,1.0,1.0,0,0.012647040534998072,65,MCAR,holm,0.323409375
1.0,0.0,0.0,0,16,1.0,1.0,0,0.012611224071163663,65,MAR,multiplier,0.321115625
1.0,0.0,0.0,0,16,1.0,1.0,0,0.012611224071163663,65,MAR,exact_bonferroni,0.321115625
1.0,0.0,0.0,0,16,1.0,1.0,0,0.012611224071163663,65,MAR,holm,0.321115625
1.0,0.125,0.0,2,16,1.0,1.0,0,0.012577906300774044,65,MNAR,multiplier,0.31915312500000004
1.0,0.0625,0.0,1,16,1.0,1.0,0,0.012577906300774044,65,MNAR,exact_bonferroni,0.31915312500000004
1.0,0.0625,0.0,1,16,1.0,1.0,0,0.012577906300774044,65,MNAR,holm,0.31915312500000004
1.0,0.0,0.0,0,16,1.0,1.0,0,0.01263442160691336,65,Structured,multiplier,0.32271562499999995
1.0,0.0,0.0,0,16,1.0,1.0,0,0.01263442160691336,65,Structured,exact_bonferroni,0.32271562499999995
1.0,0.0,0.0,0,16,1.0,1.0,0,0.01263442160691336,65,Structured,holm,0.32271562499999995
1.0,0.0625,0.0,1,16,1.0,1.0,0,0.01262452670857786,66,MCAR,multiplier,0.32009062499999996
1.0,0.0,0.0,0,16,1.0,1.0,0,0.01262452670857786,66,MCAR,exact_bonferroni,0.32009062499999996
1.0,0.0,0.0,0,16,1.0,1.0,0,0.01262452670857786,66,MCAR,holm,0.32009062499999996
1.0,0.0625,0.0,1,16,1.0,1.0,0,0.012586186073583888,66,MAR,multiplier,0.31815312500000004
1.0,0.0,0.0,0,16,1.0,1.0,0,0.012586186073583888,66,MAR,exact_bonferroni,0.31815312500000004
1.0,0.0,0.0,0,16,1.0,1.0,0,0.012586186073583888,66,MAR,holm,0.31815312500000004
1.0,0.0625,0.0,1,16,1.0,1.0,0,0.012537813910502599,66,MNAR,multiplier,0.315425
1.0,0.0,0.0,0,16,1.0,1.0,0,0.012537813910502599,66,MNAR,exact_bonferroni,0.315425
1.0,0.0,0.0,0,16,1.0,1.0,0,0.012537813910502599,66,MNAR,holm,0.315425
1.0,0.0625,0.0,1,16,1.0,1.0,0,0.012624999487805239,66,Structured,multiplier,0.320740625
1.0,0.0,0.0,0,16,1.0,1.0,0,0.012624999487805239,66,Structured,exact_bonferroni,0.320740625
1.0,0.0,0.0,0,16,1.0,1.0,0,0.012624999487805239,66,Structured,holm,0.320740625
1.0,0.0,0.0,0,16,1.0,1.0,2,0.01269412025726907,67,MCAR,multiplier,0.32932812499999997
1.0,0.0,0.0,0,16,1.0,1.0,2,0.01269412025726907,67,MCAR,exact_bonferroni,0.32932812499999997
1.0,0.0,0.0,0,16,1.0,1.0,2,0.01269412025726907,67,MCAR,holm,0.32932812499999997
1.0,0.0,0.0,0,16,1.0,1.0,0,0.01266000468307471,67,MAR,multiplier,0.327075
1.0,0.0,0.0,0,16,1.0,1.0,0,0.01266000468307471,67,MAR,exact_bonferroni,0.327075
1.0,0.0,0.0,0,16,1.0,1.0,0,0.01266000468307471,67,MAR,holm,0.327075
1.0,0.0,0.0,0,16,1.0,1.0,0,0.01258715710457095,67,MNAR,multiplier,0.324478125
1.0,0.0,0.0,0,16,1.0,1.0,0,0.01258715710457095,67,MNAR,exact_bonferroni,0.324478125
1.0,0.0,0.0,0,16,1.0,1.0,0,0.01258715710457095,67,MNAR,holm,0.324478125
1.0,0.0,0.0,0,16,1.0,1.0,2,0.012684657151184109,67,Structured,multiplier,0.3282125
1.0,0.0,0.0,0,16,1.0,1.0,2,0.012684657151184109,67,Structured,exact_bonferroni,0.3282125
1.0,0.0,0.0,0,16,1.0,1.0,2,0.012684657151184109,67,Structured,holm,0.3282125
1.0,0.25,0.0,4,16,1.0,1.0,3,0.012708407248391757,68,MCAR,multiplier,0.32796875000000003
1.0,0.125,0.0,2,16,1.0,1.0,3,0.012708407248391757,68,MCAR,exact_bonferroni,0.32796875000000003
1.0,0.125,0.0,2,16,1.0,1.0,3,0.012708407248391757,68,MCAR,holm,0.32796875000000003
1.0,0.25,0.0,4,16,1.0,1.0,1,0.012679672623672894,68,MAR,multiplier,0.326190625
1.0,0.125,0.0,2,16,1.0,1.0,1,0.012679672623672894,68,MAR,exact_bonferroni,0.326190625
1.0,0.125,0.0,2,16,1.0,1.0,1,0.012679672623672894,68,MAR,holm,0.326190625
1.0,0.4375,0.0,7,16,1.0,1.0,0,0.012622633996580146,68,MNAR,multiplier,0.323684375
1.0,0.1875,0.0,3,16,1.0,1.0,0,0.012622633996580146,68,MNAR,exact_bonferroni,0.323684375
1.0,0.1875,0.0,3,16,1.0,1.0,0,0.012622633996580146,68,MNAR,holm,0.323684375
1.0,0.4375,0.0,7,16,1.0,1.0,0,0.012648435493041787,68,Structured,multiplier,0.32611875
1.0,0.1875,0.0,3,16,1.0,1.0,0,0.012648435493041787,68,Structured,exact_bonferroni,0.32611875
1.0,0.1875,0.0,3,16,1.0,1.0,0,0.012648435493041787,68,Structured,holm,0.32611875
1.0,0.4375,0.0,7,16,1.0,1.0,0,0.012629247326736814,69,MCAR,multiplier,0.32210937500000003
1.0,0.25,0.0,4,16,1.0,1.0,0,0.012629247326736814,69,MCAR,exact_bonferroni,0.32210937500000003
1.0,0.375,0.0,6,16,1.0,1.0,0,0.012629247326736814,69,MCAR,holm,0.32210937500000003
1.0,0.5,0.0,8,16,1.0,1.0,0,0.012595867436035996,69,MAR,multiplier,0.32037499999999997
1.0,0.3125,0.0,5,16,1.0,1.0,0,0.012595867436035996,69,MAR,exact_bonferroni,0.32037499999999997
1.0,0.375,0.0,6,16,1.0,1.0,0,0.012595867436035996,69,MAR,holm,0.32037499999999997
1.0,0.625,0.0,10,16,1.0,1.0,0,0.012532790354051443,69,MNAR,multiplier,0.31701875
1.0,0.3125,0.0,5,16,1.0,1.0,0,0.012532790354051443,69,MNAR,exact_bonferroni,0.31701875
1.0,0.5,0.0,8,16,1.0,1.0,0,0.012532790354051443,69,MNAR,holm,0.31701875
1.0,0.5625,0.0,9,16,1.0,1.0,0,0.01264378007972361,69,Structured,multiplier,0.32252812500000005
1.0,0.4375,0.0,7,16,1.0,1.0,0,0.01264378007972361,69,Structured,exact_bonferroni,0.32252812500000005
1.0,0.5,0.0,8,16,1.0,1.0,0,0.01264378007972361,69,Structured,holm,0.32252812500000005
1.0,0.0,0.0,0,16,1.0,1.0,0,0.012623107413878731,70,MCAR,multiplier,0.321528125
1.0,0.0,0.0,0,16,1.0,1.0,0,0.012623107413878731,70,MCAR,exact_bonferroni,0.321528125
1.0,0.0,0.0,0,16,1.0,1.0,0,0.012623107413878731,70,MCAR,holm,0.321528125
1.0,0.0,0.0,0,16,1.0,1.0,0,0.012582782394051889,70,MAR,multiplier,0.31849375
1.0,0.0,0.0,0,16,1.0,1.0,0,0.012582782394051889,70,MAR,exact_bonferroni,0.31849375
1.0,0.0,0.0,0,16,1.0,1.0,0,0.012582782394051889,70,MAR,holm,0.31849375
1.0,0.0,0.0,0,16,1.0,1.0,0,0.012533796368918021,70,MNAR,multiplier,0.31684375
1.0,0.0,0.0,0,16,1.0,1.0,0,0.012533796368918021,70,MNAR,exact_bonferroni,0.31684375
1.0,0.0,0.0,0,16,1.0,1.0,0,0.012533796368918021,70,MNAR,holm,0.31684375
1.0,0.0,0.0,0,16,1.0,1.0,0,0.012623580671631968,70,Structured,multiplier,0.322378125
1.0,0.0,0.0,0,16,1.0,1.0,0,0.012623580671631968,70,Structured,exact_bonferroni,0.322378125
1.0,0.0,0.0,0,16,1.0,1.0,0,0.012623580671631968,70,Structured,holm,0.322378125
1.0,0.6875,0.0,11,16,1.0,1.0,0,0.012642847092483006,71,MCAR,multiplier,0.319665625
1.0,0.4375,0.0,7,16,1.0,1.0,0,0.012642847092483006,71,MCAR,exact_bonferroni,0.319665625
1.0,0.4375,0.0,7,16,1.0,1.0,0,0.012642847092483006,71,MCAR,holm,0.319665625
1.0,0.6875,0.0,11,16,1.0,1.0,0,0.012589097235673613,71,MAR,multiplier,0.3175625
1.0,0.5,0.0,8,16,1.0,1.0,0,0.012589097235673613,71,MAR,exact_bonferroni,0.3175625
1.0,0.5625,0.0,9,16,1.0,1.0,0,0.012589097235673613,71,MAR,holm,0.3175625
1.0,0.625,0.0,10,16,1.0,1.0,0,0.012504868853926099,71,MNAR,multiplier,0.31395937500000004
1.0,0.5,0.0,8,16,1.0,1.0,0,0.012504868853926099,71,MNAR,exact_bonferroni,0.31395937500000004
1.0,0.625,0.0,10,16,1.0,1.0,0,0.012504868853926099,71,MNAR,holm,0.31395937500000004
1.0,0.6875,0.0,11,16,1.0,1.0,0,0.012595384894693834,71,Structured,multiplier,0.31837187499999997
1.0,0.4375,0.0,7,16,1.0,1.0,0,0.012595384894693834,71,Structured,exact_bonferroni,0.31837187499999997
1.0,0.5625,0.0,9,16,1.0,1.0,0,0.012595384894693834,71,Structured,holm,0.31837187499999997
1.0,0.1875,0.0,3,16,1.0,1.0,2,0.012683299622280209,72,MCAR,multiplier,0.325746875
1.0,0.125,0.0,2,16,1.0,1.0,2,0.012683299622280209,72,MCAR,exact_bonferroni,0.325746875
1.0,0.125,0.0,2,16,1.0,1.0,2,0.012683299622280209,72,MCAR,holm,0.325746875
1.0,0.25,0.0,4,16,1.0,1.0,0,0.01264378007972361,72,MAR,multiplier,0.32328749999999995
1.0,0.125,0.0,2,16,1.0,1.0,0,0.01264378007972361,72,MAR,exact_bonferroni,0.32328749999999995
1.0,0.125,0.0,2,16,1.0,1.0,0,0.01264378007972361,72,MAR,holm,0.32328749999999995
1.0,0.4375,0.0,7,16,1.0,1.0,0,0.012567613987576526,72,MNAR,multiplier,0.31932812499999996
1.0,0.1875,0.0,3,16,1.0,1.0,0,0.012567613987576526,72,MNAR,exact_bonferroni,0.31932812499999996
1.0,0.1875,0.0,3,16,1.0,1.0,0,0.012567613987576526,72,MNAR,holm,0.31932812499999996
1.0,0.4375,0.0,7,16,1.0,1.0,0,0.012655388883569735,72,Structured,multiplier,0.32378437499999996
1.0,0.1875,0.0,3,16,1.0,1.0,0,0.012655388883569735,72,Structured,exact_bonferroni,0.32378437499999996
1.0,0.1875,0.0,3,16,1.0,1.0,0,0.012655388883569735,72,Structured,holm,0.32378437499999996
1.0,0.0,0.0,0,16,1.0,1.0,3,0.012685561384281174,73,MCAR,multiplier,0.32895
1.0,0.0,0.0,0,16,1.0,1.0,3,0.012685561384281174,73,MCAR,exact_bonferroni,0.32895
1.0,0.0,0.0,0,16,1.0,1.0,3,0.012685561384281174,73,MCAR,holm,0.32895
1.0,0.0,0.0,0,16,1.0,1.0,0,0.012653075047738743,73,MAR,multiplier,0.3269375
1.0,0.0,0.0,0,16,1.0,1.0,0,0.012653075047738743,73,MAR,exact_bonferroni,0.3269375
1.0,0.0,0.0,0,16,1.0,1.0,0,0.012653075047738743,73,MAR,holm,0.3269375
1.0,0.0,0.0,0,16,1.0,1.0,0,0.012579858672322863,73,MNAR,multiplier,0.32324375
1.0,0.0,0.0,0,16,1.0,1.0,0,0.012579858672322863,73,MNAR,exact_bonferroni,0.32324375
1.0,0.0,0.0,0,16,1.0,1.0,0,0.012579858672322863,73,MNAR,holm,0.32324375
1.0,0.0,0.0,0,16,1.0,1.0,4,0.012704850531043227,73,Structured,multiplier,0.329859375
1.0,0.0,0.0,0,16,1.0,1.0,4,0.012704850531043227,73,Structured,exact_bonferroni,0.329859375
1.0,0.0,0.0,0,16,1.0,1.0,4,0.012704850531043227,73,Structured,holm,0.329859375
1.0,0.0,0.0,0,16,1.0,1.0,3,0.012739535597611013,74,MCAR,multiplier,0.3292875
1.0,0.0,0.0,0,16,1.0,1.0,3,0.012739535597611013,74,MCAR,exact_bonferroni,0.3292875
1.0,0.0,0.0,0,16,1.0,1.0,3,0.012739535597611013,74,MCAR,holm,0.3292875
1.0,0.0,0.0,0,16,1.0,1.0,1,0.012690073120750628,74,MAR,multiplier,0.326490625
1.0,0.0,0.0,0,16,1.0,1.0,1,0.012690073120750628,74,MAR,exact_bonferroni,0.326490625
1.0,0.0,0.0,0,16,1.0,1.0,1,0.012690073120750628,74,MAR,holm,0.326490625
1.0,0.0,0.0,0,16,1.0,1.0,0,0.012635829431813128,74,MNAR,multiplier,0.32371249999999996
1.0,0.0,0.0,0,16,1.0,1.0,0,0.012635829431813128,74,MNAR,exact_bonferroni,0.32371249999999996
1.0,0.0,0.0,0,16,1.0,1.0,0,0.012635829431813128,74,MNAR,holm,0.32371249999999996
1.0,0.0,0.0,0,16,1.0,1.0,3,0.012695466478393425,74,Structured,multiplier,0.328459375
1.0,0.0,0.0,0,16,1.0,1.0,3,0.012695466478393425,74,Structured,exact_bonferroni,0.328459375
1.0,0.0,0.0,0,16,1.0,1.0,3,0.012695466478393425,74,Structured,holm,0.328459375
1.0,0.0,0.0,0,16,1.0,1.0,0,0.012645178369917187,75,MCAR,multiplier,0.323703125
1.0,0.0,0.0,0,16,1.0,1.0,0,0.012645178369917187,75,MCAR,exact_bonferroni,0.323703125
1.0,0.0,0.0,0,16,1.0,1.0,0,0.012645178369917187,75,MCAR,holm,0.323703125
1.0,0.0,0.0,0,16,1.0,1.0,0,0.01262783281487348,75,MAR,multiplier,0.32155625
1.0,0.0,0.0,0,16,1.0,1.0,0,0.01262783281487348,75,MAR,exact_bonferroni,0.32155625
1.0,0.0,0.0,0,16,1.0,1.0,0,0.01262783281487348,75,MAR,holm,0.32155625
1.0,0.0,0.0,0,16,1.0,1.0,0,0.012565645468762626,75,MNAR,multiplier,0.31942499999999996
1.0,0.0,0.0,0,16,1.0,1.0,0,0.012565645468762626,75,MNAR,exact_bonferroni,0.31942499999999996
1.0,0.0,0.0,0,16,1.0,1.0,0,0.012565645468762626,75,MNAR,holm,0.31942499999999996
1.0,0.0,0.0,0,16,1.0,1.0,0,0.012620264516291474,75,Structured,multiplier,0.324309375
1.0,0.0,0.0,0,16,1.0,1.0,0,0.012620264516291474,75,Structured,exact_bonferroni,0.324309375
1.0,0.0,0.0,0,16,1.0,1.0,0,0.012620264516291474,75,Structured,holm,0.324309375
1.0,0.125,0.0,2,16,1.0,1.0,1,0.012668273279743764,76,MCAR,multiplier,0.323653125
1.0,0.0,0.0,0,16,1.0,1.0,1,0.012668273279743764,76,MCAR,exact_bonferroni,0.323653125
1.0,0.0,0.0,0,16,1.0,1.0,1,0.012668273279743764,76,MCAR,holm,0.323653125
1.0,0.25,0.0,4,16,1.0,1.0,0,0.012609791355759264,76,MAR,multiplier,0.3203375
1.0,0.0,0.0,0,16,1.0,1.0,0,0.012609791355759264,76,MAR,exact_bonferroni,0.3203375
1.0,0.0,0.0,0,16,1.0,1.0,0,0.012609791355759264,76,MAR,holm,0.3203375
1.0,0.3125,0.0,5,16,1.0,1.0,0,0.012548808446203152,76,MNAR,multiplier,0.317025
1.0,0.0625,0.0,1,16,1.0,1.0,0,0.012548808446203152,76,MNAR,exact_bonferroni,0.317025
1.0,0.0625,0.0,1,16,1.0,1.0,0,0.012548808446203152,76,MNAR,holm,0.317025
1.0,0.125,0.0,2,16,1.0,1.0,0,0.012601164796327835,76,Structured,multiplier,0.320796875
1.0,0.0,0.0,0,16,1.0,1.0,0,0.012601164796327835,76,Structured,exact_bonferroni,0.320796875
1.0,0.0,0.0,0,16,1.0,1.0,0,0.012601164796327835,76,Structured,holm,0.320796875
1.0,0.6875,0.0,11,16,0.0,1.0,3,0.012683299622280209,77,MCAR,multiplier,0.3265375
1.0,0.5,0.0,8,16,1.0,1.0,3,0.012683299622280209,77,MCAR,exact_bonferroni,0.3265375
1.0,0.6875,0.0,11,16,0.0,1.0,3,0.012683299622280209,77,MCAR,holm,0.3265375
1.0,0.8125,0.0,13,16,1.0,1.0,0,0.012635829431813128,77,MAR,multiplier,0.32364375
1.0,0.6875,0.0,11,16,1.0,1.0,0,0.012635829431813128,77,MAR,exact_bonferroni,0.32364375
1.0,1.0,0.0,16,16,1.0,1.0,0,0.012635829431813128,77,MAR,holm,0.32364375
1.0,1.0,0.0,16,16,1.0,1.0,0,0.01255079900178327,77,MNAR,multiplier,0.320309375
1.0,0.8125,0.0,13,16,1.0,1.0,0,0.01255079900178327,77,MNAR,exact_bonferroni,0.320309375
1.0,1.0,0.0,16,16,1.0,1.0,0,0.01255079900178327,77,MNAR,holm,0.320309375
1.0,0.75,0.0,12,16,0.0,1.0,1,0.012672388394147666,77,Structured,multiplier,0.325440625
1.0,0.625,0.0,10,16,1.0,1.0,1,0.012672388394147666,77,Structured,exact_bonferroni,0.325440625
1.0,0.8125,0.0,13,16,0.0,1.0,1,0.012672388394147666,77,Structured,holm,0.325440625
1.0,0.3125,0.0,5,16,1.0,1.0,3,0.012691873417638666,78,MCAR,multiplier,0.32696562500000004
1.0,0.25,0.0,4,16,1.0,1.0,3,0.012691873417638666,78,MCAR,exact_bonferroni,0.32696562500000004
1.0,0.25,0.0,4,16,1.0,1.0,3,0.012691873417638666,78,MCAR,holm,0.32696562500000004
1.0,0.4375,0.0,7,16,1.0,1.0,0,0.012652148404649094,78,MAR,multiplier,0.3244125
1.0,0.375,0.0,6,16,1.0,1.0,0,0.012652148404649094,78,MAR,exact_bonferroni,0.3244125
1.0,0.375,0.0,6,16,1.0,1.0,0,0.012652148404649094,78,MAR,holm,0.3244125
1.0,0.4375,0.0,7,16,1.0,1.0,0,0.01258812749188376,78,MNAR,multiplier,0.3215
1.0,0.3125,0.0,5,16,1.0,1.0,0,0.01258812749188376,78,MNAR,exact_bonferroni,0.3215
1.0,0.4375,0.0,7,16,1.0,1.0,0,0.01258812749188376,78,MNAR,holm,0.3215
1.0,0.3125,0.0,5,16,1.0,1.0,0,0.012655388883569735,78,Structured,multiplier,0.32459375
1.0,0.1875,0.0,3,16,1.0,1.0,0,0.012655388883569735,78,Structured,exact_bonferroni,0.32459375
1.0,0.3125,0.0,5,16,1.0,1.0,0,0.012655388883569735,78,Structured,holm,0.32459375
1.0,0.0,0.0,0,16,1.0,1.0,0,0.012661386338195801,79,MCAR,multiplier,0.326175
1.0,0.0,0.0,0,16,1.0,1.0,0,0.012661386338195801,79,MCAR,exact_bonferroni,0.326175
1.0,0.0,0.0,0,16,1.0,1.0,0,0.012661386338195801,79,MCAR,holm,0.326175
1.0,0.0,0.0,0,16,1.0,1.0,0,0.01262783281487348,79,MAR,multiplier,0.32396875
1.0,0.0,0.0,0,16,1.0,1.0,0,0.01262783281487348,79,MAR,exact_bonferroni,0.32396875
1.0,0.0,0.0,0,16,1.0,1.0,0,0.01262783281487348,79,MAR,holm,0.32396875
1.0,0.0,0.0,0,16,1.0,1.0,0,0.012577417804747831,79,MNAR,multiplier,0.3217
1.0,0.0,0.0,0,16,1.0,1.0,0,0.012577417804747831,79,MNAR,exact_bonferroni,0.3217
1.0,0.0,0.0,0,16,1.0,1.0,0,0.012577417804747831,79,MNAR,holm,0.3217
1.0,0.0,0.0,0,16,1.0,1.0,0,0.012646575231730156,79,Structured,multiplier,0.32534375000000004
1.0,0.0,0.0,0,16,1.0,1.0,0,0.012646575231730156,79,Structured,exact_bonferroni,0.32534375000000004
1.0,0.0,0.0,0,16,1.0,1.0,0,0.012646575231730156,79,Structured,holm,0.32534375000000004
1.0,0.25,0.0,4,16,1.0,1.0,1,0.012675124707075103,80,MCAR,multiplier,0.32501250000000004
1.0,0.25,0.0,4,16,1.0,1.0,1,0.012675124707075103,80,MCAR,exact_bonferroni,0.32501250000000004
1.0,0.25,0.0,4,16,1.0,1.0,1,0.012675124707075103,80,MCAR,holm,0.32501250000000004
1.0,0.25,0.0,4,16,1.0,1.0,0,0.01261598939214062,80,MAR,multiplier,0.32206875
1.0,0.25,0.0,4,16,1.0,1.0,0,0.01261598939214062,80,MAR,exact_bonferroni,0.32206875
1.0,0.25,0.0,4,16,1.0,1.0,0,0.01261598939214062,80,MAR,holm,0.32206875
1.0,0.3125,0.0,5,16,1.0,1.0,0,0.012563181180778538,80,MNAR,multiplier,0.31860937500000003
1.0,0.25,0.0,4,16,1.0,1.0,0,0.012563181180778538,80,MNAR,exact_bonferroni,0.31860937500000003
1.0,0.25,0.0,4,16,1.0,1.0,0,0.012563181180778538,80,MNAR,holm,0.31860937500000003
1.0,0.125,0.0,2,16,1.0,1.0,0,0.012658621604595827,80,Structured,multiplier,0.32382500000000003
1.0,0.0625,0.0,1,16,1.0,1.0,0,0.012658621604595827,80,Structured,exact_bonferroni,0.32382500000000003
1.0,0.0625,0.0,1,16,1.0,1.0,0,0.012658621604595827,80,Structured,holm,0.32382500000000003
1.0,0.0,0.0,0,16,1.0,1.0,0,0.012659082788935155,81,MCAR,multiplier,0.32290937499999994
1.0,0.0,0.0,0,16,1.0,1.0,0,0.012659082788935155,81,MCAR,exact_bonferroni,0.32290937499999994
1.0,0.0,0.0,0,16,1.0,1.0,0,0.012659082788935155,81,MCAR,holm,0.32290937499999994
1.0,0.0,0.0,0,16,1.0,1.0,0,0.012610746659383582,81,MAR,multiplier,0.32036875
1.0,0.0,0.0,0,16,1.0,1.0,0,0.012610746659383582,81,MAR,exact_bonferroni,0.32036875
1.0,0.0,0.0,0,16,1.0,1.0,0,0.012610746659383582,81,MAR,holm,0.32036875
1.0,0.0,0.0,0,16,1.0,1.0,0,0.012541821030999517,81,MNAR,multiplier,0.31695937500000004
1.0,0.0,0.0,0,16,1.0,1.0,0,0.012541821030999517,81,MNAR,exact_bonferroni,0.31695937500000004
1.0,0.0,0.0,0,16,1.0,1.0,0,0.012541821030999517,81,MNAR,holm,0.31695937500000004
1.0,0.0,0.0,0,16,1.0,1.0,0,0.012638172625638239,81,Structured,multiplier,0.32245625
1.0,0.0,0.0,0,16,1.0,1.0,0,0.012638172625638239,81,Structured,exact_bonferroni,0.32245625
1.0,0.0,0.0,0,16,1.0,1.0,0,0.012638172625638239,81,Structured,holm,0.32245625
1.0,0.6875,0.0,11,16,0.0,1.0,3,0.012688721249358048,82,MCAR,multiplier,0.326846875
1.0,0.375,0.0,6,16,1.0,1.0,3,0.012688721249358048,82,MCAR,exact_bonferroni,0.326846875
1.0,0.5,0.0,8,16,1.0,1.0,3,0.012688721249358048,82,MCAR,holm,0.326846875
1.0,0.8125,0.0,13,16,1.0,1.0,0,0.01262783281487348,82,MAR,multiplier,0.323503125
1.0,0.5625,0.0,9,16,1.0,1.0,0,0.01262783281487348,82,MAR,exact_bonferroni,0.323503125
1.0,0.8125,0.0,13,16,1.0,1.0,0,0.01262783281487348,82,MAR,holm,0.323503125
1.0,0.8125,0.0,13,16,1.0,1.0,0,0.01259200260739049,82,MNAR,multiplier,0.3216875
1.0,0.625,0.0,10,16,1.0,1.0,0,0.01259200260739049,82,MNAR,exact_bonferroni,0.3216875
1.0,0.875,0.0,14,16,1.0,1.0,0,0.01259200260739049,82,MNAR,holm,0.3216875
1.0,0.4375,0.0,7,16,1.0,1.0,0,0.012646575231730156,82,Structured,multiplier,0.322928125
1.0,0.25,0.0,4,16,1.0,1.0,0,0.012646575231730156,82,Structured,exact_bonferroni,0.322928125
1.0,0.375,0.0,6,16,1.0,1.0,0,0.012646575231730156,82,Structured,holm,0.322928125
1.0,0.125,0.0,2,16,1.0,1.0,0,0.012637704304890335,83,MCAR,multiplier,0.32352499999999995
1.0,0.0,0.0,0,16,1.0,1.0,0,0.012637704304890335,83,MCAR,exact_bonferroni,0.32352499999999995
1.0,0.0,0.0,0,16,1.0,1.0,0,0.012637704304890335,83,MCAR,holm,0.32352499999999995
1.0,0.1875,0.0,3,16,1.0,1.0,0,0.012606442750493718,83,MAR,multiplier,0.32187499999999997
1.0,0.0,0.0,0,16,1.0,1.0,0,0.012606442750493718,83,MAR,exact_bonferroni,0.32187499999999997
1.0,0.0,0.0,0,16,1.0,1.0,0,0.012606442750493718,83,MAR,holm,0.32187499999999997
1.0,0.1875,0.0,3,16,1.0,1.0,0,0.012537312287912994,83,MNAR,multiplier,0.31861249999999997
1.0,0.0625,0.0,1,16,1.0,1.0,0,0.012537312287912994,83,MNAR,exact_bonferroni,0.31861249999999997
1.0,0.0625,0.0,1,16,1.0,1.0,0,0.012537312287912994,83,MNAR,holm,0.31861249999999997
1.0,0.0625,0.0,1,16,1.0,1.0,0,0.012618840912431234,83,Structured,multiplier,0.322175
1.0,0.0,0.0,0,16,1.0,1.0,0,0.012618840912431234,83,Structured,exact_bonferroni,0.322175
1.0,0.0,0.0,0,16,1.0,1.0,0,0.012618840912431234,83,Structured,holm,0.322175
1.0,0.25,0.0,4,16,1.0,1.0,3,0.01267921854065962,84,MCAR,multiplier,0.32933750000000006
1.0,0.0625,0.0,1,16,1.0,1.0,3,0.01267921854065962,84,MCAR,exact_bonferroni,0.32933750000000006
1.0,0.0625,0.0,1,16,1.0,1.0,3,0.01267921854065962,84,MCAR,holm,0.32933750000000006
1.0,0.25,0.0,4,16,1.0,1.0,0,0.012643313665492595,84,MAR,multiplier,0.326665625
1.0,0.125,0.0,2,16,1.0,1.0,0,0.012643313665492595,84,MAR,exact_bonferroni,0.326665625
1.0,0.1875,0.0,3,16,1.0,1.0,0,0.012643313665492595,84,MAR,holm,0.326665625
1.0,0.3125,0.0,5,16,1.0,1.0,0,0.012605484564791214,84,MNAR,multiplier,0.32482187500000004
1.0,0.125,0.0,2,16,1.0,1.0,0,0.012605484564791214,84,MNAR,exact_bonferroni,0.32482187500000004
1.0,0.1875,0.0,3,16,1.0,1.0,0,0.012605484564791214,84,MNAR,holm,0.32482187500000004
1.0,0.3125,0.0,5,16,1.0,1.0,0,0.01266000468307471,84,Structured,multiplier,0.3283875
1.0,0.125,0.0,2,16,1.0,1.0,0,0.01266000468307471,84,Structured,exact_bonferroni,0.3283875
1.0,0.1875,0.0,3,16,1.0,1.0,0,0.01266000468307471,84,Structured,holm,0.3283875
1.0,0.0,0.0,0,16,1.0,1.0,3,0.012700390550272084,85,MCAR,multiplier,0.328715625
1.0,0.0,0.0,0,16,1.0,1.0,3,0.012700390550272084,85,MCAR,exact_bonferroni,0.328715625
1.0,0.0,0.0,0,16,1.0,1.0,3,0.012700390550272084,85,MCAR,holm,0.328715625
1.0,0.0,0.0,0,16,1.0,1.0,0,0.012626416868724483,85,MAR,multiplier,0.325371875
1.0,0.0,0.0,0,16,1.0,1.0,0,0.012626416868724483,85,MAR,exact_bonferroni,0.325371875
1.0,0.0,0.0,0,16,1.0,1.0,0,0.012626416868724483,85,MAR,holm,0.325371875
1.0,0.0,0.0,0,16,1.0,1.0,0,0.01261694053797216,85,MNAR,multiplier,0.324534375
1.0,0.0,0.0,0,16,1.0,1.0,0,0.01261694053797216,85,MNAR,exact_bonferroni,0.324534375
1.0,0.0,0.0,0,16,1.0,1.0,0,0.01261694053797216,85,MNAR,holm,0.324534375
1.0,0.0,0.0,0,16,1.0,1.0,3,0.012686013265028634,85,Structured,multiplier,0.328625
1.0,0.0,0.0,0,16,1.0,1.0,3,0.012686013265028634,85,Structured,exact_bonferroni,0.328625
1.0,0.0,0.0,0,16,1.0,1.0,3,0.012686013265028634,85,Structured,holm,0.328625
1.0,0.875,0.0,14,16,1.0,1.0,0,0.012637235825153054,86,MCAR,multiplier,0.32401562500000003
1.0,0.5625,0.0,9,16,1.0,1.0,0,0.012637235825153054,86,MCAR,exact_bonferroni,0.32401562500000003
1.0,1.0,0.0,16,16,1.0,1.0,0,0.012637235825153054,86,MCAR,holm,0.32401562500000003
1.0,0.8125,0.0,13,16,1.0,1.0,0,0.012580833890827786,86,MAR,multiplier,0.32183125
1.0,0.6875,0.0,11,16,1.0,1.0,0,0.012580833890827786,86,MAR,exact_bonferroni,0.32183125
1.0,1.0,0.0,16,16,1.0,1.0,0,0.012580833890827786,86,MAR,holm,0.32183125
1.0,0.8125,0.0,13,16,1.0,1.0,0,0.012504356604977618,86,MNAR,multiplier,0.31790625
1.0,0.6875,0.0,11,16,1.0,1.0,0,0.012504356604977618,86,MNAR,exact_bonferroni,0.31790625
1.0,1.0,0.0,16,16,1.0,1.0,0,0.012504356604977618,86,MNAR,holm,0.31790625
1.0,0.875,0.0,14,16,1.0,1.0,0,0.012652611805408914,86,Structured,multiplier,0.3254
1.0,0.75,0.0,12,16,1.0,1.0,0,0.012652611805408914,86,Structured,exact_bonferroni,0.3254
1.0,1.0,0.0,16,16,1.0,1.0,0,0.012652611805408914,86,Structured,holm,0.3254
1.0,0.0625,0.0,1,16,1.0,1.0,3,0.012675124707075103,87,MCAR,multiplier,0.326109375
1.0,0.0,0.0,0,16,1.0,1.0,3,0.012675124707075103,87,MCAR,exact_bonferroni,0.326109375
1.0,0.0,0.0,0,16,1.0,1.0,3,0.012675124707075103,87,MCAR,holm,0.326109375
1.0,0.0625,0.0,1,16,1.0,1.0,0,0.012635829431813128,87,MAR,multiplier,0.32371249999999996
1.0,0.0,0.0,0,16,1.0,1.0,0,0.012635829431813128,87,MAR,exact_bonferroni,0.32371249999999996
1.0,0.0,0.0,0,16,1.0,1.0,0,0.012635829431813128,87,MAR,holm,0.32371249999999996
1.0,0.1875,0.0,3,16,1.0,1.0,0,0.012554772322648178,87,MNAR,multiplier,0.31985312499999996
1.0,0.0,0.0,0,16,1.0,1.0,0,0.012554772322648178,87,MNAR,exact_bonferroni,0.31985312499999996
1.0,0.0,0.0,0,16,1.0,1.0,0,0.012554772322648178,87,MNAR,holm,0.31985312499999996
1.0,0.125,0.0,2,16,1.0,1.0,0,0.012629247326736814,87,Structured,multiplier,0.32404374999999996
1.0,0.0,0.0,0,16,1.0,1.0,0,0.012629247326736814,87,Structured,exact_bonferroni,0.32404374999999996
1.0,0.0,0.0,0,16,1.0,1.0,0,0.012629247326736814,87,Structured,holm,0.32404374999999996
1.0,0.1875,0.0,3,16,1.0,1.0,3,0.012684657151184109,88,MCAR,multiplier,0.3252625
1.0,0.0,0.0,0,16,1.0,1.0,3,0.012684657151184109,88,MCAR,exact_bonferroni,0.3252625
1.0,0.0,0.0,0,16,1.0,1.0,3,0.012684657151184109,88,MCAR,holm,0.3252625
1.0,0.4375,0.0,7,16,1.0,1.0,0,0.012623580671631968,88,MAR,multiplier,0.322165625
1.0,0.0,0.0,0,16,1.0,1.0,0,0.012623580671631968,88,MAR,exact_bonferroni,0.322165625
1.0,0.0,0.0,0,16,1.0,1.0,0,0.012623580671631968,88,MAR,holm,0.322165625
1.0,0.8125,0.0,13,16,1.0,1.0,0,0.012552786960185525,88,MNAR,multiplier,0.32010625
1.0,0.4375,0.0,7,16,1.0,1.0,0,0.012552786960185525,88,MNAR,exact_bonferroni,0.32010625
1.0,0.625,0.0,10,16,1.0,1.0,0,0.012552786960185525,88,MNAR,holm,0.32010625
1.0,0.1875,0.0,3,16,1.0,1.0,0,0.012622633996580146,88,Structured,multiplier,0.32299375
1.0,0.0,0.0,0,16,1.0,1.0,0,0.012622633996580146,88,Structured,exact_bonferroni,0.32299375
1.0,0.0,0.0,0,16,1.0,1.0,0,0.012622633996580146,88,Structured,holm,0.32299375
1.0,0.75,0.0,12,16,0.0,1.0,2,0.012704405237392996,89,MCAR,multiplier,0.32884375000000005
1.0,0.5,0.0,8,16,1.0,1.0,2,0.012704405237392996,89,MCAR,exact_bonferroni,0.32884375000000005
1.0,0.75,0.0,12,16,0.0,1.0,2,0.012704405237392996,89,MCAR,holm,0.32884375000000005
1.0,0.8125,0.0,13,16,1.0,1.0,0,0.012632542279348236,89,MAR,multiplier,0.324978125
1.0,0.625,0.0,10,16,1.0,1.0,0,0.012632542279348236,89,MAR,exact_bonferroni,0.324978125
1.0,0.875,0.0,14,16,1.0,1.0,0,0.012632542279348236,89,MAR,holm,0.324978125
1.0,0.75,0.0,12,16,1.0,1.0,0,0.012586671669545885,89,MNAR,multiplier,0.32330625
1.0,0.5625,0.0,9,16,1.0,1.0,0,0.012586671669545885,89,MNAR,exact_bonferroni,0.32330625
1.0,0.8125,0.0,13,16,1.0,1.0,0,0.012586671669545885,89,MNAR,holm,0.32330625
1.0,0.75,0.0,12,16,0.0,1.0,2,0.012694569154498597,89,Structured,multiplier,0.3278875
1.0,0.5625,0.0,9,16,1.0,1.0,2,0.012694569154498597,89,Structured,exact_bonferroni,0.3278875
1.0,0.6875,0.0,11,16,0.0,1.0,2,0.012694569154498597,89,Structured,holm,0.3278875
1.0,0.125,0.0,2,16,1.0,1.0,1,0.012664145380229752,90,MCAR,multiplier,0.32591875
1.0,0.0,0.0,0,16,1.0,1.0,1,0.012664145380229752,90,MCAR,exact_bonferroni,0.32591875
1.0,0.0,0.0,0,16,1.0,1.0,1,0.012664145380229752,90,MCAR,holm,0.32591875
1.0,0.25,0.0,4,16,1.0,1.0,0,0.01259972198730655,90,MAR,multiplier,0.323071875
1.0,0.0625,0.0,1,16,1.0,1.0,0,0.01259972198730655,90,MAR,exact_bonferroni,0.323071875
1.0,0.0625,0.0,1,16,1.0,1.0,0,0.01259972198730655,90,MAR,holm,0.323071875
1.0,0.25,0.0,4,16,1.0,1.0,0,0.012537312287912994,90,MNAR,multiplier,0.31983125
1.0,0.0625,0.0,1,16,1.0,1.0,0,0.012537312287912994,90,MNAR,exact_bonferroni,0.31983125
1.0,0.0625,0.0,1,16,1.0,1.0,0,0.012537312287912994,90,MNAR,holm,0.31983125
1.0,0.0625,0.0,1,16,1.0,1.0,1,0.012668273279743764,90,Structured,multiplier,0.32661250000000003
1.0,0.0,0.0,0,16,1.0,1.0,1,0.012668273279743764,90,Structured,exact_bonferroni,0.32661250000000003
1.0,0.0,0.0,0,16,1.0,1.0,1,0.012668273279743764,90,Structured,holm,0.32661250000000003
1.0,0.375,0.0,6,16,1.0,1.0,3,0.01270796320611084,91,MCAR,multiplier,0.330934375
1.0,0.25,0.0,4,16,1.0,1.0,3,0.01270796320611084,91,MCAR,exact_bonferroni,0.330934375
1.0,0.25,0.0,4,16,1.0,1.0,3,0.01270796320611084,91,MCAR,holm,0.330934375
1.0,0.75,0.0,12,16,1.0,1.0,1,0.012669188854056934,91,MAR,multiplier,0.328559375
1.0,0.375,0.0,6,16,1.0,1.0,1,0.012669188854056934,91,MAR,exact_bonferroni,0.328559375
1.0,0.75,0.0,12,16,1.0,1.0,1,0.012669188854056934,91,MAR,holm,0.328559375
1.0,0.6875,0.0,11,16,1.0,1.0,0,0.012607878827746444,91,MNAR,multiplier,0.326178125
1.0,0.375,0.0,6,16,1.0,1.0,0,0.012607878827746444,91,MNAR,exact_bonferroni,0.326178125
1.0,0.5,0.0,8,16,1.0,1.0,0,0.012607878827746444,91,MNAR,holm,0.326178125
1.0,0.625,0.0,10,16,0.0,1.0,2,0.012668731145812767,91,Structured,multiplier,0.32957187499999996
1.0,0.375,0.0,6,16,1.0,1.0,2,0.012668731145812767,91,Structured,exact_bonferroni,0.32957187499999996
1.0,0.5625,0.0,9,16,1.0,1.0,2,0.012668731145812767,91,Structured,holm,0.32957187499999996
1.0,0.0,0.0,0,16,1.0,1.0,4,0.01271945753513673,92,MCAR,multiplier,0.32836875
1.0,0.0,0.0,0,16,1.0,1.0,4,0.01271945753513673,92,MCAR,exact_bonferroni,0.32836875
1.0,0.0,0.0,0,16,1.0,1.0,4,0.01271945753513673,92,MCAR,holm,0.32836875
1.0,0.0,0.0,0,16,1.0,1.0,1,0.012674213233285742,92,MAR,multiplier,0.3249125
1.0,0.0,0.0,0,16,1.0,1.0,1,0.012674213233285742,92,MAR,exact_bonferroni,0.3249125
1.0,0.0,0.0,0,16,1.0,1.0,1,0.012674213233285742,92,MAR,holm,0.3249125
1.0,0.0,0.0,0,16,1.0,1.0,0,0.012631601660516606,92,MNAR,multiplier,0.322978125
1.0,0.0,0.0,0,16,1.0,1.0,0,0.012631601660516606,92,MNAR,exact_bonferroni,0.322978125
1.0,0.0,0.0,0,16,1.0,1.0,0,0.012631601660516606,92,MNAR,holm,0.322978125
1.0,0.0,0.0,0,16,1.0,1.0,2,0.012674669048980819,92,Structured,multiplier,0.326159375
1.0,0.0,0.0,0,16,1.0,1.0,2,0.012674669048980819,92,Structured,exact_bonferroni,0.326159375
1.0,0.0,0.0,0,16,1.0,1.0,2,0.012674669048980819,92,Structured,holm,0.326159375
1.0,0.625,0.0,10,16,1.0,1.0,0,0.012652148404649094,93,MCAR,multiplier,0.325228125
1.0,0.3125,0.0,5,16,1.0,1.0,0,0.012652148404649094,93,MCAR,exact_bonferroni,0.325228125
1.0,0.3125,0.0,5,16,1.0,1.0,0,0.012652148404649094,93,MCAR,holm,0.325228125
1.0,0.6875,0.0,11,16,1.0,1.0,0,0.01265353813165837,93,MAR,multiplier,0.32283125
1.0,0.3125,0.0,5,16,1.0,1.0,0,0.01265353813165837,93,MAR,exact_bonferroni,0.32283125
1.0,0.5625,0.0,9,16,1.0,1.0,0,0.01265353813165837,93,MAR,holm,0.32283125
1.0,0.5625,0.0,9,16,1.0,1.0,0,0.012593936306976944,93,MNAR,multiplier,0.3209875
1.0,0.5,0.0,8,16,1.0,1.0,0,0.012593936306976944,93,MNAR,exact_bonferroni,0.3209875
1.0,0.5,0.0,8,16,1.0,1.0,0,0.012593936306976944,93,MNAR,holm,0.3209875
1.0,0.75,0.0,12,16,0.0,1.0,1,0.012674213233285742,93,Structured,multiplier,0.325815625
1.0,0.375,0.0,6,16,1.0,1.0,1,0.012674213233285742,93,Structured,exact_bonferroni,0.325815625
1.0,0.5625,0.0,9,16,0.0,1.0,1,0.012674213233285742,93,Structured,holm,0.325815625
1.0,0.1875,0.0,3,16,1.0,1.0,1,0.012665063796759801,94,MCAR,multiplier,0.3236625
1.0,0.125,0.0,2,16,1.0,1.0,1,0.012665063796759801,94,MCAR,exact_bonferroni,0.3236625
1.0,0.125,0.0,2,16,1.0,1.0,1,0.012665063796759801,94,MCAR,holm,0.3236625
1.0,0.1875,0.0,3,16,1.0,1.0,0,0.012620264516291474,94,MAR,multiplier,0.32059375
1.0,0.125,0.0,2,16,1.0,1.0,0,0.012620264516291474,94,MAR,exact_bonferroni,0.32059375
1.0,0.125,0.0,2,16,1.0,1.0,0,0.012620264516291474,94,MAR,holm,0.32059375
1.0,0.125,0.0,2,16,1.0,1.0,0,0.012550301606421538,94,MNAR,multiplier,0.317390625
1.0,0.125,0.0,2,16,1.0,1.0,0,0.012550301606421538,94,MNAR,exact_bonferroni,0.317390625
1.0,0.125,0.0,2,16,1.0,1.0,0,0.012550301606421538,94,MNAR,holm,0.317390625
1.0,0.1875,0.0,3,16,1.0,1.0,0,0.012642847092483006,94,Structured,multiplier,0.322228125
1.0,0.125,0.0,2,16,1.0,1.0,0,0.012642847092483006,94,Structured,exact_bonferroni,0.322228125
1.0,0.125,0.0,2,16,1.0,1.0,0,0.012642847092483006,94,Structured,holm,0.322228125
1.0,0.0,0.0,0,16,1.0,1.0,0,0.01266000468307471,95,MCAR,multiplier,0.323990625
1.0,0.0,0.0,0,16,1.0,1.0,0,0.01266000468307471,95,MCAR,exact_bonferroni,0.323990625
1.0,0.0,0.0,0,16,1.0,1.0,0,0.01266000468307471,95,MCAR,holm,0.323990625
1.0,0.0,0.0,0,16,1.0,1.0,0,0.012639108790229975,95,MAR,multiplier,0.321675
1.0,0.0,0.0,0,16,1.0,1.0,0,0.012639108790229975,95,MAR,exact_bonferroni,0.321675
1.0,0.0,0.0,0,16,1.0,1.0,0,0.012639108790229975,95,MAR,holm,0.321675
1.0,0.0,0.0,0,16,1.0,1.0,0,0.012542321188827754,95,MNAR,multiplier,0.318
1.0,0.0,0.0,0,16,1.0,1.0,0,0.012542321188827754,95,MNAR,exact_bonferroni,0.318
1.0,0.0,0.0,0,16,1.0,1.0,0,0.012542321188827754,95,MNAR,holm,0.318
1.0,0.0,0.0,0,16,1.0,1.0,0,0.012644712431918115,95,Structured,multiplier,0.323275
1.0,0.0,0.0,0,16,1.0,1.0,0,0.012644712431918115,95,Structured,exact_bonferroni,0.323275
1.0,0.0,0.0,0,16,1.0,1.0,0,0.012644712431918115,95,Structured,holm,0.323275
1.0,0.5,0.0,8,16,1.0,1.0,1,0.012667357074066299,96,MCAR,multiplier,0.324240625
1.0,0.4375,0.0,7,16,1.0,1.0,1,0.012667357074066299,96,MCAR,exact_bonferroni,0.324240625
1.0,0.5,0.0,8,16,1.0,1.0,1,0.012667357074066299,96,MCAR,holm,0.324240625
1.0,0.625,0.0,10,16,1.0,1.0,0,0.012617415871210652,96,MAR,multiplier,0.321403125
1.0,0.5625,0.0,9,16,1.0,1.0,0,0.012617415871210652,96,MAR,exact_bonferroni,0.321403125
1.0,0.5625,0.0,9,16,1.0,1.0,0,0.012617415871210652,96,MAR,holm,0.321403125
1.0,0.75,0.0,12,16,1.0,1.0,0,0.012543321016543013,96,MNAR,multiplier,0.317809375
1.0,0.6875,0.0,11,16,1.0,1.0,0,0.012543321016543013,96,MNAR,exact_bonferroni,0.317809375
1.0,0.875,0.0,14,16,1.0,1.0,0,0.012543321016543013,96,MNAR,holm,0.317809375
1.0,0.75,0.0,12,16,1.0,1.0,1,0.012679672623672894,96,Structured,multiplier,0.324675
1.0,0.5625,0.0,9,16,1.0,1.0,1,0.012679672623672894,96,Structured,exact_bonferroni,0.324675
1.0,0.75,0.0,12,16,1.0,1.0,1,0.012679672623672894,96,Structured,holm,0.324675
1.0,0.1875,0.0,3,16,1.0,1.0,0,0.012636298388630507,97,MCAR,multiplier,0.324028125
1.0,0.0,0.0,0,16,1.0,1.0,0,0.012636298388630507,97,MCAR,exact_bonferroni,0.324028125
1.0,0.0,0.0,0,16,1.0,1.0,0,0.012636298388630507,97,MCAR,holm,0.324028125
1.0,0.125,0.0,2,16,1.0,1.0,0,0.012580833890827786,97,MAR,multiplier,0.32096562500000003
1.0,0.0,0.0,0,16,1.0,1.0,0,0.012580833890827786,97,MAR,exact_bonferroni,0.32096562500000003
1.0,0.0,0.0,0,16,1.0,1.0,0,0.012580833890827786,97,MAR,holm,0.32096562500000003
1.0,0.5625,0.0,9,16,1.0,1.0,0,0.012517113638318533,97,MNAR,multiplier,0.317975
1.0,0.125,0.0,2,16,1.0,1.0,0,0.012517113638318533,97,MNAR,exact_bonferroni,0.317975
1.0,0.125,0.0,2,16,1.0,1.0,0,0.012517113638318533,97,MNAR,holm,0.317975
1.0,0.125,0.0,2,16,1.0,1.0,0,0.012603566270649819,97,Structured,multiplier,0.322146875
1.0,0.0,0.0,0,16,1.0,1.0,0,0.012603566270649819,97,Structured,exact_bonferroni,0.322146875
1.0,0.0,0.0,0,16,1.0,1.0,0,0.012603566270649819,97,Structured,holm,0.322146875
1.0,0.5,0.0,8,16,1.0,1.0,0,0.012627360992212677,98,MCAR,multiplier,0.322028125
1.0,0.4375,0.0,7,16,1.0,1.0,0,0.012627360992212677,98,MCAR,exact_bonferroni,0.322028125
1.0,0.5,0.0,8,16,1.0,1.0,0,0.012627360992212677,98,MCAR,holm,0.322028125
1.0,0.5625,0.0,9,16,1.0,1.0,0,0.012579858672322863,98,MAR,multiplier,0.31984375
1.0,0.4375,0.0,7,16,1.0,1.0,0,0.012579858672322863,98,MAR,exact_bonferroni,0.31984375
1.0,0.5625,0.0,9,16,1.0,1.0,0,0.012579858672322863,98,MAR,holm,0.31984375
1.0,0.5625,0.0,9,16,1.0,1.0,0,0.012517113638318533,98,MNAR,multiplier,0.316175
1.0,0.5,0.0,8,16,1.0,1.0,0,0.012517113638318533,98,MNAR,exact_bonferroni,0.316175
1.0,0.5625,0.0,9,16,1.0,1.0,0,0.012517113638318533,98,MNAR,holm,0.316175
1.0,0.625,0.0,10,16,1.0,1.0,0,0.012614561474733277,98,Structured,multiplier,0.32096562500000003
1.0,0.5625,0.0,9,16,1.0,1.0,0,0.012614561474733277,98,Structured,exact_bonferroni,0.32096562500000003
1.0,0.625,0.0,10,16,1.0,1.0,0,0.012614561474733277,98,Structured,holm,0.32096562500000003
1.0,0.4375,0.0,7,16,1.0,1.0,4,0.012722095092021601,99,MCAR,multiplier,0.330384375
1.0,0.25,0.0,4,16,1.0,1.0,4,0.012722095092021601,99,MCAR,exact_bonferroni,0.330384375
1.0,0.25,0.0,4,16,1.0,1.0,4,0.012722095092021601,99,MCAR,holm,0.330384375
1.0,0.5625,0.0,9,16,1.0,1.0,2,0.012671018109142784,99,MAR,multiplier,0.327075
1.0,0.3125,0.0,5,16,1.0,1.0,2,0.012671018109142784,99,MAR,exact_bonferroni,0.327075
1.0,0.3125,0.0,5,16,1.0,1.0,2,0.012671018109142784,99,MAR,holm,0.327075
1.0,0.75,0.0,12,16,1.0,1.0,0,0.01256908867906939,99,MNAR,multiplier,0.322615625
1.0,0.5625,0.0,9,16,1.0,1.0,0,0.01256908867906939,99,MNAR,exact_bonferroni,0.322615625
1.0,0.625,0.0,10,16,1.0,1.0,0,0.01256908867906939,99,MNAR,holm,0.322615625
1.0,0.3125,0.0,5,16,1.0,1.0,4,0.012738669478470077,99,Structured,multiplier,0.33054375
1.0,0.125,0.0,2,16,1.0,1.0,4,0.012738669478470077,99,Structured,exact_bonferroni,0.33054375
1.0,0.125,0.0,2,16,1.0,1.0,4,0.012738669478470077,99,Structured,holm,0.33054375
