rep,Mechanism,Missingness,Shift,realized_missingness,reference_risk,lower,upper
0,MCAR,0.0,0.0,0.0,0.31355,0.30121601312439217,0.3260683848623312
0,MCAR,0.0,0.15,0.0,0.31495,0.30260034949630354,0.3274826632735786
0,MCAR,0.0,0.3,0.0,0.31705,0.3046770989170781,0.3296038360580734
0,MCAR,0.0,0.45,0.0,0.31535,0.302995898195465,0.32788671880118536
0,MCAR,0.1,0.0,0.09966666666666667,0.3186,0.30621012544480636,0.3311692759430689
0,MCAR,0.1,0.15,0.09966666666666667,0.32275,0.31031545991588017,0.3353598355100246
0,MCAR,0.1,0.3,0.09966666666666667,0.3249,0.3124427634602451,0.3375304048331822
0,MCAR,0.1,0.45,0.09966666666666667,0.322,0.3095734483049318,0.33460258915229024
0,MCAR,0.2,0.0,0.201,0.32805,0.31556005302512685,0.3407099988348175
0,MCAR,0.2,0.15,0.201,0.332,0.31946993990845757,0.3446962041454557
0,MCAR,0.2,0.3,0.201,0.332,0.31946993990845757,0.3446962041454557
0,MCAR,0.2,0.45,0.201,0.3294,0.316896230642122,0.34207248562588954
0,MCAR,0.3,0.0,0.30033333333333334,0.33205,0.31951943856388754,0.3447466560248416
0,MCAR,0.3,0.15,0.30033333333333334,0.3388,0.3262032177377809,0.3515561992096154
0,MCAR,0.3,0.3,0.30033333333333334,0.3383,0.3257080239982715,0.35105188757864925
0,MCAR,0.3,0.45,0.30033333333333334,0.3364,0.32382643176783144,0.3491353594164961
0,MAR,0.0,0.0,0.0,0.31355,0.30121601312439217,0.3260683848623312
0,MAR,0.0,0.15,0.0,0.31495,0.30260034949630354,0.3274826632735786
0,MAR,0.0,0.3,0.0,0.31705,0.3046770989170781,0.3296038360580734
0,MAR,0.0,0.45,0.0,0.31535,0.302995898195465,0.32788671880118536
0,MAR,0.1,0.0,0.09866666666666667,0.31625,0.30388592171321693,0.3287958047985029
0,MAR,0.1,0.15,0.09866666666666667,0.3204,0.30799061342733125,0.33298700704469797
0,MAR,0.1,0.3,0.09866666666666667,0.3221,0.30967238105911493,0.3347035574603453
0,MAR,0.1,0.45,0.09866666666666667,0.3191,0.30670468401354845,0.33167422267288876
0,MAR,0.2,0.0,0.19822222222222222,0.32305,0.3106122748614157,0.3356627237531803
0,MAR,0.2,0.15,0.19822222222222222,0.3276,0.3151146866140797,0.3402558104461396
0,MAR,0.2,0.3,0.19822222222222222,0.3266,0.31412503035304107,0.33924645604647263
0,MAR,0.2,0.45,0.19822222222222222,0.3245,0.31204696324540676,0.3371266007909284
0,MAR,0.3,0.0,0.29977777777777775,0.32895,0.31645082505285427,0.3416183364109931
0,MAR,0.3,0.15,0.29977777777777775,0.33305,0.3205094452304919,0.34575566005824937
0,MAR,0.3,0.3,0.29977777777777775,0.33205,0.31951943856388754,0.3447466560248416
0,MAR,0.3,0.45,0.29977777777777775,0.32975,0.3172426662220885,0.3424257037835081
0,MNAR,0.0,0.0,0.0,0.31355,0.30121601312439217,0.3260683848623312
0,MNAR,0.0,0.15,0.0,0.31495,0.30260034949630354,0.3274826632735786
0,MNAR,0.0,0.3,0.0,0.31705,0.3046770989170781,0.3296038360580734
0,MNAR,0.0,0.45,0.0,0.31535,0.302995898195465,0.32788671880118536
0,MNAR,0.1,0.0,0.09677777777777778,0.3156,0.3032431215444199,0.3281392480946331
0,MNAR,0.1,0.15,0.09677777777777778,0.31915,0.30675414077786645,0.3317247164385363
0,MNAR,0.1,0.3,0.09677777777777778,0.3213,0.3088809373746293,0.33389579264910246
0,MNAR,0.1,0.45,0.09677777777777778,0.3177,0.3053199616488964,0.33026033020664075
0,MNAR,0.2,0.0,0.2051111111111111,0.3179,0.305517771195804,0.33046232277746507
0,MNAR,0.2,0.15,0.2051111111111111,0.32345,0.31100803726795706,0.3360665655993038
0,MNAR,0.2,0.3,0.2051111111111111,0.32615,0.31367970616065793,0.3387922254439605
0,MNAR,0.2,0.45,0.2051111111111111,0.325,0.31254171514039103,0.33763135421750073
0,MNAR,0.3,0.0,0.298,0.3268,0.314322956427803,0.33944833210325964
0,MNAR,0.3,0.15,0.298,0.33055,0.3180345485458626,0.3432330300061011
0,MNAR,0.3,0.3,0.298,0.3313,0.31877697553368034,0.3439898610346678
0,MNAR,0.3,0.45,0.298,0.33025,0.31773758785647443,0.34293028749006393
0,Structured,0.0,0.0,0.0,0.31355,0.30121601312439217,0.3260683848623312
0,Structured,0.0,0.15,0.0,0.31495,0.30260034949630354,0.3274826632735786
0,Structured,0.0,0.3,0.0,0.31705,0.3046770989170781,0.3296038360580734
0,Structured,0.0,0.45,0.0,0.31535,0.302995898195465,0.32788671880118536
0,Structured,0.1,0.0,0.10255555555555555,0.3198,0.3073970937130843,0.33238112039469464
0,Structured,0.1,0.15,0.10255555555555555,0.32035,0.30794115254648186,0.33293651739508434
0,Structured,0.1,0.3,0.10255555555555555,0.323,0.3105628052953818,0.3356122427877165
0,Structured,0.1,0.45,0.10255555555555555,0.3196,0.3071992590750897,0.3321791529119073
0,Structured,0.2,0.0,0.20633333333333334,0.325,0.31254171514039103,0.33763135421750073
0,Structured,0.2,0.15,0.20633333333333334,0.32785,0.31536211078321036,0.34050813894333964
0,Structured,0.2,0.3,0.20633333333333334,0.3283,0.3158074844588031,0.34096232006829874
0,Structured,0.2,0.45,0.20633333333333334,0.32485,0.31239328786407033,0.33747992989715636
0,Structured,0.3,0.0,0.304,0.33185,0.31932144490183817,0.34454484754773257
0,Structured,0.3,0.15,0.304,0.33445,0.3218955617516131,0.3471681585288741
0,Structured,0.3,0.3,0.304,0.334,0.32145001068058027,0.3467141547796499
0,Structured,0.3,0.45,0.304,0.3287,0.31620338313942253,0.3413660256560804
1,MCAR,0.0,0.0,0.0,0.31365,0.3013148899502516,0.3261694090918665
1,MCAR,0.0,0.15,0.0,0.3153,0.3029464540250918,0.32783621244314004
1,MCAR,0.0,0.3,0.0,0.3152,0.30284756618393316,0.32773519922752237
1,MCAR,0.0,0.45,0.0,0.31175,0.29943634484546244,0.324249834158681
1,MCAR,0.1,0.0,0.09911111111111111,0.32,0.30759493098532764,0.3325830852435503
1,MCAR,0.1,0.15,0.09911111111111111,0.3231,0.3106617445907809,0.33571320455533077
1,MCAR,0.1,0.3,0.09911111111111111,0.32235,0.309919715809147,0.3349559753662518
1,MCAR,0.1,0.45,0.09911111111111111,0.3196,0.3071992590750897,0.3321791529119073
1,MCAR,0.2,0.0,0.1952222222222222,0.32605,0.31358074701185357,0.3386912835274378
1,MCAR,0.2,0.15,0.1952222222222222,0.3288,0.3163023594214711,0.3414669504413154
1,MCAR,0.2,0.3,0.1952222222222222,0.32975,0.3172426662220885,0.3424257037835081
1,MCAR,0.2,0.45,0.1952222222222222,0.3266,0.31412503035304107,0.33924645604647263
1,MCAR,0.3,0.0,0.2951111111111111,0.33335,0.3208064596821951,0.3460583488179169
1,MCAR,0.3,0.15,0.2951111111111111,0.33575,0.32318278161370734,0.3484796525997909
1,MCAR,0.3,0.3,0.2951111111111111,0.33595,0.32338082496205833,0.3486814113960058
1,MCAR,0.3,0.45,0.2951111111111111,0.33365,0.32110347987393667,0.3463610318381725
1,MAR,0.0,0.0,0.0,0.31365,0.3013148899502516,0.3261694090918665
1,MAR,0.0,0.15,0.0,0.3153,0.3029464540250918,0.32783621244314004
1,MAR,0.0,0.3,0.0,0.3152,0.30284756618393316,0.32773519922752237
1,MAR,0.0,0.45,0.0,0.31175,0.29943634484546244,0.324249834158681
1,MAR,0.1,0.0,0.09755555555555556,0.31825,0.30586394427095553,0.33081580340912303
1,MAR,0.1,0.15,0.09755555555555556,0.32085,0.30843576875034673,0.3334414064967375
1,MAR,0.1,0.3,0.09755555555555556,0.3196,0.3071992590750897,0.3321791529119073
1,MAR,0.1,0.45,0.09755555555555556,0.3175,0.30512215475012683,0.3300583349880029
1,MAR,0.2,0.0,0.19455555555555556,0.32535,0.31288805114069757,0.3379846719434052
1,MAR,0.2,0.15,0.19455555555555556,0.32715,0.3146693332899524,0.33980160897203326
1,MAR,0.2,0.3,0.19455555555555556,0.3262,0.31372918597825206,0.3388426961590586
1,MAR,0.2,0.45,0.19455555555555556,0.32335,0.31090909568688696,0.3359656061170938
1,MAR,0.3,0.0,0.294,0.3315,0.31897496215347154,0.34419167655325383
1,MAR,0.3,0.15,0.294,0.33275,0.32021243652270914,0.3454529655552921
1,MAR,0.3,0.3,0.294,0.33325,0.32070745422698754,0.345957453202598
1,MAR,0.3,0.45,0.294,0.32845,0.3159559452547863,0.3411137108728301
1,MNAR,0.0,0.0,0.0,0.31365,0.3013148899502516,0.3261694090918665
1,MNAR,0.0,0.15,0.0,0.3153,0.3029464540250918,0.32783621244314004
1,MNAR,0.0,0.3,0.0,0.3152,0.30284756618393316,0.32773519922752237
1,MNAR,0.0,0.45,0.0,0.31175,0.29943634484546244,0.324249834158681
1,MNAR,0.1,0.0,0.10088888888888889,0.31715,0.30477599905338393,0.32970483698006453
1,MNAR,0.1,0.15,0.10088888888888889,0.31865,0.3062595805589168,0.3312197713587241
1,MNAR,0.1,0.3,0.10088888888888889,0.31865,0.3062595805589168,0.3312197713587241
1,MNAR,0.1,0.45,0.10088888888888889,0.3165,0.30413316002523744,0.3290483191307408
1,MNAR,0.2,0.0,0.19511111111111112,0.32035,0.30794115254648186,0.33293651739508434
1,MNAR,0.2,0.15,0.19511111111111112,0.3233,0.31085962514116033,0.33591512613120683
1,MNAR,0.2,0.3,0.19511111111111112,0.3234,0.3109585663958255,0.3360160859397857
1,MNAR,0.2,0.45,0.19511111111111112,0.3212,0.30878200986494075,0.33379481909717723
1,MNAR,0.3,0.0,0.29777777777777775,0.32445,0.31199748895077084,0.33707612455351393
1,MNAR,0.3,0.15,0.29777777777777775,0.3288,0.3163023594214711,0.3414669504413154
1,MNAR,0.3,0.3,0.29777777777777775,0.329,0.31650031391878986,0.3416687980787809
1,MNAR,0.3,0.45,0.29777777777777775,0.32725,0.3147682995636376,0.33990254376449286
1,Structured,0.0,0.0,0.0,0.31365,0.3013148899502516,0.3261694090918665
1,Structured,0.0,0.15,0.0,0.3153,0.3029464540250918,0.32783621244314004
1,Structured,0.0,0.3,0.0,0.3152,0.30284756618393316,0.32773519922752237
1,Structured,0.0,0.45,0.0,0.31175,0.29943634484546244,0.324249834158681
1,Structured,0.1,0.0,0.10244444444444445,0.3183,0.3059133982286917,0.33086629998101325
1,Structured,0.1,0.15,0.10244444444444445,0.3202,0.3077927708905119,0.3327850474597839
1,Structured,0.1,0.3,0.10244444444444445,0.32105,0.30863361983099474,0.33364335753884694
1,Structured,0.1,0.45,0.10244444444444445,0.3182,0.30581449047850173,0.3307653066719727
1,Structured,0.2,0.0,0.1978888888888889,0.3256,0.31313543887134115,0.3382370368749077
1,Structured,0.2,0.15,0.1978888888888889,0.32585,0.3133828306603088,0.33848939774855347
1,Structured,0.2,0.3,0.1978888888888889,0.3265,0.3140260682872722,0.33914551704657897
1,Structured,0.2,0.45,0.1978888888888889,0.3233,0.31085962514116033,0.33591512613120683
1,Structured,0.3,0.0,0.3032222222222222,0.33245,0.3199154335627354,0.3451502653051567
1,Structured,0.3,0.15,0.3032222222222222,0.3325,0.31996493365674605,0.3452007157461204
1,Structured,0.3,0.3,0.3032222222222222,0.33405,0.3214995157185243,0.3467646002772208
1,Structured,0.3,0.45,0.3032222222222222,0.3315,0.31897496215347154,0.34419167655325383
2,MCAR,0.0,0.0,0.0,0.32185,0.30942505040183166,0.334451135462178
2,MCAR,0.0,0.15,0.0,0.32655,0.314075549239173,0.3391959866275007
2,MCAR,0.0,0.3,0.0,0.32595,0.3134817885116856,0.3385903409623554
2,MCAR,0.0,0.45,0.0,0.32545,0.3129870057458007,0.33808561840310236
2,MCAR,0.1,0.0,0.09622222222222222,0.3285,0.31600543250929736,0.34116417415185946
2,MCAR,0.1,0.15,0.09622222222222222,0.33265,0.32011343489721317,0.34535206611068126
2,MCAR,0.1,0.3,0.09622222222222222,0.3315,0.31897496215347154,0.34419167655325383
2,MCAR,0.1,0.45,0.09622222222222222,0.33255,0.3200144339105071,0.3452511660273507
2,MCAR,0.2,0.0,0.192,0.33375,0.3212024878794126,0.34646192490350136
2,MCAR,0.2,0.15,0.192,0.33795,0.32536139776347517,0.3506988600551007
2,MCAR,0.2,0.3,0.192,0.3401,0.3274907951477435,0.3528673357706003
2,MCAR,0.2,0.45,0.192,0.33745,0.324866230845234,0.35019452160569353
2,MCAR,0.3,0.0,0.29355555555555557,0.34115,0.32853083906135855,0.3539262531492663
2,MCAR,0.3,0.15,0.29355555555555557,0.34715,0.33447526868898947,0.35997588818339
2,MCAR,0.3,0.3,0.29355555555555557,0.34725,0.3345743614798784,0.36007669647209045
2,MCAR,0.3,0.45,0.29355555555555557,0.34365,0.33100741204506656,0.3564472070804741
2,MAR,0.0,0.0,0.0,0.32185,0.30942505040183166,0.334451135462178
2,MAR,0.0,0.15,0.0,0.32655,0.314075549239173,0.3391959866275007
2,MAR,0.0,0.3,0.0,0.32595,0.3134817885116856,0.3385903409623554
2,MAR,0.0,0.45,0.0,0.32545,0.3129870057458007,0.33808561840310236
2,MAR,0.1,0.0,0.09955555555555555,0.32565,0.31318491690454625,0.3382875093741882
2,MAR,0.1,0.15,0.09955555555555555,0.3302,0.31768809497014566,0.34287982984221765
2,MAR,0.1,0.3,0.09955555555555555,0.3296,0.31709419286574375,0.3422743255379227
2,MAR,0.1,0.45,0.09955555555555555,0.33015,0.3176386022444089,0.34282937203379654
2,MAR,0.2,0.0,0.1952222222222222,0.32895,0.31645082505285427,0.3416183364109931
2,MAR,0.2,0.15,0.1952222222222222,0.33335,0.3208064596821951,0.3460583488179169
2,MAR,0.2,0.3,0.1952222222222222,0.33345,0.32090546577518475,0.34615924379552254
2,MAR,0.2,0.45,0.1952222222222222,0.3326,0.32006393432400243,0.3453016161488649
2,MAR,0.3,0.0,0.2907777777777778,0.3353,0.3227371933594185,0.348025686029805
2,MAR,0.3,0.15,0.2907777777777778,0.34075,0.3281346236967105,0.3535228642112486
2,MAR,0.3,0.3,0.2907777777777778,0.3407,0.32808509748193626,0.35347243988826327
2,MAR,0.3,0.45,0.2907777777777778,0.33895,0.3263517789324707,0.3517074896263899
2,MNAR,0.0,0.0,0.0,0.32185,0.30942505040183166,0.334451135462178
2,MNAR,0.0,0.15,0.0,0.32655,0.314075549239173,0.3391959866275007
2,MNAR,0.0,0.3,0.0,0.32595,0.3134817885116856,0.3385903409623554
2,MNAR,0.0,0.45,0.0,0.32545,0.3129870057458007,0.33808561840310236
2,MNAR,0.1,0.0,0.09822222222222222,0.32425,0.311799593400222,0.336874217976048
2,MNAR,0.1,0.15,0.09822222222222222,0.32805,0.31556005302512685,0.3407099988348175
2,MNAR,0.1,0.3,0.09822222222222222,0.329,0.31650031391878986,0.3416687980787809
2,MNAR,0.1,0.45,0.09822222222222222,0.328,0.31551056722250576,0.3406595341040624
2,MNAR,0.2,0.0,0.1938888888888889,0.32695,0.3144714026835909,0.3395997374463271
2,MNAR,0.2,0.15,0.1938888888888889,0.3319,0.3193709430774139,0.34459529990691967
2,MNAR,0.2,0.3,0.1938888888888889,0.3312,0.31867798318484075,0.3438889523144232
2,MNAR,0.2,0.45,0.1938888888888889,0.33035,0.31783657411083616,0.3430312023041052
2,MNAR,0.3,0.0,0.2956666666666667,0.32865,0.3161538952401174,0.34131556302177296
2,MNAR,0.3,0.15,0.2956666666666667,0.33255,0.3200144339105071,0.3452511660273507
2,MNAR,0.3,0.3,0.2956666666666667,0.3341,0.3215490209156638,0.34681504561561316
2,MNAR,0.3,0.45,0.2956666666666667,0.33295,0.32041044168949306,0.34565476252893135
2,Structured,0.0,0.0,0.0,0.32185,0.30942505040183166,0.334451135462178
2,Structured,0.0,0.15,0.0,0.32655,0.314075549239173,0.3391959866275007
2,Structured,0.0,0.3,0.0,0.32595,0.3134817885116856,0.3385903409623554
2,Structured,0.0,0.45,0.0,0.32545,0.3129870057458007,0.33808561840310236
2,Structured,0.1,0.0,0.097,0.32815,0.3156590251145399,0.34081092781221295
2,Structured,0.1,0.15,0.097,0.33365,0.32110347987393667,0.3463610318381725
2,Structured,0.1,0.3,0.097,0.33345,0.32090546577518475,0.34615924379552254
2,Structured,0.1,0.45,0.097,0.3336,0.3210539761101969,0.3463105850665359
2,Structured,0.2,0.0,0.1952222222222222,0.33425,0.32169753746207475,0.34696638067590146
2,Structured,0.2,0.15,0.1952222222222222,0.3399,0.3272926993955244,0.3526656293727201
2,Structured,0.2,0.3,0.1952222222222222,0.3426,0.3299672037932952,0.35538845402312713
2,Structured,0.2,0.45,0.1952222222222222,0.34115,0.32853083906135855,0.3539262531492663
2,Structured,0.3,0.0,0.305,0.338,0.3254109153236592,0.35074929303177305
2,Structured,0.3,0.15,0.305,0.34495,0.33229538418572,0.35775794895120405
2,Structured,0.3,0.3,0.305,0.3477,0.33502028669888667,0.36053032611198715
2,Structured,0.3,0.45,0.305,0.3462,0.33353391807896265,0.35901817854036333
3,MCAR,0.0,0.0,0.0,0.31765,0.30527050967588826,0.33020983165026585
3,MCAR,0.0,0.15,0.0,0.32115,0.30873254635619307,0.3337443320751448
3,MCAR,0.0,0.3,0.0,0.32095,0.3085346939623258,0.3335423823460982
3,MCAR,0.0,0.45,0.0,0.32195,0.30952398217345584,0.33455210475267594
3,MCAR,0.1,0.0,0.10266666666666667,0.3233,0.31085962514116033,0.33591512613120683
3,MCAR,0.1,0.15,0.10266666666666667,0.32585,0.3133828306603088,0.33848939774855347
3,MCAR,0.1,0.3,0.10266666666666667,0.32685,0.31437243835121914,0.3394988007127762
3,MCAR,0.1,0.45,0.10266666666666667,0.32555,0.3130859610004692,0.3381865642133123
3,MCAR,0.2,0.0,0.20844444444444443,0.32845,0.3159559452547863,0.3411137108728301
3,MCAR,0.2,0.15,0.20844444444444443,0.3325,0.31996493365674605,0.3452007157461204
3,MCAR,0.2,0.3,0.20844444444444443,0.33445,0.3218955617516131,0.3471681585288741
3,MCAR,0.2,0.45,0.20844444444444443,0.3345,0.3219450682216729,0.3472186025944842
3,MCAR,0.3,0.0,0.308,0.3373,0.3247176838500551,0.3500432169909058
3,MCAR,0.3,0.15,0.308,0.339,0.32640129964570497,0.3517579194503437
3,MCAR,0.3,0.3,0.308,0.33965,0.3270450832416942,0.35241349283929524
3,MCAR,0.3,0.45,0.308,0.34135,0.32872895050625495,0.3541279438560914
3,MAR,0.0,0.0,0.0,0.31765,0.30527050967588826,0.33020983165026585
3,MAR,0.0,0.15,0.0,0.32115,0.30873254635619307,0.3337443320751448
3,MAR,0.0,0.3,0.0,0.32095,0.3085346939623258,0.3335423823460982
3,MAR,0.0,0.45,0.0,0.32195,0.30952398217345584,0.33455210475267594
3,MAR,0.1,0.0,0.10577777777777778,0.3219,0.30947451620574834,0.33450162018931257
3,MAR,0.1,0.15,0.10577777777777778,0.32425,0.311799593400222,0.336874217976048
3,MAR,0.1,0.3,0.10577777777777778,0.3249,0.3124427634602451,0.3375304048331822
3,MAR,0.1,0.45,0.10577777777777778,0.3242,0.31175011991968216,0.3368237409246318
3,MAR,0.2,0.0,0.20555555555555555,0.32745,0.314966234051252,0.3401044114093908
3,MAR,0.2,0.15,0.20555555555555555,0.3301,0.3175891096792844,0.34277891406478106
3,MAR,0.2,0.3,0.20555555555555555,0.3301,0.3175891096792844,0.34277891406478106
3,MAR,0.2,0.45,0.20555555555555555,0.32875,0.3162528711998803,0.3414164881292556
3,MAR,0.3,0.0,0.31166666666666665,0.333,0.32045994338020733,0.3457052113733676
3,MAR,0.3,0.15,0.31166666666666665,0.3346,0.32204408163888487,0.34731949024866554
3,MAR,0.3,0.3,0.31166666666666665,0.33495,0.3223906336066882,0.34767259203127926
3,MAR,0.3,0.45,0.31166666666666665,0.33405,0.3214995157185243,0.3467646002772208
3,MNAR,0.0,0.0,0.0,0.31765,0.30527050967588826,0.33020983165026585
3,MNAR,0.0,0.15,0.0,0.32115,0.30873254635619307,0.3337443320751448
3,MNAR,0.0,0.3,0.0,0.32095,0.3085346939623258,0.3335423823460982
3,MNAR,0.0,0.45,0.0,0.32195,0.30952398217345584,0.33455210475267594
3,MNAR,0.1,0.0,0.10144444444444445,0.3188,0.30640794689184847,0.33137125661521105
3,MNAR,0.1,0.15,0.10144444444444445,0.322,0.3095734483049318,0.33460258915229024
3,MNAR,0.1,0.3,0.10144444444444445,0.32285,0.310414397577468,0.33546079891125663
3,MNAR,0.1,0.45,0.10144444444444445,0.32205,0.3096229146001584,0.33465307338817346
3,MNAR,0.2,0.0,0.20955555555555555,0.32175,0.30932611928544834,0.3343501655165161
3,MNAR,0.2,0.15,0.20955555555555555,0.32295,0.3105133358926994,0.33556176165892226
3,MNAR,0.2,0.3,0.20955555555555555,0.32435,0.31189854084985774,0.33697517159038165
3,MNAR,0.2,0.45,0.20955555555555555,0.32425,0.311799593400222,0.336874217976048
3,MNAR,0.3,0.0,0.307,0.3262,0.31372918597825206,0.3388426961590586
3,MNAR,0.3,0.15,0.307,0.3289,0.31640133634797757,0.34156787458216537
3,MNAR,0.3,0.3,0.307,0.32865,0.3161538952401174,0.34131556302177296
3,MNAR,0.3,0.45,0.307,0.32885,0.3163518478041754,0.3415174125922792
3,Structured,0.0,0.0,0.0,0.31765,0.30527050967588826,0.33020983165026585
3,Structured,0.0,0.15,0.0,0.32115,0.30873254635619307,0.3337443320751448
3,Structured,0.0,0.3,0.0,0.32095,0.3085346939623258,0.3335423823460982
3,Structured,0.0,0.45,0.0,0.32195,0.30952398217345584,0.33455210475267594
3,Structured,0.1,0.0,0.10555555555555556,0.32475,0.3122943371596104,0.3373789795372659
3,Structured,0.1,0.15,0.10555555555555556,0.3286,0.3161044075019812,0.34126510022631174
3,Structured,0.1,0.3,0.10555555555555556,0.32885,0.3163518478041754,0.3415174125922792
3,Structured,0.1,0.45,0.10555555555555556,0.3287,0.31620338313942253,0.3413660256560804
3,Structured,0.2,0.0,0.21155555555555555,0.3316,0.319073956424132,0.3442925833518906
3,Structured,0.2,0.15,0.21155555555555555,0.33455,0.32199457485077004,0.34726904650107615
3,Structured,0.2,0.3,0.21155555555555555,0.33525,0.3226876843469151,0.3479752445063623
3,Structured,0.2,0.45,0.21155555555555555,0.3361,0.3235293591378886,0.34883272882877614
3,Structured,0.3,0.0,0.31566666666666665,0.33485,0.32229161796409833,0.3475717066022349
3,Structured,0.3,0.15,0.31566666666666665,0.3392,0.32659938407320993,0.35195963717175544
3,Structured,0.3,0.3,0.31566666666666665,0.33995,0.32734222309786665,0.3527160562078779
3,Structured,0.3,0.45,0.31566666666666665,0.34075,0.3281346236967105,0.3535228642112486
4,MCAR,0.0,0.0,0.0,0.3161,0.3037375807192537,0.3286442942061563
4,MCAR,0.0,0.15,0.0,0.31905,0.3066552274141585,0.3316237287423318
4,MCAR,0.0,0.3,0.0,0.3209,0.3084852312742391,0.33349189450350364
4,MCAR,0.0,0.45,0.0,0.31735,0.3049738013146939,0.3299068368355924
4,MCAR,0.1,0.0,0.097,0.321,0.30858415681458445,0.3335928700245397
4,MCAR,0.1,0.15,0.097,0.324,0.31155222762650087,0.33662183109017974
4,MCAR,0.1,0.3,0.097,0.32475,0.3122943371596104,0.3373789795372659
4,MCAR,0.1,0.45,0.097,0.32175,0.30932611928544834,0.3343501655165161
4,MCAR,0.2,0.0,0.19611111111111112,0.32745,0.314966234051252,0.3401044114093908
4,MCAR,0.2,0.15,0.19611111111111112,0.3288,0.3163023594214711,0.3414669504413154
4,MCAR,0.2,0.3,0.19611111111111112,0.33035,0.31783657411083616,0.3430312023041052
4,MCAR,0.2,0.45,0.19611111111111112,0.32735,0.31486726648412083,0.3400034779102285
4,MCAR,0.3,0.0,0.2996666666666667,0.3345,0.3219450682216729,0.3472186025944842
4,MCAR,0.3,0.15,0.2996666666666667,0.33635,0.3237769192668205,0.34908492138118846
4,MCAR,0.3,0.3,0.2996666666666667,0.3384,0.32580706148502203,0.35115275116586114
4,MCAR,0.3,0.45,0.2996666666666667,0.3334,0.32085596264897615,0.3461087963864251
4,MAR,0.0,0.0,0.0,0.3161,0.3037375807192537,0.3286442942061563
4,MAR,0.0,0.15,0.0,0.31905,0.3066552274141585,0.3316237287423318
4,MAR,0.0,0.3,0.0,0.3209,0.3084852312742391,0.33349189450350364
4,MAR,0.0,0.45,0.0,0.31735,0.3049738013146939,0.3299068368355924
4,MAR,0.1,0.0,0.10122222222222223,0.3191,0.30670468401354845,0.33167422267288876
4,MAR,0.1,0.15,0.10122222222222223,0.32125,0.30883147353775925,0.3338453059551554
4,MAR,0.1,0.3,0.10122222222222223,0.32275,0.31031545991588017,0.3353598355100246
4,MAR,0.1,0.45,0.10122222222222223,0.3201,0.3076938506088838,0.3326840666806638
4,MAR,0.2,0.0,0.1981111111111111,0.32585,0.3133828306603088,0.33848939774855347
4,MAR,0.2,0.15,0.1981111111111111,0.32585,0.3133828306603088,0.33848939774855347
4,MAR,0.2,0.3,0.1981111111111111,0.32645,0.3139765874973577,0.33909504730369017
4,MAR,0.2,0.45,0.1981111111111111,0.32395,0.3115027549605471,0.33657135322427195
4,MAR,0.3,0.0,0.2995555555555556,0.33105,0.3185294958633126,0.3437375880324606
4,MAR,0.3,0.15,0.2995555555555556,0.33305,0.3205094452304919,0.34575566005824937
4,MAR,0.3,0.3,0.2995555555555556,0.33275,0.32021243652270914,0.3454529655552921
4,MAR,0.3,0.45,0.2995555555555556,0.327,0.3145208850925077,0.3396502055703995
4,MNAR,0.0,0.0,0.0,0.3161,0.3037375807192537,0.3286442942061563
4,MNAR,0.0,0.15,0.0,0.31905,0.3066552274141585,0.3316237287423318
4,MNAR,0.0,0.3,0.0,0.3209,0.3084852312742391,0.33349189450350364
4,MNAR,0.0,0.45,0.0,0.31735,0.3049738013146939,0.3299068368355924
4,MNAR,0.1,0.0,0.09977777777777778,0.3181,0.3057155833895122,0.3306643127018125
4,MNAR,0.1,0.15,0.09977777777777778,0.31985,0.3074465527842355,0.33243161185378867
4,MNAR,0.1,0.3,0.09977777777777778,0.3217,0.309276653973022,0.33429968029794954
4,MNAR,0.1,0.45,0.09977777777777778,0.3193,0.30690251206018265,0.33187619674624014
4,MNAR,0.2,0.0,0.1988888888888889,0.3223,0.3098702485318402,0.33490549211233167
4,MNAR,0.2,0.15,0.1988888888888889,0.32165,0.3092271888244659,0.334249194915533
4,MNAR,0.2,0.3,0.1988888888888889,0.3228,0.3103649286649587,0.3354103172923464
4,MNAR,0.2,0.45,0.1988888888888889,0.32,0.30759493098532764,0.3325830852435503
4,MNAR,0.3,0.0,0.3035555555555556,0.3259,0.3134323095048887,0.33853986943655356
4,MNAR,0.3,0.15,0.3035555555555556,0.32755,0.3150652022648783,0.34020534426212945
4,MNAR,0.3,0.3,0.3035555555555556,0.32815,0.3156590251145399,0.34081092781221295
4,MNAR,0.3,0.45,0.3035555555555556,0.32245,0.31001865085456853,0.3350569413833393
4,Structured,0.0,0.0,0.0,0.3161,0.3037375807192537,0.3286442942061563
4,Structured,0.0,0.15,0.0,0.31905,0.3066552274141585,0.3316237287423318
4,Structured,0.0,0.3,0.0,0.3209,0.3084852312742391,0.33349189450350364
4,Structured,0.0,0.45,0.0,0.31735,0.3049738013146939,0.3299068368355924
4,Structured,0.1,0.0,0.09733333333333333,0.3187,0.3063090358381418,0.3312702666092851
4,Structured,0.1,0.15,0.09733333333333333,0.32325,0.310810154758667,0.33586464598210725
4,Structured,0.1,0.3,0.09733333333333333,0.3252,0.3127396204513136,0.3378332510357278
4,Structured,0.1,0.45,0.09733333333333333,0.32165,0.3092271888244659,0.334249194915533
4,Structured,0.2,0.0,0.20066666666666666,0.3237,0.3112553940758189,0.3363189614499823
4,Structured,0.2,0.15,0.20066666666666666,0.3281,0.31560953898914385,0.3407604634041946
4,Structured,0.2,0.3,0.20066666666666666,0.3294,0.316896230642122,0.34207248562588954
4,Structured,0.2,0.45,0.20066666666666666,0.3267,0.31422399306660215,0.3393473943986484
4,Structured,0.3,0.0,0.3048888888888889,0.33035,0.31783657411083616,0.3430312023041052
4,Structured,0.3,0.15,0.3048888888888889,0.33485,0.32229161796409833,0.3475717066022349
4,Structured,0.3,0.3,0.3048888888888889,0.33585,0.3232818029707636,0.3485805323149824
4,Structured,0.3,0.45,0.3048888888888889,0.3334,0.32085596264897615,0.3461087963864251
5,MCAR,0.0,0.0,0.0,0.3133,0.3009688239874708,0.3258158213611384
5,MCAR,0.0,0.15,0.0,0.31755,0.3051716062264839,0.33010883404096775
5,MCAR,0.0,0.3,0.0,0.3192,0.3068035977070917,0.3317752100392973
5,MCAR,0.0,0.45,0.0,0.3184,0.3060123066399159,0.3309672926290978
5,MCAR,0.1,0.0,0.10077777777777777,0.31915,0.30675414077786645,0.3317247164385363
5,MCAR,0.1,0.15,0.10077777777777777,0.3217,0.309276653973022,0.33429968029794954
5,MCAR,0.1,0.3,0.10077777777777777,0.32415,0.3117006466020204,0.3367732637103564
5,MCAR,0.1,0.45,0.10077777777777777,0.32295,0.3105133358926994,0.33556176165892226
5,MCAR,0.2,0.0,0.19966666666666666,0.32765,0.3151641711248472,0.34030627646860007
5,MCAR,0.2,0.15,0.19966666666666666,0.33105,0.3185294958633126,0.3437375880324606
5,MCAR,0.2,0.3,0.19966666666666666,0.3347,0.3221430956920949,0.34742037726691705
5,MCAR,0.2,0.45,0.19966666666666666,0.3319,0.3193709430774139,0.34459529990691967
5,MCAR,0.3,0.0,0.29655555555555557,0.33735,0.32476719935708237,0.350093652020517
5,MCAR,0.3,0.15,0.29655555555555557,0.3399,0.3272926993955244,0.3526656293727201
5,MCAR,0.3,0.3,0.29655555555555557,0.34005,0.32744127097399256,0.3528169094068007
5,MCAR,0.3,0.45,0.29655555555555557,0.3387,0.3261041777289999,0.35145533814416746
5,MAR,0.0,0.0,0.0,0.3133,0.3009688239874708,0.3258158213611384
5,MAR,0.0,0.15,0.0,0.31755,0.3051716062264839,0.33010883404096775
5,MAR,0.0,0.3,0.0,0.3192,0.3068035977070917,0.3317752100392973
5,MAR,0.0,0.45,0.0,0.3184,0.3060123066399159,0.3309672926290978
5,MAR,0.1,0.0,0.10755555555555556,0.31725,0.30487489985264593,0.3298058372391819
5,MAR,0.1,0.15,0.10755555555555556,0.32,0.30759493098532764,0.3325830852435503
5,MAR,0.1,0.3,0.10755555555555556,0.32165,0.3092271888244659,0.334249194915533
5,MAR,0.1,0.45,0.10755555555555556,0.3204,0.30799061342733125,0.33298700704469797
5,MAR,0.2,0.0,0.204,0.325,0.31254171514039103,0.33763135421750073
5,MAR,0.2,0.15,0.204,0.3266,0.31412503035304107,0.33924645604647263
5,MAR,0.2,0.3,0.204,0.32895,0.31645082505285427,0.3416183364109931
5,MAR,0.2,0.45,0.204,0.32535,0.31288805114069757,0.3379846719434052
5,MAR,0.3,0.0,0.3078888888888889,0.3329,0.32036094015836897,0.3456043135249248
5,MAR,0.3,0.15,0.3078888888888889,0.3333,0.32075695687485883,0.34600790108998053
5,MAR,0.3,0.3,0.3078888888888889,0.3337,0.3211529837970146,0.34641147845048825
5,MAR,0.3,0.45,0.3078888888888889,0.3315,0.31897496215347154,0.34419167655325383
5,MNAR,0.0,0.0,0.0,0.3133,0.3009688239874708,0.3258158213611384
5,MNAR,0.0,0.15,0.0,0.31755,0.3051716062264839,0.33010883404096775
5,MNAR,0.0,0.3,0.0,0.3192,0.3068035977070917,0.3317752100392973
5,MNAR,0.0,0.45,0.0,0.3184,0.3060123066399159,0.3309672926290978
5,MNAR,0.1,0.0,0.105,0.31755,0.3051716062264839,0.33010883404096775
5,MNAR,0.1,0.15,0.105,0.3204,0.30799061342733125,0.33298700704469797
5,MNAR,0.1,0.3,0.105,0.3235,0.3110575083032626,0.33611704509566936
5,MNAR,0.1,0.45,0.105,0.32065,0.308237920297108,0.33323945282753253
5,MNAR,0.2,0.0,0.2008888888888889,0.3229,0.3104638666533882,0.3355112803667754
5,MNAR,0.2,0.15,0.2008888888888889,0.32215,0.30972184768178207,0.33475404136882747
5,MNAR,0.2,0.3,0.2008888888888889,0.32545,0.3129870057458007,0.33808561840310236
5,MNAR,0.2,0.45,0.2008888888888889,0.32235,0.309919715809147,0.3349559753662518
5,MNAR,0.3,0.0,0.30044444444444446,0.3279,0.31541159610152775,0.34055860415834194
5,MNAR,0.3,0.15,0.30044444444444446,0.32905,0.31654980294576396,0.3417192595855475
5,MNAR,0.3,0.3,0.30044444444444446,0.3297,0.31719317494252314,0.3423752445290792
5,MNAR,0.3,0.45,0.30044444444444446,0.3259,0.3134323095048887,0.33853986943655356
5,Structured,0.0,0.0,0.0,0.3133,0.3009688239874708,0.3258158213611384
5,Structured,0.0,0.15,0.0,0.31755,0.3051716062264839,0.33010883404096775
5,Structured,0.0,0.3,0.0,0.3192,0.3068035977070917,0.3317752100392973
5,Structured,0.0,0.45,0.0,0.3184,0.3060123066399159,0.3309672926290978
5,Structured,0.1,0.0,0.09666666666666666,0.31995,0.3075454714203776,0.3325325942781964
5,Structured,0.1,0.15,0.09666666666666666,0.3211,0.3086830830115387,0.33369384488904247
5,Structured,0.1,0.3,0.09666666666666666,0.32495,0.3124922392190244,0.3375808796066246
5,Structured,0.1,0.45,0.09666666666666666,0.3243,0.3118490670436204,0.3369246948646256
5,Structured,0.2,0.0,0.19855555555555557,0.3248,0.3123438124305175,0.3374294547985224
5,Structured,0.2,0.15,0.19855555555555557,0.3286,0.3161044075019812,0.34126510022631174
5,Structured,0.2,0.3,0.19855555555555557,0.33195,0.3194204414129606,0.3446457521061544
5,Structured,0.2,0.45,0.19855555555555557,0.331,0.3184800004100062,0.3436871329513058
5,Structured,0.3,0.0,0.29577777777777775,0.32865,0.3161538952401174,0.34131556302177296
5,Structured,0.3,0.15,0.29577777777777775,0.3338,0.3212519921211129,0.34651237119722933
5,Structured,0.3,0.3,0.29577777777777775,0.33725,0.32466816850108343,0.3499927818032549
5,Structured,0.3,0.45,0.29577777777777775,0.3343,0.32174704329581805,0.34701682537776113
6,MCAR,0.0,0.0,0.0,0.31175,0.29943634484546244,0.324249834158681
6,MCAR,0.0,0.15,0.0,0.31925,0.30685305480120445,0.3318257034751922
6,MCAR,0.0,0.3,0.0,0.3207,0.30828738216402635,0.3332899414911948
6,MCAR,0.0,0.45,0.0,0.3161,0.3037375807192537,0.3286442942061563
6,MCAR,0.1,0.0,0.10111111111111111,0.3203,0.3078916918300486,0.33288602758107433
6,MCAR,0.1,0.15,0.10111111111111111,0.3281,0.31560953898914385,0.3407604634041946
6,MCAR,0.1,0.3,0.10111111111111111,0.32695,0.3144714026835909,0.3395997374463271
6,MCAR,0.1,0.45,0.10111111111111111,0.3223,0.3098702485318402,0.33490549211233167
6,MCAR,0.2,0.0,0.1988888888888889,0.32885,0.3163518478041754,0.3415174125922792
6,MCAR,0.2,0.15,0.1988888888888889,0.3374,0.3248167150221488,0.35014408689210674
6,MCAR,0.2,0.3,0.1988888888888889,0.33605,0.3234798475874499,0.34878228984299786
6,MCAR,0.2,0.45,0.1988888888888889,0.32965,0.3171436838237346,0.3423247851138899
6,MCAR,0.3,0.0,0.304,0.33595,0.32338082496205833,0.3486814113960058
6,MCAR,0.3,0.15,0.304,0.3434,0.3307597371708195,0.3561951292614397
6,MCAR,0.3,0.3,0.304,0.3409,0.3282832032822756,0.35367413623906246
6,MCAR,0.3,0.45,0.304,0.336,0.3234303361955002,0.34873185069874685
6,MAR,0.0,0.0,0.0,0.31175,0.29943634484546244,0.324249834158681
6,MAR,0.0,0.15,0.0,0.31925,0.30685305480120445,0.3318257034751922
6,MAR,0.0,0.3,0.0,0.3207,0.30828738216402635,0.3332899414911948
6,MAR,0.0,0.45,0.0,0.3161,0.3037375807192537,0.3286442942061563
6,MAR,0.1,0.0,0.099,0.31845,0.30606176109336536,0.3310177887053345
6,MAR,0.1,0.15,0.099,0.32525,0.31278909718531367,0.33788372483406354
6,MAR,0.1,0.3,0.099,0.32415,0.3117006466020204,0.3367732637103564
6,MAR,0.1,0.45,0.099,0.31905,0.3066552274141585,0.3316237287423318
6,MAR,0.2,0.0,0.19877777777777778,0.32475,0.3122943371596104,0.3373789795372659
6,MAR,0.2,0.15,0.19877777777777778,0.3329,0.32036094015836897,0.3456043135249248
6,MAR,0.2,0.3,0.19877777777777778,0.33105,0.3185294958633126,0.3437375880324606
6,MAR,0.2,0.45,0.19877777777777778,0.3246,0.31214591232294264,0.3372275527775519
6,MAR,0.3,0.0,0.3055555555555556,0.3333,0.32075695687485883,0.34600790108998053
6,MAR,0.3,0.15,0.3055555555555556,0.3403,0.32768889341359947,0.3530690396551007
6,MAR,0.3,0.3,0.3055555555555556,0.3372,0.32461865331018463,0.34994234645754724
6,MAR,0.3,0.45,0.3055555555555556,0.3296,0.31709419286574375,0.3422743255379227
6,MNAR,0.0,0.0,0.0,0.31175,0.29943634484546244,0.324249834158681
6,MNAR,0.0,0.15,0.0,0.31925,0.30685305480120445,0.3318257034751922
6,MNAR,0.0,0.3,0.0,0.3207,0.30828738216402635,0.3332899414911948
6,MNAR,0.0,0.45,0.0,0.3161,0.3037375807192537,0.3286442942061563
6,MNAR,0.1,0.0,0.09755555555555556,0.31675,0.3043804024875723,0.3293008293131772
6,MNAR,0.1,0.15,0.09755555555555556,0.3238,0.31135433794062406,0.33641991864872695
6,MNAR,0.1,0.3,0.09755555555555556,0.3228,0.3103649286649587,0.3354103172923464
6,MNAR,0.1,0.45,0.09755555555555556,0.3181,0.3057155833895122,0.3306643127018125
6,MNAR,0.2,0.0,0.2008888888888889,0.32165,0.3092271888244659,0.334249194915533
6,MNAR,0.2,0.15,0.2008888888888889,0.327,0.3145208850925077,0.3396502055703995
6,MNAR,0.2,0.3,0.2008888888888889,0.32555,0.3130859610004692,0.3381865642133123
6,MNAR,0.2,0.45,0.2008888888888889,0.3214,0.3089798655404435,0.3339967655449826
6,MNAR,0.3,0.0,0.303,0.326,0.3135312676806795,0.33864081232597587
6,MNAR,0.3,0.15,0.303,0.33115,0.31862848725074827,0.343838497714001
6,MNAR,0.3,0.3,0.303,0.3292,0.3166982709927386,0.3418706431399064
6,MNAR,0.3,0.45,0.303,0.3247,0.3122448620513657,0.33732850411336474
6,Structured,0.0,0.0,0.0,0.31175,0.29943634484546244,0.324249834158681
6,Structured,0.0,0.15,0.0,0.31925,0.30685305480120445,0.3318257034751922
6,Structured,0.0,0.3,0.0,0.3207,0.30828738216402635,0.3332899414911948
6,Structured,0.0,0.45,0.0,0.3161,0.3037375807192537,0.3286442942061563
6,Structured,0.1,0.0,0.09533333333333334,0.31805,0.30566613009301946,0.3306138154687596
6,Structured,0.1,0.15,0.09533333333333334,0.3263,0.3138281460997241,0.33894363710302455
6,Structured,0.1,0.3,0.09533333333333334,0.32635,0.3138776264035645,0.3389941073319325
6,Structured,0.1,0.45,0.09533333333333334,0.32085,0.30843576875034673,0.3334414064967375
6,Structured,0.2,0.0,0.19311111111111112,0.3243,0.3118490670436204,0.3369246948646256
6,Structured,0.2,0.15,0.19311111111111112,0.3299,0.31739114102527166,0.3425770805824189
6,Structured,0.2,0.3,0.19311111111111112,0.3315,0.31897496215347154,0.34419167655325383
6,Structured,0.2,0.45,0.19311111111111112,0.32755,0.3150652022648783,0.34020534426212945
6,Structured,0.3,0.0,0.293,0.333,0.32045994338020733,0.3457052113733676
6,Structured,0.3,0.15,0.293,0.33795,0.32536139776347517,0.3506988600551007
6,Structured,0.3,0.3,0.293,0.33865,0.32605465796096494,0.35140490737511515
6,Structured,0.3,0.45,0.293,0.33515,0.32258866679823694,0.34787436098320296
7,MCAR,0.0,0.0,0.0,0.3182,0.30581449047850173,0.3307653066719727
7,MCAR,0.0,0.15,0.0,0.32125,0.30883147353775925,0.3338453059551554
7,MCAR,0.0,0.3,0.0,0.31895,0.3065563147102445,0.33152274038641333
7,MCAR,0.0,0.45,0.0,0.3143,0.3019576056158285,0.3268260502884005
7,MCAR,0.1,0.0,0.10266666666666667,0.32535,0.31288805114069757,0.3379846719434052
7,MCAR,0.1,0.15,0.10266666666666667,0.32825,0.31575799784938813,0.340911856144246
7,MCAR,0.1,0.3,0.10266666666666667,0.32515,0.31269014387980226,0.33778277707492377
7,MCAR,0.1,0.45,0.10266666666666667,0.322,0.3095734483049318,0.33460258915229024
7,MCAR,0.2,0.0,0.2038888888888889,0.3305,0.317985054696365,0.34318257332131685
7,MCAR,0.2,0.15,0.2038888888888889,0.33365,0.32110347987393667,0.3463610318381725
7,MCAR,0.2,0.3,0.2038888888888889,0.33085,0.3183315150119477,0.343535766746089
7,MCAR,0.2,0.45,0.2038888888888889,0.32775,0.31526314063100913,0.3404072080289534
7,MCAR,0.3,0.0,0.3028888888888889,0.3382,0.32560898714236963,0.3509510233606552
7,MCAR,0.3,0.15,0.3028888888888889,0.34115,0.32853083906135855,0.3539262531492663
7,MCAR,0.3,0.3,0.3028888888888889,0.33795,0.32536139776347517,0.3506988600551007
7,MCAR,0.3,0.45,0.3028888888888889,0.33725,0.32466816850108343,0.3499927818032549
7,MAR,0.0,0.0,0.0,0.3182,0.30581449047850173,0.3307653066719727
7,MAR,0.0,0.15,0.0,0.32125,0.30883147353775925,0.3338453059551554
7,MAR,0.0,0.3,0.0,0.31895,0.3065563147102445,0.33152274038641333
7,MAR,0.0,0.45,0.0,0.3143,0.3019576056158285,0.3268260502884005
7,MAR,0.1,0.0,0.10355555555555555,0.3232,0.3107606845394268,0.3358141656697754
7,MAR,0.1,0.15,0.10355555555555555,0.3258,0.31333335197796613,0.3384389258983372
7,MAR,0.1,0.3,0.10355555555555555,0.32335,0.31090909568688696,0.3359656061170938
7,MAR,0.1,0.45,0.10355555555555555,0.31885,0.3064574026662897,0.3314217513706159
7,MAR,0.2,0.0,0.20477777777777778,0.327,0.3145208850925077,0.3396502055703995
7,MAR,0.2,0.15,0.20477777777777778,0.3295,0.3169952114322278,0.34217340590357503
7,MAR,0.2,0.3,0.20477777777777778,0.3283,0.3158074844588031,0.34096232006829874
7,MAR,0.2,0.45,0.20477777777777778,0.32485,0.31239328786407033,0.33747992989715636
7,MAR,0.3,0.0,0.3002222222222222,0.3338,0.3212519921211129,0.34651237119722933
7,MAR,0.3,0.15,0.3002222222222222,0.33605,0.3234798475874499,0.34878228984299786
7,MAR,0.3,0.3,0.3002222222222222,0.33235,0.3198164338540427,0.34504936394395325
7,MAR,0.3,0.45,0.3002222222222222,0.32885,0.3163518478041754,0.3415174125922792
7,MNAR,0.0,0.0,0.0,0.3182,0.30581449047850173,0.3307653066719727
7,MNAR,0.0,0.15,0.0,0.32125,0.30883147353775925,0.3338453059551554
7,MNAR,0.0,0.3,0.0,0.31895,0.3065563147102445,0.33152274038641333
7,MNAR,0.0,0.45,0.0,0.3143,0.3019576056158285,0.3268260502884005
7,MNAR,0.1,0.0,0.10377777777777777,0.3234,0.3109585663958255,0.3360160859397857
7,MNAR,0.1,0.15,0.10377777777777777,0.32665,0.3141745116288572,0.3392969253035149
7,MNAR,0.1,0.3,0.10377777777777777,0.3231,0.3106617445907809,0.33571320455533077
7,MNAR,0.1,0.45,0.10377777777777777,0.3183,0.3059133982286917,0.33086629998101325
7,MNAR,0.2,0.0,0.203,0.32405,0.3116017004554097,0.33667230879315
7,MNAR,0.2,0.15,0.203,0.32765,0.3151641711248472,0.34030627646860007
7,MNAR,0.2,0.3,0.203,0.3242,0.31175011991968216,0.3368237409246318
7,MNAR,0.2,0.45,0.203,0.3215,0.30907879436222013,0.33409773778497565
7,MNAR,0.3,0.0,0.3055555555555556,0.32475,0.3122943371596104,0.3373789795372659
7,MNAR,0.3,0.15,0.3055555555555556,0.3294,0.316896230642122,0.34207248562588954
7,MNAR,0.3,0.3,0.3055555555555556,0.32725,0.3147682995636376,0.33990254376449286
7,MNAR,0.3,0.45,0.3055555555555556,0.32535,0.31288805114069757,0.3379846719434052
7,Structured,0.0,0.0,0.0,0.3182,0.30581449047850173,0.3307653066719727
7,Structured,0.0,0.15,0.0,0.32125,0.30883147353775925,0.3338453059551554
7,Structured,0.0,0.3,0.0,0.31895,0.3065563147102445,0.33152274038641333
7,Structured,0.0,0.45,0.0,0.3143,0.3019576056158285,0.3268260502884005
7,Structured,0.1,0.0,0.09544444444444444,0.32195,0.30952398217345584,0.33455210475267594
7,Structured,0.1,0.15,0.09544444444444444,0.32645,0.3139765874973577,0.33909504730369017
7,Structured,0.1,0.3,0.09544444444444444,0.324,0.31155222762650087,0.33662183109017974
7,Structured,0.1,0.45,0.09544444444444444,0.32015,0.307743310667449,0.3327345571524627
7,Structured,0.2,0.0,0.19655555555555557,0.32895,0.31645082505285427,0.3416183364109931
7,Structured,0.2,0.15,0.19655555555555557,0.3336,0.3210539761101969,0.3463105850665359
7,Structured,0.2,0.3,0.19655555555555557,0.33175,0.31922244903066566,0.3444439423494328
7,Structured,0.2,0.45,0.19655555555555557,0.32705,0.3145703676632196,0.3397006735326953
7,Structured,0.3,0.0,0.2936666666666667,0.3314,0.318875968523273,0.34409076911422815
7,Structured,0.3,0.15,0.2936666666666667,0.33645,0.32387594442721,0.34918579729345384
7,Structured,0.3,0.3,0.2936666666666667,0.3358,0.3232322922129473,0.34853009253666667
7,Structured,0.3,0.45,0.2936666666666667,0.33195,0.3194204414129606,0.3446457521061544
8,MCAR,0.0,0.0,0.0,0.31835,0.30596285235168447,0.3309167963876641
8,MCAR,0.0,0.15,0.0,0.3173,0.30492435050083094,0.3298563371202153
8,MCAR,0.0,0.3,0.0,0.31735,0.3049738013146939,0.3299068368355924
8,MCAR,0.0,0.45,0.0,0.3118,0.29948577713902874,0.3243003523920338
8,MCAR,0.1,0.0,0.09833333333333333,0.32475,0.3122943371596104,0.3373789795372659
8,MCAR,0.1,0.15,0.09833333333333333,0.3233,0.31085962514116033,0.33591512613120683
8,MCAR,0.1,0.3,0.09833333333333333,0.3214,0.3089798655404435,0.3339967655449826
8,MCAR,0.1,0.45,0.09833333333333333,0.3174,0.3050232522942112,0.3299573363853365
8,MCAR,0.2,0.0,0.19766666666666666,0.33035,0.31783657411083616,0.3430312023041052
8,MCAR,0.2,0.15,0.19766666666666666,0.33035,0.31783657411083616,0.3430312023041052
8,MCAR,0.2,0.3,0.19766666666666666,0.33115,0.31862848725074827,0.343838497714001
8,MCAR,0.2,0.45,0.19766666666666666,0.32535,0.31288805114069757,0.3379846719434052
8,MCAR,0.3,0.0,0.298,0.33605,0.3234798475874499,0.34878228984299786
8,MCAR,0.3,0.15,0.298,0.3396,0.32699556048262224,0.3523630650609655
8,MCAR,0.3,0.3,0.298,0.33925,0.3266489055736426,0.35201006620859243
8,MCAR,0.3,0.45,0.298,0.3349,0.322341125705946,0.3476221493961955
8,MAR,0.0,0.0,0.0,0.31835,0.30596285235168447,0.3309167963876641
8,MAR,0.0,0.15,0.0,0.3173,0.30492435050083094,0.3298563371202153
8,MAR,0.0,0.3,0.0,0.31735,0.3049738013146939,0.3299068368355924
8,MAR,0.0,0.45,0.0,0.3118,0.29948577713902874,0.3243003523920338
8,MAR,0.1,0.0,0.09588888888888888,0.3229,0.3104638666533882,0.3355112803667754
8,MAR,0.1,0.15,0.09588888888888888,0.32195,0.30952398217345584,0.33455210475267594
8,MAR,0.1,0.3,0.09588888888888888,0.3194,0.3070014270726545,0.33197718279387894
8,MAR,0.1,0.45,0.09588888888888888,0.3159,0.30353979505394885,0.32844227775667
8,MAR,0.2,0.0,0.1988888888888889,0.32665,0.3141745116288572,0.3392969253035149
8,MAR,0.2,0.15,0.1988888888888889,0.327,0.3145208850925077,0.3396502055703995
8,MAR,0.2,0.3,0.1988888888888889,0.32735,0.31486726648412083,0.3400034779102285
8,MAR,0.2,0.45,0.1988888888888889,0.3205,0.308089535682197,0.33308798585081767
8,MAR,0.3,0.0,0.2981111111111111,0.3324,0.3198659336284951,0.3450998147044394
8,MAR,0.3,0.15,0.2981111111111111,0.33255,0.3200144339105071,0.3452511660273507
8,MAR,0.3,0.3,0.2981111111111111,0.3326,0.32006393432400243,0.3453016161488649
8,MAR,0.3,0.45,0.2981111111111111,0.32715,0.3146693332899524,0.33980160897203326
8,MNAR,0.0,0.0,0.0,0.31835,0.30596285235168447,0.3309167963876641
8,MNAR,0.0,0.15,0.0,0.3173,0.30492435050083094,0.3298563371202153
8,MNAR,0.0,0.3,0.0,0.31735,0.3049738013146939,0.3299068368355924
8,MNAR,0.0,0.45,0.0,0.3118,0.29948577713902874,0.3243003523920338
8,MNAR,0.1,0.0,0.09911111111111111,0.3218,0.3093755847617249,0.3344006505712535
8,MNAR,0.1,0.15,0.09911111111111111,0.32065,0.308237920297108,0.33323945282753253
8,MNAR,0.1,0.3,0.09911111111111111,0.3184,0.3060123066399159,0.3309672926290978
8,MNAR,0.1,0.45,0.09911111111111111,0.3145,0.30215536996072984,0.3270280880556323
8,MNAR,0.2,0.0,0.20033333333333334,0.32375,0.311304865926694,0.3363694401308725
8,MNAR,0.2,0.15,0.20033333333333334,0.3245,0.31204696324540676,0.3371266007909284
8,MNAR,0.2,0.3,0.20033333333333334,0.3234,0.3109585663958255,0.3360160859397857
8,MNAR,0.2,0.45,0.20033333333333334,0.3201,0.3076938506088838,0.3326840666806638
8,MNAR,0.3,0.0,0.30277777777777776,0.32765,0.3151641711248472,0.34030627646860007
8,MNAR,0.3,0.15,0.30277777777777776,0.3278,0.31531262562636336,0.3404576735668829
8,MNAR,0.3,0.3,0.30277777777777776,0.32695,0.3144714026835909,0.3395997374463271
8,MNAR,0.3,0.45,0.30277777777777776,0.32495,0.3124922392190244,0.3375808796066246
8,Structured,0.0,0.0,0.0,0.31835,0.30596285235168447,0.3309167963876641
8,Structured,0.0,0.15,0.0,0.3173,0.30492435050083094,0.3298563371202153
8,Structured,0.0,0.3,0.0,0.31735,0.3049738013146939,0.3299068368355924
8,Structured,0.0,0.45,0.0,0.3118,0.29948577713902874,0.3243003523920338
8,Structured,0.1,0.0,0.10666666666666667,0.32525,0.31278909718531367,0.33788372483406354
8,Structured,0.1,0.15,0.10666666666666667,0.32405,0.3116017004554097,0.33667230879315
8,Structured,0.1,0.3,0.10666666666666667,0.32395,0.3115027549605471,0.33657135322427195
8,Structured,0.1,0.45,0.10666666666666667,0.31925,0.30685305480120445,0.3318257034751922
8,Structured,0.2,0.0,0.207,0.32985,0.31734164926348135,0.3425266218101593
8,Structured,0.2,0.15,0.207,0.3319,0.3193709430774139,0.34459529990691967
8,Structured,0.2,0.3,0.207,0.33035,0.31783657411083616,0.3430312023041052
8,Structured,0.2,0.45,0.207,0.32595,0.3134817885116856,0.3385903409623554
8,Structured,0.3,0.0,0.3051111111111111,0.33565,0.32308376089103114,0.3483787722502873
8,Structured,0.3,0.15,0.3051111111111111,0.3383,0.3257080239982715,0.35105188757864925
8,Structured,0.3,0.3,0.3051111111111111,0.33635,0.3237769192668205,0.34908492138118846
8,Structured,0.3,0.45,0.3051111111111111,0.33095,0.3184305051169964,0.3436366777098722
9,MCAR,0.0,0.0,0.0,0.3196,0.3071992590750897,0.3321791529119073
9,MCAR,0.0,0.15,0.0,0.32275,0.31031545991588017,0.3353598355100246
9,MCAR,0.0,0.3,0.0,0.32705,0.3145703676632196,0.3397006735326953
9,MCAR,0.0,0.45,0.0,0.3248,0.3123438124305175,0.3374294547985224
9,MCAR,0.1,0.0,0.10188888888888889,0.32755,0.3150652022648783,0.34020534426212945
9,MCAR,0.1,0.15,0.10188888888888889,0.33085,0.3183315150119477,0.343535766746089
9,MCAR,0.1,0.3,0.10188888888888889,0.33445,0.3218955617516131,0.3471681585288741
9,MCAR,0.1,0.45,0.10188888888888889,0.33235,0.3198164338540427,0.34504936394395325
9,MCAR,0.2,0.0,0.20333333333333334,0.3321,0.3195689373792323,0.3447971077443297
9,MCAR,0.2,0.15,0.20333333333333334,0.33605,0.3234798475874499,0.34878228984299786
9,MCAR,0.2,0.3,0.20333333333333334,0.3416,0.32897659333766704,0.3543800537146927
9,MCAR,0.2,0.45,0.20333333333333334,0.33895,0.3263517789324707,0.3517074896263899
9,MCAR,0.3,0.0,0.3055555555555556,0.3428,0.3301653333897365,0.35559012658026456
9,MCAR,0.3,0.15,0.3055555555555556,0.3458,0.3331375766734826,0.35861491563042275
9,MCAR,0.3,0.3,0.3055555555555556,0.34885,0.336159930251866,0.3616895449817646
9,MCAR,0.3,0.45,0.3055555555555556,0.3445,0.3318495357644845,0.3573042425211477
9,MAR,0.0,0.0,0.0,0.3196,0.3071992590750897,0.3321791529119073
9,MAR,0.0,0.15,0.0,0.32275,0.31031545991588017,0.3353598355100246
9,MAR,0.0,0.3,0.0,0.32705,0.3145703676632196,0.3397006735326953
9,MAR,0.0,0.45,0.0,0.3248,0.3123438124305175,0.3374294547985224
9,MAR,0.1,0.0,0.10377777777777777,0.3238,0.31135433794062406,0.33641991864872695
9,MAR,0.1,0.15,0.10377777777777777,0.3267,0.31422399306660215,0.3393473943986484
9,MAR,0.1,0.3,0.10377777777777777,0.32915,0.31664878148275777,0.3418201821160919
9,MAR,0.1,0.45,0.10377777777777777,0.32895,0.31645082505285427,0.3416183364109931
9,MAR,0.2,0.0,0.207,0.3306,0.3180840425558255,0.3432834865304386
9,MAR,0.2,0.15,0.207,0.3337,0.3211529837970146,0.34641147845048825
9,MAR,0.2,0.3,0.207,0.33535,0.3227867025306751,0.3480761273945113
9,MAR,0.2,0.45,0.207,0.33385,0.32130149652209694,0.34656281733168964
9,MAR,0.3,0.0,0.3128888888888889,0.3381,0.3255099509174533,0.35085015851174206
9,MAR,0.3,0.15,0.3128888888888889,0.3398,0.32719365246236565,0.352564775230928
9,MAR,0.3,0.3,0.3128888888888889,0.3424,0.3297690766972237,0.3551867789658755
9,MAR,0.3,0.45,0.3128888888888889,0.33875,0.32615369765461066,0.351505768755663
9,MNAR,0.0,0.0,0.0,0.3196,0.3071992590750897,0.3321791529119073
9,MNAR,0.0,0.15,0.0,0.32275,0.31031545991588017,0.3353598355100246
9,MNAR,0.0,0.3,0.0,0.32705,0.3145703676632196,0.3397006735326953
9,MNAR,0.0,0.45,0.0,0.3248,0.3123438124305175,0.3374294547985224
9,MNAR,0.1,0.0,0.10122222222222223,0.32515,0.31269014387980226,0.33778277707492377
9,MNAR,0.1,0.15,0.10122222222222223,0.3272,0.3147188163459344,0.3398520764491144
9,MNAR,0.1,0.3,0.10122222222222223,0.3296,0.31709419286574375,0.3422743255379227
9,MNAR,0.1,0.45,0.10122222222222223,0.32805,0.31556005302512685,0.3407099988348175
9,MNAR,0.2,0.0,0.20366666666666666,0.3273,0.3148177829430392,0.33995301091819224
9,MNAR,0.2,0.15,0.20366666666666666,0.3303,0.317787080903377,0.34298074497735426
9,MNAR,0.2,0.3,0.20366666666666666,0.3339,0.321351001082349,0.3466132633069022
9,MNAR,0.2,0.45,0.20366666666666666,0.33195,0.3194204414129606,0.3446457521061544
9,MNAR,0.3,0.0,0.3041111111111111,0.33055,0.3180345485458626,0.3432330300061011
9,MNAR,0.3,0.15,0.3041111111111111,0.3335,0.32095496906080306,0.3462096910452284
9,MNAR,0.3,0.3,0.3041111111111111,0.3369,0.32432156548528984,0.34963973106316015
9,MNAR,0.3,0.45,0.3041111111111111,0.33465,0.3220935885859981,0.3473699338372746
9,Structured,0.0,0.0,0.0,0.3196,0.3071992590750897,0.3321791529119073
9,Structured,0.0,0.15,0.0,0.32275,0.31031545991588017,0.3353598355100246
9,Structured,0.0,0.3,0.0,0.32705,0.3145703676632196,0.3397006735326953
9,Structured,0.0,0.45,0.0,0.3248,0.3123438124305175,0.3374294547985224
9,Structured,0.1,0.0,0.10266666666666667,0.32565,0.31318491690454625,0.3382875093741882
9,Structured,0.1,0.15,0.10266666666666667,0.32845,0.3159559452547863,0.3411137108728301
9,Structured,0.1,0.3,0.10266666666666667,0.33185,0.31932144490183817,0.34454484754773257
9,Structured,0.1,0.45,0.10266666666666667,0.33125,0.31872747927915807,0.3439394067546398
9,Structured,0.2,0.0,0.20177777777777778,0.33045,0.31793556100734865,0.34313211647606845
9,Structured,0.2,0.15,0.20177777777777778,0.3344,0.3218460554406035,0.3471177143042298
9,Structured,0.2,0.3,0.20177777777777778,0.3378,0.32521284602998723,0.35054756017811983
9,Structured,0.2,0.45,0.20177777777777778,0.33495,0.3223906336066882,0.34767259203127926
9,Structured,0.3,0.0,0.3045555555555556,0.33675,0.32417302370822676,0.3494884212308094
9,Structured,0.3,0.15,0.3045555555555556,0.34005,0.32744127097399256,0.3528169094068007
9,Structured,0.3,0.3,0.3045555555555556,0.34185,0.32922424008414036,0.35463215965863537
9,Structured,0.3,0.45,0.3045555555555556,0.3409,0.3282832032822756,0.35367413623906246
10,MCAR,0.0,0.0,0.0,0.31465,0.3023036949715725,0.32717961462911005
10,MCAR,0.0,0.15,0.0,0.31825,0.30586394427095553,0.33081580340912303
10,MCAR,0.0,0.3,0.0,0.31815,0.305765036851346,0.33071480976954304
10,MCAR,0.0,0.45,0.0,0.31605,0.30368813405360173,0.32859379034307984
10,MCAR,0.1,0.0,0.10044444444444445,0.32395,0.3115027549605471,0.33657135322427195
10,MCAR,0.1,0.15,0.10044444444444445,0.3271,0.3146198503957075,0.33975114133323275
10,MCAR,0.1,0.3,0.10044444444444445,0.3262,0.31372918597825206,0.3388426961590586
10,MCAR,0.1,0.45,0.10044444444444445,0.32405,0.3116017004554097,0.33667230879315
10,MCAR,0.2,0.0,0.20155555555555554,0.33005,0.3175396172747891,0.34272845593515533
10,MCAR,0.2,0.15,0.20155555555555554,0.33385,0.32130149652209694,0.34656281733168964
10,MCAR,0.2,0.3,0.20155555555555554,0.3321,0.3195689373792323,0.3447971077443297
10,MCAR,0.2,0.45,0.20155555555555554,0.33065,0.3181335367262336,0.34333394289435043
10,MCAR,0.3,0.0,0.3022222222222222,0.33095,0.3184305051169964,0.3436366777098722
10,MCAR,0.3,0.15,0.3022222222222222,0.33685,0.3242720514013851,0.34958929461057675
10,MCAR,0.3,0.3,0.3022222222222222,0.33585,0.3232818029707636,0.3485805323149824
10,MCAR,0.3,0.45,0.3022222222222222,0.33445,0.3218955617516131,0.3471681585288741
10,MAR,0.0,0.0,0.0,0.31465,0.3023036949715725,0.32717961462911005
10,MAR,0.0,0.15,0.0,0.31825,0.30586394427095553,0.33081580340912303
10,MAR,0.0,0.3,0.0,0.31815,0.305765036851346,0.33071480976954304
10,MAR,0.0,0.45,0.0,0.31605,0.30368813405360173,0.32859379034307984
10,MAR,0.1,0.0,0.09688888888888889,0.3213,0.3088809373746293,0.33389579264910246
10,MAR,0.1,0.15,0.09688888888888889,0.32545,0.3129870057458007,0.33808561840310236
10,MAR,0.1,0.3,0.09688888888888889,0.324,0.31155222762650087,0.33662183109017974
10,MAR,0.1,0.45,0.09688888888888889,0.3216,0.3091777238398001,0.33419870936924484
10,MAR,0.2,0.0,0.19933333333333333,0.3255,0.31303648329194955,0.3381360913893841
10,MAR,0.2,0.15,0.19933333333333333,0.32955,0.31704470206856833,0.3422238658011565
10,MAR,0.2,0.3,0.19933333333333333,0.32565,0.31318491690454625,0.3382875093741882
10,MAR,0.2,0.45,0.19933333333333333,0.32575,0.3132838734578776,0.3383884538858833
10,MAR,0.3,0.0,0.30033333333333334,0.3292,0.3166982709927386,0.3418706431399064
10,MAR,0.3,0.15,0.30033333333333334,0.33125,0.31872747927915807,0.3439394067546398
10,MAR,0.3,0.3,0.30033333333333334,0.3285,0.31600543250929736,0.34116417415185946
10,MAR,0.3,0.45,0.30033333333333334,0.32875,0.3162528711998803,0.3414164881292556
10,MNAR,0.0,0.0,0.0,0.31465,0.3023036949715725,0.32717961462911005
10,MNAR,0.0,0.15,0.0,0.31825,0.30586394427095553,0.33081580340912303
10,MNAR,0.0,0.3,0.0,0.31815,0.305765036851346,0.33071480976954304
10,MNAR,0.0,0.45,0.0,0.31605,0.30368813405360173,0.32859379034307984
10,MNAR,0.1,0.0,0.10011111111111111,0.31815,0.305765036851346,0.33071480976954304
10,MNAR,0.1,0.15,0.10011111111111111,0.32075,0.3083368441952209,0.3333404299906028
10,MNAR,0.1,0.3,0.10011111111111111,0.3194,0.3070014270726545,0.33197718279387894
10,MNAR,0.1,0.45,0.10011111111111111,0.3186,0.30621012544480636,0.3311692759430689
10,MNAR,0.2,0.0,0.2028888888888889,0.322,0.3095734483049318,0.33460258915229024
10,MNAR,0.2,0.15,0.2028888888888889,0.32395,0.3115027549605471,0.33657135322427195
10,MNAR,0.2,0.3,0.2028888888888889,0.32165,0.3092271888244659,0.334249194915533
10,MNAR,0.2,0.45,0.2028888888888889,0.3204,0.30799061342733125,0.33298700704469797
10,MNAR,0.3,0.0,0.3025555555555556,0.3226,0.3101670546494279,0.33520838918239104
10,MNAR,0.3,0.15,0.3025555555555556,0.32405,0.3116017004554097,0.33667230879315
10,MNAR,0.3,0.3,0.3025555555555556,0.322,0.3095734483049318,0.33460258915229024
10,MNAR,0.3,0.45,0.3025555555555556,0.32125,0.30883147353775925,0.3338453059551554
10,Structured,0.0,0.0,0.0,0.31465,0.3023036949715725,0.32717961462911005
10,Structured,0.0,0.15,0.0,0.31825,0.30586394427095553,0.33081580340912303
10,Structured,0.0,0.3,0.0,0.31815,0.305765036851346,0.33071480976954304
10,Structured,0.0,0.45,0.0,0.31605,0.30368813405360173,0.32859379034307984
10,Structured,0.1,0.0,0.10188888888888889,0.32075,0.3083368441952209,0.3333404299906028
10,Structured,0.1,0.15,0.10188888888888889,0.3234,0.3109585663958255,0.3360160859397857
10,Structured,0.1,0.3,0.10188888888888889,0.3251,0.3126406674707984,0.33773230295162904
10,Structured,0.1,0.45,0.10188888888888889,0.32435,0.31189854084985774,0.33697517159038165
10,Structured,0.2,0.0,0.2021111111111111,0.3251,0.3126406674707984,0.33773230295162904
10,Structured,0.2,0.15,0.2021111111111111,0.3293,0.3167972504955747,0.3419715647047166
10,Structured,0.2,0.3,0.2021111111111111,0.32995,0.3174406329477638,0.3426275391939923
10,Structured,0.2,0.45,0.2021111111111111,0.32895,0.31645082505285427,0.3416183364109931
10,Structured,0.3,0.0,0.3045555555555556,0.3271,0.3146198503957075,0.33975114133323275
10,Structured,0.3,0.15,0.3045555555555556,0.33285,0.32031143878685053,0.34555386436132773
10,Structured,0.3,0.3,0.3045555555555556,0.33385,0.32130149652209694,0.34656281733168964
10,Structured,0.3,0.45,0.3045555555555556,0.33225,0.319717434784573,0.34494846194359635
11,MCAR,0.0,0.0,0.0,0.31345,0.30111713696764125,0.3259673599637732
11,MCAR,0.0,0.15,0.0,0.3134,0.3010676991402349,0.3259168472635564
11,MCAR,0.0,0.3,0.0,0.31725,0.30487489985264593,0.3298058372391819
11,MCAR,0.0,0.45,0.0,0.31125,0.2989420311570793,0.32374464257904145
11,MCAR,0.1,0.0,0.09666666666666666,0.3213,0.3088809373746293,0.33389579264910246
11,MCAR,0.1,0.15,0.09666666666666666,0.32395,0.3115027549605471,0.33657135322427195
11,MCAR,0.1,0.3,0.09666666666666666,0.32165,0.3092271888244659,0.334249194915533
11,MCAR,0.1,0.45,0.09666666666666666,0.3173,0.30492435050083094,0.3298563371202153
11,MCAR,0.2,0.0,0.19555555555555557,0.3283,0.3158074844588031,0.34096232006829874
11,MCAR,0.2,0.15,0.19555555555555557,0.329,0.31650031391878986,0.3416687980787809
11,MCAR,0.2,0.3,0.19555555555555557,0.3277,0.315213655797164,0.34035674232953234
11,MCAR,0.2,0.45,0.19555555555555557,0.3242,0.31175011991968216,0.3368237409246318
11,MCAR,0.3,0.0,0.295,0.33245,0.3199154335627354,0.3451502653051567
11,MCAR,0.3,0.15,0.295,0.33495,0.3223906336066882,0.34767259203127926
11,MCAR,0.3,0.3,0.295,0.33595,0.32338082496205833,0.3486814113960058
11,MCAR,0.3,0.45,0.295,0.3317,0.3191729513351055,0.3443934895102824
11,MAR,0.0,0.0,0.0,0.31345,0.30111713696764125,0.3259673599637732
11,MAR,0.0,0.15,0.0,0.3134,0.3010676991402349,0.3259168472635564
11,MAR,0.0,0.3,0.0,0.31725,0.30487489985264593,0.3298058372391819
11,MAR,0.0,0.45,0.0,0.31125,0.2989420311570793,0.32374464257904145
11,MAR,0.1,0.0,0.09766666666666667,0.3201,0.3076938506088838,0.3326840666806638
11,MAR,0.1,0.15,0.09766666666666667,0.32235,0.309919715809147,0.3349559753662518
11,MAR,0.1,0.3,0.09766666666666667,0.31985,0.3074465527842355,0.33243161185378867
11,MAR,0.1,0.45,0.09766666666666667,0.31545,0.303094787035692,0.32798773101785617
11,MAR,0.2,0.0,0.19333333333333333,0.32425,0.311799593400222,0.336874217976048
11,MAR,0.2,0.15,0.19333333333333333,0.3256,0.31313543887134115,0.3382370368749077
11,MAR,0.2,0.3,0.19333333333333333,0.32335,0.31090909568688696,0.3359656061170938
11,MAR,0.2,0.45,0.19333333333333333,0.3197,0.3072981760647233,0.3322801369826241
11,MAR,0.3,0.0,0.29055555555555557,0.3283,0.3158074844588031,0.34096232006829874
11,MAR,0.3,0.15,0.29055555555555557,0.32935,0.31684674048839406,0.3420220252457483
11,MAR,0.3,0.3,0.29055555555555557,0.32845,0.3159559452547863,0.3411137108728301
11,MAR,0.3,0.45,0.29055555555555557,0.3253,0.31283857408178145,0.33793419846994943
11,MNAR,0.0,0.0,0.0,0.31345,0.30111713696764125,0.3259673599637732
11,MNAR,0.0,0.15,0.0,0.3134,0.3010676991402349,0.3259168472635564
11,MNAR,0.0,0.3,0.0,0.31725,0.30487489985264593,0.3298058372391819
11,MNAR,0.0,0.45,0.0,0.31125,0.2989420311570793,0.32374464257904145
11,MNAR,0.1,0.0,0.09577777777777778,0.31755,0.3051716062264839,0.33010883404096775
11,MNAR,0.1,0.15,0.09577777777777778,0.31915,0.30675414077786645,0.3317247164385363
11,MNAR,0.1,0.3,0.09577777777777778,0.31745,0.30507270343936244,0.33000783576946596
11,MNAR,0.1,0.45,0.09577777777777778,0.31225,0.2999306753404593,0.3247550089338517
11,MNAR,0.2,0.0,0.1978888888888889,0.31895,0.3065563147102445,0.33152274038641333
11,MNAR,0.2,0.15,0.1978888888888889,0.32215,0.30972184768178207,0.33475404136882747
11,MNAR,0.2,0.3,0.1978888888888889,0.32155,0.3091282590190456,0.3341482236590657
11,MNAR,0.2,0.45,0.1978888888888889,0.31715,0.30477599905338393,0.32970483698006453
11,MNAR,0.3,0.0,0.29488888888888887,0.3243,0.3118490670436204,0.3369246948646256
11,MNAR,0.3,0.15,0.29488888888888887,0.3255,0.31303648329194955,0.3381360913893841
11,MNAR,0.3,0.3,0.29488888888888887,0.32595,0.3134817885116856,0.3385903409623554
11,MNAR,0.3,0.45,0.29488888888888887,0.3227,0.31026599133025223,0.3353093535642708
11,Structured,0.0,0.0,0.0,0.31345,0.30111713696764125,0.3259673599637732
11,Structured,0.0,0.15,0.0,0.3134,0.3010676991402349,0.3259168472635564
11,Structured,0.0,0.3,0.0,0.31725,0.30487489985264593,0.3298058372391819
11,Structured,0.0,0.45,0.0,0.31125,0.2989420311570793,0.32374464257904145
11,Structured,0.1,0.0,0.09777777777777778,0.3211,0.3086830830115387,0.33369384488904247
11,Structured,0.1,0.15,0.09777777777777778,0.321,0.30858415681458445,0.3335928700245397
11,Structured,0.1,0.3,0.09777777777777778,0.322,0.3095734483049318,0.33460258915229024
11,Structured,0.1,0.45,0.09777777777777778,0.3178,0.30541886609141694,0.3303613268229464
11,Structured,0.2,0.0,0.19655555555555557,0.3277,0.315213655797164,0.34035674232953234
11,Structured,0.2,0.15,0.19655555555555557,0.32625,0.3137786659579477,0.33889316671207453
11,Structured,0.2,0.3,0.19655555555555557,0.32715,0.3146693332899524,0.33980160897203326
11,Structured,0.2,0.45,0.19655555555555557,0.3236,0.3111564508633123,0.3362180035990164
11,Structured,0.3,0.0,0.297,0.33195,0.3194204414129606,0.3446457521061544
11,Structured,0.3,0.15,0.297,0.3336,0.3210539761101969,0.3463105850665359
11,Structured,0.3,0.3,0.297,0.3327,0.32016293563012066,0.3454025159128176
11,Structured,0.3,0.45,0.297,0.32875,0.3162528711998803,0.3414164881292556
12,MCAR,0.0,0.0,0.0,0.31635,0.30398481653981796,0.3288968110295432
12,MCAR,0.0,0.15,0.0,0.32125,0.30883147353775925,0.3338453059551554
12,MCAR,0.0,0.3,0.0,0.32345,0.31100803726795706,0.3360665655993038
12,MCAR,0.0,0.45,0.0,0.3213,0.3088809373746293,0.33389579264910246
12,MCAR,0.1,0.0,0.09811111111111111,0.3248,0.3123438124305175,0.3374294547985224
12,MCAR,0.1,0.15,0.09811111111111111,0.33065,0.3181335367262336,0.34333394289435043
12,MCAR,0.1,0.3,0.09811111111111111,0.3306,0.3180840425558255,0.3432834865304386
12,MCAR,0.1,0.45,0.09811111111111111,0.32735,0.31486726648412083,0.3400034779102285
12,MCAR,0.2,0.0,0.19644444444444445,0.33075,0.3182325255483091,0.3434348551409648
12,MCAR,0.2,0.15,0.19644444444444445,0.33465,0.3220935885859981,0.3473699338372746
12,MCAR,0.2,0.3,0.19644444444444445,0.33735,0.32476719935708237,0.350093652020517
12,MCAR,0.2,0.45,0.19644444444444445,0.3357,0.32313327117306356,0.3484292125043359
12,MCAR,0.3,0.0,0.292,0.3376,0.32501477926244937,0.3503458247985977
12,MCAR,0.3,0.15,0.292,0.3409,0.3282832032822756,0.35367413623906246
12,MCAR,0.3,0.3,0.292,0.3448,0.33214676664512216,0.3576067148745638
12,MCAR,0.3,0.45,0.292,0.34315,0.3305120661968755,0.35594304754249934
12,MAR,0.0,0.0,0.0,0.31635,0.30398481653981796,0.3288968110295432
12,MAR,0.0,0.15,0.0,0.32125,0.30883147353775925,0.3338453059551554
12,MAR,0.0,0.3,0.0,0.32345,0.31100803726795706,0.3360665655993038
12,MAR,0.0,0.45,0.0,0.3213,0.3088809373746293,0.33389579264910246
12,MAR,0.1,0.0,0.09644444444444444,0.32185,0.30942505040183166,0.334451135462178
12,MAR,0.1,0.15,0.09644444444444444,0.3272,0.3147188163459344,0.3398520764491144
12,MAR,0.1,0.3,0.09644444444444444,0.3285,0.31600543250929736,0.34116417415185946
12,MAR,0.1,0.45,0.09644444444444444,0.3249,0.3124427634602451,0.3375304048331822
12,MAR,0.2,0.0,0.19344444444444445,0.32645,0.3139765874973577,0.33909504730369017
12,MAR,0.2,0.15,0.19344444444444445,0.33075,0.3182325255483091,0.3434348551409648
12,MAR,0.2,0.3,0.19344444444444445,0.3328,0.3202619375749582,0.3455034150381229
12,MAR,0.2,0.45,0.19344444444444445,0.3294,0.316896230642122,0.34207248562588954
12,MAR,0.3,0.0,0.29233333333333333,0.3324,0.3198659336284951,0.3450998147044394
12,MAR,0.3,0.15,0.29233333333333333,0.3351,0.3225391582620972,0.34782391898344805
12,MAR,0.3,0.3,0.29233333333333333,0.33655,0.3239749702210003,0.34928667257238605
12,MAR,0.3,0.45,0.29233333333333333,0.33635,0.3237769192668205,0.34908492138118846
12,MNAR,0.0,0.0,0.0,0.31635,0.30398481653981796,0.3288968110295432
12,MNAR,0.0,0.15,0.0,0.32125,0.30883147353775925,0.3338453059551554
12,MNAR,0.0,0.3,0.0,0.32345,0.31100803726795706,0.3360665655993038
12,MNAR,0.0,0.45,0.0,0.3213,0.3088809373746293,0.33389579264910246
12,MNAR,0.1,0.0,0.09966666666666667,0.31945,0.3070508848261078,0.33202767557051155
12,MNAR,0.1,0.15,0.09966666666666667,0.32455,0.3120964377028049,0.3371770768656013
12,MNAR,0.1,0.3,0.09966666666666667,0.3262,0.31372918597825206,0.3388426961590586
12,MNAR,0.1,0.45,0.09966666666666667,0.3248,0.3123438124305175,0.3374294547985224
12,MNAR,0.2,0.0,0.19655555555555557,0.3262,0.31372918597825206,0.3388426961590586
12,MNAR,0.2,0.15,0.19655555555555557,0.3287,0.31620338313942253,0.3413660256560804
12,MNAR,0.2,0.3,0.19655555555555557,0.33045,0.31793556100734865,0.34313211647606845
12,MNAR,0.2,0.45,0.19655555555555557,0.32925,0.31674776066368404,0.3419211040027758
12,MNAR,0.3,0.0,0.29833333333333334,0.3278,0.31531262562636336,0.3404576735668829
12,MNAR,0.3,0.15,0.29833333333333334,0.32945,0.31694572095673856,0.34212294584515895
12,MNAR,0.3,0.3,0.29833333333333334,0.3318,0.31927194688624977,0.3444943950285771
12,MNAR,0.3,0.45,0.29833333333333334,0.33025,0.31773758785647443,0.34293028749006393
12,Structured,0.0,0.0,0.0,0.31635,0.30398481653981796,0.3288968110295432
12,Structured,0.0,0.15,0.0,0.32125,0.30883147353775925,0.3338453059551554
12,Structured,0.0,0.3,0.0,0.32345,0.31100803726795706,0.3360665655993038
12,Structured,0.0,0.45,0.0,0.3213,0.3088809373746293,0.33389579264910246
12,Structured,0.1,0.0,0.09666666666666666,0.32085,0.30843576875034673,0.3334414064967375
12,Structured,0.1,0.15,0.09666666666666666,0.3263,0.3138281460997241,0.33894363710302455
12,Structured,0.1,0.3,0.09666666666666666,0.32885,0.3163518478041754,0.3415174125922792
12,Structured,0.1,0.45,0.09666666666666666,0.32765,0.3151641711248472,0.34030627646860007
12,Structured,0.2,0.0,0.19555555555555557,0.3269,0.31442192043648837,0.33954926916045897
12,Structured,0.2,0.15,0.19555555555555557,0.33105,0.3185294958633126,0.3437375880324606
12,Structured,0.2,0.3,0.19555555555555557,0.33395,0.3214005058018492,0.3466637091228824
12,Structured,0.2,0.45,0.19555555555555557,0.33255,0.3200144339105071,0.3452511660273507
12,Structured,0.3,0.0,0.29355555555555557,0.33245,0.3199154335627354,0.3451502653051567
12,Structured,0.3,0.15,0.29355555555555557,0.33785,0.3252623631166223,0.3505979936282904
12,Structured,0.3,0.3,0.29355555555555557,0.341,0.32838225712352087,0.3537749834734837
12,Structured,0.3,0.45,0.29355555555555557,0.33725,0.32466816850108343,0.3499927818032549
13,MCAR,0.0,0.0,0.0,0.31935,0.3069519694840064,0.331926689852461
13,MCAR,0.0,0.15,0.0,0.32215,0.30972184768178207,0.33475404136882747
13,MCAR,0.0,0.3,0.0,0.31895,0.3065563147102445,0.33152274038641333
13,MCAR,0.0,0.45,0.0,0.31385,0.3015126456085956,0.3263714555445633
13,MCAR,0.1,0.0,0.10544444444444444,0.3277,0.315213655797164,0.34035674232953234
13,MCAR,0.1,0.15,0.10544444444444444,0.32875,0.3162528711998803,0.3414164881292556
13,MCAR,0.1,0.3,0.10544444444444444,0.32625,0.3137786659579477,0.33889316671207453
13,MCAR,0.1,0.45,0.10544444444444444,0.32055,0.3081389970561719,0.33313847500736427
13,MCAR,0.2,0.0,0.20766666666666667,0.33215,0.31961843635447373,0.3448475593039403
13,MCAR,0.2,0.15,0.20766666666666667,0.3356,0.3230342507676285,0.3483283318376246
13,MCAR,0.2,0.3,0.20766666666666667,0.3325,0.31996493365674605,0.3452007157461204
13,MCAR,0.2,0.45,0.20766666666666667,0.32655,0.314075549239173,0.3391959866275007
13,MCAR,0.3,0.0,0.3065555555555556,0.3397,0.32709460615802005,0.35246392046038827
13,MCAR,0.3,0.15,0.3065555555555556,0.34435,0.33170092242531085,0.3571530042435053
13,MCAR,0.3,0.3,0.3065555555555556,0.34145,0.3288280071688796,0.3542287882694238
13,MCAR,0.3,0.45,0.3065555555555556,0.3341,0.3215490209156638,0.34681504561561316
13,MAR,0.0,0.0,0.0,0.31935,0.3069519694840064,0.331926689852461
13,MAR,0.0,0.15,0.0,0.32215,0.30972184768178207,0.33475404136882747
13,MAR,0.0,0.3,0.0,0.31895,0.3065563147102445,0.33152274038641333
13,MAR,0.0,0.45,0.0,0.31385,0.3015126456085956,0.3263714555445633
13,MAR,0.1,0.0,0.10355555555555555,0.325,0.31254171514039103,0.33763135421750073
13,MAR,0.1,0.15,0.10355555555555555,0.32525,0.31278909718531367,0.33788372483406354
13,MAR,0.1,0.3,0.10355555555555555,0.3225,0.3100681186226449,0.3351074241465482
13,MAR,0.1,0.45,0.10355555555555555,0.3183,0.3059133982286917,0.33086629998101325
13,MAR,0.2,0.0,0.21044444444444443,0.32955,0.31704470206856833,0.3422238658011565
13,MAR,0.2,0.15,0.21044444444444443,0.3322,0.3196679354895928,0.34489801070368936
13,MAR,0.2,0.3,0.21044444444444443,0.32875,0.3162528711998803,0.3414164881292556
13,MAR,0.2,0.45,0.21044444444444443,0.3214,0.3089798655404435,0.3339967655449826
13,MAR,0.3,0.0,0.30766666666666664,0.3346,0.32204408163888487,0.34731949024866554
13,MAR,0.3,0.15,0.30766666666666664,0.33655,0.3239749702210003,0.34928667257238605
13,MAR,0.3,0.3,0.30766666666666664,0.33415,0.3215985262719806,0.34686549079484585
13,MAR,0.3,0.45,0.30766666666666664,0.3275,0.31501571807726264,0.34015487791655336
13,MNAR,0.0,0.0,0.0,0.31935,0.3069519694840064,0.331926689852461
13,MNAR,0.0,0.15,0.0,0.32215,0.30972184768178207,0.33475404136882747
13,MNAR,0.0,0.3,0.0,0.31895,0.3065563147102445,0.33152274038641333
13,MNAR,0.0,0.45,0.0,0.31385,0.3015126456085956,0.3263714555445633
13,MNAR,0.1,0.0,0.10244444444444445,0.3238,0.31135433794062406,0.33641991864872695
13,MNAR,0.1,0.15,0.10244444444444445,0.32565,0.31318491690454625,0.3382875093741882
13,MNAR,0.1,0.3,0.10244444444444445,0.32205,0.3096229146001584,0.33465307338817346
13,MNAR,0.1,0.45,0.10244444444444445,0.31715,0.30477599905338393,0.32970483698006453
13,MNAR,0.2,0.0,0.21288888888888888,0.32695,0.3144714026835909,0.3395997374463271
13,MNAR,0.2,0.15,0.21288888888888888,0.3305,0.317985054696365,0.34318257332131685
13,MNAR,0.2,0.3,0.21288888888888888,0.3281,0.31560953898914385,0.3407604634041946
13,MNAR,0.2,0.45,0.21288888888888888,0.32135,0.30893040137553046,0.3339462791790372
13,MNAR,0.3,0.0,0.30544444444444446,0.3301,0.3175891096792844,0.34277891406478106
13,MNAR,0.3,0.15,0.30544444444444446,0.33295,0.32041044168949306,0.34565476252893135
13,MNAR,0.3,0.3,0.30544444444444446,0.32965,0.3171436838237346,0.3423247851138899
13,MNAR,0.3,0.45,0.30544444444444446,0.3199,0.307496012020006,0.3324821031482824
13,Structured,0.0,0.0,0.0,0.31935,0.3069519694840064,0.331926689852461
13,Structured,0.0,0.15,0.0,0.32215,0.30972184768178207,0.33475404136882747
13,Structured,0.0,0.3,0.0,0.31895,0.3065563147102445,0.33152274038641333
13,Structured,0.0,0.45,0.0,0.31385,0.3015126456085956,0.3263714555445633
13,Structured,0.1,0.0,0.09866666666666667,0.32485,0.31239328786407033,0.33747992989715636
13,Structured,0.1,0.15,0.09866666666666667,0.32705,0.3145703676632196,0.3397006735326953
13,Structured,0.1,0.3,0.09866666666666667,0.32335,0.31090909568688696,0.3359656061170938
13,Structured,0.1,0.45,0.09866666666666667,0.3189,0.30650685860576193,0.33147224596100905
13,Structured,0.2,0.0,0.20044444444444445,0.33,0.3174901250309444,0.3426779976448983
13,Structured,0.2,0.15,0.20044444444444445,0.3325,0.31996493365674605,0.3452007157461204
13,Structured,0.2,0.3,0.20044444444444445,0.3285,0.31600543250929736,0.34116417415185946
13,Structured,0.2,0.45,0.20044444444444445,0.3238,0.31135433794062406,0.33641991864872695
13,Structured,0.3,0.0,0.3022222222222222,0.33615,0.323578870846801,0.34888316765609917
13,Structured,0.3,0.15,0.3022222222222222,0.3377,0.32511381233038233,0.35044669280416113
13,Structured,0.3,0.3,0.3022222222222222,0.33585,0.3232818029707636,0.3485805323149824
13,Structured,0.3,0.45,0.3022222222222222,0.33025,0.31773758785647443,0.34293028749006393
14,MCAR,0.0,0.0,0.0,0.30415,0.29192460368260215,0.3165690954854491
14,MCAR,0.0,0.15,0.0,0.3096,0.2973109155070409,0.3220773908599702
14,MCAR,0.0,0.3,0.0,0.3113,0.2989914617689889,0.3237951624938365
14,MCAR,0.0,0.45,0.0,0.31295,0.3006227662265821,0.3254622254295524
14,MCAR,0.1,0.0,0.1068888888888889,0.3123,0.29998010931347335,0.324805525487973
14,MCAR,0.1,0.15,0.1068888888888889,0.3181,0.3057155833895122,0.3306643127018125
14,MCAR,0.1,0.3,0.1068888888888889,0.3204,0.30799061342733125,0.33298700704469797
14,MCAR,0.1,0.45,0.1068888888888889,0.3195,0.30710034274434517,0.3320781681823802
14,MCAR,0.2,0.0,0.2051111111111111,0.31765,0.30527050967588826,0.33020983165026585
14,MCAR,0.2,0.15,0.2051111111111111,0.3242,0.31175011991968216,0.3368237409246318
14,MCAR,0.2,0.3,0.2051111111111111,0.3287,0.31620338313942253,0.3413660256560804
14,MCAR,0.2,0.45,0.2051111111111111,0.32705,0.3145703676632196,0.3397006735326953
14,MCAR,0.3,0.0,0.3068888888888889,0.32425,0.311799593400222,0.336874217976048
14,MCAR,0.3,0.15,0.3068888888888889,0.3296,0.31709419286574375,0.3422743255379227
14,MCAR,0.3,0.3,0.3068888888888889,0.33405,0.3214995157185243,0.3467646002772208
14,MCAR,0.3,0.45,0.3068888888888889,0.33205,0.31951943856388754,0.3447466560248416
14,MAR,0.0,0.0,0.0,0.30415,0.29192460368260215,0.3165690954854491
14,MAR,0.0,0.15,0.0,0.3096,0.2973109155070409,0.3220773908599702
14,MAR,0.0,0.3,0.0,0.3113,0.2989914617689889,0.3237951624938365
14,MAR,0.0,0.45,0.0,0.31295,0.3006227662265821,0.3254622254295524
14,MAR,0.1,0.0,0.10444444444444445,0.30935,0.29706379280981976,0.3218247609275801
14,MAR,0.1,0.15,0.10444444444444445,0.31515,0.3027981225131914,0.32768469236990866
14,MAR,0.1,0.3,0.10444444444444445,0.31865,0.3062595805589168,0.3312197713587241
14,MAR,0.1,0.45,0.10444444444444445,0.3173,0.30492435050083094,0.3298563371202153
14,MAR,0.2,0.0,0.20855555555555555,0.3169,0.3045287499560279,0.3294523334318302
14,MAR,0.2,0.15,0.20855555555555555,0.32285,0.310414397577468,0.33546079891125663
14,MAR,0.2,0.3,0.20855555555555555,0.3262,0.31372918597825206,0.3388426961590586
14,MAR,0.2,0.45,0.20855555555555555,0.3237,0.3112553940758189,0.3363189614499823
14,MAR,0.3,0.0,0.3091111111111111,0.32175,0.30932611928544834,0.3343501655165161
14,MAR,0.3,0.15,0.3091111111111111,0.32695,0.3144714026835909,0.3395997374463271
14,MAR,0.3,0.3,0.3091111111111111,0.33055,0.3180345485458626,0.3432330300061011
14,MAR,0.3,0.45,0.3091111111111111,0.327,0.3145208850925077,0.3396502055703995
14,MNAR,0.0,0.0,0.0,0.30415,0.29192460368260215,0.3165690954854491
14,MNAR,0.0,0.15,0.0,0.3096,0.2973109155070409,0.3220773908599702
14,MNAR,0.0,0.3,0.0,0.3113,0.2989914617689889,0.3237951624938365
14,MNAR,0.0,0.45,0.0,0.31295,0.3006227662265821,0.3254622254295524
14,MNAR,0.1,0.0,0.10544444444444444,0.30685,0.29459279887513257,0.31929822859659435
14,MNAR,0.1,0.15,0.10544444444444444,0.3128,0.30047445827027003,0.32531068180369543
14,MNAR,0.1,0.3,0.10544444444444444,0.3163,0.30393536904346846,0.32884630799706055
14,MNAR,0.1,0.45,0.10544444444444444,0.31585,0.30349034905323646,0.3283917732287364
14,MNAR,0.2,0.0,0.20744444444444443,0.3113,0.2989914617689889,0.3237951624938365
14,MNAR,0.2,0.15,0.20744444444444443,0.31925,0.30685305480120445,0.3318257034751922
14,MNAR,0.2,0.3,0.20744444444444443,0.3216,0.3091777238398001,0.33419870936924484
14,MNAR,0.2,0.45,0.20744444444444443,0.31955,0.3071498008273459,0.33212866062950525
14,MNAR,0.3,0.0,0.30944444444444447,0.31465,0.3023036949715725,0.32717961462911005
14,MNAR,0.3,0.15,0.30944444444444447,0.32085,0.30843576875034673,0.3334414064967375
14,MNAR,0.3,0.3,0.30944444444444447,0.3256,0.31313543887134115,0.3382370368749077
14,MNAR,0.3,0.45,0.30944444444444447,0.32485,0.31239328786407033,0.33747992989715636
14,Structured,0.0,0.0,0.0,0.30415,0.29192460368260215,0.3165690954854491
14,Structured,0.0,0.15,0.0,0.3096,0.2973109155070409,0.3220773908599702
14,Structured,0.0,0.3,0.0,0.3113,0.2989914617689889,0.3237951624938365
14,Structured,0.0,0.45,0.0,0.31295,0.3006227662265821,0.3254622254295524
14,Structured,0.1,0.0,0.105,0.3096,0.2973109155070409,0.3220773908599702
14,Structured,0.1,0.15,0.105,0.3177,0.3053199616488964,0.33026033020664075
14,Structured,0.1,0.3,0.105,0.3191,0.30670468401354845,0.33167422267288876
14,Structured,0.1,0.45,0.105,0.32055,0.3081389970561719,0.33313847500736427
14,Structured,0.2,0.0,0.20544444444444446,0.315,0.3026497925005713,0.32753317079758476
14,Structured,0.2,0.15,0.20544444444444446,0.3236,0.3111564508633123,0.3362180035990164
14,Structured,0.2,0.3,0.20544444444444446,0.32615,0.31367970616065793,0.3387922254439605
14,Structured,0.2,0.45,0.20544444444444446,0.32515,0.31269014387980226,0.33778277707492377
14,Structured,0.3,0.0,0.302,0.32155,0.3091282590190456,0.3341482236590657
14,Structured,0.3,0.15,0.302,0.32875,0.3162528711998803,0.3414164881292556
14,Structured,0.3,0.3,0.302,0.3337,0.3211529837970146,0.34641147845048825
14,Structured,0.3,0.45,0.302,0.33285,0.32031143878685053,0.34555386436132773
15,MCAR,0.0,0.0,0.0,0.31585,0.30349034905323646,0.3283917732287364
15,MCAR,0.0,0.15,0.0,0.31845,0.30606176109336536,0.3310177887053345
15,MCAR,0.0,0.3,0.0,0.32095,0.3085346939623258,0.3335423823460982
15,MCAR,0.0,0.45,0.0,0.32075,0.3083368441952209,0.3333404299906028
15,MCAR,0.1,0.0,0.10311111111111111,0.32145,0.30902932986934606,0.33404725174695443
15,MCAR,0.1,0.15,0.10311111111111111,0.32445,0.31199748895077084,0.33707612455351393
15,MCAR,0.1,0.3,0.10311111111111111,0.3288,0.3163023594214711,0.3414669504413154
15,MCAR,0.1,0.45,0.10311111111111111,0.3276,0.3151146866140797,0.3402558104461396
15,MCAR,0.2,0.0,0.20644444444444446,0.32825,0.31575799784938813,0.340911856144246
15,MCAR,0.2,0.15,0.20644444444444446,0.33105,0.3185294958633126,0.3437375880324606
15,MCAR,0.2,0.3,0.20644444444444446,0.33305,0.3205094452304919,0.34575566005824937
15,MCAR,0.2,0.45,0.20644444444444446,0.33135,0.31882647194839164,0.344040315154523
15,MCAR,0.3,0.0,0.3101111111111111,0.3355,0.3229352309967822,0.34822745053639353
15,MCAR,0.3,0.15,0.3101111111111111,0.3398,0.32719365246236565,0.352564775230928
15,MCAR,0.3,0.3,0.3101111111111111,0.3413,0.3286794224099602,0.3540775214144318
15,MCAR,0.3,0.45,0.3101111111111111,0.3386,0.32600513835052264,0.3513544764484843
15,MAR,0.0,0.0,0.0,0.31585,0.30349034905323646,0.3283917732287364
15,MAR,0.0,0.15,0.0,0.31845,0.30606176109336536,0.3310177887053345
15,MAR,0.0,0.3,0.0,0.32095,0.3085346939623258,0.3335423823460982
15,MAR,0.0,0.45,0.0,0.32075,0.3083368441952209,0.3333404299906028
15,MAR,0.1,0.0,0.10433333333333333,0.31965,0.3072487174875559,0.3322296450296075
15,MAR,0.1,0.15,0.10433333333333333,0.32165,0.3092271888244659,0.334249194915533
15,MAR,0.1,0.3,0.10433333333333333,0.325,0.31254171514039103,0.33763135421750073
15,MAR,0.1,0.45,0.10433333333333333,0.32375,0.311304865926694,0.3363694401308725
15,MAR,0.2,0.0,0.21066666666666667,0.32585,0.3133828306603088,0.33848939774855347
15,MAR,0.2,0.15,0.21066666666666667,0.3287,0.31620338313942253,0.3413660256560804
15,MAR,0.2,0.3,0.21066666666666667,0.3301,0.3175891096792844,0.34277891406478106
15,MAR,0.2,0.45,0.21066666666666667,0.32835,0.3158569712295204,0.3410127838310685
15,MAR,0.3,0.0,0.3101111111111111,0.3323,0.3197669342393961,0.34499891302367736
15,MAR,0.3,0.15,0.3101111111111111,0.3355,0.3229352309967822,0.34822745053639353
15,MAR,0.3,0.3,0.3101111111111111,0.33575,0.32318278161370734,0.3484796525997909
15,MAR,0.3,0.45,0.3101111111111111,0.3327,0.32016293563012066,0.3454025159128176
15,MNAR,0.0,0.0,0.0,0.31585,0.30349034905323646,0.3283917732287364
15,MNAR,0.0,0.15,0.0,0.31845,0.30606176109336536,0.3310177887053345
15,MNAR,0.0,0.3,0.0,0.32095,0.3085346939623258,0.3335423823460982
15,MNAR,0.0,0.45,0.0,0.32075,0.3083368441952209,0.3333404299906028
15,MNAR,0.1,0.0,0.10233333333333333,0.3176,0.3052210578684117,0.3301593329283818
15,MNAR,0.1,0.15,0.10233333333333333,0.3191,0.30670468401354845,0.33167422267288876
15,MNAR,0.1,0.3,0.10233333333333333,0.32355,0.3111069795017209,0.3361675244289006
15,MNAR,0.1,0.45,0.10233333333333333,0.3219,0.30947451620574834,0.33450162018931257
15,MNAR,0.2,0.0,0.20622222222222222,0.3216,0.3091777238398001,0.33419870936924484
15,MNAR,0.2,0.15,0.20622222222222222,0.32425,0.311799593400222,0.336874217976048
15,MNAR,0.2,0.3,0.20622222222222222,0.3275,0.31501571807726264,0.34015487791655336
15,MNAR,0.2,0.45,0.20622222222222222,0.32415,0.3117006466020204,0.3367732637103564
15,MNAR,0.3,0.0,0.30944444444444447,0.3275,0.31501571807726264,0.34015487791655336
15,MNAR,0.3,0.15,0.30944444444444447,0.3285,0.31600543250929736,0.34116417415185946
15,MNAR,0.3,0.3,0.30944444444444447,0.3303,0.317787080903377,0.34298074497735426
15,MNAR,0.3,0.45,0.30944444444444447,0.32805,0.31556005302512685,0.3407099988348175
15,Structured,0.0,0.0,0.0,0.31585,0.30349034905323646,0.3283917732287364
15,Structured,0.0,0.15,0.0,0.31845,0.30606176109336536,0.3310177887053345
15,Structured,0.0,0.3,0.0,0.32095,0.3085346939623258,0.3335423823460982
15,Structured,0.0,0.45,0.0,0.32075,0.3083368441952209,0.3333404299906028
15,Structured,0.1,0.0,0.10155555555555555,0.31975,0.30734763480657373,0.3323306287709807
15,Structured,0.1,0.15,0.10155555555555555,0.3234,0.3109585663958255,0.3360160859397857
15,Structured,0.1,0.3,0.10155555555555555,0.32665,0.3141745116288572,0.3392969253035149
15,Structured,0.1,0.45,0.10155555555555555,0.3282,0.315708511401294,0.34086139205889027
15,Structured,0.2,0.0,0.19866666666666666,0.3271,0.3146198503957075,0.33975114133323275
15,Structured,0.2,0.15,0.19866666666666666,0.33145,0.31892546525830595,0.34414122291379884
15,Structured,0.2,0.3,0.19866666666666666,0.33415,0.3215985262719806,0.34686549079484585
15,Structured,0.2,0.45,0.19866666666666666,0.3339,0.321351001082349,0.3466132633069022
15,Structured,0.3,0.0,0.30344444444444446,0.3321,0.3195689373792323,0.3447971077443297
15,Structured,0.3,0.15,0.30344444444444446,0.33675,0.32417302370822676,0.3494884212308094
15,Structured,0.3,0.3,0.30344444444444446,0.3415,0.3288775357351788,0.3542792102411273
15,Structured,0.3,0.45,0.30344444444444446,0.34,0.32739174695736084,0.3527664828858992
16,MCAR,0.0,0.0,0.0,0.312,0.2996835079935154,0.3245024236454442
16,MCAR,0.0,0.15,0.0,0.31345,0.30111713696764125,0.3259673599637732
16,MCAR,0.0,0.3,0.0,0.31635,0.30398481653981796,0.3288968110295432
16,MCAR,0.0,0.45,0.0,0.3145,0.30215536996072984,0.3270280880556323
16,MCAR,0.1,0.0,0.09955555555555555,0.3191,0.30670468401354845,0.33167422267288876
16,MCAR,0.1,0.15,0.09955555555555555,0.32055,0.3081389970561719,0.33313847500736427
16,MCAR,0.1,0.3,0.09955555555555555,0.3226,0.3101670546494279,0.33520838918239104
16,MCAR,0.1,0.45,0.09955555555555555,0.3186,0.30621012544480636,0.3311692759430689
16,MCAR,0.2,0.0,0.20577777777777778,0.32425,0.311799593400222,0.336874217976048
16,MCAR,0.2,0.15,0.20577777777777778,0.3261,0.31363022650518607,0.3387417545667603
16,MCAR,0.2,0.3,0.20577777777777778,0.3258,0.31333335197796613,0.3384389258983372
16,MCAR,0.2,0.45,0.20577777777777778,0.3243,0.3118490670436204,0.3369246948646256
16,MCAR,0.3,0.0,0.30622222222222223,0.3325,0.31996493365674605,0.3452007157461204
16,MCAR,0.3,0.15,0.30622222222222223,0.33655,0.3239749702210003,0.34928667257238605
16,MCAR,0.3,0.3,0.30622222222222223,0.3345,0.3219450682216729,0.3472186025944842
16,MCAR,0.3,0.45,0.30622222222222223,0.3309,0.3183810099843053,0.3435862223081383
16,MAR,0.0,0.0,0.0,0.312,0.2996835079935154,0.3245024236454442
16,MAR,0.0,0.15,0.0,0.31345,0.30111713696764125,0.3259673599637732
16,MAR,0.0,0.3,0.0,0.31635,0.30398481653981796,0.3288968110295432
16,MAR,0.0,0.45,0.0,0.3145,0.30215536996072984,0.3270280880556323
16,MAR,0.1,0.0,0.0961111111111111,0.31705,0.3046770989170781,0.3296038360580734
16,MAR,0.1,0.15,0.0961111111111111,0.3193,0.30690251206018265,0.33187619674624014
16,MAR,0.1,0.3,0.0961111111111111,0.3213,0.3088809373746293,0.33389579264910246
16,MAR,0.1,0.45,0.0961111111111111,0.318,0.30561667696189077,0.3305633180703665
16,MAR,0.2,0.0,0.20255555555555554,0.3215,0.30907879436222013,0.33409773778497565
16,MAR,0.2,0.15,0.20255555555555554,0.32325,0.310810154758667,0.33586464598210725
16,MAR,0.2,0.3,0.20255555555555554,0.32225,0.309820781418164,0.33485500869480106
16,MAR,0.2,0.45,0.20255555555555554,0.31985,0.3074465527842355,0.33243161185378867
16,MAR,0.3,0.0,0.301,0.3288,0.3163023594214711,0.3414669504413154
16,MAR,0.3,0.15,0.301,0.33105,0.3185294958633126,0.3437375880324606
16,MAR,0.3,0.3,0.301,0.32895,0.31645082505285427,0.3416183364109931
16,MAR,0.3,0.45,0.301,0.32465,0.31219538710580347,0.3372780285267999
16,MNAR,0.0,0.0,0.0,0.312,0.2996835079935154,0.3245024236454442
16,MNAR,0.0,0.15,0.0,0.31345,0.30111713696764125,0.3259673599637732
16,MNAR,0.0,0.3,0.0,0.31635,0.30398481653981796,0.3288968110295432
16,MNAR,0.0,0.45,0.0,0.3145,0.30215536996072984,0.3270280880556323
16,MNAR,0.1,0.0,0.10111111111111111,0.31515,0.3027981225131914,0.32768469236990866
16,MNAR,0.1,0.15,0.10111111111111111,0.31805,0.30566613009301946,0.3306138154687596
16,MNAR,0.1,0.3,0.10111111111111111,0.31925,0.30685305480120445,0.3318257034751922
16,MNAR,0.1,0.45,0.10111111111111111,0.3161,0.3037375807192537,0.3286442942061563
16,MNAR,0.2,0.0,0.20655555555555555,0.3197,0.3072981760647233,0.3322801369826241
16,MNAR,0.2,0.15,0.20655555555555555,0.3216,0.3091777238398001,0.33419870936924484
16,MNAR,0.2,0.3,0.20655555555555555,0.32035,0.30794115254648186,0.33293651739508434
16,MNAR,0.2,0.45,0.20655555555555555,0.31715,0.30477599905338393,0.32970483698006453
16,MNAR,0.3,0.0,0.3055555555555556,0.3233,0.31085962514116033,0.33591512613120683
16,MNAR,0.3,0.15,0.3055555555555556,0.32455,0.3120964377028049,0.3371770768656013
16,MNAR,0.3,0.3,0.3055555555555556,0.32345,0.31100803726795706,0.3360665655993038
16,MNAR,0.3,0.45,0.3055555555555556,0.3195,0.30710034274434517,0.3320781681823802
16,Structured,0.0,0.0,0.0,0.312,0.2996835079935154,0.3245024236454442
16,Structured,0.0,0.15,0.0,0.31345,0.30111713696764125,0.3259673599637732
16,Structured,0.0,0.3,0.0,0.31635,0.30398481653981796,0.3288968110295432
16,Structured,0.0,0.45,0.0,0.3145,0.30215536996072984,0.3270280880556323
16,Structured,0.1,0.0,0.09744444444444444,0.3147,0.3023531369754838,0.3272301231533468
16,Structured,0.1,0.15,0.09744444444444444,0.3169,0.3045287499560279,0.3294523334318302
16,Structured,0.1,0.3,0.09744444444444444,0.32105,0.30863361983099474,0.33364335753884694
16,Structured,0.1,0.45,0.09744444444444444,0.32005,0.3076443907148365,0.3326335760443668
16,Structured,0.2,0.0,0.19933333333333333,0.3207,0.30828738216402635,0.3332899414911948
16,Structured,0.2,0.15,0.19933333333333333,0.3248,0.3123438124305175,0.3374294547985224
16,Structured,0.2,0.3,0.19933333333333333,0.3278,0.31531262562636336,0.3404576735668829
16,Structured,0.2,0.45,0.19933333333333333,0.32725,0.3147682995636376,0.33990254376449286
16,Structured,0.3,0.0,0.3028888888888889,0.32715,0.3146693332899524,0.33980160897203326
16,Structured,0.3,0.15,0.3028888888888889,0.3319,0.3193709430774139,0.34459529990691967
16,Structured,0.3,0.3,0.3028888888888889,0.33455,0.32199457485077004,0.34726904650107615
16,Structured,0.3,0.45,0.3028888888888889,0.33325,0.32070745422698754,0.345957453202598
17,MCAR,0.0,0.0,0.0,0.3165,0.30413316002523744,0.3290483191307408
17,MCAR,0.0,0.15,0.0,0.31575,0.30339145755069696,0.3282907636740466
17,MCAR,0.0,0.3,0.0,0.31685,0.30447930063400436,0.3294018322247979
17,MCAR,0.0,0.45,0.0,0.31605,0.30368813405360173,0.32859379034307984
17,MCAR,0.1,0.0,0.10277777777777777,0.32295,0.3105133358926994,0.33556176165892226
17,MCAR,0.1,0.15,0.10277777777777777,0.3217,0.309276653973022,0.33429968029794954
17,MCAR,0.1,0.3,0.10277777777777777,0.32335,0.31090909568688696,0.3359656061170938
17,MCAR,0.1,0.45,0.10277777777777777,0.3233,0.31085962514116033,0.33591512613120683
17,MCAR,0.2,0.0,0.20044444444444445,0.32785,0.31536211078321036,0.34050813894333964
17,MCAR,0.2,0.15,0.20044444444444445,0.3267,0.31422399306660215,0.3393473943986484
17,MCAR,0.2,0.3,0.20044444444444445,0.32695,0.3144714026835909,0.3395997374463271
17,MCAR,0.2,0.45,0.20044444444444445,0.3281,0.31560953898914385,0.3407604634041946
17,MCAR,0.3,0.0,0.29977777777777775,0.33425,0.32169753746207475,0.34696638067590146
17,MCAR,0.3,0.15,0.29977777777777775,0.33235,0.3198164338540427,0.34504936394395325
17,MCAR,0.3,0.3,0.29977777777777775,0.33345,0.32090546577518475,0.34615924379552254
17,MCAR,0.3,0.45,0.29977777777777775,0.33065,0.3181335367262336,0.34333394289435043
17,MAR,0.0,0.0,0.0,0.3165,0.30413316002523744,0.3290483191307408
17,MAR,0.0,0.15,0.0,0.31575,0.30339145755069696,0.3282907636740466
17,MAR,0.0,0.3,0.0,0.31685,0.30447930063400436,0.3294018322247979
17,MAR,0.0,0.45,0.0,0.31605,0.30368813405360173,0.32859379034307984
17,MAR,0.1,0.0,0.10466666666666667,0.32005,0.3076443907148365,0.3326335760443668
17,MAR,0.1,0.15,0.10466666666666667,0.3193,0.30690251206018265,0.33187619674624014
17,MAR,0.1,0.3,0.10466666666666667,0.3198,0.3073970937130843,0.33238112039469464
17,MAR,0.1,0.45,0.10466666666666667,0.3203,0.3078916918300486,0.33288602758107433
17,MAR,0.2,0.0,0.202,0.3237,0.3112553940758189,0.3363189614499823
17,MAR,0.2,0.15,0.202,0.3231,0.3106617445907809,0.33571320455533077
17,MAR,0.2,0.3,0.202,0.32275,0.31031545991588017,0.3353598355100246
17,MAR,0.2,0.45,0.202,0.3226,0.3101670546494279,0.33520838918239104
17,MAR,0.3,0.0,0.302,0.3308,0.31828202019994334,0.3434853110237026
17,MAR,0.3,0.15,0.302,0.32865,0.3161538952401174,0.34131556302177296
17,MAR,0.3,0.3,0.302,0.32895,0.31645082505285427,0.3416183364109931
17,MAR,0.3,0.45,0.302,0.3263,0.3138281460997241,0.33894363710302455
17,MNAR,0.0,0.0,0.0,0.3165,0.30413316002523744,0.3290483191307408
17,MNAR,0.0,0.15,0.0,0.31575,0.30339145755069696,0.3282907636740466
17,MNAR,0.0,0.3,0.0,0.31685,0.30447930063400436,0.3294018322247979
17,MNAR,0.0,0.45,0.0,0.31605,0.30368813405360173,0.32859379034307984
17,MNAR,0.1,0.0,0.10188888888888889,0.31865,0.3062595805589168,0.3312197713587241
17,MNAR,0.1,0.15,0.10188888888888889,0.31735,0.3049738013146939,0.3299068368355924
17,MNAR,0.1,0.3,0.10188888888888889,0.31855,0.30616067049583096,0.3311187803623001
17,MNAR,0.1,0.45,0.10188888888888889,0.31775,0.30536941378741245,0.33031082859752725
17,MNAR,0.2,0.0,0.20222222222222222,0.3219,0.30947451620574834,0.33450162018931257
17,MNAR,0.2,0.15,0.20222222222222222,0.32045,0.3080400744725764,0.33303749652993564
17,MNAR,0.2,0.3,0.20222222222222222,0.3204,0.30799061342733125,0.33298700704469797
17,MNAR,0.2,0.45,0.20222222222222222,0.3195,0.30710034274434517,0.3320781681823802
17,MNAR,0.3,0.0,0.2996666666666667,0.32545,0.3129870057458007,0.33808561840310236
17,MNAR,0.3,0.15,0.2996666666666667,0.32215,0.30972184768178207,0.33475404136882747
17,MNAR,0.3,0.3,0.2996666666666667,0.3234,0.3109585663958255,0.3360160859397857
17,MNAR,0.3,0.45,0.2996666666666667,0.322,0.3095734483049318,0.33460258915229024
17,Structured,0.0,0.0,0.0,0.3165,0.30413316002523744,0.3290483191307408
17,Structured,0.0,0.15,0.0,0.31575,0.30339145755069696,0.3282907636740466
17,Structured,0.0,0.3,0.0,0.31685,0.30447930063400436,0.3294018322247979
17,Structured,0.0,0.45,0.0,0.31605,0.30368813405360173,0.32859379034307984
17,Structured,0.1,0.0,0.10566666666666667,0.3216,0.3091777238398001,0.33419870936924484
17,Structured,0.1,0.15,0.10566666666666667,0.3225,0.3100681186226449,0.3351074241465482
17,Structured,0.1,0.3,0.10566666666666667,0.3243,0.3118490670436204,0.3369246948646256
17,Structured,0.1,0.45,0.10566666666666667,0.32325,0.310810154758667,0.33586464598210725
17,Structured,0.2,0.0,0.20433333333333334,0.3276,0.3151146866140797,0.3402558104461396
17,Structured,0.2,0.15,0.20433333333333334,0.32815,0.3156590251145399,0.34081092781221295
17,Structured,0.2,0.3,0.20433333333333334,0.331,0.3184800004100062,0.3436871329513058
17,Structured,0.2,0.45,0.20433333333333334,0.3298,0.3172921576624143,0.3424761628771953
17,Structured,0.3,0.0,0.29544444444444445,0.3344,0.3218460554406035,0.3471177143042298
17,Structured,0.3,0.15,0.29544444444444445,0.33455,0.32199457485077004,0.34726904650107615
17,Structured,0.3,0.3,0.29544444444444445,0.3367,0.32412351009900786,0.34943798430359074
17,Structured,0.3,0.45,0.29544444444444445,0.3357,0.32313327117306356,0.3484292125043359
18,MCAR,0.0,0.0,0.0,0.31145,0.2991397546142218,0.32394672122884943
18,MCAR,0.0,0.15,0.0,0.31425,0.3019081649469298,0.3267755404293206
18,MCAR,0.0,0.3,0.0,0.315,0.3026497925005713,0.32753317079758476
18,MCAR,0.0,0.45,0.0,0.31495,0.30260034949630354,0.3274826632735786
18,MCAR,0.1,0.0,0.099,0.3214,0.3089798655404435,0.3339967655449826
18,MCAR,0.1,0.15,0.099,0.32345,0.31100803726795706,0.3360665655993038
18,MCAR,0.1,0.3,0.099,0.32585,0.3133828306603088,0.33848939774855347
18,MCAR,0.1,0.45,0.099,0.32325,0.310810154758667,0.33586464598210725
18,MCAR,0.2,0.0,0.1922222222222222,0.32725,0.3147682995636376,0.33990254376449286
18,MCAR,0.2,0.15,0.1922222222222222,0.3308,0.31828202019994334,0.3434853110237026
18,MCAR,0.2,0.3,0.1922222222222222,0.33165,0.3191234537995889,0.3443430365111074
18,MCAR,0.2,0.45,0.1922222222222222,0.33145,0.31892546525830595,0.34414122291379884
18,MCAR,0.3,0.0,0.2892222222222222,0.3359,0.3233313138871395,0.348630971934757
18,MCAR,0.3,0.15,0.2892222222222222,0.3387,0.3261041777289999,0.35145533814416746
18,MCAR,0.3,0.3,0.2892222222222222,0.33915,0.3265498627301832,0.351909207977529
18,MCAR,0.3,0.45,0.2892222222222222,0.3362,0.3236283827141665,0.3489336063249843
18,MAR,0.0,0.0,0.0,0.31145,0.2991397546142218,0.32394672122884943
18,MAR,0.0,0.15,0.0,0.31425,0.3019081649469298,0.3267755404293206
18,MAR,0.0,0.3,0.0,0.315,0.3026497925005713,0.32753317079758476
18,MAR,0.0,0.45,0.0,0.31495,0.30260034949630354,0.3274826632735786
18,MAR,0.1,0.0,0.09811111111111111,0.3198,0.3073970937130843,0.33238112039469464
18,MAR,0.1,0.15,0.09811111111111111,0.32135,0.30893040137553046,0.3339462791790372
18,MAR,0.1,0.3,0.09811111111111111,0.32395,0.3115027549605471,0.33657135322427195
18,MAR,0.1,0.45,0.09811111111111111,0.3219,0.30947451620574834,0.33450162018931257
18,MAR,0.2,0.0,0.1948888888888889,0.3254,0.31293752836204436,0.33803514525445066
18,MAR,0.2,0.15,0.1948888888888889,0.32945,0.31694572095673856,0.34212294584515895
18,MAR,0.2,0.3,0.1948888888888889,0.33065,0.3181335367262336,0.34333394289435043
18,MAR,0.2,0.45,0.1948888888888889,0.3273,0.3148177829430392,0.33995301091819224
18,MAR,0.3,0.0,0.29544444444444445,0.33025,0.31773758785647443,0.34293028749006393
18,MAR,0.3,0.15,0.29544444444444445,0.33385,0.32130149652209694,0.34656281733168964
18,MAR,0.3,0.3,0.29544444444444445,0.33375,0.3212024878794126,0.34646192490350136
18,MAR,0.3,0.45,0.29544444444444445,0.3311,0.31857899147690044,0.3437880429533525
18,MNAR,0.0,0.0,0.0,0.31145,0.2991397546142218,0.32394672122884943
18,MNAR,0.0,0.15,0.0,0.31425,0.3019081649469298,0.3267755404293206
18,MNAR,0.0,0.3,0.0,0.315,0.3026497925005713,0.32753317079758476
18,MNAR,0.0,0.45,0.0,0.31495,0.30260034949630354,0.3274826632735786
18,MNAR,0.1,0.0,0.09844444444444445,0.31825,0.30586394427095553,0.33081580340912303
18,MNAR,0.1,0.15,0.09844444444444445,0.3205,0.308089535682197,0.33308798585081767
18,MNAR,0.1,0.3,0.09844444444444445,0.3221,0.30967238105911493,0.3347035574603453
18,MNAR,0.1,0.45,0.09844444444444445,0.3197,0.3072981760647233,0.3322801369826241
18,MNAR,0.2,0.0,0.18866666666666668,0.3197,0.3072981760647233,0.3322801369826241
18,MNAR,0.2,0.15,0.18866666666666668,0.3226,0.3101670546494279,0.33520838918239104
18,MNAR,0.2,0.3,0.18866666666666668,0.3249,0.3124427634602451,0.3375304048331822
18,MNAR,0.2,0.45,0.18866666666666668,0.3235,0.3110575083032626,0.33611704509566936
18,MNAR,0.3,0.0,0.288,0.325,0.31254171514039103,0.33763135421750073
18,MNAR,0.3,0.15,0.288,0.3268,0.314322956427803,0.33944833210325964
18,MNAR,0.3,0.3,0.288,0.32815,0.3156590251145399,0.34081092781221295
18,MNAR,0.3,0.45,0.288,0.32605,0.31358074701185357,0.3386912835274378
18,Structured,0.0,0.0,0.0,0.31145,0.2991397546142218,0.32394672122884943
18,Structured,0.0,0.15,0.0,0.31425,0.3019081649469298,0.3267755404293206
18,Structured,0.0,0.3,0.0,0.315,0.3026497925005713,0.32753317079758476
18,Structured,0.0,0.45,0.0,0.31495,0.30260034949630354,0.3274826632735786
18,Structured,0.1,0.0,0.09855555555555555,0.32095,0.3085346939623258,0.3335423823460982
18,Structured,0.1,0.15,0.09855555555555555,0.3215,0.30907879436222013,0.33409773778497565
18,Structured,0.1,0.3,0.09855555555555555,0.3231,0.3106617445907809,0.33571320455533077
18,Structured,0.1,0.45,0.09855555555555555,0.32255,0.31011758655427196,0.33515790674622464
18,Structured,0.2,0.0,0.19611111111111112,0.32435,0.31189854084985774,0.33697517159038165
18,Structured,0.2,0.15,0.19611111111111112,0.3267,0.31422399306660215,0.3393473943986484
18,Structured,0.2,0.3,0.19611111111111112,0.3292,0.3166982709927386,0.3418706431399064
18,Structured,0.2,0.45,0.19611111111111112,0.3289,0.31640133634797757,0.34156787458216537
18,Structured,0.3,0.0,0.2917777777777778,0.3306,0.3180840425558255,0.3432834865304386
18,Structured,0.3,0.15,0.2917777777777778,0.33265,0.32011343489721317,0.34535206611068126
18,Structured,0.3,0.3,0.2917777777777778,0.33455,0.32199457485077004,0.34726904650107615
18,Structured,0.3,0.45,0.2917777777777778,0.33305,0.3205094452304919,0.34575566005824937
19,MCAR,0.0,0.0,0.0,0.3166,0.3042320565122818,0.3291493237015445
19,MCAR,0.0,0.15,0.0,0.3191,0.30670468401354845,0.33167422267288876
19,MCAR,0.0,0.3,0.0,0.3189,0.30650685860576193,0.33147224596100905
19,MCAR,0.0,0.45,0.0,0.3184,0.3060123066399159,0.3309672926290978
19,MCAR,0.1,0.0,0.09977777777777778,0.3239,0.3114532824575702,0.33652087519540624
19,MCAR,0.1,0.15,0.09977777777777778,0.32375,0.311304865926694,0.3363694401308725
19,MCAR,0.1,0.3,0.09977777777777778,0.32425,0.311799593400222,0.336874217976048
19,MCAR,0.1,0.45,0.09977777777777778,0.3257,0.3132343951000648,0.33833798171117313
19,MCAR,0.2,0.0,0.20333333333333334,0.33145,0.31892546525830595,0.34414122291379884
19,MCAR,0.2,0.15,0.20333333333333334,0.33045,0.31793556100734865,0.34313211647606845
19,MCAR,0.2,0.3,0.20333333333333334,0.33225,0.319717434784573,0.34494846194359635
19,MCAR,0.2,0.45,0.20333333333333334,0.3334,0.32085596264897615,0.3461087963864251
19,MCAR,0.3,0.0,0.3048888888888889,0.33865,0.32605465796096494,0.35140490737511515
19,MCAR,0.3,0.15,0.3048888888888889,0.3388,0.3262032177377809,0.3515561992096154
19,MCAR,0.3,0.3,0.3048888888888889,0.339,0.32640129964570497,0.3517579194503437
19,MCAR,0.3,0.45,0.3048888888888889,0.3391,0.326500341544577,0.35185877862589626
19,MAR,0.0,0.0,0.0,0.3166,0.3042320565122818,0.3291493237015445
19,MAR,0.0,0.15,0.0,0.3191,0.30670468401354845,0.33167422267288876
19,MAR,0.0,0.3,0.0,0.3189,0.30650685860576193,0.33147224596100905
19,MAR,0.0,0.45,0.0,0.3184,0.3060123066399159,0.3309672926290978
19,MAR,0.1,0.0,0.10022222222222223,0.32285,0.310414397577468,0.33546079891125663
19,MAR,0.1,0.15,0.10022222222222223,0.3215,0.30907879436222013,0.33409773778497565
19,MAR,0.1,0.3,0.10022222222222223,0.3223,0.3098702485318402,0.33490549211233167
19,MAR,0.1,0.45,0.10022222222222223,0.32455,0.3120964377028049,0.3371770768656013
19,MAR,0.2,0.0,0.20566666666666666,0.32925,0.31674776066368404,0.3419211040027758
19,MAR,0.2,0.15,0.20566666666666666,0.32675,0.3142734746662569,0.33939786333189076
19,MAR,0.2,0.3,0.20566666666666666,0.3274,0.31491675018686505,0.3400539447406214
19,MAR,0.2,0.45,0.20566666666666666,0.32885,0.3163518478041754,0.3415174125922792
19,MAR,0.3,0.0,0.31044444444444447,0.334,0.32145001068058027,0.3467141547796499
19,MAR,0.3,0.15,0.31044444444444447,0.33335,0.3208064596821951,0.3460583488179169
19,MAR,0.3,0.3,0.31044444444444447,0.33375,0.3212024878794126,0.34646192490350136
19,MAR,0.3,0.45,0.31044444444444447,0.3334,0.32085596264897615,0.3461087963864251
19,MNAR,0.0,0.0,0.0,0.3166,0.3042320565122818,0.3291493237015445
19,MNAR,0.0,0.15,0.0,0.3191,0.30670468401354845,0.33167422267288876
19,MNAR,0.0,0.3,0.0,0.3189,0.30650685860576193,0.33147224596100905
19,MNAR,0.0,0.45,0.0,0.3184,0.3060123066399159,0.3309672926290978
19,MNAR,0.1,0.0,0.09855555555555555,0.32,0.30759493098532764,0.3325830852435503
19,MNAR,0.1,0.15,0.09855555555555555,0.3199,0.307496012020006,0.3324821031482824
19,MNAR,0.1,0.3,0.09855555555555555,0.322,0.3095734483049318,0.33460258915229024
19,MNAR,0.1,0.45,0.09855555555555555,0.3234,0.3109585663958255,0.3360160859397857
19,MNAR,0.2,0.0,0.20277777777777778,0.3254,0.31293752836204436,0.33803514525445066
19,MNAR,0.2,0.15,0.20277777777777778,0.3241,0.3116511734472572,0.3367227863332031
19,MNAR,0.2,0.3,0.20277777777777778,0.32535,0.31288805114069757,0.3379846719434052
19,MNAR,0.2,0.45,0.20277777777777778,0.3253,0.31283857408178145,0.33793419846994943
19,MNAR,0.3,0.0,0.30666666666666664,0.32755,0.3150652022648783,0.34020534426212945
19,MNAR,0.3,0.15,0.30666666666666664,0.3263,0.3138281460997241,0.33894363710302455
19,MNAR,0.3,0.3,0.30666666666666664,0.3278,0.31531262562636336,0.3404576735668829
19,MNAR,0.3,0.45,0.30666666666666664,0.3271,0.3146198503957075,0.33975114133323275
19,Structured,0.0,0.0,0.0,0.3166,0.3042320565122818,0.3291493237015445
19,Structured,0.0,0.15,0.0,0.3191,0.30670468401354845,0.33167422267288876
19,Structured,0.0,0.3,0.0,0.3189,0.30650685860576193,0.33147224596100905
19,Structured,0.0,0.45,0.0,0.3184,0.3060123066399159,0.3309672926290978
19,Structured,0.1,0.0,0.093,0.32315,0.31071121448345784,0.33576368519418903
19,Structured,0.1,0.15,0.093,0.32535,0.31288805114069757,0.3379846719434052
19,Structured,0.1,0.3,0.093,0.3268,0.314322956427803,0.33944833210325964
19,Structured,0.1,0.45,0.093,0.32675,0.3142734746662569,0.33939786333189076
19,Structured,0.2,0.0,0.201,0.3298,0.3172921576624143,0.3424761628771953
19,Structured,0.2,0.15,0.201,0.3299,0.31739114102527166,0.3425770805824189
19,Structured,0.2,0.3,0.201,0.33195,0.3194204414129606,0.3446457521061544
19,Structured,0.2,0.45,0.201,0.33195,0.3194204414129606,0.3446457521061544
19,Structured,0.3,0.0,0.304,0.3339,0.321351001082349,0.3466132633069022
19,Structured,0.3,0.15,0.304,0.3364,0.32382643176783144,0.3491353594164961
19,Structured,0.3,0.3,0.304,0.3368,0.3242225374756916,0.349538857999799
19,Structured,0.3,0.45,0.304,0.33635,0.3237769192668205,0.34908492138118846
20,MCAR,0.0,0.0,0.0,0.3096,0.2973109155070409,0.3220773908599702
20,MCAR,0.0,0.15,0.0,0.3148,0.302452021483623,0.32733113970156547
20,MCAR,0.0,0.3,0.0,0.312,0.2996835079935154,0.3245024236454442
20,MCAR,0.0,0.45,0.0,0.31035,0.2980523089415026,0.3228352553176208
20,MCAR,0.1,0.0,0.09988888888888889,0.318,0.30561667696189077,0.3305633180703665
20,MCAR,0.1,0.15,0.09988888888888889,0.3213,0.3088809373746293,0.33389579264910246
20,MCAR,0.1,0.3,0.09988888888888889,0.31865,0.3062595805589168,0.3312197713587241
20,MCAR,0.1,0.45,0.09988888888888889,0.31755,0.3051716062264839,0.33010883404096775
20,MCAR,0.2,0.0,0.197,0.32595,0.3134817885116856,0.3385903409623554
20,MCAR,0.2,0.15,0.197,0.32905,0.31654980294576396,0.3417192595855475
20,MCAR,0.2,0.3,0.197,0.3265,0.3140260682872722,0.33914551704657897
20,MCAR,0.2,0.45,0.197,0.32285,0.310414397577468,0.33546079891125663
20,MCAR,0.3,0.0,0.2975555555555556,0.3339,0.321351001082349,0.3466132633069022
20,MCAR,0.3,0.15,0.2975555555555556,0.33595,0.32338082496205833,0.3486814113960058
20,MCAR,0.3,0.3,0.2975555555555556,0.3349,0.322341125705946,0.3476221493961955
20,MCAR,0.3,0.45,0.2975555555555556,0.33025,0.31773758785647443,0.34293028749006393
20,MAR,0.0,0.0,0.0,0.3096,0.2973109155070409,0.3220773908599702
20,MAR,0.0,0.15,0.0,0.3148,0.302452021483623,0.32733113970156547
20,MAR,0.0,0.3,0.0,0.312,0.2996835079935154,0.3245024236454442
20,MAR,0.0,0.45,0.0,0.31035,0.2980523089415026,0.3228352553176208
20,MAR,0.1,0.0,0.09911111111111111,0.31745,0.30507270343936244,0.33000783576946596
20,MAR,0.1,0.15,0.09911111111111111,0.3197,0.3072981760647233,0.3322801369826241
20,MAR,0.1,0.3,0.09911111111111111,0.3165,0.30413316002523744,0.3290483191307408
20,MAR,0.1,0.45,0.09911111111111111,0.31435,0.3020070464516807,0.3268765599805515
20,MAR,0.2,0.0,0.20377777777777778,0.32425,0.311799593400222,0.336874217976048
20,MAR,0.2,0.15,0.20377777777777778,0.3262,0.31372918597825206,0.3388426961590586
20,MAR,0.2,0.3,0.20377777777777778,0.32175,0.30932611928544834,0.3343501655165161
20,MAR,0.2,0.45,0.20377777777777778,0.31965,0.3072487174875559,0.3322296450296075
20,MAR,0.3,0.0,0.30366666666666664,0.3286,0.3161044075019812,0.34126510022631174
20,MAR,0.3,0.15,0.30366666666666664,0.3303,0.317787080903377,0.34298074497735426
20,MAR,0.3,0.3,0.30366666666666664,0.32765,0.3151641711248472,0.34030627646860007
20,MAR,0.3,0.45,0.30366666666666664,0.32485,0.31239328786407033,0.33747992989715636
20,MNAR,0.0,0.0,0.0,0.3096,0.2973109155070409,0.3220773908599702
20,MNAR,0.0,0.15,0.0,0.3148,0.302452021483623,0.32733113970156547
20,MNAR,0.0,0.3,0.0,0.312,0.2996835079935154,0.3245024236454442
20,MNAR,0.0,0.45,0.0,0.31035,0.2980523089415026,0.3228352553176208
20,MNAR,0.1,0.0,0.09855555555555555,0.3135,0.30116657496236793,0.32601787249669084
20,MNAR,0.1,0.15,0.09855555555555555,0.3174,0.3050232522942112,0.3299573363853365
20,MNAR,0.1,0.3,0.09855555555555555,0.31465,0.3023036949715725,0.32717961462911005
20,MNAR,0.1,0.45,0.09855555555555555,0.31225,0.2999306753404593,0.3247550089338517
20,MNAR,0.2,0.0,0.19733333333333333,0.31815,0.305765036851346,0.33071480976954304
20,MNAR,0.2,0.15,0.19733333333333333,0.3211,0.3086830830115387,0.33369384488904247
20,MNAR,0.2,0.3,0.19733333333333333,0.31945,0.3070508848261078,0.33202767557051155
20,MNAR,0.2,0.45,0.19733333333333333,0.31725,0.30487489985264593,0.3298058372391819
20,MNAR,0.3,0.0,0.2975555555555556,0.32395,0.3115027549605471,0.33657135322427195
20,MNAR,0.3,0.15,0.2975555555555556,0.32575,0.3132838734578776,0.3383884538858833
20,MNAR,0.3,0.3,0.2975555555555556,0.3223,0.3098702485318402,0.33490549211233167
20,MNAR,0.3,0.45,0.2975555555555556,0.3194,0.3070014270726545,0.33197718279387894
20,Structured,0.0,0.0,0.0,0.3096,0.2973109155070409,0.3220773908599702
20,Structured,0.0,0.15,0.0,0.3148,0.302452021483623,0.32733113970156547
20,Structured,0.0,0.3,0.0,0.312,0.2996835079935154,0.3245024236454442
20,Structured,0.0,0.45,0.0,0.31035,0.2980523089415026,0.3228352553176208
20,Structured,0.1,0.0,0.09666666666666666,0.31555,0.3031936765417547,0.3280887425687762
20,Structured,0.1,0.15,0.09666666666666666,0.3213,0.3088809373746293,0.33389579264910246
20,Structured,0.1,0.3,0.09666666666666666,0.32,0.30759493098532764,0.3325830852435503
20,Structured,0.1,0.45,0.09666666666666666,0.31705,0.3046770989170781,0.3296038360580734
20,Structured,0.2,0.0,0.192,0.32275,0.31031545991588017,0.3353598355100246
20,Structured,0.2,0.15,0.192,0.32935,0.31684674048839406,0.3420220252457483
20,Structured,0.2,0.3,0.192,0.3281,0.31560953898914385,0.3407604634041946
20,Structured,0.2,0.45,0.192,0.32435,0.31189854084985774,0.33697517159038165
20,Structured,0.3,0.0,0.295,0.331,0.3184800004100062,0.3436871329513058
20,Structured,0.3,0.15,0.295,0.33545,0.3228857213493738,0.34817700964778836
20,Structured,0.3,0.3,0.295,0.3344,0.3218460554406035,0.3471177143042298
20,Structured,0.3,0.45,0.295,0.331,0.3184800004100062,0.3436871329513058
21,MCAR,0.0,0.0,0.0,0.3067,0.29444455274807,0.319146623149493
21,MCAR,0.0,0.15,0.0,0.31175,0.29943634484546244,0.324249834158681
21,MCAR,0.0,0.3,0.0,0.31325,0.3009193866621551,0.3257653081588936
21,MCAR,0.0,0.45,0.0,0.3077,0.2954328891920708,0.3201572972037389
21,MCAR,0.1,0.0,0.10066666666666667,0.314,0.30166096410746607,0.3265229886291944
21,MCAR,0.1,0.15,0.10066666666666667,0.3186,0.30621012544480636,0.3311692759430689
21,MCAR,0.1,0.3,0.10066666666666667,0.32025,0.30784223127805177,0.33283553760264833
21,MCAR,0.1,0.45,0.10066666666666667,0.3144,0.30205648745446245,0.32692706950579176
21,MCAR,0.2,0.0,0.1981111111111111,0.32055,0.3081389970561719,0.33313847500736427
21,MCAR,0.2,0.15,0.1981111111111111,0.32695,0.3144714026835909,0.3395997374463271
21,MCAR,0.2,0.3,0.1981111111111111,0.3291,0.31659929213376026,0.3417697209313116
21,MCAR,0.2,0.45,0.1981111111111111,0.32355,0.3111069795017209,0.3361675244289006
21,MCAR,0.3,0.0,0.29888888888888887,0.3287,0.31620338313942253,0.3413660256560804
21,MCAR,0.3,0.15,0.29888888888888887,0.33505,0.3224896498847806,0.34777347682488796
21,MCAR,0.3,0.3,0.29888888888888887,0.3367,0.32412351009900786,0.34943798430359074
21,MCAR,0.3,0.45,0.29888888888888887,0.3304,0.3178860674788329,0.3430816594703374
21,MAR,0.0,0.0,0.0,0.3067,0.29444455274807,0.319146623149493
21,MAR,0.0,0.15,0.0,0.31175,0.29943634484546244,0.324249834158681
21,MAR,0.0,0.3,0.0,0.31325,0.3009193866621551,0.3257653081588936
21,MAR,0.0,0.45,0.0,0.3077,0.2954328891920708,0.3201572972037389
21,MAR,0.1,0.0,0.09811111111111111,0.3101,0.29780517357569913,0.3225826380521754
21,MAR,0.1,0.15,0.09811111111111111,0.3163,0.30393536904346846,0.32884630799706055
21,MAR,0.1,0.3,0.09811111111111111,0.3178,0.30541886609141694,0.3303613268229464
21,MAR,0.1,0.45,0.09811111111111111,0.3119,0.2995846422302726,0.324401388354696
21,MAR,0.2,0.0,0.19677777777777777,0.31645,0.30408371203072354,0.3289978165963611
21,MAR,0.2,0.15,0.19677777777777777,0.32125,0.30883147353775925,0.3338453059551554
21,MAR,0.2,0.3,0.19677777777777777,0.3214,0.3089798655404435,0.3339967655449826
21,MAR,0.2,0.45,0.19677777777777777,0.31665,0.30428150500477,0.32919982573800927
21,MAR,0.3,0.0,0.29355555555555557,0.3248,0.3123438124305175,0.3374294547985224
21,MAR,0.3,0.15,0.29355555555555557,0.32945,0.31694572095673856,0.34212294584515895
21,MAR,0.3,0.3,0.29355555555555557,0.33115,0.31862848725074827,0.343838497714001
21,MAR,0.3,0.45,0.29355555555555557,0.3239,0.3114532824575702,0.33652087519540624
21,MNAR,0.0,0.0,0.0,0.3067,0.29444455274807,0.319146623149493
21,MNAR,0.0,0.15,0.0,0.31175,0.29943634484546244,0.324249834158681
21,MNAR,0.0,0.3,0.0,0.31325,0.3009193866621551,0.3257653081588936
21,MNAR,0.0,0.45,0.0,0.3077,0.2954328891920708,0.3201572972037389
21,MNAR,0.1,0.0,0.10211111111111111,0.30905,0.29676725115502983,0.3215215994275627
21,MNAR,0.1,0.15,0.10211111111111111,0.3155,0.3031442317055052,0.3280382368765244
21,MNAR,0.1,0.3,0.10211111111111111,0.31645,0.30408371203072354,0.3289978165963611
21,MNAR,0.1,0.45,0.10211111111111111,0.31095,0.2986454510204443,0.3234415195558987
21,MNAR,0.2,0.0,0.20022222222222222,0.313,0.3006722025471265,0.3255127396364421
21,MNAR,0.2,0.15,0.20022222222222222,0.31935,0.3069519694840064,0.331926689852461
21,MNAR,0.2,0.3,0.20022222222222222,0.3196,0.3071992590750897,0.3321791529119073
21,MNAR,0.2,0.45,0.20022222222222222,0.314,0.30166096410746607,0.3265229886291944
21,MNAR,0.3,0.0,0.2966666666666667,0.3157,0.30334201204891303,0.3282402586472477
21,MNAR,0.3,0.15,0.2966666666666667,0.32165,0.3092271888244659,0.334249194915533
21,MNAR,0.3,0.3,0.2966666666666667,0.3233,0.31085962514116033,0.33591512613120683
21,MNAR,0.3,0.45,0.2966666666666667,0.317,0.30462764909758594,0.3295533353484476
21,Structured,0.0,0.0,0.0,0.3067,0.29444455274807,0.319146623149493
21,Structured,0.0,0.15,0.0,0.31175,0.29943634484546244,0.324249834158681
21,Structured,0.0,0.3,0.0,0.31325,0.3009193866621551,0.3257653081588936
21,Structured,0.0,0.45,0.0,0.3077,0.2954328891920708,0.3201572972037389
21,Structured,0.1,0.0,0.10833333333333334,0.31395,0.3016115244407332,0.3264724777680732
21,Structured,0.1,0.15,0.10833333333333334,0.31775,0.30536941378741245,0.33031082859752725
21,Structured,0.1,0.3,0.10833333333333334,0.3179,0.305517771195804,0.33046232277746507
21,Structured,0.1,0.45,0.10833333333333334,0.3119,0.2995846422302726,0.324401388354696
21,Structured,0.2,0.0,0.21133333333333335,0.3187,0.3063090358381418,0.3312702666092851
21,Structured,0.2,0.15,0.21133333333333335,0.3223,0.3098702485318402,0.33490549211233167
21,Structured,0.2,0.3,0.21133333333333335,0.32365,0.31120592238801836,0.33626848260603664
21,Structured,0.2,0.45,0.21133333333333335,0.3181,0.3057155833895122,0.3306643127018125
21,Structured,0.3,0.0,0.3111111111111111,0.3238,0.31135433794062406,0.33641991864872695
21,Structured,0.3,0.15,0.3111111111111111,0.32805,0.31556005302512685,0.3407099988348175
21,Structured,0.3,0.3,0.3111111111111111,0.3282,0.315708511401294,0.34086139205889027
21,Structured,0.3,0.45,0.3111111111111111,0.3238,0.31135433794062406,0.33641991864872695
22,MCAR,0.0,0.0,0.0,0.31565,0.30329256671347965,0.3281897534541162
22,MCAR,0.0,0.15,0.0,0.3195,0.30710034274434517,0.3320781681823802
22,MCAR,0.0,0.3,0.0,0.3184,0.3060123066399159,0.3309672926290978
22,MCAR,0.0,0.45,0.0,0.3161,0.3037375807192537,0.3286442942061563
22,MCAR,0.1,0.0,0.10088888888888889,0.32295,0.3105133358926994,0.33556176165892226
22,MCAR,0.1,0.15,0.10088888888888889,0.3257,0.3132343951000648,0.33833798171117313
22,MCAR,0.1,0.3,0.10088888888888889,0.32395,0.3115027549605471,0.33657135322427195
22,MCAR,0.1,0.45,0.10088888888888889,0.3213,0.3088809373746293,0.33389579264910246
22,MCAR,0.2,0.0,0.20244444444444445,0.32915,0.31664878148275777,0.3418201821160919
22,MCAR,0.2,0.15,0.20244444444444445,0.3315,0.31897496215347154,0.34419167655325383
22,MCAR,0.2,0.3,0.20244444444444445,0.3323,0.3197669342393961,0.34499891302367736
22,MCAR,0.2,0.45,0.20244444444444445,0.3306,0.3180840425558255,0.3432834865304386
22,MCAR,0.3,0.0,0.30633333333333335,0.33745,0.324866230845234,0.35019452160569353
22,MCAR,0.3,0.15,0.30633333333333335,0.338,0.3254109153236592,0.35074929303177305
22,MCAR,0.3,0.3,0.30633333333333335,0.34095,0.32833273012448927,0.35372455993467333
22,MCAR,0.3,0.45,0.30633333333333335,0.33705,0.32447010868609755,0.34979103947191703
22,MAR,0.0,0.0,0.0,0.31565,0.30329256671347965,0.3281897534541162
22,MAR,0.0,0.15,0.0,0.3195,0.30710034274434517,0.3320781681823802
22,MAR,0.0,0.3,0.0,0.3184,0.3060123066399159,0.3309672926290978
22,MAR,0.0,0.45,0.0,0.3161,0.3037375807192537,0.3286442942061563
22,MAR,0.1,0.0,0.10255555555555555,0.32035,0.30794115254648186,0.33293651739508434
22,MAR,0.1,0.15,0.10255555555555555,0.32315,0.31071121448345784,0.33576368519418903
22,MAR,0.1,0.3,0.10255555555555555,0.32205,0.3096229146001584,0.33465307338817346
22,MAR,0.1,0.45,0.10255555555555555,0.31885,0.3064574026662897,0.3314217513706159
22,MAR,0.2,0.0,0.20355555555555555,0.3258,0.31333335197796613,0.3384389258983372
22,MAR,0.2,0.15,0.20355555555555555,0.32735,0.31486726648412083,0.3400034779102285
22,MAR,0.2,0.3,0.20355555555555555,0.32735,0.31486726648412083,0.3400034779102285
22,MAR,0.2,0.45,0.20355555555555555,0.32465,0.31219538710580347,0.3372780285267999
22,MAR,0.3,0.0,0.30566666666666664,0.33115,0.31862848725074827,0.343838497714001
22,MAR,0.3,0.15,0.30566666666666664,0.33205,0.31951943856388754,0.3447466560248416
22,MAR,0.3,0.3,0.30566666666666664,0.33315,0.32060844940970545,0.3458565569494242
22,MAR,0.3,0.45,0.30566666666666664,0.3291,0.31659929213376026,0.3417697209313116
22,MNAR,0.0,0.0,0.0,0.31565,0.30329256671347965,0.3281897534541162
22,MNAR,0.0,0.15,0.0,0.3195,0.30710034274434517,0.3320781681823802
22,MNAR,0.0,0.3,0.0,0.3184,0.3060123066399159,0.3309672926290978
22,MNAR,0.0,0.45,0.0,0.3161,0.3037375807192537,0.3286442942061563
22,MNAR,0.1,0.0,0.10066666666666667,0.3202,0.3077927708905119,0.3327850474597839
22,MNAR,0.1,0.15,0.10066666666666667,0.32265,0.3102165229080941,0.33525887145506794
22,MNAR,0.1,0.3,0.10066666666666667,0.32165,0.3092271888244659,0.334249194915533
22,MNAR,0.1,0.45,0.10066666666666667,0.31895,0.3065563147102445,0.33152274038641333
22,MNAR,0.2,0.0,0.20355555555555555,0.3215,0.30907879436222013,0.33409773778497565
22,MNAR,0.2,0.15,0.20355555555555555,0.3249,0.3124427634602451,0.3375304048331822
22,MNAR,0.2,0.3,0.20355555555555555,0.3247,0.3122448620513657,0.33732850411336474
22,MNAR,0.2,0.45,0.20355555555555555,0.31885,0.3064574026662897,0.3314217513706159
22,MNAR,0.3,0.0,0.3025555555555556,0.3238,0.31135433794062406,0.33641991864872695
22,MNAR,0.3,0.15,0.3025555555555556,0.32475,0.3122943371596104,0.3373789795372659
22,MNAR,0.3,0.3,0.3025555555555556,0.32655,0.314075549239173,0.3391959866275007
22,MNAR,0.3,0.45,0.3025555555555556,0.3242,0.31175011991968216,0.3368237409246318
22,Structured,0.0,0.0,0.0,0.31565,0.30329256671347965,0.3281897534541162
22,Structured,0.0,0.15,0.0,0.3195,0.30710034274434517,0.3320781681823802
22,Structured,0.0,0.3,0.0,0.3184,0.3060123066399159,0.3309672926290978
22,Structured,0.0,0.45,0.0,0.3161,0.3037375807192537,0.3286442942061563
22,Structured,0.1,0.0,0.10455555555555555,0.32445,0.31199748895077084,0.33707612455351393
22,Structured,0.1,0.15,0.10455555555555555,0.32685,0.31437243835121914,0.3394988007127762
22,Structured,0.1,0.3,0.10455555555555555,0.3272,0.3147188163459344,0.3398520764491144
22,Structured,0.1,0.45,0.10455555555555555,0.32425,0.311799593400222,0.336874217976048
22,Structured,0.2,0.0,0.2048888888888889,0.32835,0.3158569712295204,0.3410127838310685
22,Structured,0.2,0.15,0.2048888888888889,0.3319,0.3193709430774139,0.34459529990691967
22,Structured,0.2,0.3,0.2048888888888889,0.3315,0.31897496215347154,0.34419167655325383
22,Structured,0.2,0.45,0.2048888888888889,0.33015,0.3176386022444089,0.34282937203379654
22,Structured,0.3,0.0,0.30444444444444446,0.33325,0.32070745422698754,0.345957453202598
22,Structured,0.3,0.15,0.30444444444444446,0.33745,0.324866230845234,0.35019452160569353
22,Structured,0.3,0.3,0.30444444444444446,0.33865,0.32605465796096494,0.35140490737511515
22,Structured,0.3,0.45,0.30444444444444446,0.337,0.32442059412766366,0.3497406034938131
23,MCAR,0.0,0.0,0.0,0.31875,0.30635849128245896,0.3313207616947738
23,MCAR,0.0,0.15,0.0,0.3203,0.3078916918300486,0.33288602758107433
23,MCAR,0.0,0.3,0.0,0.322,0.3095734483049318,0.33460258915229024
23,MCAR,0.0,0.45,0.0,0.323,0.3105628052953818,0.3356122427877165
23,MCAR,0.1,0.0,0.10477777777777778,0.3239,0.3114532824575702,0.33652087519540624
23,MCAR,0.1,0.15,0.10477777777777778,0.32735,0.31486726648412083,0.3400034779102285
23,MCAR,0.1,0.3,0.10477777777777778,0.32895,0.31645082505285427,0.3416183364109931
23,MCAR,0.1,0.45,0.10477777777777778,0.3281,0.31560953898914385,0.3407604634041946
23,MCAR,0.2,0.0,0.20444444444444446,0.3333,0.32075695687485883,0.34600790108998053
23,MCAR,0.2,0.15,0.20444444444444446,0.3365,0.32392545724493876,0.34923623501207823
23,MCAR,0.2,0.3,0.20444444444444446,0.33745,0.324866230845234,0.35019452160569353
23,MCAR,0.2,0.45,0.20444444444444446,0.33315,0.32060844940970545,0.3458565569494242
23,MCAR,0.3,0.0,0.30344444444444446,0.33925,0.3266489055736426,0.35201006620859243
23,MCAR,0.3,0.15,0.30344444444444446,0.3437,0.33105694748777276,0.35649762217647046
23,MCAR,0.3,0.3,0.30344444444444446,0.34515,0.3324935430836097,0.35795959220984847
23,MCAR,0.3,0.45,0.30344444444444446,0.33975,0.32714412923158276,0.35251434792426
23,MAR,0.0,0.0,0.0,0.31875,0.30635849128245896,0.3313207616947738
23,MAR,0.0,0.15,0.0,0.3203,0.3078916918300486,0.33288602758107433
23,MAR,0.0,0.3,0.0,0.322,0.3095734483049318,0.33460258915229024
23,MAR,0.0,0.45,0.0,0.323,0.3105628052953818,0.3356122427877165
23,MAR,0.1,0.0,0.10188888888888889,0.3214,0.3089798655404435,0.3339967655449826
23,MAR,0.1,0.15,0.10188888888888889,0.32525,0.31278909718531367,0.33788372483406354
23,MAR,0.1,0.3,0.10188888888888889,0.32665,0.3141745116288572,0.3392969253035149
23,MAR,0.1,0.45,0.10188888888888889,0.3266,0.31412503035304107,0.33924645604647263
23,MAR,0.2,0.0,0.20044444444444445,0.3295,0.3169952114322278,0.34217340590357503
23,MAR,0.2,0.15,0.20044444444444445,0.33215,0.31961843635447373,0.3448475593039403
23,MAR,0.2,0.3,0.20044444444444445,0.33255,0.3200144339105071,0.3452511660273507
23,MAR,0.2,0.45,0.20044444444444445,0.3302,0.31768809497014566,0.34287982984221765
23,MAR,0.3,0.0,0.301,0.33575,0.32318278161370734,0.3484796525997909
23,MAR,0.3,0.15,0.301,0.3377,0.32511381233038233,0.35044669280416113
23,MAR,0.3,0.3,0.301,0.33765,0.3250642957174475,0.3503962588803393
23,MAR,0.3,0.45,0.301,0.3312,0.31867798318484075,0.3438889523144232
23,MNAR,0.0,0.0,0.0,0.31875,0.30635849128245896,0.3313207616947738
23,MNAR,0.0,0.15,0.0,0.3203,0.3078916918300486,0.33288602758107433
23,MNAR,0.0,0.3,0.0,0.322,0.3095734483049318,0.33460258915229024
23,MNAR,0.0,0.45,0.0,0.323,0.3105628052953818,0.3356122427877165
23,MNAR,0.1,0.0,0.10011111111111111,0.3215,0.30907879436222013,0.33409773778497565
23,MNAR,0.1,0.15,0.10011111111111111,0.32315,0.31071121448345784,0.33576368519418903
23,MNAR,0.1,0.3,0.10011111111111111,0.32525,0.31278909718531367,0.33788372483406354
23,MNAR,0.1,0.45,0.10011111111111111,0.32485,0.31239328786407033,0.33747992989715636
23,MNAR,0.2,0.0,0.19933333333333333,0.3242,0.31175011991968216,0.3368237409246318
23,MNAR,0.2,0.15,0.19933333333333333,0.3259,0.3134323095048887,0.33853986943655356
23,MNAR,0.2,0.3,0.19933333333333333,0.3269,0.31442192043648837,0.33954926916045897
23,MNAR,0.2,0.45,0.19933333333333333,0.3257,0.3132343951000648,0.33833798171117313
23,MNAR,0.3,0.0,0.29833333333333334,0.32795,0.31546108158129915,0.34060906921191014
23,MNAR,0.3,0.15,0.29833333333333334,0.3312,0.31867798318484075,0.3438889523144232
23,MNAR,0.3,0.3,0.29833333333333334,0.33255,0.3200144339105071,0.3452511660273507
23,MNAR,0.3,0.45,0.29833333333333334,0.3297,0.31719317494252314,0.3423752445290792
23,Structured,0.0,0.0,0.0,0.31875,0.30635849128245896,0.3313207616947738
23,Structured,0.0,0.15,0.0,0.3203,0.3078916918300486,0.33288602758107433
23,Structured,0.0,0.3,0.0,0.322,0.3095734483049318,0.33460258915229024
23,Structured,0.0,0.45,0.0,0.323,0.3105628052953818,0.3356122427877165
23,Structured,0.1,0.0,0.10988888888888888,0.3254,0.31293752836204436,0.33803514525445066
23,Structured,0.1,0.15,0.10988888888888888,0.3264,0.3139271068694487,0.3390445773988144
23,Structured,0.1,0.3,0.10988888888888888,0.3281,0.31560953898914385,0.3407604634041946
23,Structured,0.1,0.45,0.10988888888888888,0.3271,0.3146198503957075,0.33975114133323275
23,Structured,0.2,0.0,0.20655555555555555,0.331,0.3184800004100062,0.3436871329513058
23,Structured,0.2,0.15,0.20655555555555555,0.3309,0.3183810099843053,0.3435862223081383
23,Structured,0.2,0.3,0.20655555555555555,0.3318,0.31927194688624977,0.3444943950285771
23,Structured,0.2,0.45,0.20655555555555555,0.3306,0.3180840425558255,0.3432834865304386
23,Structured,0.3,0.0,0.306,0.33565,0.32308376089103114,0.3483787722502873
23,Structured,0.3,0.15,0.306,0.336,0.3234303361955002,0.34873185069874685
23,Structured,0.3,0.3,0.306,0.33775,0.325163329101234,0.3504971265700817
23,Structured,0.3,0.45,0.306,0.33725,0.32466816850108343,0.3499927818032549
24,MCAR,0.0,0.0,0.0,0.31425,0.3019081649469298,0.3267755404293206
24,MCAR,0.0,0.15,0.0,0.31665,0.30428150500477,0.32919982573800927
24,MCAR,0.0,0.3,0.0,0.3182,0.30581449047850173,0.3307653066719727
24,MCAR,0.0,0.45,0.0,0.3129,0.3005733300735783,0.3254117110551463
24,MCAR,0.1,0.0,0.09544444444444444,0.3237,0.3112553940758189,0.3363189614499823
24,MCAR,0.1,0.15,0.09544444444444444,0.32355,0.3111069795017209,0.3361675244289006
24,MCAR,0.1,0.3,0.09544444444444444,0.32475,0.3122943371596104,0.3373789795372659
24,MCAR,0.1,0.45,0.09544444444444444,0.32145,0.30902932986934606,0.33404725174695443
24,MCAR,0.2,0.0,0.19155555555555556,0.33355,0.3210044725058131,0.34626013813556006
24,MCAR,0.2,0.15,0.19155555555555556,0.33175,0.31922244903066566,0.3444439423494328
24,MCAR,0.2,0.3,0.19155555555555556,0.33255,0.3200144339105071,0.3452511660273507
24,MCAR,0.2,0.45,0.19155555555555556,0.3269,0.31442192043648837,0.33954926916045897
24,MCAR,0.3,0.0,0.29188888888888886,0.3386,0.32600513835052264,0.3513544764484843
24,MCAR,0.3,0.15,0.29188888888888886,0.33685,0.3242720514013851,0.34958929461057675
24,MCAR,0.3,0.3,0.29188888888888886,0.3391,0.326500341544577,0.35185877862589626
24,MCAR,0.3,0.45,0.29188888888888886,0.33325,0.32070745422698754,0.345957453202598
24,MAR,0.0,0.0,0.0,0.31425,0.3019081649469298,0.3267755404293206
24,MAR,0.0,0.15,0.0,0.31665,0.30428150500477,0.32919982573800927
24,MAR,0.0,0.3,0.0,0.3182,0.30581449047850173,0.3307653066719727
24,MAR,0.0,0.45,0.0,0.3129,0.3005733300735783,0.3254117110551463
24,MAR,0.1,0.0,0.09666666666666666,0.32115,0.30873254635619307,0.3337443320751448
24,MAR,0.1,0.15,0.09666666666666666,0.3209,0.3084852312742391,0.33349189450350364
24,MAR,0.1,0.3,0.09666666666666666,0.32115,0.30873254635619307,0.3337443320751448
24,MAR,0.1,0.45,0.09666666666666666,0.31745,0.30507270343936244,0.33000783576946596
24,MAR,0.2,0.0,0.19722222222222222,0.3287,0.31620338313942253,0.3413660256560804
24,MAR,0.2,0.15,0.19722222222222222,0.32655,0.314075549239173,0.3391959866275007
24,MAR,0.2,0.3,0.19722222222222222,0.32625,0.3137786659579477,0.33889316671207453
24,MAR,0.2,0.45,0.19722222222222222,0.3204,0.30799061342733125,0.33298700704469797
24,MAR,0.3,0.0,0.29455555555555557,0.3349,0.322341125705946,0.3476221493961955
24,MAR,0.3,0.15,0.29455555555555557,0.3325,0.31996493365674605,0.3452007157461204
24,MAR,0.3,0.3,0.29455555555555557,0.3347,0.3221430956920949,0.34742037726691705
24,MAR,0.3,0.45,0.29455555555555557,0.3284,0.3159064581615211,0.3410632474325717
24,MNAR,0.0,0.0,0.0,0.31425,0.3019081649469298,0.3267755404293206
24,MNAR,0.0,0.15,0.0,0.31665,0.30428150500477,0.32919982573800927
24,MNAR,0.0,0.3,0.0,0.3182,0.30581449047850173,0.3307653066719727
24,MNAR,0.0,0.45,0.0,0.3129,0.3005733300735783,0.3254117110551463
24,MNAR,0.1,0.0,0.09622222222222222,0.3212,0.30878200986494075,0.33379481909717723
24,MNAR,0.1,0.15,0.09622222222222222,0.3204,0.30799061342733125,0.33298700704469797
24,MNAR,0.1,0.3,0.09622222222222222,0.3215,0.30907879436222013,0.33409773778497565
24,MNAR,0.1,0.45,0.09622222222222222,0.3179,0.305517771195804,0.33046232277746507
24,MNAR,0.2,0.0,0.1942222222222222,0.32335,0.31090909568688696,0.3359656061170938
24,MNAR,0.2,0.15,0.1942222222222222,0.3212,0.30878200986494075,0.33379481909717723
24,MNAR,0.2,0.3,0.1942222222222222,0.32425,0.311799593400222,0.336874217976048
24,MNAR,0.2,0.45,0.1942222222222222,0.3181,0.3057155833895122,0.3306643127018125
24,MNAR,0.3,0.0,0.29644444444444445,0.32615,0.31367970616065793,0.3387922254439605
24,MNAR,0.3,0.15,0.29644444444444445,0.3262,0.31372918597825206,0.3388426961590586
24,MNAR,0.3,0.3,0.29644444444444445,0.32735,0.31486726648412083,0.3400034779102285
24,MNAR,0.3,0.45,0.29644444444444445,0.3194,0.3070014270726545,0.33197718279387894
24,Structured,0.0,0.0,0.0,0.31425,0.3019081649469298,0.3267755404293206
24,Structured,0.0,0.15,0.0,0.31665,0.30428150500477,0.32919982573800927
24,Structured,0.0,0.3,0.0,0.3182,0.30581449047850173,0.3307653066719727
24,Structured,0.0,0.45,0.0,0.3129,0.3005733300735783,0.3254117110551463
24,Structured,0.1,0.0,0.09777777777777778,0.3205,0.308089535682197,0.33308798585081767
24,Structured,0.1,0.15,0.09777777777777778,0.3232,0.3107606845394268,0.3358141656697754
24,Structured,0.1,0.3,0.09777777777777778,0.3244,0.3119480148189144,0.33702564815333896
24,Structured,0.1,0.45,0.09777777777777778,0.3215,0.30907879436222013,0.33409773778497565
24,Structured,0.2,0.0,0.19766666666666666,0.32675,0.3142734746662569,0.33939786333189076
24,Structured,0.2,0.15,0.19766666666666666,0.3287,0.31620338313942253,0.3413660256560804
24,Structured,0.2,0.3,0.19766666666666666,0.33035,0.31783657411083616,0.3430312023041052
24,Structured,0.2,0.45,0.19766666666666666,0.3303,0.317787080903377,0.34298074497735426
24,Structured,0.3,0.0,0.29844444444444446,0.3345,0.3219450682216729,0.3472186025944842
24,Structured,0.3,0.15,0.29844444444444446,0.3372,0.32461865331018463,0.34994234645754724
24,Structured,0.3,0.3,0.29844444444444446,0.3382,0.32560898714236963,0.3509510233606552
24,Structured,0.3,0.45,0.29844444444444446,0.33695,0.32437107972738843,0.34969016735756653
25,MCAR,0.0,0.0,0.0,0.318,0.30561667696189077,0.3305633180703665
25,MCAR,0.0,0.15,0.0,0.31955,0.3071498008273459,0.33212866062950525
25,MCAR,0.0,0.3,0.0,0.3181,0.3057155833895122,0.3306643127018125
25,MCAR,0.0,0.45,0.0,0.3134,0.3010676991402349,0.3259168472635564
25,MCAR,0.1,0.0,0.09877777777777778,0.3267,0.31422399306660215,0.3393473943986484
25,MCAR,0.1,0.15,0.09877777777777778,0.32505,0.3125911912243212,0.3376818286658277
25,MCAR,0.1,0.3,0.09877777777777778,0.3257,0.3132343951000648,0.33833798171117313
25,MCAR,0.1,0.45,0.09877777777777778,0.319,0.306605770979717,0.3315732346468472
25,MCAR,0.2,0.0,0.19877777777777778,0.33065,0.3181335367262336,0.34333394289435043
25,MCAR,0.2,0.15,0.19877777777777778,0.3317,0.3191729513351055,0.3443934895102824
25,MCAR,0.2,0.3,0.19877777777777778,0.33275,0.32021243652270914,0.3454529655552921
25,MCAR,0.2,0.45,0.19877777777777778,0.32625,0.3137786659579477,0.33889316671207453
25,MCAR,0.3,0.0,0.30433333333333334,0.33645,0.32387594442721,0.34918579729345384
25,MCAR,0.3,0.15,0.30433333333333334,0.33735,0.32476719935708237,0.350093652020517
25,MCAR,0.3,0.3,0.30433333333333334,0.3373,0.3247176838500551,0.3500432169909058
25,MCAR,0.3,0.45,0.30433333333333334,0.3329,0.32036094015836897,0.3456043135249248
25,MAR,0.0,0.0,0.0,0.318,0.30561667696189077,0.3305633180703665
25,MAR,0.0,0.15,0.0,0.31955,0.3071498008273459,0.33212866062950525
25,MAR,0.0,0.3,0.0,0.3181,0.3057155833895122,0.3306643127018125
25,MAR,0.0,0.45,0.0,0.3134,0.3010676991402349,0.3259168472635564
25,MAR,0.1,0.0,0.09755555555555556,0.32475,0.3122943371596104,0.3373789795372659
25,MAR,0.1,0.15,0.09755555555555556,0.3238,0.31135433794062406,0.33641991864872695
25,MAR,0.1,0.3,0.09755555555555556,0.32305,0.3106122748614157,0.3356627237531803
25,MAR,0.1,0.45,0.09755555555555556,0.31815,0.305765036851346,0.33071480976954304
25,MAR,0.2,0.0,0.20022222222222222,0.3283,0.3158074844588031,0.34096232006829874
25,MAR,0.2,0.15,0.20022222222222222,0.3291,0.31659929213376026,0.3417697209313116
25,MAR,0.2,0.3,0.20022222222222222,0.3271,0.3146198503957075,0.33975114133323275
25,MAR,0.2,0.45,0.20022222222222222,0.321,0.30858415681458445,0.3335928700245397
25,MAR,0.3,0.0,0.29933333333333334,0.3345,0.3219450682216729,0.3472186025944842
25,MAR,0.3,0.15,0.29933333333333334,0.3327,0.32016293563012066,0.3454025159128176
25,MAR,0.3,0.3,0.29933333333333334,0.3336,0.3210539761101969,0.3463105850665359
25,MAR,0.3,0.45,0.29933333333333334,0.3269,0.31442192043648837,0.33954926916045897
25,MNAR,0.0,0.0,0.0,0.318,0.30561667696189077,0.3305633180703665
25,MNAR,0.0,0.15,0.0,0.31955,0.3071498008273459,0.33212866062950525
25,MNAR,0.0,0.3,0.0,0.3181,0.3057155833895122,0.3306643127018125
25,MNAR,0.0,0.45,0.0,0.3134,0.3010676991402349,0.3259168472635564
25,MNAR,0.1,0.0,0.10055555555555555,0.32175,0.30932611928544834,0.3343501655165161
25,MNAR,0.1,0.15,0.10055555555555555,0.3196,0.3071992590750897,0.3321791529119073
25,MNAR,0.1,0.3,0.10055555555555555,0.3193,0.30690251206018265,0.33187619674624014
25,MNAR,0.1,0.45,0.10055555555555555,0.3129,0.3005733300735783,0.3254117110551463
25,MNAR,0.2,0.0,0.199,0.32285,0.310414397577468,0.33546079891125663
25,MNAR,0.2,0.15,0.199,0.323,0.3105628052953818,0.3356122427877165
25,MNAR,0.2,0.3,0.199,0.32405,0.3116017004554097,0.33667230879315
25,MNAR,0.2,0.45,0.199,0.3173,0.30492435050083094,0.3298563371202153
25,MNAR,0.3,0.0,0.29655555555555557,0.3243,0.3118490670436204,0.3369246948646256
25,MNAR,0.3,0.15,0.29655555555555557,0.3244,0.3119480148189144,0.33702564815333896
25,MNAR,0.3,0.3,0.29655555555555557,0.3261,0.31363022650518607,0.3387417545667603
25,MNAR,0.3,0.45,0.29655555555555557,0.3212,0.30878200986494075,0.33379481909717723
25,Structured,0.0,0.0,0.0,0.318,0.30561667696189077,0.3305633180703665
25,Structured,0.0,0.15,0.0,0.31955,0.3071498008273459,0.33212866062950525
25,Structured,0.0,0.3,0.0,0.3181,0.3057155833895122,0.3306643127018125
25,Structured,0.0,0.45,0.0,0.3134,0.3010676991402349,0.3259168472635564
25,Structured,0.1,0.0,0.09933333333333333,0.32355,0.3111069795017209,0.3361675244289006
25,Structured,0.1,0.15,0.09933333333333333,0.32505,0.3125911912243212,0.3376818286658277
25,Structured,0.1,0.3,0.09933333333333333,0.32595,0.3134817885116856,0.3385903409623554
25,Structured,0.1,0.45,0.09933333333333333,0.3194,0.3070014270726545,0.33197718279387894
25,Structured,0.2,0.0,0.1958888888888889,0.32815,0.3156590251145399,0.34081092781221295
25,Structured,0.2,0.15,0.1958888888888889,0.33225,0.319717434784573,0.34494846194359635
25,Structured,0.2,0.3,0.1958888888888889,0.3334,0.32085596264897615,0.3461087963864251
25,Structured,0.2,0.45,0.1958888888888889,0.3278,0.31531262562636336,0.3404576735668829
25,Structured,0.3,0.0,0.30633333333333335,0.33205,0.31951943856388754,0.3447466560248416
25,Structured,0.3,0.15,0.30633333333333335,0.33825,0.3256585054914559,0.3510014555485086
25,Structured,0.3,0.3,0.30633333333333335,0.33985,0.32724317585035184,0.3526152023804091
25,Structured,0.3,0.45,0.30633333333333335,0.33465,0.3220935885859981,0.3473699338372746
26,MCAR,0.0,0.0,0.0,0.31445,0.30210592862415286,0.3269775788641456
26,MCAR,0.0,0.15,0.0,0.3209,0.3084852312742391,0.33349189450350364
26,MCAR,0.0,0.3,0.0,0.31715,0.30477599905338393,0.32970483698006453
26,MCAR,0.0,0.45,0.0,0.31415,0.3018092841100722,0.3266745202102789
26,MCAR,0.1,0.0,0.096,0.3228,0.3103649286649587,0.3354103172923464
26,MCAR,0.1,0.15,0.096,0.3298,0.3172921576624143,0.3424761628771953
26,MCAR,0.1,0.3,0.096,0.32575,0.3132838734578776,0.3383884538858833
26,MCAR,0.1,0.45,0.096,0.3217,0.309276653973022,0.33429968029794954
26,MCAR,0.2,0.0,0.198,0.32765,0.3151641711248472,0.34030627646860007
26,MCAR,0.2,0.15,0.198,0.33545,0.3228857213493738,0.34817700964778836
26,MCAR,0.2,0.3,0.198,0.3308,0.31828202019994334,0.3434853110237026
26,MCAR,0.2,0.45,0.198,0.3259,0.3134323095048887,0.33853986943655356
26,MCAR,0.3,0.0,0.29144444444444445,0.33565,0.32308376089103114,0.3483787722502873
26,MCAR,0.3,0.15,0.29144444444444445,0.34285,0.33021486617940693,0.35564054432902914
26,MCAR,0.3,0.3,0.29144444444444445,0.3411,0.3284813115919722,0.35387583008076356
26,MCAR,0.3,0.45,0.29144444444444445,0.3356,0.3230342507676285,0.3483283318376246
26,MAR,0.0,0.0,0.0,0.31445,0.30210592862415286,0.3269775788641456
26,MAR,0.0,0.15,0.0,0.3209,0.3084852312742391,0.33349189450350364
26,MAR,0.0,0.3,0.0,0.31715,0.30477599905338393,0.32970483698006453
26,MAR,0.0,0.45,0.0,0.31415,0.3018092841100722,0.3266745202102789
26,MAR,0.1,0.0,0.096,0.32085,0.30843576875034673,0.3334414064967375
26,MAR,0.1,0.15,0.096,0.3275,0.31501571807726264,0.34015487791655336
26,MAR,0.1,0.3,0.096,0.325,0.31254171514039103,0.33763135421750073
26,MAR,0.1,0.45,0.096,0.319,0.306605770979717,0.3315732346468472
26,MAR,0.2,0.0,0.19722222222222222,0.3263,0.3138281460997241,0.33894363710302455
26,MAR,0.2,0.15,0.19722222222222222,0.33305,0.3205094452304919,0.34575566005824937
26,MAR,0.2,0.3,0.19722222222222222,0.3285,0.31600543250929736,0.34116417415185946
26,MAR,0.2,0.45,0.19722222222222222,0.3223,0.3098702485318402,0.33490549211233167
26,MAR,0.3,0.0,0.295,0.33245,0.3199154335627354,0.3451502653051567
26,MAR,0.3,0.15,0.295,0.3389,0.32630225837672705,0.35165705964496197
26,MAR,0.3,0.3,0.295,0.3357,0.32313327117306356,0.3484292125043359
26,MAR,0.3,0.45,0.295,0.3292,0.3166982709927386,0.3418706431399064
26,MNAR,0.0,0.0,0.0,0.31445,0.30210592862415286,0.3269775788641456
26,MNAR,0.0,0.15,0.0,0.3209,0.3084852312742391,0.33349189450350364
26,MNAR,0.0,0.3,0.0,0.31715,0.30477599905338393,0.32970483698006453
26,MNAR,0.0,0.45,0.0,0.31415,0.3018092841100722,0.3266745202102789
26,MNAR,0.1,0.0,0.09922222222222223,0.31965,0.3072487174875559,0.3322296450296075
26,MNAR,0.1,0.15,0.09922222222222223,0.32535,0.31288805114069757,0.3379846719434052
26,MNAR,0.1,0.3,0.09922222222222223,0.32155,0.3091282590190456,0.3341482236590657
26,MNAR,0.1,0.45,0.09922222222222223,0.31745,0.30507270343936244,0.33000783576946596
26,MNAR,0.2,0.0,0.20155555555555554,0.32315,0.31071121448345784,0.33576368519418903
26,MNAR,0.2,0.15,0.20155555555555554,0.32955,0.31704470206856833,0.3422238658011565
26,MNAR,0.2,0.3,0.20155555555555554,0.3275,0.31501571807726264,0.34015487791655336
26,MNAR,0.2,0.45,0.20155555555555554,0.31975,0.30734763480657373,0.3323306287709807
26,MNAR,0.3,0.0,0.3001111111111111,0.3235,0.3110575083032626,0.33611704509566936
26,MNAR,0.3,0.15,0.3001111111111111,0.33105,0.3185294958633126,0.3437375880324606
26,MNAR,0.3,0.3,0.3001111111111111,0.32975,0.3172426662220885,0.3424257037835081
26,MNAR,0.3,0.45,0.3001111111111111,0.32475,0.3122943371596104,0.3373789795372659
26,Structured,0.0,0.0,0.0,0.31445,0.30210592862415286,0.3269775788641456
26,Structured,0.0,0.15,0.0,0.3209,0.3084852312742391,0.33349189450350364
26,Structured,0.0,0.3,0.0,0.31715,0.30477599905338393,0.32970483698006453
26,Structured,0.0,0.45,0.0,0.31415,0.3018092841100722,0.3266745202102789
26,Structured,0.1,0.0,0.09422222222222222,0.3208,0.30838630639066605,0.3333909183257778
26,Structured,0.1,0.15,0.09422222222222222,0.32885,0.3163518478041754,0.3415174125922792
26,Structured,0.1,0.3,0.09422222222222222,0.32545,0.3129870057458007,0.33808561840310236
26,Structured,0.1,0.45,0.09422222222222222,0.3214,0.3089798655404435,0.3339967655449826
26,Structured,0.2,0.0,0.19944444444444445,0.3237,0.3112553940758189,0.3363189614499823
26,Structured,0.2,0.15,0.19944444444444445,0.33275,0.32021243652270914,0.3454529655552921
26,Structured,0.2,0.3,0.19944444444444445,0.331,0.3184800004100062,0.3436871329513058
26,Structured,0.2,0.45,0.19944444444444445,0.3273,0.3148177829430392,0.33995301091819224
26,Structured,0.3,0.0,0.291,0.3288,0.3163023594214711,0.3414669504413154
26,Structured,0.3,0.15,0.291,0.3369,0.32432156548528984,0.34963973106316015
26,Structured,0.3,0.3,0.291,0.33565,0.32308376089103114,0.3483787722502873
26,Structured,0.3,0.45,0.291,0.3314,0.318875968523273,0.34409076911422815
27,MCAR,0.0,0.0,0.0,0.30785,0.2955811455244966,0.3203088924468225
27,MCAR,0.0,0.15,0.0,0.31135,0.29904089254916316,0.32384568224038907
27,MCAR,0.0,0.3,0.0,0.31295,0.3006227662265821,0.3254622254295524
27,MCAR,0.0,0.45,0.0,0.31275,0.30042502262001025,0.3252601669266062
27,MCAR,0.1,0.0,0.09988888888888889,0.317,0.30462764909758594,0.3295533353484476
27,MCAR,0.1,0.15,0.09988888888888889,0.31895,0.3065563147102445,0.33152274038641333
27,MCAR,0.1,0.3,0.09988888888888889,0.32095,0.3085346939623258,0.3335423823460982
27,MCAR,0.1,0.45,0.09988888888888889,0.31975,0.30734763480657373,0.3323306287709807
27,MCAR,0.2,0.0,0.19444444444444445,0.32205,0.3096229146001584,0.33465307338817346
27,MCAR,0.2,0.15,0.19444444444444445,0.32635,0.3138776264035645,0.3389941073319325
27,MCAR,0.2,0.3,0.19444444444444445,0.3267,0.31422399306660215,0.3393473943986484
27,MCAR,0.2,0.45,0.19444444444444445,0.32615,0.31367970616065793,0.3387922254439605
27,MCAR,0.3,0.0,0.29333333333333333,0.329,0.31650031391878986,0.3416687980787809
27,MCAR,0.3,0.15,0.29333333333333333,0.33495,0.3223906336066882,0.34767259203127926
27,MCAR,0.3,0.3,0.29333333333333333,0.33525,0.3226876843469151,0.3479752445063623
27,MCAR,0.3,0.45,0.29333333333333333,0.3327,0.32016293563012066,0.3454025159128176
27,MAR,0.0,0.0,0.0,0.30785,0.2955811455244966,0.3203088924468225
27,MAR,0.0,0.15,0.0,0.31135,0.29904089254916316,0.32384568224038907
27,MAR,0.0,0.3,0.0,0.31295,0.3006227662265821,0.3254622254295524
27,MAR,0.0,0.45,0.0,0.31275,0.30042502262001025,0.3252601669266062
27,MAR,0.1,0.0,0.09477777777777778,0.3151,0.30274867900903696,0.32763418534572764
27,MAR,0.1,0.15,0.09477777777777778,0.3166,0.3042320565122818,0.3291493237015445
27,MAR,0.1,0.3,0.09477777777777778,0.3181,0.3057155833895122,0.3306643127018125
27,MAR,0.1,0.45,0.09477777777777778,0.3173,0.30492435050083094,0.3298563371202153
27,MAR,0.2,0.0,0.1958888888888889,0.31815,0.305765036851346,0.33071480976954304
27,MAR,0.2,0.15,0.1958888888888889,0.32205,0.3096229146001584,0.33465307338817346
27,MAR,0.2,0.3,0.1958888888888889,0.32325,0.310810154758667,0.33586464598210725
27,MAR,0.2,0.45,0.1958888888888889,0.32275,0.31031545991588017,0.3353598355100246
27,MAR,0.3,0.0,0.29355555555555557,0.32635,0.3138776264035645,0.3389941073319325
27,MAR,0.3,0.15,0.29355555555555557,0.33005,0.3175396172747891,0.34272845593515533
27,MAR,0.3,0.3,0.29355555555555557,0.3295,0.3169952114322278,0.34217340590357503
27,MAR,0.3,0.45,0.29355555555555557,0.32635,0.3138776264035645,0.3389941073319325
27,MNAR,0.0,0.0,0.0,0.30785,0.2955811455244966,0.3203088924468225
27,MNAR,0.0,0.15,0.0,0.31135,0.29904089254916316,0.32384568224038907
27,MNAR,0.0,0.3,0.0,0.31295,0.3006227662265821,0.3254622254295524
27,MNAR,0.0,0.45,0.0,0.31275,0.30042502262001025,0.3252601669266062
27,MNAR,0.1,0.0,0.10111111111111111,0.31415,0.3018092841100722,0.3266745202102789
27,MNAR,0.1,0.15,0.10111111111111111,0.316,0.30363868755415274,0.32854328631382096
27,MNAR,0.1,0.3,0.10111111111111111,0.3189,0.30650685860576193,0.33147224596100905
27,MNAR,0.1,0.45,0.10111111111111111,0.3176,0.3052210578684117,0.3301593329283818
27,MNAR,0.2,0.0,0.19866666666666666,0.317,0.30462764909758594,0.3295533353484476
27,MNAR,0.2,0.15,0.19866666666666666,0.321,0.30858415681458445,0.3335928700245397
27,MNAR,0.2,0.3,0.19866666666666666,0.32205,0.3096229146001584,0.33465307338817346
27,MNAR,0.2,0.45,0.19866666666666666,0.3181,0.3057155833895122,0.3306643127018125
27,MNAR,0.3,0.0,0.29555555555555557,0.3203,0.3078916918300486,0.33288602758107433
27,MNAR,0.3,0.15,0.29555555555555557,0.32405,0.3116017004554097,0.33667230879315
27,MNAR,0.3,0.3,0.29555555555555557,0.3255,0.31303648329194955,0.3381360913893841
27,MNAR,0.3,0.45,0.29555555555555557,0.32215,0.30972184768178207,0.33475404136882747
27,Structured,0.0,0.0,0.0,0.30785,0.2955811455244966,0.3203088924468225
27,Structured,0.0,0.15,0.0,0.31135,0.29904089254916316,0.32384568224038907
27,Structured,0.0,0.3,0.0,0.31295,0.3006227662265821,0.3254622254295524
27,Structured,0.0,0.45,0.0,0.31275,0.30042502262001025,0.3252601669266062
27,Structured,0.1,0.0,0.101,0.3144,0.30205648745446245,0.32692706950579176
27,Structured,0.1,0.15,0.101,0.31855,0.30616067049583096,0.3311187803623001
27,Structured,0.1,0.3,0.101,0.3192,0.3068035977070917,0.3317752100392973
27,Structured,0.1,0.45,0.101,0.3179,0.305517771195804,0.33046232277746507
27,Structured,0.2,0.0,0.203,0.3217,0.309276653973022,0.33429968029794954
27,Structured,0.2,0.15,0.203,0.32705,0.3145703676632196,0.3397006735326953
27,Structured,0.2,0.3,0.203,0.3265,0.3140260682872722,0.33914551704657897
27,Structured,0.2,0.45,0.203,0.3247,0.3122448620513657,0.33732850411336474
27,Structured,0.3,0.0,0.29788888888888887,0.3292,0.3166982709927386,0.3418706431399064
27,Structured,0.3,0.15,0.29788888888888887,0.33445,0.3218955617516131,0.3471681585288741
27,Structured,0.3,0.3,0.29788888888888887,0.33375,0.3212024878794126,0.34646192490350136
27,Structured,0.3,0.45,0.29788888888888887,0.3293,0.3167972504955747,0.3419715647047166
28,MCAR,0.0,0.0,0.0,0.31485,0.3025014639878088,0.3273816477255904
28,MCAR,0.0,0.15,0.0,0.3187,0.3063090358381418,0.3312702666092851
28,MCAR,0.0,0.3,0.0,0.31855,0.30616067049583096,0.3311187803623001
28,MCAR,0.0,0.45,0.0,0.31445,0.30210592862415286,0.3269775788641456
28,MCAR,0.1,0.0,0.10188888888888889,0.3219,0.30947451620574834,0.33450162018931257
28,MCAR,0.1,0.15,0.10188888888888889,0.32405,0.3116017004554097,0.33667230879315
28,MCAR,0.1,0.3,0.10188888888888889,0.32465,0.31219538710580347,0.3372780285267999
28,MCAR,0.1,0.45,0.10188888888888889,0.32155,0.3091282590190456,0.3341482236590657
28,MCAR,0.2,0.0,0.199,0.33045,0.31793556100734865,0.34313211647606845
28,MCAR,0.2,0.15,0.199,0.33365,0.32110347987393667,0.3463610318381725
28,MCAR,0.2,0.3,0.199,0.3317,0.3191729513351055,0.3443934895102824
28,MCAR,0.2,0.45,0.199,0.3291,0.31659929213376026,0.3417697209313116
28,MCAR,0.3,0.0,0.29455555555555557,0.3373,0.3247176838500551,0.3500432169909058
28,MCAR,0.3,0.15,0.29455555555555557,0.3397,0.32709460615802005,0.35246392046038827
28,MCAR,0.3,0.3,0.29455555555555557,0.33765,0.3250642957174475,0.3503962588803393
28,MCAR,0.3,0.45,0.29455555555555557,0.3343,0.32174704329581805,0.34701682537776113
28,MAR,0.0,0.0,0.0,0.31485,0.3025014639878088,0.3273816477255904
28,MAR,0.0,0.15,0.0,0.3187,0.3063090358381418,0.3312702666092851
28,MAR,0.0,0.3,0.0,0.31855,0.30616067049583096,0.3311187803623001
28,MAR,0.0,0.45,0.0,0.31445,0.30210592862415286,0.3269775788641456
28,MAR,0.1,0.0,0.10133333333333333,0.3215,0.30907879436222013,0.33409773778497565
28,MAR,0.1,0.15,0.10133333333333333,0.32405,0.3116017004554097,0.33667230879315
28,MAR,0.1,0.3,0.10133333333333333,0.3231,0.3106617445907809,0.33571320455533077
28,MAR,0.1,0.45,0.10133333333333333,0.3203,0.3078916918300486,0.33288602758107433
28,MAR,0.2,0.0,0.19544444444444445,0.32645,0.3139765874973577,0.33909504730369017
28,MAR,0.2,0.15,0.19544444444444445,0.32925,0.31674776066368404,0.3419211040027758
28,MAR,0.2,0.3,0.19544444444444445,0.32655,0.314075549239173,0.3391959866275007
28,MAR,0.2,0.45,0.19544444444444445,0.32335,0.31090909568688696,0.3359656061170938
28,MAR,0.3,0.0,0.2962222222222222,0.33115,0.31862848725074827,0.343838497714001
28,MAR,0.3,0.15,0.2962222222222222,0.33315,0.32060844940970545,0.3458565569494242
28,MAR,0.3,0.3,0.2962222222222222,0.3313,0.31877697553368034,0.3439898610346678
28,MAR,0.3,0.45,0.2962222222222222,0.3288,0.3163023594214711,0.3414669504413154
28,MNAR,0.0,0.0,0.0,0.31485,0.3025014639878088,0.3273816477255904
28,MNAR,0.0,0.15,0.0,0.3187,0.3063090358381418,0.3312702666092851
28,MNAR,0.0,0.3,0.0,0.31855,0.30616067049583096,0.3311187803623001
28,MNAR,0.0,0.45,0.0,0.31445,0.30210592862415286,0.3269775788641456
28,MNAR,0.1,0.0,0.10288888888888889,0.31785,0.30546831856088685,0.330411824882919
28,MNAR,0.1,0.15,0.10288888888888889,0.3211,0.3086830830115387,0.33369384488904247
28,MNAR,0.1,0.3,0.10288888888888889,0.31975,0.30734763480657373,0.3323306287709807
28,MNAR,0.1,0.45,0.10288888888888889,0.31825,0.30586394427095553,0.33081580340912303
28,MNAR,0.2,0.0,0.19955555555555557,0.3221,0.30967238105911493,0.3347035574603453
28,MNAR,0.2,0.15,0.19955555555555557,0.32515,0.31269014387980226,0.33778277707492377
28,MNAR,0.2,0.3,0.19955555555555557,0.32465,0.31219538710580347,0.3372780285267999
28,MNAR,0.2,0.45,0.19955555555555557,0.3216,0.3091777238398001,0.33419870936924484
28,MNAR,0.3,0.0,0.2947777777777778,0.32535,0.31288805114069757,0.3379846719434052
28,MNAR,0.3,0.15,0.2947777777777778,0.32735,0.31486726648412083,0.3400034779102285
28,MNAR,0.3,0.3,0.2947777777777778,0.32595,0.3134817885116856,0.3385903409623554
28,MNAR,0.3,0.45,0.2947777777777778,0.3238,0.31135433794062406,0.33641991864872695
28,Structured,0.0,0.0,0.0,0.31485,0.3025014639878088,0.3273816477255904
28,Structured,0.0,0.15,0.0,0.3187,0.3063090358381418,0.3312702666092851
28,Structured,0.0,0.3,0.0,0.31855,0.30616067049583096,0.3311187803623001
28,Structured,0.0,0.45,0.0,0.31445,0.30210592862415286,0.3269775788641456
28,Structured,0.1,0.0,0.10211111111111111,0.32055,0.3081389970561719,0.33313847500736427
28,Structured,0.1,0.15,0.10211111111111111,0.3234,0.3109585663958255,0.3360160859397857
28,Structured,0.1,0.3,0.10211111111111111,0.3224,0.3099691832500617,0.33500645845658134
28,Structured,0.1,0.45,0.10211111111111111,0.31985,0.3074465527842355,0.33243161185378867
28,Structured,0.2,0.0,0.19755555555555557,0.3246,0.31214591232294264,0.3372275527775519
28,Structured,0.2,0.15,0.19755555555555557,0.33075,0.3182325255483091,0.3434348551409648
28,Structured,0.2,0.3,0.19755555555555557,0.32735,0.31486726648412083,0.3400034779102285
28,Structured,0.2,0.45,0.19755555555555557,0.3254,0.31293752836204436,0.33803514525445066
28,Structured,0.3,0.0,0.2947777777777778,0.33075,0.3182325255483091,0.3434348551409648
28,Structured,0.3,0.15,0.2947777777777778,0.33375,0.3212024878794126,0.34646192490350136
28,Structured,0.3,0.3,0.2947777777777778,0.33415,0.3215985262719806,0.34686549079484585
28,Structured,0.3,0.45,0.2947777777777778,0.33125,0.31872747927915807,0.3439394067546398
29,MCAR,0.0,0.0,0.0,0.3218,0.3093755847617249,0.3344006505712535
29,MCAR,0.0,0.15,0.0,0.3229,0.3104638666533882,0.3355112803667754
29,MCAR,0.0,0.3,0.0,0.32045,0.3080400744725764,0.33303749652993564
29,MCAR,0.0,0.45,0.0,0.3184,0.3060123066399159,0.3309672926290978
29,MCAR,0.1,0.0,0.10011111111111111,0.32695,0.3144714026835909,0.3395997374463271
29,MCAR,0.1,0.15,0.10011111111111111,0.32745,0.314966234051252,0.3401044114093908
29,MCAR,0.1,0.3,0.10011111111111111,0.32685,0.31437243835121914,0.3394988007127762
29,MCAR,0.1,0.45,0.10011111111111111,0.32665,0.3141745116288572,0.3392969253035149
29,MCAR,0.2,0.0,0.19544444444444445,0.33465,0.3220935885859981,0.3473699338372746
29,MCAR,0.2,0.15,0.19544444444444445,0.3346,0.32204408163888487,0.34731949024866554
29,MCAR,0.2,0.3,0.19544444444444445,0.33295,0.32041044168949306,0.34565476252893135
29,MCAR,0.2,0.45,0.19544444444444445,0.33315,0.32060844940970545,0.3458565569494242
29,MCAR,0.3,0.0,0.2992222222222222,0.3416,0.32897659333766704,0.3543800537146927
29,MCAR,0.3,0.15,0.2992222222222222,0.33925,0.3266489055736426,0.35201006620859243
29,MCAR,0.3,0.3,0.2992222222222222,0.3379,0.3253118803611238,0.3506484269206113
29,MCAR,0.3,0.45,0.2992222222222222,0.33925,0.3266489055736426,0.35201006620859243
29,MAR,0.0,0.0,0.0,0.3218,0.3093755847617249,0.3344006505712535
29,MAR,0.0,0.15,0.0,0.3229,0.3104638666533882,0.3355112803667754
29,MAR,0.0,0.3,0.0,0.32045,0.3080400744725764,0.33303749652993564
29,MAR,0.0,0.45,0.0,0.3184,0.3060123066399159,0.3309672926290978
29,MAR,0.1,0.0,0.10022222222222223,0.32485,0.31239328786407033,0.33747992989715636
29,MAR,0.1,0.15,0.10022222222222223,0.325,0.31254171514039103,0.33763135421750073
29,MAR,0.1,0.3,0.10022222222222223,0.32495,0.3124922392190244,0.3375808796066246
29,MAR,0.1,0.45,0.10022222222222223,0.3235,0.3110575083032626,0.33611704509566936
29,MAR,0.2,0.0,0.19966666666666666,0.33315,0.32060844940970545,0.3458565569494242
29,MAR,0.2,0.15,0.19966666666666666,0.3326,0.32006393432400243,0.3453016161488649
29,MAR,0.2,0.3,0.19966666666666666,0.33115,0.31862848725074827,0.343838497714001
29,MAR,0.2,0.45,0.19966666666666666,0.32925,0.31674776066368404,0.3419211040027758
29,MAR,0.3,0.0,0.3075555555555556,0.33755,0.3249652629654019,0.3502953905589215
29,MAR,0.3,0.15,0.3075555555555556,0.33715,0.324569138277376,0.3498919109537676
29,MAR,0.3,0.3,0.3075555555555556,0.3359,0.3233313138871395,0.348630971934757
29,MAR,0.3,0.45,0.3075555555555556,0.3339,0.321351001082349,0.3466132633069022
29,MNAR,0.0,0.0,0.0,0.3218,0.3093755847617249,0.3344006505712535
29,MNAR,0.0,0.15,0.0,0.3229,0.3104638666533882,0.3355112803667754
29,MNAR,0.0,0.3,0.0,0.32045,0.3080400744725764,0.33303749652993564
29,MNAR,0.0,0.45,0.0,0.3184,0.3060123066399159,0.3309672926290978
29,MNAR,0.1,0.0,0.10177777777777777,0.3236,0.3111564508633123,0.3362180035990164
29,MNAR,0.1,0.15,0.10177777777777777,0.3231,0.3106617445907809,0.33571320455533077
29,MNAR,0.1,0.3,0.10177777777777777,0.32295,0.3105133358926994,0.33556176165892226
29,MNAR,0.1,0.45,0.10177777777777777,0.323,0.3105628052953818,0.3356122427877165
29,MNAR,0.2,0.0,0.19955555555555557,0.32615,0.31367970616065793,0.3387922254439605
29,MNAR,0.2,0.15,0.19955555555555557,0.32595,0.3134817885116856,0.3385903409623554
29,MNAR,0.2,0.3,0.19955555555555557,0.3246,0.31214591232294264,0.3372275527775519
29,MNAR,0.2,0.45,0.19955555555555557,0.32385,0.3114038101175886,0.33647039700356596
29,MNAR,0.3,0.0,0.30366666666666664,0.3296,0.31709419286574375,0.3422743255379227
29,MNAR,0.3,0.15,0.30366666666666664,0.3297,0.31719317494252314,0.3423752445290792
29,MNAR,0.3,0.3,0.30366666666666664,0.32815,0.3156590251145399,0.34081092781221295
29,MNAR,0.3,0.45,0.30366666666666664,0.32635,0.3138776264035645,0.3389941073319325
29,Structured,0.0,0.0,0.0,0.3218,0.3093755847617249,0.3344006505712535
29,Structured,0.0,0.15,0.0,0.3229,0.3104638666533882,0.3355112803667754
29,Structured,0.0,0.3,0.0,0.32045,0.3080400744725764,0.33303749652993564
29,Structured,0.0,0.45,0.0,0.3184,0.3060123066399159,0.3309672926290978
29,Structured,0.1,0.0,0.10355555555555555,0.32675,0.3142734746662569,0.33939786333189076
29,Structured,0.1,0.15,0.10355555555555555,0.3286,0.3161044075019812,0.34126510022631174
29,Structured,0.1,0.3,0.10355555555555555,0.32795,0.31546108158129915,0.34060906921191014
29,Structured,0.1,0.45,0.10355555555555555,0.3257,0.3132343951000648,0.33833798171117313
29,Structured,0.2,0.0,0.2001111111111111,0.33065,0.3181335367262336,0.34333394289435043
29,Structured,0.2,0.15,0.2001111111111111,0.3337,0.3211529837970146,0.34641147845048825
29,Structured,0.2,0.3,0.2001111111111111,0.3341,0.3215490209156638,0.34681504561561316
29,Structured,0.2,0.45,0.2001111111111111,0.3314,0.318875968523273,0.34409076911422815
29,Structured,0.3,0.0,0.30377777777777776,0.335,0.32244014166630486,0.3477230345075043
29,Structured,0.3,0.15,0.30377777777777776,0.3366,0.3240244833553765,0.3493371099743967
29,Structured,0.3,0.3,0.30377777777777776,0.3392,0.32659938407320993,0.35195963717175544
29,Structured,0.3,0.45,0.30377777777777776,0.33725,0.32466816850108343,0.3499927818032549
30,MCAR,0.0,0.0,0.0,0.30945,0.2971626413814461,0.3219258134077329
30,MCAR,0.0,0.15,0.0,0.31015,0.2978546003113455,0.32263316184273483
30,MCAR,0.0,0.3,0.0,0.31405,0.30171040394128285,0.32657349932325425
30,MCAR,0.0,0.45,0.0,0.31315,0.3008205125137696,0.32566428125222396
30,MCAR,0.1,0.0,0.10244444444444445,0.3186,0.30621012544480636,0.3311692759430689
30,MCAR,0.1,0.15,0.10244444444444445,0.3197,0.3072981760647233,0.3322801369826241
30,MCAR,0.1,0.3,0.10244444444444445,0.3226,0.3101670546494279,0.33520838918239104
30,MCAR,0.1,0.45,0.10244444444444445,0.32125,0.30883147353775925,0.3338453059551554
30,MCAR,0.2,0.0,0.20577777777777778,0.32775,0.31526314063100913,0.3404072080289534
30,MCAR,0.2,0.15,0.20577777777777778,0.3287,0.31620338313942253,0.3413660256560804
30,MCAR,0.2,0.3,0.20577777777777778,0.32945,0.31694572095673856,0.34212294584515895
30,MCAR,0.2,0.45,0.20577777777777778,0.3277,0.315213655797164,0.34035674232953234
30,MCAR,0.3,0.0,0.30677777777777776,0.3365,0.32392545724493876,0.34923623501207823
30,MCAR,0.3,0.15,0.30677777777777776,0.33765,0.3250642957174475,0.3503962588803393
30,MCAR,0.3,0.3,0.30677777777777776,0.3372,0.32461865331018463,0.34994234645754724
30,MCAR,0.3,0.45,0.30677777777777776,0.3346,0.32204408163888487,0.34731949024866554
30,MAR,0.0,0.0,0.0,0.30945,0.2971626413814461,0.3219258134077329
30,MAR,0.0,0.15,0.0,0.31015,0.2978546003113455,0.32263316184273483
30,MAR,0.0,0.3,0.0,0.31405,0.30171040394128285,0.32657349932325425
30,MAR,0.0,0.45,0.0,0.31315,0.3008205125137696,0.32566428125222396
30,MAR,0.1,0.0,0.09933333333333333,0.316,0.30363868755415274,0.32854328631382096
30,MAR,0.1,0.15,0.09933333333333333,0.31655,0.3041826081857639,0.32909882149912706
30,MAR,0.1,0.3,0.09933333333333333,0.3187,0.3063090358381418,0.3312702666092851
30,MAR,0.1,0.45,0.09933333333333333,0.3177,0.3053199616488964,0.33026033020664075
30,MAR,0.2,0.0,0.19722222222222222,0.32275,0.31031545991588017,0.3353598355100246
30,MAR,0.2,0.15,0.19722222222222222,0.32515,0.31269014387980226,0.33778277707492377
30,MAR,0.2,0.3,0.19722222222222222,0.3264,0.3139271068694487,0.3390445773988144
30,MAR,0.2,0.45,0.19722222222222222,0.325,0.31254171514039103,0.33763135421750073
30,MAR,0.3,0.0,0.2962222222222222,0.3319,0.3193709430774139,0.34459529990691967
30,MAR,0.3,0.15,0.2962222222222222,0.332,0.31946993990845757,0.3446962041454557
30,MAR,0.3,0.3,0.2962222222222222,0.3334,0.32085596264897615,0.3461087963864251
30,MAR,0.3,0.45,0.2962222222222222,0.32955,0.31704470206856833,0.3422238658011565
30,MNAR,0.0,0.0,0.0,0.30945,0.2971626413814461,0.3219258134077329
30,MNAR,0.0,0.15,0.0,0.31015,0.2978546003113455,0.32263316184273483
30,MNAR,0.0,0.3,0.0,0.31405,0.30171040394128285,0.32657349932325425
30,MNAR,0.0,0.45,0.0,0.31315,0.3008205125137696,0.32566428125222396
30,MNAR,0.1,0.0,0.10388888888888889,0.3131,0.3007710756907414,0.3256137675477553
30,MNAR,0.1,0.15,0.10388888888888889,0.31525,0.30289701002124025,0.32778570591859313
30,MNAR,0.1,0.3,0.10388888888888889,0.31825,0.30586394427095553,0.33081580340912303
30,MNAR,0.1,0.45,0.10388888888888889,0.31825,0.30586394427095553,0.33081580340912303
30,MNAR,0.2,0.0,0.20633333333333334,0.31985,0.3074465527842355,0.33243161185378867
30,MNAR,0.2,0.15,0.20633333333333334,0.3205,0.308089535682197,0.33308798585081767
30,MNAR,0.2,0.3,0.20633333333333334,0.3225,0.3100681186226449,0.3351074241465482
30,MNAR,0.2,0.45,0.20633333333333334,0.32105,0.30863361983099474,0.33364335753884694
30,MNAR,0.3,0.0,0.3028888888888889,0.3243,0.3118490670436204,0.3369246948646256
30,MNAR,0.3,0.15,0.3028888888888889,0.3267,0.31422399306660215,0.3393473943986484
30,MNAR,0.3,0.3,0.3028888888888889,0.32665,0.3141745116288572,0.3392969253035149
30,MNAR,0.3,0.45,0.3028888888888889,0.32415,0.3117006466020204,0.3367732637103564
30,Structured,0.0,0.0,0.0,0.30945,0.2971626413814461,0.3219258134077329
30,Structured,0.0,0.15,0.0,0.31015,0.2978546003113455,0.32263316184273483
30,Structured,0.0,0.3,0.0,0.31405,0.30171040394128285,0.32657349932325425
30,Structured,0.0,0.45,0.0,0.31315,0.3008205125137696,0.32566428125222396
30,Structured,0.1,0.0,0.10722222222222222,0.3176,0.3052210578684117,0.3301593329283818
30,Structured,0.1,0.15,0.10722222222222222,0.31835,0.30596285235168447,0.3309167963876641
30,Structured,0.1,0.3,0.10722222222222222,0.3208,0.30838630639066605,0.3333909183257778
30,Structured,0.1,0.45,0.10722222222222222,0.3201,0.3076938506088838,0.3326840666806638
30,Structured,0.2,0.0,0.21255555555555555,0.32185,0.30942505040183166,0.334451135462178
30,Structured,0.2,0.15,0.21255555555555555,0.32325,0.310810154758667,0.33586464598210725
30,Structured,0.2,0.3,0.21255555555555555,0.32515,0.31269014387980226,0.33778277707492377
30,Structured,0.2,0.45,0.21255555555555555,0.325,0.31254171514039103,0.33763135421750073
30,Structured,0.3,0.0,0.31466666666666665,0.32975,0.3172426662220885,0.3424257037835081
30,Structured,0.3,0.15,0.31466666666666665,0.3312,0.31867798318484075,0.3438889523144232
30,Structured,0.3,0.3,0.31466666666666665,0.3333,0.32075695687485883,0.34600790108998053
30,Structured,0.3,0.45,0.31466666666666665,0.3314,0.318875968523273,0.34409076911422815
31,MCAR,0.0,0.0,0.0,0.3126,0.300276716675075,0.325108621289626
31,MCAR,0.0,0.15,0.0,0.31615,0.30378702755108833,0.3286947979030716
31,MCAR,0.0,0.3,0.0,0.318,0.30561667696189077,0.3305633180703665
31,MCAR,0.0,0.45,0.0,0.3144,0.30205648745446245,0.32692706950579176
31,MCAR,0.1,0.0,0.10033333333333333,0.3223,0.3098702485318402,0.33490549211233167
31,MCAR,0.1,0.15,0.10033333333333333,0.3254,0.31293752836204436,0.33803514525445066
31,MCAR,0.1,0.3,0.10033333333333333,0.32675,0.3142734746662569,0.33939786333189076
31,MCAR,0.1,0.45,0.10033333333333333,0.3238,0.31135433794062406,0.33641991864872695
31,MCAR,0.2,0.0,0.20255555555555554,0.32685,0.31437243835121914,0.3394988007127762
31,MCAR,0.2,0.15,0.20255555555555554,0.33015,0.3176386022444089,0.34282937203379654
31,MCAR,0.2,0.3,0.20255555555555554,0.3326,0.32006393432400243,0.3453016161488649
31,MCAR,0.2,0.45,0.20255555555555554,0.3282,0.315708511401294,0.34086139205889027
31,MCAR,0.3,0.0,0.2992222222222222,0.33365,0.32110347987393667,0.3463610318381725
31,MCAR,0.3,0.15,0.2992222222222222,0.33645,0.32387594442721,0.34918579729345384
31,MCAR,0.3,0.3,0.2992222222222222,0.33925,0.3266489055736426,0.35201006620859243
31,MCAR,0.3,0.45,0.2992222222222222,0.3325,0.31996493365674605,0.3452007157461204
31,MAR,0.0,0.0,0.0,0.3126,0.300276716675075,0.325108621289626
31,MAR,0.0,0.15,0.0,0.31615,0.30378702755108833,0.3286947979030716
31,MAR,0.0,0.3,0.0,0.318,0.30561667696189077,0.3305633180703665
31,MAR,0.0,0.45,0.0,0.3144,0.30205648745446245,0.32692706950579176
31,MAR,0.1,0.0,0.10255555555555555,0.32125,0.30883147353775925,0.3338453059551554
31,MAR,0.1,0.15,0.10255555555555555,0.32455,0.3120964377028049,0.3371770768656013
31,MAR,0.1,0.3,0.10255555555555555,0.3252,0.3127396204513136,0.3378332510357278
31,MAR,0.1,0.45,0.10255555555555555,0.321,0.30858415681458445,0.3335928700245397
31,MAR,0.2,0.0,0.20355555555555555,0.32445,0.31199748895077084,0.33707612455351393
31,MAR,0.2,0.15,0.20355555555555555,0.32785,0.31536211078321036,0.34050813894333964
31,MAR,0.2,0.3,0.20355555555555555,0.32885,0.3163518478041754,0.3415174125922792
31,MAR,0.2,0.45,0.20355555555555555,0.32515,0.31269014387980226,0.33778277707492377
31,MAR,0.3,0.0,0.3002222222222222,0.3301,0.3175891096792844,0.34277891406478106
31,MAR,0.3,0.15,0.3002222222222222,0.3332,0.32065795173859607,0.3459070051557518
31,MAR,0.3,0.3,0.3002222222222222,0.3346,0.32204408163888487,0.34731949024866554
31,MAR,0.3,0.45,0.3002222222222222,0.32865,0.3161538952401174,0.34131556302177296
31,MNAR,0.0,0.0,0.0,0.3126,0.300276716675075,0.325108621289626
31,MNAR,0.0,0.15,0.0,0.31615,0.30378702755108833,0.3286947979030716
31,MNAR,0.0,0.3,0.0,0.318,0.30561667696189077,0.3305633180703665
31,MNAR,0.0,0.45,0.0,0.3144,0.30205648745446245,0.32692706950579176
31,MNAR,0.1,0.0,0.10033333333333333,0.31785,0.30546831856088685,0.330411824882919
31,MNAR,0.1,0.15,0.10033333333333333,0.32155,0.3091282590190456,0.3341482236590657
31,MNAR,0.1,0.3,0.10033333333333333,0.3236,0.3111564508633123,0.3362180035990164
31,MNAR,0.1,0.45,0.10033333333333333,0.31995,0.3075454714203776,0.3325325942781964
31,MNAR,0.2,0.0,0.19855555555555557,0.32185,0.30942505040183166,0.334451135462178
31,MNAR,0.2,0.15,0.19855555555555557,0.32615,0.31367970616065793,0.3387922254439605
31,MNAR,0.2,0.3,0.19855555555555557,0.3283,0.3158074844588031,0.34096232006829874
31,MNAR,0.2,0.45,0.19855555555555557,0.32165,0.3092271888244659,0.334249194915533
31,MNAR,0.3,0.0,0.297,0.32675,0.3142734746662569,0.33939786333189076
31,MNAR,0.3,0.15,0.297,0.3293,0.3167972504955747,0.3419715647047166
31,MNAR,0.3,0.3,0.297,0.33265,0.32011343489721317,0.34535206611068126
31,MNAR,0.3,0.45,0.297,0.32655,0.314075549239173,0.3391959866275007
31,Structured,0.0,0.0,0.0,0.3126,0.300276716675075,0.325108621289626
31,Structured,0.0,0.15,0.0,0.31615,0.30378702755108833,0.3286947979030716
31,Structured,0.0,0.3,0.0,0.318,0.30561667696189077,0.3305633180703665
31,Structured,0.0,0.45,0.0,0.3144,0.30205648745446245,0.32692706950579176
31,Structured,0.1,0.0,0.09655555555555556,0.32065,0.308237920297108,0.33323945282753253
31,Structured,0.1,0.15,0.09655555555555556,0.3256,0.31313543887134115,0.3382370368749077
31,Structured,0.1,0.3,0.09655555555555556,0.3264,0.3139271068694487,0.3390445773988144
31,Structured,0.1,0.45,0.09655555555555556,0.3231,0.3106617445907809,0.33571320455533077
31,Structured,0.2,0.0,0.19833333333333333,0.3289,0.31640133634797757,0.34156787458216537
31,Structured,0.2,0.15,0.19833333333333333,0.3321,0.3195689373792323,0.3447971077443297
31,Structured,0.2,0.3,0.19833333333333333,0.3352,0.32263817549318285,0.34792480282416804
31,Structured,0.2,0.45,0.19833333333333333,0.3299,0.31739114102527166,0.3425770805824189
31,Structured,0.3,0.0,0.29388888888888887,0.33375,0.3212024878794126,0.34646192490350136
31,Structured,0.3,0.15,0.29388888888888887,0.33675,0.32417302370822676,0.3494884212308094
31,Structured,0.3,0.3,0.29388888888888887,0.33955,0.32694603788082094,0.35231263712538136
31,Structured,0.3,0.45,0.29388888888888887,0.3367,0.32412351009900786,0.34943798430359074
32,MCAR,0.0,0.0,0.0,0.3086,0.2963224501005237,0.32106684575134437
32,MCAR,0.0,0.15,0.0,0.3113,0.2989914617689889,0.3237951624938365
32,MCAR,0.0,0.3,0.0,0.3151,0.30274867900903696,0.32763418534572764
32,MCAR,0.0,0.45,0.0,0.314,0.30166096410746607,0.3265229886291944
32,MCAR,0.1,0.0,0.10066666666666667,0.31945,0.3070508848261078,0.33202767557051155
32,MCAR,0.1,0.15,0.10066666666666667,0.3205,0.308089535682197,0.33308798585081767
32,MCAR,0.1,0.3,0.10066666666666667,0.3214,0.3089798655404435,0.3339967655449826
32,MCAR,0.1,0.45,0.10066666666666667,0.31955,0.3071498008273459,0.33212866062950525
32,MCAR,0.2,0.0,0.19877777777777778,0.32945,0.31694572095673856,0.34212294584515895
32,MCAR,0.2,0.15,0.19877777777777778,0.3286,0.3161044075019812,0.34126510022631174
32,MCAR,0.2,0.3,0.19877777777777778,0.32765,0.3151641711248472,0.34030627646860007
32,MCAR,0.2,0.45,0.19877777777777778,0.32515,0.31269014387980226,0.33778277707492377
32,MCAR,0.3,0.0,0.297,0.33705,0.32447010868609755,0.34979103947191703
32,MCAR,0.3,0.15,0.297,0.33615,0.323578870846801,0.34888316765609917
32,MCAR,0.3,0.3,0.297,0.3339,0.321351001082349,0.3466132633069022
32,MCAR,0.3,0.45,0.297,0.33175,0.31922244903066566,0.3444439423494328
32,MAR,0.0,0.0,0.0,0.3086,0.2963224501005237,0.32106684575134437
32,MAR,0.0,0.15,0.0,0.3113,0.2989914617689889,0.3237951624938365
32,MAR,0.0,0.3,0.0,0.3151,0.30274867900903696,0.32763418534572764
32,MAR,0.0,0.45,0.0,0.314,0.30166096410746607,0.3265229886291944
32,MAR,0.1,0.0,0.09888888888888889,0.31785,0.30546831856088685,0.330411824882919
32,MAR,0.1,0.15,0.09888888888888889,0.3185,0.3061112157120099,0.3310682846163947
32,MAR,0.1,0.3,0.09888888888888889,0.319,0.306605770979717,0.3315732346468472
32,MAR,0.1,0.45,0.09888888888888889,0.3175,0.30512215475012683,0.3300583349880029
32,MAR,0.2,0.0,0.2,0.3262,0.31372918597825206,0.3388426961590586
32,MAR,0.2,0.15,0.2,0.3244,0.3119480148189144,0.33702564815333896
32,MAR,0.2,0.3,0.2,0.32355,0.3111069795017209,0.3361675244289006
32,MAR,0.2,0.45,0.2,0.3224,0.3099691832500617,0.33500645845658134
32,MAR,0.3,0.0,0.2976666666666667,0.3323,0.3197669342393961,0.34499891302367736
32,MAR,0.3,0.15,0.2976666666666667,0.3306,0.3180840425558255,0.3432834865304386
32,MAR,0.3,0.3,0.2976666666666667,0.32925,0.31674776066368404,0.3419211040027758
32,MAR,0.3,0.45,0.2976666666666667,0.3268,0.314322956427803,0.33944833210325964
32,MNAR,0.0,0.0,0.0,0.3086,0.2963224501005237,0.32106684575134437
32,MNAR,0.0,0.15,0.0,0.3113,0.2989914617689889,0.3237951624938365
32,MNAR,0.0,0.3,0.0,0.3151,0.30274867900903696,0.32763418534572764
32,MNAR,0.0,0.45,0.0,0.314,0.30166096410746607,0.3265229886291944
32,MNAR,0.1,0.0,0.09822222222222222,0.3172,0.3048254493701549,0.32975533719247196
32,MNAR,0.1,0.15,0.09822222222222222,0.31765,0.30527050967588826,0.33020983165026585
32,MNAR,0.1,0.3,0.09822222222222222,0.3169,0.3045287499560279,0.3294523334318302
32,MNAR,0.1,0.45,0.09822222222222222,0.31635,0.30398481653981796,0.3288968110295432
32,MNAR,0.2,0.0,0.199,0.32025,0.30784223127805177,0.33283553760264833
32,MNAR,0.2,0.15,0.199,0.31875,0.30635849128245896,0.3313207616947738
32,MNAR,0.2,0.3,0.199,0.3186,0.30621012544480636,0.3311692759430689
32,MNAR,0.2,0.45,0.199,0.31735,0.3049738013146939,0.3299068368355924
32,MNAR,0.3,0.0,0.29777777777777775,0.3287,0.31620338313942253,0.3413660256560804
32,MNAR,0.3,0.15,0.29777777777777775,0.3274,0.31491675018686505,0.3400539447406214
32,MNAR,0.3,0.3,0.29777777777777775,0.32555,0.3130859610004692,0.3381865642133123
32,MNAR,0.3,0.45,0.29777777777777775,0.3213,0.3088809373746293,0.33389579264910246
32,Structured,0.0,0.0,0.0,0.3086,0.2963224501005237,0.32106684575134437
32,Structured,0.0,0.15,0.0,0.3113,0.2989914617689889,0.3237951624938365
32,Structured,0.0,0.3,0.0,0.3151,0.30274867900903696,0.32763418534572764
32,Structured,0.0,0.45,0.0,0.314,0.30166096410746607,0.3265229886291944
32,Structured,0.1,0.0,0.10222222222222223,0.31575,0.30339145755069696,0.3282907636740466
32,Structured,0.1,0.15,0.10222222222222223,0.31815,0.305765036851346,0.33071480976954304
32,Structured,0.1,0.3,0.10222222222222223,0.3225,0.3100681186226449,0.3351074241465482
32,Structured,0.1,0.45,0.10222222222222223,0.32045,0.3080400744725764,0.33303749652993564
32,Structured,0.2,0.0,0.19944444444444445,0.32375,0.311304865926694,0.3363694401308725
32,Structured,0.2,0.15,0.19944444444444445,0.3262,0.31372918597825206,0.3388426961590586
32,Structured,0.2,0.3,0.19944444444444445,0.33085,0.3183315150119477,0.343535766746089
32,Structured,0.2,0.45,0.19944444444444445,0.3283,0.3158074844588031,0.34096232006829874
32,Structured,0.3,0.0,0.302,0.3327,0.32016293563012066,0.3454025159128176
32,Structured,0.3,0.15,0.302,0.3338,0.3212519921211129,0.34651237119722933
32,Structured,0.3,0.3,0.302,0.3361,0.3235293591378886,0.34883272882877614
32,Structured,0.3,0.45,0.302,0.3351,0.3225391582620972,0.34782391898344805
33,MCAR,0.0,0.0,0.0,0.31195,0.2996340750279044,0.324451906084049
33,MCAR,0.0,0.15,0.0,0.3172,0.3048254493701549,0.32975533719247196
33,MCAR,0.0,0.3,0.0,0.31965,0.3072487174875559,0.3322296450296075
33,MCAR,0.0,0.45,0.0,0.3176,0.3052210578684117,0.3301593329283818
33,MCAR,0.1,0.0,0.09755555555555556,0.3198,0.3073970937130843,0.33238112039469464
33,MCAR,0.1,0.15,0.09755555555555556,0.32365,0.31120592238801836,0.33626848260603664
33,MCAR,0.1,0.3,0.09755555555555556,0.326,0.3135312676806795,0.33864081232597587
33,MCAR,0.1,0.45,0.09755555555555556,0.32435,0.31189854084985774,0.33697517159038165
33,MCAR,0.2,0.0,0.2031111111111111,0.3277,0.315213655797164,0.34035674232953234
33,MCAR,0.2,0.15,0.2031111111111111,0.331,0.3184800004100062,0.3436871329513058
33,MCAR,0.2,0.3,0.2031111111111111,0.332,0.31946993990845757,0.3446962041454557
33,MCAR,0.2,0.45,0.2031111111111111,0.3307,0.31818303105706797,0.3433843990978525
33,MCAR,0.3,0.0,0.29877777777777775,0.3354,0.32283621186066536,0.34812656860049973
33,MCAR,0.3,0.15,0.29877777777777775,0.33965,0.3270450832416942,0.35241349283929524
33,MCAR,0.3,0.3,0.29877777777777775,0.34145,0.3288280071688796,0.3542287882694238
33,MCAR,0.3,0.45,0.29877777777777775,0.33945,0.326846993149098,0.35221178078238363
33,MAR,0.0,0.0,0.0,0.31195,0.2996340750279044,0.324451906084049
33,MAR,0.0,0.15,0.0,0.3172,0.3048254493701549,0.32975533719247196
33,MAR,0.0,0.3,0.0,0.31965,0.3072487174875559,0.3322296450296075
33,MAR,0.0,0.45,0.0,0.3176,0.3052210578684117,0.3301593329283818
33,MAR,0.1,0.0,0.098,0.31855,0.30616067049583096,0.3311187803623001
33,MAR,0.1,0.15,0.098,0.32145,0.30902932986934606,0.33404725174695443
33,MAR,0.1,0.3,0.098,0.3248,0.3123438124305175,0.3374294547985224
33,MAR,0.1,0.45,0.098,0.3222,0.3097713144681385,0.33480452511363984
33,MAR,0.2,0.0,0.20077777777777778,0.3255,0.31303648329194955,0.3381360913893841
33,MAR,0.2,0.15,0.20077777777777778,0.32725,0.3147682995636376,0.33990254376449286
33,MAR,0.2,0.3,0.20077777777777778,0.32905,0.31654980294576396,0.3417192595855475
33,MAR,0.2,0.45,0.20077777777777778,0.3276,0.3151146866140797,0.3402558104461396
33,MAR,0.3,0.0,0.2982222222222222,0.33105,0.3185294958633126,0.3437375880324606
33,MAR,0.3,0.15,0.2982222222222222,0.33375,0.3212024878794126,0.34646192490350136
33,MAR,0.3,0.3,0.2982222222222222,0.3337,0.3211529837970146,0.34641147845048825
33,MAR,0.3,0.45,0.2982222222222222,0.3318,0.31927194688624977,0.3444943950285771
33,MNAR,0.0,0.0,0.0,0.31195,0.2996340750279044,0.324451906084049
33,MNAR,0.0,0.15,0.0,0.3172,0.3048254493701549,0.32975533719247196
33,MNAR,0.0,0.3,0.0,0.31965,0.3072487174875559,0.3322296450296075
33,MNAR,0.0,0.45,0.0,0.3176,0.3052210578684117,0.3301593329283818
33,MNAR,0.1,0.0,0.1,0.31735,0.3049738013146939,0.3299068368355924
33,MNAR,0.1,0.15,0.1,0.31945,0.3070508848261078,0.33202767557051155
33,MNAR,0.1,0.3,0.1,0.3217,0.309276653973022,0.33429968029794954
33,MNAR,0.1,0.45,0.1,0.3198,0.3073970937130843,0.33238112039469464
33,MNAR,0.2,0.0,0.199,0.32135,0.30893040137553046,0.3339462791790372
33,MNAR,0.2,0.15,0.199,0.32365,0.31120592238801836,0.33626848260603664
33,MNAR,0.2,0.3,0.199,0.32415,0.3117006466020204,0.3367732637103564
33,MNAR,0.2,0.45,0.199,0.32395,0.3115027549605471,0.33657135322427195
33,MNAR,0.3,0.0,0.29944444444444446,0.32545,0.3129870057458007,0.33808561840310236
33,MNAR,0.3,0.15,0.29944444444444446,0.32895,0.31645082505285427,0.3416183364109931
33,MNAR,0.3,0.3,0.29944444444444446,0.327,0.3145208850925077,0.3396502055703995
33,MNAR,0.3,0.45,0.29944444444444446,0.32715,0.3146693332899524,0.33980160897203326
33,Structured,0.0,0.0,0.0,0.31195,0.2996340750279044,0.324451906084049
33,Structured,0.0,0.15,0.0,0.3172,0.3048254493701549,0.32975533719247196
33,Structured,0.0,0.3,0.0,0.31965,0.3072487174875559,0.3322296450296075
33,Structured,0.0,0.45,0.0,0.3176,0.3052210578684117,0.3301593329283818
33,Structured,0.1,0.0,0.09755555555555556,0.3176,0.3052210578684117,0.3301593329283818
33,Structured,0.1,0.15,0.09755555555555556,0.3233,0.31085962514116033,0.33591512613120683
33,Structured,0.1,0.3,0.09755555555555556,0.3245,0.31204696324540676,0.3371266007909284
33,Structured,0.1,0.45,0.09755555555555556,0.3232,0.3107606845394268,0.3358141656697754
33,Structured,0.2,0.0,0.1978888888888889,0.32595,0.3134817885116856,0.3385903409623554
33,Structured,0.2,0.15,0.1978888888888889,0.33005,0.3175396172747891,0.34272845593515533
33,Structured,0.2,0.3,0.1978888888888889,0.33075,0.3182325255483091,0.3434348551409648
33,Structured,0.2,0.45,0.1978888888888889,0.3286,0.3161044075019812,0.34126510022631174
33,Structured,0.3,0.0,0.30033333333333334,0.3331,0.3205589472403314,0.34580610858359534
33,Structured,0.3,0.15,0.30033333333333334,0.3374,0.3248167150221488,0.35014408689210674
33,Structured,0.3,0.3,0.30033333333333334,0.3384,0.32580706148502203,0.35115275116586114
33,Structured,0.3,0.45,0.30033333333333334,0.3338,0.3212519921211129,0.34651237119722933
34,MCAR,0.0,0.0,0.0,0.3194,0.3070014270726545,0.33197718279387894
34,MCAR,0.0,0.15,0.0,0.31995,0.3075454714203776,0.3325325942781964
34,MCAR,0.0,0.3,0.0,0.3192,0.3068035977070917,0.3317752100392973
34,MCAR,0.0,0.45,0.0,0.3177,0.3053199616488964,0.33026033020664075
34,MCAR,0.1,0.0,0.10277777777777777,0.32455,0.3120964377028049,0.3371770768656013
34,MCAR,0.1,0.15,0.10277777777777777,0.325,0.31254171514039103,0.33763135421750073
34,MCAR,0.1,0.3,0.10277777777777777,0.3263,0.3138281460997241,0.33894363710302455
34,MCAR,0.1,0.45,0.10277777777777777,0.32225,0.309820781418164,0.33485500869480106
34,MCAR,0.2,0.0,0.20377777777777778,0.33285,0.32031143878685053,0.34555386436132773
34,MCAR,0.2,0.15,0.20377777777777778,0.3337,0.3211529837970146,0.34641147845048825
34,MCAR,0.2,0.3,0.20377777777777778,0.33655,0.3239749702210003,0.34928667257238605
34,MCAR,0.2,0.45,0.20377777777777778,0.33205,0.31951943856388754,0.3447466560248416
34,MCAR,0.3,0.0,0.3032222222222222,0.33755,0.3249652629654019,0.3502953905589215
34,MCAR,0.3,0.15,0.3032222222222222,0.34115,0.32853083906135855,0.3539262531492663
34,MCAR,0.3,0.3,0.3032222222222222,0.3437,0.33105694748777276,0.35649762217647046
34,MCAR,0.3,0.45,0.3032222222222222,0.33945,0.326846993149098,0.35221178078238363
34,MAR,0.0,0.0,0.0,0.3194,0.3070014270726545,0.33197718279387894
34,MAR,0.0,0.15,0.0,0.31995,0.3075454714203776,0.3325325942781964
34,MAR,0.0,0.3,0.0,0.3192,0.3068035977070917,0.3317752100392973
34,MAR,0.0,0.45,0.0,0.3177,0.3053199616488964,0.33026033020664075
34,MAR,0.1,0.0,0.10211111111111111,0.32345,0.31100803726795706,0.3360665655993038
34,MAR,0.1,0.15,0.10211111111111111,0.32255,0.31011758655427196,0.33515790674622464
34,MAR,0.1,0.3,0.10211111111111111,0.3242,0.31175011991968216,0.3368237409246318
34,MAR,0.1,0.45,0.10211111111111111,0.32015,0.307743310667449,0.3327345571524627
34,MAR,0.2,0.0,0.2061111111111111,0.3286,0.3161044075019812,0.34126510022631174
34,MAR,0.2,0.15,0.2061111111111111,0.3305,0.317985054696365,0.34318257332131685
34,MAR,0.2,0.3,0.2061111111111111,0.3313,0.31877697553368034,0.3439898610346678
34,MAR,0.2,0.45,0.2061111111111111,0.32685,0.31437243835121914,0.3394988007127762
34,MAR,0.3,0.0,0.3098888888888889,0.33565,0.32308376089103114,0.3483787722502873
34,MAR,0.3,0.15,0.3098888888888889,0.33775,0.325163329101234,0.3504971265700817
34,MAR,0.3,0.3,0.3098888888888889,0.33865,0.32605465796096494,0.35140490737511515
34,MAR,0.3,0.45,0.3098888888888889,0.33345,0.32090546577518475,0.34615924379552254
34,MNAR,0.0,0.0,0.0,0.3194,0.3070014270726545,0.33197718279387894
34,MNAR,0.0,0.15,0.0,0.31995,0.3075454714203776,0.3325325942781964
34,MNAR,0.0,0.3,0.0,0.3192,0.3068035977070917,0.3317752100392973
34,MNAR,0.0,0.45,0.0,0.3177,0.3053199616488964,0.33026033020664075
34,MNAR,0.1,0.0,0.10088888888888889,0.32205,0.3096229146001584,0.33465307338817346
34,MNAR,0.1,0.15,0.10088888888888889,0.32145,0.30902932986934606,0.33404725174695443
34,MNAR,0.1,0.3,0.10088888888888889,0.3224,0.3099691832500617,0.33500645845658134
34,MNAR,0.1,0.45,0.10088888888888889,0.31895,0.3065563147102445,0.33152274038641333
34,MNAR,0.2,0.0,0.20055555555555554,0.32545,0.3129870057458007,0.33808561840310236
34,MNAR,0.2,0.15,0.20055555555555554,0.32515,0.31269014387980226,0.33778277707492377
34,MNAR,0.2,0.3,0.20055555555555554,0.32895,0.31645082505285427,0.3416183364109931
34,MNAR,0.2,0.45,0.20055555555555554,0.3238,0.31135433794062406,0.33641991864872695
34,MNAR,0.3,0.0,0.3016666666666667,0.32945,0.31694572095673856,0.34212294584515895
34,MNAR,0.3,0.15,0.3016666666666667,0.3306,0.3180840425558255,0.3432834865304386
34,MNAR,0.3,0.3,0.3016666666666667,0.3322,0.3196679354895928,0.34489801070368936
34,MNAR,0.3,0.45,0.3016666666666667,0.3268,0.314322956427803,0.33944833210325964
34,Structured,0.0,0.0,0.0,0.3194,0.3070014270726545,0.33197718279387894
34,Structured,0.0,0.15,0.0,0.31995,0.3075454714203776,0.3325325942781964
34,Structured,0.0,0.3,0.0,0.3192,0.3068035977070917,0.3317752100392973
34,Structured,0.0,0.45,0.0,0.3177,0.3053199616488964,0.33026033020664075
34,Structured,0.1,0.0,0.10344444444444445,0.32455,0.3120964377028049,0.3371770768656013
34,Structured,0.1,0.15,0.10344444444444445,0.32515,0.31269014387980226,0.33778277707492377
34,Structured,0.1,0.3,0.10344444444444445,0.3256,0.31313543887134115,0.3382370368749077
34,Structured,0.1,0.45,0.10344444444444445,0.323,0.3105628052953818,0.3356122427877165
34,Structured,0.2,0.0,0.20355555555555555,0.32725,0.3147682995636376,0.33990254376449286
34,Structured,0.2,0.15,0.20355555555555555,0.3306,0.3180840425558255,0.3432834865304386
34,Structured,0.2,0.3,0.20355555555555555,0.333,0.32045994338020733,0.3457052113733676
34,Structured,0.2,0.45,0.20355555555555555,0.3301,0.3175891096792844,0.34277891406478106
34,Structured,0.3,0.0,0.30233333333333334,0.332,0.31946993990845757,0.3446962041454557
34,Structured,0.3,0.15,0.30233333333333334,0.33625,0.3236778947399717,0.3489840448354492
34,Structured,0.3,0.3,0.30233333333333334,0.3388,0.3262032177377809,0.3515561992096154
34,Structured,0.3,0.45,0.30233333333333334,0.33605,0.3234798475874499,0.34878228984299786
35,MCAR,0.0,0.0,0.0,0.31545,0.303094787035692,0.32798773101785617
35,MCAR,0.0,0.15,0.0,0.31945,0.3070508848261078,0.33202767557051155
35,MCAR,0.0,0.3,0.0,0.3193,0.30690251206018265,0.33187619674624014
35,MCAR,0.0,0.45,0.0,0.3173,0.30492435050083094,0.3298563371202153
35,MCAR,0.1,0.0,0.10188888888888889,0.32215,0.30972184768178207,0.33475404136882747
35,MCAR,0.1,0.15,0.10188888888888889,0.3242,0.31175011991968216,0.3368237409246318
35,MCAR,0.1,0.3,0.10188888888888889,0.32535,0.31288805114069757,0.3379846719434052
35,MCAR,0.1,0.45,0.10188888888888889,0.325,0.31254171514039103,0.33763135421750073
35,MCAR,0.2,0.0,0.20122222222222222,0.32925,0.31674776066368404,0.3419211040027758
35,MCAR,0.2,0.15,0.20122222222222222,0.3307,0.31818303105706797,0.3433843990978525
35,MCAR,0.2,0.3,0.20122222222222222,0.3325,0.31996493365674605,0.3452007157461204
35,MCAR,0.2,0.45,0.20122222222222222,0.3289,0.31640133634797757,0.34156787458216537
35,MCAR,0.3,0.0,0.3045555555555556,0.3345,0.3219450682216729,0.3472186025944842
35,MCAR,0.3,0.15,0.3045555555555556,0.3363,0.32372740692419455,0.3490344831875113
35,MCAR,0.3,0.3,0.3045555555555556,0.33605,0.3234798475874499,0.34878228984299786
35,MCAR,0.3,0.45,0.3045555555555556,0.333,0.32045994338020733,0.3457052113733676
35,MAR,0.0,0.0,0.0,0.31545,0.303094787035692,0.32798773101785617
35,MAR,0.0,0.15,0.0,0.31945,0.3070508848261078,0.33202767557051155
35,MAR,0.0,0.3,0.0,0.3193,0.30690251206018265,0.33187619674624014
35,MAR,0.0,0.45,0.0,0.3173,0.30492435050083094,0.3298563371202153
35,MAR,0.1,0.0,0.09677777777777778,0.3199,0.307496012020006,0.3324821031482824
35,MAR,0.1,0.15,0.09677777777777778,0.32195,0.30952398217345584,0.33455210475267594
35,MAR,0.1,0.3,0.09677777777777778,0.3229,0.3104638666533882,0.3355112803667754
35,MAR,0.1,0.45,0.09677777777777778,0.3219,0.30947451620574834,0.33450162018931257
35,MAR,0.2,0.0,0.20166666666666666,0.32475,0.3122943371596104,0.3373789795372659
35,MAR,0.2,0.15,0.20166666666666666,0.32625,0.3137786659579477,0.33889316671207453
35,MAR,0.2,0.3,0.20166666666666666,0.32845,0.3159559452547863,0.3411137108728301
35,MAR,0.2,0.45,0.20166666666666666,0.3254,0.31293752836204436,0.33803514525445066
35,MAR,0.3,0.0,0.30277777777777776,0.33065,0.3181335367262336,0.34333394289435043
35,MAR,0.3,0.15,0.30277777777777776,0.332,0.31946993990845757,0.3446962041454557
35,MAR,0.3,0.3,0.30277777777777776,0.3324,0.3198659336284951,0.3450998147044394
35,MAR,0.3,0.45,0.30277777777777776,0.3293,0.3167972504955747,0.3419715647047166
35,MNAR,0.0,0.0,0.0,0.31545,0.303094787035692,0.32798773101785617
35,MNAR,0.0,0.15,0.0,0.31945,0.3070508848261078,0.33202767557051155
35,MNAR,0.0,0.3,0.0,0.3193,0.30690251206018265,0.33187619674624014
35,MNAR,0.0,0.45,0.0,0.3173,0.30492435050083094,0.3298563371202153
35,MNAR,0.1,0.0,0.098,0.32095,0.3085346939623258,0.3335423823460982
35,MNAR,0.1,0.15,0.098,0.32175,0.30932611928544834,0.3343501655165161
35,MNAR,0.1,0.3,0.098,0.323,0.3105628052953818,0.3356122427877165
35,MNAR,0.1,0.45,0.098,0.3195,0.30710034274434517,0.3320781681823802
35,MNAR,0.2,0.0,0.19655555555555557,0.32305,0.3106122748614157,0.3356627237531803
35,MNAR,0.2,0.15,0.19655555555555557,0.324,0.31155222762650087,0.33662183109017974
35,MNAR,0.2,0.3,0.19655555555555557,0.3258,0.31333335197796613,0.3384389258983372
35,MNAR,0.2,0.45,0.19655555555555557,0.3236,0.3111564508633123,0.3362180035990164
35,MNAR,0.3,0.0,0.3011111111111111,0.3247,0.3122448620513657,0.33732850411336474
35,MNAR,0.3,0.15,0.3011111111111111,0.3284,0.3159064581615211,0.3410632474325717
35,MNAR,0.3,0.3,0.3011111111111111,0.3298,0.3172921576624143,0.3424761628771953
35,MNAR,0.3,0.45,0.3011111111111111,0.3264,0.3139271068694487,0.3390445773988144
35,Structured,0.0,0.0,0.0,0.31545,0.303094787035692,0.32798773101785617
35,Structured,0.0,0.15,0.0,0.31945,0.3070508848261078,0.33202767557051155
35,Structured,0.0,0.3,0.0,0.3193,0.30690251206018265,0.33187619674624014
35,Structured,0.0,0.45,0.0,0.3173,0.30492435050083094,0.3298563371202153
35,Structured,0.1,0.0,0.09833333333333333,0.3219,0.30947451620574834,0.33450162018931257
35,Structured,0.1,0.15,0.09833333333333333,0.32465,0.31219538710580347,0.3372780285267999
35,Structured,0.1,0.3,0.09833333333333333,0.32675,0.3142734746662569,0.33939786333189076
35,Structured,0.1,0.45,0.09833333333333333,0.32685,0.31437243835121914,0.3394988007127762
35,Structured,0.2,0.0,0.19644444444444445,0.3295,0.3169952114322278,0.34217340590357503
35,Structured,0.2,0.15,0.19644444444444445,0.332,0.31946993990845757,0.3446962041454557
35,Structured,0.2,0.3,0.19644444444444445,0.33405,0.3214995157185243,0.3467646002772208
35,Structured,0.2,0.45,0.19644444444444445,0.33425,0.32169753746207475,0.34696638067590146
35,Structured,0.3,0.0,0.3021111111111111,0.33455,0.32199457485077004,0.34726904650107615
35,Structured,0.3,0.15,0.3021111111111111,0.3379,0.3253118803611238,0.3506484269206113
35,Structured,0.3,0.3,0.3021111111111111,0.33815,0.32555946895102966,0.35090059101507204
35,Structured,0.3,0.45,0.3021111111111111,0.33775,0.325163329101234,0.3504971265700817
36,MCAR,0.0,0.0,0.0,0.31575,0.30339145755069696,0.3282907636740466
36,MCAR,0.0,0.15,0.0,0.3191,0.30670468401354845,0.33167422267288876
36,MCAR,0.0,0.3,0.0,0.31905,0.3066552274141585,0.3316237287423318
36,MCAR,0.0,0.45,0.0,0.31585,0.30349034905323646,0.3283917732287364
36,MCAR,0.1,0.0,0.09922222222222223,0.3222,0.3097713144681385,0.33480452511363984
36,MCAR,0.1,0.15,0.09922222222222223,0.32725,0.3147682995636376,0.33990254376449286
36,MCAR,0.1,0.3,0.09922222222222223,0.32765,0.3151641711248472,0.34030627646860007
36,MCAR,0.1,0.45,0.09922222222222223,0.3232,0.3107606845394268,0.3358141656697754
36,MCAR,0.2,0.0,0.1991111111111111,0.3277,0.315213655797164,0.34035674232953234
36,MCAR,0.2,0.15,0.1991111111111111,0.33175,0.31922244903066566,0.3444439423494328
36,MCAR,0.2,0.3,0.1991111111111111,0.33135,0.31882647194839164,0.344040315154523
36,MCAR,0.2,0.45,0.1991111111111111,0.3281,0.31560953898914385,0.3407604634041946
36,MCAR,0.3,0.0,0.2956666666666667,0.33565,0.32308376089103114,0.3483787722502873
36,MCAR,0.3,0.15,0.2956666666666667,0.3414,0.3287784787592326,0.3541783661410842
36,MCAR,0.3,0.3,0.2956666666666667,0.33915,0.3265498627301832,0.351909207977529
36,MCAR,0.3,0.45,0.2956666666666667,0.3345,0.3219450682216729,0.3472186025944842
36,MAR,0.0,0.0,0.0,0.31575,0.30339145755069696,0.3282907636740466
36,MAR,0.0,0.15,0.0,0.3191,0.30670468401354845,0.33167422267288876
36,MAR,0.0,0.3,0.0,0.31905,0.3066552274141585,0.3316237287423318
36,MAR,0.0,0.45,0.0,0.31585,0.30349034905323646,0.3283917732287364
36,MAR,0.1,0.0,0.09877777777777778,0.31975,0.30734763480657373,0.3323306287709807
36,MAR,0.1,0.15,0.09877777777777778,0.3249,0.3124427634602451,0.3375304048331822
36,MAR,0.1,0.3,0.09877777777777778,0.3259,0.3134323095048887,0.33853986943655356
36,MAR,0.1,0.45,0.09877777777777778,0.3206,0.30818845859448313,0.33318896399959574
36,MAR,0.2,0.0,0.198,0.32715,0.3146693332899524,0.33980160897203326
36,MAR,0.2,0.15,0.198,0.33055,0.3180345485458626,0.3432330300061011
36,MAR,0.2,0.3,0.198,0.32965,0.3171436838237346,0.3423247851138899
36,MAR,0.2,0.45,0.198,0.3242,0.31175011991968216,0.3368237409246318
36,MAR,0.3,0.0,0.28955555555555557,0.33225,0.319717434784573,0.34494846194359635
36,MAR,0.3,0.15,0.28955555555555557,0.3371,0.32451962340267476,0.34984147529189674
36,MAR,0.3,0.3,0.28955555555555557,0.3331,0.3205589472403314,0.34580610858359534
36,MAR,0.3,0.45,0.28955555555555557,0.3278,0.31531262562636336,0.3404576735668829
36,MNAR,0.0,0.0,0.0,0.31575,0.30339145755069696,0.3282907636740466
36,MNAR,0.0,0.15,0.0,0.3191,0.30670468401354845,0.33167422267288876
36,MNAR,0.0,0.3,0.0,0.31905,0.3066552274141585,0.3316237287423318
36,MNAR,0.0,0.45,0.0,0.31585,0.30349034905323646,0.3283917732287364
36,MNAR,0.1,0.0,0.09944444444444445,0.31895,0.3065563147102445,0.33152274038641333
36,MNAR,0.1,0.15,0.09944444444444445,0.32345,0.31100803726795706,0.3360665655993038
36,MNAR,0.1,0.3,0.09944444444444445,0.32275,0.31031545991588017,0.3353598355100246
36,MNAR,0.1,0.45,0.09944444444444445,0.3197,0.3072981760647233,0.3322801369826241
36,MNAR,0.2,0.0,0.1991111111111111,0.3219,0.30947451620574834,0.33450162018931257
36,MNAR,0.2,0.15,0.1991111111111111,0.32635,0.3138776264035645,0.3389941073319325
36,MNAR,0.2,0.3,0.1991111111111111,0.32385,0.3114038101175886,0.33647039700356596
36,MNAR,0.2,0.45,0.1991111111111111,0.32065,0.308237920297108,0.33323945282753253
36,MNAR,0.3,0.0,0.29744444444444446,0.3265,0.3140260682872722,0.33914551704657897
36,MNAR,0.3,0.15,0.29744444444444446,0.33095,0.3184305051169964,0.3436366777098722
36,MNAR,0.3,0.3,0.29744444444444446,0.32745,0.314966234051252,0.3401044114093908
36,MNAR,0.3,0.45,0.29744444444444446,0.32535,0.31288805114069757,0.3379846719434052
36,Structured,0.0,0.0,0.0,0.31575,0.30339145755069696,0.3282907636740466
36,Structured,0.0,0.15,0.0,0.3191,0.30670468401354845,0.33167422267288876
36,Structured,0.0,0.3,0.0,0.31905,0.3066552274141585,0.3316237287423318
36,Structured,0.0,0.45,0.0,0.31585,0.30349034905323646,0.3283917732287364
36,Structured,0.1,0.0,0.10166666666666667,0.32295,0.3105133358926994,0.33556176165892226
36,Structured,0.1,0.15,0.10166666666666667,0.32575,0.3132838734578776,0.3383884538858833
36,Structured,0.1,0.3,0.10166666666666667,0.32575,0.3132838734578776,0.3383884538858833
36,Structured,0.1,0.45,0.10166666666666667,0.32255,0.31011758655427196,0.33515790674622464
36,Structured,0.2,0.0,0.197,0.32925,0.31674776066368404,0.3419211040027758
36,Structured,0.2,0.15,0.197,0.33245,0.3199154335627354,0.3451502653051567
36,Structured,0.2,0.3,0.197,0.3319,0.3193709430774139,0.34459529990691967
36,Structured,0.2,0.45,0.197,0.32995,0.3174406329477638,0.3426275391939923
36,Structured,0.3,0.0,0.2991111111111111,0.33615,0.323578870846801,0.34888316765609917
36,Structured,0.3,0.15,0.2991111111111111,0.3407,0.32808509748193626,0.35347243988826327
36,Structured,0.3,0.3,0.2991111111111111,0.33985,0.32724317585035184,0.3526152023804091
36,Structured,0.3,0.45,0.2991111111111111,0.3377,0.32511381233038233,0.35044669280416113
37,MCAR,0.0,0.0,0.0,0.3182,0.30581449047850173,0.3307653066719727
37,MCAR,0.0,0.15,0.0,0.321,0.30858415681458445,0.3335928700245397
37,MCAR,0.0,0.3,0.0,0.32325,0.310810154758667,0.33586464598210725
37,MCAR,0.0,0.45,0.0,0.3197,0.3072981760647233,0.3322801369826241
37,MCAR,0.1,0.0,0.103,0.32365,0.31120592238801836,0.33626848260603664
37,MCAR,0.1,0.15,0.103,0.329,0.31650031391878986,0.3416687980787809
37,MCAR,0.1,0.3,0.103,0.3327,0.32016293563012066,0.3454025159128176
37,MCAR,0.1,0.45,0.103,0.3294,0.316896230642122,0.34207248562588954
37,MCAR,0.2,0.0,0.19644444444444445,0.32885,0.3163518478041754,0.3415174125922792
37,MCAR,0.2,0.15,0.19644444444444445,0.33495,0.3223906336066882,0.34767259203127926
37,MCAR,0.2,0.3,0.19644444444444445,0.33795,0.32536139776347517,0.3506988600551007
37,MCAR,0.2,0.45,0.19644444444444445,0.33445,0.3218955617516131,0.3471681585288741
37,MCAR,0.3,0.0,0.2991111111111111,0.3345,0.3219450682216729,0.3472186025944842
37,MCAR,0.3,0.15,0.2991111111111111,0.3406,0.32798604552310806,0.3533715907716185
37,MCAR,0.3,0.3,0.2991111111111111,0.3434,0.3307597371708195,0.3561951292614397
37,MCAR,0.3,0.45,0.2991111111111111,0.34085,0.3282336765968969,0.3536237123866315
37,MAR,0.0,0.0,0.0,0.3182,0.30581449047850173,0.3307653066719727
37,MAR,0.0,0.15,0.0,0.321,0.30858415681458445,0.3335928700245397
37,MAR,0.0,0.3,0.0,0.32325,0.310810154758667,0.33586464598210725
37,MAR,0.0,0.45,0.0,0.3197,0.3072981760647233,0.3322801369826241
37,MAR,0.1,0.0,0.10266666666666667,0.32235,0.309919715809147,0.3349559753662518
37,MAR,0.1,0.15,0.10266666666666667,0.32725,0.3147682995636376,0.33990254376449286
37,MAR,0.1,0.3,0.10266666666666667,0.33,0.3174901250309444,0.3426779976448983
37,MAR,0.1,0.45,0.10266666666666667,0.3268,0.314322956427803,0.33944833210325964
37,MAR,0.2,0.0,0.2,0.32815,0.3156590251145399,0.34081092781221295
37,MAR,0.2,0.15,0.2,0.3322,0.3196679354895928,0.34489801070368936
37,MAR,0.2,0.3,0.2,0.335,0.32244014166630486,0.3477230345075043
37,MAR,0.2,0.45,0.2,0.3315,0.31897496215347154,0.34419167655325383
37,MAR,0.3,0.0,0.2982222222222222,0.3324,0.3198659336284951,0.3450998147044394
37,MAR,0.3,0.15,0.2982222222222222,0.33725,0.32466816850108343,0.3499927818032549
37,MAR,0.3,0.3,0.2982222222222222,0.33865,0.32605465796096494,0.35140490737511515
37,MAR,0.3,0.45,0.2982222222222222,0.33545,0.3228857213493738,0.34817700964778836
37,MNAR,0.0,0.0,0.0,0.3182,0.30581449047850173,0.3307653066719727
37,MNAR,0.0,0.15,0.0,0.321,0.30858415681458445,0.3335928700245397
37,MNAR,0.0,0.3,0.0,0.32325,0.310810154758667,0.33586464598210725
37,MNAR,0.0,0.45,0.0,0.3197,0.3072981760647233,0.3322801369826241
37,MNAR,0.1,0.0,0.09977777777777778,0.32005,0.3076443907148365,0.3326335760443668
37,MNAR,0.1,0.15,0.09977777777777778,0.32465,0.31219538710580347,0.3372780285267999
37,MNAR,0.1,0.3,0.09977777777777778,0.3277,0.315213655797164,0.34035674232953234
37,MNAR,0.1,0.45,0.09977777777777778,0.32455,0.3120964377028049,0.3371770768656013
37,MNAR,0.2,0.0,0.20066666666666666,0.3232,0.3107606845394268,0.3358141656697754
37,MNAR,0.2,0.15,0.20066666666666666,0.3284,0.3159064581615211,0.3410632474325717
37,MNAR,0.2,0.3,0.20066666666666666,0.3295,0.3169952114322278,0.34217340590357503
37,MNAR,0.2,0.45,0.20066666666666666,0.3261,0.31363022650518607,0.3387417545667603
37,MNAR,0.3,0.0,0.29877777777777775,0.327,0.3145208850925077,0.3396502055703995
37,MNAR,0.3,0.15,0.29877777777777775,0.33165,0.3191234537995889,0.3443430365111074
37,MNAR,0.3,0.3,0.29877777777777775,0.3326,0.32006393432400243,0.3453016161488649
37,MNAR,0.3,0.45,0.29877777777777775,0.32935,0.31684674048839406,0.3420220252457483
37,Structured,0.0,0.0,0.0,0.3182,0.30581449047850173,0.3307653066719727
37,Structured,0.0,0.15,0.0,0.321,0.30858415681458445,0.3335928700245397
37,Structured,0.0,0.3,0.0,0.32325,0.310810154758667,0.33586464598210725
37,Structured,0.0,0.45,0.0,0.3197,0.3072981760647233,0.3322801369826241
37,Structured,0.1,0.0,0.09888888888888889,0.3196,0.3071992590750897,0.3321791529119073
37,Structured,0.1,0.15,0.09888888888888889,0.3246,0.31214591232294264,0.3372275527775519
37,Structured,0.1,0.3,0.09888888888888889,0.32785,0.31536211078321036,0.34050813894333964
37,Structured,0.1,0.45,0.09888888888888889,0.32365,0.31120592238801836,0.33626848260603664
37,Structured,0.2,0.0,0.19344444444444445,0.32595,0.3134817885116856,0.3385903409623554
37,Structured,0.2,0.15,0.19344444444444445,0.32985,0.31734164926348135,0.3425266218101593
37,Structured,0.2,0.3,0.19344444444444445,0.33325,0.32070745422698754,0.345957453202598
37,Structured,0.2,0.45,0.19344444444444445,0.33025,0.31773758785647443,0.34293028749006393
37,Structured,0.3,0.0,0.2911111111111111,0.33015,0.3176386022444089,0.34282937203379654
37,Structured,0.3,0.15,0.2911111111111111,0.3335,0.32095496906080306,0.3462096910452284
37,Structured,0.3,0.3,0.2911111111111111,0.3376,0.32501477926244937,0.3503458247985977
37,Structured,0.3,0.45,0.2911111111111111,0.33485,0.32229161796409833,0.3475717066022349
38,MCAR,0.0,0.0,0.0,0.31415,0.3018092841100722,0.3266745202102789
38,MCAR,0.0,0.15,0.0,0.3161,0.3037375807192537,0.3286442942061563
38,MCAR,0.0,0.3,0.0,0.3187,0.3063090358381418,0.3312702666092851
38,MCAR,0.0,0.45,0.0,0.3155,0.3031442317055052,0.3280382368765244
38,MCAR,0.1,0.0,0.1,0.32195,0.30952398217345584,0.33455210475267594
38,MCAR,0.1,0.15,0.1,0.3234,0.3109585663958255,0.3360160859397857
38,MCAR,0.1,0.3,0.1,0.32605,0.31358074701185357,0.3386912835274378
38,MCAR,0.1,0.45,0.1,0.3228,0.3103649286649587,0.3354103172923464
38,MCAR,0.2,0.0,0.20044444444444445,0.33035,0.31783657411083616,0.3430312023041052
38,MCAR,0.2,0.15,0.20044444444444445,0.33175,0.31922244903066566,0.3444439423494328
38,MCAR,0.2,0.3,0.20044444444444445,0.33245,0.3199154335627354,0.3451502653051567
38,MCAR,0.2,0.45,0.20044444444444445,0.32885,0.3163518478041754,0.3415174125922792
38,MCAR,0.3,0.0,0.2991111111111111,0.33525,0.3226876843469151,0.3479752445063623
38,MCAR,0.3,0.15,0.2991111111111111,0.33845,0.325856580464922,0.35120318272296647
38,MCAR,0.3,0.3,0.2991111111111111,0.339,0.32640129964570497,0.3517579194503437
38,MCAR,0.3,0.45,0.2991111111111111,0.33635,0.3237769192668205,0.34908492138118846
38,MAR,0.0,0.0,0.0,0.31415,0.3018092841100722,0.3266745202102789
38,MAR,0.0,0.15,0.0,0.3161,0.3037375807192537,0.3286442942061563
38,MAR,0.0,0.3,0.0,0.3187,0.3063090358381418,0.3312702666092851
38,MAR,0.0,0.45,0.0,0.3155,0.3031442317055052,0.3280382368765244
38,MAR,0.1,0.0,0.10566666666666667,0.31985,0.3074465527842355,0.33243161185378867
38,MAR,0.1,0.15,0.10566666666666667,0.32185,0.30942505040183166,0.334451135462178
38,MAR,0.1,0.3,0.10566666666666667,0.32455,0.3120964377028049,0.3371770768656013
38,MAR,0.1,0.45,0.10566666666666667,0.32035,0.30794115254648186,0.33293651739508434
38,MAR,0.2,0.0,0.20644444444444446,0.3277,0.315213655797164,0.34035674232953234
38,MAR,0.2,0.15,0.20644444444444446,0.3282,0.315708511401294,0.34086139205889027
38,MAR,0.2,0.3,0.20644444444444446,0.3281,0.31560953898914385,0.3407604634041946
38,MAR,0.2,0.45,0.20644444444444446,0.3248,0.3123438124305175,0.3374294547985224
38,MAR,0.3,0.0,0.3085555555555556,0.33225,0.319717434784573,0.34494846194359635
38,MAR,0.3,0.15,0.3085555555555556,0.3341,0.3215490209156638,0.34681504561561316
38,MAR,0.3,0.3,0.3085555555555556,0.33355,0.3210044725058131,0.34626013813556006
38,MAR,0.3,0.45,0.3085555555555556,0.33,0.3174901250309444,0.3426779976448983
38,MNAR,0.0,0.0,0.0,0.31415,0.3018092841100722,0.3266745202102789
38,MNAR,0.0,0.15,0.0,0.3161,0.3037375807192537,0.3286442942061563
38,MNAR,0.0,0.3,0.0,0.3187,0.3063090358381418,0.3312702666092851
38,MNAR,0.0,0.45,0.0,0.3155,0.3031442317055052,0.3280382368765244
38,MNAR,0.1,0.0,0.10122222222222223,0.317,0.30462764909758594,0.3295533353484476
38,MNAR,0.1,0.15,0.10122222222222223,0.3197,0.3072981760647233,0.3322801369826241
38,MNAR,0.1,0.3,0.10122222222222223,0.3222,0.3097713144681385,0.33480452511363984
38,MNAR,0.1,0.45,0.10122222222222223,0.3169,0.3045287499560279,0.3294523334318302
38,MNAR,0.2,0.0,0.19844444444444445,0.32405,0.3116017004554097,0.33667230879315
38,MNAR,0.2,0.15,0.19844444444444445,0.3254,0.31293752836204436,0.33803514525445066
38,MNAR,0.2,0.3,0.19844444444444445,0.3275,0.31501571807726264,0.34015487791655336
38,MNAR,0.2,0.45,0.19844444444444445,0.32265,0.3102165229080941,0.33525887145506794
38,MNAR,0.3,0.0,0.29677777777777775,0.3284,0.3159064581615211,0.3410632474325717
38,MNAR,0.3,0.15,0.29677777777777775,0.3305,0.317985054696365,0.34318257332131685
38,MNAR,0.3,0.3,0.29677777777777775,0.33,0.3174901250309444,0.3426779976448983
38,MNAR,0.3,0.45,0.29677777777777775,0.3251,0.3126406674707984,0.33773230295162904
38,Structured,0.0,0.0,0.0,0.31415,0.3018092841100722,0.3266745202102789
38,Structured,0.0,0.15,0.0,0.3161,0.3037375807192537,0.3286442942061563
38,Structured,0.0,0.3,0.0,0.3187,0.3063090358381418,0.3312702666092851
38,Structured,0.0,0.45,0.0,0.3155,0.3031442317055052,0.3280382368765244
38,Structured,0.1,0.0,0.09966666666666667,0.31905,0.3066552274141585,0.3316237287423318
38,Structured,0.1,0.15,0.09966666666666667,0.3223,0.3098702485318402,0.33490549211233167
38,Structured,0.1,0.3,0.09966666666666667,0.3251,0.3126406674707984,0.33773230295162904
38,Structured,0.1,0.45,0.09966666666666667,0.3216,0.3091777238398001,0.33419870936924484
38,Structured,0.2,0.0,0.2021111111111111,0.32605,0.31358074701185357,0.3386912835274378
38,Structured,0.2,0.15,0.2021111111111111,0.3289,0.31640133634797757,0.34156787458216537
38,Structured,0.2,0.3,0.2021111111111111,0.32985,0.31734164926348135,0.3425266218101593
38,Structured,0.2,0.45,0.2021111111111111,0.32635,0.3138776264035645,0.3389941073319325
38,Structured,0.3,0.0,0.3025555555555556,0.3309,0.3183810099843053,0.3435862223081383
38,Structured,0.3,0.15,0.3025555555555556,0.33375,0.3212024878794126,0.34646192490350136
38,Structured,0.3,0.3,0.3025555555555556,0.3354,0.32283621186066536,0.34812656860049973
38,Structured,0.3,0.45,0.3025555555555556,0.332,0.31946993990845757,0.3446962041454557
39,MCAR,0.0,0.0,0.0,0.3152,0.30284756618393316,0.32773519922752237
39,MCAR,0.0,0.15,0.0,0.31665,0.30428150500477,0.32919982573800927
39,MCAR,0.0,0.3,0.0,0.31815,0.305765036851346,0.33071480976954304
39,MCAR,0.0,0.45,0.0,0.31525,0.30289701002124025,0.32778570591859313
39,MCAR,0.1,0.0,0.10077777777777777,0.31865,0.3062595805589168,0.3312197713587241
39,MCAR,0.1,0.15,0.10077777777777777,0.32035,0.30794115254648186,0.33293651739508434
39,MCAR,0.1,0.3,0.10077777777777777,0.3226,0.3101670546494279,0.33520838918239104
39,MCAR,0.1,0.45,0.10077777777777777,0.31995,0.3075454714203776,0.3325325942781964
39,MCAR,0.2,0.0,0.20422222222222222,0.3247,0.3122448620513657,0.33732850411336474
39,MCAR,0.2,0.15,0.20422222222222222,0.32795,0.31546108158129915,0.34060906921191014
39,MCAR,0.2,0.3,0.20422222222222222,0.3293,0.3167972504955747,0.3419715647047166
39,MCAR,0.2,0.45,0.20422222222222222,0.3287,0.31620338313942253,0.3413660256560804
39,MCAR,0.3,0.0,0.31055555555555553,0.3305,0.317985054696365,0.34318257332131685
39,MCAR,0.3,0.15,0.31055555555555553,0.334,0.32145001068058027,0.3467141547796499
39,MCAR,0.3,0.3,0.31055555555555553,0.33515,0.32258866679823694,0.34787436098320296
39,MCAR,0.3,0.45,0.31055555555555553,0.33615,0.323578870846801,0.34888316765609917
39,MAR,0.0,0.0,0.0,0.3152,0.30284756618393316,0.32773519922752237
39,MAR,0.0,0.15,0.0,0.31665,0.30428150500477,0.32919982573800927
39,MAR,0.0,0.3,0.0,0.31815,0.305765036851346,0.33071480976954304
39,MAR,0.0,0.45,0.0,0.31525,0.30289701002124025,0.32778570591859313
39,MAR,0.1,0.0,0.09966666666666667,0.317,0.30462764909758594,0.3295533353484476
39,MAR,0.1,0.15,0.09966666666666667,0.3188,0.30640794689184847,0.33137125661521105
39,MAR,0.1,0.3,0.09966666666666667,0.32145,0.30902932986934606,0.33404725174695443
39,MAR,0.1,0.45,0.09966666666666667,0.31855,0.30616067049583096,0.3311187803623001
39,MAR,0.2,0.0,0.2031111111111111,0.3232,0.3107606845394268,0.3358141656697754
39,MAR,0.2,0.15,0.2031111111111111,0.3238,0.31135433794062406,0.33641991864872695
39,MAR,0.2,0.3,0.2031111111111111,0.32655,0.314075549239173,0.3391959866275007
39,MAR,0.2,0.45,0.2031111111111111,0.32575,0.3132838734578776,0.3383884538858833
39,MAR,0.3,0.0,0.30944444444444447,0.32995,0.3174406329477638,0.3426275391939923
39,MAR,0.3,0.15,0.30944444444444447,0.33125,0.31872747927915807,0.3439394067546398
39,MAR,0.3,0.3,0.30944444444444447,0.3311,0.31857899147690044,0.3437880429533525
39,MAR,0.3,0.45,0.30944444444444447,0.33195,0.3194204414129606,0.3446457521061544
39,MNAR,0.0,0.0,0.0,0.3152,0.30284756618393316,0.32773519922752237
39,MNAR,0.0,0.15,0.0,0.31665,0.30428150500477,0.32919982573800927
39,MNAR,0.0,0.3,0.0,0.31815,0.305765036851346,0.33071480976954304
39,MNAR,0.0,0.45,0.0,0.31525,0.30289701002124025,0.32778570591859313
39,MNAR,0.1,0.0,0.10355555555555555,0.31615,0.30378702755108833,0.3286947979030716
39,MNAR,0.1,0.15,0.10355555555555555,0.31705,0.3046770989170781,0.3296038360580734
39,MNAR,0.1,0.3,0.10355555555555555,0.32105,0.30863361983099474,0.33364335753884694
39,MNAR,0.1,0.45,0.10355555555555555,0.3196,0.3071992590750897,0.3321791529119073
39,MNAR,0.2,0.0,0.20466666666666666,0.32085,0.30843576875034673,0.3334414064967375
39,MNAR,0.2,0.15,0.20466666666666666,0.3241,0.3116511734472572,0.3367227863332031
39,MNAR,0.2,0.3,0.20466666666666666,0.32635,0.3138776264035645,0.3389941073319325
39,MNAR,0.2,0.45,0.20466666666666666,0.32525,0.31278909718531367,0.33788372483406354
39,MNAR,0.3,0.0,0.3068888888888889,0.32595,0.3134817885116856,0.3385903409623554
39,MNAR,0.3,0.15,0.3068888888888889,0.32765,0.3151641711248472,0.34030627646860007
39,MNAR,0.3,0.3,0.3068888888888889,0.32695,0.3144714026835909,0.3395997374463271
39,MNAR,0.3,0.45,0.3068888888888889,0.32805,0.31556005302512685,0.3407099988348175
39,Structured,0.0,0.0,0.0,0.3152,0.30284756618393316,0.32773519922752237
39,Structured,0.0,0.15,0.0,0.31665,0.30428150500477,0.32919982573800927
39,Structured,0.0,0.3,0.0,0.31815,0.305765036851346,0.33071480976954304
39,Structured,0.0,0.45,0.0,0.31525,0.30289701002124025,0.32778570591859313
39,Structured,0.1,0.0,0.10233333333333333,0.32045,0.3080400744725764,0.33303749652993564
39,Structured,0.1,0.15,0.10233333333333333,0.3234,0.3109585663958255,0.3360160859397857
39,Structured,0.1,0.3,0.10233333333333333,0.3235,0.3110575083032626,0.33611704509566936
39,Structured,0.1,0.45,0.10233333333333333,0.31995,0.3075454714203776,0.3325325942781964
39,Structured,0.2,0.0,0.2031111111111111,0.3273,0.3148177829430392,0.33995301091819224
39,Structured,0.2,0.15,0.2031111111111111,0.32885,0.3163518478041754,0.3415174125922792
39,Structured,0.2,0.3,0.2031111111111111,0.3283,0.3158074844588031,0.34096232006829874
39,Structured,0.2,0.45,0.2031111111111111,0.32645,0.3139765874973577,0.33909504730369017
39,Structured,0.3,0.0,0.31477777777777777,0.33315,0.32060844940970545,0.3458565569494242
39,Structured,0.3,0.15,0.31477777777777777,0.33435,0.32179654928866686,0.34706726992053116
39,Structured,0.3,0.3,0.31477777777777777,0.335,0.32244014166630486,0.3477230345075043
39,Structured,0.3,0.45,0.31477777777777777,0.3326,0.32006393432400243,0.3453016161488649
40,MCAR,0.0,0.0,0.0,0.31705,0.3046770989170781,0.3296038360580734
40,MCAR,0.0,0.15,0.0,0.31935,0.3069519694840064,0.331926689852461
40,MCAR,0.0,0.3,0.0,0.3204,0.30799061342733125,0.33298700704469797
40,MCAR,0.0,0.45,0.0,0.31785,0.30546831856088685,0.330411824882919
40,MCAR,0.1,0.0,0.09722222222222222,0.32365,0.31120592238801836,0.33626848260603664
40,MCAR,0.1,0.15,0.09722222222222222,0.3253,0.31283857408178145,0.33793419846994943
40,MCAR,0.1,0.3,0.09722222222222222,0.32605,0.31358074701185357,0.3386912835274378
40,MCAR,0.1,0.45,0.09722222222222222,0.3231,0.3106617445907809,0.33571320455533077
40,MCAR,0.2,0.0,0.19677777777777777,0.3316,0.319073956424132,0.3442925833518906
40,MCAR,0.2,0.15,0.19677777777777777,0.33345,0.32090546577518475,0.34615924379552254
40,MCAR,0.2,0.3,0.19677777777777777,0.33335,0.3208064596821951,0.3460583488179169
40,MCAR,0.2,0.45,0.19677777777777777,0.331,0.3184800004100062,0.3436871329513058
40,MCAR,0.3,0.0,0.29677777777777775,0.3376,0.32501477926244937,0.3503458247985977
40,MCAR,0.3,0.15,0.29677777777777775,0.34095,0.32833273012448927,0.35372455993467333
40,MCAR,0.3,0.3,0.29677777777777775,0.3398,0.32719365246236565,0.352564775230928
40,MCAR,0.3,0.45,0.29677777777777775,0.3384,0.32580706148502203,0.35115275116586114
40,MAR,0.0,0.0,0.0,0.31705,0.3046770989170781,0.3296038360580734
40,MAR,0.0,0.15,0.0,0.31935,0.3069519694840064,0.331926689852461
40,MAR,0.0,0.3,0.0,0.3204,0.30799061342733125,0.33298700704469797
40,MAR,0.0,0.45,0.0,0.31785,0.30546831856088685,0.330411824882919
40,MAR,0.1,0.0,0.09844444444444445,0.32115,0.30873254635619307,0.3337443320751448
40,MAR,0.1,0.15,0.09844444444444445,0.32285,0.310414397577468,0.33546079891125663
40,MAR,0.1,0.3,0.09844444444444445,0.3233,0.31085962514116033,0.33591512613120683
40,MAR,0.1,0.45,0.09844444444444445,0.3202,0.3077927708905119,0.3327850474597839
40,MAR,0.2,0.0,0.20433333333333334,0.32735,0.31486726648412083,0.3400034779102285
40,MAR,0.2,0.15,0.20433333333333334,0.329,0.31650031391878986,0.3416687980787809
40,MAR,0.2,0.3,0.20433333333333334,0.3283,0.3158074844588031,0.34096232006829874
40,MAR,0.2,0.45,0.20433333333333334,0.3267,0.31422399306660215,0.3393473943986484
40,MAR,0.3,0.0,0.306,0.3319,0.3193709430774139,0.34459529990691967
40,MAR,0.3,0.15,0.306,0.3346,0.32204408163888487,0.34731949024866554
40,MAR,0.3,0.3,0.306,0.33305,0.3205094452304919,0.34575566005824937
40,MAR,0.3,0.45,0.306,0.3321,0.3195689373792323,0.3447971077443297
40,MNAR,0.0,0.0,0.0,0.31705,0.3046770989170781,0.3296038360580734
40,MNAR,0.0,0.15,0.0,0.31935,0.3069519694840064,0.331926689852461
40,MNAR,0.0,0.3,0.0,0.3204,0.30799061342733125,0.33298700704469797
40,MNAR,0.0,0.45,0.0,0.31785,0.30546831856088685,0.330411824882919
40,MNAR,0.1,0.0,0.09788888888888889,0.32045,0.3080400744725764,0.33303749652993564
40,MNAR,0.1,0.15,0.09788888888888889,0.32335,0.31090909568688696,0.3359656061170938
40,MNAR,0.1,0.3,0.09788888888888889,0.3229,0.3104638666533882,0.3355112803667754
40,MNAR,0.1,0.45,0.09788888888888889,0.3201,0.3076938506088838,0.3326840666806638
40,MNAR,0.2,0.0,0.19677777777777777,0.3234,0.3109585663958255,0.3360160859397857
40,MNAR,0.2,0.15,0.19677777777777777,0.3244,0.3119480148189144,0.33702564815333896
40,MNAR,0.2,0.3,0.19677777777777777,0.3256,0.31313543887134115,0.3382370368749077
40,MNAR,0.2,0.45,0.19677777777777777,0.3232,0.3107606845394268,0.3358141656697754
40,MNAR,0.3,0.0,0.2931111111111111,0.32705,0.3145703676632196,0.3397006735326953
40,MNAR,0.3,0.15,0.2931111111111111,0.3281,0.31560953898914385,0.3407604634041946
40,MNAR,0.3,0.3,0.2931111111111111,0.3289,0.31640133634797757,0.34156787458216537
40,MNAR,0.3,0.45,0.2931111111111111,0.3291,0.31659929213376026,0.3417697209313116
40,Structured,0.0,0.0,0.0,0.31705,0.3046770989170781,0.3296038360580734
40,Structured,0.0,0.15,0.0,0.31935,0.3069519694840064,0.331926689852461
40,Structured,0.0,0.3,0.0,0.3204,0.30799061342733125,0.33298700704469797
40,Structured,0.0,0.45,0.0,0.31785,0.30546831856088685,0.330411824882919
40,Structured,0.1,0.0,0.09922222222222223,0.3218,0.3093755847617249,0.3344006505712535
40,Structured,0.1,0.15,0.09922222222222223,0.32345,0.31100803726795706,0.3360665655993038
40,Structured,0.1,0.3,0.09922222222222223,0.3262,0.31372918597825206,0.3388426961590586
40,Structured,0.1,0.45,0.09922222222222223,0.32415,0.3117006466020204,0.3367732637103564
40,Structured,0.2,0.0,0.19766666666666666,0.32825,0.31575799784938813,0.340911856144246
40,Structured,0.2,0.15,0.19766666666666666,0.32915,0.31664878148275777,0.3418201821160919
40,Structured,0.2,0.3,0.19766666666666666,0.3326,0.32006393432400243,0.3453016161488649
40,Structured,0.2,0.45,0.19766666666666666,0.3309,0.3183810099843053,0.3435862223081383
40,Structured,0.3,0.0,0.29144444444444445,0.33565,0.32308376089103114,0.3483787722502873
40,Structured,0.3,0.15,0.29144444444444445,0.33745,0.324866230845234,0.35019452160569353
40,Structured,0.3,0.3,0.29144444444444445,0.33865,0.32605465796096494,0.35140490737511515
40,Structured,0.3,0.45,0.29144444444444445,0.3385,0.32590609960248534,0.35125361412242745
41,MCAR,0.0,0.0,0.0,0.31805,0.30566613009301946,0.3306138154687596
41,MCAR,0.0,0.15,0.0,0.3187,0.3063090358381418,0.3312702666092851
41,MCAR,0.0,0.3,0.0,0.31815,0.305765036851346,0.33071480976954304
41,MCAR,0.0,0.45,0.0,0.3187,0.3063090358381418,0.3312702666092851
41,MCAR,0.1,0.0,0.09866666666666667,0.323,0.3105628052953818,0.3356122427877165
41,MCAR,0.1,0.15,0.09866666666666667,0.3248,0.3123438124305175,0.3374294547985224
41,MCAR,0.1,0.3,0.09866666666666667,0.32315,0.31071121448345784,0.33576368519418903
41,MCAR,0.1,0.45,0.09866666666666667,0.32545,0.3129870057458007,0.33808561840310236
41,MCAR,0.2,0.0,0.20366666666666666,0.33065,0.3181335367262336,0.34333394289435043
41,MCAR,0.2,0.15,0.20366666666666666,0.33295,0.32041044168949306,0.34565476252893135
41,MCAR,0.2,0.3,0.20366666666666666,0.33,0.3174901250309444,0.3426779976448983
41,MCAR,0.2,0.45,0.20366666666666666,0.33025,0.31773758785647443,0.34293028749006393
41,MCAR,0.3,0.0,0.30433333333333334,0.33255,0.3200144339105071,0.3452511660273507
41,MCAR,0.3,0.15,0.30433333333333334,0.3379,0.3253118803611238,0.3506484269206113
41,MCAR,0.3,0.3,0.30433333333333334,0.3331,0.3205589472403314,0.34580610858359534
41,MCAR,0.3,0.45,0.30433333333333334,0.33225,0.319717434784573,0.34494846194359635
41,MAR,0.0,0.0,0.0,0.31805,0.30566613009301946,0.3306138154687596
41,MAR,0.0,0.15,0.0,0.3187,0.3063090358381418,0.3312702666092851
41,MAR,0.0,0.3,0.0,0.31815,0.305765036851346,0.33071480976954304
41,MAR,0.0,0.45,0.0,0.3187,0.3063090358381418,0.3312702666092851
41,MAR,0.1,0.0,0.09877777777777778,0.3226,0.3101670546494279,0.33520838918239104
41,MAR,0.1,0.15,0.09877777777777778,0.3232,0.3107606845394268,0.3358141656697754
41,MAR,0.1,0.3,0.09877777777777778,0.32095,0.3085346939623258,0.3335423823460982
41,MAR,0.1,0.45,0.09877777777777778,0.32295,0.3105133358926994,0.33556176165892226
41,MAR,0.2,0.0,0.20122222222222222,0.32855,0.3160549199250344,0.34121463726968015
41,MAR,0.2,0.15,0.20122222222222222,0.32945,0.31694572095673856,0.34212294584515895
41,MAR,0.2,0.3,0.20122222222222222,0.32625,0.3137786659579477,0.33889316671207453
41,MAR,0.2,0.45,0.20122222222222222,0.32605,0.31358074701185357,0.3386912835274378
41,MAR,0.3,0.0,0.30244444444444446,0.33205,0.31951943856388754,0.3447466560248416
41,MAR,0.3,0.15,0.30244444444444446,0.3363,0.32372740692419455,0.3490344831875113
41,MAR,0.3,0.3,0.30244444444444446,0.32985,0.31734164926348135,0.3425266218101593
41,MAR,0.3,0.45,0.30244444444444446,0.3296,0.31709419286574375,0.3422743255379227
41,MNAR,0.0,0.0,0.0,0.31805,0.30566613009301946,0.3306138154687596
41,MNAR,0.0,0.15,0.0,0.3187,0.3063090358381418,0.3312702666092851
41,MNAR,0.0,0.3,0.0,0.31815,0.305765036851346,0.33071480976954304
41,MNAR,0.0,0.45,0.0,0.3187,0.3063090358381418,0.3312702666092851
41,MNAR,0.1,0.0,0.10266666666666667,0.32215,0.30972184768178207,0.33475404136882747
41,MNAR,0.1,0.15,0.10266666666666667,0.32195,0.30952398217345584,0.33455210475267594
41,MNAR,0.1,0.3,0.10266666666666667,0.31975,0.30734763480657373,0.3323306287709807
41,MNAR,0.1,0.45,0.10266666666666667,0.32235,0.309919715809147,0.3349559753662518
41,MNAR,0.2,0.0,0.20222222222222222,0.3235,0.3110575083032626,0.33611704509566936
41,MNAR,0.2,0.15,0.20222222222222222,0.32625,0.3137786659579477,0.33889316671207453
41,MNAR,0.2,0.3,0.20222222222222222,0.32415,0.3117006466020204,0.3367732637103564
41,MNAR,0.2,0.45,0.20222222222222222,0.3244,0.3119480148189144,0.33702564815333896
41,MNAR,0.3,0.0,0.30866666666666664,0.3277,0.315213655797164,0.34035674232953234
41,MNAR,0.3,0.15,0.30866666666666664,0.3304,0.3178860674788329,0.3430816594703374
41,MNAR,0.3,0.3,0.30866666666666664,0.3259,0.3134323095048887,0.33853986943655356
41,MNAR,0.3,0.45,0.30866666666666664,0.32695,0.3144714026835909,0.3395997374463271
41,Structured,0.0,0.0,0.0,0.31805,0.30566613009301946,0.3306138154687596
41,Structured,0.0,0.15,0.0,0.3187,0.3063090358381418,0.3312702666092851
41,Structured,0.0,0.3,0.0,0.31815,0.305765036851346,0.33071480976954304
41,Structured,0.0,0.45,0.0,0.3187,0.3063090358381418,0.3312702666092851
41,Structured,0.1,0.0,0.10122222222222223,0.32225,0.309820781418164,0.33485500869480106
41,Structured,0.1,0.15,0.10122222222222223,0.32455,0.3120964377028049,0.3371770768656013
41,Structured,0.1,0.3,0.10122222222222223,0.32445,0.31199748895077084,0.33707612455351393
41,Structured,0.1,0.45,0.10122222222222223,0.32515,0.31269014387980226,0.33778277707492377
41,Structured,0.2,0.0,0.20677777777777778,0.32915,0.31664878148275777,0.3418201821160919
41,Structured,0.2,0.15,0.20677777777777778,0.33125,0.31872747927915807,0.3439394067546398
41,Structured,0.2,0.3,0.20677777777777778,0.33025,0.31773758785647443,0.34293028749006393
41,Structured,0.2,0.45,0.20677777777777778,0.3335,0.32095496906080306,0.3462096910452284
41,Structured,0.3,0.0,0.30244444444444446,0.33275,0.32021243652270914,0.3454529655552921
41,Structured,0.3,0.15,0.30244444444444446,0.33535,0.3227867025306751,0.3480761273945113
41,Structured,0.3,0.3,0.30244444444444446,0.33555,0.3229847408028729,0.34827789126633324
41,Structured,0.3,0.45,0.30244444444444446,0.34045,0.32783746876192127,0.3532203159197197
42,MCAR,0.0,0.0,0.0,0.31015,0.2978546003113455,0.32263316184273483
42,MCAR,0.0,0.15,0.0,0.3161,0.3037375807192537,0.3286442942061563
42,MCAR,0.0,0.3,0.0,0.3155,0.3031442317055052,0.3280382368765244
42,MCAR,0.0,0.45,0.0,0.3115,0.29918918589906107,0.3239972404708032
42,MCAR,0.1,0.0,0.10277777777777777,0.31655,0.3041826081857639,0.32909882149912706
42,MCAR,0.1,0.15,0.10277777777777777,0.3214,0.3089798655404435,0.3339967655449826
42,MCAR,0.1,0.3,0.10277777777777777,0.32045,0.3080400744725764,0.33303749652993564
42,MCAR,0.1,0.45,0.10277777777777777,0.319,0.306605770979717,0.3315732346468472
42,MCAR,0.2,0.0,0.20744444444444443,0.3237,0.3112553940758189,0.3363189614499823
42,MCAR,0.2,0.15,0.20744444444444443,0.3292,0.3166982709927386,0.3418706431399064
42,MCAR,0.2,0.3,0.20744444444444443,0.32935,0.31684674048839406,0.3420220252457483
42,MCAR,0.2,0.45,0.20744444444444443,0.3259,0.3134323095048887,0.33853986943655356
42,MCAR,0.3,0.0,0.31144444444444447,0.33305,0.3205094452304919,0.34575566005824937
42,MCAR,0.3,0.15,0.31144444444444447,0.33705,0.32447010868609755,0.34979103947191703
42,MCAR,0.3,0.3,0.31144444444444447,0.33775,0.325163329101234,0.3504971265700817
42,MCAR,0.3,0.45,0.31144444444444447,0.33515,0.32258866679823694,0.34787436098320296
42,MAR,0.0,0.0,0.0,0.31015,0.2978546003113455,0.32263316184273483
42,MAR,0.0,0.15,0.0,0.3161,0.3037375807192537,0.3286442942061563
42,MAR,0.0,0.3,0.0,0.3155,0.3031442317055052,0.3280382368765244
42,MAR,0.0,0.45,0.0,0.3115,0.29918918589906107,0.3239972404708032
42,MAR,0.1,0.0,0.10255555555555555,0.31225,0.2999306753404593,0.3247550089338517
42,MAR,0.1,0.15,0.10255555555555555,0.3179,0.305517771195804,0.33046232277746507
42,MAR,0.1,0.3,0.10255555555555555,0.31765,0.30527050967588826,0.33020983165026585
42,MAR,0.1,0.45,0.10255555555555555,0.31555,0.3031936765417547,0.3280887425687762
42,MAR,0.2,0.0,0.20355555555555555,0.32065,0.308237920297108,0.33323945282753253
42,MAR,0.2,0.15,0.20355555555555555,0.32495,0.3124922392190244,0.3375808796066246
42,MAR,0.2,0.3,0.20355555555555555,0.3239,0.3114532824575702,0.33652087519540624
42,MAR,0.2,0.45,0.20355555555555555,0.322,0.3095734483049318,0.33460258915229024
42,MAR,0.3,0.0,0.31055555555555553,0.3276,0.3151146866140797,0.3402558104461396
42,MAR,0.3,0.15,0.31055555555555553,0.3334,0.32085596264897615,0.3461087963864251
42,MAR,0.3,0.3,0.31055555555555553,0.3314,0.318875968523273,0.34409076911422815
42,MAR,0.3,0.45,0.31055555555555553,0.32715,0.3146693332899524,0.33980160897203326
42,MNAR,0.0,0.0,0.0,0.31015,0.2978546003113455,0.32263316184273483
42,MNAR,0.0,0.15,0.0,0.3161,0.3037375807192537,0.3286442942061563
42,MNAR,0.0,0.3,0.0,0.3155,0.3031442317055052,0.3280382368765244
42,MNAR,0.0,0.45,0.0,0.3115,0.29918918589906107,0.3239972404708032
42,MNAR,0.1,0.0,0.10088888888888889,0.31355,0.30121601312439217,0.3260683848623312
42,MNAR,0.1,0.15,0.10088888888888889,0.3181,0.3057155833895122,0.3306643127018125
42,MNAR,0.1,0.3,0.10088888888888889,0.31805,0.30566613009301946,0.3306138154687596
42,MNAR,0.1,0.45,0.10088888888888889,0.31555,0.3031936765417547,0.3280887425687762
42,MNAR,0.2,0.0,0.20955555555555555,0.3166,0.3042320565122818,0.3291493237015445
42,MNAR,0.2,0.15,0.20955555555555555,0.3209,0.3084852312742391,0.33349189450350364
42,MNAR,0.2,0.3,0.20955555555555555,0.32025,0.30784223127805177,0.33283553760264833
42,MNAR,0.2,0.45,0.20955555555555555,0.3171,0.3047265489023504,0.32965433660193794
42,MNAR,0.3,0.0,0.31344444444444447,0.32125,0.30883147353775925,0.3338453059551554
42,MNAR,0.3,0.15,0.31344444444444447,0.3274,0.31491675018686505,0.3400539447406214
42,MNAR,0.3,0.3,0.31344444444444447,0.3253,0.31283857408178145,0.33793419846994943
42,MNAR,0.3,0.45,0.31344444444444447,0.32155,0.3091282590190456,0.3341482236590657
42,Structured,0.0,0.0,0.0,0.31015,0.2978546003113455,0.32263316184273483
42,Structured,0.0,0.15,0.0,0.3161,0.3037375807192537,0.3286442942061563
42,Structured,0.0,0.3,0.0,0.3155,0.3031442317055052,0.3280382368765244
42,Structured,0.0,0.45,0.0,0.3115,0.29918918589906107,0.3239972404708032
42,Structured,0.1,0.0,0.09933333333333333,0.31595,0.30358924122092795,0.32849278211835903
42,Structured,0.1,0.15,0.09933333333333333,0.32165,0.3092271888244659,0.334249194915533
42,Structured,0.1,0.3,0.09933333333333333,0.3208,0.30838630639066605,0.3333909183257778
42,Structured,0.1,0.45,0.09933333333333333,0.31785,0.30546831856088685,0.330411824882919
42,Structured,0.2,0.0,0.20144444444444445,0.32385,0.3114038101175886,0.33647039700356596
42,Structured,0.2,0.15,0.20144444444444445,0.3284,0.3159064581615211,0.3410632474325717
42,Structured,0.2,0.3,0.20144444444444445,0.3279,0.31541159610152775,0.34055860415834194
42,Structured,0.2,0.45,0.20144444444444445,0.3236,0.3111564508633123,0.3362180035990164
42,Structured,0.3,0.0,0.3011111111111111,0.333,0.32045994338020733,0.3457052113733676
42,Structured,0.3,0.15,0.3011111111111111,0.33585,0.3232818029707636,0.3485805323149824
42,Structured,0.3,0.3,0.3011111111111111,0.3343,0.32174704329581805,0.34701682537776113
42,Structured,0.3,0.45,0.3011111111111111,0.32945,0.31694572095673856,0.34212294584515895
43,MCAR,0.0,0.0,0.0,0.317,0.30462764909758594,0.3295533353484476
43,MCAR,0.0,0.15,0.0,0.32055,0.3081389970561719,0.33313847500736427
43,MCAR,0.0,0.3,0.0,0.3218,0.3093755847617249,0.3344006505712535
43,MCAR,0.0,0.45,0.0,0.32,0.30759493098532764,0.3325830852435503
43,MCAR,0.1,0.0,0.10555555555555556,0.32405,0.3116017004554097,0.33667230879315
43,MCAR,0.1,0.15,0.10555555555555556,0.32715,0.3146693332899524,0.33980160897203326
43,MCAR,0.1,0.3,0.10555555555555556,0.32805,0.31556005302512685,0.3407099988348175
43,MCAR,0.1,0.45,0.10555555555555556,0.3282,0.315708511401294,0.34086139205889027
43,MCAR,0.2,0.0,0.2041111111111111,0.3272,0.3147188163459344,0.3398520764491144
43,MCAR,0.2,0.15,0.2041111111111111,0.33255,0.3200144339105071,0.3452511660273507
43,MCAR,0.2,0.3,0.2041111111111111,0.3328,0.3202619375749582,0.3455034150381229
43,MCAR,0.2,0.45,0.2041111111111111,0.33195,0.3194204414129606,0.3446457521061544
43,MCAR,0.3,0.0,0.30466666666666664,0.33345,0.32090546577518475,0.34615924379552254
43,MCAR,0.3,0.15,0.30466666666666664,0.3366,0.3240244833553765,0.3493371099743967
43,MCAR,0.3,0.3,0.30466666666666664,0.3385,0.32590609960248534,0.35125361412242745
43,MCAR,0.3,0.45,0.30466666666666664,0.33915,0.3265498627301832,0.351909207977529
43,MAR,0.0,0.0,0.0,0.317,0.30462764909758594,0.3295533353484476
43,MAR,0.0,0.15,0.0,0.32055,0.3081389970561719,0.33313847500736427
43,MAR,0.0,0.3,0.0,0.3218,0.3093755847617249,0.3344006505712535
43,MAR,0.0,0.45,0.0,0.32,0.30759493098532764,0.3325830852435503
43,MAR,0.1,0.0,0.10511111111111111,0.32035,0.30794115254648186,0.33293651739508434
43,MAR,0.1,0.15,0.10511111111111111,0.3247,0.3122448620513657,0.33732850411336474
43,MAR,0.1,0.3,0.10511111111111111,0.3257,0.3132343951000648,0.33833798171117313
43,MAR,0.1,0.45,0.10511111111111111,0.32485,0.31239328786407033,0.33747992989715636
43,MAR,0.2,0.0,0.19955555555555557,0.3264,0.3139271068694487,0.3390445773988144
43,MAR,0.2,0.15,0.19955555555555557,0.3297,0.31719317494252314,0.3423752445290792
43,MAR,0.2,0.3,0.19955555555555557,0.32875,0.3162528711998803,0.3414164881292556
43,MAR,0.2,0.45,0.19955555555555557,0.3285,0.31600543250929736,0.34116417415185946
43,MAR,0.3,0.0,0.2995555555555556,0.32955,0.31704470206856833,0.3422238658011565
43,MAR,0.3,0.15,0.2995555555555556,0.33205,0.31951943856388754,0.3447466560248416
43,MAR,0.3,0.3,0.2995555555555556,0.33205,0.31951943856388754,0.3447466560248416
43,MAR,0.3,0.45,0.2995555555555556,0.33365,0.32110347987393667,0.3463610318381725
43,MNAR,0.0,0.0,0.0,0.317,0.30462764909758594,0.3295533353484476
43,MNAR,0.0,0.15,0.0,0.32055,0.3081389970561719,0.33313847500736427
43,MNAR,0.0,0.3,0.0,0.3218,0.3093755847617249,0.3344006505712535
43,MNAR,0.0,0.45,0.0,0.32,0.30759493098532764,0.3325830852435503
43,MNAR,0.1,0.0,0.10311111111111111,0.31825,0.30586394427095553,0.33081580340912303
43,MNAR,0.1,0.15,0.10311111111111111,0.3214,0.3089798655404435,0.3339967655449826
43,MNAR,0.1,0.3,0.10311111111111111,0.3229,0.3104638666533882,0.3355112803667754
43,MNAR,0.1,0.45,0.10311111111111111,0.322,0.3095734483049318,0.33460258915229024
43,MNAR,0.2,0.0,0.2061111111111111,0.3219,0.30947451620574834,0.33450162018931257
43,MNAR,0.2,0.15,0.2061111111111111,0.32565,0.31318491690454625,0.3382875093741882
43,MNAR,0.2,0.3,0.2061111111111111,0.32515,0.31269014387980226,0.33778277707492377
43,MNAR,0.2,0.45,0.2061111111111111,0.32535,0.31288805114069757,0.3379846719434052
43,MNAR,0.3,0.0,0.30444444444444446,0.32525,0.31278909718531367,0.33788372483406354
43,MNAR,0.3,0.15,0.30444444444444446,0.3305,0.317985054696365,0.34318257332131685
43,MNAR,0.3,0.3,0.30444444444444446,0.3305,0.317985054696365,0.34318257332131685
43,MNAR,0.3,0.45,0.30444444444444446,0.33035,0.31783657411083616,0.3430312023041052
43,Structured,0.0,0.0,0.0,0.317,0.30462764909758594,0.3295533353484476
43,Structured,0.0,0.15,0.0,0.32055,0.3081389970561719,0.33313847500736427
43,Structured,0.0,0.3,0.0,0.3218,0.3093755847617249,0.3344006505712535
43,Structured,0.0,0.45,0.0,0.32,0.30759493098532764,0.3325830852435503
43,Structured,0.1,0.0,0.10366666666666667,0.324,0.31155222762650087,0.33662183109017974
43,Structured,0.1,0.15,0.10366666666666667,0.3268,0.314322956427803,0.33944833210325964
43,Structured,0.1,0.3,0.10366666666666667,0.32795,0.31546108158129915,0.34060906921191014
43,Structured,0.1,0.45,0.10366666666666667,0.32585,0.3133828306603088,0.33848939774855347
43,Structured,0.2,0.0,0.20755555555555555,0.32735,0.31486726648412083,0.3400034779102285
43,Structured,0.2,0.15,0.20755555555555555,0.3315,0.31897496215347154,0.34419167655325383
43,Structured,0.2,0.3,0.20755555555555555,0.33235,0.3198164338540427,0.34504936394395325
43,Structured,0.2,0.45,0.20755555555555555,0.3312,0.31867798318484075,0.3438889523144232
43,Structured,0.3,0.0,0.29988888888888887,0.33415,0.3215985262719806,0.34686549079484585
43,Structured,0.3,0.15,0.29988888888888887,0.33945,0.326846993149098,0.35221178078238363
43,Structured,0.3,0.3,0.29988888888888887,0.34055,0.32793651977908905,0.3533211659779265
43,Structured,0.3,0.45,0.29988888888888887,0.3398,0.32719365246236565,0.352564775230928
44,MCAR,0.0,0.0,0.0,0.31115,0.2988431704381459,0.32364360224462896
44,MCAR,0.0,0.15,0.0,0.3141,0.30175984394215943,0.3266240098502745
44,MCAR,0.0,0.3,0.0,0.31665,0.30428150500477,0.32919982573800927
44,MCAR,0.0,0.45,0.0,0.3154,0.30304534253233945,0.3279372249927502
44,MCAR,0.1,0.0,0.09955555555555555,0.3172,0.3048254493701549,0.32975533719247196
44,MCAR,0.1,0.15,0.09955555555555555,0.3216,0.3091777238398001,0.33419870936924484
44,MCAR,0.1,0.3,0.09955555555555555,0.32345,0.31100803726795706,0.3360665655993038
44,MCAR,0.1,0.45,0.09955555555555555,0.3207,0.30828738216402635,0.3332899414911948
44,MCAR,0.2,0.0,0.19666666666666666,0.32415,0.3117006466020204,0.3367732637103564
44,MCAR,0.2,0.15,0.19666666666666666,0.3276,0.3151146866140797,0.3402558104461396
44,MCAR,0.2,0.3,0.19666666666666666,0.32935,0.31684674048839406,0.3420220252457483
44,MCAR,0.2,0.45,0.19666666666666666,0.3265,0.3140260682872722,0.33914551704657897
44,MCAR,0.3,0.0,0.3015555555555556,0.32995,0.3174406329477638,0.3426275391939923
44,MCAR,0.3,0.15,0.3015555555555556,0.3337,0.3211529837970146,0.34641147845048825
44,MCAR,0.3,0.3,0.3015555555555556,0.3359,0.3233313138871395,0.348630971934757
44,MCAR,0.3,0.45,0.3015555555555556,0.3347,0.3221430956920949,0.34742037726691705
44,MAR,0.0,0.0,0.0,0.31115,0.2988431704381459,0.32364360224462896
44,MAR,0.0,0.15,0.0,0.3141,0.30175984394215943,0.3266240098502745
44,MAR,0.0,0.3,0.0,0.31665,0.30428150500477,0.32919982573800927
44,MAR,0.0,0.45,0.0,0.3154,0.30304534253233945,0.3279372249927502
44,MAR,0.1,0.0,0.09833333333333333,0.31565,0.30329256671347965,0.3281897534541162
44,MAR,0.1,0.15,0.09833333333333333,0.31875,0.30635849128245896,0.3313207616947738
44,MAR,0.1,0.3,0.09833333333333333,0.32095,0.3085346939623258,0.3335423823460982
44,MAR,0.1,0.45,0.09833333333333333,0.3188,0.30640794689184847,0.33137125661521105
44,MAR,0.2,0.0,0.19466666666666665,0.3218,0.3093755847617249,0.3344006505712535
44,MAR,0.2,0.15,0.19466666666666665,0.3245,0.31204696324540676,0.3371266007909284
44,MAR,0.2,0.3,0.19466666666666665,0.32605,0.31358074701185357,0.3386912835274378
44,MAR,0.2,0.45,0.19466666666666665,0.32275,0.31031545991588017,0.3353598355100246
44,MAR,0.3,0.0,0.29433333333333334,0.3276,0.3151146866140797,0.3402558104461396
44,MAR,0.3,0.15,0.29433333333333334,0.3305,0.317985054696365,0.34318257332131685
44,MAR,0.3,0.3,0.29433333333333334,0.33055,0.3180345485458626,0.3432330300061011
44,MAR,0.3,0.45,0.29433333333333334,0.3289,0.31640133634797757,0.34156787458216537
44,MNAR,0.0,0.0,0.0,0.31115,0.2988431704381459,0.32364360224462896
44,MNAR,0.0,0.15,0.0,0.3141,0.30175984394215943,0.3266240098502745
44,MNAR,0.0,0.3,0.0,0.31665,0.30428150500477,0.32919982573800927
44,MNAR,0.0,0.45,0.0,0.3154,0.30304534253233945,0.3279372249927502
44,MNAR,0.1,0.0,0.09888888888888889,0.31465,0.3023036949715725,0.32717961462911005
44,MNAR,0.1,0.15,0.09888888888888889,0.31715,0.30477599905338393,0.32970483698006453
44,MNAR,0.1,0.3,0.09888888888888889,0.31885,0.3064574026662897,0.3314217513706159
44,MNAR,0.1,0.45,0.09888888888888889,0.3168,0.30442985147784574,0.3293513308519203
44,MNAR,0.2,0.0,0.19133333333333333,0.3185,0.3061112157120099,0.3310682846163947
44,MNAR,0.2,0.15,0.19133333333333333,0.32295,0.3105133358926994,0.33556176165892226
44,MNAR,0.2,0.3,0.19133333333333333,0.324,0.31155222762650087,0.33662183109017974
44,MNAR,0.2,0.45,0.19133333333333333,0.32035,0.30794115254648186,0.33293651739508434
44,MNAR,0.3,0.0,0.29833333333333334,0.32115,0.30873254635619307,0.3337443320751448
44,MNAR,0.3,0.15,0.29833333333333334,0.3227,0.31026599133025223,0.3353093535642708
44,MNAR,0.3,0.3,0.29833333333333334,0.32275,0.31031545991588017,0.3353598355100246
44,MNAR,0.3,0.45,0.29833333333333334,0.3201,0.3076938506088838,0.3326840666806638
44,Structured,0.0,0.0,0.0,0.31115,0.2988431704381459,0.32364360224462896
44,Structured,0.0,0.15,0.0,0.3141,0.30175984394215943,0.3266240098502745
44,Structured,0.0,0.3,0.0,0.31665,0.30428150500477,0.32919982573800927
44,Structured,0.0,0.45,0.0,0.3154,0.30304534253233945,0.3279372249927502
44,Structured,0.1,0.0,0.099,0.31885,0.3064574026662897,0.3314217513706159
44,Structured,0.1,0.15,0.099,0.32235,0.309919715809147,0.3349559753662518
44,Structured,0.1,0.3,0.099,0.3239,0.3114532824575702,0.33652087519540624
44,Structured,0.1,0.45,0.099,0.3216,0.3091777238398001,0.33419870936924484
44,Structured,0.2,0.0,0.1952222222222222,0.3254,0.31293752836204436,0.33803514525445066
44,Structured,0.2,0.15,0.1952222222222222,0.32785,0.31536211078321036,0.34050813894333964
44,Structured,0.2,0.3,0.1952222222222222,0.32935,0.31684674048839406,0.3420220252457483
44,Structured,0.2,0.45,0.1952222222222222,0.327,0.3145208850925077,0.3396502055703995
44,Structured,0.3,0.0,0.3045555555555556,0.3301,0.3175891096792844,0.34277891406478106
44,Structured,0.3,0.15,0.3045555555555556,0.33435,0.32179654928866686,0.34706726992053116
44,Structured,0.3,0.3,0.3045555555555556,0.33515,0.32258866679823694,0.34787436098320296
44,Structured,0.3,0.45,0.3045555555555556,0.3333,0.32075695687485883,0.34600790108998053
45,MCAR,0.0,0.0,0.0,0.3145,0.30215536996072984,0.3270280880556323
45,MCAR,0.0,0.15,0.0,0.3227,0.31026599133025223,0.3353093535642708
45,MCAR,0.0,0.3,0.0,0.3255,0.31303648329194955,0.3381360913893841
45,MCAR,0.0,0.45,0.0,0.3211,0.3086830830115387,0.33369384488904247
45,MCAR,0.1,0.0,0.10711111111111112,0.32305,0.3106122748614157,0.3356627237531803
45,MCAR,0.1,0.15,0.10711111111111112,0.33165,0.3191234537995889,0.3443430365111074
45,MCAR,0.1,0.3,0.10711111111111112,0.3325,0.31996493365674605,0.3452007157461204
45,MCAR,0.1,0.45,0.10711111111111112,0.32935,0.31684674048839406,0.3420220252457483
45,MCAR,0.2,0.0,0.20866666666666667,0.33045,0.31793556100734865,0.34313211647606845
45,MCAR,0.2,0.15,0.20866666666666667,0.338,0.3254109153236592,0.35074929303177305
45,MCAR,0.2,0.3,0.20866666666666667,0.3371,0.32451962340267476,0.34984147529189674
45,MCAR,0.2,0.45,0.20866666666666667,0.33605,0.3234798475874499,0.34878228984299786
45,MCAR,0.3,0.0,0.30833333333333335,0.3368,0.3242225374756916,0.349538857999799
45,MCAR,0.3,0.15,0.30833333333333335,0.3428,0.3301653333897365,0.35559012658026456
45,MCAR,0.3,0.3,0.30833333333333335,0.3426,0.3299672037932952,0.35538845402312713
45,MCAR,0.3,0.45,0.30833333333333335,0.34145,0.3288280071688796,0.3542287882694238
45,MAR,0.0,0.0,0.0,0.3145,0.30215536996072984,0.3270280880556323
45,MAR,0.0,0.15,0.0,0.3227,0.31026599133025223,0.3353093535642708
45,MAR,0.0,0.3,0.0,0.3255,0.31303648329194955,0.3381360913893841
45,MAR,0.0,0.45,0.0,0.3211,0.3086830830115387,0.33369384488904247
45,MAR,0.1,0.0,0.10777777777777778,0.3201,0.3076938506088838,0.3326840666806638
45,MAR,0.1,0.15,0.10777777777777778,0.32865,0.3161538952401174,0.34131556302177296
45,MAR,0.1,0.3,0.10777777777777778,0.3286,0.3161044075019812,0.34126510022631174
45,MAR,0.1,0.45,0.10777777777777778,0.32535,0.31288805114069757,0.3379846719434052
45,MAR,0.2,0.0,0.20922222222222223,0.32705,0.3145703676632196,0.3397006735326953
45,MAR,0.2,0.15,0.20922222222222223,0.33405,0.3214995157185243,0.3467646002772208
45,MAR,0.2,0.3,0.20922222222222223,0.3333,0.32075695687485883,0.34600790108998053
45,MAR,0.2,0.45,0.20922222222222223,0.3319,0.3193709430774139,0.34459529990691967
45,MAR,0.3,0.0,0.31133333333333335,0.33205,0.31951943856388754,0.3447466560248416
45,MAR,0.3,0.15,0.31133333333333335,0.33815,0.32555946895102966,0.35090059101507204
45,MAR,0.3,0.3,0.31133333333333335,0.33655,0.3239749702210003,0.34928667257238605
45,MAR,0.3,0.45,0.31133333333333335,0.3343,0.32174704329581805,0.34701682537776113
45,MNAR,0.0,0.0,0.0,0.3145,0.30215536996072984,0.3270280880556323
45,MNAR,0.0,0.15,0.0,0.3227,0.31026599133025223,0.3353093535642708
45,MNAR,0.0,0.3,0.0,0.3255,0.31303648329194955,0.3381360913893841
45,MNAR,0.0,0.45,0.0,0.3211,0.3086830830115387,0.33369384488904247
45,MNAR,0.1,0.0,0.1078888888888889,0.3174,0.3050232522942112,0.3299573363853365
45,MNAR,0.1,0.15,0.1078888888888889,0.32595,0.3134817885116856,0.3385903409623554
45,MNAR,0.1,0.3,0.1078888888888889,0.3262,0.31372918597825206,0.3388426961590586
45,MNAR,0.1,0.45,0.1078888888888889,0.32265,0.3102165229080941,0.33525887145506794
45,MNAR,0.2,0.0,0.2058888888888889,0.32055,0.3081389970561719,0.33313847500736427
45,MNAR,0.2,0.15,0.2058888888888889,0.32785,0.31536211078321036,0.34050813894333964
45,MNAR,0.2,0.3,0.2058888888888889,0.3271,0.3146198503957075,0.33975114133323275
45,MNAR,0.2,0.45,0.2058888888888889,0.32445,0.31199748895077084,0.33707612455351393
45,MNAR,0.3,0.0,0.30822222222222223,0.3243,0.3118490670436204,0.3369246948646256
45,MNAR,0.3,0.15,0.30822222222222223,0.3294,0.316896230642122,0.34207248562588954
45,MNAR,0.3,0.3,0.30822222222222223,0.3292,0.3166982709927386,0.3418706431399064
45,MNAR,0.3,0.45,0.30822222222222223,0.326,0.3135312676806795,0.33864081232597587
45,Structured,0.0,0.0,0.0,0.3145,0.30215536996072984,0.3270280880556323
45,Structured,0.0,0.15,0.0,0.3227,0.31026599133025223,0.3353093535642708
45,Structured,0.0,0.3,0.0,0.3255,0.31303648329194955,0.3381360913893841
45,Structured,0.0,0.45,0.0,0.3211,0.3086830830115387,0.33369384488904247
45,Structured,0.1,0.0,0.09966666666666667,0.3203,0.3078916918300486,0.33288602758107433
45,Structured,0.1,0.15,0.09966666666666667,0.3291,0.31659929213376026,0.3417697209313116
45,Structured,0.1,0.3,0.09966666666666667,0.33195,0.3194204414129606,0.3446457521061544
45,Structured,0.1,0.45,0.09966666666666667,0.3276,0.3151146866140797,0.3402558104461396
45,Structured,0.2,0.0,0.2008888888888889,0.32975,0.3172426662220885,0.3424257037835081
45,Structured,0.2,0.15,0.2008888888888889,0.3378,0.32521284602998723,0.35054756017811983
45,Structured,0.2,0.3,0.2008888888888889,0.33975,0.32714412923158276,0.35251434792426
45,Structured,0.2,0.45,0.2008888888888889,0.3345,0.3219450682216729,0.3472186025944842
45,Structured,0.3,0.0,0.30144444444444446,0.33605,0.3234798475874499,0.34878228984299786
45,Structured,0.3,0.15,0.30144444444444446,0.342,0.329372830010394,0.35478342134682267
45,Structured,0.3,0.3,0.30144444444444446,0.3449,0.3322458448499868,0.3577075377478411
45,Structured,0.3,0.45,0.30144444444444446,0.3407,0.32808509748193626,0.35347243988826327
46,MCAR,0.0,0.0,0.0,0.31095,0.2986454510204443,0.3234415195558987
46,MCAR,0.0,0.15,0.0,0.3157,0.30334201204891303,0.3282402586472477
46,MCAR,0.0,0.3,0.0,0.31605,0.30368813405360173,0.32859379034307984
46,MCAR,0.0,0.45,0.0,0.31535,0.302995898195465,0.32788671880118536
46,MCAR,0.1,0.0,0.09788888888888889,0.3191,0.30670468401354845,0.33167422267288876
46,MCAR,0.1,0.15,0.09788888888888889,0.3238,0.31135433794062406,0.33641991864872695
46,MCAR,0.1,0.3,0.09788888888888889,0.32455,0.3120964377028049,0.3371770768656013
46,MCAR,0.1,0.45,0.09788888888888889,0.32415,0.3117006466020204,0.3367732637103564
46,MCAR,0.2,0.0,0.19311111111111112,0.32955,0.31704470206856833,0.3422238658011565
46,MCAR,0.2,0.15,0.19311111111111112,0.33305,0.3205094452304919,0.34575566005824937
46,MCAR,0.2,0.3,0.19311111111111112,0.3331,0.3205589472403314,0.34580610858359534
46,MCAR,0.2,0.45,0.19311111111111112,0.33195,0.3194204414129606,0.3446457521061544
46,MCAR,0.3,0.0,0.2916666666666667,0.33575,0.32318278161370734,0.3484796525997909
46,MCAR,0.3,0.15,0.2916666666666667,0.33895,0.3263517789324707,0.3517074896263899
46,MCAR,0.3,0.3,0.2916666666666667,0.3397,0.32709460615802005,0.35246392046038827
46,MCAR,0.3,0.45,0.2916666666666667,0.3378,0.32521284602998723,0.35054756017811983
46,MAR,0.0,0.0,0.0,0.31095,0.2986454510204443,0.3234415195558987
46,MAR,0.0,0.15,0.0,0.3157,0.30334201204891303,0.3282402586472477
46,MAR,0.0,0.3,0.0,0.31605,0.30368813405360173,0.32859379034307984
46,MAR,0.0,0.45,0.0,0.31535,0.302995898195465,0.32788671880118536
46,MAR,0.1,0.0,0.101,0.3175,0.30512215475012683,0.3300583349880029
46,MAR,0.1,0.15,0.101,0.32145,0.30902932986934606,0.33404725174695443
46,MAR,0.1,0.3,0.101,0.32245,0.31001865085456853,0.3350569413833393
46,MAR,0.1,0.45,0.101,0.32185,0.30942505040183166,0.334451135462178
46,MAR,0.2,0.0,0.19611111111111112,0.32475,0.3122943371596104,0.3373789795372659
46,MAR,0.2,0.15,0.19611111111111112,0.3296,0.31709419286574375,0.3422743255379227
46,MAR,0.2,0.3,0.19611111111111112,0.32995,0.3174406329477638,0.3426275391939923
46,MAR,0.2,0.45,0.19611111111111112,0.3278,0.31531262562636336,0.3404576735668829
46,MAR,0.3,0.0,0.2961111111111111,0.3311,0.31857899147690044,0.3437880429533525
46,MAR,0.3,0.15,0.2961111111111111,0.3335,0.32095496906080306,0.3462096910452284
46,MAR,0.3,0.3,0.2961111111111111,0.33385,0.32130149652209694,0.34656281733168964
46,MAR,0.3,0.45,0.2961111111111111,0.3317,0.3191729513351055,0.3443934895102824
46,MNAR,0.0,0.0,0.0,0.31095,0.2986454510204443,0.3234415195558987
46,MNAR,0.0,0.15,0.0,0.3157,0.30334201204891303,0.3282402586472477
46,MNAR,0.0,0.3,0.0,0.31605,0.30368813405360173,0.32859379034307984
46,MNAR,0.0,0.45,0.0,0.31535,0.302995898195465,0.32788671880118536
46,MNAR,0.1,0.0,0.09733333333333333,0.31715,0.30477599905338393,0.32970483698006453
46,MNAR,0.1,0.15,0.09733333333333333,0.3209,0.3084852312742391,0.33349189450350364
46,MNAR,0.1,0.3,0.09733333333333333,0.32095,0.3085346939623258,0.3335423823460982
46,MNAR,0.1,0.45,0.09733333333333333,0.31995,0.3075454714203776,0.3325325942781964
46,MNAR,0.2,0.0,0.19344444444444445,0.32105,0.30863361983099474,0.33364335753884694
46,MNAR,0.2,0.15,0.19344444444444445,0.3224,0.3099691832500617,0.33500645845658134
46,MNAR,0.2,0.3,0.19344444444444445,0.3222,0.3097713144681385,0.33480452511363984
46,MNAR,0.2,0.45,0.19344444444444445,0.3218,0.3093755847617249,0.3344006505712535
46,MNAR,0.3,0.0,0.2917777777777778,0.32235,0.309919715809147,0.3349559753662518
46,MNAR,0.3,0.15,0.2917777777777778,0.32665,0.3141745116288572,0.3392969253035149
46,MNAR,0.3,0.3,0.2917777777777778,0.3241,0.3116511734472572,0.3367227863332031
46,MNAR,0.3,0.45,0.2917777777777778,0.32465,0.31219538710580347,0.3372780285267999
46,Structured,0.0,0.0,0.0,0.31095,0.2986454510204443,0.3234415195558987
46,Structured,0.0,0.15,0.0,0.3157,0.30334201204891303,0.3282402586472477
46,Structured,0.0,0.3,0.0,0.31605,0.30368813405360173,0.32859379034307984
46,Structured,0.0,0.45,0.0,0.31535,0.302995898195465,0.32788671880118536
46,Structured,0.1,0.0,0.10222222222222223,0.31695,0.3045781994438956,0.32950283447304046
46,Structured,0.1,0.15,0.10222222222222223,0.3223,0.3098702485318402,0.33490549211233167
46,Structured,0.1,0.3,0.10222222222222223,0.32045,0.3080400744725764,0.33303749652993564
46,Structured,0.1,0.45,0.10222222222222223,0.31975,0.30734763480657373,0.3323306287709807
46,Structured,0.2,0.0,0.20355555555555555,0.3236,0.3111564508633123,0.3362180035990164
46,Structured,0.2,0.15,0.20355555555555555,0.3287,0.31620338313942253,0.3413660256560804
46,Structured,0.2,0.3,0.20355555555555555,0.32625,0.3137786659579477,0.33889316671207453
46,Structured,0.2,0.45,0.20355555555555555,0.32615,0.31367970616065793,0.3387922254439605
46,Structured,0.3,0.0,0.3002222222222222,0.331,0.3184800004100062,0.3436871329513058
46,Structured,0.3,0.15,0.3002222222222222,0.3345,0.3219450682216729,0.3472186025944842
46,Structured,0.3,0.3,0.3002222222222222,0.33085,0.3183315150119477,0.343535766746089
46,Structured,0.3,0.45,0.3002222222222222,0.33285,0.32031143878685053,0.34555386436132773
47,MCAR,0.0,0.0,0.0,0.3169,0.3045287499560279,0.3294523334318302
47,MCAR,0.0,0.15,0.0,0.31665,0.30428150500477,0.32919982573800927
47,MCAR,0.0,0.3,0.0,0.31605,0.30368813405360173,0.32859379034307984
47,MCAR,0.0,0.45,0.0,0.31525,0.30289701002124025,0.32778570591859313
47,MCAR,0.1,0.0,0.09788888888888889,0.3227,0.31026599133025223,0.3353093535642708
47,MCAR,0.1,0.15,0.09788888888888889,0.32085,0.30843576875034673,0.3334414064967375
47,MCAR,0.1,0.3,0.09788888888888889,0.31905,0.3066552274141585,0.3316237287423318
47,MCAR,0.1,0.45,0.09788888888888889,0.31915,0.30675414077786645,0.3317247164385363
47,MCAR,0.2,0.0,0.20122222222222222,0.32895,0.31645082505285427,0.3416183364109931
47,MCAR,0.2,0.15,0.20122222222222222,0.3288,0.3163023594214711,0.3414669504413154
47,MCAR,0.2,0.3,0.20122222222222222,0.3279,0.31541159610152775,0.34055860415834194
47,MCAR,0.2,0.45,0.20122222222222222,0.32755,0.3150652022648783,0.34020534426212945
47,MCAR,0.3,0.0,0.30577777777777776,0.33695,0.32437107972738843,0.34969016735756653
47,MCAR,0.3,0.15,0.30577777777777776,0.3353,0.3227371933594185,0.348025686029805
47,MCAR,0.3,0.3,0.30577777777777776,0.3402,0.3275898439665334,0.35296818802695556
47,MCAR,0.3,0.45,0.30577777777777776,0.33725,0.32466816850108343,0.3499927818032549
47,MAR,0.0,0.0,0.0,0.3169,0.3045287499560279,0.3294523334318302
47,MAR,0.0,0.15,0.0,0.31665,0.30428150500477,0.32919982573800927
47,MAR,0.0,0.3,0.0,0.31605,0.30368813405360173,0.32859379034307984
47,MAR,0.0,0.45,0.0,0.31525,0.30289701002124025,0.32778570591859313
47,MAR,0.1,0.0,0.0971111111111111,0.3215,0.30907879436222013,0.33409773778497565
47,MAR,0.1,0.15,0.0971111111111111,0.3186,0.30621012544480636,0.3311692759430689
47,MAR,0.1,0.3,0.0971111111111111,0.31825,0.30586394427095553,0.33081580340912303
47,MAR,0.1,0.45,0.0971111111111111,0.3194,0.3070014270726545,0.33197718279387894
47,MAR,0.2,0.0,0.19611111111111112,0.3251,0.3126406674707984,0.33773230295162904
47,MAR,0.2,0.15,0.19611111111111112,0.32325,0.310810154758667,0.33586464598210725
47,MAR,0.2,0.3,0.19611111111111112,0.3241,0.3116511734472572,0.3367227863332031
47,MAR,0.2,0.45,0.19611111111111112,0.32255,0.31011758655427196,0.33515790674622464
47,MAR,0.3,0.0,0.2976666666666667,0.3317,0.3191729513351055,0.3443934895102824
47,MAR,0.3,0.15,0.2976666666666667,0.33095,0.3184305051169964,0.3436366777098722
47,MAR,0.3,0.3,0.2976666666666667,0.33125,0.31872747927915807,0.3439394067546398
47,MAR,0.3,0.45,0.2976666666666667,0.3281,0.31560953898914385,0.3407604634041946
47,MNAR,0.0,0.0,0.0,0.3169,0.3045287499560279,0.3294523334318302
47,MNAR,0.0,0.15,0.0,0.31665,0.30428150500477,0.32919982573800927
47,MNAR,0.0,0.3,0.0,0.31605,0.30368813405360173,0.32859379034307984
47,MNAR,0.0,0.45,0.0,0.31525,0.30289701002124025,0.32778570591859313
47,MNAR,0.1,0.0,0.09733333333333333,0.3201,0.3076938506088838,0.3326840666806638
47,MNAR,0.1,0.15,0.09733333333333333,0.31875,0.30635849128245896,0.3313207616947738
47,MNAR,0.1,0.3,0.09733333333333333,0.3171,0.3047265489023504,0.32965433660193794
47,MNAR,0.1,0.45,0.09733333333333333,0.3177,0.3053199616488964,0.33026033020664075
47,MNAR,0.2,0.0,0.20177777777777778,0.3227,0.31026599133025223,0.3353093535642708
47,MNAR,0.2,0.15,0.20177777777777778,0.31985,0.3074465527842355,0.33243161185378867
47,MNAR,0.2,0.3,0.20177777777777778,0.32065,0.308237920297108,0.33323945282753253
47,MNAR,0.2,0.45,0.20177777777777778,0.3189,0.30650685860576193,0.33147224596100905
47,MNAR,0.3,0.0,0.29933333333333334,0.32555,0.3130859610004692,0.3381865642133123
47,MNAR,0.3,0.15,0.29933333333333334,0.32235,0.309919715809147,0.3349559753662518
47,MNAR,0.3,0.3,0.29933333333333334,0.3267,0.31422399306660215,0.3393473943986484
47,MNAR,0.3,0.45,0.29933333333333334,0.32435,0.31189854084985774,0.33697517159038165
47,Structured,0.0,0.0,0.0,0.3169,0.3045287499560279,0.3294523334318302
47,Structured,0.0,0.15,0.0,0.31665,0.30428150500477,0.32919982573800927
47,Structured,0.0,0.3,0.0,0.31605,0.30368813405360173,0.32859379034307984
47,Structured,0.0,0.45,0.0,0.31525,0.30289701002124025,0.32778570591859313
47,Structured,0.1,0.0,0.09722222222222222,0.3238,0.31135433794062406,0.33641991864872695
47,Structured,0.1,0.15,0.09722222222222222,0.3247,0.3122448620513657,0.33732850411336474
47,Structured,0.1,0.3,0.09722222222222222,0.32305,0.3106122748614157,0.3356627237531803
47,Structured,0.1,0.45,0.09722222222222222,0.3216,0.3091777238398001,0.33419870936924484
47,Structured,0.2,0.0,0.19722222222222222,0.3296,0.31709419286574375,0.3422743255379227
47,Structured,0.2,0.15,0.19722222222222222,0.33085,0.3183315150119477,0.343535766746089
47,Structured,0.2,0.3,0.19722222222222222,0.3295,0.3169952114322278,0.34217340590357503
47,Structured,0.2,0.45,0.19722222222222222,0.32735,0.31486726648412083,0.3400034779102285
47,Structured,0.3,0.0,0.29788888888888887,0.33445,0.3218955617516131,0.3471681585288741
47,Structured,0.3,0.15,0.29788888888888887,0.33665,0.3240739966480522,0.34938754721812487
47,Structured,0.3,0.3,0.29788888888888887,0.33645,0.32387594442721,0.34918579729345384
47,Structured,0.3,0.45,0.29788888888888887,0.33345,0.32090546577518475,0.34615924379552254
48,MCAR,0.0,0.0,0.0,0.3152,0.30284756618393316,0.32773519922752237
48,MCAR,0.0,0.15,0.0,0.31675,0.3043804024875723,0.3293008293131772
48,MCAR,0.0,0.3,0.0,0.31955,0.3071498008273459,0.33212866062950525
48,MCAR,0.0,0.45,0.0,0.31855,0.30616067049583096,0.3311187803623001
48,MCAR,0.1,0.0,0.10522222222222222,0.3225,0.3100681186226449,0.3351074241465482
48,MCAR,0.1,0.15,0.10522222222222222,0.3251,0.3126406674707984,0.33773230295162904
48,MCAR,0.1,0.3,0.10522222222222222,0.3267,0.31422399306660215,0.3393473943986484
48,MCAR,0.1,0.45,0.10522222222222222,0.3242,0.31175011991968216,0.3368237409246318
48,MCAR,0.2,0.0,0.20466666666666666,0.33055,0.3180345485458626,0.3432330300061011
48,MCAR,0.2,0.15,0.20466666666666666,0.3335,0.32095496906080306,0.3462096910452284
48,MCAR,0.2,0.3,0.20466666666666666,0.3341,0.3215490209156638,0.34681504561561316
48,MCAR,0.2,0.45,0.20466666666666666,0.33165,0.3191234537995889,0.3443430365111074
48,MCAR,0.3,0.0,0.30833333333333335,0.33985,0.32724317585035184,0.3526152023804091
48,MCAR,0.3,0.15,0.30833333333333335,0.3419,0.32927376990306045,0.35468258037784645
48,MCAR,0.3,0.3,0.30833333333333335,0.3424,0.3297690766972237,0.3551867789658755
48,MCAR,0.3,0.45,0.30833333333333335,0.34015,0.3275403194785961,0.35291776197731217
48,MAR,0.0,0.0,0.0,0.3152,0.30284756618393316,0.32773519922752237
48,MAR,0.0,0.15,0.0,0.31675,0.3043804024875723,0.3293008293131772
48,MAR,0.0,0.3,0.0,0.31955,0.3071498008273459,0.33212866062950525
48,MAR,0.0,0.45,0.0,0.31855,0.30616067049583096,0.3311187803623001
48,MAR,0.1,0.0,0.10611111111111111,0.3212,0.30878200986494075,0.33379481909717723
48,MAR,0.1,0.15,0.10611111111111111,0.3243,0.3118490670436204,0.3369246948646256
48,MAR,0.1,0.3,0.10611111111111111,0.3265,0.3140260682872722,0.33914551704657897
48,MAR,0.1,0.45,0.10611111111111111,0.32265,0.3102165229080941,0.33525887145506794
48,MAR,0.2,0.0,0.20755555555555555,0.32965,0.3171436838237346,0.3423247851138899
48,MAR,0.2,0.15,0.20755555555555555,0.3322,0.3196679354895928,0.34489801070368936
48,MAR,0.2,0.3,0.20755555555555555,0.33175,0.31922244903066566,0.3444439423494328
48,MAR,0.2,0.45,0.20755555555555555,0.32875,0.3162528711998803,0.3414164881292556
48,MAR,0.3,0.0,0.30822222222222223,0.33665,0.3240739966480522,0.34938754721812487
48,MAR,0.3,0.15,0.30822222222222223,0.33695,0.32437107972738843,0.34969016735756653
48,MAR,0.3,0.3,0.30822222222222223,0.33645,0.32387594442721,0.34918579729345384
48,MAR,0.3,0.45,0.30822222222222223,0.33315,0.32060844940970545,0.3458565569494242
48,MNAR,0.0,0.0,0.0,0.3152,0.30284756618393316,0.32773519922752237
48,MNAR,0.0,0.15,0.0,0.31675,0.3043804024875723,0.3293008293131772
48,MNAR,0.0,0.3,0.0,0.31955,0.3071498008273459,0.33212866062950525
48,MNAR,0.0,0.45,0.0,0.31855,0.30616067049583096,0.3311187803623001
48,MNAR,0.1,0.0,0.10344444444444445,0.31995,0.3075454714203776,0.3325325942781964
48,MNAR,0.1,0.15,0.10344444444444445,0.3228,0.3103649286649587,0.3354103172923464
48,MNAR,0.1,0.3,0.10344444444444445,0.3249,0.3124427634602451,0.3375304048331822
48,MNAR,0.1,0.45,0.10344444444444445,0.32155,0.3091282590190456,0.3341482236590657
48,MNAR,0.2,0.0,0.2071111111111111,0.3266,0.31412503035304107,0.33924645604647263
48,MNAR,0.2,0.15,0.2071111111111111,0.3286,0.3161044075019812,0.34126510022631174
48,MNAR,0.2,0.3,0.2071111111111111,0.32715,0.3146693332899524,0.33980160897203326
48,MNAR,0.2,0.45,0.2071111111111111,0.32305,0.3106122748614157,0.3356627237531803
48,MNAR,0.3,0.0,0.3071111111111111,0.3302,0.31768809497014566,0.34287982984221765
48,MNAR,0.3,0.15,0.3071111111111111,0.3322,0.3196679354895928,0.34489801070368936
48,MNAR,0.3,0.3,0.3071111111111111,0.3316,0.319073956424132,0.3442925833518906
48,MNAR,0.3,0.45,0.3071111111111111,0.3272,0.3147188163459344,0.3398520764491144
48,Structured,0.0,0.0,0.0,0.3152,0.30284756618393316,0.32773519922752237
48,Structured,0.0,0.15,0.0,0.31675,0.3043804024875723,0.3293008293131772
48,Structured,0.0,0.3,0.0,0.31955,0.3071498008273459,0.33212866062950525
48,Structured,0.0,0.45,0.0,0.31855,0.30616067049583096,0.3311187803623001
48,Structured,0.1,0.0,0.10055555555555555,0.32245,0.31001865085456853,0.3350569413833393
48,Structured,0.1,0.15,0.10055555555555555,0.3223,0.3098702485318402,0.33490549211233167
48,Structured,0.1,0.3,0.10055555555555555,0.3253,0.31283857408178145,0.33793419846994943
48,Structured,0.1,0.45,0.10055555555555555,0.32485,0.31239328786407033,0.33747992989715636
48,Structured,0.2,0.0,0.20633333333333334,0.328,0.31551056722250576,0.3406595341040624
48,Structured,0.2,0.15,0.20633333333333334,0.3288,0.3163023594214711,0.3414669504413154
48,Structured,0.2,0.3,0.20633333333333334,0.33225,0.319717434784573,0.34494846194359635
48,Structured,0.2,0.45,0.20633333333333334,0.33055,0.3180345485458626,0.3432330300061011
48,Structured,0.3,0.0,0.30833333333333335,0.33555,0.3229847408028729,0.34827789126633324
48,Structured,0.3,0.15,0.30833333333333335,0.33575,0.32318278161370734,0.3484796525997909
48,Structured,0.3,0.3,0.30833333333333335,0.33885,0.3262527379784912,0.3516066295060436
48,Structured,0.3,0.45,0.30833333333333335,0.338,0.3254109153236592,0.35074929303177305
49,MCAR,0.0,0.0,0.0,0.32435,0.31189854084985774,0.33697517159038165
49,MCAR,0.0,0.15,0.0,0.32415,0.3117006466020204,0.3367732637103564
49,MCAR,0.0,0.3,0.0,0.32155,0.3091282590190456,0.3341482236590657
49,MCAR,0.0,0.45,0.0,0.3183,0.3059133982286917,0.33086629998101325
49,MCAR,0.1,0.0,0.09433333333333334,0.33145,0.31892546525830595,0.34414122291379884
49,MCAR,0.1,0.15,0.09433333333333334,0.33565,0.32308376089103114,0.3483787722502873
49,MCAR,0.1,0.3,0.09433333333333334,0.3315,0.31897496215347154,0.34419167655325383
49,MCAR,0.1,0.45,0.09433333333333334,0.3288,0.3163023594214711,0.3414669504413154
49,MCAR,0.2,0.0,0.19111111111111112,0.33765,0.3250642957174475,0.3503962588803393
49,MCAR,0.2,0.15,0.19111111111111112,0.3414,0.3287784787592326,0.3541783661410842
49,MCAR,0.2,0.3,0.19111111111111112,0.3391,0.326500341544577,0.35185877862589626
49,MCAR,0.2,0.45,0.19111111111111112,0.3363,0.32372740692419455,0.3490344831875113
49,MCAR,0.3,0.0,0.2976666666666667,0.3432,0.3305616000795426,0.35599346419837774
49,MCAR,0.3,0.15,0.2976666666666667,0.34615,0.33348437486021043,0.35896777121963275
49,MCAR,0.3,0.3,0.2976666666666667,0.34505,0.3323944633237043,0.3578587708914549
49,MCAR,0.3,0.45,0.2976666666666667,0.342,0.329372830010394,0.35478342134682267
49,MAR,0.0,0.0,0.0,0.32435,0.31189854084985774,0.33697517159038165
49,MAR,0.0,0.15,0.0,0.32415,0.3117006466020204,0.3367732637103564
49,MAR,0.0,0.3,0.0,0.32155,0.3091282590190456,0.3341482236590657
49,MAR,0.0,0.45,0.0,0.3183,0.3059133982286917,0.33086629998101325
49,MAR,0.1,0.0,0.09111111111111111,0.32765,0.3151641711248472,0.34030627646860007
49,MAR,0.1,0.15,0.09111111111111111,0.33025,0.31773758785647443,0.34293028749006393
49,MAR,0.1,0.3,0.09111111111111111,0.3277,0.315213655797164,0.34035674232953234
49,MAR,0.1,0.45,0.09111111111111111,0.3247,0.3122448620513657,0.33732850411336474
49,MAR,0.2,0.0,0.18466666666666667,0.3337,0.3211529837970146,0.34641147845048825
49,MAR,0.2,0.15,0.18466666666666667,0.3357,0.32313327117306356,0.3484292125043359
49,MAR,0.2,0.3,0.18466666666666667,0.332,0.31946993990845757,0.3446962041454557
49,MAR,0.2,0.45,0.18466666666666667,0.3283,0.3158074844588031,0.34096232006829874
49,MAR,0.3,0.0,0.28655555555555556,0.3375,0.32491574682632535,0.35024495616129253
49,MAR,0.3,0.15,0.28655555555555556,0.3409,0.3282832032822756,0.35367413623906246
49,MAR,0.3,0.3,0.28655555555555556,0.3378,0.32521284602998723,0.35054756017811983
49,MAR,0.3,0.45,0.28655555555555556,0.33475,0.3221926029571548,0.34747082053761474
49,MNAR,0.0,0.0,0.0,0.32435,0.31189854084985774,0.33697517159038165
49,MNAR,0.0,0.15,0.0,0.32415,0.3117006466020204,0.3367732637103564
49,MNAR,0.0,0.3,0.0,0.32155,0.3091282590190456,0.3341482236590657
49,MNAR,0.0,0.45,0.0,0.3183,0.3059133982286917,0.33086629998101325
49,MNAR,0.1,0.0,0.09444444444444444,0.32685,0.31437243835121914,0.3394988007127762
49,MNAR,0.1,0.15,0.09444444444444444,0.3297,0.31719317494252314,0.3423752445290792
49,MNAR,0.1,0.3,0.09444444444444444,0.32715,0.3146693332899524,0.33980160897203326
49,MNAR,0.1,0.45,0.09444444444444444,0.3228,0.3103649286649587,0.3354103172923464
49,MNAR,0.2,0.0,0.18722222222222223,0.3304,0.3178860674788329,0.3430816594703374
49,MNAR,0.2,0.15,0.18722222222222223,0.3334,0.32085596264897615,0.3461087963864251
49,MNAR,0.2,0.3,0.18722222222222223,0.3311,0.31857899147690044,0.3437880429533525
49,MNAR,0.2,0.45,0.18722222222222223,0.32835,0.3158569712295204,0.3410127838310685
49,MNAR,0.3,0.0,0.2911111111111111,0.3316,0.319073956424132,0.3442925833518906
49,MNAR,0.3,0.15,0.2911111111111111,0.3347,0.3221430956920949,0.34742037726691705
49,MNAR,0.3,0.3,0.2911111111111111,0.33425,0.32169753746207475,0.34696638067590146
49,MNAR,0.3,0.45,0.2911111111111111,0.33125,0.31872747927915807,0.3439394067546398
49,Structured,0.0,0.0,0.0,0.32435,0.31189854084985774,0.33697517159038165
49,Structured,0.0,0.15,0.0,0.32415,0.3117006466020204,0.3367732637103564
49,Structured,0.0,0.3,0.0,0.32155,0.3091282590190456,0.3341482236590657
49,Structured,0.0,0.45,0.0,0.3183,0.3059133982286917,0.33086629998101325
49,Structured,0.1,0.0,0.09666666666666666,0.3287,0.31620338313942253,0.3413660256560804
49,Structured,0.1,0.15,0.09666666666666666,0.33085,0.3183315150119477,0.343535766746089
49,Structured,0.1,0.3,0.09666666666666666,0.3273,0.3148177829430392,0.33995301091819224
49,Structured,0.1,0.45,0.09666666666666666,0.32445,0.31199748895077084,0.33707612455351393
49,Structured,0.2,0.0,0.1948888888888889,0.33465,0.3220935885859981,0.3473699338372746
49,Structured,0.2,0.15,0.1948888888888889,0.33615,0.323578870846801,0.34888316765609917
49,Structured,0.2,0.3,0.1948888888888889,0.335,0.32244014166630486,0.3477230345075043
49,Structured,0.2,0.45,0.1948888888888889,0.33115,0.31862848725074827,0.343838497714001
49,Structured,0.3,0.0,0.29433333333333334,0.34005,0.32744127097399256,0.3528169094068007
49,Structured,0.3,0.15,0.29433333333333334,0.34185,0.32922424008414036,0.35463215965863537
49,Structured,0.3,0.3,0.29433333333333334,0.33935,0.3267479490466596,0.35211092381016545
49,Structured,0.3,0.45,0.29433333333333334,0.3374,0.3248167150221488,0.35014408689210674
50,MCAR,0.0,0.0,0.0,0.3149,0.3025509066587089,0.32743215558292094
50,MCAR,0.0,0.15,0.0,0.32,0.30759493098532764,0.3325830852435503
50,MCAR,0.0,0.3,0.0,0.3214,0.3089798655404435,0.3339967655449826
50,MCAR,0.0,0.45,0.0,0.31835,0.30596285235168447,0.3309167963876641
50,MCAR,0.1,0.0,0.103,0.3229,0.3104638666533882,0.3355112803667754
50,MCAR,0.1,0.15,0.103,0.32875,0.3162528711998803,0.3414164881292556
50,MCAR,0.1,0.3,0.103,0.32825,0.31575799784938813,0.340911856144246
50,MCAR,0.1,0.45,0.103,0.32505,0.3125911912243212,0.3376818286658277
50,MCAR,0.2,0.0,0.201,0.331,0.3184800004100062,0.3436871329513058
50,MCAR,0.2,0.15,0.201,0.3344,0.3218460554406035,0.3471177143042298
50,MCAR,0.2,0.3,0.201,0.33555,0.3229847408028729,0.34827789126633324
50,MCAR,0.2,0.45,0.201,0.33095,0.3184305051169964,0.3436366777098722
50,MCAR,0.3,0.0,0.3006666666666667,0.33625,0.3236778947399717,0.3489840448354492
50,MCAR,0.3,0.15,0.3006666666666667,0.3382,0.32560898714236963,0.3509510233606552
50,MCAR,0.3,0.3,0.3006666666666667,0.3389,0.32630225837672705,0.35165705964496197
50,MCAR,0.3,0.45,0.3006666666666667,0.3365,0.32392545724493876,0.34923623501207823
50,MAR,0.0,0.0,0.0,0.3149,0.3025509066587089,0.32743215558292094
50,MAR,0.0,0.15,0.0,0.32,0.30759493098532764,0.3325830852435503
50,MAR,0.0,0.3,0.0,0.3214,0.3089798655404435,0.3339967655449826
50,MAR,0.0,0.45,0.0,0.31835,0.30596285235168447,0.3309167963876641
50,MAR,0.1,0.0,0.10033333333333333,0.32015,0.307743310667449,0.3327345571524627
50,MAR,0.1,0.15,0.10033333333333333,0.3262,0.31372918597825206,0.3388426961590586
50,MAR,0.1,0.3,0.10033333333333333,0.3256,0.31313543887134115,0.3382370368749077
50,MAR,0.1,0.45,0.10033333333333333,0.32255,0.31011758655427196,0.33515790674622464
50,MAR,0.2,0.0,0.20055555555555554,0.3273,0.3148177829430392,0.33995301091819224
50,MAR,0.2,0.15,0.20055555555555554,0.32995,0.3174406329477638,0.3426275391939923
50,MAR,0.2,0.3,0.20055555555555554,0.33135,0.31882647194839164,0.344040315154523
50,MAR,0.2,0.45,0.20055555555555554,0.3271,0.3146198503957075,0.33975114133323275
50,MAR,0.3,0.0,0.3041111111111111,0.3319,0.3193709430774139,0.34459529990691967
50,MAR,0.3,0.15,0.3041111111111111,0.33405,0.3214995157185243,0.3467646002772208
50,MAR,0.3,0.3,0.3041111111111111,0.33465,0.3220935885859981,0.3473699338372746
50,MAR,0.3,0.45,0.3041111111111111,0.33115,0.31862848725074827,0.343838497714001
50,MNAR,0.0,0.0,0.0,0.3149,0.3025509066587089,0.32743215558292094
50,MNAR,0.0,0.15,0.0,0.32,0.30759493098532764,0.3325830852435503
50,MNAR,0.0,0.3,0.0,0.3214,0.3089798655404435,0.3339967655449826
50,MNAR,0.0,0.45,0.0,0.31835,0.30596285235168447,0.3309167963876641
50,MNAR,0.1,0.0,0.10177777777777777,0.32065,0.308237920297108,0.33323945282753253
50,MNAR,0.1,0.15,0.10177777777777777,0.32575,0.3132838734578776,0.3383884538858833
50,MNAR,0.1,0.3,0.10177777777777777,0.32615,0.31367970616065793,0.3387922254439605
50,MNAR,0.1,0.45,0.10177777777777777,0.32395,0.3115027549605471,0.33657135322427195
50,MNAR,0.2,0.0,0.19877777777777778,0.3236,0.3111564508633123,0.3362180035990164
50,MNAR,0.2,0.15,0.19877777777777778,0.3266,0.31412503035304107,0.33924645604647263
50,MNAR,0.2,0.3,0.19877777777777778,0.32865,0.3161538952401174,0.34131556302177296
50,MNAR,0.2,0.45,0.19877777777777778,0.32585,0.3133828306603088,0.33848939774855347
50,MNAR,0.3,0.0,0.2952222222222222,0.32865,0.3161538952401174,0.34131556302177296
50,MNAR,0.3,0.15,0.2952222222222222,0.3294,0.316896230642122,0.34207248562588954
50,MNAR,0.3,0.3,0.2952222222222222,0.32955,0.31704470206856833,0.3422238658011565
50,MNAR,0.3,0.45,0.2952222222222222,0.32865,0.3161538952401174,0.34131556302177296
50,Structured,0.0,0.0,0.0,0.3149,0.3025509066587089,0.32743215558292094
50,Structured,0.0,0.15,0.0,0.32,0.30759493098532764,0.3325830852435503
50,Structured,0.0,0.3,0.0,0.3214,0.3089798655404435,0.3339967655449826
50,Structured,0.0,0.45,0.0,0.31835,0.30596285235168447,0.3309167963876641
50,Structured,0.1,0.0,0.1058888888888889,0.32145,0.30902932986934606,0.33404725174695443
50,Structured,0.1,0.15,0.1058888888888889,0.32775,0.31526314063100913,0.3404072080289534
50,Structured,0.1,0.3,0.1058888888888889,0.326,0.3135312676806795,0.33864081232597587
50,Structured,0.1,0.45,0.1058888888888889,0.3234,0.3109585663958255,0.3360160859397857
50,Structured,0.2,0.0,0.1938888888888889,0.3272,0.3147188163459344,0.3398520764491144
50,Structured,0.2,0.15,0.1938888888888889,0.33105,0.3185294958633126,0.3437375880324606
50,Structured,0.2,0.3,0.1938888888888889,0.33285,0.32031143878685053,0.34555386436132773
50,Structured,0.2,0.45,0.1938888888888889,0.3296,0.31709419286574375,0.3422743255379227
50,Structured,0.3,0.0,0.2985555555555556,0.33145,0.31892546525830595,0.34414122291379884
50,Structured,0.3,0.15,0.2985555555555556,0.3356,0.3230342507676285,0.3483283318376246
50,Structured,0.3,0.3,0.2985555555555556,0.3358,0.3232322922129473,0.34853009253666667
50,Structured,0.3,0.45,0.2985555555555556,0.334,0.32145001068058027,0.3467141547796499
51,MCAR,0.0,0.0,0.0,0.31235,0.30002954345431015,0.3248560418742921
51,MCAR,0.0,0.15,0.0,0.3172,0.3048254493701549,0.32975533719247196
51,MCAR,0.0,0.3,0.0,0.31635,0.30398481653981796,0.3288968110295432
51,MCAR,0.0,0.45,0.0,0.31315,0.3008205125137696,0.32566428125222396
51,MCAR,0.1,0.0,0.09688888888888889,0.32,0.30759493098532764,0.3325830852435503
51,MCAR,0.1,0.15,0.09688888888888889,0.322,0.3095734483049318,0.33460258915229024
51,MCAR,0.1,0.3,0.09688888888888889,0.3226,0.3101670546494279,0.33520838918239104
51,MCAR,0.1,0.45,0.09688888888888889,0.32105,0.30863361983099474,0.33364335753884694
51,MCAR,0.2,0.0,0.20177777777777778,0.3263,0.3138281460997241,0.33894363710302455
51,MCAR,0.2,0.15,0.20177777777777778,0.32895,0.31645082505285427,0.3416183364109931
51,MCAR,0.2,0.3,0.20177777777777778,0.33145,0.31892546525830595,0.34414122291379884
51,MCAR,0.2,0.45,0.20177777777777778,0.328,0.31551056722250576,0.3406595341040624
51,MCAR,0.3,0.0,0.30466666666666664,0.33235,0.3198164338540427,0.34504936394395325
51,MCAR,0.3,0.15,0.30466666666666664,0.33405,0.3214995157185243,0.3467646002772208
51,MCAR,0.3,0.3,0.30466666666666664,0.3365,0.32392545724493876,0.34923623501207823
51,MCAR,0.3,0.45,0.30466666666666664,0.3345,0.3219450682216729,0.3472186025944842
51,MAR,0.0,0.0,0.0,0.31235,0.30002954345431015,0.3248560418742921
51,MAR,0.0,0.15,0.0,0.3172,0.3048254493701549,0.32975533719247196
51,MAR,0.0,0.3,0.0,0.31635,0.30398481653981796,0.3288968110295432
51,MAR,0.0,0.45,0.0,0.31315,0.3008205125137696,0.32566428125222396
51,MAR,0.1,0.0,0.09666666666666666,0.31595,0.30358924122092795,0.32849278211835903
51,MAR,0.1,0.15,0.09666666666666666,0.31865,0.3062595805589168,0.3312197713587241
51,MAR,0.1,0.3,0.09666666666666666,0.32055,0.3081389970561719,0.33313847500736427
51,MAR,0.1,0.45,0.09666666666666666,0.3183,0.3059133982286917,0.33086629998101325
51,MAR,0.2,0.0,0.20233333333333334,0.32375,0.311304865926694,0.3363694401308725
51,MAR,0.2,0.15,0.20233333333333334,0.32725,0.3147682995636376,0.33990254376449286
51,MAR,0.2,0.3,0.20233333333333334,0.3292,0.3166982709927386,0.3418706431399064
51,MAR,0.2,0.45,0.20233333333333334,0.3259,0.3134323095048887,0.33853986943655356
51,MAR,0.3,0.0,0.30133333333333334,0.32935,0.31684674048839406,0.3420220252457483
51,MAR,0.3,0.15,0.30133333333333334,0.3313,0.31877697553368034,0.3439898610346678
51,MAR,0.3,0.3,0.30133333333333334,0.3321,0.3195689373792323,0.3447971077443297
51,MAR,0.3,0.45,0.30133333333333334,0.328,0.31551056722250576,0.3406595341040624
51,MNAR,0.0,0.0,0.0,0.31235,0.30002954345431015,0.3248560418742921
51,MNAR,0.0,0.15,0.0,0.3172,0.3048254493701549,0.32975533719247196
51,MNAR,0.0,0.3,0.0,0.31635,0.30398481653981796,0.3288968110295432
51,MNAR,0.0,0.45,0.0,0.31315,0.3008205125137696,0.32566428125222396
51,MNAR,0.1,0.0,0.09744444444444444,0.31755,0.3051716062264839,0.33010883404096775
51,MNAR,0.1,0.15,0.09744444444444444,0.31885,0.3064574026662897,0.3314217513706159
51,MNAR,0.1,0.3,0.09744444444444444,0.3193,0.30690251206018265,0.33187619674624014
51,MNAR,0.1,0.45,0.09744444444444444,0.316,0.30363868755415274,0.32854328631382096
51,MNAR,0.2,0.0,0.19777777777777777,0.3229,0.3104638666533882,0.3355112803667754
51,MNAR,0.2,0.15,0.19777777777777777,0.32235,0.309919715809147,0.3349559753662518
51,MNAR,0.2,0.3,0.19777777777777777,0.32495,0.3124922392190244,0.3375808796066246
51,MNAR,0.2,0.45,0.19777777777777777,0.3212,0.30878200986494075,0.33379481909717723
51,MNAR,0.3,0.0,0.304,0.32285,0.310414397577468,0.33546079891125663
51,MNAR,0.3,0.15,0.304,0.32355,0.3111069795017209,0.3361675244289006
51,MNAR,0.3,0.3,0.304,0.3271,0.3146198503957075,0.33975114133323275
51,MNAR,0.3,0.45,0.304,0.32495,0.3124922392190244,0.3375808796066246
51,Structured,0.0,0.0,0.0,0.31235,0.30002954345431015,0.3248560418742921
51,Structured,0.0,0.15,0.0,0.3172,0.3048254493701549,0.32975533719247196
51,Structured,0.0,0.3,0.0,0.31635,0.30398481653981796,0.3288968110295432
51,Structured,0.0,0.45,0.0,0.31315,0.3008205125137696,0.32566428125222396
51,Structured,0.1,0.0,0.09822222222222222,0.3177,0.3053199616488964,0.33026033020664075
51,Structured,0.1,0.15,0.09822222222222222,0.32345,0.31100803726795706,0.3360665655993038
51,Structured,0.1,0.3,0.09822222222222222,0.32375,0.311304865926694,0.3363694401308725
51,Structured,0.1,0.45,0.09822222222222222,0.3212,0.30878200986494075,0.33379481909717723
51,Structured,0.2,0.0,0.2011111111111111,0.3245,0.31204696324540676,0.3371266007909284
51,Structured,0.2,0.15,0.2011111111111111,0.32955,0.31704470206856833,0.3422238658011565
51,Structured,0.2,0.3,0.2011111111111111,0.32985,0.31734164926348135,0.3425266218101593
51,Structured,0.2,0.45,0.2011111111111111,0.32805,0.31556005302512685,0.3407099988348175
51,Structured,0.3,0.0,0.30977777777777776,0.33245,0.3199154335627354,0.3451502653051567
51,Structured,0.3,0.15,0.30977777777777776,0.3357,0.32313327117306356,0.3484292125043359
51,Structured,0.3,0.3,0.30977777777777776,0.3377,0.32511381233038233,0.35044669280416113
51,Structured,0.3,0.45,0.30977777777777776,0.33285,0.32031143878685053,0.34555386436132773
52,MCAR,0.0,0.0,0.0,0.31535,0.302995898195465,0.32788671880118536
52,MCAR,0.0,0.15,0.0,0.319,0.306605770979717,0.3315732346468472
52,MCAR,0.0,0.3,0.0,0.31735,0.3049738013146939,0.3299068368355924
52,MCAR,0.0,0.45,0.0,0.31415,0.3018092841100722,0.3266745202102789
52,MCAR,0.1,0.0,0.09588888888888888,0.3208,0.30838630639066605,0.3333909183257778
52,MCAR,0.1,0.15,0.09588888888888888,0.32625,0.3137786659579477,0.33889316671207453
52,MCAR,0.1,0.3,0.09588888888888888,0.3252,0.3127396204513136,0.3378332510357278
52,MCAR,0.1,0.45,0.09588888888888888,0.32075,0.3083368441952209,0.3333404299906028
52,MCAR,0.2,0.0,0.1938888888888889,0.3305,0.317985054696365,0.34318257332131685
52,MCAR,0.2,0.15,0.1938888888888889,0.33375,0.3212024878794126,0.34646192490350136
52,MCAR,0.2,0.3,0.1938888888888889,0.3318,0.31927194688624977,0.3444943950285771
52,MCAR,0.2,0.45,0.1938888888888889,0.3273,0.3148177829430392,0.33995301091819224
52,MCAR,0.3,0.0,0.2931111111111111,0.33545,0.3228857213493738,0.34817700964778836
52,MCAR,0.3,0.15,0.2931111111111111,0.3381,0.3255099509174533,0.35085015851174206
52,MCAR,0.3,0.3,0.2931111111111111,0.33685,0.3242720514013851,0.34958929461057675
52,MCAR,0.3,0.45,0.2931111111111111,0.33265,0.32011343489721317,0.34535206611068126
52,MAR,0.0,0.0,0.0,0.31535,0.302995898195465,0.32788671880118536
52,MAR,0.0,0.15,0.0,0.319,0.306605770979717,0.3315732346468472
52,MAR,0.0,0.3,0.0,0.31735,0.3049738013146939,0.3299068368355924
52,MAR,0.0,0.45,0.0,0.31415,0.3018092841100722,0.3266745202102789
52,MAR,0.1,0.0,0.09855555555555555,0.32115,0.30873254635619307,0.3337443320751448
52,MAR,0.1,0.15,0.09855555555555555,0.3255,0.31303648329194955,0.3381360913893841
52,MAR,0.1,0.3,0.09855555555555555,0.32315,0.31071121448345784,0.33576368519418903
52,MAR,0.1,0.45,0.09855555555555555,0.3195,0.30710034274434517,0.3320781681823802
52,MAR,0.2,0.0,0.1991111111111111,0.3281,0.31560953898914385,0.3407604634041946
52,MAR,0.2,0.15,0.1991111111111111,0.32995,0.3174406329477638,0.3426275391939923
52,MAR,0.2,0.3,0.1991111111111111,0.32805,0.31556005302512685,0.3407099988348175
52,MAR,0.2,0.45,0.1991111111111111,0.32345,0.31100803726795706,0.3360665655993038
52,MAR,0.3,0.0,0.29577777777777775,0.3322,0.3196679354895928,0.34489801070368936
52,MAR,0.3,0.15,0.29577777777777775,0.33435,0.32179654928866686,0.34706726992053116
52,MAR,0.3,0.3,0.29577777777777775,0.3315,0.31897496215347154,0.34419167655325383
52,MAR,0.3,0.45,0.29577777777777775,0.3274,0.31491675018686505,0.3400539447406214
52,MNAR,0.0,0.0,0.0,0.31535,0.302995898195465,0.32788671880118536
52,MNAR,0.0,0.15,0.0,0.319,0.306605770979717,0.3315732346468472
52,MNAR,0.0,0.3,0.0,0.31735,0.3049738013146939,0.3299068368355924
52,MNAR,0.0,0.45,0.0,0.31415,0.3018092841100722,0.3266745202102789
52,MNAR,0.1,0.0,0.09366666666666666,0.31815,0.305765036851346,0.33071480976954304
52,MNAR,0.1,0.15,0.09366666666666666,0.32365,0.31120592238801836,0.33626848260603664
52,MNAR,0.1,0.3,0.09366666666666666,0.3212,0.30878200986494075,0.33379481909717723
52,MNAR,0.1,0.45,0.09366666666666666,0.3175,0.30512215475012683,0.3300583349880029
52,MNAR,0.2,0.0,0.19177777777777777,0.3224,0.3099691832500617,0.33500645845658134
52,MNAR,0.2,0.15,0.19177777777777777,0.32695,0.3144714026835909,0.3395997374463271
52,MNAR,0.2,0.3,0.19177777777777777,0.32425,0.311799593400222,0.336874217976048
52,MNAR,0.2,0.45,0.19177777777777777,0.3207,0.30828738216402635,0.3332899414911948
52,MNAR,0.3,0.0,0.28855555555555557,0.327,0.3145208850925077,0.3396502055703995
52,MNAR,0.3,0.15,0.28855555555555557,0.3302,0.31768809497014566,0.34287982984221765
52,MNAR,0.3,0.3,0.28855555555555557,0.3285,0.31600543250929736,0.34116417415185946
52,MNAR,0.3,0.45,0.28855555555555557,0.3235,0.3110575083032626,0.33611704509566936
52,Structured,0.0,0.0,0.0,0.31535,0.302995898195465,0.32788671880118536
52,Structured,0.0,0.15,0.0,0.319,0.306605770979717,0.3315732346468472
52,Structured,0.0,0.3,0.0,0.31735,0.3049738013146939,0.3299068368355924
52,Structured,0.0,0.45,0.0,0.31415,0.3018092841100722,0.3266745202102789
52,Structured,0.1,0.0,0.09922222222222223,0.3219,0.30947451620574834,0.33450162018931257
52,Structured,0.1,0.15,0.09922222222222223,0.32615,0.31367970616065793,0.3387922254439605
52,Structured,0.1,0.3,0.09922222222222223,0.3252,0.3127396204513136,0.3378332510357278
52,Structured,0.1,0.45,0.09922222222222223,0.3205,0.308089535682197,0.33308798585081767
52,Structured,0.2,0.0,0.20344444444444446,0.3258,0.31333335197796613,0.3384389258983372
52,Structured,0.2,0.15,0.20344444444444446,0.3309,0.3183810099843053,0.3435862223081383
52,Structured,0.2,0.3,0.20344444444444446,0.33135,0.31882647194839164,0.344040315154523
52,Structured,0.2,0.45,0.20344444444444446,0.3272,0.3147188163459344,0.3398520764491144
52,Structured,0.3,0.0,0.308,0.33295,0.32041044168949306,0.34565476252893135
52,Structured,0.3,0.15,0.308,0.33825,0.3256585054914559,0.3510014555485086
52,Structured,0.3,0.3,0.308,0.33865,0.32605465796096494,0.35140490737511515
52,Structured,0.3,0.45,0.308,0.33495,0.3223906336066882,0.34767259203127926
53,MCAR,0.0,0.0,0.0,0.3088,0.2965201377642588,0.3212689601899328
53,MCAR,0.0,0.15,0.0,0.3126,0.300276716675075,0.325108621289626
53,MCAR,0.0,0.3,0.0,0.3123,0.29998010931347335,0.324805525487973
53,MCAR,0.0,0.45,0.0,0.30725,0.2949881293715168,0.31970250229897257
53,MCAR,0.1,0.0,0.09755555555555556,0.3158,0.303440903218812,0.3283412685345354
53,MCAR,0.1,0.15,0.09755555555555556,0.3182,0.30581449047850173,0.3307653066719727
53,MCAR,0.1,0.3,0.09755555555555556,0.3198,0.3073970937130843,0.33238112039469464
53,MCAR,0.1,0.45,0.09755555555555556,0.315,0.3026497925005713,0.32753317079758476
53,MCAR,0.2,0.0,0.197,0.32165,0.3092271888244659,0.334249194915533
53,MCAR,0.2,0.15,0.197,0.32455,0.3120964377028049,0.3371770768656013
53,MCAR,0.2,0.3,0.197,0.32475,0.3122943371596104,0.3373789795372659
53,MCAR,0.2,0.45,0.197,0.3214,0.3089798655404435,0.3339967655449826
53,MCAR,0.3,0.0,0.2927777777777778,0.33075,0.3182325255483091,0.3434348551409648
53,MCAR,0.3,0.15,0.2927777777777778,0.33215,0.31961843635447373,0.3448475593039403
53,MCAR,0.3,0.3,0.2927777777777778,0.33275,0.32021243652270914,0.3454529655552921
53,MCAR,0.3,0.45,0.2927777777777778,0.3305,0.317985054696365,0.34318257332131685
53,MAR,0.0,0.0,0.0,0.3088,0.2965201377642588,0.3212689601899328
53,MAR,0.0,0.15,0.0,0.3126,0.300276716675075,0.325108621289626
53,MAR,0.0,0.3,0.0,0.3123,0.29998010931347335,0.324805525487973
53,MAR,0.0,0.45,0.0,0.30725,0.2949881293715168,0.31970250229897257
53,MAR,0.1,0.0,0.09877777777777778,0.31465,0.3023036949715725,0.32717961462911005
53,MAR,0.1,0.15,0.09877777777777778,0.3161,0.3037375807192537,0.3286442942061563
53,MAR,0.1,0.3,0.09877777777777778,0.31715,0.30477599905338393,0.32970483698006453
53,MAR,0.1,0.45,0.09877777777777778,0.31165,0.2993374807625473,0.3241487971878183
53,MAR,0.2,0.0,0.19977777777777778,0.3183,0.3059133982286917,0.33086629998101325
53,MAR,0.2,0.15,0.19977777777777778,0.32065,0.308237920297108,0.33323945282753253
53,MAR,0.2,0.3,0.19977777777777778,0.32265,0.3102165229080941,0.33525887145506794
53,MAR,0.2,0.45,0.19977777777777778,0.31775,0.30536941378741245,0.33031082859752725
53,MAR,0.3,0.0,0.2961111111111111,0.32695,0.3144714026835909,0.3395997374463271
53,MAR,0.3,0.15,0.2961111111111111,0.32825,0.31575799784938813,0.340911856144246
53,MAR,0.3,0.3,0.2961111111111111,0.3271,0.3146198503957075,0.33975114133323275
53,MAR,0.3,0.45,0.2961111111111111,0.32375,0.311304865926694,0.3363694401308725
53,MNAR,0.0,0.0,0.0,0.3088,0.2965201377642588,0.3212689601899328
53,MNAR,0.0,0.15,0.0,0.3126,0.300276716675075,0.325108621289626
53,MNAR,0.0,0.3,0.0,0.3123,0.29998010931347335,0.324805525487973
53,MNAR,0.0,0.45,0.0,0.30725,0.2949881293715168,0.31970250229897257
53,MNAR,0.1,0.0,0.09822222222222222,0.311,0.2986948806222935,0.32349204048062535
53,MNAR,0.1,0.15,0.09822222222222222,0.3148,0.302452021483623,0.32733113970156547
53,MNAR,0.1,0.3,0.09822222222222222,0.3156,0.3032431215444199,0.3281392480946331
53,MNAR,0.1,0.45,0.09822222222222222,0.3103,0.2980028815308721,0.32278473220195847
53,MNAR,0.2,0.0,0.2021111111111111,0.3169,0.3045287499560279,0.3294523334318302
53,MNAR,0.2,0.15,0.2021111111111111,0.3174,0.3050232522942112,0.3299573363853365
53,MNAR,0.2,0.3,0.2021111111111111,0.319,0.306605770979717,0.3315732346468472
53,MNAR,0.2,0.45,0.2021111111111111,0.3149,0.3025509066587089,0.32743215558292094
53,MNAR,0.3,0.0,0.29944444444444446,0.3197,0.3072981760647233,0.3322801369826241
53,MNAR,0.3,0.15,0.29944444444444446,0.32175,0.30932611928544834,0.3343501655165161
53,MNAR,0.3,0.3,0.29944444444444446,0.32155,0.3091282590190456,0.3341482236590657
53,MNAR,0.3,0.45,0.29944444444444446,0.31595,0.30358924122092795,0.32849278211835903
53,Structured,0.0,0.0,0.0,0.3088,0.2965201377642588,0.3212689601899328
53,Structured,0.0,0.15,0.0,0.3126,0.300276716675075,0.325108621289626
53,Structured,0.0,0.3,0.0,0.3123,0.29998010931347335,0.324805525487973
53,Structured,0.0,0.45,0.0,0.30725,0.2949881293715168,0.31970250229897257
53,Structured,0.1,0.0,0.09522222222222222,0.3169,0.3045287499560279,0.3294523334318302
53,Structured,0.1,0.15,0.09522222222222222,0.3177,0.3053199616488964,0.33026033020664075
53,Structured,0.1,0.3,0.09522222222222222,0.3185,0.3061112157120099,0.3310682846163947
53,Structured,0.1,0.45,0.09522222222222222,0.3131,0.3007710756907414,0.3256137675477553
53,Structured,0.2,0.0,0.1948888888888889,0.32245,0.31001865085456853,0.3350569413833393
53,Structured,0.2,0.15,0.1948888888888889,0.3244,0.3119480148189144,0.33702564815333896
53,Structured,0.2,0.3,0.1948888888888889,0.3254,0.31293752836204436,0.33803514525445066
53,Structured,0.2,0.45,0.1948888888888889,0.31955,0.3071498008273459,0.33212866062950525
53,Structured,0.3,0.0,0.294,0.32925,0.31674776066368404,0.3419211040027758
53,Structured,0.3,0.15,0.294,0.32975,0.3172426662220885,0.3424257037835081
53,Structured,0.3,0.3,0.294,0.33095,0.3184305051169964,0.3436366777098722
53,Structured,0.3,0.45,0.294,0.32595,0.3134817885116856,0.3385903409623554
54,MCAR,0.0,0.0,0.0,0.31495,0.30260034949630354,0.3274826632735786
54,MCAR,0.0,0.15,0.0,0.3165,0.30413316002523744,0.3290483191307408
54,MCAR,0.0,0.3,0.0,0.3177,0.3053199616488964,0.33026033020664075
54,MCAR,0.0,0.45,0.0,0.31445,0.30210592862415286,0.3269775788641456
54,MCAR,0.1,0.0,0.09755555555555556,0.3222,0.3097713144681385,0.33480452511363984
54,MCAR,0.1,0.15,0.09755555555555556,0.32315,0.31071121448345784,0.33576368519418903
54,MCAR,0.1,0.3,0.09755555555555556,0.3236,0.3111564508633123,0.3362180035990164
54,MCAR,0.1,0.45,0.09755555555555556,0.3216,0.3091777238398001,0.33419870936924484
54,MCAR,0.2,0.0,0.19233333333333333,0.32795,0.31546108158129915,0.34060906921191014
54,MCAR,0.2,0.15,0.19233333333333333,0.3301,0.3175891096792844,0.34277891406478106
54,MCAR,0.2,0.3,0.19233333333333333,0.33,0.3174901250309444,0.3426779976448983
54,MCAR,0.2,0.45,0.19233333333333333,0.32945,0.31694572095673856,0.34212294584515895
54,MCAR,0.3,0.0,0.28888888888888886,0.3335,0.32095496906080306,0.3462096910452284
54,MCAR,0.3,0.15,0.28888888888888886,0.33515,0.32258866679823694,0.34787436098320296
54,MCAR,0.3,0.3,0.28888888888888886,0.33715,0.324569138277376,0.3498919109537676
54,MCAR,0.3,0.45,0.28888888888888886,0.33505,0.3224896498847806,0.34777347682488796
54,MAR,0.0,0.0,0.0,0.31495,0.30260034949630354,0.3274826632735786
54,MAR,0.0,0.15,0.0,0.3165,0.30413316002523744,0.3290483191307408
54,MAR,0.0,0.3,0.0,0.3177,0.3053199616488964,0.33026033020664075
54,MAR,0.0,0.45,0.0,0.31445,0.30210592862415286,0.3269775788641456
54,MAR,0.1,0.0,0.09888888888888889,0.3192,0.3068035977070917,0.3317752100392973
54,MAR,0.1,0.15,0.09888888888888889,0.3197,0.3072981760647233,0.3322801369826241
54,MAR,0.1,0.3,0.09888888888888889,0.32125,0.30883147353775925,0.3338453059551554
54,MAR,0.1,0.45,0.09888888888888889,0.3189,0.30650685860576193,0.33147224596100905
54,MAR,0.2,0.0,0.19677777777777777,0.3259,0.3134323095048887,0.33853986943655356
54,MAR,0.2,0.15,0.19677777777777777,0.3264,0.3139271068694487,0.3390445773988144
54,MAR,0.2,0.3,0.19677777777777777,0.32715,0.3146693332899524,0.33980160897203326
54,MAR,0.2,0.45,0.19677777777777777,0.32375,0.311304865926694,0.3363694401308725
54,MAR,0.3,0.0,0.29255555555555557,0.33365,0.32110347987393667,0.3463610318381725
54,MAR,0.3,0.15,0.29255555555555557,0.33325,0.32070745422698754,0.345957453202598
54,MAR,0.3,0.3,0.29255555555555557,0.33305,0.3205094452304919,0.34575566005824937
54,MAR,0.3,0.45,0.29255555555555557,0.32995,0.3174406329477638,0.3426275391939923
54,MNAR,0.0,0.0,0.0,0.31495,0.30260034949630354,0.3274826632735786
54,MNAR,0.0,0.15,0.0,0.3165,0.30413316002523744,0.3290483191307408
54,MNAR,0.0,0.3,0.0,0.3177,0.3053199616488964,0.33026033020664075
54,MNAR,0.0,0.45,0.0,0.31445,0.30210592862415286,0.3269775788641456
54,MNAR,0.1,0.0,0.094,0.319,0.306605770979717,0.3315732346468472
54,MNAR,0.1,0.15,0.094,0.32005,0.3076443907148365,0.3326335760443668
54,MNAR,0.1,0.3,0.094,0.31985,0.3074465527842355,0.33243161185378867
54,MNAR,0.1,0.45,0.094,0.3166,0.3042320565122818,0.3291493237015445
54,MNAR,0.2,0.0,0.1912222222222222,0.3237,0.3112553940758189,0.3363189614499823
54,MNAR,0.2,0.15,0.1912222222222222,0.3252,0.3127396204513136,0.3378332510357278
54,MNAR,0.2,0.3,0.1912222222222222,0.32355,0.3111069795017209,0.3361675244289006
54,MNAR,0.2,0.45,0.1912222222222222,0.3208,0.30838630639066605,0.3333909183257778
54,MNAR,0.3,0.0,0.28744444444444445,0.32625,0.3137786659579477,0.33889316671207453
54,MNAR,0.3,0.15,0.28744444444444445,0.32865,0.3161538952401174,0.34131556302177296
54,MNAR,0.3,0.3,0.28744444444444445,0.3279,0.31541159610152775,0.34055860415834194
54,MNAR,0.3,0.45,0.28744444444444445,0.32685,0.31437243835121914,0.3394988007127762
54,Structured,0.0,0.0,0.0,0.31495,0.30260034949630354,0.3274826632735786
54,Structured,0.0,0.15,0.0,0.3165,0.30413316002523744,0.3290483191307408
54,Structured,0.0,0.3,0.0,0.3177,0.3053199616488964,0.33026033020664075
54,Structured,0.0,0.45,0.0,0.31445,0.30210592862415286,0.3269775788641456
54,Structured,0.1,0.0,0.09733333333333333,0.3203,0.3078916918300486,0.33288602758107433
54,Structured,0.1,0.15,0.09733333333333333,0.3224,0.3099691832500617,0.33500645845658134
54,Structured,0.1,0.3,0.09733333333333333,0.3218,0.3093755847617249,0.3344006505712535
54,Structured,0.1,0.45,0.09733333333333333,0.3195,0.30710034274434517,0.3320781681823802
54,Structured,0.2,0.0,0.19455555555555556,0.3262,0.31372918597825206,0.3388426961590586
54,Structured,0.2,0.15,0.19455555555555556,0.3272,0.3147188163459344,0.3398520764491144
54,Structured,0.2,0.3,0.19455555555555556,0.32795,0.31546108158129915,0.34060906921191014
54,Structured,0.2,0.45,0.19455555555555556,0.32685,0.31437243835121914,0.3394988007127762
54,Structured,0.3,0.0,0.29888888888888887,0.33265,0.32011343489721317,0.34535206611068126
54,Structured,0.3,0.15,0.29888888888888887,0.3323,0.3197669342393961,0.34499891302367736
54,Structured,0.3,0.3,0.29888888888888887,0.33255,0.3200144339105071,0.3452511660273507
54,Structured,0.3,0.45,0.29888888888888887,0.333,0.32045994338020733,0.3457052113733676
55,MCAR,0.0,0.0,0.0,0.31785,0.30546831856088685,0.330411824882919
55,MCAR,0.0,0.15,0.0,0.32445,0.31199748895077084,0.33707612455351393
55,MCAR,0.0,0.3,0.0,0.32495,0.3124922392190244,0.3375808796066246
55,MCAR,0.0,0.45,0.0,0.3204,0.30799061342733125,0.33298700704469797
55,MCAR,0.1,0.0,0.09644444444444444,0.3227,0.31026599133025223,0.3353093535642708
55,MCAR,0.1,0.15,0.09644444444444444,0.32995,0.3174406329477638,0.3426275391939923
55,MCAR,0.1,0.3,0.09644444444444444,0.3304,0.3178860674788329,0.3430816594703374
55,MCAR,0.1,0.45,0.09644444444444444,0.3271,0.3146198503957075,0.33975114133323275
55,MCAR,0.2,0.0,0.19411111111111112,0.3258,0.31333335197796613,0.3384389258983372
55,MCAR,0.2,0.15,0.19411111111111112,0.33515,0.32258866679823694,0.34787436098320296
55,MCAR,0.2,0.3,0.19411111111111112,0.337,0.32442059412766366,0.3497406034938131
55,MCAR,0.2,0.45,0.19411111111111112,0.33395,0.3214005058018492,0.3466637091228824
55,MCAR,0.3,0.0,0.2972222222222222,0.3343,0.32174704329581805,0.34701682537776113
55,MCAR,0.3,0.15,0.2972222222222222,0.34355,0.33090834162746025,0.3563463764207197
55,MCAR,0.3,0.3,0.2972222222222222,0.3448,0.33214676664512216,0.3576067148745638
55,MCAR,0.3,0.45,0.2972222222222222,0.3417,0.3290756515665656,0.35448089656191284
55,MAR,0.0,0.0,0.0,0.31785,0.30546831856088685,0.330411824882919
55,MAR,0.0,0.15,0.0,0.32445,0.31199748895077084,0.33707612455351393
55,MAR,0.0,0.3,0.0,0.32495,0.3124922392190244,0.3375808796066246
55,MAR,0.0,0.45,0.0,0.3204,0.30799061342733125,0.33298700704469797
55,MAR,0.1,0.0,0.09477777777777778,0.32015,0.307743310667449,0.3327345571524627
55,MAR,0.1,0.15,0.09477777777777778,0.3275,0.31501571807726264,0.34015487791655336
55,MAR,0.1,0.3,0.09477777777777778,0.3284,0.3159064581615211,0.3410632474325717
55,MAR,0.1,0.45,0.09477777777777778,0.32445,0.31199748895077084,0.33707612455351393
55,MAR,0.2,0.0,0.19411111111111112,0.32535,0.31288805114069757,0.3379846719434052
55,MAR,0.2,0.15,0.19411111111111112,0.33445,0.3218955617516131,0.3471681585288741
55,MAR,0.2,0.3,0.19411111111111112,0.33475,0.3221926029571548,0.34747082053761474
55,MAR,0.2,0.45,0.19411111111111112,0.33015,0.3176386022444089,0.34282937203379654
55,MAR,0.3,0.0,0.29333333333333333,0.3314,0.318875968523273,0.34409076911422815
55,MAR,0.3,0.15,0.29333333333333333,0.3379,0.3253118803611238,0.3506484269206113
55,MAR,0.3,0.3,0.29333333333333333,0.339,0.32640129964570497,0.3517579194503437
55,MAR,0.3,0.45,0.29333333333333333,0.33685,0.3242720514013851,0.34958929461057675
55,MNAR,0.0,0.0,0.0,0.31785,0.30546831856088685,0.330411824882919
55,MNAR,0.0,0.15,0.0,0.32445,0.31199748895077084,0.33707612455351393
55,MNAR,0.0,0.3,0.0,0.32495,0.3124922392190244,0.3375808796066246
55,MNAR,0.0,0.45,0.0,0.3204,0.30799061342733125,0.33298700704469797
55,MNAR,0.1,0.0,0.09677777777777778,0.3179,0.305517771195804,0.33046232277746507
55,MNAR,0.1,0.15,0.09677777777777778,0.325,0.31254171514039103,0.33763135421750073
55,MNAR,0.1,0.3,0.09677777777777778,0.3273,0.3148177829430392,0.33995301091819224
55,MNAR,0.1,0.45,0.09677777777777778,0.32405,0.3116017004554097,0.33667230879315
55,MNAR,0.2,0.0,0.1922222222222222,0.32035,0.30794115254648186,0.33293651739508434
55,MNAR,0.2,0.15,0.1922222222222222,0.32885,0.3163518478041754,0.3415174125922792
55,MNAR,0.2,0.3,0.1922222222222222,0.3301,0.3175891096792844,0.34277891406478106
55,MNAR,0.2,0.45,0.1922222222222222,0.3283,0.3158074844588031,0.34096232006829874
55,MNAR,0.3,0.0,0.2956666666666667,0.3251,0.3126406674707984,0.33773230295162904
55,MNAR,0.3,0.15,0.2956666666666667,0.33365,0.32110347987393667,0.3463610318381725
55,MNAR,0.3,0.3,0.2956666666666667,0.3339,0.321351001082349,0.3466132633069022
55,MNAR,0.3,0.45,0.2956666666666667,0.3325,0.31996493365674605,0.3452007157461204
55,Structured,0.0,0.0,0.0,0.31785,0.30546831856088685,0.330411824882919
55,Structured,0.0,0.15,0.0,0.32445,0.31199748895077084,0.33707612455351393
55,Structured,0.0,0.3,0.0,0.32495,0.3124922392190244,0.3375808796066246
55,Structured,0.0,0.45,0.0,0.3204,0.30799061342733125,0.33298700704469797
55,Structured,0.1,0.0,0.09977777777777778,0.3217,0.309276653973022,0.33429968029794954
55,Structured,0.1,0.15,0.09977777777777778,0.32935,0.31684674048839406,0.3420220252457483
55,Structured,0.1,0.3,0.09977777777777778,0.33225,0.319717434784573,0.34494846194359635
55,Structured,0.1,0.45,0.09977777777777778,0.32655,0.314075549239173,0.3391959866275007
55,Structured,0.2,0.0,0.19666666666666666,0.3269,0.31442192043648837,0.33954926916045897
55,Structured,0.2,0.15,0.19666666666666666,0.3345,0.3219450682216729,0.3472186025944842
55,Structured,0.2,0.3,0.19666666666666666,0.33795,0.32536139776347517,0.3506988600551007
55,Structured,0.2,0.45,0.19666666666666666,0.33215,0.31961843635447373,0.3448475593039403
55,Structured,0.3,0.0,0.3001111111111111,0.33425,0.32169753746207475,0.34696638067590146
55,Structured,0.3,0.15,0.3001111111111111,0.34175,0.32912518091587606,0.3545313177506847
55,Structured,0.3,0.3,0.3001111111111111,0.3448,0.33214676664512216,0.3576067148745638
55,Structured,0.3,0.45,0.3001111111111111,0.3399,0.3272926993955244,0.3526656293727201
56,MCAR,0.0,0.0,0.0,0.31415,0.3018092841100722,0.3266745202102789
56,MCAR,0.0,0.15,0.0,0.31985,0.3074465527842355,0.33243161185378867
56,MCAR,0.0,0.3,0.0,0.31785,0.30546831856088685,0.330411824882919
56,MCAR,0.0,0.45,0.0,0.3127,0.300375587137377,0.32520965188191375
56,MCAR,0.1,0.0,0.10544444444444444,0.32275,0.31031545991588017,0.3353598355100246
56,MCAR,0.1,0.15,0.10544444444444444,0.32595,0.3134817885116856,0.3385903409623554
56,MCAR,0.1,0.3,0.10544444444444444,0.32435,0.31189854084985774,0.33697517159038165
56,MCAR,0.1,0.45,0.10544444444444444,0.3194,0.3070014270726545,0.33197718279387894
56,MCAR,0.2,0.0,0.209,0.332,0.31946993990845757,0.3446962041454557
56,MCAR,0.2,0.15,0.209,0.33375,0.3212024878794126,0.34646192490350136
56,MCAR,0.2,0.3,0.209,0.33235,0.3198164338540427,0.34504936394395325
56,MCAR,0.2,0.45,0.209,0.3261,0.31363022650518607,0.3387417545667603
56,MCAR,0.3,0.0,0.3055555555555556,0.33985,0.32724317585035184,0.3526152023804091
56,MCAR,0.3,0.15,0.3055555555555556,0.34,0.32739174695736084,0.3527664828858992
56,MCAR,0.3,0.3,0.3055555555555556,0.3378,0.32521284602998723,0.35054756017811983
56,MCAR,0.3,0.45,0.3055555555555556,0.3341,0.3215490209156638,0.34681504561561316
56,MAR,0.0,0.0,0.0,0.31415,0.3018092841100722,0.3266745202102789
56,MAR,0.0,0.15,0.0,0.31985,0.3074465527842355,0.33243161185378867
56,MAR,0.0,0.3,0.0,0.31785,0.30546831856088685,0.330411824882919
56,MAR,0.0,0.45,0.0,0.3127,0.300375587137377,0.32520965188191375
56,MAR,0.1,0.0,0.10355555555555555,0.3213,0.3088809373746293,0.33389579264910246
56,MAR,0.1,0.15,0.10355555555555555,0.32335,0.31090909568688696,0.3359656061170938
56,MAR,0.1,0.3,0.10355555555555555,0.3222,0.3097713144681385,0.33480452511363984
56,MAR,0.1,0.45,0.10355555555555555,0.317,0.30462764909758594,0.3295533353484476
56,MAR,0.2,0.0,0.20177777777777778,0.329,0.31650031391878986,0.3416687980787809
56,MAR,0.2,0.15,0.20177777777777778,0.33005,0.3175396172747891,0.34272845593515533
56,MAR,0.2,0.3,0.20177777777777778,0.3285,0.31600543250929736,0.34116417415185946
56,MAR,0.2,0.45,0.20177777777777778,0.3215,0.30907879436222013,0.33409773778497565
56,MAR,0.3,0.0,0.3021111111111111,0.33695,0.32437107972738843,0.34969016735756653
56,MAR,0.3,0.15,0.3021111111111111,0.3371,0.32451962340267476,0.34984147529189674
56,MAR,0.3,0.3,0.3021111111111111,0.3344,0.3218460554406035,0.3471177143042298
56,MAR,0.3,0.45,0.3021111111111111,0.32875,0.3162528711998803,0.3414164881292556
56,MNAR,0.0,0.0,0.0,0.31415,0.3018092841100722,0.3266745202102789
56,MNAR,0.0,0.15,0.0,0.31985,0.3074465527842355,0.33243161185378867
56,MNAR,0.0,0.3,0.0,0.31785,0.30546831856088685,0.330411824882919
56,MNAR,0.0,0.45,0.0,0.3127,0.300375587137377,0.32520965188191375
56,MNAR,0.1,0.0,0.10666666666666667,0.31975,0.30734763480657373,0.3323306287709807
56,MNAR,0.1,0.15,0.10666666666666667,0.3235,0.3110575083032626,0.33611704509566936
56,MNAR,0.1,0.3,0.10666666666666667,0.3217,0.309276653973022,0.33429968029794954
56,MNAR,0.1,0.45,0.10666666666666667,0.316,0.30363868755415274,0.32854328631382096
56,MNAR,0.2,0.0,0.2081111111111111,0.3241,0.3116511734472572,0.3367227863332031
56,MNAR,0.2,0.15,0.2081111111111111,0.32535,0.31288805114069757,0.3379846719434052
56,MNAR,0.2,0.3,0.2081111111111111,0.3242,0.31175011991968216,0.3368237409246318
56,MNAR,0.2,0.45,0.2081111111111111,0.32025,0.30784223127805177,0.33283553760264833
56,MNAR,0.3,0.0,0.3028888888888889,0.3314,0.318875968523273,0.34409076911422815
56,MNAR,0.3,0.15,0.3028888888888889,0.3309,0.3183810099843053,0.3435862223081383
56,MNAR,0.3,0.3,0.3028888888888889,0.3286,0.3161044075019812,0.34126510022631174
56,MNAR,0.3,0.45,0.3028888888888889,0.3222,0.3097713144681385,0.33480452511363984
56,Structured,0.0,0.0,0.0,0.31415,0.3018092841100722,0.3266745202102789
56,Structured,0.0,0.15,0.0,0.31985,0.3074465527842355,0.33243161185378867
56,Structured,0.0,0.3,0.0,0.31785,0.30546831856088685,0.330411824882919
56,Structured,0.0,0.45,0.0,0.3127,0.300375587137377,0.32520965188191375
56,Structured,0.1,0.0,0.09888888888888889,0.3219,0.30947451620574834,0.33450162018931257
56,Structured,0.1,0.15,0.09888888888888889,0.32535,0.31288805114069757,0.3379846719434052
56,Structured,0.1,0.3,0.09888888888888889,0.325,0.31254171514039103,0.33763135421750073
56,Structured,0.1,0.45,0.09888888888888889,0.31975,0.30734763480657373,0.3323306287709807
56,Structured,0.2,0.0,0.206,0.32855,0.3160549199250344,0.34121463726968015
56,Structured,0.2,0.15,0.206,0.33145,0.31892546525830595,0.34414122291379884
56,Structured,0.2,0.3,0.206,0.32965,0.3171436838237346,0.3423247851138899
56,Structured,0.2,0.45,0.206,0.3258,0.31333335197796613,0.3384389258983372
56,Structured,0.3,0.0,0.30333333333333334,0.33605,0.3234798475874499,0.34878228984299786
56,Structured,0.3,0.15,0.30333333333333334,0.3392,0.32659938407320993,0.35195963717175544
56,Structured,0.3,0.3,0.30333333333333334,0.3385,0.32590609960248534,0.35125361412242745
56,Structured,0.3,0.45,0.30333333333333334,0.3312,0.31867798318484075,0.3438889523144232
57,MCAR,0.0,0.0,0.0,0.31115,0.2988431704381459,0.32364360224462896
57,MCAR,0.0,0.15,0.0,0.31155,0.29923861735207646,0.32404775954460013
57,MCAR,0.0,0.3,0.0,0.31475,0.3024025791461739,0.3272806315108248
57,MCAR,0.0,0.45,0.0,0.3155,0.3031442317055052,0.3280382368765244
57,MCAR,0.1,0.0,0.098,0.3177,0.3053199616488964,0.33026033020664075
57,MCAR,0.1,0.15,0.098,0.31885,0.3064574026662897,0.3314217513706159
57,MCAR,0.1,0.3,0.098,0.3203,0.3078916918300486,0.33288602758107433
57,MCAR,0.1,0.45,0.098,0.31915,0.30675414077786645,0.3317247164385363
57,MCAR,0.2,0.0,0.20555555555555555,0.32555,0.3130859610004692,0.3381865642133123
57,MCAR,0.2,0.15,0.20555555555555555,0.3281,0.31560953898914385,0.3407604634041946
57,MCAR,0.2,0.3,0.20555555555555555,0.32905,0.31654980294576396,0.3417192595855475
57,MCAR,0.2,0.45,0.20555555555555555,0.32795,0.31546108158129915,0.34060906921191014
57,MCAR,0.3,0.0,0.3025555555555556,0.3328,0.3202619375749582,0.3455034150381229
57,MCAR,0.3,0.15,0.3025555555555556,0.33395,0.3214005058018492,0.3466637091228824
57,MCAR,0.3,0.3,0.3025555555555556,0.3335,0.32095496906080306,0.3462096910452284
57,MCAR,0.3,0.45,0.3025555555555556,0.33185,0.31932144490183817,0.34454484754773257
57,MAR,0.0,0.0,0.0,0.31115,0.2988431704381459,0.32364360224462896
57,MAR,0.0,0.15,0.0,0.31155,0.29923861735207646,0.32404775954460013
57,MAR,0.0,0.3,0.0,0.31475,0.3024025791461739,0.3272806315108248
57,MAR,0.0,0.45,0.0,0.3155,0.3031442317055052,0.3280382368765244
57,MAR,0.1,0.0,0.10055555555555555,0.31545,0.303094787035692,0.32798773101785617
57,MAR,0.1,0.15,0.10055555555555555,0.31715,0.30477599905338393,0.32970483698006453
57,MAR,0.1,0.3,0.10055555555555555,0.31885,0.3064574026662897,0.3314217513706159
57,MAR,0.1,0.45,0.10055555555555555,0.31745,0.30507270343936244,0.33000783576946596
57,MAR,0.2,0.0,0.20544444444444446,0.32185,0.30942505040183166,0.334451135462178
57,MAR,0.2,0.15,0.20544444444444446,0.32345,0.31100803726795706,0.3360665655993038
57,MAR,0.2,0.3,0.20544444444444446,0.32345,0.31100803726795706,0.3360665655993038
57,MAR,0.2,0.45,0.20544444444444446,0.3219,0.30947451620574834,0.33450162018931257
57,MAR,0.3,0.0,0.30866666666666664,0.328,0.31551056722250576,0.3406595341040624
57,MAR,0.3,0.15,0.30866666666666664,0.3305,0.317985054696365,0.34318257332131685
57,MAR,0.3,0.3,0.30866666666666664,0.3312,0.31867798318484075,0.3438889523144232
57,MAR,0.3,0.45,0.30866666666666664,0.3292,0.3166982709927386,0.3418706431399064
57,MNAR,0.0,0.0,0.0,0.31115,0.2988431704381459,0.32364360224462896
57,MNAR,0.0,0.15,0.0,0.31155,0.29923861735207646,0.32404775954460013
57,MNAR,0.0,0.3,0.0,0.31475,0.3024025791461739,0.3272806315108248
57,MNAR,0.0,0.45,0.0,0.3155,0.3031442317055052,0.3280382368765244
57,MNAR,0.1,0.0,0.10011111111111111,0.31485,0.3025014639878088,0.3273816477255904
57,MNAR,0.1,0.15,0.10011111111111111,0.31655,0.3041826081857639,0.32909882149912706
57,MNAR,0.1,0.3,0.10011111111111111,0.31825,0.30586394427095553,0.33081580340912303
57,MNAR,0.1,0.45,0.10011111111111111,0.3178,0.30541886609141694,0.3303613268229464
57,MNAR,0.2,0.0,0.20644444444444446,0.31955,0.3071498008273459,0.33212866062950525
57,MNAR,0.2,0.15,0.20644444444444446,0.32175,0.30932611928544834,0.3343501655165161
57,MNAR,0.2,0.3,0.20644444444444446,0.3222,0.3097713144681385,0.33480452511363984
57,MNAR,0.2,0.45,0.20644444444444446,0.3201,0.3076938506088838,0.3326840666806638
57,MNAR,0.3,0.0,0.30644444444444446,0.32275,0.31031545991588017,0.3353598355100246
57,MNAR,0.3,0.15,0.30644444444444446,0.32525,0.31278909718531367,0.33788372483406354
57,MNAR,0.3,0.3,0.30644444444444446,0.3246,0.31214591232294264,0.3372275527775519
57,MNAR,0.3,0.45,0.30644444444444446,0.32265,0.3102165229080941,0.33525887145506794
57,Structured,0.0,0.0,0.0,0.31115,0.2988431704381459,0.32364360224462896
57,Structured,0.0,0.15,0.0,0.31155,0.29923861735207646,0.32404775954460013
57,Structured,0.0,0.3,0.0,0.31475,0.3024025791461739,0.3272806315108248
57,Structured,0.0,0.45,0.0,0.3155,0.3031442317055052,0.3280382368765244
57,Structured,0.1,0.0,0.09911111111111111,0.3164,0.3040342642022441,0.32894731389596965
57,Structured,0.1,0.15,0.09911111111111111,0.3184,0.3060123066399159,0.3309672926290978
57,Structured,0.1,0.3,0.09911111111111111,0.32055,0.3081389970561719,0.33313847500736427
57,Structured,0.1,0.45,0.09911111111111111,0.32065,0.308237920297108,0.33323945282753253
57,Structured,0.2,0.0,0.19966666666666666,0.32395,0.3115027549605471,0.33657135322427195
57,Structured,0.2,0.15,0.19966666666666666,0.32505,0.3125911912243212,0.3376818286658277
57,Structured,0.2,0.3,0.19966666666666666,0.32745,0.314966234051252,0.3401044114093908
57,Structured,0.2,0.45,0.19966666666666666,0.3267,0.31422399306660215,0.3393473943986484
57,Structured,0.3,0.0,0.30144444444444446,0.32875,0.3162528711998803,0.3414164881292556
57,Structured,0.3,0.15,0.30144444444444446,0.3315,0.31897496215347154,0.34419167655325383
57,Structured,0.3,0.3,0.30144444444444446,0.33275,0.32021243652270914,0.3454529655552921
57,Structured,0.3,0.45,0.30144444444444446,0.33185,0.31932144490183817,0.34454484754773257
58,MCAR,0.0,0.0,0.0,0.3192,0.3068035977070917,0.3317752100392973
58,MCAR,0.0,0.15,0.0,0.3233,0.31085962514116033,0.33591512613120683
58,MCAR,0.0,0.3,0.0,0.3237,0.3112553940758189,0.3363189614499823
58,MCAR,0.0,0.45,0.0,0.32315,0.31071121448345784,0.33576368519418903
58,MCAR,0.1,0.0,0.0961111111111111,0.32555,0.3130859610004692,0.3381865642133123
58,MCAR,0.1,0.15,0.0961111111111111,0.3311,0.31857899147690044,0.3437880429533525
58,MCAR,0.1,0.3,0.0961111111111111,0.3298,0.3172921576624143,0.3424761628771953
58,MCAR,0.1,0.45,0.0961111111111111,0.33,0.3174901250309444,0.3426779976448983
58,MCAR,0.2,0.0,0.19544444444444445,0.3355,0.3229352309967822,0.34822745053639353
58,MCAR,0.2,0.15,0.19544444444444445,0.33715,0.324569138277376,0.3498919109537676
58,MCAR,0.2,0.3,0.19544444444444445,0.3372,0.32461865331018463,0.34994234645754724
58,MCAR,0.2,0.45,0.19544444444444445,0.3366,0.3240244833553765,0.3493371099743967
58,MCAR,0.3,0.0,0.29788888888888887,0.34035,0.327738418372693,0.3531194652336377
58,MCAR,0.3,0.15,0.29788888888888887,0.3428,0.3301653333897365,0.35559012658026456
58,MCAR,0.3,0.3,0.29788888888888887,0.3432,0.3305616000795426,0.35599346419837774
58,MCAR,0.3,0.45,0.29788888888888887,0.34115,0.32853083906135855,0.3539262531492663
58,MAR,0.0,0.0,0.0,0.3192,0.3068035977070917,0.3317752100392973
58,MAR,0.0,0.15,0.0,0.3233,0.31085962514116033,0.33591512613120683
58,MAR,0.0,0.3,0.0,0.3237,0.3112553940758189,0.3363189614499823
58,MAR,0.0,0.45,0.0,0.32315,0.31071121448345784,0.33576368519418903
58,MAR,0.1,0.0,0.0961111111111111,0.3246,0.31214591232294264,0.3372275527775519
58,MAR,0.1,0.15,0.0961111111111111,0.3289,0.31640133634797757,0.34156787458216537
58,MAR,0.1,0.3,0.0961111111111111,0.32725,0.3147682995636376,0.33990254376449286
58,MAR,0.1,0.45,0.0961111111111111,0.32745,0.314966234051252,0.3401044114093908
58,MAR,0.2,0.0,0.19088888888888889,0.3307,0.31818303105706797,0.3433843990978525
58,MAR,0.2,0.15,0.19088888888888889,0.3312,0.31867798318484075,0.3438889523144232
58,MAR,0.2,0.3,0.19088888888888889,0.3319,0.3193709430774139,0.34459529990691967
58,MAR,0.2,0.45,0.19088888888888889,0.3307,0.31818303105706797,0.3433843990978525
58,MAR,0.3,0.0,0.2921111111111111,0.33555,0.3229847408028729,0.34827789126633324
58,MAR,0.3,0.15,0.2921111111111111,0.3376,0.32501477926244937,0.3503458247985977
58,MAR,0.3,0.3,0.2921111111111111,0.3362,0.3236283827141665,0.3489336063249843
58,MAR,0.3,0.45,0.2921111111111111,0.33555,0.3229847408028729,0.34827789126633324
58,MNAR,0.0,0.0,0.0,0.3192,0.3068035977070917,0.3317752100392973
58,MNAR,0.0,0.15,0.0,0.3233,0.31085962514116033,0.33591512613120683
58,MNAR,0.0,0.3,0.0,0.3237,0.3112553940758189,0.3363189614499823
58,MNAR,0.0,0.45,0.0,0.32315,0.31071121448345784,0.33576368519418903
58,MNAR,0.1,0.0,0.09766666666666667,0.3231,0.3106617445907809,0.33571320455533077
58,MNAR,0.1,0.15,0.09766666666666667,0.3283,0.3158074844588031,0.34096232006829874
58,MNAR,0.1,0.3,0.09766666666666667,0.32625,0.3137786659579477,0.33889316671207453
58,MNAR,0.1,0.45,0.09766666666666667,0.3254,0.31293752836204436,0.33803514525445066
58,MNAR,0.2,0.0,0.19433333333333333,0.3236,0.3111564508633123,0.3362180035990164
58,MNAR,0.2,0.15,0.19433333333333333,0.32685,0.31437243835121914,0.3394988007127762
58,MNAR,0.2,0.3,0.19433333333333333,0.32815,0.3156590251145399,0.34081092781221295
58,MNAR,0.2,0.45,0.19433333333333333,0.327,0.3145208850925077,0.3396502055703995
58,MNAR,0.3,0.0,0.2951111111111111,0.32885,0.3163518478041754,0.3415174125922792
58,MNAR,0.3,0.15,0.2951111111111111,0.32985,0.31734164926348135,0.3425266218101593
58,MNAR,0.3,0.3,0.2951111111111111,0.33095,0.3184305051169964,0.3436366777098722
58,MNAR,0.3,0.45,0.2951111111111111,0.33005,0.3175396172747891,0.34272845593515533
58,Structured,0.0,0.0,0.0,0.3192,0.3068035977070917,0.3317752100392973
58,Structured,0.0,0.15,0.0,0.3233,0.31085962514116033,0.33591512613120683
58,Structured,0.0,0.3,0.0,0.3237,0.3112553940758189,0.3363189614499823
58,Structured,0.0,0.45,0.0,0.32315,0.31071121448345784,0.33576368519418903
58,Structured,0.1,0.0,0.09777777777777778,0.3223,0.3098702485318402,0.33490549211233167
58,Structured,0.1,0.15,0.09777777777777778,0.32715,0.3146693332899524,0.33980160897203326
58,Structured,0.1,0.3,0.09777777777777778,0.32735,0.31486726648412083,0.3400034779102285
58,Structured,0.1,0.45,0.09777777777777778,0.3291,0.31659929213376026,0.3417697209313116
58,Structured,0.2,0.0,0.20177777777777778,0.32915,0.31664878148275777,0.3418201821160919
58,Structured,0.2,0.15,0.20177777777777778,0.3341,0.3215490209156638,0.34681504561561316
58,Structured,0.2,0.3,0.20177777777777778,0.33325,0.32070745422698754,0.345957453202598
58,Structured,0.2,0.45,0.20177777777777778,0.3371,0.32451962340267476,0.34984147529189674
58,Structured,0.3,0.0,0.30666666666666664,0.33445,0.3218955617516131,0.3471681585288741
58,Structured,0.3,0.15,0.30666666666666664,0.33995,0.32734222309786665,0.3527160562078779
58,Structured,0.3,0.3,0.30666666666666664,0.33875,0.32615369765461066,0.351505768755663
58,Structured,0.3,0.45,0.30666666666666664,0.3424,0.3297690766972237,0.3551867789658755
59,MCAR,0.0,0.0,0.0,0.30945,0.2971626413814461,0.3219258134077329
59,MCAR,0.0,0.15,0.0,0.31205,0.2997329411270814,0.32455294103890586
59,MCAR,0.0,0.3,0.0,0.3148,0.302452021483623,0.32733113970156547
59,MCAR,0.0,0.45,0.0,0.31,0.29770632061083224,0.322481589964694
59,MCAR,0.1,0.0,0.10277777777777777,0.3159,0.30353979505394885,0.32844227775667
59,MCAR,0.1,0.15,0.10277777777777777,0.32035,0.30794115254648186,0.33293651739508434
59,MCAR,0.1,0.3,0.10277777777777777,0.3223,0.3098702485318402,0.33490549211233167
59,MCAR,0.1,0.45,0.10277777777777777,0.3178,0.30541886609141694,0.3303613268229464
59,MCAR,0.2,0.0,0.2058888888888889,0.3211,0.3086830830115387,0.33369384488904247
59,MCAR,0.2,0.15,0.2058888888888889,0.3268,0.314322956427803,0.33944833210325964
59,MCAR,0.2,0.3,0.2058888888888889,0.32885,0.3163518478041754,0.3415174125922792
59,MCAR,0.2,0.45,0.2058888888888889,0.32505,0.3125911912243212,0.3376818286658277
59,MCAR,0.3,0.0,0.31033333333333335,0.33235,0.3198164338540427,0.34504936394395325
59,MCAR,0.3,0.15,0.31033333333333335,0.3364,0.32382643176783144,0.3491353594164961
59,MCAR,0.3,0.3,0.31033333333333335,0.3382,0.32560898714236963,0.3509510233606552
59,MCAR,0.3,0.45,0.31033333333333335,0.33345,0.32090546577518475,0.34615924379552254
59,MAR,0.0,0.0,0.0,0.30945,0.2971626413814461,0.3219258134077329
59,MAR,0.0,0.15,0.0,0.31205,0.2997329411270814,0.32455294103890586
59,MAR,0.0,0.3,0.0,0.3148,0.302452021483623,0.32733113970156547
59,MAR,0.0,0.45,0.0,0.31,0.29770632061083224,0.322481589964694
59,MAR,0.1,0.0,0.10144444444444445,0.313,0.3006722025471265,0.3255127396364421
59,MAR,0.1,0.15,0.10144444444444445,0.31745,0.30507270343936244,0.33000783576946596
59,MAR,0.1,0.3,0.10144444444444445,0.32,0.30759493098532764,0.3325830852435503
59,MAR,0.1,0.45,0.10144444444444445,0.316,0.30363868755415274,0.32854328631382096
59,MAR,0.2,0.0,0.1988888888888889,0.31795,0.3055672239961449,0.33051282050660785
59,MAR,0.2,0.15,0.1988888888888889,0.3228,0.3103649286649587,0.3354103172923464
59,MAR,0.2,0.3,0.1988888888888889,0.3235,0.3110575083032626,0.33611704509566936
59,MAR,0.2,0.45,0.1988888888888889,0.319,0.306605770979717,0.3315732346468472
59,MAR,0.3,0.0,0.3018888888888889,0.3248,0.3123438124305175,0.3374294547985224
59,MAR,0.3,0.15,0.3018888888888889,0.32885,0.3163518478041754,0.3415174125922792
59,MAR,0.3,0.3,0.3018888888888889,0.3311,0.31857899147690044,0.3437880429533525
59,MAR,0.3,0.45,0.3018888888888889,0.32485,0.31239328786407033,0.33747992989715636
59,MNAR,0.0,0.0,0.0,0.30945,0.2971626413814461,0.3219258134077329
59,MNAR,0.0,0.15,0.0,0.31205,0.2997329411270814,0.32455294103890586
59,MNAR,0.0,0.3,0.0,0.3148,0.302452021483623,0.32733113970156547
59,MNAR,0.0,0.45,0.0,0.31,0.29770632061083224,0.322481589964694
59,MNAR,0.1,0.0,0.10666666666666667,0.3117,0.29938691271996076,0.32419931575728306
59,MNAR,0.1,0.15,0.10666666666666667,0.3145,0.30215536996072984,0.3270280880556323
59,MNAR,0.1,0.3,0.10666666666666667,0.3174,0.3050232522942112,0.3299573363853365
59,MNAR,0.1,0.45,0.10666666666666667,0.31385,0.3015126456085956,0.3263714555445633
59,MNAR,0.2,0.0,0.20522222222222222,0.3163,0.30393536904346846,0.32884630799706055
59,MNAR,0.2,0.15,0.20522222222222222,0.3202,0.3077927708905119,0.3327850474597839
59,MNAR,0.2,0.3,0.20522222222222222,0.32295,0.3105133358926994,0.33556176165892226
59,MNAR,0.2,0.45,0.20522222222222222,0.3182,0.30581449047850173,0.3307653066719727
59,MNAR,0.3,0.0,0.31277777777777777,0.32,0.30759493098532764,0.3325830852435503
59,MNAR,0.3,0.15,0.31277777777777777,0.3262,0.31372918597825206,0.3388426961590586
59,MNAR,0.3,0.3,0.31277777777777777,0.3274,0.31491675018686505,0.3400539447406214
59,MNAR,0.3,0.45,0.31277777777777777,0.3225,0.3100681186226449,0.3351074241465482
59,Structured,0.0,0.0,0.0,0.30945,0.2971626413814461,0.3219258134077329
59,Structured,0.0,0.15,0.0,0.31205,0.2997329411270814,0.32455294103890586
59,Structured,0.0,0.3,0.0,0.3148,0.302452021483623,0.32733113970156547
59,Structured,0.0,0.45,0.0,0.31,0.29770632061083224,0.322481589964694
59,Structured,0.1,0.0,0.10766666666666666,0.3164,0.3040342642022441,0.32894731389596965
59,Structured,0.1,0.15,0.10766666666666666,0.3195,0.30710034274434517,0.3320781681823802
59,Structured,0.1,0.3,0.10766666666666666,0.32115,0.30873254635619307,0.3337443320751448
59,Structured,0.1,0.45,0.10766666666666666,0.3174,0.3050232522942112,0.3299573363853365
59,Structured,0.2,0.0,0.211,0.3223,0.3098702485318402,0.33490549211233167
59,Structured,0.2,0.15,0.211,0.3269,0.31442192043648837,0.33954926916045897
59,Structured,0.2,0.3,0.211,0.32785,0.31536211078321036,0.34050813894333964
59,Structured,0.2,0.45,0.211,0.32505,0.3125911912243212,0.3376818286658277
59,Structured,0.3,0.0,0.31222222222222223,0.3276,0.3151146866140797,0.3402558104461396
59,Structured,0.3,0.15,0.31222222222222223,0.3346,0.32204408163888487,0.34731949024866554
59,Structured,0.3,0.3,0.31222222222222223,0.3351,0.3225391582620972,0.34782391898344805
59,Structured,0.3,0.45,0.31222222222222223,0.33185,0.31932144490183817,0.34454484754773257
60,MCAR,0.0,0.0,0.0,0.31675,0.3043804024875723,0.3293008293131772
60,MCAR,0.0,0.15,0.0,0.319,0.306605770979717,0.3315732346468472
60,MCAR,0.0,0.3,0.0,0.318,0.30561667696189077,0.3305633180703665
60,MCAR,0.0,0.45,0.0,0.31385,0.3015126456085956,0.3263714555445633
60,MCAR,0.1,0.0,0.09766666666666667,0.32375,0.311304865926694,0.3363694401308725
60,MCAR,0.1,0.15,0.09766666666666667,0.3252,0.3127396204513136,0.3378332510357278
60,MCAR,0.1,0.3,0.09766666666666667,0.3235,0.3110575083032626,0.33611704509566936
60,MCAR,0.1,0.45,0.09766666666666667,0.3219,0.30947451620574834,0.33450162018931257
60,MCAR,0.2,0.0,0.19211111111111112,0.3306,0.3180840425558255,0.3432834865304386
60,MCAR,0.2,0.15,0.19211111111111112,0.33235,0.3198164338540427,0.34504936394395325
60,MCAR,0.2,0.3,0.19211111111111112,0.3326,0.32006393432400243,0.3453016161488649
60,MCAR,0.2,0.45,0.19211111111111112,0.3305,0.317985054696365,0.34318257332131685
60,MCAR,0.3,0.0,0.29144444444444445,0.3371,0.32451962340267476,0.34984147529189674
60,MCAR,0.3,0.15,0.29144444444444445,0.3381,0.3255099509174533,0.35085015851174206
60,MCAR,0.3,0.3,0.29144444444444445,0.33725,0.32466816850108343,0.3499927818032549
60,MCAR,0.3,0.45,0.29144444444444445,0.3354,0.32283621186066536,0.34812656860049973
60,MAR,0.0,0.0,0.0,0.31675,0.3043804024875723,0.3293008293131772
60,MAR,0.0,0.15,0.0,0.319,0.306605770979717,0.3315732346468472
60,MAR,0.0,0.3,0.0,0.318,0.30561667696189077,0.3305633180703665
60,MAR,0.0,0.45,0.0,0.31385,0.3015126456085956,0.3263714555445633
60,MAR,0.1,0.0,0.09522222222222222,0.321,0.30858415681458445,0.3335928700245397
60,MAR,0.1,0.15,0.09522222222222222,0.32185,0.30942505040183166,0.334451135462178
60,MAR,0.1,0.3,0.09522222222222222,0.31965,0.3072487174875559,0.3322296450296075
60,MAR,0.1,0.45,0.09522222222222222,0.3185,0.3061112157120099,0.3310682846163947
60,MAR,0.2,0.0,0.19133333333333333,0.32645,0.3139765874973577,0.33909504730369017
60,MAR,0.2,0.15,0.19133333333333333,0.3286,0.3161044075019812,0.34126510022631174
60,MAR,0.2,0.3,0.19133333333333333,0.32845,0.3159559452547863,0.3411137108728301
60,MAR,0.2,0.45,0.19133333333333333,0.32415,0.3117006466020204,0.3367732637103564
60,MAR,0.3,0.0,0.29088888888888886,0.33235,0.3198164338540427,0.34504936394395325
60,MAR,0.3,0.15,0.29088888888888886,0.3326,0.32006393432400243,0.3453016161488649
60,MAR,0.3,0.3,0.29088888888888886,0.33205,0.31951943856388754,0.3447466560248416
60,MAR,0.3,0.45,0.29088888888888886,0.3308,0.31828202019994334,0.3434853110237026
60,MNAR,0.0,0.0,0.0,0.31675,0.3043804024875723,0.3293008293131772
60,MNAR,0.0,0.15,0.0,0.319,0.306605770979717,0.3315732346468472
60,MNAR,0.0,0.3,0.0,0.318,0.30561667696189077,0.3305633180703665
60,MNAR,0.0,0.45,0.0,0.31385,0.3015126456085956,0.3263714555445633
60,MNAR,0.1,0.0,0.095,0.3204,0.30799061342733125,0.33298700704469797
60,MNAR,0.1,0.15,0.095,0.3214,0.3089798655404435,0.3339967655449826
60,MNAR,0.1,0.3,0.095,0.3202,0.3077927708905119,0.3327850474597839
60,MNAR,0.1,0.45,0.095,0.3178,0.30541886609141694,0.3303613268229464
60,MNAR,0.2,0.0,0.196,0.3228,0.3103649286649587,0.3354103172923464
60,MNAR,0.2,0.15,0.196,0.32615,0.31367970616065793,0.3387922254439605
60,MNAR,0.2,0.3,0.196,0.32525,0.31278909718531367,0.33788372483406354
60,MNAR,0.2,0.45,0.196,0.32035,0.30794115254648186,0.33293651739508434
60,MNAR,0.3,0.0,0.291,0.32635,0.3138776264035645,0.3389941073319325
60,MNAR,0.3,0.15,0.291,0.32695,0.3144714026835909,0.3395997374463271
60,MNAR,0.3,0.3,0.291,0.32695,0.3144714026835909,0.3395997374463271
60,MNAR,0.3,0.45,0.291,0.3246,0.31214591232294264,0.3372275527775519
60,Structured,0.0,0.0,0.0,0.31675,0.3043804024875723,0.3293008293131772
60,Structured,0.0,0.15,0.0,0.319,0.306605770979717,0.3315732346468472
60,Structured,0.0,0.3,0.0,0.318,0.30561667696189077,0.3305633180703665
60,Structured,0.0,0.45,0.0,0.31385,0.3015126456085956,0.3263714555445633
60,Structured,0.1,0.0,0.09344444444444444,0.32245,0.31001865085456853,0.3350569413833393
60,Structured,0.1,0.15,0.09344444444444444,0.3251,0.3126406674707984,0.33773230295162904
60,Structured,0.1,0.3,0.09344444444444444,0.32345,0.31100803726795706,0.3360665655993038
60,Structured,0.1,0.45,0.09344444444444444,0.3218,0.3093755847617249,0.3344006505712535
60,Structured,0.2,0.0,0.19155555555555556,0.3273,0.3148177829430392,0.33995301091819224
60,Structured,0.2,0.15,0.19155555555555556,0.3305,0.317985054696365,0.34318257332131685
60,Structured,0.2,0.3,0.19155555555555556,0.33005,0.3175396172747891,0.34272845593515533
60,Structured,0.2,0.45,0.19155555555555556,0.33015,0.3176386022444089,0.34282937203379654
60,Structured,0.3,0.0,0.2912222222222222,0.33405,0.3214995157185243,0.3467646002772208
60,Structured,0.3,0.15,0.2912222222222222,0.3352,0.32263817549318285,0.34792480282416804
60,Structured,0.3,0.3,0.2912222222222222,0.33505,0.3224896498847806,0.34777347682488796
60,Structured,0.3,0.45,0.2912222222222222,0.3364,0.32382643176783144,0.3491353594164961
61,MCAR,0.0,0.0,0.0,0.3115,0.29918918589906107,0.3239972404708032
61,MCAR,0.0,0.15,0.0,0.31495,0.30260034949630354,0.3274826632735786
61,MCAR,0.0,0.3,0.0,0.31515,0.3027981225131914,0.32768469236990866
61,MCAR,0.0,0.45,0.0,0.3114,0.2990903234975816,0.32389620181871903
61,MCAR,0.1,0.0,0.10177777777777777,0.3177,0.3053199616488964,0.33026033020664075
61,MCAR,0.1,0.15,0.10177777777777777,0.32025,0.30784223127805177,0.33283553760264833
61,MCAR,0.1,0.3,0.10177777777777777,0.3226,0.3101670546494279,0.33520838918239104
61,MCAR,0.1,0.45,0.10177777777777777,0.3184,0.3060123066399159,0.3309672926290978
61,MCAR,0.2,0.0,0.1988888888888889,0.32575,0.3132838734578776,0.3383884538858833
61,MCAR,0.2,0.15,0.1988888888888889,0.3254,0.31293752836204436,0.33803514525445066
61,MCAR,0.2,0.3,0.1988888888888889,0.32765,0.3151641711248472,0.34030627646860007
61,MCAR,0.2,0.45,0.1988888888888889,0.32455,0.3120964377028049,0.3371770768656013
61,MCAR,0.3,0.0,0.293,0.33305,0.3205094452304919,0.34575566005824937
61,MCAR,0.3,0.15,0.293,0.33325,0.32070745422698754,0.345957453202598
61,MCAR,0.3,0.3,0.293,0.3341,0.3215490209156638,0.34681504561561316
61,MCAR,0.3,0.45,0.293,0.33165,0.3191234537995889,0.3443430365111074
61,MAR,0.0,0.0,0.0,0.3115,0.29918918589906107,0.3239972404708032
61,MAR,0.0,0.15,0.0,0.31495,0.30260034949630354,0.3274826632735786
61,MAR,0.0,0.3,0.0,0.31515,0.3027981225131914,0.32768469236990866
61,MAR,0.0,0.45,0.0,0.3114,0.2990903234975816,0.32389620181871903
61,MAR,0.1,0.0,0.10366666666666667,0.3162,0.3038364745490822,0.3287453014338459
61,MAR,0.1,0.15,0.10366666666666667,0.3187,0.3063090358381418,0.3312702666092851
61,MAR,0.1,0.3,0.10366666666666667,0.31955,0.3071498008273459,0.33212866062950525
61,MAR,0.1,0.45,0.10366666666666667,0.31655,0.3041826081857639,0.32909882149912706
61,MAR,0.2,0.0,0.1978888888888889,0.32475,0.3122943371596104,0.3373789795372659
61,MAR,0.2,0.15,0.1978888888888889,0.3236,0.3111564508633123,0.3362180035990164
61,MAR,0.2,0.3,0.1978888888888889,0.3241,0.3116511734472572,0.3367227863332031
61,MAR,0.2,0.45,0.1978888888888889,0.31935,0.3069519694840064,0.331926689852461
61,MAR,0.3,0.0,0.29433333333333334,0.33185,0.31932144490183817,0.34454484754773257
61,MAR,0.3,0.15,0.29433333333333334,0.33015,0.3176386022444089,0.34282937203379654
61,MAR,0.3,0.3,0.29433333333333334,0.32975,0.3172426662220885,0.3424257037835081
61,MAR,0.3,0.45,0.29433333333333334,0.3262,0.31372918597825206,0.3388426961590586
61,MNAR,0.0,0.0,0.0,0.3115,0.29918918589906107,0.3239972404708032
61,MNAR,0.0,0.15,0.0,0.31495,0.30260034949630354,0.3274826632735786
61,MNAR,0.0,0.3,0.0,0.31515,0.3027981225131914,0.32768469236990866
61,MNAR,0.0,0.45,0.0,0.3114,0.2990903234975816,0.32389620181871903
61,MNAR,0.1,0.0,0.10211111111111111,0.316,0.30363868755415274,0.32854328631382096
61,MNAR,0.1,0.15,0.10211111111111111,0.31855,0.30616067049583096,0.3311187803623001
61,MNAR,0.1,0.3,0.10211111111111111,0.3196,0.3071992590750897,0.3321791529119073
61,MNAR,0.1,0.45,0.10211111111111111,0.3141,0.30175984394215943,0.3266240098502745
61,MNAR,0.2,0.0,0.1978888888888889,0.3194,0.3070014270726545,0.33197718279387894
61,MNAR,0.2,0.15,0.1978888888888889,0.3205,0.308089535682197,0.33308798585081767
61,MNAR,0.2,0.3,0.1978888888888889,0.323,0.3105628052953818,0.3356122427877165
61,MNAR,0.2,0.45,0.1978888888888889,0.31875,0.30635849128245896,0.3313207616947738
61,MNAR,0.3,0.0,0.3011111111111111,0.3232,0.3107606845394268,0.3358141656697754
61,MNAR,0.3,0.15,0.3011111111111111,0.32445,0.31199748895077084,0.33707612455351393
61,MNAR,0.3,0.3,0.3011111111111111,0.3264,0.3139271068694487,0.3390445773988144
61,MNAR,0.3,0.45,0.3011111111111111,0.325,0.31254171514039103,0.33763135421750073
61,Structured,0.0,0.0,0.0,0.3115,0.29918918589906107,0.3239972404708032
61,Structured,0.0,0.15,0.0,0.31495,0.30260034949630354,0.3274826632735786
61,Structured,0.0,0.3,0.0,0.31515,0.3027981225131914,0.32768469236990866
61,Structured,0.0,0.45,0.0,0.3114,0.2990903234975816,0.32389620181871903
61,Structured,0.1,0.0,0.09544444444444444,0.31735,0.3049738013146939,0.3299068368355924
61,Structured,0.1,0.15,0.09544444444444444,0.3201,0.3076938506088838,0.3326840666806638
61,Structured,0.1,0.3,0.09544444444444444,0.3214,0.3089798655404435,0.3339967655449826
61,Structured,0.1,0.45,0.09544444444444444,0.31745,0.30507270343936244,0.33000783576946596
61,Structured,0.2,0.0,0.19033333333333333,0.32445,0.31199748895077084,0.33707612455351393
61,Structured,0.2,0.15,0.19033333333333333,0.3266,0.31412503035304107,0.33924645604647263
61,Structured,0.2,0.3,0.19033333333333333,0.32655,0.314075549239173,0.3391959866275007
61,Structured,0.2,0.45,0.19033333333333333,0.3217,0.309276653973022,0.33429968029794954
61,Structured,0.3,0.0,0.2936666666666667,0.3304,0.3178860674788329,0.3430816594703374
61,Structured,0.3,0.15,0.2936666666666667,0.3323,0.3197669342393961,0.34499891302367736
61,Structured,0.3,0.3,0.2936666666666667,0.3328,0.3202619375749582,0.3455034150381229
61,Structured,0.3,0.45,0.2936666666666667,0.32965,0.3171436838237346,0.3423247851138899
62,MCAR,0.0,0.0,0.0,0.3065,0.294246893630406,0.31894448016858673
62,MCAR,0.0,0.15,0.0,0.3093,0.2970143687777056,0.3217742344338381
62,MCAR,0.0,0.3,0.0,0.31175,0.29943634484546244,0.324249834158681
62,MCAR,0.0,0.45,0.0,0.3086,0.2963224501005237,0.32106684575134437
62,MCAR,0.1,0.0,0.09722222222222222,0.31395,0.3016115244407332,0.3264724777680732
62,MCAR,0.1,0.15,0.09722222222222222,0.3166,0.3042320565122818,0.3291493237015445
62,MCAR,0.1,0.3,0.09722222222222222,0.3201,0.3076938506088838,0.3326840666806638
62,MCAR,0.1,0.45,0.09722222222222222,0.3162,0.3038364745490822,0.3287453014338459
62,MCAR,0.2,0.0,0.19544444444444445,0.3213,0.3088809373746293,0.33389579264910246
62,MCAR,0.2,0.15,0.19544444444444445,0.3237,0.3112553940758189,0.3363189614499823
62,MCAR,0.2,0.3,0.19544444444444445,0.3264,0.3139271068694487,0.3390445773988144
62,MCAR,0.2,0.45,0.19544444444444445,0.32265,0.3102165229080941,0.33525887145506794
62,MCAR,0.3,0.0,0.2971111111111111,0.32955,0.31704470206856833,0.3422238658011565
62,MCAR,0.3,0.15,0.2971111111111111,0.33165,0.3191234537995889,0.3443430365111074
62,MCAR,0.3,0.3,0.2971111111111111,0.33375,0.3212024878794126,0.34646192490350136
62,MCAR,0.3,0.45,0.2971111111111111,0.33075,0.3182325255483091,0.3434348551409648
62,MAR,0.0,0.0,0.0,0.3065,0.294246893630406,0.31894448016858673
62,MAR,0.0,0.15,0.0,0.3093,0.2970143687777056,0.3217742344338381
62,MAR,0.0,0.3,0.0,0.31175,0.29943634484546244,0.324249834158681
62,MAR,0.0,0.45,0.0,0.3086,0.2963224501005237,0.32106684575134437
62,MAR,0.1,0.0,0.10144444444444445,0.3132,0.3008699495042474,0.325714794789262
62,MAR,0.1,0.15,0.10144444444444445,0.31535,0.302995898195465,0.32788671880118536
62,MAR,0.1,0.3,0.10144444444444445,0.3178,0.30541886609141694,0.3303613268229464
62,MAR,0.1,0.45,0.10144444444444445,0.3139,0.3015620849411012,0.32642196673987056
62,MAR,0.2,0.0,0.2001111111111111,0.3199,0.307496012020006,0.3324821031482824
62,MAR,0.2,0.15,0.2001111111111111,0.3212,0.30878200986494075,0.33379481909717723
62,MAR,0.2,0.3,0.2001111111111111,0.3237,0.3112553940758189,0.3363189614499823
62,MAR,0.2,0.45,0.2001111111111111,0.3189,0.30650685860576193,0.33147224596100905
62,MAR,0.3,0.0,0.30377777777777776,0.3266,0.31412503035304107,0.33924645604647263
62,MAR,0.3,0.15,0.30377777777777776,0.3283,0.3158074844588031,0.34096232006829874
62,MAR,0.3,0.3,0.30377777777777776,0.3299,0.31739114102527166,0.3425770805824189
62,MAR,0.3,0.45,0.30377777777777776,0.32585,0.3133828306603088,0.33848939774855347
62,MNAR,0.0,0.0,0.0,0.3065,0.294246893630406,0.31894448016858673
62,MNAR,0.0,0.15,0.0,0.3093,0.2970143687777056,0.3217742344338381
62,MNAR,0.0,0.3,0.0,0.31175,0.29943634484546244,0.324249834158681
62,MNAR,0.0,0.45,0.0,0.3086,0.2963224501005237,0.32106684575134437
62,MNAR,0.1,0.0,0.09844444444444445,0.3102,0.2979040272157718,0.32268368546453674
62,MNAR,0.1,0.15,0.09844444444444445,0.3125,0.3001778468835417,0.32500759002665697
62,MNAR,0.1,0.3,0.09844444444444445,0.31515,0.3027981225131914,0.32768469236990866
62,MNAR,0.1,0.45,0.09844444444444445,0.31025,0.2979534542889552,0.32273420891760285
62,MNAR,0.2,0.0,0.198,0.31245,0.3001284122393659,0.32495707414361213
62,MNAR,0.2,0.15,0.198,0.3152,0.30284756618393316,0.32773519922752237
62,MNAR,0.2,0.3,0.198,0.3167,0.30433095366320745,0.3292503276085467
62,MNAR,0.2,0.45,0.198,0.31345,0.30111713696764125,0.3259673599637732
62,MNAR,0.3,0.0,0.3021111111111111,0.31445,0.30210592862415286,0.3269775788641456
62,MNAR,0.3,0.15,0.3021111111111111,0.31965,0.3072487174875559,0.3322296450296075
62,MNAR,0.3,0.3,0.3021111111111111,0.3202,0.3077927708905119,0.3327850474597839
62,MNAR,0.3,0.45,0.3021111111111111,0.31635,0.30398481653981796,0.3288968110295432
62,Structured,0.0,0.0,0.0,0.3065,0.294246893630406,0.31894448016858673
62,Structured,0.0,0.15,0.0,0.3093,0.2970143687777056,0.3217742344338381
62,Structured,0.0,0.3,0.0,0.31175,0.29943634484546244,0.324249834158681
62,Structured,0.0,0.45,0.0,0.3086,0.2963224501005237,0.32106684575134437
62,Structured,0.1,0.0,0.10177777777777777,0.3134,0.3010676991402349,0.3259168472635564
62,Structured,0.1,0.15,0.10177777777777777,0.3164,0.3040342642022441,0.32894731389596965
62,Structured,0.1,0.3,0.10177777777777777,0.31925,0.30685305480120445,0.3318257034751922
62,Structured,0.1,0.45,0.10177777777777777,0.317,0.30462764909758594,0.3295533353484476
62,Structured,0.2,0.0,0.19844444444444445,0.31985,0.3074465527842355,0.33243161185378867
62,Structured,0.2,0.15,0.19844444444444445,0.32395,0.3115027549605471,0.33657135322427195
62,Structured,0.2,0.3,0.19844444444444445,0.3269,0.31442192043648837,0.33954926916045897
62,Structured,0.2,0.45,0.19844444444444445,0.3234,0.3109585663958255,0.3360160859397857
62,Structured,0.3,0.0,0.3018888888888889,0.32775,0.31526314063100913,0.3404072080289534
62,Structured,0.3,0.15,0.3018888888888889,0.3323,0.3197669342393961,0.34499891302367736
62,Structured,0.3,0.3,0.3018888888888889,0.33245,0.3199154335627354,0.3451502653051567
62,Structured,0.3,0.45,0.3018888888888889,0.331,0.3184800004100062,0.3436871329513058
63,MCAR,0.0,0.0,0.0,0.30965,0.2973603405536568,0.32212791633934146
63,MCAR,0.0,0.15,0.0,0.3155,0.3031442317055052,0.3280382368765244
63,MCAR,0.0,0.3,0.0,0.3149,0.3025509066587089,0.32743215558292094
63,MCAR,0.0,0.45,0.0,0.3114,0.2990903234975816,0.32389620181871903
63,MCAR,0.1,0.0,0.097,0.3173,0.30492435050083094,0.3298563371202153
63,MCAR,0.1,0.15,0.097,0.3232,0.3107606845394268,0.3358141656697754
63,MCAR,0.1,0.3,0.097,0.3235,0.3110575083032626,0.33611704509566936
63,MCAR,0.1,0.45,0.097,0.3171,0.3047265489023504,0.32965433660193794
63,MCAR,0.2,0.0,0.19244444444444445,0.32245,0.31001865085456853,0.3350569413833393
63,MCAR,0.2,0.15,0.19244444444444445,0.3279,0.31541159610152775,0.34055860415834194
63,MCAR,0.2,0.3,0.19244444444444445,0.32635,0.3138776264035645,0.3389941073319325
63,MCAR,0.2,0.45,0.19244444444444445,0.32335,0.31090909568688696,0.3359656061170938
63,MCAR,0.3,0.0,0.29688888888888887,0.32995,0.3174406329477638,0.3426275391939923
63,MCAR,0.3,0.15,0.29688888888888887,0.3332,0.32065795173859607,0.3459070051557518
63,MCAR,0.3,0.3,0.29688888888888887,0.3321,0.3195689373792323,0.3447971077443297
63,MCAR,0.3,0.45,0.29688888888888887,0.33115,0.31862848725074827,0.343838497714001
63,MAR,0.0,0.0,0.0,0.30965,0.2973603405536568,0.32212791633934146
63,MAR,0.0,0.15,0.0,0.3155,0.3031442317055052,0.3280382368765244
63,MAR,0.0,0.3,0.0,0.3149,0.3025509066587089,0.32743215558292094
63,MAR,0.0,0.45,0.0,0.3114,0.2990903234975816,0.32389620181871903
63,MAR,0.1,0.0,0.093,0.31325,0.3009193866621551,0.3257653081588936
63,MAR,0.1,0.15,0.093,0.32075,0.3083368441952209,0.3333404299906028
63,MAR,0.1,0.3,0.093,0.3213,0.3088809373746293,0.33389579264910246
63,MAR,0.1,0.45,0.093,0.3146,0.30225425313446236,0.3271291059380931
63,MAR,0.2,0.0,0.18822222222222224,0.3195,0.30710034274434517,0.3320781681823802
63,MAR,0.2,0.15,0.18822222222222224,0.32255,0.31011758655427196,0.33515790674622464
63,MAR,0.2,0.3,0.18822222222222224,0.32295,0.3105133358926994,0.33556176165892226
63,MAR,0.2,0.45,0.18822222222222224,0.3192,0.3068035977070917,0.3317752100392973
63,MAR,0.3,0.0,0.2897777777777778,0.32655,0.314075549239173,0.3391959866275007
63,MAR,0.3,0.15,0.2897777777777778,0.3286,0.3161044075019812,0.34126510022631174
63,MAR,0.3,0.3,0.2897777777777778,0.3272,0.3147188163459344,0.3398520764491144
63,MAR,0.3,0.45,0.2897777777777778,0.32415,0.3117006466020204,0.3367732637103564
63,MNAR,0.0,0.0,0.0,0.30965,0.2973603405536568,0.32212791633934146
63,MNAR,0.0,0.15,0.0,0.3155,0.3031442317055052,0.3280382368765244
63,MNAR,0.0,0.3,0.0,0.3149,0.3025509066587089,0.32743215558292094
63,MNAR,0.0,0.45,0.0,0.3114,0.2990903234975816,0.32389620181871903
63,MNAR,0.1,0.0,0.09866666666666667,0.31405,0.30171040394128285,0.32657349932325425
63,MNAR,0.1,0.15,0.09866666666666667,0.3195,0.30710034274434517,0.3320781681823802
63,MNAR,0.1,0.3,0.09866666666666667,0.31915,0.30675414077786645,0.3317247164385363
63,MNAR,0.1,0.45,0.09866666666666667,0.31355,0.30121601312439217,0.3260683848623312
63,MNAR,0.2,0.0,0.19766666666666666,0.3171,0.3047265489023504,0.32965433660193794
63,MNAR,0.2,0.15,0.19766666666666666,0.3226,0.3101670546494279,0.33520838918239104
63,MNAR,0.2,0.3,0.19766666666666666,0.3219,0.30947451620574834,0.33450162018931257
63,MNAR,0.2,0.45,0.19766666666666666,0.3158,0.303440903218812,0.3283412685345354
63,MNAR,0.3,0.0,0.2952222222222222,0.31975,0.30734763480657373,0.3323306287709807
63,MNAR,0.3,0.15,0.2952222222222222,0.32385,0.3114038101175886,0.33647039700356596
63,MNAR,0.3,0.3,0.2952222222222222,0.3216,0.3091777238398001,0.33419870936924484
63,MNAR,0.3,0.45,0.2952222222222222,0.3193,0.30690251206018265,0.33187619674624014
63,Structured,0.0,0.0,0.0,0.30965,0.2973603405536568,0.32212791633934146
63,Structured,0.0,0.15,0.0,0.3155,0.3031442317055052,0.3280382368765244
63,Structured,0.0,0.3,0.0,0.3149,0.3025509066587089,0.32743215558292094
63,Structured,0.0,0.45,0.0,0.3114,0.2990903234975816,0.32389620181871903
63,Structured,0.1,0.0,0.09822222222222222,0.31735,0.3049738013146939,0.3299068368355924
63,Structured,0.1,0.15,0.09822222222222222,0.3225,0.3100681186226449,0.3351074241465482
63,Structured,0.1,0.3,0.09822222222222222,0.32295,0.3105133358926994,0.33556176165892226
63,Structured,0.1,0.45,0.09822222222222222,0.31865,0.3062595805589168,0.3312197713587241
63,Structured,0.2,0.0,0.2031111111111111,0.3252,0.3127396204513136,0.3378332510357278
63,Structured,0.2,0.15,0.2031111111111111,0.3292,0.3166982709927386,0.3418706431399064
63,Structured,0.2,0.3,0.2031111111111111,0.33085,0.3183315150119477,0.343535766746089
63,Structured,0.2,0.45,0.2031111111111111,0.32645,0.3139765874973577,0.33909504730369017
63,Structured,0.3,0.0,0.31077777777777776,0.3334,0.32085596264897615,0.3461087963864251
63,Structured,0.3,0.15,0.31077777777777776,0.3381,0.3255099509174533,0.35085015851174206
63,Structured,0.3,0.3,0.31077777777777776,0.33835,0.32575754266279916,0.3511023194510945
63,Structured,0.3,0.45,0.31077777777777776,0.3341,0.3215490209156638,0.34681504561561316
64,MCAR,0.0,0.0,0.0,0.31335,0.30101826148017136,0.3258663343960179
64,MCAR,0.0,0.15,0.0,0.31795,0.3055672239961449,0.33051282050660785
64,MCAR,0.0,0.3,0.0,0.31475,0.3024025791461739,0.3272806315108248
64,MCAR,0.0,0.45,0.0,0.3139,0.3015620849411012,0.32642196673987056
64,MCAR,0.1,0.0,0.09777777777777778,0.3216,0.3091777238398001,0.33419870936924484
64,MCAR,0.1,0.15,0.09777777777777778,0.3241,0.3116511734472572,0.3367227863332031
64,MCAR,0.1,0.3,0.09777777777777778,0.3219,0.30947451620574834,0.33450162018931257
64,MCAR,0.1,0.45,0.09777777777777778,0.31915,0.30675414077786645,0.3317247164385363
64,MCAR,0.2,0.0,0.19733333333333333,0.32825,0.31575799784938813,0.340911856144246
64,MCAR,0.2,0.15,0.19733333333333333,0.33275,0.32021243652270914,0.3454529655552921
64,MCAR,0.2,0.3,0.19733333333333333,0.3309,0.3183810099843053,0.3435862223081383
64,MCAR,0.2,0.45,0.19733333333333333,0.3296,0.31709419286574375,0.3422743255379227
64,MCAR,0.3,0.0,0.29744444444444446,0.33285,0.32031143878685053,0.34555386436132773
64,MCAR,0.3,0.15,0.29744444444444446,0.3383,0.3257080239982715,0.35105188757864925
64,MCAR,0.3,0.3,0.29744444444444446,0.3387,0.3261041777289999,0.35145533814416746
64,MCAR,0.3,0.45,0.29744444444444446,0.33555,0.3229847408028729,0.34827789126633324
64,MAR,0.0,0.0,0.0,0.31335,0.30101826148017136,0.3258663343960179
64,MAR,0.0,0.15,0.0,0.31795,0.3055672239961449,0.33051282050660785
64,MAR,0.0,0.3,0.0,0.31475,0.3024025791461739,0.3272806315108248
64,MAR,0.0,0.45,0.0,0.3139,0.3015620849411012,0.32642196673987056
64,MAR,0.1,0.0,0.09833333333333333,0.31915,0.30675414077786645,0.3317247164385363
64,MAR,0.1,0.15,0.09833333333333333,0.32145,0.30902932986934606,0.33404725174695443
64,MAR,0.1,0.3,0.09833333333333333,0.32055,0.3081389970561719,0.33313847500736427
64,MAR,0.1,0.45,0.09833333333333333,0.31675,0.3043804024875723,0.3293008293131772
64,MAR,0.2,0.0,0.2021111111111111,0.32235,0.309919715809147,0.3349559753662518
64,MAR,0.2,0.15,0.2021111111111111,0.32695,0.3144714026835909,0.3395997374463271
64,MAR,0.2,0.3,0.2021111111111111,0.3261,0.31363022650518607,0.3387417545667603
64,MAR,0.2,0.45,0.2021111111111111,0.3228,0.3103649286649587,0.3354103172923464
64,MAR,0.3,0.0,0.29844444444444446,0.3278,0.31531262562636336,0.3404576735668829
64,MAR,0.3,0.15,0.29844444444444446,0.33155,0.3190244592087537,0.34424213003261067
64,MAR,0.3,0.3,0.29844444444444446,0.3316,0.319073956424132,0.3442925833518906
64,MAR,0.3,0.45,0.29844444444444446,0.32695,0.3144714026835909,0.3395997374463271
64,MNAR,0.0,0.0,0.0,0.31335,0.30101826148017136,0.3258663343960179
64,MNAR,0.0,0.15,0.0,0.31795,0.3055672239961449,0.33051282050660785
64,MNAR,0.0,0.3,0.0,0.31475,0.3024025791461739,0.3272806315108248
64,MNAR,0.0,0.45,0.0,0.3139,0.3015620849411012,0.32642196673987056
64,MNAR,0.1,0.0,0.09833333333333333,0.31765,0.30527050967588826,0.33020983165026585
64,MNAR,0.1,0.15,0.09833333333333333,0.32065,0.308237920297108,0.33323945282753253
64,MNAR,0.1,0.3,0.09833333333333333,0.31935,0.3069519694840064,0.331926689852461
64,MNAR,0.1,0.45,0.09833333333333333,0.3158,0.303440903218812,0.3283412685345354
64,MNAR,0.2,0.0,0.1981111111111111,0.3195,0.30710034274434517,0.3320781681823802
64,MNAR,0.2,0.15,0.1981111111111111,0.32565,0.31318491690454625,0.3382875093741882
64,MNAR,0.2,0.3,0.1981111111111111,0.32435,0.31189854084985774,0.33697517159038165
64,MNAR,0.2,0.45,0.1981111111111111,0.32045,0.3080400744725764,0.33303749652993564
64,MNAR,0.3,0.0,0.2986666666666667,0.3233,0.31085962514116033,0.33591512613120683
64,MNAR,0.3,0.15,0.2986666666666667,0.329,0.31650031391878986,0.3416687980787809
64,MNAR,0.3,0.3,0.2986666666666667,0.3285,0.31600543250929736,0.34116417415185946
64,MNAR,0.3,0.45,0.2986666666666667,0.3259,0.3134323095048887,0.33853986943655356
64,Structured,0.0,0.0,0.0,0.31335,0.30101826148017136,0.3258663343960179
64,Structured,0.0,0.15,0.0,0.31795,0.3055672239961449,0.33051282050660785
64,Structured,0.0,0.3,0.0,0.31475,0.3024025791461739,0.3272806315108248
64,Structured,0.0,0.45,0.0,0.3139,0.3015620849411012,0.32642196673987056
64,Structured,0.1,0.0,0.09877777777777778,0.3187,0.3063090358381418,0.3312702666092851
64,Structured,0.1,0.15,0.09877777777777778,0.3241,0.3116511734472572,0.3367227863332031
64,Structured,0.1,0.3,0.09877777777777778,0.3229,0.3104638666533882,0.3355112803667754
64,Structured,0.1,0.45,0.09877777777777778,0.3193,0.30690251206018265,0.33187619674624014
64,Structured,0.2,0.0,0.20366666666666666,0.3237,0.3112553940758189,0.3363189614499823
64,Structured,0.2,0.15,0.20366666666666666,0.3294,0.316896230642122,0.34207248562588954
64,Structured,0.2,0.3,0.20366666666666666,0.32945,0.31694572095673856,0.34212294584515895
64,Structured,0.2,0.45,0.20366666666666666,0.32555,0.3130859610004692,0.3381865642133123
64,Structured,0.3,0.0,0.29933333333333334,0.3281,0.31560953898914385,0.3407604634041946
64,Structured,0.3,0.15,0.29933333333333334,0.3326,0.32006393432400243,0.3453016161488649
64,Structured,0.3,0.3,0.29933333333333334,0.3326,0.32006393432400243,0.3453016161488649
64,Structured,0.3,0.45,0.29933333333333334,0.3281,0.31560953898914385,0.3407604634041946
65,MCAR,0.0,0.0,0.0,0.312,0.2996835079935154,0.3245024236454442
65,MCAR,0.0,0.15,0.0,0.3155,0.3031442317055052,0.3280382368765244
65,MCAR,0.0,0.3,0.0,0.3161,0.3037375807192537,0.3286442942061563
65,MCAR,0.0,0.45,0.0,0.31205,0.2997329411270814,0.32455294103890586
65,MCAR,0.1,0.0,0.098,0.31715,0.30477599905338393,0.32970483698006453
65,MCAR,0.1,0.15,0.098,0.32105,0.30863361983099474,0.33364335753884694
65,MCAR,0.1,0.3,0.098,0.32275,0.31031545991588017,0.3353598355100246
65,MCAR,0.1,0.45,0.098,0.32075,0.3083368441952209,0.3333404299906028
65,MCAR,0.2,0.0,0.20022222222222222,0.323,0.3105628052953818,0.3356122427877165
65,MCAR,0.2,0.15,0.20022222222222222,0.3271,0.3146198503957075,0.33975114133323275
65,MCAR,0.2,0.3,0.20022222222222222,0.32775,0.31526314063100913,0.3404072080289534
65,MCAR,0.2,0.45,0.20022222222222222,0.3262,0.31372918597825206,0.3388426961590586
65,MCAR,0.3,0.0,0.30144444444444446,0.3303,0.317787080903377,0.34298074497735426
65,MCAR,0.3,0.15,0.30144444444444446,0.3352,0.32263817549318285,0.34792480282416804
65,MCAR,0.3,0.3,0.30144444444444446,0.3356,0.3230342507676285,0.3483283318376246
65,MCAR,0.3,0.45,0.30144444444444446,0.33205,0.31951943856388754,0.3447466560248416
65,MAR,0.0,0.0,0.0,0.312,0.2996835079935154,0.3245024236454442
65,MAR,0.0,0.15,0.0,0.3155,0.3031442317055052,0.3280382368765244
65,MAR,0.0,0.3,0.0,0.3161,0.3037375807192537,0.3286442942061563
65,MAR,0.0,0.45,0.0,0.31205,0.2997329411270814,0.32455294103890586
65,MAR,0.1,0.0,0.10333333333333333,0.3152,0.30284756618393316,0.32773519922752237
65,MAR,0.1,0.15,0.10333333333333333,0.32,0.30759493098532764,0.3325830852435503
65,MAR,0.1,0.3,0.10333333333333333,0.32065,0.308237920297108,0.33323945282753253
65,MAR,0.1,0.45,0.10333333333333333,0.3173,0.30492435050083094,0.3298563371202153
65,MAR,0.2,0.0,0.20555555555555555,0.32005,0.3076443907148365,0.3326335760443668
65,MAR,0.2,0.15,0.20555555555555555,0.32425,0.311799593400222,0.336874217976048
65,MAR,0.2,0.3,0.20555555555555555,0.32465,0.31219538710580347,0.3372780285267999
65,MAR,0.2,0.45,0.20555555555555555,0.32285,0.310414397577468,0.33546079891125663
65,MAR,0.3,0.0,0.30077777777777776,0.32745,0.314966234051252,0.3401044114093908
65,MAR,0.3,0.15,0.30077777777777776,0.3318,0.31927194688624977,0.3444943950285771
65,MAR,0.3,0.3,0.30077777777777776,0.3309,0.3183810099843053,0.3435862223081383
65,MAR,0.3,0.45,0.30077777777777776,0.3271,0.3146198503957075,0.33975114133323275
65,MNAR,0.0,0.0,0.0,0.312,0.2996835079935154,0.3245024236454442
65,MNAR,0.0,0.15,0.0,0.3155,0.3031442317055052,0.3280382368765244
65,MNAR,0.0,0.3,0.0,0.3161,0.3037375807192537,0.3286442942061563
65,MNAR,0.0,0.45,0.0,0.31205,0.2997329411270814,0.32455294103890586
65,MNAR,0.1,0.0,0.09688888888888889,0.31355,0.30121601312439217,0.3260683848623312
65,MNAR,0.1,0.15,0.09688888888888889,0.31895,0.3065563147102445,0.33152274038641333
65,MNAR,0.1,0.3,0.09688888888888889,0.31805,0.30566613009301946,0.3306138154687596
65,MNAR,0.1,0.45,0.09688888888888889,0.3139,0.3015620849411012,0.32642196673987056
65,MNAR,0.2,0.0,0.19666666666666666,0.3185,0.3061112157120099,0.3310682846163947
65,MNAR,0.2,0.15,0.19666666666666666,0.3235,0.3110575083032626,0.33611704509566936
65,MNAR,0.2,0.3,0.19666666666666666,0.32235,0.309919715809147,0.3349559753662518
65,MNAR,0.2,0.45,0.19666666666666666,0.3198,0.3073970937130843,0.33238112039469464
65,MNAR,0.3,0.0,0.2961111111111111,0.32415,0.3117006466020204,0.3367732637103564
65,MNAR,0.3,0.15,0.2961111111111111,0.32835,0.3158569712295204,0.3410127838310685
65,MNAR,0.3,0.3,0.2961111111111111,0.327,0.3145208850925077,0.3396502055703995
65,MNAR,0.3,0.45,0.2961111111111111,0.3227,0.31026599133025223,0.3353093535642708
65,Structured,0.0,0.0,0.0,0.312,0.2996835079935154,0.3245024236454442
65,Structured,0.0,0.15,0.0,0.3155,0.3031442317055052,0.3280382368765244
65,Structured,0.0,0.3,0.0,0.3161,0.3037375807192537,0.3286442942061563
65,Structured,0.0,0.45,0.0,0.31205,0.2997329411270814,0.32455294103890586
65,Structured,0.1,0.0,0.09144444444444444,0.3174,0.3050232522942112,0.3299573363853365
65,Structured,0.1,0.15,0.09144444444444444,0.32195,0.30952398217345584,0.33455210475267594
65,Structured,0.1,0.3,0.09144444444444444,0.3219,0.30947451620574834,0.33450162018931257
65,Structured,0.1,0.45,0.09144444444444444,0.3182,0.30581449047850173,0.3307653066719727
65,Structured,0.2,0.0,0.19655555555555557,0.3232,0.3107606845394268,0.3358141656697754
65,Structured,0.2,0.15,0.19655555555555557,0.3275,0.31501571807726264,0.34015487791655336
65,Structured,0.2,0.3,0.19655555555555557,0.32755,0.3150652022648783,0.34020534426212945
65,Structured,0.2,0.45,0.19655555555555557,0.3237,0.3112553940758189,0.3363189614499823
65,Structured,0.3,0.0,0.29877777777777775,0.32895,0.31645082505285427,0.3416183364109931
65,Structured,0.3,0.15,0.29877777777777775,0.33415,0.3215985262719806,0.34686549079484585
65,Structured,0.3,0.3,0.29877777777777775,0.33425,0.32169753746207475,0.34696638067590146
65,Structured,0.3,0.45,0.29877777777777775,0.32905,0.31654980294576396,0.3417192595855475
66,MCAR,0.0,0.0,0.0,0.30865,0.29637187176229446,0.3211173746151234
66,MCAR,0.0,0.15,0.0,0.30975,0.2974591911538805,0.3222289667911593
66,MCAR,0.0,0.3,0.0,0.31165,0.2993374807625473,0.3241487971878183
66,MCAR,0.0,0.45,0.0,0.30695,0.29469163047797664,0.3193992980433061
66,MCAR,0.1,0.0,0.10311111111111111,0.31335,0.30101826148017136,0.3258663343960179
66,MCAR,0.1,0.15,0.10311111111111111,0.31725,0.30487489985264593,0.3298058372391819
66,MCAR,0.1,0.3,0.10311111111111111,0.3182,0.30581449047850173,0.3307653066719727
66,MCAR,0.1,0.45,0.10311111111111111,0.31425,0.3019081649469298,0.3267755404293206
66,MCAR,0.2,0.0,0.2061111111111111,0.3228,0.3103649286649587,0.3354103172923464
66,MCAR,0.2,0.15,0.2061111111111111,0.32765,0.3151641711248472,0.34030627646860007
66,MCAR,0.2,0.3,0.2061111111111111,0.32735,0.31486726648412083,0.3400034779102285
66,MCAR,0.2,0.45,0.2061111111111111,0.3223,0.3098702485318402,0.33490549211233167
66,MCAR,0.3,0.0,0.3138888888888889,0.32835,0.3158569712295204,0.3410127838310685
66,MCAR,0.3,0.15,0.3138888888888889,0.3332,0.32065795173859607,0.3459070051557518
66,MCAR,0.3,0.3,0.3138888888888889,0.33235,0.3198164338540427,0.34504936394395325
66,MCAR,0.3,0.45,0.3138888888888889,0.3274,0.31491675018686505,0.3400539447406214
66,MAR,0.0,0.0,0.0,0.30865,0.29637187176229446,0.3211173746151234
66,MAR,0.0,0.15,0.0,0.30975,0.2974591911538805,0.3222289667911593
66,MAR,0.0,0.3,0.0,0.31165,0.2993374807625473,0.3241487971878183
66,MAR,0.0,0.45,0.0,0.30695,0.29469163047797664,0.3193992980433061
66,MAR,0.1,0.0,0.10344444444444445,0.31425,0.3019081649469298,0.3267755404293206
66,MAR,0.1,0.15,0.10344444444444445,0.31685,0.30447930063400436,0.3294018322247979
66,MAR,0.1,0.3,0.10344444444444445,0.3168,0.30442985147784574,0.3293513308519203
66,MAR,0.1,0.45,0.10344444444444445,0.31265,0.3003261518223916,0.3251591366695941
66,MAR,0.2,0.0,0.2111111111111111,0.32195,0.30952398217345584,0.33455210475267594
66,MAR,0.2,0.15,0.2111111111111111,0.323,0.3105628052953818,0.3356122427877165
66,MAR,0.2,0.3,0.2111111111111111,0.32355,0.3111069795017209,0.3361675244289006
66,MAR,0.2,0.45,0.2111111111111111,0.3191,0.30670468401354845,0.33167422267288876
66,MAR,0.3,0.0,0.31755555555555554,0.3265,0.3140260682872722,0.33914551704657897
66,MAR,0.3,0.15,0.31755555555555554,0.3292,0.3166982709927386,0.3418706431399064
66,MAR,0.3,0.3,0.31755555555555554,0.3281,0.31560953898914385,0.3407604634041946
66,MAR,0.3,0.45,0.31755555555555554,0.3215,0.30907879436222013,0.33409773778497565
66,MNAR,0.0,0.0,0.0,0.30865,0.29637187176229446,0.3211173746151234
66,MNAR,0.0,0.15,0.0,0.30975,0.2974591911538805,0.3222289667911593
66,MNAR,0.0,0.3,0.0,0.31165,0.2993374807625473,0.3241487971878183
66,MNAR,0.0,0.45,0.0,0.30695,0.29469163047797664,0.3193992980433061
66,MNAR,0.1,0.0,0.10722222222222222,0.3123,0.29998010931347335,0.324805525487973
66,MNAR,0.1,0.15,0.10722222222222222,0.31605,0.30368813405360173,0.32859379034307984
66,MNAR,0.1,0.3,0.10722222222222222,0.31665,0.30428150500477,0.32919982573800927
66,MNAR,0.1,0.45,0.10722222222222222,0.31105,0.2987443103925416,0.3235425612369738
66,MNAR,0.2,0.0,0.20944444444444443,0.31685,0.30447930063400436,0.3294018322247979
66,MNAR,0.2,0.15,0.20944444444444443,0.31935,0.3069519694840064,0.331926689852461
66,MNAR,0.2,0.3,0.20944444444444443,0.31905,0.3066552274141585,0.3316237287423318
66,MNAR,0.2,0.45,0.20944444444444443,0.31425,0.3019081649469298,0.3267755404293206
66,MNAR,0.3,0.0,0.308,0.32135,0.30893040137553046,0.3339462791790372
66,MNAR,0.3,0.15,0.308,0.3243,0.3118490670436204,0.3369246948646256
66,MNAR,0.3,0.3,0.308,0.3218,0.3093755847617249,0.3344006505712535
66,MNAR,0.3,0.45,0.308,0.3168,0.30442985147784574,0.3293513308519203
66,Structured,0.0,0.0,0.0,0.30865,0.29637187176229446,0.3211173746151234
66,Structured,0.0,0.15,0.0,0.30975,0.2974591911538805,0.3222289667911593
66,Structured,0.0,0.3,0.0,0.31165,0.2993374807625473,0.3241487971878183
66,Structured,0.0,0.45,0.0,0.30695,0.29469163047797664,0.3193992980433061
66,Structured,0.1,0.0,0.10122222222222223,0.31785,0.30546831856088685,0.330411824882919
66,Structured,0.1,0.15,0.10122222222222223,0.32005,0.3076443907148365,0.3326335760443668
66,Structured,0.1,0.3,0.10122222222222223,0.3187,0.3063090358381418,0.3312702666092851
66,Structured,0.1,0.45,0.10122222222222223,0.3149,0.3025509066587089,0.32743215558292094
66,Structured,0.2,0.0,0.20733333333333334,0.3246,0.31214591232294264,0.3372275527775519
66,Structured,0.2,0.15,0.20733333333333334,0.327,0.3145208850925077,0.3396502055703995
66,Structured,0.2,0.3,0.20733333333333334,0.32615,0.31367970616065793,0.3387922254439605
66,Structured,0.2,0.45,0.20733333333333334,0.3222,0.3097713144681385,0.33480452511363984
66,Structured,0.3,0.0,0.3191111111111111,0.33035,0.31783657411083616,0.3430312023041052
66,Structured,0.3,0.15,0.3191111111111111,0.33325,0.32070745422698754,0.345957453202598
66,Structured,0.3,0.3,0.3191111111111111,0.3321,0.3195689373792323,0.3447971077443297
66,Structured,0.3,0.45,0.3191111111111111,0.3277,0.315213655797164,0.34035674232953234
67,MCAR,0.0,0.0,0.0,0.3193,0.30690251206018265,0.33187619674624014
67,MCAR,0.0,0.15,0.0,0.321,0.30858415681458445,0.3335928700245397
67,MCAR,0.0,0.3,0.0,0.3222,0.3097713144681385,0.33480452511363984
67,MCAR,0.0,0.45,0.0,0.3185,0.3061112157120099,0.3310682846163947
67,MCAR,0.1,0.0,0.09944444444444445,0.32515,0.31269014387980226,0.33778277707492377
67,MCAR,0.1,0.15,0.09944444444444445,0.32555,0.3130859610004692,0.3381865642133123
67,MCAR,0.1,0.3,0.09944444444444445,0.3288,0.3163023594214711,0.3414669504413154
67,MCAR,0.1,0.45,0.09944444444444445,0.3257,0.3132343951000648,0.33833798171117313
67,MCAR,0.2,0.0,0.20166666666666666,0.32975,0.3172426662220885,0.3424257037835081
67,MCAR,0.2,0.15,0.20166666666666666,0.33245,0.3199154335627354,0.3451502653051567
67,MCAR,0.2,0.3,0.20166666666666666,0.3364,0.32382643176783144,0.3491353594164961
67,MCAR,0.2,0.45,0.20166666666666666,0.33135,0.31882647194839164,0.344040315154523
67,MCAR,0.3,0.0,0.30233333333333334,0.3369,0.32432156548528984,0.34963973106316015
67,MCAR,0.3,0.15,0.30233333333333334,0.3385,0.32590609960248534,0.35125361412242745
67,MCAR,0.3,0.3,0.30233333333333334,0.34075,0.3281346236967105,0.3535228642112486
67,MCAR,0.3,0.45,0.30233333333333334,0.33695,0.32437107972738843,0.34969016735756653
67,MAR,0.0,0.0,0.0,0.3193,0.30690251206018265,0.33187619674624014
67,MAR,0.0,0.15,0.0,0.321,0.30858415681458445,0.3335928700245397
67,MAR,0.0,0.3,0.0,0.3222,0.3097713144681385,0.33480452511363984
67,MAR,0.0,0.45,0.0,0.3185,0.3061112157120099,0.3310682846163947
67,MAR,0.1,0.0,0.098,0.32335,0.31090909568688696,0.3359656061170938
67,MAR,0.1,0.15,0.098,0.32435,0.31189854084985774,0.33697517159038165
67,MAR,0.1,0.3,0.098,0.3282,0.315708511401294,0.34086139205889027
67,MAR,0.1,0.45,0.098,0.3248,0.3123438124305175,0.3374294547985224
67,MAR,0.2,0.0,0.19344444444444445,0.3264,0.3139271068694487,0.3390445773988144
67,MAR,0.2,0.15,0.19344444444444445,0.32755,0.3150652022648783,0.34020534426212945
67,MAR,0.2,0.3,0.19344444444444445,0.33125,0.31872747927915807,0.3439394067546398
67,MAR,0.2,0.45,0.19344444444444445,0.3268,0.314322956427803,0.33944833210325964
67,MAR,0.3,0.0,0.30044444444444446,0.3346,0.32204408163888487,0.34731949024866554
67,MAR,0.3,0.15,0.30044444444444446,0.33545,0.3228857213493738,0.34817700964778836
67,MAR,0.3,0.3,0.30044444444444446,0.337,0.32442059412766366,0.3497406034938131
67,MAR,0.3,0.45,0.30044444444444446,0.33245,0.3199154335627354,0.3451502653051567
67,MNAR,0.0,0.0,0.0,0.3193,0.30690251206018265,0.33187619674624014
67,MNAR,0.0,0.15,0.0,0.321,0.30858415681458445,0.3335928700245397
67,MNAR,0.0,0.3,0.0,0.3222,0.3097713144681385,0.33480452511363984
67,MNAR,0.0,0.45,0.0,0.3185,0.3061112157120099,0.3310682846163947
67,MNAR,0.1,0.0,0.10311111111111111,0.32135,0.30893040137553046,0.3339462791790372
67,MNAR,0.1,0.15,0.10311111111111111,0.3228,0.3103649286649587,0.3354103172923464
67,MNAR,0.1,0.3,0.10311111111111111,0.3263,0.3138281460997241,0.33894363710302455
67,MNAR,0.1,0.45,0.10311111111111111,0.3224,0.3099691832500617,0.33500645845658134
67,MNAR,0.2,0.0,0.2058888888888889,0.3254,0.31293752836204436,0.33803514525445066
67,MNAR,0.2,0.15,0.2058888888888889,0.3265,0.3140260682872722,0.33914551704657897
67,MNAR,0.2,0.3,0.2058888888888889,0.3285,0.31600543250929736,0.34116417415185946
67,MNAR,0.2,0.45,0.2058888888888889,0.3239,0.3114532824575702,0.33652087519540624
67,MNAR,0.3,0.0,0.3081111111111111,0.32805,0.31556005302512685,0.3407099988348175
67,MNAR,0.3,0.15,0.3081111111111111,0.329,0.31650031391878986,0.3416687980787809
67,MNAR,0.3,0.3,0.3081111111111111,0.3293,0.3167972504955747,0.3419715647047166
67,MNAR,0.3,0.45,0.3081111111111111,0.32715,0.3146693332899524,0.33980160897203326
67,Structured,0.0,0.0,0.0,0.3193,0.30690251206018265,0.33187619674624014
67,Structured,0.0,0.15,0.0,0.321,0.30858415681458445,0.3335928700245397
67,Structured,0.0,0.3,0.0,0.3222,0.3097713144681385,0.33480452511363984
67,Structured,0.0,0.45,0.0,0.3185,0.3061112157120099,0.3310682846163947
67,Structured,0.1,0.0,0.10711111111111112,0.32325,0.310810154758667,0.33586464598210725
67,Structured,0.1,0.15,0.10711111111111112,0.32545,0.3129870057458007,0.33808561840310236
67,Structured,0.1,0.3,0.10711111111111112,0.32755,0.3150652022648783,0.34020534426212945
67,Structured,0.1,0.45,0.10711111111111112,0.3217,0.309276653973022,0.33429968029794954
67,Structured,0.2,0.0,0.20133333333333334,0.3292,0.3166982709927386,0.3418706431399064
67,Structured,0.2,0.15,0.20133333333333334,0.33205,0.31951943856388754,0.3447466560248416
67,Structured,0.2,0.3,0.20133333333333334,0.3355,0.3229352309967822,0.34822745053639353
67,Structured,0.2,0.45,0.20133333333333334,0.32895,0.31645082505285427,0.3416183364109931
67,Structured,0.3,0.0,0.30033333333333334,0.33465,0.3220935885859981,0.3473699338372746
67,Structured,0.3,0.15,0.30033333333333334,0.33835,0.32575754266279916,0.3511023194510945
67,Structured,0.3,0.3,0.30033333333333334,0.3397,0.32709460615802005,0.35246392046038827
67,Structured,0.3,0.45,0.30033333333333334,0.33405,0.3214995157185243,0.3467646002772208
68,MCAR,0.0,0.0,0.0,0.31745,0.30507270343936244,0.33000783576946596
68,MCAR,0.0,0.15,0.0,0.3197,0.3072981760647233,0.3322801369826241
68,MCAR,0.0,0.3,0.0,0.3178,0.30541886609141694,0.3303613268229464
68,MCAR,0.0,0.45,0.0,0.31565,0.30329256671347965,0.3281897534541162
68,MCAR,0.1,0.0,0.103,0.3241,0.3116511734472572,0.3367227863332031
68,MCAR,0.1,0.15,0.103,0.326,0.3135312676806795,0.33864081232597587
68,MCAR,0.1,0.3,0.103,0.3238,0.31135433794062406,0.33641991864872695
68,MCAR,0.1,0.45,0.103,0.32135,0.30893040137553046,0.3339462791790372
68,MCAR,0.2,0.0,0.20044444444444445,0.33145,0.31892546525830595,0.34414122291379884
68,MCAR,0.2,0.15,0.20044444444444445,0.3335,0.32095496906080306,0.3462096910452284
68,MCAR,0.2,0.3,0.20044444444444445,0.3315,0.31897496215347154,0.34419167655325383
68,MCAR,0.2,0.45,0.20044444444444445,0.3292,0.3166982709927386,0.3418706431399064
68,MCAR,0.3,0.0,0.2995555555555556,0.33755,0.3249652629654019,0.3502953905589215
68,MCAR,0.3,0.15,0.2995555555555556,0.34235,0.32971954531401193,0.35513635981079544
68,MCAR,0.3,0.3,0.2995555555555556,0.33885,0.3262527379784912,0.3516066295060436
68,MCAR,0.3,0.45,0.2995555555555556,0.33725,0.32466816850108343,0.3499927818032549
68,MAR,0.0,0.0,0.0,0.31745,0.30507270343936244,0.33000783576946596
68,MAR,0.0,0.15,0.0,0.3197,0.3072981760647233,0.3322801369826241
68,MAR,0.0,0.3,0.0,0.3178,0.30541886609141694,0.3303613268229464
68,MAR,0.0,0.45,0.0,0.31565,0.30329256671347965,0.3281897534541162
68,MAR,0.1,0.0,0.10033333333333333,0.3232,0.3107606845394268,0.3358141656697754
68,MAR,0.1,0.15,0.10033333333333333,0.3251,0.3126406674707984,0.33773230295162904
68,MAR,0.1,0.3,0.10033333333333333,0.32215,0.30972184768178207,0.33475404136882747
68,MAR,0.1,0.45,0.10033333333333333,0.31955,0.3071498008273459,0.33212866062950525
68,MAR,0.2,0.0,0.199,0.32875,0.3162528711998803,0.3414164881292556
68,MAR,0.2,0.15,0.199,0.3318,0.31927194688624977,0.3444943950285771
68,MAR,0.2,0.3,0.199,0.32865,0.3161538952401174,0.34131556302177296
68,MAR,0.2,0.45,0.199,0.3259,0.3134323095048887,0.33853986943655356
68,MAR,0.3,0.0,0.2962222222222222,0.3361,0.3235293591378886,0.34883272882877614
68,MAR,0.3,0.15,0.2962222222222222,0.33915,0.3265498627301832,0.351909207977529
68,MAR,0.3,0.3,0.2962222222222222,0.33595,0.32338082496205833,0.3486814113960058
68,MAR,0.3,0.45,0.2962222222222222,0.33215,0.31961843635447373,0.3448475593039403
68,MNAR,0.0,0.0,0.0,0.31745,0.30507270343936244,0.33000783576946596
68,MNAR,0.0,0.15,0.0,0.3197,0.3072981760647233,0.3322801369826241
68,MNAR,0.0,0.3,0.0,0.3178,0.30541886609141694,0.3303613268229464
68,MNAR,0.0,0.45,0.0,0.31565,0.30329256671347965,0.3281897534541162
68,MNAR,0.1,0.0,0.10377777777777777,0.3228,0.3103649286649587,0.3354103172923464
68,MNAR,0.1,0.15,0.10377777777777777,0.3253,0.31283857408178145,0.33793419846994943
68,MNAR,0.1,0.3,0.10377777777777777,0.3209,0.3084852312742391,0.33349189450350364
68,MNAR,0.1,0.45,0.10377777777777777,0.3186,0.30621012544480636,0.3311692759430689
68,MNAR,0.2,0.0,0.2001111111111111,0.32545,0.3129870057458007,0.33808561840310236
68,MNAR,0.2,0.15,0.2001111111111111,0.32855,0.3160549199250344,0.34121463726968015
68,MNAR,0.2,0.3,0.2001111111111111,0.3255,0.31303648329194955,0.3381360913893841
68,MNAR,0.2,0.45,0.2001111111111111,0.3227,0.31026599133025223,0.3353093535642708
68,MNAR,0.3,0.0,0.30144444444444446,0.3287,0.31620338313942253,0.3413660256560804
68,MNAR,0.3,0.15,0.30144444444444446,0.333,0.32045994338020733,0.3457052113733676
68,MNAR,0.3,0.3,0.30144444444444446,0.32975,0.3172426662220885,0.3424257037835081
68,MNAR,0.3,0.45,0.30144444444444446,0.3271,0.3146198503957075,0.33975114133323275
68,Structured,0.0,0.0,0.0,0.31745,0.30507270343936244,0.33000783576946596
68,Structured,0.0,0.15,0.0,0.3197,0.3072981760647233,0.3322801369826241
68,Structured,0.0,0.3,0.0,0.3178,0.30541886609141694,0.3303613268229464
68,Structured,0.0,0.45,0.0,0.31565,0.30329256671347965,0.3281897534541162
68,Structured,0.1,0.0,0.102,0.3223,0.3098702485318402,0.33490549211233167
68,Structured,0.1,0.15,0.102,0.325,0.31254171514039103,0.33763135421750073
68,Structured,0.1,0.3,0.102,0.3237,0.3112553940758189,0.3363189614499823
68,Structured,0.1,0.45,0.102,0.32155,0.3091282590190456,0.3341482236590657
68,Structured,0.2,0.0,0.19955555555555557,0.32775,0.31526314063100913,0.3404072080289534
68,Structured,0.2,0.15,0.19955555555555557,0.3306,0.3180840425558255,0.3432834865304386
68,Structured,0.2,0.3,0.19955555555555557,0.32915,0.31664878148275777,0.3418201821160919
68,Structured,0.2,0.45,0.19955555555555557,0.3286,0.3161044075019812,0.34126510022631174
68,Structured,0.3,0.0,0.2976666666666667,0.33215,0.31961843635447373,0.3448475593039403
68,Structured,0.3,0.15,0.2976666666666667,0.33575,0.32318278161370734,0.3484796525997909
68,Structured,0.3,0.3,0.2976666666666667,0.33575,0.32318278161370734,0.3484796525997909
68,Structured,0.3,0.45,0.2976666666666667,0.335,0.32244014166630486,0.3477230345075043
69,MCAR,0.0,0.0,0.0,0.3086,0.2963224501005237,0.32106684575134437
69,MCAR,0.0,0.15,0.0,0.315,0.3026497925005713,0.32753317079758476
69,MCAR,0.0,0.3,0.0,0.3148,0.302452021483623,0.32733113970156547
69,MCAR,0.0,0.45,0.0,0.31115,0.2988431704381459,0.32364360224462896
69,MCAR,0.1,0.0,0.10033333333333333,0.3157,0.30334201204891303,0.3282402586472477
69,MCAR,0.1,0.15,0.10033333333333333,0.32085,0.30843576875034673,0.3334414064967375
69,MCAR,0.1,0.3,0.10033333333333333,0.3207,0.30828738216402635,0.3332899414911948
69,MCAR,0.1,0.45,0.10033333333333333,0.3186,0.30621012544480636,0.3311692759430689
69,MCAR,0.2,0.0,0.19655555555555557,0.32305,0.3106122748614157,0.3356627237531803
69,MCAR,0.2,0.15,0.19655555555555557,0.3245,0.31204696324540676,0.3371266007909284
69,MCAR,0.2,0.3,0.19655555555555557,0.3272,0.3147188163459344,0.3398520764491144
69,MCAR,0.2,0.45,0.19655555555555557,0.32555,0.3130859610004692,0.3381865642133123
69,MCAR,0.3,0.0,0.29844444444444446,0.3288,0.3163023594214711,0.3414669504413154
69,MCAR,0.3,0.15,0.29844444444444446,0.3329,0.32036094015836897,0.3456043135249248
69,MCAR,0.3,0.3,0.29844444444444446,0.3337,0.3211529837970146,0.34641147845048825
69,MCAR,0.3,0.45,0.29844444444444446,0.33265,0.32011343489721317,0.34535206611068126
69,MAR,0.0,0.0,0.0,0.3086,0.2963224501005237,0.32106684575134437
69,MAR,0.0,0.15,0.0,0.315,0.3026497925005713,0.32753317079758476
69,MAR,0.0,0.3,0.0,0.3148,0.302452021483623,0.32733113970156547
69,MAR,0.0,0.45,0.0,0.31115,0.2988431704381459,0.32364360224462896
69,MAR,0.1,0.0,0.09988888888888889,0.3151,0.30274867900903696,0.32763418534572764
69,MAR,0.1,0.15,0.09988888888888889,0.3192,0.3068035977070917,0.3317752100392973
69,MAR,0.1,0.3,0.09988888888888889,0.31985,0.3074465527842355,0.33243161185378867
69,MAR,0.1,0.45,0.09988888888888889,0.31745,0.30507270343936244,0.33000783576946596
69,MAR,0.2,0.0,0.19477777777777777,0.32055,0.3081389970561719,0.33313847500736427
69,MAR,0.2,0.15,0.19477777777777777,0.3232,0.3107606845394268,0.3358141656697754
69,MAR,0.2,0.3,0.19477777777777777,0.32335,0.31090909568688696,0.3359656061170938
69,MAR,0.2,0.45,0.19477777777777777,0.32225,0.309820781418164,0.33485500869480106
69,MAR,0.3,0.0,0.30277777777777776,0.32655,0.314075549239173,0.3391959866275007
69,MAR,0.3,0.15,0.30277777777777776,0.3301,0.3175891096792844,0.34277891406478106
69,MAR,0.3,0.3,0.30277777777777776,0.3302,0.31768809497014566,0.34287982984221765
69,MAR,0.3,0.45,0.30277777777777776,0.32865,0.3161538952401174,0.34131556302177296
69,MNAR,0.0,0.0,0.0,0.3086,0.2963224501005237,0.32106684575134437
69,MNAR,0.0,0.15,0.0,0.315,0.3026497925005713,0.32753317079758476
69,MNAR,0.0,0.3,0.0,0.3148,0.302452021483623,0.32733113970156547
69,MNAR,0.0,0.45,0.0,0.31115,0.2988431704381459,0.32364360224462896
69,MNAR,0.1,0.0,0.101,0.3124,0.300078977762949,0.3249065580928313
69,MNAR,0.1,0.15,0.101,0.3162,0.3038364745490822,0.3287453014338459
69,MNAR,0.1,0.3,0.101,0.31695,0.3045781994438956,0.32950283447304046
69,MNAR,0.1,0.45,0.101,0.31445,0.30210592862415286,0.3269775788641456
69,MNAR,0.2,0.0,0.1968888888888889,0.31625,0.30388592171321693,0.3287958047985029
69,MNAR,0.2,0.15,0.1968888888888889,0.319,0.306605770979717,0.3315732346468472
69,MNAR,0.2,0.3,0.1968888888888889,0.32035,0.30794115254648186,0.33293651739508434
69,MNAR,0.2,0.45,0.1968888888888889,0.3183,0.3059133982286917,0.33086629998101325
69,MNAR,0.3,0.0,0.298,0.31965,0.3072487174875559,0.3322296450296075
69,MNAR,0.3,0.15,0.298,0.3235,0.3110575083032626,0.33611704509566936
69,MNAR,0.3,0.3,0.298,0.3238,0.31135433794062406,0.33641991864872695
69,MNAR,0.3,0.45,0.298,0.3219,0.30947451620574834,0.33450162018931257
69,Structured,0.0,0.0,0.0,0.3086,0.2963224501005237,0.32106684575134437
69,Structured,0.0,0.15,0.0,0.315,0.3026497925005713,0.32753317079758476
69,Structured,0.0,0.3,0.0,0.3148,0.302452021483623,0.32733113970156547
69,Structured,0.0,0.45,0.0,0.31115,0.2988431704381459,0.32364360224462896
69,Structured,0.1,0.0,0.10266666666666667,0.31535,0.302995898195465,0.32788671880118536
69,Structured,0.1,0.15,0.10266666666666667,0.32095,0.3085346939623258,0.3335423823460982
69,Structured,0.1,0.3,0.10266666666666667,0.32105,0.30863361983099474,0.33364335753884694
69,Structured,0.1,0.45,0.10266666666666667,0.31905,0.3066552274141585,0.3316237287423318
69,Structured,0.2,0.0,0.2021111111111111,0.32085,0.30843576875034673,0.3334414064967375
69,Structured,0.2,0.15,0.2021111111111111,0.32805,0.31556005302512685,0.3407099988348175
69,Structured,0.2,0.3,0.2021111111111111,0.32795,0.31546108158129915,0.34060906921191014
69,Structured,0.2,0.45,0.2021111111111111,0.32635,0.3138776264035645,0.3389941073319325
69,Structured,0.3,0.0,0.29444444444444445,0.3287,0.31620338313942253,0.3413660256560804
69,Structured,0.3,0.15,0.29444444444444445,0.33465,0.3220935885859981,0.3473699338372746
69,Structured,0.3,0.3,0.29444444444444445,0.33525,0.3226876843469151,0.3479752445063623
69,Structured,0.3,0.45,0.29444444444444445,0.3327,0.32016293563012066,0.3454025159128176
70,MCAR,0.0,0.0,0.0,0.31265,0.3003261518223916,0.3251591366695941
70,MCAR,0.0,0.15,0.0,0.31495,0.30260034949630354,0.3274826632735786
70,MCAR,0.0,0.3,0.0,0.31275,0.30042502262001025,0.3252601669266062
70,MCAR,0.0,0.45,0.0,0.3094,0.2971132170110742,0.3218752872522039
70,MCAR,0.1,0.0,0.09122222222222222,0.3183,0.3059133982286917,0.33086629998101325
70,MCAR,0.1,0.15,0.09122222222222222,0.3209,0.3084852312742391,0.33349189450350364
70,MCAR,0.1,0.3,0.09122222222222222,0.3188,0.30640794689184847,0.33137125661521105
70,MCAR,0.1,0.45,0.09122222222222222,0.3158,0.303440903218812,0.3283412685345354
70,MCAR,0.2,0.0,0.18677777777777776,0.32555,0.3130859610004692,0.3381865642133123
70,MCAR,0.2,0.15,0.18677777777777776,0.32575,0.3132838734578776,0.3383884538858833
70,MCAR,0.2,0.3,0.18677777777777776,0.32335,0.31090909568688696,0.3359656061170938
70,MCAR,0.2,0.45,0.18677777777777776,0.3206,0.30818845859448313,0.33318896399959574
70,MCAR,0.3,0.0,0.2852222222222222,0.33055,0.3180345485458626,0.3432330300061011
70,MCAR,0.3,0.15,0.2852222222222222,0.33305,0.3205094452304919,0.34575566005824937
70,MCAR,0.3,0.3,0.2852222222222222,0.33215,0.31961843635447373,0.3448475593039403
70,MCAR,0.3,0.45,0.2852222222222222,0.3299,0.31739114102527166,0.3425770805824189
70,MAR,0.0,0.0,0.0,0.31265,0.3003261518223916,0.3251591366695941
70,MAR,0.0,0.15,0.0,0.31495,0.30260034949630354,0.3274826632735786
70,MAR,0.0,0.3,0.0,0.31275,0.30042502262001025,0.3252601669266062
70,MAR,0.0,0.45,0.0,0.3094,0.2971132170110742,0.3218752872522039
70,MAR,0.1,0.0,0.09166666666666666,0.3165,0.30413316002523744,0.3290483191307408
70,MAR,0.1,0.15,0.09166666666666666,0.3188,0.30640794689184847,0.33137125661521105
70,MAR,0.1,0.3,0.09166666666666666,0.31505,0.30269923567148904,0.3275836781549609
70,MAR,0.1,0.45,0.09166666666666666,0.3128,0.30047445827027003,0.32531068180369543
70,MAR,0.2,0.0,0.18577777777777776,0.32055,0.3081389970561719,0.33313847500736427
70,MAR,0.2,0.15,0.18577777777777776,0.32075,0.3083368441952209,0.3333404299906028
70,MAR,0.2,0.3,0.18577777777777776,0.319,0.306605770979717,0.3315732346468472
70,MAR,0.2,0.45,0.18577777777777776,0.31515,0.3027981225131914,0.32768469236990866
70,MAR,0.3,0.0,0.2892222222222222,0.32755,0.3150652022648783,0.34020534426212945
70,MAR,0.3,0.15,0.2892222222222222,0.32885,0.3163518478041754,0.3415174125922792
70,MAR,0.3,0.3,0.2892222222222222,0.32845,0.3159559452547863,0.3411137108728301
70,MAR,0.3,0.45,0.2892222222222222,0.3227,0.31026599133025223,0.3353093535642708
70,MNAR,0.0,0.0,0.0,0.31265,0.3003261518223916,0.3251591366695941
70,MNAR,0.0,0.15,0.0,0.31495,0.30260034949630354,0.3274826632735786
70,MNAR,0.0,0.3,0.0,0.31275,0.30042502262001025,0.3252601669266062
70,MNAR,0.0,0.45,0.0,0.3094,0.2971132170110742,0.3218752872522039
70,MNAR,0.1,0.0,0.08855555555555555,0.31585,0.30349034905323646,0.3283917732287364
70,MNAR,0.1,0.15,0.08855555555555555,0.3179,0.305517771195804,0.33046232277746507
70,MNAR,0.1,0.3,0.08855555555555555,0.31525,0.30289701002124025,0.32778570591859313
70,MNAR,0.1,0.45,0.08855555555555555,0.3112,0.2988926007134577,0.32369412249597934
70,MNAR,0.2,0.0,0.18666666666666668,0.31855,0.30616067049583096,0.3311187803623001
70,MNAR,0.2,0.15,0.18666666666666668,0.32125,0.30883147353775925,0.3338453059551554
70,MNAR,0.2,0.3,0.18666666666666668,0.3202,0.3077927708905119,0.3327850474597839
70,MNAR,0.2,0.45,0.18666666666666668,0.31485,0.3025014639878088,0.3273816477255904
70,MNAR,0.3,0.0,0.29033333333333333,0.31895,0.3065563147102445,0.33152274038641333
70,MNAR,0.3,0.15,0.29033333333333333,0.32345,0.31100803726795706,0.3360665655993038
70,MNAR,0.3,0.3,0.29033333333333333,0.3239,0.3114532824575702,0.33652087519540624
70,MNAR,0.3,0.45,0.29033333333333333,0.3184,0.3060123066399159,0.3309672926290978
70,Structured,0.0,0.0,0.0,0.31265,0.3003261518223916,0.3251591366695941
70,Structured,0.0,0.15,0.0,0.31495,0.30260034949630354,0.3274826632735786
70,Structured,0.0,0.3,0.0,0.31275,0.30042502262001025,0.3252601669266062
70,Structured,0.0,0.45,0.0,0.3094,0.2971132170110742,0.3218752872522039
70,Structured,0.1,0.0,0.09222222222222222,0.32,0.30759493098532764,0.3325830852435503
70,Structured,0.1,0.15,0.09222222222222222,0.3208,0.30838630639066605,0.3333909183257778
70,Structured,0.1,0.3,0.09222222222222222,0.3202,0.3077927708905119,0.3327850474597839
70,Structured,0.1,0.45,0.09222222222222222,0.31695,0.3045781994438956,0.32950283447304046
70,Structured,0.2,0.0,0.1918888888888889,0.3261,0.31363022650518607,0.3387417545667603
70,Structured,0.2,0.15,0.1918888888888889,0.32665,0.3141745116288572,0.3392969253035149
70,Structured,0.2,0.3,0.1918888888888889,0.3258,0.31333335197796613,0.3384389258983372
70,Structured,0.2,0.45,0.1918888888888889,0.32425,0.311799593400222,0.336874217976048
70,Structured,0.3,0.0,0.28888888888888886,0.33145,0.31892546525830595,0.34414122291379884
70,Structured,0.3,0.15,0.28888888888888886,0.3322,0.3196679354895928,0.34489801070368936
70,Structured,0.3,0.3,0.28888888888888886,0.3331,0.3205589472403314,0.34580610858359534
70,Structured,0.3,0.45,0.28888888888888886,0.3308,0.31828202019994334,0.3434853110237026
71,MCAR,0.0,0.0,0.0,0.3046,0.29236926824204384,0.3170239856386559
71,MCAR,0.0,0.15,0.0,0.30835,0.2960753443343495,0.3208141988901152
71,MCAR,0.0,0.3,0.0,0.3101,0.29780517357569913,0.3225826380521754
71,MCAR,0.0,0.45,0.0,0.3087,0.2964212935935219,0.3211679033094656
71,MCAR,0.1,0.0,0.09777777777777778,0.3125,0.3001778468835417,0.32500759002665697
71,MCAR,0.1,0.15,0.09777777777777778,0.31715,0.30477599905338393,0.32970483698006453
71,MCAR,0.1,0.3,0.09777777777777778,0.31855,0.30616067049583096,0.3311187803623001
71,MCAR,0.1,0.45,0.09777777777777778,0.31695,0.3045781994438956,0.32950283447304046
71,MCAR,0.2,0.0,0.1971111111111111,0.31895,0.3065563147102445,0.33152274038641333
71,MCAR,0.2,0.15,0.1971111111111111,0.3232,0.3107606845394268,0.3358141656697754
71,MCAR,0.2,0.3,0.1971111111111111,0.3256,0.31313543887134115,0.3382370368749077
71,MCAR,0.2,0.45,0.1971111111111111,0.32285,0.310414397577468,0.33546079891125663
71,MCAR,0.3,0.0,0.2996666666666667,0.3266,0.31412503035304107,0.33924645604647263
71,MCAR,0.3,0.15,0.2996666666666667,0.3334,0.32085596264897615,0.3461087963864251
71,MCAR,0.3,0.3,0.2996666666666667,0.33515,0.32258866679823694,0.34787436098320296
71,MCAR,0.3,0.45,0.2996666666666667,0.332,0.31946993990845757,0.3446962041454557
71,MAR,0.0,0.0,0.0,0.3046,0.29236926824204384,0.3170239856386559
71,MAR,0.0,0.15,0.0,0.30835,0.2960753443343495,0.3208141988901152
71,MAR,0.0,0.3,0.0,0.3101,0.29780517357569913,0.3225826380521754
71,MAR,0.0,0.45,0.0,0.3087,0.2964212935935219,0.3211679033094656
71,MAR,0.1,0.0,0.097,0.31175,0.29943634484546244,0.324249834158681
71,MAR,0.1,0.15,0.097,0.3159,0.30353979505394885,0.32844227775667
71,MAR,0.1,0.3,0.097,0.31705,0.3046770989170781,0.3296038360580734
71,MAR,0.1,0.45,0.097,0.31525,0.30289701002124025,0.32778570591859313
71,MAR,0.2,0.0,0.19511111111111112,0.3173,0.30492435050083094,0.3298563371202153
71,MAR,0.2,0.15,0.19511111111111112,0.32135,0.30893040137553046,0.3339462791790372
71,MAR,0.2,0.3,0.19511111111111112,0.32275,0.31031545991588017,0.3353598355100246
71,MAR,0.2,0.45,0.19511111111111112,0.3201,0.3076938506088838,0.3326840666806638
71,MAR,0.3,0.0,0.299,0.32345,0.31100803726795706,0.3360665655993038
71,MAR,0.3,0.15,0.299,0.32875,0.3162528711998803,0.3414164881292556
71,MAR,0.3,0.3,0.299,0.3295,0.3169952114322278,0.34217340590357503
71,MAR,0.3,0.45,0.299,0.3261,0.31363022650518607,0.3387417545667603
71,MNAR,0.0,0.0,0.0,0.3046,0.29236926824204384,0.3170239856386559
71,MNAR,0.0,0.15,0.0,0.30835,0.2960753443343495,0.3208141988901152
71,MNAR,0.0,0.3,0.0,0.3101,0.29780517357569913,0.3225826380521754
71,MNAR,0.0,0.45,0.0,0.3087,0.2964212935935219,0.3211679033094656
71,MNAR,0.1,0.0,0.09866666666666667,0.3083,0.2960259236898078,0.3207636690092417
71,MNAR,0.1,0.15,0.09866666666666667,0.31325,0.3009193866621551,0.3257653081588936
71,MNAR,0.1,0.3,0.09866666666666667,0.31365,0.3013148899502516,0.3261694090918665
71,MNAR,0.1,0.45,0.09866666666666667,0.3124,0.300078977762949,0.3249065580928313
71,MNAR,0.2,0.0,0.1971111111111111,0.3136,0.30126545145369477,0.32611889706071573
71,MNAR,0.2,0.15,0.1971111111111111,0.31755,0.3051716062264839,0.33010883404096775
71,MNAR,0.2,0.3,0.1971111111111111,0.31895,0.3065563147102445,0.33152274038641333
71,MNAR,0.2,0.45,0.1971111111111111,0.3173,0.30492435050083094,0.3298563371202153
71,MNAR,0.3,0.0,0.2975555555555556,0.3151,0.30274867900903696,0.32763418534572764
71,MNAR,0.3,0.15,0.2975555555555556,0.31975,0.30734763480657373,0.3323306287709807
71,MNAR,0.3,0.3,0.2975555555555556,0.3207,0.30828738216402635,0.3332899414911948
71,MNAR,0.3,0.45,0.2975555555555556,0.32105,0.30863361983099474,0.33364335753884694
71,Structured,0.0,0.0,0.0,0.3046,0.29236926824204384,0.3170239856386559
71,Structured,0.0,0.15,0.0,0.30835,0.2960753443343495,0.3208141988901152
71,Structured,0.0,0.3,0.0,0.3101,0.29780517357569913,0.3225826380521754
71,Structured,0.0,0.45,0.0,0.3087,0.2964212935935219,0.3211679033094656
71,Structured,0.1,0.0,0.09744444444444444,0.3117,0.29938691271996076,0.32419931575728306
71,Structured,0.1,0.15,0.09744444444444444,0.31625,0.30388592171321693,0.3287958047985029
71,Structured,0.1,0.3,0.09744444444444444,0.3174,0.3050232522942112,0.3299573363853365
71,Structured,0.1,0.45,0.09744444444444444,0.3155,0.3031442317055052,0.3280382368765244
71,Structured,0.2,0.0,0.20133333333333334,0.3186,0.30621012544480636,0.3311692759430689
71,Structured,0.2,0.15,0.20133333333333334,0.322,0.3095734483049318,0.33460258915229024
71,Structured,0.2,0.3,0.20133333333333334,0.32465,0.31219538710580347,0.3372780285267999
71,Structured,0.2,0.45,0.20133333333333334,0.3234,0.3109585663958255,0.3360160859397857
71,Structured,0.3,0.0,0.3048888888888889,0.32555,0.3130859610004692,0.3381865642133123
71,Structured,0.3,0.15,0.3048888888888889,0.3271,0.3146198503957075,0.33975114133323275
71,Structured,0.3,0.3,0.3048888888888889,0.33015,0.3176386022444089,0.34282937203379654
71,Structured,0.3,0.45,0.3048888888888889,0.3299,0.31739114102527166,0.3425770805824189
72,MCAR,0.0,0.0,0.0,0.31785,0.30546831856088685,0.330411824882919
72,MCAR,0.0,0.15,0.0,0.31795,0.3055672239961449,0.33051282050660785
72,MCAR,0.0,0.3,0.0,0.3137,0.3013643286140424,0.326219920955805
72,MCAR,0.0,0.45,0.0,0.3108,0.2984971632255134,0.32328995577123015
72,MCAR,0.1,0.0,0.09811111111111111,0.3237,0.3112553940758189,0.3363189614499823
72,MCAR,0.1,0.15,0.09811111111111111,0.32485,0.31239328786407033,0.33747992989715636
72,MCAR,0.1,0.3,0.09811111111111111,0.32035,0.30794115254648186,0.33293651739508434
72,MCAR,0.1,0.45,0.09811111111111111,0.31835,0.30596285235168447,0.3309167963876641
72,MCAR,0.2,0.0,0.19666666666666666,0.33105,0.3185294958633126,0.3437375880324606
72,MCAR,0.2,0.15,0.19666666666666666,0.3308,0.31828202019994334,0.3434853110237026
72,MCAR,0.2,0.3,0.19666666666666666,0.3278,0.31531262562636336,0.3404576735668829
72,MCAR,0.2,0.45,0.19666666666666666,0.3261,0.31363022650518607,0.3387417545667603
72,MCAR,0.3,0.0,0.2966666666666667,0.33935,0.3267479490466596,0.35211092381016545
72,MCAR,0.3,0.15,0.2966666666666667,0.33955,0.32694603788082094,0.35231263712538136
72,MCAR,0.3,0.3,0.2966666666666667,0.3358,0.3232322922129473,0.34853009253666667
72,MCAR,0.3,0.45,0.2966666666666667,0.33395,0.3214005058018492,0.3466637091228824
72,MAR,0.0,0.0,0.0,0.31785,0.30546831856088685,0.330411824882919
72,MAR,0.0,0.15,0.0,0.31795,0.3055672239961449,0.33051282050660785
72,MAR,0.0,0.3,0.0,0.3137,0.3013643286140424,0.326219920955805
72,MAR,0.0,0.45,0.0,0.3108,0.2984971632255134,0.32328995577123015
72,MAR,0.1,0.0,0.09911111111111111,0.323,0.3105628052953818,0.3356122427877165
72,MAR,0.1,0.15,0.09911111111111111,0.324,0.31155222762650087,0.33662183109017974
72,MAR,0.1,0.3,0.09911111111111111,0.31865,0.3062595805589168,0.3312197713587241
72,MAR,0.1,0.45,0.09911111111111111,0.3165,0.30413316002523744,0.3290483191307408
72,MAR,0.2,0.0,0.1971111111111111,0.32915,0.31664878148275777,0.3418201821160919
72,MAR,0.2,0.15,0.1971111111111111,0.3292,0.3166982709927386,0.3418706431399064
72,MAR,0.2,0.3,0.1971111111111111,0.3243,0.3118490670436204,0.3369246948646256
72,MAR,0.2,0.45,0.1971111111111111,0.32125,0.30883147353775925,0.3338453059551554
72,MAR,0.3,0.0,0.29777777777777775,0.33525,0.3226876843469151,0.3479752445063623
72,MAR,0.3,0.15,0.29777777777777775,0.33335,0.3208064596821951,0.3460583488179169
72,MAR,0.3,0.3,0.29777777777777775,0.3301,0.3175891096792844,0.34277891406478106
72,MAR,0.3,0.45,0.29777777777777775,0.32755,0.3150652022648783,0.34020534426212945
72,MNAR,0.0,0.0,0.0,0.31785,0.30546831856088685,0.330411824882919
72,MNAR,0.0,0.15,0.0,0.31795,0.3055672239961449,0.33051282050660785
72,MNAR,0.0,0.3,0.0,0.3137,0.3013643286140424,0.326219920955805
72,MNAR,0.0,0.45,0.0,0.3108,0.2984971632255134,0.32328995577123015
72,MNAR,0.1,0.0,0.09922222222222223,0.3211,0.3086830830115387,0.33369384488904247
72,MNAR,0.1,0.15,0.09922222222222223,0.3209,0.3084852312742391,0.33349189450350364
72,MNAR,0.1,0.3,0.09922222222222223,0.3153,0.3029464540250918,0.32783621244314004
72,MNAR,0.1,0.45,0.09922222222222223,0.31235,0.30002954345431015,0.3248560418742921
72,MNAR,0.2,0.0,0.19977777777777778,0.32245,0.31001865085456853,0.3350569413833393
72,MNAR,0.2,0.15,0.19977777777777778,0.3238,0.31135433794062406,0.33641991864872695
72,MNAR,0.2,0.3,0.19977777777777778,0.3194,0.3070014270726545,0.33197718279387894
72,MNAR,0.2,0.45,0.19977777777777778,0.31725,0.30487489985264593,0.3298058372391819
72,MNAR,0.3,0.0,0.297,0.3273,0.3148177829430392,0.33995301091819224
72,MNAR,0.3,0.15,0.297,0.3263,0.3138281460997241,0.33894363710302455
72,MNAR,0.3,0.3,0.297,0.32175,0.30932611928544834,0.3343501655165161
72,MNAR,0.3,0.45,0.297,0.32105,0.30863361983099474,0.33364335753884694
72,Structured,0.0,0.0,0.0,0.31785,0.30546831856088685,0.330411824882919
72,Structured,0.0,0.15,0.0,0.31795,0.3055672239961449,0.33051282050660785
72,Structured,0.0,0.3,0.0,0.3137,0.3013643286140424,0.326219920955805
72,Structured,0.0,0.45,0.0,0.3108,0.2984971632255134,0.32328995577123015
72,Structured,0.1,0.0,0.09422222222222222,0.3233,0.31085962514116033,0.33591512613120683
72,Structured,0.1,0.15,0.09422222222222222,0.3245,0.31204696324540676,0.3371266007909284
72,Structured,0.1,0.3,0.09422222222222222,0.31895,0.3065563147102445,0.33152274038641333
72,Structured,0.1,0.45,0.09422222222222222,0.31555,0.3031936765417547,0.3280887425687762
72,Structured,0.2,0.0,0.18855555555555556,0.3275,0.31501571807726264,0.34015487791655336
72,Structured,0.2,0.15,0.18855555555555556,0.3306,0.3180840425558255,0.3432834865304386
72,Structured,0.2,0.3,0.18855555555555556,0.3266,0.31412503035304107,0.33924645604647263
72,Structured,0.2,0.45,0.18855555555555556,0.3226,0.3101670546494279,0.33520838918239104
72,Structured,0.3,0.0,0.288,0.3329,0.32036094015836897,0.3456043135249248
72,Structured,0.3,0.15,0.288,0.3365,0.32392545724493876,0.34923623501207823
72,Structured,0.3,0.3,0.288,0.33255,0.3200144339105071,0.3452511660273507
72,Structured,0.3,0.45,0.288,0.3287,0.31620338313942253,0.3413660256560804
73,MCAR,0.0,0.0,0.0,0.31745,0.30507270343936244,0.33000783576946596
73,MCAR,0.0,0.15,0.0,0.32315,0.31071121448345784,0.33576368519418903
73,MCAR,0.0,0.3,0.0,0.3245,0.31204696324540676,0.3371266007909284
73,MCAR,0.0,0.45,0.0,0.32125,0.30883147353775925,0.3338453059551554
73,MCAR,0.1,0.0,0.10022222222222223,0.32195,0.30952398217345584,0.33455210475267594
73,MCAR,0.1,0.15,0.10022222222222223,0.32515,0.31269014387980226,0.33778277707492377
73,MCAR,0.1,0.3,0.10022222222222223,0.3291,0.31659929213376026,0.3417697209313116
73,MCAR,0.1,0.45,0.10022222222222223,0.3271,0.3146198503957075,0.33975114133323275
73,MCAR,0.2,0.0,0.19777777777777777,0.32635,0.3138776264035645,0.3389941073319325
73,MCAR,0.2,0.15,0.19777777777777777,0.33125,0.31872747927915807,0.3439394067546398
73,MCAR,0.2,0.3,0.19777777777777777,0.33575,0.32318278161370734,0.3484796525997909
73,MCAR,0.2,0.45,0.19777777777777777,0.33145,0.31892546525830595,0.34414122291379884
73,MCAR,0.3,0.0,0.29933333333333334,0.33365,0.32110347987393667,0.3463610318381725
73,MCAR,0.3,0.15,0.29933333333333334,0.3379,0.3253118803611238,0.3506484269206113
73,MCAR,0.3,0.3,0.29933333333333334,0.3398,0.32719365246236565,0.352564775230928
73,MCAR,0.3,0.45,0.29933333333333334,0.3374,0.3248167150221488,0.35014408689210674
73,MAR,0.0,0.0,0.0,0.31745,0.30507270343936244,0.33000783576946596
73,MAR,0.0,0.15,0.0,0.32315,0.31071121448345784,0.33576368519418903
73,MAR,0.0,0.3,0.0,0.3245,0.31204696324540676,0.3371266007909284
73,MAR,0.0,0.45,0.0,0.32125,0.30883147353775925,0.3338453059551554
73,MAR,0.1,0.0,0.10055555555555555,0.32045,0.3080400744725764,0.33303749652993564
73,MAR,0.1,0.15,0.10055555555555555,0.3253,0.31283857408178145,0.33793419846994943
73,MAR,0.1,0.3,0.10055555555555555,0.32795,0.31546108158129915,0.34060906921191014
73,MAR,0.1,0.45,0.10055555555555555,0.32525,0.31278909718531367,0.33788372483406354
73,MAR,0.2,0.0,0.20122222222222222,0.32485,0.31239328786407033,0.33747992989715636
73,MAR,0.2,0.15,0.20122222222222222,0.3287,0.31620338313942253,0.3413660256560804
73,MAR,0.2,0.3,0.20122222222222222,0.33135,0.31882647194839164,0.344040315154523
73,MAR,0.2,0.45,0.20122222222222222,0.32735,0.31486726648412083,0.3400034779102285
73,MAR,0.3,0.0,0.29744444444444446,0.33075,0.3182325255483091,0.3434348551409648
73,MAR,0.3,0.15,0.29744444444444446,0.3345,0.3219450682216729,0.3472186025944842
73,MAR,0.3,0.3,0.29744444444444446,0.33625,0.3236778947399717,0.3489840448354492
73,MAR,0.3,0.45,0.29744444444444446,0.33195,0.3194204414129606,0.3446457521061544
73,MNAR,0.0,0.0,0.0,0.31745,0.30507270343936244,0.33000783576946596
73,MNAR,0.0,0.15,0.0,0.32315,0.31071121448345784,0.33576368519418903
73,MNAR,0.0,0.3,0.0,0.3245,0.31204696324540676,0.3371266007909284
73,MNAR,0.0,0.45,0.0,0.32125,0.30883147353775925,0.3338453059551554
73,MNAR,0.1,0.0,0.09922222222222223,0.31785,0.30546831856088685,0.330411824882919
73,MNAR,0.1,0.15,0.09922222222222223,0.32265,0.3102165229080941,0.33525887145506794
73,MNAR,0.1,0.3,0.09922222222222223,0.32595,0.3134817885116856,0.3385903409623554
73,MNAR,0.1,0.45,0.09922222222222223,0.32175,0.30932611928544834,0.3343501655165161
73,MNAR,0.2,0.0,0.19666666666666666,0.3199,0.307496012020006,0.3324821031482824
73,MNAR,0.2,0.15,0.19666666666666666,0.32285,0.310414397577468,0.33546079891125663
73,MNAR,0.2,0.3,0.19666666666666666,0.3265,0.3140260682872722,0.33914551704657897
73,MNAR,0.2,0.45,0.19666666666666666,0.3238,0.31135433794062406,0.33641991864872695
73,MNAR,0.3,0.0,0.299,0.3225,0.3100681186226449,0.3351074241465482
73,MNAR,0.3,0.15,0.299,0.3272,0.3147188163459344,0.3398520764491144
73,MNAR,0.3,0.3,0.299,0.32855,0.3160549199250344,0.34121463726968015
73,MNAR,0.3,0.45,0.299,0.32605,0.31358074701185357,0.3386912835274378
73,Structured,0.0,0.0,0.0,0.31745,0.30507270343936244,0.33000783576946596
73,Structured,0.0,0.15,0.0,0.32315,0.31071121448345784,0.33576368519418903
73,Structured,0.0,0.3,0.0,0.3245,0.31204696324540676,0.3371266007909284
73,Structured,0.0,0.45,0.0,0.32125,0.30883147353775925,0.3338453059551554
73,Structured,0.1,0.0,0.09811111111111111,0.3235,0.3110575083032626,0.33611704509566936
73,Structured,0.1,0.15,0.09811111111111111,0.3295,0.3169952114322278,0.34217340590357503
73,Structured,0.1,0.3,0.09811111111111111,0.3309,0.3183810099843053,0.3435862223081383
73,Structured,0.1,0.45,0.09811111111111111,0.3281,0.31560953898914385,0.3407604634041946
73,Structured,0.2,0.0,0.19877777777777778,0.3263,0.3138281460997241,0.33894363710302455
73,Structured,0.2,0.15,0.19877777777777778,0.3326,0.32006393432400243,0.3453016161488649
73,Structured,0.2,0.3,0.19877777777777778,0.33785,0.3252623631166223,0.3505979936282904
73,Structured,0.2,0.45,0.19877777777777778,0.33385,0.32130149652209694,0.34656281733168964
73,Structured,0.3,0.0,0.30533333333333335,0.3316,0.319073956424132,0.3442925833518906
73,Structured,0.3,0.15,0.30533333333333335,0.33765,0.3250642957174475,0.3503962588803393
73,Structured,0.3,0.3,0.30533333333333335,0.34195,0.3293232998784831,0.35473300094056953
73,Structured,0.3,0.45,0.30533333333333335,0.3376,0.32501477926244937,0.3503458247985977
74,MCAR,0.0,0.0,0.0,0.3159,0.30353979505394885,0.32844227775667
74,MCAR,0.0,0.15,0.0,0.3231,0.3106617445907809,0.33571320455533077
74,MCAR,0.0,0.3,0.0,0.3211,0.3086830830115387,0.33369384488904247
74,MCAR,0.0,0.45,0.0,0.3181,0.3057155833895122,0.3306643127018125
74,MCAR,0.1,0.0,0.10044444444444445,0.3229,0.3104638666533882,0.3355112803667754
74,MCAR,0.1,0.15,0.10044444444444445,0.32775,0.31526314063100913,0.3404072080289534
74,MCAR,0.1,0.3,0.10044444444444445,0.3276,0.3151146866140797,0.3402558104461396
74,MCAR,0.1,0.45,0.10044444444444445,0.32335,0.31090909568688696,0.3359656061170938
74,MCAR,0.2,0.0,0.20244444444444445,0.3313,0.31877697553368034,0.3439898610346678
74,MCAR,0.2,0.15,0.20244444444444445,0.33635,0.3237769192668205,0.34908492138118846
74,MCAR,0.2,0.3,0.20244444444444445,0.33295,0.32041044168949306,0.34565476252893135
74,MCAR,0.2,0.45,0.20244444444444445,0.32605,0.31358074701185357,0.3386912835274378
74,MCAR,0.3,0.0,0.306,0.33805,0.3254604330416581,0.3507997258506488
74,MCAR,0.3,0.15,0.306,0.3459,0.33323666109372324,0.35871573228894527
74,MCAR,0.3,0.3,0.306,0.34255,0.329917671784826,0.35533803549324144
74,MCAR,0.3,0.45,0.306,0.33565,0.32308376089103114,0.3483787722502873
74,MAR,0.0,0.0,0.0,0.3159,0.30353979505394885,0.32844227775667
74,MAR,0.0,0.15,0.0,0.3231,0.3106617445907809,0.33571320455533077
74,MAR,0.0,0.3,0.0,0.3211,0.3086830830115387,0.33369384488904247
74,MAR,0.0,0.45,0.0,0.3181,0.3057155833895122,0.3306643127018125
74,MAR,0.1,0.0,0.098,0.32115,0.30873254635619307,0.3337443320751448
74,MAR,0.1,0.15,0.098,0.32515,0.31269014387980226,0.33778277707492377
74,MAR,0.1,0.3,0.098,0.325,0.31254171514039103,0.33763135421750073
74,MAR,0.1,0.45,0.098,0.3201,0.3076938506088838,0.3326840666806638
74,MAR,0.2,0.0,0.2061111111111111,0.32665,0.3141745116288572,0.3392969253035149
74,MAR,0.2,0.15,0.2061111111111111,0.33165,0.3191234537995889,0.3443430365111074
74,MAR,0.2,0.3,0.2061111111111111,0.33025,0.31773758785647443,0.34293028749006393
74,MAR,0.2,0.45,0.2061111111111111,0.3233,0.31085962514116033,0.33591512613120683
74,MAR,0.3,0.0,0.3098888888888889,0.33655,0.3239749702210003,0.34928667257238605
74,MAR,0.3,0.15,0.3098888888888889,0.3403,0.32768889341359947,0.3530690396551007
74,MAR,0.3,0.3,0.3098888888888889,0.3359,0.3233313138871395,0.348630971934757
74,MAR,0.3,0.45,0.3098888888888889,0.32965,0.3171436838237346,0.3423247851138899
74,MNAR,0.0,0.0,0.0,0.3159,0.30353979505394885,0.32844227775667
74,MNAR,0.0,0.15,0.0,0.3231,0.3106617445907809,0.33571320455533077
74,MNAR,0.0,0.3,0.0,0.3211,0.3086830830115387,0.33369384488904247
74,MNAR,0.0,0.45,0.0,0.3181,0.3057155833895122,0.3306643127018125
74,MNAR,0.1,0.0,0.10177777777777777,0.3193,0.30690251206018265,0.33187619674624014
74,MNAR,0.1,0.15,0.10177777777777777,0.3224,0.3099691832500617,0.33500645845658134
74,MNAR,0.1,0.3,0.10177777777777777,0.3235,0.3110575083032626,0.33611704509566936
74,MNAR,0.1,0.45,0.10177777777777777,0.31955,0.3071498008273459,0.33212866062950525
74,MNAR,0.2,0.0,0.20544444444444446,0.32125,0.30883147353775925,0.3338453059551554
74,MNAR,0.2,0.15,0.20544444444444446,0.32635,0.3138776264035645,0.3389941073319325
74,MNAR,0.2,0.3,0.20544444444444446,0.32745,0.314966234051252,0.3401044114093908
74,MNAR,0.2,0.45,0.20544444444444446,0.32095,0.3085346939623258,0.3335423823460982
74,MNAR,0.3,0.0,0.302,0.3266,0.31412503035304107,0.33924645604647263
74,MNAR,0.3,0.15,0.302,0.3344,0.3218460554406035,0.3471177143042298
74,MNAR,0.3,0.3,0.302,0.3325,0.31996493365674605,0.3452007157461204
74,MNAR,0.3,0.45,0.302,0.32695,0.3144714026835909,0.3395997374463271
74,Structured,0.0,0.0,0.0,0.3159,0.30353979505394885,0.32844227775667
74,Structured,0.0,0.15,0.0,0.3231,0.3106617445907809,0.33571320455533077
74,Structured,0.0,0.3,0.0,0.3211,0.3086830830115387,0.33369384488904247
74,Structured,0.0,0.45,0.0,0.3181,0.3057155833895122,0.3306643127018125
74,Structured,0.1,0.0,0.11144444444444444,0.3219,0.30947451620574834,0.33450162018931257
74,Structured,0.1,0.15,0.11144444444444444,0.3274,0.31491675018686505,0.3400539447406214
74,Structured,0.1,0.3,0.11144444444444444,0.32645,0.3139765874973577,0.33909504730369017
74,Structured,0.1,0.45,0.11144444444444444,0.32405,0.3116017004554097,0.33667230879315
74,Structured,0.2,0.0,0.21644444444444444,0.32855,0.3160549199250344,0.34121463726968015
74,Structured,0.2,0.15,0.21644444444444444,0.3333,0.32075695687485883,0.34600790108998053
74,Structured,0.2,0.3,0.21644444444444444,0.33265,0.32011343489721317,0.34535206611068126
74,Structured,0.2,0.45,0.21644444444444444,0.33045,0.31793556100734865,0.34313211647606845
74,Structured,0.3,0.0,0.32322222222222224,0.3341,0.3215490209156638,0.34681504561561316
74,Structured,0.3,0.15,0.32322222222222224,0.3409,0.3282832032822756,0.35367413623906246
74,Structured,0.3,0.3,0.32322222222222224,0.33935,0.3267479490466596,0.35211092381016545
74,Structured,0.3,0.45,0.32322222222222224,0.33805,0.3254604330416581,0.3507997258506488
75,MCAR,0.0,0.0,0.0,0.3128,0.30047445827027003,0.32531068180369543
75,MCAR,0.0,0.15,0.0,0.31775,0.30536941378741245,0.33031082859752725
75,MCAR,0.0,0.3,0.0,0.31505,0.30269923567148904,0.3275836781549609
75,MCAR,0.0,0.45,0.0,0.31575,0.30339145755069696,0.3282907636740466
75,MCAR,0.1,0.0,0.1,0.31785,0.30546831856088685,0.330411824882919
75,MCAR,0.1,0.15,0.1,0.3223,0.3098702485318402,0.33490549211233167
75,MCAR,0.1,0.3,0.1,0.3204,0.30799061342733125,0.33298700704469797
75,MCAR,0.1,0.45,0.1,0.31825,0.30586394427095553,0.33081580340912303
75,MCAR,0.2,0.0,0.1988888888888889,0.3264,0.3139271068694487,0.3390445773988144
75,MCAR,0.2,0.15,0.1988888888888889,0.32795,0.31546108158129915,0.34060906921191014
75,MCAR,0.2,0.3,0.1988888888888889,0.32775,0.31526314063100913,0.3404072080289534
75,MCAR,0.2,0.45,0.1988888888888889,0.32445,0.31199748895077084,0.33707612455351393
75,MCAR,0.3,0.0,0.2917777777777778,0.3314,0.318875968523273,0.34409076911422815
75,MCAR,0.3,0.15,0.2917777777777778,0.3354,0.32283621186066536,0.34812656860049973
75,MCAR,0.3,0.3,0.2917777777777778,0.335,0.32244014166630486,0.3477230345075043
75,MCAR,0.3,0.45,0.2917777777777778,0.33075,0.3182325255483091,0.3434348551409648
75,MAR,0.0,0.0,0.0,0.3128,0.30047445827027003,0.32531068180369543
75,MAR,0.0,0.15,0.0,0.31775,0.30536941378741245,0.33031082859752725
75,MAR,0.0,0.3,0.0,0.31505,0.30269923567148904,0.3275836781549609
75,MAR,0.0,0.45,0.0,0.31575,0.30339145755069696,0.3282907636740466
75,MAR,0.1,0.0,0.09833333333333333,0.31695,0.3045781994438956,0.32950283447304046
75,MAR,0.1,0.15,0.09833333333333333,0.3198,0.3073970937130843,0.33238112039469464
75,MAR,0.1,0.3,0.09833333333333333,0.31855,0.30616067049583096,0.3311187803623001
75,MAR,0.1,0.45,0.09833333333333333,0.31615,0.30378702755108833,0.3286947979030716
75,MAR,0.2,0.0,0.19655555555555557,0.32365,0.31120592238801836,0.33626848260603664
75,MAR,0.2,0.15,0.19655555555555557,0.3255,0.31303648329194955,0.3381360913893841
75,MAR,0.2,0.3,0.19655555555555557,0.3227,0.31026599133025223,0.3353093535642708
75,MAR,0.2,0.45,0.19655555555555557,0.31925,0.30685305480120445,0.3318257034751922
75,MAR,0.3,0.0,0.2922222222222222,0.32965,0.3171436838237346,0.3423247851138899
75,MAR,0.3,0.15,0.2922222222222222,0.33355,0.3210044725058131,0.34626013813556006
75,MAR,0.3,0.3,0.2922222222222222,0.3314,0.318875968523273,0.34409076911422815
75,MAR,0.3,0.45,0.2922222222222222,0.3264,0.3139271068694487,0.3390445773988144
75,MNAR,0.0,0.0,0.0,0.3128,0.30047445827027003,0.32531068180369543
75,MNAR,0.0,0.15,0.0,0.31775,0.30536941378741245,0.33031082859752725
75,MNAR,0.0,0.3,0.0,0.31505,0.30269923567148904,0.3275836781549609
75,MNAR,0.0,0.45,0.0,0.31575,0.30339145755069696,0.3282907636740466
75,MNAR,0.1,0.0,0.09822222222222222,0.31735,0.3049738013146939,0.3299068368355924
75,MNAR,0.1,0.15,0.09822222222222222,0.31925,0.30685305480120445,0.3318257034751922
75,MNAR,0.1,0.3,0.09822222222222222,0.31695,0.3045781994438956,0.32950283447304046
75,MNAR,0.1,0.45,0.09822222222222222,0.3139,0.3015620849411012,0.32642196673987056
75,MNAR,0.2,0.0,0.20044444444444445,0.3205,0.308089535682197,0.33308798585081767
75,MNAR,0.2,0.15,0.20044444444444445,0.32235,0.309919715809147,0.3349559753662518
75,MNAR,0.2,0.3,0.20044444444444445,0.32085,0.30843576875034673,0.3334414064967375
75,MNAR,0.2,0.45,0.20044444444444445,0.31705,0.3046770989170781,0.3296038360580734
75,MNAR,0.3,0.0,0.2916666666666667,0.32415,0.3117006466020204,0.3367732637103564
75,MNAR,0.3,0.15,0.2916666666666667,0.3271,0.3146198503957075,0.33975114133323275
75,MNAR,0.3,0.3,0.2916666666666667,0.32555,0.3130859610004692,0.3381865642133123
75,MNAR,0.3,0.45,0.2916666666666667,0.32445,0.31199748895077084,0.33707612455351393
75,Structured,0.0,0.0,0.0,0.3128,0.30047445827027003,0.32531068180369543
75,Structured,0.0,0.15,0.0,0.31775,0.30536941378741245,0.33031082859752725
75,Structured,0.0,0.3,0.0,0.31505,0.30269923567148904,0.3275836781549609
75,Structured,0.0,0.45,0.0,0.31575,0.30339145755069696,0.3282907636740466
75,Structured,0.1,0.0,0.10155555555555555,0.3198,0.3073970937130843,0.33238112039469464
75,Structured,0.1,0.15,0.10155555555555555,0.32455,0.3120964377028049,0.3371770768656013
75,Structured,0.1,0.3,0.10155555555555555,0.3234,0.3109585663958255,0.3360160859397857
75,Structured,0.1,0.45,0.10155555555555555,0.3204,0.30799061342733125,0.33298700704469797
75,Structured,0.2,0.0,0.20055555555555554,0.3252,0.3127396204513136,0.3378332510357278
75,Structured,0.2,0.15,0.20055555555555554,0.32915,0.31664878148275777,0.3418201821160919
75,Structured,0.2,0.3,0.20055555555555554,0.32895,0.31645082505285427,0.3416183364109931
75,Structured,0.2,0.45,0.20055555555555554,0.32695,0.3144714026835909,0.3395997374463271
75,Structured,0.3,0.0,0.2986666666666667,0.33215,0.31961843635447373,0.3448475593039403
75,Structured,0.3,0.15,0.2986666666666667,0.33275,0.32021243652270914,0.3454529655552921
75,Structured,0.3,0.3,0.2986666666666667,0.33155,0.3190244592087537,0.34424213003261067
75,Structured,0.3,0.45,0.2986666666666667,0.33275,0.32021243652270914,0.3454529655552921
76,MCAR,0.0,0.0,0.0,0.3141,0.30175984394215943,0.3266240098502745
76,MCAR,0.0,0.15,0.0,0.31435,0.3020070464516807,0.3268765599805515
76,MCAR,0.0,0.3,0.0,0.3131,0.3007710756907414,0.3256137675477553
76,MCAR,0.0,0.45,0.0,0.3107,0.298398305537964,0.32318891240582376
76,MCAR,0.1,0.0,0.09622222222222222,0.3211,0.3086830830115387,0.33369384488904247
76,MCAR,0.1,0.15,0.09622222222222222,0.32155,0.3091282590190456,0.3341482236590657
76,MCAR,0.1,0.3,0.09622222222222222,0.31575,0.30339145755069696,0.3282907636740466
76,MCAR,0.1,0.45,0.09622222222222222,0.31555,0.3031936765417547,0.3280887425687762
76,MCAR,0.2,0.0,0.19411111111111112,0.32965,0.3171436838237346,0.3423247851138899
76,MCAR,0.2,0.15,0.19411111111111112,0.32995,0.3174406329477638,0.3426275391939923
76,MCAR,0.2,0.3,0.19411111111111112,0.32555,0.3130859610004692,0.3381865642133123
76,MCAR,0.2,0.45,0.19411111111111112,0.32525,0.31278909718531367,0.33788372483406354
76,MCAR,0.3,0.0,0.2937777777777778,0.3379,0.3253118803611238,0.3506484269206113
76,MCAR,0.3,0.15,0.2937777777777778,0.33545,0.3228857213493738,0.34817700964778836
76,MCAR,0.3,0.3,0.2937777777777778,0.3339,0.321351001082349,0.3466132633069022
76,MCAR,0.3,0.45,0.2937777777777778,0.3346,0.32204408163888487,0.34731949024866554
76,MAR,0.0,0.0,0.0,0.3141,0.30175984394215943,0.3266240098502745
76,MAR,0.0,0.15,0.0,0.31435,0.3020070464516807,0.3268765599805515
76,MAR,0.0,0.3,0.0,0.3131,0.3007710756907414,0.3256137675477553
76,MAR,0.0,0.45,0.0,0.3107,0.298398305537964,0.32318891240582376
76,MAR,0.1,0.0,0.09855555555555555,0.3188,0.30640794689184847,0.33137125661521105
76,MAR,0.1,0.15,0.09855555555555555,0.31945,0.3070508848261078,0.33202767557051155
76,MAR,0.1,0.3,0.09855555555555555,0.31475,0.3024025791461739,0.3272806315108248
76,MAR,0.1,0.45,0.09855555555555555,0.3142,0.30185872444500383,0.32672503040328615
76,MAR,0.2,0.0,0.1991111111111111,0.32405,0.3116017004554097,0.33667230879315
76,MAR,0.2,0.15,0.1991111111111111,0.32545,0.3129870057458007,0.33808561840310236
76,MAR,0.2,0.3,0.1991111111111111,0.3202,0.3077927708905119,0.3327850474597839
76,MAR,0.2,0.45,0.1991111111111111,0.32015,0.307743310667449,0.3327345571524627
76,MAR,0.3,0.0,0.29877777777777775,0.33165,0.3191234537995889,0.3443430365111074
76,MAR,0.3,0.15,0.29877777777777775,0.3305,0.317985054696365,0.34318257332131685
76,MAR,0.3,0.3,0.29877777777777775,0.3276,0.3151146866140797,0.3402558104461396
76,MAR,0.3,0.45,0.29877777777777775,0.32635,0.3138776264035645,0.3389941073319325
76,MNAR,0.0,0.0,0.0,0.3141,0.30175984394215943,0.3266240098502745
76,MNAR,0.0,0.15,0.0,0.31435,0.3020070464516807,0.3268765599805515
76,MNAR,0.0,0.3,0.0,0.3131,0.3007710756907414,0.3256137675477553
76,MNAR,0.0,0.45,0.0,0.3107,0.298398305537964,0.32318891240582376
76,MNAR,0.1,0.0,0.09866666666666667,0.31695,0.3045781994438956,0.32950283447304046
76,MNAR,0.1,0.15,0.09866666666666667,0.31565,0.30329256671347965,0.3281897534541162
76,MNAR,0.1,0.3,0.09866666666666667,0.3112,0.2988926007134577,0.32369412249597934
76,MNAR,0.1,0.45,0.09866666666666667,0.31165,0.2993374807625473,0.3241487971878183
76,MNAR,0.2,0.0,0.19722222222222222,0.32095,0.3085346939623258,0.3335423823460982
76,MNAR,0.2,0.15,0.19722222222222222,0.3194,0.3070014270726545,0.33197718279387894
76,MNAR,0.2,0.3,0.19722222222222222,0.31635,0.30398481653981796,0.3288968110295432
76,MNAR,0.2,0.45,0.19722222222222222,0.31465,0.3023036949715725,0.32717961462911005
76,MNAR,0.3,0.0,0.29544444444444445,0.3254,0.31293752836204436,0.33803514525445066
76,MNAR,0.3,0.15,0.29544444444444445,0.32365,0.31120592238801836,0.33626848260603664
76,MNAR,0.3,0.3,0.29544444444444445,0.32255,0.31011758655427196,0.33515790674622464
76,MNAR,0.3,0.45,0.29544444444444445,0.32175,0.30932611928544834,0.3343501655165161
76,Structured,0.0,0.0,0.0,0.3141,0.30175984394215943,0.3266240098502745
76,Structured,0.0,0.15,0.0,0.31435,0.3020070464516807,0.3268765599805515
76,Structured,0.0,0.3,0.0,0.3131,0.3007710756907414,0.3256137675477553
76,Structured,0.0,0.45,0.0,0.3107,0.298398305537964,0.32318891240582376
76,Structured,0.1,0.0,0.09688888888888889,0.3193,0.30690251206018265,0.33187619674624014
76,Structured,0.1,0.15,0.09688888888888889,0.31925,0.30685305480120445,0.3318257034751922
76,Structured,0.1,0.3,0.09688888888888889,0.31695,0.3045781994438956,0.32950283447304046
76,Structured,0.1,0.45,0.09688888888888889,0.3157,0.30334201204891303,0.3282402586472477
76,Structured,0.2,0.0,0.20355555555555555,0.32425,0.311799593400222,0.336874217976048
76,Structured,0.2,0.15,0.20355555555555555,0.32595,0.3134817885116856,0.3385903409623554
76,Structured,0.2,0.3,0.20355555555555555,0.3222,0.3097713144681385,0.33480452511363984
76,Structured,0.2,0.45,0.20355555555555555,0.321,0.30858415681458445,0.3335928700245397
76,Structured,0.3,0.0,0.30833333333333335,0.3291,0.31659929213376026,0.3417697209313116
76,Structured,0.3,0.15,0.30833333333333335,0.33075,0.3182325255483091,0.3434348551409648
76,Structured,0.3,0.3,0.30833333333333335,0.32885,0.3163518478041754,0.3415174125922792
76,Structured,0.3,0.45,0.30833333333333335,0.3272,0.3147188163459344,0.3398520764491144
77,MCAR,0.0,0.0,0.0,0.3149,0.3025509066587089,0.32743215558292094
77,MCAR,0.0,0.15,0.0,0.31555,0.3031936765417547,0.3280887425687762
77,MCAR,0.0,0.3,0.0,0.3175,0.30512215475012683,0.3300583349880029
77,MCAR,0.0,0.45,0.0,0.3165,0.30413316002523744,0.3290483191307408
77,MCAR,0.1,0.0,0.10211111111111111,0.3197,0.3072981760647233,0.3322801369826241
77,MCAR,0.1,0.15,0.10211111111111111,0.3218,0.3093755847617249,0.3344006505712535
77,MCAR,0.1,0.3,0.10211111111111111,0.3238,0.31135433794062406,0.33641991864872695
77,MCAR,0.1,0.45,0.10211111111111111,0.32225,0.309820781418164,0.33485500869480106
77,MCAR,0.2,0.0,0.19977777777777778,0.3268,0.314322956427803,0.33944833210325964
77,MCAR,0.2,0.15,0.19977777777777778,0.33075,0.3182325255483091,0.3434348551409648
77,MCAR,0.2,0.3,0.19977777777777778,0.3322,0.3196679354895928,0.34489801070368936
77,MCAR,0.2,0.45,0.19977777777777778,0.33105,0.3185294958633126,0.3437375880324606
77,MCAR,0.3,0.0,0.29744444444444446,0.33515,0.32258866679823694,0.34787436098320296
77,MCAR,0.3,0.15,0.29744444444444446,0.33865,0.32605465796096494,0.35140490737511515
77,MCAR,0.3,0.3,0.29744444444444446,0.33955,0.32694603788082094,0.35231263712538136
77,MCAR,0.3,0.45,0.29744444444444446,0.33845,0.325856580464922,0.35120318272296647
77,MAR,0.0,0.0,0.0,0.3149,0.3025509066587089,0.32743215558292094
77,MAR,0.0,0.15,0.0,0.31555,0.3031936765417547,0.3280887425687762
77,MAR,0.0,0.3,0.0,0.3175,0.30512215475012683,0.3300583349880029
77,MAR,0.0,0.45,0.0,0.3165,0.30413316002523744,0.3290483191307408
77,MAR,0.1,0.0,0.09966666666666667,0.31825,0.30586394427095553,0.33081580340912303
77,MAR,0.1,0.15,0.09966666666666667,0.3207,0.30828738216402635,0.3332899414911948
77,MAR,0.1,0.3,0.09966666666666667,0.32115,0.30873254635619307,0.3337443320751448
77,MAR,0.1,0.45,0.09966666666666667,0.3207,0.30828738216402635,0.3332899414911948
77,MAR,0.2,0.0,0.20144444444444445,0.3234,0.3109585663958255,0.3360160859397857
77,MAR,0.2,0.15,0.20144444444444445,0.3262,0.31372918597825206,0.3388426961590586
77,MAR,0.2,0.3,0.20144444444444445,0.32605,0.31358074701185357,0.3386912835274378
77,MAR,0.2,0.45,0.20144444444444445,0.32735,0.31486726648412083,0.3400034779102285
77,MAR,0.3,0.0,0.29677777777777775,0.33055,0.3180345485458626,0.3432330300061011
77,MAR,0.3,0.15,0.29677777777777775,0.33415,0.3215985262719806,0.34686549079484585
77,MAR,0.3,0.3,0.29677777777777775,0.3344,0.3218460554406035,0.3471177143042298
77,MAR,0.3,0.45,0.29677777777777775,0.33095,0.3184305051169964,0.3436366777098722
77,MNAR,0.0,0.0,0.0,0.3149,0.3025509066587089,0.32743215558292094
77,MNAR,0.0,0.15,0.0,0.31555,0.3031936765417547,0.3280887425687762
77,MNAR,0.0,0.3,0.0,0.3175,0.30512215475012683,0.3300583349880029
77,MNAR,0.0,0.45,0.0,0.3165,0.30413316002523744,0.3290483191307408
77,MNAR,0.1,0.0,0.10122222222222223,0.31665,0.30428150500477,0.32919982573800927
77,MNAR,0.1,0.15,0.10122222222222223,0.31765,0.30527050967588826,0.33020983165026585
77,MNAR,0.1,0.3,0.10122222222222223,0.32025,0.30784223127805177,0.33283553760264833
77,MNAR,0.1,0.45,0.10122222222222223,0.319,0.306605770979717,0.3315732346468472
77,MNAR,0.2,0.0,0.19644444444444445,0.32075,0.3083368441952209,0.3333404299906028
77,MNAR,0.2,0.15,0.19644444444444445,0.32345,0.31100803726795706,0.3360665655993038
77,MNAR,0.2,0.3,0.19644444444444445,0.32445,0.31199748895077084,0.33707612455351393
77,MNAR,0.2,0.45,0.19644444444444445,0.32205,0.3096229146001584,0.33465307338817346
77,MNAR,0.3,0.0,0.29933333333333334,0.32175,0.30932611928544834,0.3343501655165161
77,MNAR,0.3,0.15,0.29933333333333334,0.32375,0.311304865926694,0.3363694401308725
77,MNAR,0.3,0.3,0.29933333333333334,0.3256,0.31313543887134115,0.3382370368749077
77,MNAR,0.3,0.45,0.29933333333333334,0.32515,0.31269014387980226,0.33778277707492377
77,Structured,0.0,0.0,0.0,0.3149,0.3025509066587089,0.32743215558292094
77,Structured,0.0,0.15,0.0,0.31555,0.3031936765417547,0.3280887425687762
77,Structured,0.0,0.3,0.0,0.3175,0.30512215475012683,0.3300583349880029
77,Structured,0.0,0.45,0.0,0.3165,0.30413316002523744,0.3290483191307408
77,Structured,0.1,0.0,0.10855555555555556,0.3197,0.3072981760647233,0.3322801369826241
77,Structured,0.1,0.15,0.10855555555555556,0.32005,0.3076443907148365,0.3326335760443668
77,Structured,0.1,0.3,0.10855555555555556,0.32405,0.3116017004554097,0.33667230879315
77,Structured,0.1,0.45,0.10855555555555556,0.3236,0.3111564508633123,0.3362180035990164
77,Structured,0.2,0.0,0.21122222222222223,0.32635,0.3138776264035645,0.3389941073319325
77,Structured,0.2,0.15,0.21122222222222223,0.3268,0.314322956427803,0.33944833210325964
77,Structured,0.2,0.3,0.21122222222222223,0.331,0.3184800004100062,0.3436871329513058
77,Structured,0.2,0.45,0.21122222222222223,0.3308,0.31828202019994334,0.3434853110237026
77,Structured,0.3,0.0,0.3061111111111111,0.33085,0.3183315150119477,0.343535766746089
77,Structured,0.3,0.15,0.3061111111111111,0.3338,0.3212519921211129,0.34651237119722933
77,Structured,0.3,0.3,0.3061111111111111,0.33835,0.32575754266279916,0.3511023194510945
77,Structured,0.3,0.45,0.3061111111111111,0.33725,0.32466816850108343,0.3499927818032549
78,MCAR,0.0,0.0,0.0,0.315,0.3026497925005713,0.32753317079758476
78,MCAR,0.0,0.15,0.0,0.3168,0.30442985147784574,0.3293513308519203
78,MCAR,0.0,0.3,0.0,0.31585,0.30349034905323646,0.3283917732287364
78,MCAR,0.0,0.45,0.0,0.31485,0.3025014639878088,0.3273816477255904
78,MCAR,0.1,0.0,0.10366666666666667,0.323,0.3105628052953818,0.3356122427877165
78,MCAR,0.1,0.15,0.10366666666666667,0.3261,0.31363022650518607,0.3387417545667603
78,MCAR,0.1,0.3,0.10366666666666667,0.3255,0.31303648329194955,0.3381360913893841
78,MCAR,0.1,0.45,0.10366666666666667,0.32245,0.31001865085456853,0.3350569413833393
78,MCAR,0.2,0.0,0.20922222222222223,0.3287,0.31620338313942253,0.3413660256560804
78,MCAR,0.2,0.15,0.20922222222222223,0.3315,0.31897496215347154,0.34419167655325383
78,MCAR,0.2,0.3,0.20922222222222223,0.3321,0.3195689373792323,0.3447971077443297
78,MCAR,0.2,0.45,0.20922222222222223,0.32655,0.314075549239173,0.3391959866275007
78,MCAR,0.3,0.0,0.30622222222222223,0.33775,0.325163329101234,0.3504971265700817
78,MCAR,0.3,0.15,0.30622222222222223,0.3405,0.32788699419202183,0.35327074102729916
78,MCAR,0.3,0.3,0.30622222222222223,0.33995,0.32734222309786665,0.3527160562078779
78,MCAR,0.3,0.45,0.30622222222222223,0.33485,0.32229161796409833,0.3475717066022349
78,MAR,0.0,0.0,0.0,0.315,0.3026497925005713,0.32753317079758476
78,MAR,0.0,0.15,0.0,0.3168,0.30442985147784574,0.3293513308519203
78,MAR,0.0,0.3,0.0,0.31585,0.30349034905323646,0.3283917732287364
78,MAR,0.0,0.45,0.0,0.31485,0.3025014639878088,0.3273816477255904
78,MAR,0.1,0.0,0.10411111111111111,0.3215,0.30907879436222013,0.33409773778497565
78,MAR,0.1,0.15,0.10411111111111111,0.324,0.31155222762650087,0.33662183109017974
78,MAR,0.1,0.3,0.10411111111111111,0.32215,0.30972184768178207,0.33475404136882747
78,MAR,0.1,0.45,0.10411111111111111,0.3186,0.30621012544480636,0.3311692759430689
78,MAR,0.2,0.0,0.20044444444444445,0.3265,0.3140260682872722,0.33914551704657897
78,MAR,0.2,0.15,0.20044444444444445,0.3307,0.31818303105706797,0.3433843990978525
78,MAR,0.2,0.3,0.20044444444444445,0.3282,0.315708511401294,0.34086139205889027
78,MAR,0.2,0.45,0.20044444444444445,0.32275,0.31031545991588017,0.3353598355100246
78,MAR,0.3,0.0,0.30133333333333334,0.33295,0.32041044168949306,0.34565476252893135
78,MAR,0.3,0.15,0.30133333333333334,0.33615,0.323578870846801,0.34888316765609917
78,MAR,0.3,0.3,0.30133333333333334,0.335,0.32244014166630486,0.3477230345075043
78,MAR,0.3,0.45,0.30133333333333334,0.3296,0.31709419286574375,0.3422743255379227
78,MNAR,0.0,0.0,0.0,0.315,0.3026497925005713,0.32753317079758476
78,MNAR,0.0,0.15,0.0,0.3168,0.30442985147784574,0.3293513308519203
78,MNAR,0.0,0.3,0.0,0.31585,0.30349034905323646,0.3283917732287364
78,MNAR,0.0,0.45,0.0,0.31485,0.3025014639878088,0.3273816477255904
78,MNAR,0.1,0.0,0.10522222222222222,0.3197,0.3072981760647233,0.3322801369826241
78,MNAR,0.1,0.15,0.10522222222222222,0.32155,0.3091282590190456,0.3341482236590657
78,MNAR,0.1,0.3,0.10522222222222222,0.32055,0.3081389970561719,0.33313847500736427
78,MNAR,0.1,0.45,0.10522222222222222,0.3173,0.30492435050083094,0.3298563371202153
78,MNAR,0.2,0.0,0.20822222222222223,0.3251,0.3126406674707984,0.33773230295162904
78,MNAR,0.2,0.15,0.20822222222222223,0.3255,0.31303648329194955,0.3381360913893841
78,MNAR,0.2,0.3,0.20822222222222223,0.32285,0.310414397577468,0.33546079891125663
78,MNAR,0.2,0.45,0.20822222222222223,0.31925,0.30685305480120445,0.3318257034751922
78,MNAR,0.3,0.0,0.30622222222222223,0.3284,0.3159064581615211,0.3410632474325717
78,MNAR,0.3,0.15,0.30622222222222223,0.3294,0.316896230642122,0.34207248562588954
78,MNAR,0.3,0.3,0.30622222222222223,0.32805,0.31556005302512685,0.3407099988348175
78,MNAR,0.3,0.45,0.30622222222222223,0.32385,0.3114038101175886,0.33647039700356596
78,Structured,0.0,0.0,0.0,0.315,0.3026497925005713,0.32753317079758476
78,Structured,0.0,0.15,0.0,0.3168,0.30442985147784574,0.3293513308519203
78,Structured,0.0,0.3,0.0,0.31585,0.30349034905323646,0.3283917732287364
78,Structured,0.0,0.45,0.0,0.31485,0.3025014639878088,0.3273816477255904
78,Structured,0.1,0.0,0.10411111111111111,0.3208,0.30838630639066605,0.3333909183257778
78,Structured,0.1,0.15,0.10411111111111111,0.32215,0.30972184768178207,0.33475404136882747
78,Structured,0.1,0.3,0.10411111111111111,0.3212,0.30878200986494075,0.33379481909717723
78,Structured,0.1,0.45,0.10411111111111111,0.3205,0.308089535682197,0.33308798585081767
78,Structured,0.2,0.0,0.207,0.3269,0.31442192043648837,0.33954926916045897
78,Structured,0.2,0.15,0.207,0.3297,0.31719317494252314,0.3423752445290792
78,Structured,0.2,0.3,0.207,0.32925,0.31674776066368404,0.3419211040027758
78,Structured,0.2,0.45,0.207,0.32585,0.3133828306603088,0.33848939774855347
78,Structured,0.3,0.0,0.30177777777777776,0.3321,0.3195689373792323,0.3447971077443297
78,Structured,0.3,0.15,0.30177777777777776,0.3365,0.32392545724493876,0.34923623501207823
78,Structured,0.3,0.3,0.30177777777777776,0.3347,0.3221430956920949,0.34742037726691705
78,Structured,0.3,0.45,0.30177777777777776,0.33135,0.31882647194839164,0.344040315154523
79,MCAR,0.0,0.0,0.0,0.31385,0.3015126456085956,0.3263714555445633
79,MCAR,0.0,0.15,0.0,0.3179,0.305517771195804,0.33046232277746507
79,MCAR,0.0,0.3,0.0,0.31885,0.3064574026662897,0.3314217513706159
79,MCAR,0.0,0.45,0.0,0.31805,0.30566613009301946,0.3306138154687596
79,MCAR,0.1,0.0,0.09255555555555556,0.31905,0.3066552274141585,0.3316237287423318
79,MCAR,0.1,0.15,0.09255555555555556,0.3254,0.31293752836204436,0.33803514525445066
79,MCAR,0.1,0.3,0.09255555555555556,0.3265,0.3140260682872722,0.33914551704657897
79,MCAR,0.1,0.45,0.09255555555555556,0.325,0.31254171514039103,0.33763135421750073
79,MCAR,0.2,0.0,0.19211111111111112,0.3253,0.31283857408178145,0.33793419846994943
79,MCAR,0.2,0.15,0.19211111111111112,0.32875,0.3162528711998803,0.3414164881292556
79,MCAR,0.2,0.3,0.19211111111111112,0.33025,0.31773758785647443,0.34293028749006393
79,MCAR,0.2,0.45,0.19211111111111112,0.32895,0.31645082505285427,0.3416183364109931
79,MCAR,0.3,0.0,0.2961111111111111,0.3322,0.3196679354895928,0.34489801070368936
79,MCAR,0.3,0.15,0.2961111111111111,0.3367,0.32412351009900786,0.34943798430359074
79,MCAR,0.3,0.3,0.2961111111111111,0.33715,0.324569138277376,0.3498919109537676
79,MCAR,0.3,0.45,0.2961111111111111,0.3349,0.322341125705946,0.3476221493961955
79,MAR,0.0,0.0,0.0,0.31385,0.3015126456085956,0.3263714555445633
79,MAR,0.0,0.15,0.0,0.3179,0.305517771195804,0.33046232277746507
79,MAR,0.0,0.3,0.0,0.31885,0.3064574026662897,0.3314217513706159
79,MAR,0.0,0.45,0.0,0.31805,0.30566613009301946,0.3306138154687596
79,MAR,0.1,0.0,0.09222222222222222,0.31775,0.30536941378741245,0.33031082859752725
79,MAR,0.1,0.15,0.09222222222222222,0.32385,0.3114038101175886,0.33647039700356596
79,MAR,0.1,0.3,0.09222222222222222,0.32315,0.31071121448345784,0.33576368519418903
79,MAR,0.1,0.45,0.09222222222222222,0.3228,0.3103649286649587,0.3354103172923464
79,MAR,0.2,0.0,0.18544444444444444,0.3216,0.3091777238398001,0.33419870936924484
79,MAR,0.2,0.15,0.18544444444444444,0.32705,0.3145703676632196,0.3397006735326953
79,MAR,0.2,0.3,0.18544444444444444,0.32785,0.31536211078321036,0.34050813894333964
79,MAR,0.2,0.45,0.18544444444444444,0.3258,0.31333335197796613,0.3384389258983372
79,MAR,0.3,0.0,0.28855555555555557,0.3285,0.31600543250929736,0.34116417415185946
79,MAR,0.3,0.15,0.28855555555555557,0.33325,0.32070745422698754,0.345957453202598
79,MAR,0.3,0.3,0.28855555555555557,0.33355,0.3210044725058131,0.34626013813556006
79,MAR,0.3,0.45,0.28855555555555557,0.3297,0.31719317494252314,0.3423752445290792
79,MNAR,0.0,0.0,0.0,0.31385,0.3015126456085956,0.3263714555445633
79,MNAR,0.0,0.15,0.0,0.3179,0.305517771195804,0.33046232277746507
79,MNAR,0.0,0.3,0.0,0.31885,0.3064574026662897,0.3314217513706159
79,MNAR,0.0,0.45,0.0,0.31805,0.30566613009301946,0.3306138154687596
79,MNAR,0.1,0.0,0.09366666666666666,0.31345,0.30111713696764125,0.3259673599637732
79,MNAR,0.1,0.15,0.09366666666666666,0.3217,0.309276653973022,0.33429968029794954
79,MNAR,0.1,0.3,0.09366666666666666,0.32265,0.3102165229080941,0.33525887145506794
79,MNAR,0.1,0.45,0.09366666666666666,0.32025,0.30784223127805177,0.33283553760264833
79,MNAR,0.2,0.0,0.19177777777777777,0.3192,0.3068035977070917,0.3317752100392973
79,MNAR,0.2,0.15,0.19177777777777777,0.32565,0.31318491690454625,0.3382875093741882
79,MNAR,0.2,0.3,0.19177777777777777,0.32555,0.3130859610004692,0.3381865642133123
79,MNAR,0.2,0.45,0.19177777777777777,0.32355,0.3111069795017209,0.3361675244289006
79,MNAR,0.3,0.0,0.29555555555555557,0.324,0.31155222762650087,0.33662183109017974
79,MNAR,0.3,0.15,0.29555555555555557,0.32725,0.3147682995636376,0.33990254376449286
79,MNAR,0.3,0.3,0.29555555555555557,0.3283,0.3158074844588031,0.34096232006829874
79,MNAR,0.3,0.45,0.29555555555555557,0.327,0.3145208850925077,0.3396502055703995
79,Structured,0.0,0.0,0.0,0.31385,0.3015126456085956,0.3263714555445633
79,Structured,0.0,0.15,0.0,0.3179,0.305517771195804,0.33046232277746507
79,Structured,0.0,0.3,0.0,0.31885,0.3064574026662897,0.3314217513706159
79,Structured,0.0,0.45,0.0,0.31805,0.30566613009301946,0.3306138154687596
79,Structured,0.1,0.0,0.10088888888888889,0.31885,0.3064574026662897,0.3314217513706159
79,Structured,0.1,0.15,0.10088888888888889,0.3244,0.3119480148189144,0.33702564815333896
79,Structured,0.1,0.3,0.10088888888888889,0.32375,0.311304865926694,0.3363694401308725
79,Structured,0.1,0.45,0.10088888888888889,0.32375,0.311304865926694,0.3363694401308725
79,Structured,0.2,0.0,0.1978888888888889,0.32375,0.311304865926694,0.3363694401308725
79,Structured,0.2,0.15,0.1978888888888889,0.3289,0.31640133634797757,0.34156787458216537
79,Structured,0.2,0.3,0.1978888888888889,0.32915,0.31664878148275777,0.3418201821160919
79,Structured,0.2,0.45,0.1978888888888889,0.33015,0.3176386022444089,0.34282937203379654
79,Structured,0.3,0.0,0.304,0.3297,0.31719317494252314,0.3423752445290792
79,Structured,0.3,0.15,0.304,0.3336,0.3210539761101969,0.3463105850665359
79,Structured,0.3,0.3,0.304,0.3353,0.3227371933594185,0.348025686029805
79,Structured,0.3,0.45,0.304,0.33555,0.3229847408028729,0.34827789126633324
80,MCAR,0.0,0.0,0.0,0.31235,0.30002954345431015,0.3248560418742921
80,MCAR,0.0,0.15,0.0,0.31525,0.30289701002124025,0.32778570591859313
80,MCAR,0.0,0.3,0.0,0.31505,0.30269923567148904,0.3275836781549609
80,MCAR,0.0,0.45,0.0,0.31205,0.2997329411270814,0.32455294103890586
80,MCAR,0.1,0.0,0.10244444444444445,0.32255,0.31011758655427196,0.33515790674622464
80,MCAR,0.1,0.15,0.10244444444444445,0.3254,0.31293752836204436,0.33803514525445066
80,MCAR,0.1,0.3,0.10244444444444445,0.3223,0.3098702485318402,0.33490549211233167
80,MCAR,0.1,0.45,0.10244444444444445,0.3194,0.3070014270726545,0.33197718279387894
80,MCAR,0.2,0.0,0.19944444444444445,0.3291,0.31659929213376026,0.3417697209313116
80,MCAR,0.2,0.15,0.19944444444444445,0.33355,0.3210044725058131,0.34626013813556006
80,MCAR,0.2,0.3,0.19944444444444445,0.32925,0.31674776066368404,0.3419211040027758
80,MCAR,0.2,0.45,0.19944444444444445,0.32635,0.3138776264035645,0.3389941073319325
80,MCAR,0.3,0.0,0.30233333333333334,0.3329,0.32036094015836897,0.3456043135249248
80,MCAR,0.3,0.15,0.30233333333333334,0.33865,0.32605465796096494,0.35140490737511515
80,MCAR,0.3,0.3,0.30233333333333334,0.33395,0.3214005058018492,0.3466637091228824
80,MCAR,0.3,0.45,0.30233333333333334,0.3321,0.3195689373792323,0.3447971077443297
80,MAR,0.0,0.0,0.0,0.31235,0.30002954345431015,0.3248560418742921
80,MAR,0.0,0.15,0.0,0.31525,0.30289701002124025,0.32778570591859313
80,MAR,0.0,0.3,0.0,0.31505,0.30269923567148904,0.3275836781549609
80,MAR,0.0,0.45,0.0,0.31205,0.2997329411270814,0.32455294103890586
80,MAR,0.1,0.0,0.10377777777777777,0.32095,0.3085346939623258,0.3335423823460982
80,MAR,0.1,0.15,0.10377777777777777,0.32315,0.31071121448345784,0.33576368519418903
80,MAR,0.1,0.3,0.10377777777777777,0.32025,0.30784223127805177,0.33283553760264833
80,MAR,0.1,0.45,0.10377777777777777,0.3169,0.3045287499560279,0.3294523334318302
80,MAR,0.2,0.0,0.20144444444444445,0.32595,0.3134817885116856,0.3385903409623554
80,MAR,0.2,0.15,0.20144444444444445,0.32905,0.31654980294576396,0.3417192595855475
80,MAR,0.2,0.3,0.20144444444444445,0.32515,0.31269014387980226,0.33778277707492377
80,MAR,0.2,0.45,0.20144444444444445,0.32085,0.30843576875034673,0.3334414064967375
80,MAR,0.3,0.0,0.3006666666666667,0.32855,0.3160549199250344,0.34121463726968015
80,MAR,0.3,0.15,0.3006666666666667,0.3323,0.3197669342393961,0.34499891302367736
80,MAR,0.3,0.3,0.3006666666666667,0.3284,0.3159064581615211,0.3410632474325717
80,MAR,0.3,0.45,0.3006666666666667,0.3269,0.31442192043648837,0.33954926916045897
80,MNAR,0.0,0.0,0.0,0.31235,0.30002954345431015,0.3248560418742921
80,MNAR,0.0,0.15,0.0,0.31525,0.30289701002124025,0.32778570591859313
80,MNAR,0.0,0.3,0.0,0.31505,0.30269923567148904,0.3275836781549609
80,MNAR,0.0,0.45,0.0,0.31205,0.2997329411270814,0.32455294103890586
80,MNAR,0.1,0.0,0.09888888888888889,0.3195,0.30710034274434517,0.3320781681823802
80,MNAR,0.1,0.15,0.09888888888888889,0.3197,0.3072981760647233,0.3322801369826241
80,MNAR,0.1,0.3,0.09888888888888889,0.3162,0.3038364745490822,0.3287453014338459
80,MNAR,0.1,0.45,0.09888888888888889,0.314,0.30166096410746607,0.3265229886291944
80,MNAR,0.2,0.0,0.20144444444444445,0.32025,0.30784223127805177,0.33283553760264833
80,MNAR,0.2,0.15,0.20144444444444445,0.32325,0.310810154758667,0.33586464598210725
80,MNAR,0.2,0.3,0.20144444444444445,0.31845,0.30606176109336536,0.3310177887053345
80,MNAR,0.2,0.45,0.20144444444444445,0.31755,0.3051716062264839,0.33010883404096775
80,MNAR,0.3,0.0,0.3028888888888889,0.32105,0.30863361983099474,0.33364335753884694
80,MNAR,0.3,0.15,0.3028888888888889,0.32685,0.31437243835121914,0.3394988007127762
80,MNAR,0.3,0.3,0.3028888888888889,0.3246,0.31214591232294264,0.3372275527775519
80,MNAR,0.3,0.45,0.3028888888888889,0.32165,0.3092271888244659,0.334249194915533
80,Structured,0.0,0.0,0.0,0.31235,0.30002954345431015,0.3248560418742921
80,Structured,0.0,0.15,0.0,0.31525,0.30289701002124025,0.32778570591859313
80,Structured,0.0,0.3,0.0,0.31505,0.30269923567148904,0.3275836781549609
80,Structured,0.0,0.45,0.0,0.31205,0.2997329411270814,0.32455294103890586
80,Structured,0.1,0.0,0.10188888888888889,0.3197,0.3072981760647233,0.3322801369826241
80,Structured,0.1,0.15,0.10188888888888889,0.3222,0.3097713144681385,0.33480452511363984
80,Structured,0.1,0.3,0.10188888888888889,0.32045,0.3080400744725764,0.33303749652993564
80,Structured,0.1,0.45,0.10188888888888889,0.3191,0.30670468401354845,0.33167422267288876
80,Structured,0.2,0.0,0.19955555555555557,0.3253,0.31283857408178145,0.33793419846994943
80,Structured,0.2,0.15,0.19955555555555557,0.33075,0.3182325255483091,0.3434348551409648
80,Structured,0.2,0.3,0.19955555555555557,0.32845,0.3159559452547863,0.3411137108728301
80,Structured,0.2,0.45,0.19955555555555557,0.32755,0.3150652022648783,0.34020534426212945
80,Structured,0.3,0.0,0.3008888888888889,0.32955,0.31704470206856833,0.3422238658011565
80,Structured,0.3,0.15,0.3008888888888889,0.33685,0.3242720514013851,0.34958929461057675
80,Structured,0.3,0.3,0.3008888888888889,0.3333,0.32075695687485883,0.34600790108998053
80,Structured,0.3,0.45,0.3008888888888889,0.3333,0.32075695687485883,0.34600790108998053
81,MCAR,0.0,0.0,0.0,0.3057,0.2934562844464504,0.31813588096188217
81,MCAR,0.0,0.15,0.0,0.31145,0.2991397546142218,0.32394672122884943
81,MCAR,0.0,0.3,0.0,0.3153,0.3029464540250918,0.32783621244314004
81,MCAR,0.0,0.45,0.0,0.3135,0.30116657496236793,0.32601787249669084
81,MCAR,0.1,0.0,0.10466666666666667,0.3161,0.3037375807192537,0.3286442942061563
81,MCAR,0.1,0.15,0.10466666666666667,0.32015,0.307743310667449,0.3327345571524627
81,MCAR,0.1,0.3,0.10466666666666667,0.32245,0.31001865085456853,0.3350569413833393
81,MCAR,0.1,0.45,0.10466666666666667,0.32135,0.30893040137553046,0.3339462791790372
81,MCAR,0.2,0.0,0.20222222222222222,0.32155,0.3091282590190456,0.3341482236590657
81,MCAR,0.2,0.15,0.20222222222222222,0.32615,0.31367970616065793,0.3387922254439605
81,MCAR,0.2,0.3,0.20222222222222222,0.32935,0.31684674048839406,0.3420220252457483
81,MCAR,0.2,0.45,0.20222222222222222,0.32665,0.3141745116288572,0.3392969253035149
81,MCAR,0.3,0.0,0.308,0.33075,0.3182325255483091,0.3434348551409648
81,MCAR,0.3,0.15,0.308,0.3343,0.32174704329581805,0.34701682537776113
81,MCAR,0.3,0.3,0.308,0.3369,0.32432156548528984,0.34963973106316015
81,MCAR,0.3,0.45,0.308,0.3349,0.322341125705946,0.3476221493961955
81,MAR,0.0,0.0,0.0,0.3057,0.2934562844464504,0.31813588096188217
81,MAR,0.0,0.15,0.0,0.31145,0.2991397546142218,0.32394672122884943
81,MAR,0.0,0.3,0.0,0.3153,0.3029464540250918,0.32783621244314004
81,MAR,0.0,0.45,0.0,0.3135,0.30116657496236793,0.32601787249669084
81,MAR,0.1,0.0,0.10555555555555556,0.3146,0.30225425313446236,0.3271291059380931
81,MAR,0.1,0.15,0.10555555555555556,0.3182,0.30581449047850173,0.3307653066719727
81,MAR,0.1,0.3,0.10555555555555556,0.31925,0.30685305480120445,0.3318257034751922
81,MAR,0.1,0.45,0.10555555555555556,0.31705,0.3046770989170781,0.3296038360580734
81,MAR,0.2,0.0,0.20566666666666666,0.31845,0.30606176109336536,0.3310177887053345
81,MAR,0.2,0.15,0.20566666666666666,0.32205,0.3096229146001584,0.33465307338817346
81,MAR,0.2,0.3,0.20566666666666666,0.3265,0.3140260682872722,0.33914551704657897
81,MAR,0.2,0.45,0.20566666666666666,0.32455,0.3120964377028049,0.3371770768656013
81,MAR,0.3,0.0,0.30433333333333334,0.32645,0.3139765874973577,0.33909504730369017
81,MAR,0.3,0.15,0.30433333333333334,0.33085,0.3183315150119477,0.343535766746089
81,MAR,0.3,0.3,0.30433333333333334,0.33175,0.31922244903066566,0.3444439423494328
81,MAR,0.3,0.45,0.30433333333333334,0.33025,0.31773758785647443,0.34293028749006393
81,MNAR,0.0,0.0,0.0,0.3057,0.2934562844464504,0.31813588096188217
81,MNAR,0.0,0.15,0.0,0.31145,0.2991397546142218,0.32394672122884943
81,MNAR,0.0,0.3,0.0,0.3153,0.3029464540250918,0.32783621244314004
81,MNAR,0.0,0.45,0.0,0.3135,0.30116657496236793,0.32601787249669084
81,MNAR,0.1,0.0,0.10077777777777777,0.3122,0.29988124153529216,0.32470449221190645
81,MNAR,0.1,0.15,0.10077777777777777,0.31425,0.3019081649469298,0.3267755404293206
81,MNAR,0.1,0.3,0.10077777777777777,0.3179,0.305517771195804,0.33046232277746507
81,MNAR,0.1,0.45,0.10077777777777777,0.31665,0.30428150500477,0.32919982573800927
81,MNAR,0.2,0.0,0.20444444444444446,0.31615,0.30378702755108833,0.3286947979030716
81,MNAR,0.2,0.15,0.20444444444444446,0.3196,0.3071992590750897,0.3321791529119073
81,MNAR,0.2,0.3,0.20444444444444446,0.32195,0.30952398217345584,0.33455210475267594
81,MNAR,0.2,0.45,0.20444444444444446,0.3172,0.3048254493701549,0.32975533719247196
81,MNAR,0.3,0.0,0.3071111111111111,0.3192,0.3068035977070917,0.3317752100392973
81,MNAR,0.3,0.15,0.3071111111111111,0.3239,0.3114532824575702,0.33652087519540624
81,MNAR,0.3,0.3,0.3071111111111111,0.3247,0.3122448620513657,0.33732850411336474
81,MNAR,0.3,0.45,0.3071111111111111,0.3217,0.309276653973022,0.33429968029794954
81,Structured,0.0,0.0,0.0,0.3057,0.2934562844464504,0.31813588096188217
81,Structured,0.0,0.15,0.0,0.31145,0.2991397546142218,0.32394672122884943
81,Structured,0.0,0.3,0.0,0.3153,0.3029464540250918,0.32783621244314004
81,Structured,0.0,0.45,0.0,0.3135,0.30116657496236793,0.32601787249669084
81,Structured,0.1,0.0,0.09444444444444444,0.31435,0.3020070464516807,0.3268765599805515
81,Structured,0.1,0.15,0.09444444444444444,0.32025,0.30784223127805177,0.33283553760264833
81,Structured,0.1,0.3,0.09444444444444444,0.32255,0.31011758655427196,0.33515790674622464
81,Structured,0.1,0.45,0.09444444444444444,0.32005,0.3076443907148365,0.3326335760443668
81,Structured,0.2,0.0,0.187,0.3224,0.3099691832500617,0.33500645845658134
81,Structured,0.2,0.15,0.187,0.328,0.31551056722250576,0.3406595341040624
81,Structured,0.2,0.3,0.187,0.32855,0.3160549199250344,0.34121463726968015
81,Structured,0.2,0.45,0.187,0.327,0.3145208850925077,0.3396502055703995
81,Structured,0.3,0.0,0.2927777777777778,0.3294,0.316896230642122,0.34207248562588954
81,Structured,0.3,0.15,0.2927777777777778,0.3331,0.3205589472403314,0.34580610858359534
81,Structured,0.3,0.3,0.2927777777777778,0.33465,0.3220935885859981,0.3473699338372746
81,Structured,0.3,0.45,0.2927777777777778,0.33305,0.3205094452304919,0.34575566005824937
82,MCAR,0.0,0.0,0.0,0.31035,0.2980523089415026,0.3228352553176208
82,MCAR,0.0,0.15,0.0,0.31325,0.3009193866621551,0.3257653081588936
82,MCAR,0.0,0.3,0.0,0.31595,0.30358924122092795,0.32849278211835903
82,MCAR,0.0,0.45,0.0,0.316,0.30363868755415274,0.32854328631382096
82,MCAR,0.1,0.0,0.09811111111111111,0.32035,0.30794115254648186,0.33293651739508434
82,MCAR,0.1,0.15,0.09811111111111111,0.32405,0.3116017004554097,0.33667230879315
82,MCAR,0.1,0.3,0.09811111111111111,0.32525,0.31278909718531367,0.33788372483406354
82,MCAR,0.1,0.45,0.09811111111111111,0.32475,0.3122943371596104,0.3373789795372659
82,MCAR,0.2,0.0,0.20077777777777778,0.3279,0.31541159610152775,0.34055860415834194
82,MCAR,0.2,0.15,0.20077777777777778,0.3335,0.32095496906080306,0.3462096910452284
82,MCAR,0.2,0.3,0.20077777777777778,0.33345,0.32090546577518475,0.34615924379552254
82,MCAR,0.2,0.45,0.20077777777777778,0.33235,0.3198164338540427,0.34504936394395325
82,MCAR,0.3,0.0,0.3012222222222222,0.33465,0.3220935885859981,0.3473699338372746
82,MCAR,0.3,0.15,0.3012222222222222,0.34015,0.3275403194785961,0.35291776197731217
82,MCAR,0.3,0.3,0.3012222222222222,0.3397,0.32709460615802005,0.35246392046038827
82,MCAR,0.3,0.45,0.3012222222222222,0.3379,0.3253118803611238,0.3506484269206113
82,MAR,0.0,0.0,0.0,0.31035,0.2980523089415026,0.3228352553176208
82,MAR,0.0,0.15,0.0,0.31325,0.3009193866621551,0.3257653081588936
82,MAR,0.0,0.3,0.0,0.31595,0.30358924122092795,0.32849278211835903
82,MAR,0.0,0.45,0.0,0.316,0.30363868755415274,0.32854328631382096
82,MAR,0.1,0.0,0.09833333333333333,0.3183,0.3059133982286917,0.33086629998101325
82,MAR,0.1,0.15,0.09833333333333333,0.3212,0.30878200986494075,0.33379481909717723
82,MAR,0.1,0.3,0.09833333333333333,0.3219,0.30947451620574834,0.33450162018931257
82,MAR,0.1,0.45,0.09833333333333333,0.3225,0.3100681186226449,0.3351074241465482
82,MAR,0.2,0.0,0.20266666666666666,0.32415,0.3117006466020204,0.3367732637103564
82,MAR,0.2,0.15,0.20266666666666666,0.3288,0.3163023594214711,0.3414669504413154
82,MAR,0.2,0.3,0.20266666666666666,0.32855,0.3160549199250344,0.34121463726968015
82,MAR,0.2,0.45,0.20266666666666666,0.32615,0.31367970616065793,0.3387922254439605
82,MAR,0.3,0.0,0.3032222222222222,0.3308,0.31828202019994334,0.3434853110237026
82,MAR,0.3,0.15,0.3032222222222222,0.3335,0.32095496906080306,0.3462096910452284
82,MAR,0.3,0.3,0.3032222222222222,0.33355,0.3210044725058131,0.34626013813556006
82,MAR,0.3,0.45,0.3032222222222222,0.3311,0.31857899147690044,0.3437880429533525
82,MNAR,0.0,0.0,0.0,0.31035,0.2980523089415026,0.3228352553176208
82,MNAR,0.0,0.15,0.0,0.31325,0.3009193866621551,0.3257653081588936
82,MNAR,0.0,0.3,0.0,0.31595,0.30358924122092795,0.32849278211835903
82,MNAR,0.0,0.45,0.0,0.316,0.30363868755415274,0.32854328631382096
82,MNAR,0.1,0.0,0.0961111111111111,0.31835,0.30596285235168447,0.3309167963876641
82,MNAR,0.1,0.15,0.0961111111111111,0.32055,0.3081389970561719,0.33313847500736427
82,MNAR,0.1,0.3,0.0961111111111111,0.32055,0.3081389970561719,0.33313847500736427
82,MNAR,0.1,0.45,0.0961111111111111,0.32045,0.3080400744725764,0.33303749652993564
82,MNAR,0.2,0.0,0.19822222222222222,0.32315,0.31071121448345784,0.33576368519418903
82,MNAR,0.2,0.15,0.19822222222222222,0.3267,0.31422399306660215,0.3393473943986484
82,MNAR,0.2,0.3,0.19822222222222222,0.3262,0.31372918597825206,0.3388426961590586
82,MNAR,0.2,0.45,0.19822222222222222,0.3241,0.3116511734472572,0.3367227863332031
82,MNAR,0.3,0.0,0.2971111111111111,0.3256,0.31313543887134115,0.3382370368749077
82,MNAR,0.3,0.15,0.2971111111111111,0.3298,0.3172921576624143,0.3424761628771953
82,MNAR,0.3,0.3,0.2971111111111111,0.3294,0.316896230642122,0.34207248562588954
82,MNAR,0.3,0.45,0.2971111111111111,0.3266,0.31412503035304107,0.33924645604647263
82,Structured,0.0,0.0,0.0,0.31035,0.2980523089415026,0.3228352553176208
82,Structured,0.0,0.15,0.0,0.31325,0.3009193866621551,0.3257653081588936
82,Structured,0.0,0.3,0.0,0.31595,0.30358924122092795,0.32849278211835903
82,Structured,0.0,0.45,0.0,0.316,0.30363868755415274,0.32854328631382096
82,Structured,0.1,0.0,0.10233333333333333,0.31645,0.30408371203072354,0.3289978165963611
82,Structured,0.1,0.15,0.10233333333333333,0.31875,0.30635849128245896,0.3313207616947738
82,Structured,0.1,0.3,0.10233333333333333,0.3217,0.309276653973022,0.33429968029794954
82,Structured,0.1,0.45,0.10233333333333333,0.32155,0.3091282590190456,0.3341482236590657
82,Structured,0.2,0.0,0.19966666666666666,0.32295,0.3105133358926994,0.33556176165892226
82,Structured,0.2,0.15,0.19966666666666666,0.3263,0.3138281460997241,0.33894363710302455
82,Structured,0.2,0.3,0.19966666666666666,0.3261,0.31363022650518607,0.3387417545667603
82,Structured,0.2,0.45,0.19966666666666666,0.32575,0.3132838734578776,0.3383884538858833
82,Structured,0.3,0.0,0.30033333333333334,0.32895,0.31645082505285427,0.3416183364109931
82,Structured,0.3,0.15,0.30033333333333334,0.33555,0.3229847408028729,0.34827789126633324
82,Structured,0.3,0.3,0.30033333333333334,0.33395,0.3214005058018492,0.3466637091228824
82,Structured,0.3,0.45,0.30033333333333334,0.3333,0.32075695687485883,0.34600790108998053
83,MCAR,0.0,0.0,0.0,0.31255,0.3002272816954516,0.3250581057419884
83,MCAR,0.0,0.15,0.0,0.31425,0.3019081649469298,0.3267755404293206
83,MCAR,0.0,0.3,0.0,0.3157,0.30334201204891303,0.3282402586472477
83,MCAR,0.0,0.45,0.0,0.31565,0.30329256671347965,0.3281897534541162
83,MCAR,0.1,0.0,0.09777777777777778,0.3186,0.30621012544480636,0.3311692759430689
83,MCAR,0.1,0.15,0.09777777777777778,0.3195,0.30710034274434517,0.3320781681823802
83,MCAR,0.1,0.3,0.09777777777777778,0.32275,0.31031545991588017,0.3353598355100246
83,MCAR,0.1,0.45,0.09777777777777778,0.31935,0.3069519694840064,0.331926689852461
83,MCAR,0.2,0.0,0.19466666666666665,0.3248,0.3123438124305175,0.3374294547985224
83,MCAR,0.2,0.15,0.19466666666666665,0.32565,0.31318491690454625,0.3382875093741882
83,MCAR,0.2,0.3,0.19466666666666665,0.32675,0.3142734746662569,0.33939786333189076
83,MCAR,0.2,0.45,0.19466666666666665,0.3261,0.31363022650518607,0.3387417545667603
83,MCAR,0.3,0.0,0.29,0.3319,0.3193709430774139,0.34459529990691967
83,MCAR,0.3,0.15,0.29,0.3344,0.3218460554406035,0.3471177143042298
83,MCAR,0.3,0.3,0.29,0.3346,0.32204408163888487,0.34731949024866554
83,MCAR,0.3,0.45,0.29,0.33385,0.32130149652209694,0.34656281733168964
83,MAR,0.0,0.0,0.0,0.31255,0.3002272816954516,0.3250581057419884
83,MAR,0.0,0.15,0.0,0.31425,0.3019081649469298,0.3267755404293206
83,MAR,0.0,0.3,0.0,0.3157,0.30334201204891303,0.3282402586472477
83,MAR,0.0,0.45,0.0,0.31565,0.30329256671347965,0.3281897534541162
83,MAR,0.1,0.0,0.09822222222222222,0.3187,0.3063090358381418,0.3312702666092851
83,MAR,0.1,0.15,0.09822222222222222,0.3191,0.30670468401354845,0.33167422267288876
83,MAR,0.1,0.3,0.09822222222222222,0.3203,0.3078916918300486,0.33288602758107433
83,MAR,0.1,0.45,0.09822222222222222,0.31825,0.30586394427095553,0.33081580340912303
83,MAR,0.2,0.0,0.1981111111111111,0.3234,0.3109585663958255,0.3360160859397857
83,MAR,0.2,0.15,0.1981111111111111,0.32335,0.31090909568688696,0.3359656061170938
83,MAR,0.2,0.3,0.1981111111111111,0.325,0.31254171514039103,0.33763135421750073
83,MAR,0.2,0.45,0.1981111111111111,0.32245,0.31001865085456853,0.3350569413833393
83,MAR,0.3,0.0,0.29744444444444446,0.3313,0.31877697553368034,0.3439898610346678
83,MAR,0.3,0.15,0.29744444444444446,0.32975,0.3172426662220885,0.3424257037835081
83,MAR,0.3,0.3,0.29744444444444446,0.3311,0.31857899147690044,0.3437880429533525
83,MAR,0.3,0.45,0.29744444444444446,0.32915,0.31664878148275777,0.3418201821160919
83,MNAR,0.0,0.0,0.0,0.31255,0.3002272816954516,0.3250581057419884
83,MNAR,0.0,0.15,0.0,0.31425,0.3019081649469298,0.3267755404293206
83,MNAR,0.0,0.3,0.0,0.3157,0.30334201204891303,0.3282402586472477
83,MNAR,0.0,0.45,0.0,0.31565,0.30329256671347965,0.3281897534541162
83,MNAR,0.1,0.0,0.09911111111111111,0.31635,0.30398481653981796,0.3288968110295432
83,MNAR,0.1,0.15,0.09911111111111111,0.3182,0.30581449047850173,0.3307653066719727
83,MNAR,0.1,0.3,0.09911111111111111,0.3191,0.30670468401354845,0.33167422267288876
83,MNAR,0.1,0.45,0.09911111111111111,0.3172,0.3048254493701549,0.32975533719247196
83,MNAR,0.2,0.0,0.197,0.3185,0.3061112157120099,0.3310682846163947
83,MNAR,0.2,0.15,0.197,0.3185,0.3061112157120099,0.3310682846163947
83,MNAR,0.2,0.3,0.197,0.32065,0.308237920297108,0.33323945282753253
83,MNAR,0.2,0.45,0.197,0.31815,0.305765036851346,0.33071480976954304
83,MNAR,0.3,0.0,0.2996666666666667,0.32315,0.31071121448345784,0.33576368519418903
83,MNAR,0.3,0.15,0.2996666666666667,0.32345,0.31100803726795706,0.3360665655993038
83,MNAR,0.3,0.3,0.2996666666666667,0.32425,0.311799593400222,0.336874217976048
83,MNAR,0.3,0.45,0.2996666666666667,0.32215,0.30972184768178207,0.33475404136882747
83,Structured,0.0,0.0,0.0,0.31255,0.3002272816954516,0.3250581057419884
83,Structured,0.0,0.15,0.0,0.31425,0.3019081649469298,0.3267755404293206
83,Structured,0.0,0.3,0.0,0.3157,0.30334201204891303,0.3282402586472477
83,Structured,0.0,0.45,0.0,0.31565,0.30329256671347965,0.3281897534541162
83,Structured,0.1,0.0,0.0971111111111111,0.31645,0.30408371203072354,0.3289978165963611
83,Structured,0.1,0.15,0.0971111111111111,0.3174,0.3050232522942112,0.3299573363853365
83,Structured,0.1,0.3,0.0971111111111111,0.31865,0.3062595805589168,0.3312197713587241
83,Structured,0.1,0.45,0.0971111111111111,0.32,0.30759493098532764,0.3325830852435503
83,Structured,0.2,0.0,0.1991111111111111,0.3254,0.31293752836204436,0.33803514525445066
83,Structured,0.2,0.15,0.1991111111111111,0.3252,0.3127396204513136,0.3378332510357278
83,Structured,0.2,0.3,0.1991111111111111,0.32515,0.31269014387980226,0.33778277707492377
83,Structured,0.2,0.45,0.1991111111111111,0.3259,0.3134323095048887,0.33853986943655356
83,Structured,0.3,0.0,0.3,0.3283,0.3158074844588031,0.34096232006829874
83,Structured,0.3,0.15,0.3,0.33045,0.31793556100734865,0.34313211647606845
83,Structured,0.3,0.3,0.3,0.33115,0.31862848725074827,0.343838497714001
83,Structured,0.3,0.45,0.3,0.3326,0.32006393432400243,0.3453016161488649
84,MCAR,0.0,0.0,0.0,0.3201,0.3076938506088838,0.3326840666806638
84,MCAR,0.0,0.15,0.0,0.3228,0.3103649286649587,0.3354103172923464
84,MCAR,0.0,0.3,0.0,0.322,0.3095734483049318,0.33460258915229024
84,MCAR,0.0,0.45,0.0,0.31705,0.3046770989170781,0.3296038360580734
84,MCAR,0.1,0.0,0.10266666666666667,0.3276,0.3151146866140797,0.3402558104461396
84,MCAR,0.1,0.15,0.10266666666666667,0.32905,0.31654980294576396,0.3417192595855475
84,MCAR,0.1,0.3,0.10266666666666667,0.32715,0.3146693332899524,0.33980160897203326
84,MCAR,0.1,0.45,0.10266666666666667,0.32345,0.31100803726795706,0.3360665655993038
84,MCAR,0.2,0.0,0.2068888888888889,0.33345,0.32090546577518475,0.34615924379552254
84,MCAR,0.2,0.15,0.2068888888888889,0.3356,0.3230342507676285,0.3483283318376246
84,MCAR,0.2,0.3,0.2068888888888889,0.33375,0.3212024878794126,0.34646192490350136
84,MCAR,0.2,0.45,0.2068888888888889,0.3282,0.315708511401294,0.34086139205889027
84,MCAR,0.3,0.0,0.30955555555555553,0.3378,0.32521284602998723,0.35054756017811983
84,MCAR,0.3,0.15,0.30955555555555553,0.3391,0.326500341544577,0.35185877862589626
84,MCAR,0.3,0.3,0.30955555555555553,0.33765,0.3250642957174475,0.3503962588803393
84,MCAR,0.3,0.45,0.30955555555555553,0.33465,0.3220935885859981,0.3473699338372746
84,MAR,0.0,0.0,0.0,0.3201,0.3076938506088838,0.3326840666806638
84,MAR,0.0,0.15,0.0,0.3228,0.3103649286649587,0.3354103172923464
84,MAR,0.0,0.3,0.0,0.322,0.3095734483049318,0.33460258915229024
84,MAR,0.0,0.45,0.0,0.31705,0.3046770989170781,0.3296038360580734
84,MAR,0.1,0.0,0.10111111111111111,0.3254,0.31293752836204436,0.33803514525445066
84,MAR,0.1,0.15,0.10111111111111111,0.32655,0.314075549239173,0.3391959866275007
84,MAR,0.1,0.3,0.10111111111111111,0.32535,0.31288805114069757,0.3379846719434052
84,MAR,0.1,0.45,0.10111111111111111,0.32095,0.3085346939623258,0.3335423823460982
84,MAR,0.2,0.0,0.20033333333333334,0.33045,0.31793556100734865,0.34313211647606845
84,MAR,0.2,0.15,0.20033333333333334,0.3319,0.3193709430774139,0.34459529990691967
84,MAR,0.2,0.3,0.20033333333333334,0.32835,0.3158569712295204,0.3410127838310685
84,MAR,0.2,0.45,0.20033333333333334,0.3244,0.3119480148189144,0.33702564815333896
84,MAR,0.3,0.0,0.2971111111111111,0.33405,0.3214995157185243,0.3467646002772208
84,MAR,0.3,0.15,0.2971111111111111,0.3352,0.32263817549318285,0.34792480282416804
84,MAR,0.3,0.3,0.2971111111111111,0.33335,0.3208064596821951,0.3460583488179169
84,MAR,0.3,0.45,0.2971111111111111,0.32875,0.3162528711998803,0.3414164881292556
84,MNAR,0.0,0.0,0.0,0.3201,0.3076938506088838,0.3326840666806638
84,MNAR,0.0,0.15,0.0,0.3228,0.3103649286649587,0.3354103172923464
84,MNAR,0.0,0.3,0.0,0.322,0.3095734483049318,0.33460258915229024
84,MNAR,0.0,0.45,0.0,0.31705,0.3046770989170781,0.3296038360580734
84,MNAR,0.1,0.0,0.10266666666666667,0.3257,0.3132343951000648,0.33833798171117313
84,MNAR,0.1,0.15,0.10266666666666667,0.3251,0.3126406674707984,0.33773230295162904
84,MNAR,0.1,0.3,0.10266666666666667,0.32325,0.310810154758667,0.33586464598210725
84,MNAR,0.1,0.45,0.10266666666666667,0.3194,0.3070014270726545,0.33197718279387894
84,MNAR,0.2,0.0,0.20277777777777778,0.32765,0.3151641711248472,0.34030627646860007
84,MNAR,0.2,0.15,0.20277777777777778,0.32855,0.3160549199250344,0.34121463726968015
84,MNAR,0.2,0.3,0.20277777777777778,0.32565,0.31318491690454625,0.3382875093741882
84,MNAR,0.2,0.45,0.20277777777777778,0.32185,0.30942505040183166,0.334451135462178
84,MNAR,0.3,0.0,0.3042222222222222,0.3296,0.31709419286574375,0.3422743255379227
84,MNAR,0.3,0.15,0.3042222222222222,0.3312,0.31867798318484075,0.3438889523144232
84,MNAR,0.3,0.3,0.3042222222222222,0.3298,0.3172921576624143,0.3424761628771953
84,MNAR,0.3,0.45,0.3042222222222222,0.32745,0.314966234051252,0.3401044114093908
84,Structured,0.0,0.0,0.0,0.3201,0.3076938506088838,0.3326840666806638
84,Structured,0.0,0.15,0.0,0.3228,0.3103649286649587,0.3354103172923464
84,Structured,0.0,0.3,0.0,0.322,0.3095734483049318,0.33460258915229024
84,Structured,0.0,0.45,0.0,0.31705,0.3046770989170781,0.3296038360580734
84,Structured,0.1,0.0,0.0961111111111111,0.32525,0.31278909718531367,0.33788372483406354
84,Structured,0.1,0.15,0.0961111111111111,0.32825,0.31575799784938813,0.340911856144246
84,Structured,0.1,0.3,0.0961111111111111,0.3271,0.3146198503957075,0.33975114133323275
84,Structured,0.1,0.45,0.0961111111111111,0.3229,0.3104638666533882,0.3355112803667754
84,Structured,0.2,0.0,0.19444444444444445,0.3299,0.31739114102527166,0.3425770805824189
84,Structured,0.2,0.15,0.19444444444444445,0.3343,0.32174704329581805,0.34701682537776113
84,Structured,0.2,0.3,0.19444444444444445,0.33295,0.32041044168949306,0.34565476252893135
84,Structured,0.2,0.45,0.19444444444444445,0.32785,0.31536211078321036,0.34050813894333964
84,Structured,0.3,0.0,0.29577777777777775,0.33555,0.3229847408028729,0.34827789126633324
84,Structured,0.3,0.15,0.29577777777777775,0.337,0.32442059412766366,0.3497406034938131
84,Structured,0.3,0.3,0.29577777777777775,0.3369,0.32432156548528984,0.34963973106316015
84,Structured,0.3,0.45,0.29577777777777775,0.3343,0.32174704329581805,0.34701682537776113
85,MCAR,0.0,0.0,0.0,0.31645,0.30408371203072354,0.3289978165963611
85,MCAR,0.0,0.15,0.0,0.3201,0.3076938506088838,0.3326840666806638
85,MCAR,0.0,0.3,0.0,0.31865,0.3062595805589168,0.3312197713587241
85,MCAR,0.0,0.45,0.0,0.3195,0.30710034274434517,0.3320781681823802
85,MCAR,0.1,0.0,0.103,0.32045,0.3080400744725764,0.33303749652993564
85,MCAR,0.1,0.15,0.103,0.32625,0.3137786659579477,0.33889316671207453
85,MCAR,0.1,0.3,0.103,0.32525,0.31278909718531367,0.33788372483406354
85,MCAR,0.1,0.45,0.103,0.3264,0.3139271068694487,0.3390445773988144
85,MCAR,0.2,0.0,0.2,0.3311,0.31857899147690044,0.3437880429533525
85,MCAR,0.2,0.15,0.2,0.33295,0.32041044168949306,0.34565476252893135
85,MCAR,0.2,0.3,0.2,0.33225,0.319717434784573,0.34494846194359635
85,MCAR,0.2,0.45,0.2,0.33445,0.3218955617516131,0.3471681585288741
85,MCAR,0.3,0.0,0.30077777777777776,0.33545,0.3228857213493738,0.34817700964778836
85,MCAR,0.3,0.15,0.30077777777777776,0.33915,0.3265498627301832,0.351909207977529
85,MCAR,0.3,0.3,0.30077777777777776,0.34145,0.3288280071688796,0.3542287882694238
85,MCAR,0.3,0.45,0.30077777777777776,0.3396,0.32699556048262224,0.3523630650609655
85,MAR,0.0,0.0,0.0,0.31645,0.30408371203072354,0.3289978165963611
85,MAR,0.0,0.15,0.0,0.3201,0.3076938506088838,0.3326840666806638
85,MAR,0.0,0.3,0.0,0.31865,0.3062595805589168,0.3312197713587241
85,MAR,0.0,0.45,0.0,0.3195,0.30710034274434517,0.3320781681823802
85,MAR,0.1,0.0,0.098,0.31855,0.30616067049583096,0.3311187803623001
85,MAR,0.1,0.15,0.098,0.3242,0.31175011991968216,0.3368237409246318
85,MAR,0.1,0.3,0.098,0.32345,0.31100803726795706,0.3360665655993038
85,MAR,0.1,0.45,0.098,0.32345,0.31100803726795706,0.3360665655993038
85,MAR,0.2,0.0,0.19822222222222222,0.32645,0.3139765874973577,0.33909504730369017
85,MAR,0.2,0.15,0.19822222222222222,0.32855,0.3160549199250344,0.34121463726968015
85,MAR,0.2,0.3,0.19822222222222222,0.32815,0.3156590251145399,0.34081092781221295
85,MAR,0.2,0.45,0.19822222222222222,0.3291,0.31659929213376026,0.3417697209313116
85,MAR,0.3,0.0,0.29844444444444446,0.3298,0.3172921576624143,0.3424761628771953
85,MAR,0.3,0.15,0.29844444444444446,0.3334,0.32085596264897615,0.3461087963864251
85,MAR,0.3,0.3,0.29844444444444446,0.33325,0.32070745422698754,0.345957453202598
85,MAR,0.3,0.45,0.29844444444444446,0.3329,0.32036094015836897,0.3456043135249248
85,MNAR,0.0,0.0,0.0,0.31645,0.30408371203072354,0.3289978165963611
85,MNAR,0.0,0.15,0.0,0.3201,0.3076938506088838,0.3326840666806638
85,MNAR,0.0,0.3,0.0,0.31865,0.3062595805589168,0.3312197713587241
85,MNAR,0.0,0.45,0.0,0.3195,0.30710034274434517,0.3320781681823802
85,MNAR,0.1,0.0,0.10366666666666667,0.31855,0.30616067049583096,0.3311187803623001
85,MNAR,0.1,0.15,0.10366666666666667,0.3241,0.3116511734472572,0.3367227863332031
85,MNAR,0.1,0.3,0.10366666666666667,0.32295,0.3105133358926994,0.33556176165892226
85,MNAR,0.1,0.45,0.10366666666666667,0.3241,0.3116511734472572,0.3367227863332031
85,MNAR,0.2,0.0,0.20655555555555555,0.3224,0.3099691832500617,0.33500645845658134
85,MNAR,0.2,0.15,0.20655555555555555,0.3285,0.31600543250929736,0.34116417415185946
85,MNAR,0.2,0.3,0.20655555555555555,0.32855,0.3160549199250344,0.34121463726968015
85,MNAR,0.2,0.45,0.20655555555555555,0.32815,0.3156590251145399,0.34081092781221295
85,MNAR,0.3,0.0,0.3078888888888889,0.32765,0.3151641711248472,0.34030627646860007
85,MNAR,0.3,0.15,0.3078888888888889,0.332,0.31946993990845757,0.3446962041454557
85,MNAR,0.3,0.3,0.3078888888888889,0.3324,0.3198659336284951,0.3450998147044394
85,MNAR,0.3,0.45,0.3078888888888889,0.3285,0.31600543250929736,0.34116417415185946
85,Structured,0.0,0.0,0.0,0.31645,0.30408371203072354,0.3289978165963611
85,Structured,0.0,0.15,0.0,0.3201,0.3076938506088838,0.3326840666806638
85,Structured,0.0,0.3,0.0,0.31865,0.3062595805589168,0.3312197713587241
85,Structured,0.0,0.45,0.0,0.3195,0.30710034274434517,0.3320781681823802
85,Structured,0.1,0.0,0.106,0.3228,0.3103649286649587,0.3354103172923464
85,Structured,0.1,0.15,0.106,0.3292,0.3166982709927386,0.3418706431399064
85,Structured,0.1,0.3,0.106,0.3265,0.3140260682872722,0.33914551704657897
85,Structured,0.1,0.45,0.106,0.32635,0.3138776264035645,0.3389941073319325
85,Structured,0.2,0.0,0.20766666666666667,0.32755,0.3150652022648783,0.34020534426212945
85,Structured,0.2,0.15,0.20766666666666667,0.33275,0.32021243652270914,0.3454529655552921
85,Structured,0.2,0.3,0.20766666666666667,0.33295,0.32041044168949306,0.34565476252893135
85,Structured,0.2,0.45,0.20766666666666667,0.3346,0.32204408163888487,0.34731949024866554
85,Structured,0.3,0.0,0.3045555555555556,0.3322,0.3196679354895928,0.34489801070368936
85,Structured,0.3,0.15,0.3045555555555556,0.3388,0.3262032177377809,0.3515561992096154
85,Structured,0.3,0.3,0.3045555555555556,0.33975,0.32714412923158276,0.35251434792426
85,Structured,0.3,0.45,0.3045555555555556,0.33985,0.32724317585035184,0.3526152023804091
86,MCAR,0.0,0.0,0.0,0.31125,0.2989420311570793,0.32374464257904145
86,MCAR,0.0,0.15,0.0,0.3161,0.3037375807192537,0.3286442942061563
86,MCAR,0.0,0.3,0.0,0.3195,0.30710034274434517,0.3320781681823802
86,MCAR,0.0,0.45,0.0,0.3187,0.3063090358381418,0.3312702666092851
86,MCAR,0.1,0.0,0.09788888888888889,0.317,0.30462764909758594,0.3295533353484476
86,MCAR,0.1,0.15,0.09788888888888889,0.319,0.306605770979717,0.3315732346468472
86,MCAR,0.1,0.3,0.09788888888888889,0.32305,0.3106122748614157,0.3356627237531803
86,MCAR,0.1,0.45,0.09788888888888889,0.32335,0.31090909568688696,0.3359656061170938
86,MCAR,0.2,0.0,0.1971111111111111,0.32205,0.3096229146001584,0.33465307338817346
86,MCAR,0.2,0.15,0.1971111111111111,0.3271,0.3146198503957075,0.33975114133323275
86,MCAR,0.2,0.3,0.1971111111111111,0.3292,0.3166982709927386,0.3418706431399064
86,MCAR,0.2,0.45,0.1971111111111111,0.3288,0.3163023594214711,0.3414669504413154
86,MCAR,0.3,0.0,0.29588888888888887,0.3284,0.3159064581615211,0.3410632474325717
86,MCAR,0.3,0.15,0.29588888888888887,0.33225,0.319717434784573,0.34494846194359635
86,MCAR,0.3,0.3,0.29588888888888887,0.33395,0.3214005058018492,0.3466637091228824
86,MCAR,0.3,0.45,0.29588888888888887,0.33455,0.32199457485077004,0.34726904650107615
86,MAR,0.0,0.0,0.0,0.31125,0.2989420311570793,0.32374464257904145
86,MAR,0.0,0.15,0.0,0.3161,0.3037375807192537,0.3286442942061563
86,MAR,0.0,0.3,0.0,0.3195,0.30710034274434517,0.3320781681823802
86,MAR,0.0,0.45,0.0,0.3187,0.3063090358381418,0.3312702666092851
86,MAR,0.1,0.0,0.09388888888888888,0.31515,0.3027981225131914,0.32768469236990866
86,MAR,0.1,0.15,0.09388888888888888,0.31785,0.30546831856088685,0.330411824882919
86,MAR,0.1,0.3,0.09388888888888888,0.32165,0.3092271888244659,0.334249194915533
86,MAR,0.1,0.45,0.09388888888888888,0.32205,0.3096229146001584,0.33465307338817346
86,MAR,0.2,0.0,0.1952222222222222,0.3209,0.3084852312742391,0.33349189450350364
86,MAR,0.2,0.15,0.1952222222222222,0.3241,0.3116511734472572,0.3367227863332031
86,MAR,0.2,0.3,0.1952222222222222,0.3264,0.3139271068694487,0.3390445773988144
86,MAR,0.2,0.45,0.1952222222222222,0.3251,0.3126406674707984,0.33773230295162904
86,MAR,0.3,0.0,0.2942222222222222,0.325,0.31254171514039103,0.33763135421750073
86,MAR,0.3,0.15,0.2942222222222222,0.3285,0.31600543250929736,0.34116417415185946
86,MAR,0.3,0.3,0.2942222222222222,0.3284,0.3159064581615211,0.3410632474325717
86,MAR,0.3,0.45,0.2942222222222222,0.32865,0.3161538952401174,0.34131556302177296
86,MNAR,0.0,0.0,0.0,0.31125,0.2989420311570793,0.32374464257904145
86,MNAR,0.0,0.15,0.0,0.3161,0.3037375807192537,0.3286442942061563
86,MNAR,0.0,0.3,0.0,0.3195,0.30710034274434517,0.3320781681823802
86,MNAR,0.0,0.45,0.0,0.3187,0.3063090358381418,0.3312702666092851
86,MNAR,0.1,0.0,0.0951111111111111,0.31295,0.3006227662265821,0.3254622254295524
86,MNAR,0.1,0.15,0.0951111111111111,0.3168,0.30442985147784574,0.3293513308519203
86,MNAR,0.1,0.3,0.0951111111111111,0.3208,0.30838630639066605,0.3333909183257778
86,MNAR,0.1,0.45,0.0951111111111111,0.3205,0.308089535682197,0.33308798585081767
86,MNAR,0.2,0.0,0.195,0.31575,0.30339145755069696,0.3282907636740466
86,MNAR,0.2,0.15,0.195,0.3182,0.30581449047850173,0.3307653066719727
86,MNAR,0.2,0.3,0.195,0.3191,0.30670468401354845,0.33167422267288876
86,MNAR,0.2,0.45,0.195,0.31985,0.3074465527842355,0.33243161185378867
86,MNAR,0.3,0.0,0.29677777777777775,0.3169,0.3045287499560279,0.3294523334318302
86,MNAR,0.3,0.15,0.29677777777777775,0.31935,0.3069519694840064,0.331926689852461
86,MNAR,0.3,0.3,0.29677777777777775,0.31975,0.30734763480657373,0.3323306287709807
86,MNAR,0.3,0.45,0.29677777777777775,0.321,0.30858415681458445,0.3335928700245397
86,Structured,0.0,0.0,0.0,0.31125,0.2989420311570793,0.32374464257904145
86,Structured,0.0,0.15,0.0,0.3161,0.3037375807192537,0.3286442942061563
86,Structured,0.0,0.3,0.0,0.3195,0.30710034274434517,0.3320781681823802
86,Structured,0.0,0.45,0.0,0.3187,0.3063090358381418,0.3312702666092851
86,Structured,0.1,0.0,0.10088888888888889,0.3192,0.3068035977070917,0.3317752100392973
86,Structured,0.1,0.15,0.10088888888888889,0.32265,0.3102165229080941,0.33525887145506794
86,Structured,0.1,0.3,0.10088888888888889,0.3262,0.31372918597825206,0.3388426961590586
86,Structured,0.1,0.45,0.10088888888888889,0.32505,0.3125911912243212,0.3376818286658277
86,Structured,0.2,0.0,0.19622222222222221,0.32395,0.3115027549605471,0.33657135322427195
86,Structured,0.2,0.15,0.19622222222222221,0.32815,0.3156590251145399,0.34081092781221295
86,Structured,0.2,0.3,0.19622222222222221,0.3309,0.3183810099843053,0.3435862223081383
86,Structured,0.2,0.45,0.19622222222222221,0.3306,0.3180840425558255,0.3432834865304386
86,Structured,0.3,0.0,0.291,0.32915,0.31664878148275777,0.3418201821160919
86,Structured,0.3,0.15,0.291,0.3335,0.32095496906080306,0.3462096910452284
86,Structured,0.3,0.3,0.291,0.3353,0.3227371933594185,0.348025686029805
86,Structured,0.3,0.45,0.291,0.3362,0.3236283827141665,0.3489336063249843
87,MCAR,0.0,0.0,0.0,0.31385,0.3015126456085956,0.3263714555445633
87,MCAR,0.0,0.15,0.0,0.3173,0.30492435050083094,0.3298563371202153
87,MCAR,0.0,0.3,0.0,0.31565,0.30329256671347965,0.3281897534541162
87,MCAR,0.0,0.45,0.0,0.31185,0.29953520960064045,0.3243508704573655
87,MCAR,0.1,0.0,0.09577777777777778,0.3217,0.309276653973022,0.33429968029794954
87,MCAR,0.1,0.15,0.09577777777777778,0.32365,0.31120592238801836,0.33626848260603664
87,MCAR,0.1,0.3,0.09577777777777778,0.32245,0.31001865085456853,0.3350569413833393
87,MCAR,0.1,0.45,0.09577777777777778,0.31945,0.3070508848261078,0.33202767557051155
87,MCAR,0.2,0.0,0.19611111111111112,0.3299,0.31739114102527166,0.3425770805824189
87,MCAR,0.2,0.15,0.19611111111111112,0.3319,0.3193709430774139,0.34459529990691967
87,MCAR,0.2,0.3,0.19611111111111112,0.3319,0.3193709430774139,0.34459529990691967
87,MCAR,0.2,0.45,0.19611111111111112,0.3282,0.315708511401294,0.34086139205889027
87,MCAR,0.3,0.0,0.2887777777777778,0.33855,0.3259556188976902,0.3513040453642617
87,MCAR,0.3,0.15,0.2887777777777778,0.33865,0.32605465796096494,0.35140490737511515
87,MCAR,0.3,0.3,0.2887777777777778,0.33825,0.3256585054914559,0.3510014555485086
87,MCAR,0.3,0.45,0.2887777777777778,0.3345,0.3219450682216729,0.3472186025944842
87,MAR,0.0,0.0,0.0,0.31385,0.3015126456085956,0.3263714555445633
87,MAR,0.0,0.15,0.0,0.3173,0.30492435050083094,0.3298563371202153
87,MAR,0.0,0.3,0.0,0.31565,0.30329256671347965,0.3281897534541162
87,MAR,0.0,0.45,0.0,0.31185,0.29953520960064045,0.3243508704573655
87,MAR,0.1,0.0,0.10077777777777777,0.3202,0.3077927708905119,0.3327850474597839
87,MAR,0.1,0.15,0.10077777777777777,0.32185,0.30942505040183166,0.334451135462178
87,MAR,0.1,0.3,0.10077777777777777,0.32065,0.308237920297108,0.33323945282753253
87,MAR,0.1,0.45,0.10077777777777777,0.31805,0.30566613009301946,0.3306138154687596
87,MAR,0.2,0.0,0.19544444444444445,0.32725,0.3147682995636376,0.33990254376449286
87,MAR,0.2,0.15,0.19544444444444445,0.32885,0.3163518478041754,0.3415174125922792
87,MAR,0.2,0.3,0.19544444444444445,0.32755,0.3150652022648783,0.34020534426212945
87,MAR,0.2,0.45,0.19544444444444445,0.32445,0.31199748895077084,0.33707612455351393
87,MAR,0.3,0.0,0.2911111111111111,0.3337,0.3211529837970146,0.34641147845048825
87,MAR,0.3,0.15,0.2911111111111111,0.3344,0.3218460554406035,0.3471177143042298
87,MAR,0.3,0.3,0.2911111111111111,0.334,0.32145001068058027,0.3467141547796499
87,MAR,0.3,0.45,0.2911111111111111,0.3298,0.3172921576624143,0.3424761628771953
87,MNAR,0.0,0.0,0.0,0.31385,0.3015126456085956,0.3263714555445633
87,MNAR,0.0,0.15,0.0,0.3173,0.30492435050083094,0.3298563371202153
87,MNAR,0.0,0.3,0.0,0.31565,0.30329256671347965,0.3281897534541162
87,MNAR,0.0,0.45,0.0,0.31185,0.29953520960064045,0.3243508704573655
87,MNAR,0.1,0.0,0.098,0.3171,0.3047265489023504,0.32965433660193794
87,MNAR,0.1,0.15,0.098,0.3198,0.3073970937130843,0.33238112039469464
87,MNAR,0.1,0.3,0.098,0.3197,0.3072981760647233,0.3322801369826241
87,MNAR,0.1,0.45,0.098,0.31595,0.30358924122092795,0.32849278211835903
87,MNAR,0.2,0.0,0.19466666666666665,0.32185,0.30942505040183166,0.334451135462178
87,MNAR,0.2,0.15,0.19466666666666665,0.32405,0.3116017004554097,0.33667230879315
87,MNAR,0.2,0.3,0.19466666666666665,0.32365,0.31120592238801836,0.33626848260603664
87,MNAR,0.2,0.45,0.19466666666666665,0.3191,0.30670468401354845,0.33167422267288876
87,MNAR,0.3,0.0,0.29233333333333333,0.32485,0.31239328786407033,0.33747992989715636
87,MNAR,0.3,0.15,0.29233333333333333,0.32595,0.3134817885116856,0.3385903409623554
87,MNAR,0.3,0.3,0.29233333333333333,0.326,0.3135312676806795,0.33864081232597587
87,MNAR,0.3,0.45,0.29233333333333333,0.321,0.30858415681458445,0.3335928700245397
87,Structured,0.0,0.0,0.0,0.31385,0.3015126456085956,0.3263714555445633
87,Structured,0.0,0.15,0.0,0.3173,0.30492435050083094,0.3298563371202153
87,Structured,0.0,0.3,0.0,0.31565,0.30329256671347965,0.3281897534541162
87,Structured,0.0,0.45,0.0,0.31185,0.29953520960064045,0.3243508704573655
87,Structured,0.1,0.0,0.08966666666666667,0.3207,0.30828738216402635,0.3332899414911948
87,Structured,0.1,0.15,0.08966666666666667,0.32415,0.3117006466020204,0.3367732637103564
87,Structured,0.1,0.3,0.08966666666666667,0.32175,0.30932611928544834,0.3343501655165161
87,Structured,0.1,0.45,0.08966666666666667,0.3196,0.3071992590750897,0.3321791529119073
87,Structured,0.2,0.0,0.1938888888888889,0.3264,0.3139271068694487,0.3390445773988144
87,Structured,0.2,0.15,0.1938888888888889,0.3294,0.316896230642122,0.34207248562588954
87,Structured,0.2,0.3,0.1938888888888889,0.32745,0.314966234051252,0.3401044114093908
87,Structured,0.2,0.45,0.1938888888888889,0.32575,0.3132838734578776,0.3383884538858833
87,Structured,0.3,0.0,0.29388888888888887,0.3308,0.31828202019994334,0.3434853110237026
87,Structured,0.3,0.15,0.29388888888888887,0.3337,0.3211529837970146,0.34641147845048825
87,Structured,0.3,0.3,0.29388888888888887,0.3336,0.3210539761101969,0.3463105850665359
87,Structured,0.3,0.45,0.29388888888888887,0.33275,0.32021243652270914,0.3454529655552921
88,MCAR,0.0,0.0,0.0,0.3118,0.29948577713902874,0.3243003523920338
88,MCAR,0.0,0.15,0.0,0.31235,0.30002954345431015,0.3248560418742921
88,MCAR,0.0,0.3,0.0,0.3139,0.3015620849411012,0.32642196673987056
88,MCAR,0.0,0.45,0.0,0.31485,0.3025014639878088,0.3273816477255904
88,MCAR,0.1,0.0,0.09655555555555556,0.3208,0.30838630639066605,0.3333909183257778
88,MCAR,0.1,0.15,0.09655555555555556,0.3221,0.30967238105911493,0.3347035574603453
88,MCAR,0.1,0.3,0.09655555555555556,0.3214,0.3089798655404435,0.3339967655449826
88,MCAR,0.1,0.45,0.09655555555555556,0.32155,0.3091282590190456,0.3341482236590657
88,MCAR,0.2,0.0,0.19944444444444445,0.32925,0.31674776066368404,0.3419211040027758
88,MCAR,0.2,0.15,0.19944444444444445,0.3286,0.3161044075019812,0.34126510022631174
88,MCAR,0.2,0.3,0.19944444444444445,0.32915,0.31664878148275777,0.3418201821160919
88,MCAR,0.2,0.45,0.19944444444444445,0.32665,0.3141745116288572,0.3392969253035149
88,MCAR,0.3,0.0,0.30077777777777776,0.33925,0.3266489055736426,0.35201006620859243
88,MCAR,0.3,0.15,0.30077777777777776,0.3397,0.32709460615802005,0.35246392046038827
88,MCAR,0.3,0.3,0.30077777777777776,0.33805,0.3254604330416581,0.3507997258506488
88,MCAR,0.3,0.45,0.30077777777777776,0.3348,0.322242110381162,0.3475212636493804
88,MAR,0.0,0.0,0.0,0.3118,0.29948577713902874,0.3243003523920338
88,MAR,0.0,0.15,0.0,0.31235,0.30002954345431015,0.3248560418742921
88,MAR,0.0,0.3,0.0,0.3139,0.3015620849411012,0.32642196673987056
88,MAR,0.0,0.45,0.0,0.31485,0.3025014639878088,0.3273816477255904
88,MAR,0.1,0.0,0.09588888888888888,0.3191,0.30670468401354845,0.33167422267288876
88,MAR,0.1,0.15,0.09588888888888888,0.32,0.30759493098532764,0.3325830852435503
88,MAR,0.1,0.3,0.09588888888888888,0.32,0.30759493098532764,0.3325830852435503
88,MAR,0.1,0.45,0.09588888888888888,0.3197,0.3072981760647233,0.3322801369826241
88,MAR,0.2,0.0,0.20133333333333334,0.32735,0.31486726648412083,0.3400034779102285
88,MAR,0.2,0.15,0.20133333333333334,0.3256,0.31313543887134115,0.3382370368749077
88,MAR,0.2,0.3,0.20133333333333334,0.3233,0.31085962514116033,0.33591512613120683
88,MAR,0.2,0.45,0.20133333333333334,0.3212,0.30878200986494075,0.33379481909717723
88,MAR,0.3,0.0,0.30277777777777776,0.3331,0.3205589472403314,0.34580610858359534
88,MAR,0.3,0.15,0.30277777777777776,0.33225,0.319717434784573,0.34494846194359635
88,MAR,0.3,0.3,0.30277777777777776,0.33215,0.31961843635447373,0.3448475593039403
88,MAR,0.3,0.45,0.30277777777777776,0.328,0.31551056722250576,0.3406595341040624
88,MNAR,0.0,0.0,0.0,0.3118,0.29948577713902874,0.3243003523920338
88,MNAR,0.0,0.15,0.0,0.31235,0.30002954345431015,0.3248560418742921
88,MNAR,0.0,0.3,0.0,0.3139,0.3015620849411012,0.32642196673987056
88,MNAR,0.0,0.45,0.0,0.31485,0.3025014639878088,0.3273816477255904
88,MNAR,0.1,0.0,0.09555555555555556,0.319,0.306605770979717,0.3315732346468472
88,MNAR,0.1,0.15,0.09555555555555556,0.32075,0.3083368441952209,0.3333404299906028
88,MNAR,0.1,0.3,0.09555555555555556,0.3197,0.3072981760647233,0.3322801369826241
88,MNAR,0.1,0.45,0.09555555555555556,0.318,0.30561667696189077,0.3305633180703665
88,MNAR,0.2,0.0,0.1988888888888889,0.32345,0.31100803726795706,0.3360665655993038
88,MNAR,0.2,0.15,0.1988888888888889,0.3242,0.31175011991968216,0.3368237409246318
88,MNAR,0.2,0.3,0.1988888888888889,0.3232,0.3107606845394268,0.3358141656697754
88,MNAR,0.2,0.45,0.1988888888888889,0.3205,0.308089535682197,0.33308798585081767
88,MNAR,0.3,0.0,0.3001111111111111,0.3258,0.31333335197796613,0.3384389258983372
88,MNAR,0.3,0.15,0.3001111111111111,0.3257,0.3132343951000648,0.33833798171117313
88,MNAR,0.3,0.3,0.3001111111111111,0.3254,0.31293752836204436,0.33803514525445066
88,MNAR,0.3,0.45,0.3001111111111111,0.3231,0.3106617445907809,0.33571320455533077
88,Structured,0.0,0.0,0.0,0.3118,0.29948577713902874,0.3243003523920338
88,Structured,0.0,0.15,0.0,0.31235,0.30002954345431015,0.3248560418742921
88,Structured,0.0,0.3,0.0,0.3139,0.3015620849411012,0.32642196673987056
88,Structured,0.0,0.45,0.0,0.31485,0.3025014639878088,0.3273816477255904
88,Structured,0.1,0.0,0.098,0.3175,0.30512215475012683,0.3300583349880029
88,Structured,0.1,0.15,0.098,0.3195,0.30710034274434517,0.3320781681823802
88,Structured,0.1,0.3,0.098,0.3219,0.30947451620574834,0.33450162018931257
88,Structured,0.1,0.45,0.098,0.3218,0.3093755847617249,0.3344006505712535
88,Structured,0.2,0.0,0.1918888888888889,0.3247,0.3122448620513657,0.33732850411336474
88,Structured,0.2,0.15,0.1918888888888889,0.3254,0.31293752836204436,0.33803514525445066
88,Structured,0.2,0.3,0.1918888888888889,0.32705,0.3145703676632196,0.3397006735326953
88,Structured,0.2,0.45,0.1918888888888889,0.3281,0.31560953898914385,0.3407604634041946
88,Structured,0.3,0.0,0.29677777777777775,0.3313,0.31877697553368034,0.3439898610346678
88,Structured,0.3,0.15,0.29677777777777775,0.3318,0.31927194688624977,0.3444943950285771
88,Structured,0.3,0.3,0.29677777777777775,0.33295,0.32041044168949306,0.34565476252893135
88,Structured,0.3,0.45,0.29677777777777775,0.333,0.32045994338020733,0.3457052113733676
89,MCAR,0.0,0.0,0.0,0.31615,0.30378702755108833,0.3286947979030716
89,MCAR,0.0,0.15,0.0,0.31945,0.3070508848261078,0.33202767557051155
89,MCAR,0.0,0.3,0.0,0.32195,0.30952398217345584,0.33455210475267594
89,MCAR,0.0,0.45,0.0,0.3178,0.30541886609141694,0.3303613268229464
89,MCAR,0.1,0.0,0.09966666666666667,0.3215,0.30907879436222013,0.33409773778497565
89,MCAR,0.1,0.15,0.09966666666666667,0.32525,0.31278909718531367,0.33788372483406354
89,MCAR,0.1,0.3,0.09966666666666667,0.329,0.31650031391878986,0.3416687980787809
89,MCAR,0.1,0.45,0.09966666666666667,0.32515,0.31269014387980226,0.33778277707492377
89,MCAR,0.2,0.0,0.19944444444444445,0.32945,0.31694572095673856,0.34212294584515895
89,MCAR,0.2,0.15,0.19944444444444445,0.3337,0.3211529837970146,0.34641147845048825
89,MCAR,0.2,0.3,0.19944444444444445,0.33465,0.3220935885859981,0.3473699338372746
89,MCAR,0.2,0.45,0.19944444444444445,0.3326,0.32006393432400243,0.3453016161488649
89,MCAR,0.3,0.0,0.3006666666666667,0.33685,0.3242720514013851,0.34958929461057675
89,MCAR,0.3,0.15,0.3006666666666667,0.3392,0.32659938407320993,0.35195963717175544
89,MCAR,0.3,0.3,0.3006666666666667,0.3419,0.32927376990306045,0.35468258037784645
89,MCAR,0.3,0.45,0.3006666666666667,0.3369,0.32432156548528984,0.34963973106316015
89,MAR,0.0,0.0,0.0,0.31615,0.30378702755108833,0.3286947979030716
89,MAR,0.0,0.15,0.0,0.31945,0.3070508848261078,0.33202767557051155
89,MAR,0.0,0.3,0.0,0.32195,0.30952398217345584,0.33455210475267594
89,MAR,0.0,0.45,0.0,0.3178,0.30541886609141694,0.3303613268229464
89,MAR,0.1,0.0,0.10333333333333333,0.3184,0.3060123066399159,0.3309672926290978
89,MAR,0.1,0.15,0.10333333333333333,0.3228,0.3103649286649587,0.3354103172923464
89,MAR,0.1,0.3,0.10333333333333333,0.3249,0.3124427634602451,0.3375304048331822
89,MAR,0.1,0.45,0.10333333333333333,0.32,0.30759493098532764,0.3325830852435503
89,MAR,0.2,0.0,0.20466666666666666,0.32525,0.31278909718531367,0.33788372483406354
89,MAR,0.2,0.15,0.20466666666666666,0.3287,0.31620338313942253,0.3413660256560804
89,MAR,0.2,0.3,0.20466666666666666,0.33005,0.3175396172747891,0.34272845593515533
89,MAR,0.2,0.45,0.20466666666666666,0.32615,0.31367970616065793,0.3387922254439605
89,MAR,0.3,0.0,0.30522222222222223,0.33135,0.31882647194839164,0.344040315154523
89,MAR,0.3,0.15,0.30522222222222223,0.3332,0.32065795173859607,0.3459070051557518
89,MAR,0.3,0.3,0.30522222222222223,0.33405,0.3214995157185243,0.3467646002772208
89,MAR,0.3,0.45,0.30522222222222223,0.32945,0.31694572095673856,0.34212294584515895
89,MNAR,0.0,0.0,0.0,0.31615,0.30378702755108833,0.3286947979030716
89,MNAR,0.0,0.15,0.0,0.31945,0.3070508848261078,0.33202767557051155
89,MNAR,0.0,0.3,0.0,0.32195,0.30952398217345584,0.33455210475267594
89,MNAR,0.0,0.45,0.0,0.3178,0.30541886609141694,0.3303613268229464
89,MNAR,0.1,0.0,0.0961111111111111,0.3192,0.3068035977070917,0.3317752100392973
89,MNAR,0.1,0.15,0.0961111111111111,0.323,0.3105628052953818,0.3356122427877165
89,MNAR,0.1,0.3,0.0961111111111111,0.32565,0.31318491690454625,0.3382875093741882
89,MNAR,0.1,0.45,0.0961111111111111,0.32145,0.30902932986934606,0.33404725174695443
89,MNAR,0.2,0.0,0.19877777777777778,0.32205,0.3096229146001584,0.33465307338817346
89,MNAR,0.2,0.15,0.19877777777777778,0.325,0.31254171514039103,0.33763135421750073
89,MNAR,0.2,0.3,0.19877777777777778,0.3274,0.31491675018686505,0.3400539447406214
89,MNAR,0.2,0.45,0.19877777777777778,0.3238,0.31135433794062406,0.33641991864872695
89,MNAR,0.3,0.0,0.30033333333333334,0.32605,0.31358074701185357,0.3386912835274378
89,MNAR,0.3,0.15,0.30033333333333334,0.3285,0.31600543250929736,0.34116417415185946
89,MNAR,0.3,0.3,0.30033333333333334,0.32925,0.31674776066368404,0.3419211040027758
89,MNAR,0.3,0.45,0.30033333333333334,0.3262,0.31372918597825206,0.3388426961590586
89,Structured,0.0,0.0,0.0,0.31615,0.30378702755108833,0.3286947979030716
89,Structured,0.0,0.15,0.0,0.31945,0.3070508848261078,0.33202767557051155
89,Structured,0.0,0.3,0.0,0.32195,0.30952398217345584,0.33455210475267594
89,Structured,0.0,0.45,0.0,0.3178,0.30541886609141694,0.3303613268229464
89,Structured,0.1,0.0,0.09911111111111111,0.3213,0.3088809373746293,0.33389579264910246
89,Structured,0.1,0.15,0.09911111111111111,0.32535,0.31288805114069757,0.3379846719434052
89,Structured,0.1,0.3,0.09911111111111111,0.32715,0.3146693332899524,0.33980160897203326
89,Structured,0.1,0.45,0.09911111111111111,0.32365,0.31120592238801836,0.33626848260603664
89,Structured,0.2,0.0,0.2008888888888889,0.32935,0.31684674048839406,0.3420220252457483
89,Structured,0.2,0.15,0.2008888888888889,0.33115,0.31862848725074827,0.343838497714001
89,Structured,0.2,0.3,0.2008888888888889,0.3326,0.32006393432400243,0.3453016161488649
89,Structured,0.2,0.45,0.2008888888888889,0.3297,0.31719317494252314,0.3423752445290792
89,Structured,0.3,0.0,0.29633333333333334,0.3342,0.3216480317874572,0.34691593581493707
89,Structured,0.3,0.15,0.29633333333333334,0.3388,0.3262032177377809,0.3515561992096154
89,Structured,0.3,0.3,0.29633333333333334,0.3408,0.32818415006836965,0.35357328837736685
89,Structured,0.3,0.45,0.29633333333333334,0.3368,0.3242225374756916,0.349538857999799
90,MCAR,0.0,0.0,0.0,0.31315,0.3008205125137696,0.32566428125222396
90,MCAR,0.0,0.15,0.0,0.31805,0.30566613009301946,0.3306138154687596
90,MCAR,0.0,0.3,0.0,0.32115,0.30873254635619307,0.3337443320751448
90,MCAR,0.0,0.45,0.0,0.3189,0.30650685860576193,0.33147224596100905
90,MCAR,0.1,0.0,0.09822222222222222,0.32005,0.3076443907148365,0.3326335760443668
90,MCAR,0.1,0.15,0.09822222222222222,0.32255,0.31011758655427196,0.33515790674622464
90,MCAR,0.1,0.3,0.09822222222222222,0.32555,0.3130859610004692,0.3381865642133123
90,MCAR,0.1,0.45,0.09822222222222222,0.325,0.31254171514039103,0.33763135421750073
90,MCAR,0.2,0.0,0.2028888888888889,0.32385,0.3114038101175886,0.33647039700356596
90,MCAR,0.2,0.15,0.2028888888888889,0.3286,0.3161044075019812,0.34126510022631174
90,MCAR,0.2,0.3,0.2028888888888889,0.3311,0.31857899147690044,0.3437880429533525
90,MCAR,0.2,0.45,0.2028888888888889,0.3292,0.3166982709927386,0.3418706431399064
90,MCAR,0.3,0.0,0.30266666666666664,0.3305,0.317985054696365,0.34318257332131685
90,MCAR,0.3,0.15,0.30266666666666664,0.33415,0.3215985262719806,0.34686549079484585
90,MCAR,0.3,0.3,0.30266666666666664,0.33545,0.3228857213493738,0.34817700964778836
90,MCAR,0.3,0.45,0.30266666666666664,0.33745,0.324866230845234,0.35019452160569353
90,MAR,0.0,0.0,0.0,0.31315,0.3008205125137696,0.32566428125222396
90,MAR,0.0,0.15,0.0,0.31805,0.30566613009301946,0.3306138154687596
90,MAR,0.0,0.3,0.0,0.32115,0.30873254635619307,0.3337443320751448
90,MAR,0.0,0.45,0.0,0.3189,0.30650685860576193,0.33147224596100905
90,MAR,0.1,0.0,0.10744444444444444,0.31855,0.30616067049583096,0.3311187803623001
90,MAR,0.1,0.15,0.10744444444444444,0.3207,0.30828738216402635,0.3332899414911948
90,MAR,0.1,0.3,0.10744444444444444,0.324,0.31155222762650087,0.33662183109017974
90,MAR,0.1,0.45,0.10744444444444444,0.32265,0.3102165229080941,0.33525887145506794
90,MAR,0.2,0.0,0.21266666666666667,0.3206,0.30818845859448313,0.33318896399959574
90,MAR,0.2,0.15,0.21266666666666667,0.32395,0.3115027549605471,0.33657135322427195
90,MAR,0.2,0.3,0.21266666666666667,0.32495,0.3124922392190244,0.3375808796066246
90,MAR,0.2,0.45,0.21266666666666667,0.32495,0.3124922392190244,0.3375808796066246
90,MAR,0.3,0.0,0.3121111111111111,0.327,0.3145208850925077,0.3396502055703995
90,MAR,0.3,0.15,0.3121111111111111,0.3306,0.3180840425558255,0.3432834865304386
90,MAR,0.3,0.3,0.3121111111111111,0.3303,0.317787080903377,0.34298074497735426
90,MAR,0.3,0.45,0.3121111111111111,0.32965,0.3171436838237346,0.3423247851138899
90,MNAR,0.0,0.0,0.0,0.31315,0.3008205125137696,0.32566428125222396
90,MNAR,0.0,0.15,0.0,0.31805,0.30566613009301946,0.3306138154687596
90,MNAR,0.0,0.3,0.0,0.32115,0.30873254635619307,0.3337443320751448
90,MNAR,0.0,0.45,0.0,0.3189,0.30650685860576193,0.33147224596100905
90,MNAR,0.1,0.0,0.09911111111111111,0.3159,0.30353979505394885,0.32844227775667
90,MNAR,0.1,0.15,0.09911111111111111,0.32,0.30759493098532764,0.3325830852435503
90,MNAR,0.1,0.3,0.09911111111111111,0.3219,0.30947451620574834,0.33450162018931257
90,MNAR,0.1,0.45,0.09911111111111111,0.3199,0.307496012020006,0.3324821031482824
90,MNAR,0.2,0.0,0.20177777777777778,0.3152,0.30284756618393316,0.32773519922752237
90,MNAR,0.2,0.15,0.20177777777777778,0.32035,0.30794115254648186,0.33293651739508434
90,MNAR,0.2,0.3,0.20177777777777778,0.3222,0.3097713144681385,0.33480452511363984
90,MNAR,0.2,0.45,0.20177777777777778,0.3218,0.3093755847617249,0.3344006505712535
90,MNAR,0.3,0.0,0.305,0.31805,0.30566613009301946,0.3306138154687596
90,MNAR,0.3,0.15,0.305,0.323,0.3105628052953818,0.3356122427877165
90,MNAR,0.3,0.3,0.305,0.3235,0.3110575083032626,0.33611704509566936
90,MNAR,0.3,0.45,0.305,0.32425,0.311799593400222,0.336874217976048
90,Structured,0.0,0.0,0.0,0.31315,0.3008205125137696,0.32566428125222396
90,Structured,0.0,0.15,0.0,0.31805,0.30566613009301946,0.3306138154687596
90,Structured,0.0,0.3,0.0,0.32115,0.30873254635619307,0.3337443320751448
90,Structured,0.0,0.45,0.0,0.3189,0.30650685860576193,0.33147224596100905
90,Structured,0.1,0.0,0.09766666666666667,0.3196,0.3071992590750897,0.3321791529119073
90,Structured,0.1,0.15,0.09766666666666667,0.32295,0.3105133358926994,0.33556176165892226
90,Structured,0.1,0.3,0.09766666666666667,0.32785,0.31536211078321036,0.34050813894333964
90,Structured,0.1,0.45,0.09766666666666667,0.3249,0.3124427634602451,0.3375304048331822
90,Structured,0.2,0.0,0.20633333333333334,0.3256,0.31313543887134115,0.3382370368749077
90,Structured,0.2,0.15,0.20633333333333334,0.3289,0.31640133634797757,0.34156787458216537
90,Structured,0.2,0.3,0.20633333333333334,0.3345,0.3219450682216729,0.3472186025944842
90,Structured,0.2,0.45,0.20633333333333334,0.3312,0.31867798318484075,0.3438889523144232
90,Structured,0.3,0.0,0.30466666666666664,0.33195,0.3194204414129606,0.3446457521061544
90,Structured,0.3,0.15,0.30466666666666664,0.33445,0.3218955617516131,0.3471681585288741
90,Structured,0.3,0.3,0.30466666666666664,0.3379,0.3253118803611238,0.3506484269206113
90,Structured,0.3,0.45,0.30466666666666664,0.33475,0.3221926029571548,0.34747082053761474
91,MCAR,0.0,0.0,0.0,0.32105,0.30863361983099474,0.33364335753884694
91,MCAR,0.0,0.15,0.0,0.3239,0.3114532824575702,0.33652087519540624
91,MCAR,0.0,0.3,0.0,0.3239,0.3114532824575702,0.33652087519540624
91,MCAR,0.0,0.45,0.0,0.31865,0.3062595805589168,0.3312197713587241
91,MCAR,0.1,0.0,0.09633333333333334,0.3264,0.3139271068694487,0.3390445773988144
91,MCAR,0.1,0.15,0.09633333333333334,0.3307,0.31818303105706797,0.3433843990978525
91,MCAR,0.1,0.3,0.09633333333333334,0.3306,0.3180840425558255,0.3432834865304386
91,MCAR,0.1,0.45,0.09633333333333334,0.3282,0.315708511401294,0.34086139205889027
91,MCAR,0.2,0.0,0.2008888888888889,0.32995,0.3174406329477638,0.3426275391939923
91,MCAR,0.2,0.15,0.2008888888888889,0.33375,0.3212024878794126,0.34646192490350136
91,MCAR,0.2,0.3,0.2008888888888889,0.3357,0.32313327117306356,0.3484292125043359
91,MCAR,0.2,0.45,0.2008888888888889,0.33385,0.32130149652209694,0.34656281733168964
91,MCAR,0.3,0.0,0.30077777777777776,0.3356,0.3230342507676285,0.3483283318376246
91,MCAR,0.3,0.15,0.30077777777777776,0.34185,0.32922424008414036,0.35463215965863537
91,MCAR,0.3,0.3,0.30077777777777776,0.3423,0.32967001408715524,0.3550859404993769
91,MCAR,0.3,0.45,0.30077777777777776,0.33855,0.3259556188976902,0.3513040453642617
91,MAR,0.0,0.0,0.0,0.32105,0.30863361983099474,0.33364335753884694
91,MAR,0.0,0.15,0.0,0.3239,0.3114532824575702,0.33652087519540624
91,MAR,0.0,0.3,0.0,0.3239,0.3114532824575702,0.33652087519540624
91,MAR,0.0,0.45,0.0,0.31865,0.3062595805589168,0.3312197713587241
91,MAR,0.1,0.0,0.09833333333333333,0.3253,0.31283857408178145,0.33793419846994943
91,MAR,0.1,0.15,0.09833333333333333,0.32725,0.3147682995636376,0.33990254376449286
91,MAR,0.1,0.3,0.09833333333333333,0.3277,0.315213655797164,0.34035674232953234
91,MAR,0.1,0.45,0.09833333333333333,0.32475,0.3122943371596104,0.3373789795372659
91,MAR,0.2,0.0,0.201,0.3297,0.31719317494252314,0.3423752445290792
91,MAR,0.2,0.15,0.201,0.33345,0.32090546577518475,0.34615924379552254
91,MAR,0.2,0.3,0.201,0.3324,0.3198659336284951,0.3450998147044394
91,MAR,0.2,0.45,0.201,0.3288,0.3163023594214711,0.3414669504413154
91,MAR,0.3,0.0,0.30377777777777776,0.33145,0.31892546525830595,0.34414122291379884
91,MAR,0.3,0.15,0.30377777777777776,0.3365,0.32392545724493876,0.34923623501207823
91,MAR,0.3,0.3,0.30377777777777776,0.338,0.3254109153236592,0.35074929303177305
91,MAR,0.3,0.45,0.30377777777777776,0.33415,0.3215985262719806,0.34686549079484585
91,MNAR,0.0,0.0,0.0,0.32105,0.30863361983099474,0.33364335753884694
91,MNAR,0.0,0.15,0.0,0.3239,0.3114532824575702,0.33652087519540624
91,MNAR,0.0,0.3,0.0,0.3239,0.3114532824575702,0.33652087519540624
91,MNAR,0.0,0.45,0.0,0.31865,0.3062595805589168,0.3312197713587241
91,MNAR,0.1,0.0,0.10011111111111111,0.3235,0.3110575083032626,0.33611704509566936
91,MNAR,0.1,0.15,0.10011111111111111,0.32675,0.3142734746662569,0.33939786333189076
91,MNAR,0.1,0.3,0.10011111111111111,0.32655,0.314075549239173,0.3391959866275007
91,MNAR,0.1,0.45,0.10011111111111111,0.3236,0.3111564508633123,0.3362180035990164
91,MNAR,0.2,0.0,0.1971111111111111,0.32555,0.3130859610004692,0.3381865642133123
91,MNAR,0.2,0.15,0.1971111111111111,0.32955,0.31704470206856833,0.3422238658011565
91,MNAR,0.2,0.3,0.1971111111111111,0.32975,0.3172426662220885,0.3424257037835081
91,MNAR,0.2,0.45,0.1971111111111111,0.32665,0.3141745116288572,0.3392969253035149
91,MNAR,0.3,0.0,0.2952222222222222,0.32735,0.31486726648412083,0.3400034779102285
91,MNAR,0.3,0.15,0.2952222222222222,0.33105,0.3185294958633126,0.3437375880324606
91,MNAR,0.3,0.3,0.2952222222222222,0.33145,0.31892546525830595,0.34414122291379884
91,MNAR,0.3,0.45,0.2952222222222222,0.3296,0.31709419286574375,0.3422743255379227
91,Structured,0.0,0.0,0.0,0.32105,0.30863361983099474,0.33364335753884694
91,Structured,0.0,0.15,0.0,0.3239,0.3114532824575702,0.33652087519540624
91,Structured,0.0,0.3,0.0,0.3239,0.3114532824575702,0.33652087519540624
91,Structured,0.0,0.45,0.0,0.31865,0.3062595805589168,0.3312197713587241
91,Structured,0.1,0.0,0.09344444444444444,0.32695,0.3144714026835909,0.3395997374463271
91,Structured,0.1,0.15,0.09344444444444444,0.3301,0.3175891096792844,0.34277891406478106
91,Structured,0.1,0.3,0.09344444444444444,0.32925,0.31674776066368404,0.3419211040027758
91,Structured,0.1,0.45,0.09344444444444444,0.32595,0.3134817885116856,0.3385903409623554
91,Structured,0.2,0.0,0.199,0.33005,0.3175396172747891,0.34272845593515533
91,Structured,0.2,0.15,0.199,0.3338,0.3212519921211129,0.34651237119722933
91,Structured,0.2,0.3,0.199,0.33445,0.3218955617516131,0.3471681585288741
91,Structured,0.2,0.45,0.199,0.33135,0.31882647194839164,0.344040315154523
91,Structured,0.3,0.0,0.299,0.332,0.31946993990845757,0.3446962041454557
91,Structured,0.3,0.15,0.299,0.33795,0.32536139776347517,0.3506988600551007
91,Structured,0.3,0.3,0.299,0.33765,0.3250642957174475,0.3503962588803393
91,Structured,0.3,0.45,0.299,0.33615,0.323578870846801,0.34888316765609917
92,MCAR,0.0,0.0,0.0,0.31425,0.3019081649469298,0.3267755404293206
92,MCAR,0.0,0.15,0.0,0.31775,0.30536941378741245,0.33031082859752725
92,MCAR,0.0,0.3,0.0,0.31785,0.30546831856088685,0.330411824882919
92,MCAR,0.0,0.45,0.0,0.3156,0.3032431215444199,0.3281392480946331
92,MCAR,0.1,0.0,0.09566666666666666,0.32245,0.31001865085456853,0.3350569413833393
92,MCAR,0.1,0.15,0.09566666666666666,0.32665,0.3141745116288572,0.3392969253035149
92,MCAR,0.1,0.3,0.09566666666666666,0.32765,0.3151641711248472,0.34030627646860007
92,MCAR,0.1,0.45,0.09566666666666666,0.3227,0.31026599133025223,0.3353093535642708
92,MCAR,0.2,0.0,0.2008888888888889,0.3287,0.31620338313942253,0.3413660256560804
92,MCAR,0.2,0.15,0.2008888888888889,0.33355,0.3210044725058131,0.34626013813556006
92,MCAR,0.2,0.3,0.2008888888888889,0.33285,0.32031143878685053,0.34555386436132773
92,MCAR,0.2,0.45,0.2008888888888889,0.33015,0.3176386022444089,0.34282937203379654
92,MCAR,0.3,0.0,0.2991111111111111,0.3374,0.3248167150221488,0.35014408689210674
92,MCAR,0.3,0.15,0.2991111111111111,0.3436,0.3309578767582898,0.35639679182856326
92,MCAR,0.3,0.3,0.2991111111111111,0.3428,0.3301653333897365,0.35559012658026456
92,MCAR,0.3,0.45,0.2991111111111111,0.33995,0.32734222309786665,0.3527160562078779
92,MAR,0.0,0.0,0.0,0.31425,0.3019081649469298,0.3267755404293206
92,MAR,0.0,0.15,0.0,0.31775,0.30536941378741245,0.33031082859752725
92,MAR,0.0,0.3,0.0,0.31785,0.30546831856088685,0.330411824882919
92,MAR,0.0,0.45,0.0,0.3156,0.3032431215444199,0.3281392480946331
92,MAR,0.1,0.0,0.10155555555555555,0.32,0.30759493098532764,0.3325830852435503
92,MAR,0.1,0.15,0.10155555555555555,0.32295,0.3105133358926994,0.33556176165892226
92,MAR,0.1,0.3,0.10155555555555555,0.3238,0.31135433794062406,0.33641991864872695
92,MAR,0.1,0.45,0.10155555555555555,0.3198,0.3073970937130843,0.33238112039469464
92,MAR,0.2,0.0,0.1932222222222222,0.3253,0.31283857408178145,0.33793419846994943
92,MAR,0.2,0.15,0.1932222222222222,0.32925,0.31674776066368404,0.3419211040027758
92,MAR,0.2,0.3,0.1932222222222222,0.32855,0.3160549199250344,0.34121463726968015
92,MAR,0.2,0.45,0.1932222222222222,0.3233,0.31085962514116033,0.33591512613120683
92,MAR,0.3,0.0,0.2946666666666667,0.33295,0.32041044168949306,0.34565476252893135
92,MAR,0.3,0.15,0.2946666666666667,0.33855,0.3259556188976902,0.3513040453642617
92,MAR,0.3,0.3,0.2946666666666667,0.3363,0.32372740692419455,0.3490344831875113
92,MAR,0.3,0.45,0.2946666666666667,0.3324,0.3198659336284951,0.3450998147044394
92,MNAR,0.0,0.0,0.0,0.31425,0.3019081649469298,0.3267755404293206
92,MNAR,0.0,0.15,0.0,0.31775,0.30536941378741245,0.33031082859752725
92,MNAR,0.0,0.3,0.0,0.31785,0.30546831856088685,0.330411824882919
92,MNAR,0.0,0.45,0.0,0.3156,0.3032431215444199,0.3281392480946331
92,MNAR,0.1,0.0,0.09733333333333333,0.31865,0.3062595805589168,0.3312197713587241
92,MNAR,0.1,0.15,0.09733333333333333,0.32015,0.307743310667449,0.3327345571524627
92,MNAR,0.1,0.3,0.09733333333333333,0.3213,0.3088809373746293,0.33389579264910246
92,MNAR,0.1,0.45,0.09733333333333333,0.3177,0.3053199616488964,0.33026033020664075
92,MNAR,0.2,0.0,0.20033333333333334,0.3225,0.3100681186226449,0.3351074241465482
92,MNAR,0.2,0.15,0.20033333333333334,0.3278,0.31531262562636336,0.3404576735668829
92,MNAR,0.2,0.3,0.20033333333333334,0.32635,0.3138776264035645,0.3389941073319325
92,MNAR,0.2,0.45,0.20033333333333334,0.3227,0.31026599133025223,0.3353093535642708
92,MNAR,0.3,0.0,0.2996666666666667,0.3283,0.3158074844588031,0.34096232006829874
92,MNAR,0.3,0.15,0.2996666666666667,0.33395,0.3214005058018492,0.3466637091228824
92,MNAR,0.3,0.3,0.2996666666666667,0.33275,0.32021243652270914,0.3454529655552921
92,MNAR,0.3,0.45,0.2996666666666667,0.33005,0.3175396172747891,0.34272845593515533
92,Structured,0.0,0.0,0.0,0.31425,0.3019081649469298,0.3267755404293206
92,Structured,0.0,0.15,0.0,0.31775,0.30536941378741245,0.33031082859752725
92,Structured,0.0,0.3,0.0,0.31785,0.30546831856088685,0.330411824882919
92,Structured,0.0,0.45,0.0,0.3156,0.3032431215444199,0.3281392480946331
92,Structured,0.1,0.0,0.10177777777777777,0.32125,0.30883147353775925,0.3338453059551554
92,Structured,0.1,0.15,0.10177777777777777,0.32535,0.31288805114069757,0.3379846719434052
92,Structured,0.1,0.3,0.10177777777777777,0.32295,0.3105133358926994,0.33556176165892226
92,Structured,0.1,0.45,0.10177777777777777,0.31995,0.3075454714203776,0.3325325942781964
92,Structured,0.2,0.0,0.21022222222222223,0.3271,0.3146198503957075,0.33975114133323275
92,Structured,0.2,0.15,0.21022222222222223,0.33135,0.31882647194839164,0.344040315154523
92,Structured,0.2,0.3,0.21022222222222223,0.33155,0.3190244592087537,0.34424213003261067
92,Structured,0.2,0.45,0.21022222222222223,0.327,0.3145208850925077,0.3396502055703995
92,Structured,0.3,0.0,0.3111111111111111,0.335,0.32244014166630486,0.3477230345075043
92,Structured,0.3,0.15,0.3111111111111111,0.33765,0.3250642957174475,0.3503962588803393
92,Structured,0.3,0.3,0.3111111111111111,0.3386,0.32600513835052264,0.3513544764484843
92,Structured,0.3,0.45,0.3111111111111111,0.33535,0.3227867025306751,0.3480761273945113
93,MCAR,0.0,0.0,0.0,0.31505,0.30269923567148904,0.3275836781549609
93,MCAR,0.0,0.15,0.0,0.3162,0.3038364745490822,0.3287453014338459
93,MCAR,0.0,0.3,0.0,0.316,0.30363868755415274,0.32854328631382096
93,MCAR,0.0,0.45,0.0,0.31505,0.30269923567148904,0.3275836781549609
93,MCAR,0.1,0.0,0.09766666666666667,0.32015,0.307743310667449,0.3327345571524627
93,MCAR,0.1,0.15,0.09766666666666667,0.3214,0.3089798655404435,0.3339967655449826
93,MCAR,0.1,0.3,0.09766666666666667,0.32355,0.3111069795017209,0.3361675244289006
93,MCAR,0.1,0.45,0.09766666666666667,0.3218,0.3093755847617249,0.3344006505712535
93,MCAR,0.2,0.0,0.19411111111111112,0.3288,0.3163023594214711,0.3414669504413154
93,MCAR,0.2,0.15,0.19411111111111112,0.32735,0.31486726648412083,0.3400034779102285
93,MCAR,0.2,0.3,0.19411111111111112,0.32925,0.31674776066368404,0.3419211040027758
93,MCAR,0.2,0.45,0.19411111111111112,0.3292,0.3166982709927386,0.3418706431399064
93,MCAR,0.3,0.0,0.2976666666666667,0.33615,0.323578870846801,0.34888316765609917
93,MCAR,0.3,0.15,0.2976666666666667,0.3339,0.321351001082349,0.3466132633069022
93,MCAR,0.3,0.3,0.2976666666666667,0.3342,0.3216480317874572,0.34691593581493707
93,MCAR,0.3,0.45,0.2976666666666667,0.3356,0.3230342507676285,0.3483283318376246
93,MAR,0.0,0.0,0.0,0.31505,0.30269923567148904,0.3275836781549609
93,MAR,0.0,0.15,0.0,0.3162,0.3038364745490822,0.3287453014338459
93,MAR,0.0,0.3,0.0,0.316,0.30363868755415274,0.32854328631382096
93,MAR,0.0,0.45,0.0,0.31505,0.30269923567148904,0.3275836781549609
93,MAR,0.1,0.0,0.09988888888888889,0.31845,0.30606176109336536,0.3310177887053345
93,MAR,0.1,0.15,0.09988888888888889,0.31885,0.3064574026662897,0.3314217513706159
93,MAR,0.1,0.3,0.09988888888888889,0.32095,0.3085346939623258,0.3335423823460982
93,MAR,0.1,0.45,0.09988888888888889,0.31925,0.30685305480120445,0.3318257034751922
93,MAR,0.2,0.0,0.196,0.3254,0.31293752836204436,0.33803514525445066
93,MAR,0.2,0.15,0.196,0.3235,0.3110575083032626,0.33611704509566936
93,MAR,0.2,0.3,0.196,0.32505,0.3125911912243212,0.3376818286658277
93,MAR,0.2,0.45,0.196,0.324,0.31155222762650087,0.33662183109017974
93,MAR,0.3,0.0,0.2986666666666667,0.3363,0.32372740692419455,0.3490344831875113
93,MAR,0.3,0.15,0.2986666666666667,0.33175,0.31922244903066566,0.3444439423494328
93,MAR,0.3,0.3,0.2986666666666667,0.32985,0.31734164926348135,0.3425266218101593
93,MAR,0.3,0.45,0.2986666666666667,0.32965,0.3171436838237346,0.3423247851138899
93,MNAR,0.0,0.0,0.0,0.31505,0.30269923567148904,0.3275836781549609
93,MNAR,0.0,0.15,0.0,0.3162,0.3038364745490822,0.3287453014338459
93,MNAR,0.0,0.3,0.0,0.316,0.30363868755415274,0.32854328631382096
93,MNAR,0.0,0.45,0.0,0.31505,0.30269923567148904,0.3275836781549609
93,MNAR,0.1,0.0,0.09855555555555555,0.31775,0.30536941378741245,0.33031082859752725
93,MNAR,0.1,0.15,0.09855555555555555,0.31545,0.303094787035692,0.32798773101785617
93,MNAR,0.1,0.3,0.09855555555555555,0.31755,0.3051716062264839,0.33010883404096775
93,MNAR,0.1,0.45,0.09855555555555555,0.31845,0.30606176109336536,0.3310177887053345
93,MNAR,0.2,0.0,0.19577777777777777,0.3233,0.31085962514116033,0.33591512613120683
93,MNAR,0.2,0.15,0.19577777777777777,0.32125,0.30883147353775925,0.3338453059551554
93,MNAR,0.2,0.3,0.19577777777777777,0.32165,0.3092271888244659,0.334249194915533
93,MNAR,0.2,0.45,0.19577777777777777,0.32315,0.31071121448345784,0.33576368519418903
93,MNAR,0.3,0.0,0.2972222222222222,0.33,0.3174901250309444,0.3426779976448983
93,MNAR,0.3,0.15,0.2972222222222222,0.3286,0.3161044075019812,0.34126510022631174
93,MNAR,0.3,0.3,0.2972222222222222,0.32865,0.3161538952401174,0.34131556302177296
93,MNAR,0.3,0.45,0.2972222222222222,0.3277,0.315213655797164,0.34035674232953234
93,Structured,0.0,0.0,0.0,0.31505,0.30269923567148904,0.3275836781549609
93,Structured,0.0,0.15,0.0,0.3162,0.3038364745490822,0.3287453014338459
93,Structured,0.0,0.3,0.0,0.316,0.30363868755415274,0.32854328631382096
93,Structured,0.0,0.45,0.0,0.31505,0.30269923567148904,0.3275836781549609
93,Structured,0.1,0.0,0.099,0.32105,0.30863361983099474,0.33364335753884694
93,Structured,0.1,0.15,0.099,0.32125,0.30883147353775925,0.3338453059551554
93,Structured,0.1,0.3,0.099,0.3239,0.3114532824575702,0.33652087519540624
93,Structured,0.1,0.45,0.099,0.3228,0.3103649286649587,0.3354103172923464
93,Structured,0.2,0.0,0.19922222222222222,0.3274,0.31491675018686505,0.3400539447406214
93,Structured,0.2,0.15,0.19922222222222222,0.3279,0.31541159610152775,0.34055860415834194
93,Structured,0.2,0.3,0.19922222222222222,0.33095,0.3184305051169964,0.3436366777098722
93,Structured,0.2,0.45,0.19922222222222222,0.32865,0.3161538952401174,0.34131556302177296
93,Structured,0.3,0.0,0.29544444444444445,0.3346,0.32204408163888487,0.34731949024866554
93,Structured,0.3,0.15,0.29544444444444445,0.33705,0.32447010868609755,0.34979103947191703
93,Structured,0.3,0.3,0.29544444444444445,0.33855,0.3259556188976902,0.3513040453642617
93,Structured,0.3,0.45,0.29544444444444445,0.33665,0.3240739966480522,0.34938754721812487
94,MCAR,0.0,0.0,0.0,0.3126,0.300276716675075,0.325108621289626
94,MCAR,0.0,0.15,0.0,0.3113,0.2989914617689889,0.3237951624938365
94,MCAR,0.0,0.3,0.0,0.31165,0.2993374807625473,0.3241487971878183
94,MCAR,0.0,0.45,0.0,0.31,0.29770632061083224,0.322481589964694
94,MCAR,0.1,0.0,0.096,0.3217,0.309276653973022,0.33429968029794954
94,MCAR,0.1,0.15,0.096,0.3218,0.3093755847617249,0.3344006505712535
94,MCAR,0.1,0.3,0.096,0.31925,0.30685305480120445,0.3318257034751922
94,MCAR,0.1,0.45,0.096,0.3178,0.30541886609141694,0.3303613268229464
94,MCAR,0.2,0.0,0.19922222222222222,0.3285,0.31600543250929736,0.34116417415185946
94,MCAR,0.2,0.15,0.19922222222222222,0.3293,0.3167972504955747,0.3419715647047166
94,MCAR,0.2,0.3,0.19922222222222222,0.328,0.31551056722250576,0.3406595341040624
94,MCAR,0.2,0.45,0.19922222222222222,0.3243,0.3118490670436204,0.3369246948646256
94,MCAR,0.3,0.0,0.29355555555555557,0.33755,0.3249652629654019,0.3502953905589215
94,MCAR,0.3,0.15,0.29355555555555557,0.33715,0.324569138277376,0.3498919109537676
94,MCAR,0.3,0.3,0.29355555555555557,0.33565,0.32308376089103114,0.3483787722502873
94,MCAR,0.3,0.45,0.29355555555555557,0.33205,0.31951943856388754,0.3447466560248416
94,MAR,0.0,0.0,0.0,0.3126,0.300276716675075,0.325108621289626
94,MAR,0.0,0.15,0.0,0.3113,0.2989914617689889,0.3237951624938365
94,MAR,0.0,0.3,0.0,0.31165,0.2993374807625473,0.3241487971878183
94,MAR,0.0,0.45,0.0,0.31,0.29770632061083224,0.322481589964694
94,MAR,0.1,0.0,0.09688888888888889,0.31975,0.30734763480657373,0.3323306287709807
94,MAR,0.1,0.15,0.09688888888888889,0.31865,0.3062595805589168,0.3312197713587241
94,MAR,0.1,0.3,0.09688888888888889,0.31685,0.30447930063400436,0.3294018322247979
94,MAR,0.1,0.45,0.09688888888888889,0.31515,0.3027981225131914,0.32768469236990866
94,MAR,0.2,0.0,0.19566666666666666,0.32515,0.31269014387980226,0.33778277707492377
94,MAR,0.2,0.15,0.19566666666666666,0.3263,0.3138281460997241,0.33894363710302455
94,MAR,0.2,0.3,0.19566666666666666,0.32355,0.3111069795017209,0.3361675244289006
94,MAR,0.2,0.45,0.19566666666666666,0.3185,0.3061112157120099,0.3310682846163947
94,MAR,0.3,0.0,0.2951111111111111,0.3326,0.32006393432400243,0.3453016161488649
94,MAR,0.3,0.15,0.2951111111111111,0.33275,0.32021243652270914,0.3454529655552921
94,MAR,0.3,0.3,0.2951111111111111,0.32915,0.31664878148275777,0.3418201821160919
94,MAR,0.3,0.45,0.2951111111111111,0.32555,0.3130859610004692,0.3381865642133123
94,MNAR,0.0,0.0,0.0,0.3126,0.300276716675075,0.325108621289626
94,MNAR,0.0,0.15,0.0,0.3113,0.2989914617689889,0.3237951624938365
94,MNAR,0.0,0.3,0.0,0.31165,0.2993374807625473,0.3241487971878183
94,MNAR,0.0,0.45,0.0,0.31,0.29770632061083224,0.322481589964694
94,MNAR,0.1,0.0,0.09577777777777778,0.31635,0.30398481653981796,0.3288968110295432
94,MNAR,0.1,0.15,0.09577777777777778,0.3173,0.30492435050083094,0.3298563371202153
94,MNAR,0.1,0.3,0.09577777777777778,0.3143,0.3019576056158285,0.3268260502884005
94,MNAR,0.1,0.45,0.09577777777777778,0.3142,0.30185872444500383,0.32672503040328615
94,MNAR,0.2,0.0,0.19722222222222222,0.32075,0.3083368441952209,0.3333404299906028
94,MNAR,0.2,0.15,0.19722222222222222,0.32025,0.30784223127805177,0.33283553760264833
94,MNAR,0.2,0.3,0.19722222222222222,0.3189,0.30650685860576193,0.33147224596100905
94,MNAR,0.2,0.45,0.19722222222222222,0.3162,0.3038364745490822,0.3287453014338459
94,MNAR,0.3,0.0,0.2936666666666667,0.32535,0.31288805114069757,0.3379846719434052
94,MNAR,0.3,0.15,0.2936666666666667,0.32555,0.3130859610004692,0.3381865642133123
94,MNAR,0.3,0.3,0.2936666666666667,0.32285,0.310414397577468,0.33546079891125663
94,MNAR,0.3,0.45,0.2936666666666667,0.3207,0.30828738216402635,0.3332899414911948
94,Structured,0.0,0.0,0.0,0.3126,0.300276716675075,0.325108621289626
94,Structured,0.0,0.15,0.0,0.3113,0.2989914617689889,0.3237951624938365
94,Structured,0.0,0.3,0.0,0.31165,0.2993374807625473,0.3241487971878183
94,Structured,0.0,0.45,0.0,0.31,0.29770632061083224,0.322481589964694
94,Structured,0.1,0.0,0.09911111111111111,0.3192,0.3068035977070917,0.3317752100392973
94,Structured,0.1,0.15,0.09911111111111111,0.31845,0.30606176109336536,0.3310177887053345
94,Structured,0.1,0.3,0.09911111111111111,0.3189,0.30650685860576193,0.33147224596100905
94,Structured,0.1,0.45,0.09911111111111111,0.319,0.306605770979717,0.3315732346468472
94,Structured,0.2,0.0,0.20277777777777778,0.3238,0.31135433794062406,0.33641991864872695
94,Structured,0.2,0.15,0.20277777777777778,0.3266,0.31412503035304107,0.33924645604647263
94,Structured,0.2,0.3,0.20277777777777778,0.32675,0.3142734746662569,0.33939786333189076
94,Structured,0.2,0.45,0.20277777777777778,0.328,0.31551056722250576,0.3406595341040624
94,Structured,0.3,0.0,0.296,0.32825,0.31575799784938813,0.340911856144246
94,Structured,0.3,0.15,0.296,0.332,0.31946993990845757,0.3446962041454557
94,Structured,0.3,0.3,0.296,0.334,0.32145001068058027,0.3467141547796499
94,Structured,0.3,0.45,0.296,0.33515,0.32258866679823694,0.34787436098320296
95,MCAR,0.0,0.0,0.0,0.3098,0.29750861670744233,0.3222794917636517
95,MCAR,0.0,0.15,0.0,0.31525,0.30289701002124025,0.32778570591859313
95,MCAR,0.0,0.3,0.0,0.3152,0.30284756618393316,0.32773519922752237
95,MCAR,0.0,0.45,0.0,0.3112,0.2988926007134577,0.32369412249597934
95,MCAR,0.1,0.0,0.10044444444444445,0.3174,0.3050232522942112,0.3299573363853365
95,MCAR,0.1,0.15,0.10044444444444445,0.32305,0.3106122748614157,0.3356627237531803
95,MCAR,0.1,0.3,0.10044444444444445,0.32295,0.3105133358926994,0.33556176165892226
95,MCAR,0.1,0.45,0.10044444444444445,0.32015,0.307743310667449,0.3327345571524627
95,MCAR,0.2,0.0,0.20266666666666666,0.3265,0.3140260682872722,0.33914551704657897
95,MCAR,0.2,0.15,0.20266666666666666,0.3295,0.3169952114322278,0.34217340590357503
95,MCAR,0.2,0.3,0.20266666666666666,0.33025,0.31773758785647443,0.34293028749006393
95,MCAR,0.2,0.45,0.20266666666666666,0.32555,0.3130859610004692,0.3381865642133123
95,MCAR,0.3,0.0,0.30677777777777776,0.3326,0.32006393432400243,0.3453016161488649
95,MCAR,0.3,0.15,0.30677777777777776,0.337,0.32442059412766366,0.3497406034938131
95,MCAR,0.3,0.3,0.30677777777777776,0.3361,0.3235293591378886,0.34883272882877614
95,MCAR,0.3,0.45,0.30677777777777776,0.33135,0.31882647194839164,0.344040315154523
95,MAR,0.0,0.0,0.0,0.3098,0.29750861670744233,0.3222794917636517
95,MAR,0.0,0.15,0.0,0.31525,0.30289701002124025,0.32778570591859313
95,MAR,0.0,0.3,0.0,0.3152,0.30284756618393316,0.32773519922752237
95,MAR,0.0,0.45,0.0,0.3112,0.2988926007134577,0.32369412249597934
95,MAR,0.1,0.0,0.1,0.3161,0.3037375807192537,0.3286442942061563
95,MAR,0.1,0.15,0.1,0.32075,0.3083368441952209,0.3333404299906028
95,MAR,0.1,0.3,0.1,0.32095,0.3085346939623258,0.3335423823460982
95,MAR,0.1,0.45,0.1,0.3177,0.3053199616488964,0.33026033020664075
95,MAR,0.2,0.0,0.20344444444444446,0.3221,0.30967238105911493,0.3347035574603453
95,MAR,0.2,0.15,0.20344444444444446,0.3265,0.3140260682872722,0.33914551704657897
95,MAR,0.2,0.3,0.20344444444444446,0.32645,0.3139765874973577,0.33909504730369017
95,MAR,0.2,0.45,0.20344444444444446,0.32135,0.30893040137553046,0.3339462791790372
95,MAR,0.3,0.0,0.304,0.32855,0.3160549199250344,0.34121463726968015
95,MAR,0.3,0.15,0.304,0.33475,0.3221926029571548,0.34747082053761474
95,MAR,0.3,0.3,0.304,0.333,0.32045994338020733,0.3457052113733676
95,MAR,0.3,0.45,0.304,0.32715,0.3146693332899524,0.33980160897203326
95,MNAR,0.0,0.0,0.0,0.3098,0.29750861670744233,0.3222794917636517
95,MNAR,0.0,0.15,0.0,0.31525,0.30289701002124025,0.32778570591859313
95,MNAR,0.0,0.3,0.0,0.3152,0.30284756618393316,0.32773519922752237
95,MNAR,0.0,0.45,0.0,0.3112,0.2988926007134577,0.32369412249597934
95,MNAR,0.1,0.0,0.10422222222222222,0.31405,0.30171040394128285,0.32657349932325425
95,MNAR,0.1,0.15,0.10422222222222222,0.31965,0.3072487174875559,0.3322296450296075
95,MNAR,0.1,0.3,0.10422222222222222,0.3203,0.3078916918300486,0.33288602758107433
95,MNAR,0.1,0.45,0.10422222222222222,0.31555,0.3031936765417547,0.3280887425687762
95,MNAR,0.2,0.0,0.20655555555555555,0.31735,0.3049738013146939,0.3299068368355924
95,MNAR,0.2,0.15,0.20655555555555555,0.32125,0.30883147353775925,0.3338453059551554
95,MNAR,0.2,0.3,0.20655555555555555,0.3211,0.3086830830115387,0.33369384488904247
95,MNAR,0.2,0.45,0.20655555555555555,0.3164,0.3040342642022441,0.32894731389596965
95,MNAR,0.3,0.0,0.30433333333333334,0.3215,0.30907879436222013,0.33409773778497565
95,MNAR,0.3,0.15,0.30433333333333334,0.32475,0.3122943371596104,0.3373789795372659
95,MNAR,0.3,0.3,0.30433333333333334,0.3247,0.3122448620513657,0.33732850411336474
95,MNAR,0.3,0.45,0.30433333333333334,0.31995,0.3075454714203776,0.3325325942781964
95,Structured,0.0,0.0,0.0,0.3098,0.29750861670744233,0.3222794917636517
95,Structured,0.0,0.15,0.0,0.31525,0.30289701002124025,0.32778570591859313
95,Structured,0.0,0.3,0.0,0.3152,0.30284756618393316,0.32773519922752237
95,Structured,0.0,0.45,0.0,0.3112,0.2988926007134577,0.32369412249597934
95,Structured,0.1,0.0,0.10377777777777777,0.3159,0.30353979505394885,0.32844227775667
95,Structured,0.1,0.15,0.10377777777777777,0.324,0.31155222762650087,0.33662183109017974
95,Structured,0.1,0.3,0.10377777777777777,0.3227,0.31026599133025223,0.3353093535642708
95,Structured,0.1,0.45,0.10377777777777777,0.3205,0.308089535682197,0.33308798585081767
95,Structured,0.2,0.0,0.20433333333333334,0.3247,0.3122448620513657,0.33732850411336474
95,Structured,0.2,0.15,0.20433333333333334,0.3311,0.31857899147690044,0.3437880429533525
95,Structured,0.2,0.3,0.20433333333333334,0.32925,0.31674776066368404,0.3419211040027758
95,Structured,0.2,0.45,0.20433333333333334,0.3265,0.3140260682872722,0.33914551704657897
95,Structured,0.3,0.0,0.30777777777777776,0.3296,0.31709419286574375,0.3422743255379227
95,Structured,0.3,0.15,0.30777777777777776,0.33535,0.3227867025306751,0.3480761273945113
95,Structured,0.3,0.3,0.30777777777777776,0.3325,0.31996493365674605,0.3452007157461204
95,Structured,0.3,0.45,0.30777777777777776,0.32885,0.3163518478041754,0.3415174125922792
96,MCAR,0.0,0.0,0.0,0.31225,0.2999306753404593,0.3247550089338517
96,MCAR,0.0,0.15,0.0,0.3151,0.30274867900903696,0.32763418534572764
96,MCAR,0.0,0.3,0.0,0.31345,0.30111713696764125,0.3259673599637732
96,MCAR,0.0,0.45,0.0,0.31295,0.3006227662265821,0.3254622254295524
96,MCAR,0.1,0.0,0.10066666666666667,0.32055,0.3081389970561719,0.33313847500736427
96,MCAR,0.1,0.15,0.10066666666666667,0.32135,0.30893040137553046,0.3339462791790372
96,MCAR,0.1,0.3,0.10066666666666667,0.321,0.30858415681458445,0.3335928700245397
96,MCAR,0.1,0.45,0.10066666666666667,0.31865,0.3062595805589168,0.3312197713587241
96,MCAR,0.2,0.0,0.20444444444444446,0.3257,0.3132343951000648,0.33833798171117313
96,MCAR,0.2,0.15,0.20444444444444446,0.3289,0.31640133634797757,0.34156787458216537
96,MCAR,0.2,0.3,0.20444444444444446,0.32845,0.3159559452547863,0.3411137108728301
96,MCAR,0.2,0.45,0.20444444444444446,0.3251,0.3126406674707984,0.33773230295162904
96,MCAR,0.3,0.0,0.30244444444444446,0.33385,0.32130149652209694,0.34656281733168964
96,MCAR,0.3,0.15,0.30244444444444446,0.3378,0.32521284602998723,0.35054756017811983
96,MCAR,0.3,0.3,0.30244444444444446,0.3368,0.3242225374756916,0.349538857999799
96,MCAR,0.3,0.45,0.30244444444444446,0.33595,0.32338082496205833,0.3486814113960058
96,MAR,0.0,0.0,0.0,0.31225,0.2999306753404593,0.3247550089338517
96,MAR,0.0,0.15,0.0,0.3151,0.30274867900903696,0.32763418534572764
96,MAR,0.0,0.3,0.0,0.31345,0.30111713696764125,0.3259673599637732
96,MAR,0.0,0.45,0.0,0.31295,0.3006227662265821,0.3254622254295524
96,MAR,0.1,0.0,0.10288888888888889,0.3182,0.30581449047850173,0.3307653066719727
96,MAR,0.1,0.15,0.10288888888888889,0.31915,0.30675414077786645,0.3317247164385363
96,MAR,0.1,0.3,0.10288888888888889,0.3184,0.3060123066399159,0.3309672926290978
96,MAR,0.1,0.45,0.10288888888888889,0.31595,0.30358924122092795,0.32849278211835903
96,MAR,0.2,0.0,0.1998888888888889,0.3223,0.3098702485318402,0.33490549211233167
96,MAR,0.2,0.15,0.1998888888888889,0.32505,0.3125911912243212,0.3376818286658277
96,MAR,0.2,0.3,0.1998888888888889,0.32525,0.31278909718531367,0.33788372483406354
96,MAR,0.2,0.45,0.1998888888888889,0.3223,0.3098702485318402,0.33490549211233167
96,MAR,0.3,0.0,0.3022222222222222,0.33,0.3174901250309444,0.3426779976448983
96,MAR,0.3,0.15,0.3022222222222222,0.33245,0.3199154335627354,0.3451502653051567
96,MAR,0.3,0.3,0.3022222222222222,0.3308,0.31828202019994334,0.3434853110237026
96,MAR,0.3,0.45,0.3022222222222222,0.32885,0.3163518478041754,0.3415174125922792
96,MNAR,0.0,0.0,0.0,0.31225,0.2999306753404593,0.3247550089338517
96,MNAR,0.0,0.15,0.0,0.3151,0.30274867900903696,0.32763418534572764
96,MNAR,0.0,0.3,0.0,0.31345,0.30111713696764125,0.3259673599637732
96,MNAR,0.0,0.45,0.0,0.31295,0.3006227662265821,0.3254622254295524
96,MNAR,0.1,0.0,0.10111111111111111,0.3163,0.30393536904346846,0.32884630799706055
96,MNAR,0.1,0.15,0.10111111111111111,0.31895,0.3065563147102445,0.33152274038641333
96,MNAR,0.1,0.3,0.10111111111111111,0.318,0.30561667696189077,0.3305633180703665
96,MNAR,0.1,0.45,0.10111111111111111,0.3145,0.30215536996072984,0.3270280880556323
96,MNAR,0.2,0.0,0.203,0.31855,0.30616067049583096,0.3311187803623001
96,MNAR,0.2,0.15,0.203,0.3192,0.3068035977070917,0.3317752100392973
96,MNAR,0.2,0.3,0.203,0.31845,0.30606176109336536,0.3310177887053345
96,MNAR,0.2,0.45,0.203,0.3168,0.30442985147784574,0.3293513308519203
96,MNAR,0.3,0.0,0.3012222222222222,0.32045,0.3080400744725764,0.33303749652993564
96,MNAR,0.3,0.15,0.3012222222222222,0.32485,0.31239328786407033,0.33747992989715636
96,MNAR,0.3,0.3,0.3012222222222222,0.3245,0.31204696324540676,0.3371266007909284
96,MNAR,0.3,0.45,0.3012222222222222,0.32065,0.308237920297108,0.33323945282753253
96,Structured,0.0,0.0,0.0,0.31225,0.2999306753404593,0.3247550089338517
96,Structured,0.0,0.15,0.0,0.3151,0.30274867900903696,0.32763418534572764
96,Structured,0.0,0.3,0.0,0.31345,0.30111713696764125,0.3259673599637732
96,Structured,0.0,0.45,0.0,0.31295,0.3006227662265821,0.3254622254295524
96,Structured,0.1,0.0,0.10088888888888889,0.3191,0.30670468401354845,0.33167422267288876
96,Structured,0.1,0.15,0.10088888888888889,0.3228,0.3103649286649587,0.3354103172923464
96,Structured,0.1,0.3,0.10088888888888889,0.3221,0.30967238105911493,0.3347035574603453
96,Structured,0.1,0.45,0.10088888888888889,0.3204,0.30799061342733125,0.33298700704469797
96,Structured,0.2,0.0,0.20477777777777778,0.326,0.3135312676806795,0.33864081232597587
96,Structured,0.2,0.15,0.20477777777777778,0.3284,0.3159064581615211,0.3410632474325717
96,Structured,0.2,0.3,0.20477777777777778,0.3299,0.31739114102527166,0.3425770805824189
96,Structured,0.2,0.45,0.20477777777777778,0.32655,0.314075549239173,0.3391959866275007
96,Structured,0.3,0.0,0.30644444444444446,0.3347,0.3221430956920949,0.34742037726691705
96,Structured,0.3,0.15,0.30644444444444446,0.33685,0.3242720514013851,0.34958929461057675
96,Structured,0.3,0.3,0.30644444444444446,0.33915,0.3265498627301832,0.351909207977529
96,Structured,0.3,0.45,0.30644444444444446,0.3351,0.3225391582620972,0.34782391898344805
97,MCAR,0.0,0.0,0.0,0.3123,0.29998010931347335,0.324805525487973
97,MCAR,0.0,0.15,0.0,0.31195,0.2996340750279044,0.324451906084049
97,MCAR,0.0,0.3,0.0,0.3151,0.30274867900903696,0.32763418534572764
97,MCAR,0.0,0.45,0.0,0.31405,0.30171040394128285,0.32657349932325425
97,MCAR,0.1,0.0,0.09422222222222222,0.32195,0.30952398217345584,0.33455210475267594
97,MCAR,0.1,0.15,0.09422222222222222,0.32045,0.3080400744725764,0.33303749652993564
97,MCAR,0.1,0.3,0.09422222222222222,0.32405,0.3116017004554097,0.33667230879315
97,MCAR,0.1,0.45,0.09422222222222222,0.3221,0.30967238105911493,0.3347035574603453
97,MCAR,0.2,0.0,0.1948888888888889,0.32715,0.3146693332899524,0.33980160897203326
97,MCAR,0.2,0.15,0.1948888888888889,0.3279,0.31541159610152775,0.34055860415834194
97,MCAR,0.2,0.3,0.1948888888888889,0.32745,0.314966234051252,0.3401044114093908
97,MCAR,0.2,0.45,0.1948888888888889,0.3262,0.31372918597825206,0.3388426961590586
97,MCAR,0.3,0.0,0.29355555555555557,0.33445,0.3218955617516131,0.3471681585288741
97,MCAR,0.3,0.15,0.29355555555555557,0.33365,0.32110347987393667,0.3463610318381725
97,MCAR,0.3,0.3,0.29355555555555557,0.3336,0.3210539761101969,0.3463105850665359
97,MCAR,0.3,0.45,0.29355555555555557,0.3321,0.3195689373792323,0.3447971077443297
97,MAR,0.0,0.0,0.0,0.3123,0.29998010931347335,0.324805525487973
97,MAR,0.0,0.15,0.0,0.31195,0.2996340750279044,0.324451906084049
97,MAR,0.0,0.3,0.0,0.3151,0.30274867900903696,0.32763418534572764
97,MAR,0.0,0.45,0.0,0.31405,0.30171040394128285,0.32657349932325425
97,MAR,0.1,0.0,0.09911111111111111,0.32005,0.3076443907148365,0.3326335760443668
97,MAR,0.1,0.15,0.09911111111111111,0.31715,0.30477599905338393,0.32970483698006453
97,MAR,0.1,0.3,0.09911111111111111,0.3211,0.3086830830115387,0.33369384488904247
97,MAR,0.1,0.45,0.09911111111111111,0.31935,0.3069519694840064,0.331926689852461
97,MAR,0.2,0.0,0.20266666666666666,0.3243,0.3118490670436204,0.3369246948646256
97,MAR,0.2,0.15,0.20266666666666666,0.32445,0.31199748895077084,0.33707612455351393
97,MAR,0.2,0.3,0.20266666666666666,0.32385,0.3114038101175886,0.33647039700356596
97,MAR,0.2,0.45,0.20266666666666666,0.32125,0.30883147353775925,0.3338453059551554
97,MAR,0.3,0.0,0.3008888888888889,0.32865,0.3161538952401174,0.34131556302177296
97,MAR,0.3,0.15,0.3008888888888889,0.3284,0.3159064581615211,0.3410632474325717
97,MAR,0.3,0.3,0.3008888888888889,0.32755,0.3150652022648783,0.34020534426212945
97,MAR,0.3,0.45,0.3008888888888889,0.32595,0.3134817885116856,0.3385903409623554
97,MNAR,0.0,0.0,0.0,0.3123,0.29998010931347335,0.324805525487973
97,MNAR,0.0,0.15,0.0,0.31195,0.2996340750279044,0.324451906084049
97,MNAR,0.0,0.3,0.0,0.3151,0.30274867900903696,0.32763418534572764
97,MNAR,0.0,0.45,0.0,0.31405,0.30171040394128285,0.32657349932325425
97,MNAR,0.1,0.0,0.09844444444444445,0.3183,0.3059133982286917,0.33086629998101325
97,MNAR,0.1,0.15,0.09844444444444445,0.31485,0.3025014639878088,0.3273816477255904
97,MNAR,0.1,0.3,0.09844444444444445,0.3196,0.3071992590750897,0.3321791529119073
97,MNAR,0.1,0.45,0.09844444444444445,0.3173,0.30492435050083094,0.3298563371202153
97,MNAR,0.2,0.0,0.196,0.31955,0.3071498008273459,0.33212866062950525
97,MNAR,0.2,0.15,0.196,0.3188,0.30640794689184847,0.33137125661521105
97,MNAR,0.2,0.3,0.196,0.3207,0.30828738216402635,0.3332899414911948
97,MNAR,0.2,0.45,0.196,0.3191,0.30670468401354845,0.33167422267288876
97,MNAR,0.3,0.0,0.28933333333333333,0.32115,0.30873254635619307,0.3337443320751448
97,MNAR,0.3,0.15,0.28933333333333333,0.32225,0.309820781418164,0.33485500869480106
97,MNAR,0.3,0.3,0.28933333333333333,0.32185,0.30942505040183166,0.334451135462178
97,MNAR,0.3,0.45,0.28933333333333333,0.32075,0.3083368441952209,0.3333404299906028
97,Structured,0.0,0.0,0.0,0.3123,0.29998010931347335,0.324805525487973
97,Structured,0.0,0.15,0.0,0.31195,0.2996340750279044,0.324451906084049
97,Structured,0.0,0.3,0.0,0.3151,0.30274867900903696,0.32763418534572764
97,Structured,0.0,0.45,0.0,0.31405,0.30171040394128285,0.32657349932325425
97,Structured,0.1,0.0,0.10044444444444445,0.3191,0.30670468401354845,0.33167422267288876
97,Structured,0.1,0.15,0.10044444444444445,0.3195,0.30710034274434517,0.3320781681823802
97,Structured,0.1,0.3,0.10044444444444445,0.32115,0.30873254635619307,0.3337443320751448
97,Structured,0.1,0.45,0.10044444444444445,0.3196,0.3071992590750897,0.3321791529119073
97,Structured,0.2,0.0,0.20133333333333334,0.32475,0.3122943371596104,0.3373789795372659
97,Structured,0.2,0.15,0.20133333333333334,0.32665,0.3141745116288572,0.3392969253035149
97,Structured,0.2,0.3,0.20133333333333334,0.3266,0.31412503035304107,0.33924645604647263
97,Structured,0.2,0.45,0.20133333333333334,0.32525,0.31278909718531367,0.33788372483406354
97,Structured,0.3,0.0,0.30722222222222223,0.3274,0.31491675018686505,0.3400539447406214
97,Structured,0.3,0.15,0.30722222222222223,0.32975,0.3172426662220885,0.3424257037835081
97,Structured,0.3,0.3,0.30722222222222223,0.331,0.3184800004100062,0.3436871329513058
97,Structured,0.3,0.45,0.30722222222222223,0.3302,0.31768809497014566,0.34287982984221765
98,MCAR,0.0,0.0,0.0,0.31165,0.2993374807625473,0.3241487971878183
98,MCAR,0.0,0.15,0.0,0.31145,0.2991397546142218,0.32394672122884943
98,MCAR,0.0,0.3,0.0,0.3125,0.3001778468835417,0.32500759002665697
98,MCAR,0.0,0.45,0.0,0.309,0.2967178281382325,0.3214710719186359
98,MCAR,0.1,0.0,0.10222222222222223,0.3208,0.30838630639066605,0.3333909183257778
98,MCAR,0.1,0.15,0.10222222222222223,0.3214,0.3089798655404435,0.3339967655449826
98,MCAR,0.1,0.3,0.10222222222222223,0.32065,0.308237920297108,0.33323945282753253
98,MCAR,0.1,0.45,0.10222222222222223,0.3168,0.30442985147784574,0.3293513308519203
98,MCAR,0.2,0.0,0.20244444444444445,0.32625,0.3137786659579477,0.33889316671207453
98,MCAR,0.2,0.15,0.20244444444444445,0.3274,0.31491675018686505,0.3400539447406214
98,MCAR,0.2,0.3,0.20244444444444445,0.3264,0.3139271068694487,0.3390445773988144
98,MCAR,0.2,0.45,0.20244444444444445,0.323,0.3105628052953818,0.3356122427877165
98,MCAR,0.3,0.0,0.3025555555555556,0.3304,0.3178860674788329,0.3430816594703374
98,MCAR,0.3,0.15,0.3025555555555556,0.3316,0.319073956424132,0.3442925833518906
98,MCAR,0.3,0.3,0.3025555555555556,0.3335,0.32095496906080306,0.3462096910452284
98,MCAR,0.3,0.45,0.3025555555555556,0.32965,0.3171436838237346,0.3423247851138899
98,MAR,0.0,0.0,0.0,0.31165,0.2993374807625473,0.3241487971878183
98,MAR,0.0,0.15,0.0,0.31145,0.2991397546142218,0.32394672122884943
98,MAR,0.0,0.3,0.0,0.3125,0.3001778468835417,0.32500759002665697
98,MAR,0.0,0.45,0.0,0.309,0.2967178281382325,0.3214710719186359
98,MAR,0.1,0.0,0.10144444444444445,0.32035,0.30794115254648186,0.33293651739508434
98,MAR,0.1,0.15,0.10144444444444445,0.3209,0.3084852312742391,0.33349189450350364
98,MAR,0.1,0.3,0.10144444444444445,0.31915,0.30675414077786645,0.3317247164385363
98,MAR,0.1,0.45,0.10144444444444445,0.315,0.3026497925005713,0.32753317079758476
98,MAR,0.2,0.0,0.2011111111111111,0.32275,0.31031545991588017,0.3353598355100246
98,MAR,0.2,0.15,0.2011111111111111,0.32345,0.31100803726795706,0.3360665655993038
98,MAR,0.2,0.3,0.2011111111111111,0.3229,0.3104638666533882,0.3355112803667754
98,MAR,0.2,0.45,0.2011111111111111,0.31885,0.3064574026662897,0.3314217513706159
98,MAR,0.3,0.0,0.29988888888888887,0.32855,0.3160549199250344,0.34121463726968015
98,MAR,0.3,0.15,0.29988888888888887,0.32805,0.31556005302512685,0.3407099988348175
98,MAR,0.3,0.3,0.29988888888888887,0.3279,0.31541159610152775,0.34055860415834194
98,MAR,0.3,0.45,0.29988888888888887,0.32505,0.3125911912243212,0.3376818286658277
98,MNAR,0.0,0.0,0.0,0.31165,0.2993374807625473,0.3241487971878183
98,MNAR,0.0,0.15,0.0,0.31145,0.2991397546142218,0.32394672122884943
98,MNAR,0.0,0.3,0.0,0.3125,0.3001778468835417,0.32500759002665697
98,MNAR,0.0,0.45,0.0,0.309,0.2967178281382325,0.3214710719186359
98,MNAR,0.1,0.0,0.10177777777777777,0.31445,0.30210592862415286,0.3269775788641456
98,MNAR,0.1,0.15,0.10177777777777777,0.316,0.30363868755415274,0.32854328631382096
98,MNAR,0.1,0.3,0.10177777777777777,0.31715,0.30477599905338393,0.32970483698006453
98,MNAR,0.1,0.45,0.10177777777777777,0.31195,0.2996340750279044,0.324451906084049
98,MNAR,0.2,0.0,0.20166666666666666,0.31845,0.30606176109336536,0.3310177887053345
98,MNAR,0.2,0.15,0.20166666666666666,0.3186,0.30621012544480636,0.3311692759430689
98,MNAR,0.2,0.3,0.20166666666666666,0.318,0.30561667696189077,0.3305633180703665
98,MNAR,0.2,0.45,0.20166666666666666,0.3147,0.3023531369754838,0.3272301231533468
98,MNAR,0.3,0.0,0.30144444444444446,0.32225,0.309820781418164,0.33485500869480106
98,MNAR,0.3,0.15,0.30144444444444446,0.32165,0.3092271888244659,0.334249194915533
98,MNAR,0.3,0.3,0.30144444444444446,0.32205,0.3096229146001584,0.33465307338817346
98,MNAR,0.3,0.45,0.30144444444444446,0.31895,0.3065563147102445,0.33152274038641333
98,Structured,0.0,0.0,0.0,0.31165,0.2993374807625473,0.3241487971878183
98,Structured,0.0,0.15,0.0,0.31145,0.2991397546142218,0.32394672122884943
98,Structured,0.0,0.3,0.0,0.3125,0.3001778468835417,0.32500759002665697
98,Structured,0.0,0.45,0.0,0.309,0.2967178281382325,0.3214710719186359
98,Structured,0.1,0.0,0.10066666666666667,0.3184,0.3060123066399159,0.3309672926290978
98,Structured,0.1,0.15,0.10066666666666667,0.31985,0.3074465527842355,0.33243161185378867
98,Structured,0.1,0.3,0.10066666666666667,0.31945,0.3070508848261078,0.33202767557051155
98,Structured,0.1,0.45,0.10066666666666667,0.31585,0.30349034905323646,0.3283917732287364
98,Structured,0.2,0.0,0.1981111111111111,0.3251,0.3126406674707984,0.33773230295162904
98,Structured,0.2,0.15,0.1981111111111111,0.32465,0.31219538710580347,0.3372780285267999
98,Structured,0.2,0.3,0.1981111111111111,0.3256,0.31313543887134115,0.3382370368749077
98,Structured,0.2,0.45,0.1981111111111111,0.32145,0.30902932986934606,0.33404725174695443
98,Structured,0.3,0.0,0.2982222222222222,0.33065,0.3181335367262336,0.34333394289435043
98,Structured,0.3,0.15,0.2982222222222222,0.3314,0.318875968523273,0.34409076911422815
98,Structured,0.3,0.3,0.2982222222222222,0.33215,0.31961843635447373,0.3448475593039403
98,Structured,0.3,0.45,0.2982222222222222,0.3263,0.3138281460997241,0.33894363710302455
99,MCAR,0.0,0.0,0.0,0.3201,0.3076938506088838,0.3326840666806638
99,MCAR,0.0,0.15,0.0,0.32225,0.309820781418164,0.33485500869480106
99,MCAR,0.0,0.3,0.0,0.3204,0.30799061342733125,0.33298700704469797
99,MCAR,0.0,0.45,0.0,0.3164,0.3040342642022441,0.32894731389596965
99,MCAR,0.1,0.0,0.10444444444444445,0.32575,0.3132838734578776,0.3383884538858833
99,MCAR,0.1,0.15,0.10444444444444445,0.3273,0.3148177829430392,0.33995301091819224
99,MCAR,0.1,0.3,0.10444444444444445,0.329,0.31650031391878986,0.3416687980787809
99,MCAR,0.1,0.45,0.10444444444444445,0.32265,0.3102165229080941,0.33525887145506794
99,MCAR,0.2,0.0,0.20633333333333334,0.3318,0.31927194688624977,0.3444943950285771
99,MCAR,0.2,0.15,0.20633333333333334,0.33375,0.3212024878794126,0.34646192490350136
99,MCAR,0.2,0.3,0.20633333333333334,0.33555,0.3229847408028729,0.34827789126633324
99,MCAR,0.2,0.45,0.20633333333333334,0.33055,0.3180345485458626,0.3432330300061011
99,MCAR,0.3,0.0,0.305,0.34215,0.3295214213448805,0.354934681626922
99,MCAR,0.3,0.15,0.305,0.3439,0.3312550908175853,0.3566992810016285
99,MCAR,0.3,0.3,0.305,0.34365,0.33100741204506656,0.3564472070804741
99,MCAR,0.3,0.45,0.305,0.34095,0.32833273012448927,0.35372455993467333
99,MAR,0.0,0.0,0.0,0.3201,0.3076938506088838,0.3326840666806638
99,MAR,0.0,0.15,0.0,0.32225,0.309820781418164,0.33485500869480106
99,MAR,0.0,0.3,0.0,0.3204,0.30799061342733125,0.33298700704469797
99,MAR,0.0,0.45,0.0,0.3164,0.3040342642022441,0.32894731389596965
99,MAR,0.1,0.0,0.09955555555555555,0.32235,0.309919715809147,0.3349559753662518
99,MAR,0.1,0.15,0.09955555555555555,0.3249,0.3124427634602451,0.3375304048331822
99,MAR,0.1,0.3,0.09955555555555555,0.32565,0.31318491690454625,0.3382875093741882
99,MAR,0.1,0.45,0.09955555555555555,0.31955,0.3071498008273459,0.33212866062950525
99,MAR,0.2,0.0,0.19777777777777777,0.32765,0.3151641711248472,0.34030627646860007
99,MAR,0.2,0.15,0.19777777777777777,0.3297,0.31719317494252314,0.3423752445290792
99,MAR,0.2,0.3,0.19777777777777777,0.3316,0.319073956424132,0.3442925833518906
99,MAR,0.2,0.45,0.19777777777777777,0.3263,0.3138281460997241,0.33894363710302455
99,MAR,0.3,0.0,0.3012222222222222,0.3368,0.3242225374756916,0.349538857999799
99,MAR,0.3,0.15,0.3012222222222222,0.3382,0.32560898714236963,0.3509510233606552
99,MAR,0.3,0.3,0.3012222222222222,0.33775,0.325163329101234,0.3504971265700817
99,MAR,0.3,0.45,0.3012222222222222,0.3336,0.3210539761101969,0.3463105850665359
99,MNAR,0.0,0.0,0.0,0.3201,0.3076938506088838,0.3326840666806638
99,MNAR,0.0,0.15,0.0,0.32225,0.309820781418164,0.33485500869480106
99,MNAR,0.0,0.3,0.0,0.3204,0.30799061342733125,0.33298700704469797
99,MNAR,0.0,0.45,0.0,0.3164,0.3040342642022441,0.32894731389596965
99,MNAR,0.1,0.0,0.10233333333333333,0.32175,0.30932611928544834,0.3343501655165161
99,MNAR,0.1,0.15,0.10233333333333333,0.3224,0.3099691832500617,0.33500645845658134
99,MNAR,0.1,0.3,0.10233333333333333,0.3236,0.3111564508633123,0.3362180035990164
99,MNAR,0.1,0.45,0.10233333333333333,0.3182,0.30581449047850173,0.3307653066719727
99,MNAR,0.2,0.0,0.19977777777777778,0.3238,0.31135433794062406,0.33641991864872695
99,MNAR,0.2,0.15,0.19977777777777778,0.324,0.31155222762650087,0.33662183109017974
99,MNAR,0.2,0.3,0.19977777777777778,0.32425,0.311799593400222,0.336874217976048
99,MNAR,0.2,0.45,0.19977777777777778,0.32005,0.3076443907148365,0.3326335760443668
99,MNAR,0.3,0.0,0.304,0.3266,0.31412503035304107,0.33924645604647263
99,MNAR,0.3,0.15,0.304,0.32745,0.314966234051252,0.3401044114093908
99,MNAR,0.3,0.3,0.304,0.32675,0.3142734746662569,0.33939786333189076
99,MNAR,0.3,0.45,0.304,0.32385,0.3114038101175886,0.33647039700356596
99,Structured,0.0,0.0,0.0,0.3201,0.3076938506088838,0.3326840666806638
99,Structured,0.0,0.15,0.0,0.32225,0.309820781418164,0.33485500869480106
99,Structured,0.0,0.3,0.0,0.3204,0.30799061342733125,0.33298700704469797
99,Structured,0.0,0.45,0.0,0.3164,0.3040342642022441,0.32894731389596965
99,Structured,0.1,0.0,0.10044444444444445,0.3255,0.31303648329194955,0.3381360913893841
99,Structured,0.1,0.15,0.10044444444444445,0.32795,0.31546108158129915,0.34060906921191014
99,Structured,0.1,0.3,0.10044444444444445,0.3284,0.3159064581615211,0.3410632474325717
99,Structured,0.1,0.45,0.10044444444444445,0.32205,0.3096229146001584,0.33465307338817346
99,Structured,0.2,0.0,0.19211111111111112,0.3331,0.3205589472403314,0.34580610858359534
99,Structured,0.2,0.15,0.19211111111111112,0.33585,0.3232818029707636,0.3485805323149824
99,Structured,0.2,0.3,0.19211111111111112,0.3363,0.32372740692419455,0.3490344831875113
99,Structured,0.2,0.45,0.19211111111111112,0.3291,0.31659929213376026,0.3417697209313116
99,Structured,0.3,0.0,0.292,0.3421,0.3294718907436088,0.3548842616899825
99,Structured,0.3,0.15,0.292,0.3458,0.3331375766734826,0.35861491563042275
99,Structured,0.3,0.3,0.292,0.34505,0.3323944633237043,0.3578587708914549
99,Structured,0.3,0.45,0.292,0.33835,0.32575754266279916,0.3511023194510945
