reference_containment,reference_ARR,reference_UCP,reference_n_certified,reference_n_true_safe,containment_lower,containment_upper,ambiguous_environments,reference_halfwidth_max,rep,Model,method,inference_seconds
1.0,0.375,0.0,6,16,1.0,1.0,3,0.012105151073280501,0,Logistic regression,normal_bonferroni,0.0004600999964168295
1.0,0.4375,0.0,7,16,1.0,1.0,3,0.012105151073280501,0,Logistic regression,multiplier,0.0019562000015866943
1.0,0.25,0.0,4,16,1.0,1.0,3,0.012105151073280501,0,Logistic regression,exact_bonferroni,0.0011987000034423545
1.0,0.0,0.0,0,16,1.0,1.0,3,0.012105151073280501,0,Logistic regression,hoeffding,0.00031239999952958897
1.0,0.375,0.0,6,16,1.0,1.0,3,0.012105151073280501,0,Logistic regression,holm,0.0005095999949844554
1.0,0.375,0.0,6,16,1.0,1.0,0,0.011880352861663473,0,HistGradientBoosting,normal_bonferroni,0.0007177000006777234
1.0,0.5625,0.0,9,16,1.0,1.0,0,0.011880352861663473,0,HistGradientBoosting,multiplier,0.0026122999988729134
1.0,0.375,0.0,6,16,1.0,1.0,0,0.011880352861663473,0,HistGradientBoosting,exact_bonferroni,0.0008785999962128699
1.0,0.0625,0.0,1,16,1.0,1.0,0,0.011880352861663473,0,HistGradientBoosting,hoeffding,0.0002961999998660758
1.0,0.375,0.0,6,16,1.0,1.0,0,0.011880352861663473,0,HistGradientBoosting,holm,0.00048400000378023833
1.0,0.4375,0.0,7,16,1.0,1.0,0,0.012062081735719293,1,Logistic regression,normal_bonferroni,0.0008218000002671033
1.0,0.5,0.0,8,16,1.0,1.0,0,0.012062081735719293,1,Logistic regression,multiplier,0.002430399996228516
1.0,0.25,0.0,4,16,1.0,1.0,0,0.012062081735719293,1,Logistic regression,exact_bonferroni,0.000884000000951346
1.0,0.0625,0.0,1,16,1.0,1.0,0,0.012062081735719293,1,Logistic regression,hoeffding,0.00032500000088475645
1.0,0.4375,0.0,7,16,1.0,1.0,0,0.012062081735719293,1,Logistic regression,holm,0.0005143000016687438
1.0,0.8125,0.0,13,16,1.0,1.0,0,0.01181008547360543,1,HistGradientBoosting,normal_bonferroni,0.0007256999961100519
1.0,0.8125,0.0,13,16,1.0,1.0,0,0.01181008547360543,1,HistGradientBoosting,multiplier,0.002479700000549201
1.0,0.8125,0.0,13,16,1.0,1.0,0,0.01181008547360543,1,HistGradientBoosting,exact_bonferroni,0.0008174000031431206
1.0,0.625,0.0,10,16,1.0,1.0,0,0.01181008547360543,1,HistGradientBoosting,hoeffding,0.00028369999927235767
1.0,1.0,0.0,16,16,1.0,1.0,0,0.01181008547360543,1,HistGradientBoosting,holm,0.000512500002514571
1.0,0.5,0.0,8,16,1.0,1.0,1,0.012088793557132715,2,Logistic regression,normal_bonferroni,0.00048239999887300655
1.0,0.5625,0.0,9,16,1.0,1.0,1,0.012088793557132715,2,Logistic regression,multiplier,0.0018272999950568192
1.0,0.5,0.0,8,16,1.0,1.0,1,0.012088793557132715,2,Logistic regression,exact_bonferroni,0.0007361000025412068
1.0,0.375,0.0,6,16,1.0,1.0,1,0.012088793557132715,2,Logistic regression,hoeffding,0.0001793000046745874
1.0,0.5,0.0,8,16,1.0,1.0,1,0.012088793557132715,2,Logistic regression,holm,0.0003093999985139817
1.0,0.9375,0.0,15,16,1.0,1.0,0,0.011882359598981096,2,HistGradientBoosting,normal_bonferroni,0.0007680999988224357
1.0,1.0,0.0,16,16,1.0,1.0,0,0.011882359598981096,2,HistGradientBoosting,multiplier,0.0026225000037811697
1.0,0.9375,0.0,15,16,1.0,1.0,0,0.011882359598981096,2,HistGradientBoosting,exact_bonferroni,0.0008857000066200271
1.0,0.5,0.0,8,16,1.0,1.0,0,0.011882359598981096,2,HistGradientBoosting,hoeffding,0.00030589999369112775
1.0,1.0,0.0,16,16,1.0,1.0,0,0.011882359598981096,2,HistGradientBoosting,holm,0.0005211999960010871
1.0,0.75,0.0,12,16,0.0,1.0,4,0.012133466542673887,3,Logistic regression,normal_bonferroni,0.0007789000010234304
1.0,0.875,0.0,14,16,0.0,1.0,4,0.012133466542673887,3,Logistic regression,multiplier,0.0027343999972799793
1.0,0.75,0.0,12,16,0.0,1.0,4,0.012133466542673887,3,Logistic regression,exact_bonferroni,0.0009445000032428652
1.0,0.625,0.0,10,16,0.0,1.0,4,0.012133466542673887,3,Logistic regression,hoeffding,0.0003209999995306134
1.0,0.875,0.0,14,16,0.0,1.0,4,0.012133466542673887,3,Logistic regression,holm,0.0005310999986249954
1.0,0.75,0.0,12,16,1.0,1.0,0,0.01194717029069492,3,HistGradientBoosting,normal_bonferroni,0.0007842999984859489
1.0,0.8125,0.0,13,16,1.0,1.0,0,0.01194717029069492,3,HistGradientBoosting,multiplier,0.0028894999995827675
1.0,0.75,0.0,12,16,1.0,1.0,0,0.01194717029069492,3,HistGradientBoosting,exact_bonferroni,0.0006143999999039806
1.0,0.625,0.0,10,16,1.0,1.0,0,0.01194717029069492,3,HistGradientBoosting,hoeffding,0.0001801999969757162
1.0,0.8125,0.0,13,16,1.0,1.0,0,0.01194717029069492,3,HistGradientBoosting,holm,0.0003108000018983148
1.0,0.0,0.0,0,16,1.0,1.0,4,0.01212340054439498,4,Logistic regression,normal_bonferroni,0.000745400000596419
1.0,0.0,0.0,0,16,1.0,1.0,4,0.01212340054439498,4,Logistic regression,multiplier,0.002870999996957835
1.0,0.0,0.0,0,16,1.0,1.0,4,0.01212340054439498,4,Logistic regression,exact_bonferroni,0.0006995000003371388
1.0,0.0,0.0,0,16,1.0,1.0,4,0.01212340054439498,4,Logistic regression,hoeffding,0.0008906999937607907
1.0,0.0,0.0,0,16,1.0,1.0,4,0.01212340054439498,4,Logistic regression,holm,0.00035340000613359734
1.0,1.0,0.0,16,16,1.0,1.0,0,0.011874821279428238,4,HistGradientBoosting,normal_bonferroni,0.000298099999781698
1.0,1.0,0.0,16,16,1.0,1.0,0,0.011874821279428238,4,HistGradientBoosting,multiplier,0.001273000001674518
1.0,0.8125,0.0,13,16,1.0,1.0,0,0.011874821279428238,4,HistGradientBoosting,exact_bonferroni,0.00025119999918388203
1.0,0.4375,0.0,7,16,1.0,1.0,0,0.011874821279428238,4,HistGradientBoosting,hoeffding,9.490000229561701e-05
1.0,1.0,0.0,16,16,1.0,1.0,0,0.011874821279428238,4,HistGradientBoosting,holm,0.0002311000062036328
1.0,0.0625,0.0,1,16,1.0,1.0,3,0.012119603702729354,5,Logistic regression,normal_bonferroni,0.0008390000002691522
1.0,0.25,0.0,4,16,1.0,1.0,3,0.012119603702729354,5,Logistic regression,multiplier,0.0031869000013102777
1.0,0.0625,0.0,1,16,1.0,1.0,3,0.012119603702729354,5,Logistic regression,exact_bonferroni,0.0012150999973528087
1.0,0.0,0.0,0,16,1.0,1.0,3,0.012119603702729354,5,Logistic regression,hoeffding,0.000378099997760728
1.0,0.0625,0.0,1,16,1.0,1.0,3,0.012119603702729354,5,Logistic regression,holm,0.0006754999994882382
1.0,0.3125,0.0,5,16,1.0,1.0,0,0.011938976433716442,5,HistGradientBoosting,normal_bonferroni,0.0007188999952632003
1.0,0.5,0.0,8,16,1.0,1.0,0,0.011938976433716442,5,HistGradientBoosting,multiplier,0.002860799999325536
1.0,0.3125,0.0,5,16,1.0,1.0,0,0.011938976433716442,5,HistGradientBoosting,exact_bonferroni,0.0010350999946240336
1.0,0.0,0.0,0,16,1.0,1.0,0,0.011938976433716442,5,HistGradientBoosting,hoeffding,0.000327600006130524
1.0,0.3125,0.0,5,16,1.0,1.0,0,0.011938976433716442,5,HistGradientBoosting,holm,0.0005507999958354048
1.0,0.125,0.0,2,16,1.0,1.0,0,0.01207616438282283,6,Logistic regression,normal_bonferroni,0.0008396000048378482
1.0,0.125,0.0,2,16,1.0,1.0,0,0.01207616438282283,6,Logistic regression,multiplier,0.002525999996578321
1.0,0.125,0.0,2,16,1.0,1.0,0,0.01207616438282283,6,Logistic regression,exact_bonferroni,0.0010136999990209006
1.0,0.0,0.0,0,16,1.0,1.0,0,0.01207616438282283,6,Logistic regression,hoeffding,0.0003087999939452857
1.0,0.125,0.0,2,16,1.0,1.0,0,0.01207616438282283,6,Logistic regression,holm,0.0005387999990489334
1.0,0.5,0.0,8,16,1.0,1.0,0,0.011902288045715304,6,HistGradientBoosting,normal_bonferroni,0.0010448999964864925
1.0,0.5,0.0,8,16,1.0,1.0,0,0.011902288045715304,6,HistGradientBoosting,multiplier,0.0016399999949499033
1.0,0.4375,0.0,7,16,1.0,1.0,0,0.011902288045715304,6,HistGradientBoosting,exact_bonferroni,0.0009085999990929849
1.0,0.1875,0.0,3,16,1.0,1.0,0,0.011902288045715304,6,HistGradientBoosting,hoeffding,0.00030300000071292743
1.0,0.5,0.0,8,16,1.0,1.0,0,0.011902288045715304,6,HistGradientBoosting,holm,0.0005072999992989935
1.0,1.0,0.0,16,16,1.0,1.0,0,0.012077476715899288,7,Logistic regression,normal_bonferroni,0.0009359999967273325
1.0,1.0,0.0,16,16,1.0,1.0,0,0.012077476715899288,7,Logistic regression,multiplier,0.0027703000014298595
1.0,1.0,0.0,16,16,1.0,1.0,0,0.012077476715899288,7,Logistic regression,exact_bonferroni,0.0009454000028199516
1.0,0.9375,0.0,15,16,1.0,1.0,0,0.012077476715899288,7,Logistic regression,hoeffding,0.00031670000316808
1.0,1.0,0.0,16,16,1.0,1.0,0,0.012077476715899288,7,Logistic regression,holm,0.0010602999973343685
1.0,1.0,0.0,16,16,1.0,1.0,0,0.011944765003286034,7,HistGradientBoosting,normal_bonferroni,0.000690799999574665
1.0,1.0,0.0,16,16,1.0,1.0,0,0.011944765003286034,7,HistGradientBoosting,multiplier,0.0024388000019825995
1.0,1.0,0.0,16,16,1.0,1.0,0,0.011944765003286034,7,HistGradientBoosting,exact_bonferroni,0.0008551999999326654
1.0,0.8125,0.0,13,16,1.0,1.0,0,0.011944765003286034,7,HistGradientBoosting,hoeffding,0.0002917000019806437
1.0,1.0,0.0,16,16,1.0,1.0,0,0.011944765003286034,7,HistGradientBoosting,holm,0.00048349999997299165
1.0,0.0,0.0,0,16,1.0,1.0,1,0.012081841375882585,8,Logistic regression,normal_bonferroni,0.0008014999984879978
1.0,0.0625,0.0,1,16,1.0,1.0,1,0.012081841375882585,8,Logistic regression,multiplier,0.0028128999983891845
1.0,0.0,0.0,0,16,1.0,1.0,1,0.012081841375882585,8,Logistic regression,exact_bonferroni,0.0009270000009564683
1.0,0.0,0.0,0,16,1.0,1.0,1,0.012081841375882585,8,Logistic regression,hoeffding,0.00031579999631503597
1.0,0.0,0.0,0,16,1.0,1.0,1,0.012081841375882585,8,Logistic regression,holm,0.0005228000009083189
1.0,0.625,0.0,10,16,1.0,1.0,0,0.011917559399651223,8,HistGradientBoosting,normal_bonferroni,0.0008339999985764734
1.0,0.625,0.0,10,16,1.0,1.0,0,0.011917559399651223,8,HistGradientBoosting,multiplier,0.0029121999978087842
1.0,0.5,0.0,8,16,1.0,1.0,0,0.011917559399651223,8,HistGradientBoosting,exact_bonferroni,0.0009777000013855286
1.0,0.25,0.0,4,16,1.0,1.0,0,0.011917559399651223,8,HistGradientBoosting,hoeffding,0.00033629999961704016
1.0,0.625,0.0,10,16,1.0,1.0,0,0.011917559399651223,8,HistGradientBoosting,holm,0.0005902000048081391
1.0,0.4375,0.0,7,16,1.0,1.0,0,0.012052310175168723,9,Logistic regression,normal_bonferroni,0.0010240999981760979
1.0,0.4375,0.0,7,16,1.0,1.0,0,0.012052310175168723,9,Logistic regression,multiplier,0.0028115999957663007
1.0,0.4375,0.0,7,16,1.0,1.0,0,0.012052310175168723,9,Logistic regression,exact_bonferroni,0.0009059000003617257
1.0,0.0,0.0,0,16,1.0,1.0,0,0.012052310175168723,9,Logistic regression,hoeffding,0.00029969999741297215
1.0,0.4375,0.0,7,16,1.0,1.0,0,0.012052310175168723,9,Logistic regression,holm,0.000538699998287484
1.0,1.0,0.0,16,16,1.0,1.0,0,0.011931223421033366,9,HistGradientBoosting,normal_bonferroni,0.0008723000064492226
1.0,1.0,0.0,16,16,1.0,1.0,0,0.011931223421033366,9,HistGradientBoosting,multiplier,0.0029704000044148415
1.0,1.0,0.0,16,16,1.0,1.0,0,0.011931223421033366,9,HistGradientBoosting,exact_bonferroni,0.0009149000034085475
1.0,0.875,0.0,14,16,1.0,1.0,0,0.011931223421033366,9,HistGradientBoosting,hoeffding,0.00029519999952754006
1.0,1.0,0.0,16,16,1.0,1.0,0,0.011931223421033366,9,HistGradientBoosting,holm,0.0005067000020062551
1.0,0.0625,0.0,1,16,1.0,1.0,6,0.012150876378100611,10,Logistic regression,normal_bonferroni,0.0009734999985084869
1.0,0.125,0.0,2,16,1.0,1.0,6,0.012150876378100611,10,Logistic regression,multiplier,0.0033011999985319562
1.0,0.0625,0.0,1,16,1.0,1.0,6,0.012150876378100611,10,Logistic regression,exact_bonferroni,0.001161800006229896
1.0,0.0,0.0,0,16,1.0,1.0,6,0.012150876378100611,10,Logistic regression,hoeffding,0.0003789000038523227
1.0,0.0625,0.0,1,16,1.0,1.0,6,0.012150876378100611,10,Logistic regression,holm,0.0006646999972872436
1.0,0.9375,0.0,15,16,1.0,1.0,0,0.01195723006109689,10,HistGradientBoosting,normal_bonferroni,0.0006520000024465844
1.0,1.0,0.0,16,16,1.0,1.0,0,0.01195723006109689,10,HistGradientBoosting,multiplier,0.002420299999357667
1.0,0.9375,0.0,15,16,1.0,1.0,0,0.01195723006109689,10,HistGradientBoosting,exact_bonferroni,0.0007855000003473833
1.0,0.6875,0.0,11,16,1.0,1.0,0,0.01195723006109689,10,HistGradientBoosting,hoeffding,0.00021320000087143853
1.0,1.0,0.0,16,16,1.0,1.0,0,0.01195723006109689,10,HistGradientBoosting,holm,0.00032220000139204785
1.0,0.0,0.0,0,16,1.0,1.0,4,0.01211875832167586,11,Logistic regression,normal_bonferroni,0.00045909999607829377
1.0,0.0,0.0,0,16,1.0,1.0,4,0.01211875832167586,11,Logistic regression,multiplier,0.0015849999981583096
1.0,0.0,0.0,0,16,1.0,1.0,4,0.01211875832167586,11,Logistic regression,exact_bonferroni,0.0005177999992156401
1.0,0.0,0.0,0,16,1.0,1.0,4,0.01211875832167586,11,Logistic regression,hoeffding,0.0003121999980066903
1.0,0.0,0.0,0,16,1.0,1.0,4,0.01211875832167586,11,Logistic regression,holm,0.0005038999952375889
1.0,0.5,0.0,8,16,1.0,1.0,0,0.012004197984310044,11,HistGradientBoosting,normal_bonferroni,0.000779100002546329
1.0,0.5,0.0,8,16,1.0,1.0,0,0.012004197984310044,11,HistGradientBoosting,multiplier,0.002857799998309929
1.0,0.4375,0.0,7,16,1.0,1.0,0,0.012004197984310044,11,HistGradientBoosting,exact_bonferroni,0.0008735999945201911
1.0,0.125,0.0,2,16,1.0,1.0,0,0.012004197984310044,11,HistGradientBoosting,hoeffding,0.00032389999978477135
1.0,0.5,0.0,8,16,1.0,1.0,0,0.012004197984310044,11,HistGradientBoosting,holm,0.0005515000011655502
1.0,0.125,0.0,2,16,1.0,1.0,1,0.012089659876053205,12,Logistic regression,normal_bonferroni,0.00044219999836059287
1.0,0.25,0.0,4,16,1.0,1.0,1,0.012089659876053205,12,Logistic regression,multiplier,0.002593700002762489
1.0,0.0625,0.0,1,16,1.0,1.0,1,0.012089659876053205,12,Logistic regression,exact_bonferroni,0.0009862000006251037
1.0,0.0,0.0,0,16,1.0,1.0,1,0.012089659876053205,12,Logistic regression,hoeffding,0.0003541999976732768
1.0,0.0625,0.0,1,16,1.0,1.0,1,0.012089659876053205,12,Logistic regression,holm,0.0005301000055624172
1.0,1.0,0.0,16,16,1.0,1.0,0,0.012035710729551896,12,HistGradientBoosting,normal_bonferroni,0.0007107999990694225
1.0,1.0,0.0,16,16,1.0,1.0,0,0.012035710729551896,12,HistGradientBoosting,multiplier,0.002602200002002064
1.0,1.0,0.0,16,16,1.0,1.0,0,0.012035710729551896,12,HistGradientBoosting,exact_bonferroni,0.0008520999981556088
1.0,0.625,0.0,10,16,1.0,1.0,0,0.012035710729551896,12,HistGradientBoosting,hoeffding,0.0002899999963119626
1.0,1.0,0.0,16,16,1.0,1.0,0,0.012035710729551896,12,HistGradientBoosting,holm,0.0005034999994677491
1.0,0.0,0.0,0,16,1.0,1.0,1,0.012084887688590312,13,Logistic regression,normal_bonferroni,0.0007423999995808117
1.0,0.0,0.0,0,16,1.0,1.0,1,0.012084887688590312,13,Logistic regression,multiplier,0.002581099994131364
1.0,0.0,0.0,0,16,1.0,1.0,1,0.012084887688590312,13,Logistic regression,exact_bonferroni,0.0008739000040804967
1.0,0.0,0.0,0,16,1.0,1.0,1,0.012084887688590312,13,Logistic regression,hoeffding,0.00029439999343594536
1.0,0.0,0.0,0,16,1.0,1.0,1,0.012084887688590312,13,Logistic regression,holm,0.0006491999956779182
1.0,1.0,0.0,16,16,1.0,1.0,0,0.011856583759360634,13,HistGradientBoosting,normal_bonferroni,0.0007459000044036657
1.0,1.0,0.0,16,16,1.0,1.0,0,0.011856583759360634,13,HistGradientBoosting,multiplier,0.0023589999982505105
1.0,1.0,0.0,16,16,1.0,1.0,0,0.011856583759360634,13,HistGradientBoosting,exact_bonferroni,0.0006018999993102625
1.0,0.75,0.0,12,16,1.0,1.0,0,0.011856583759360634,13,HistGradientBoosting,hoeffding,0.000167199999850709
1.0,1.0,0.0,16,16,1.0,1.0,0,0.011856583759360634,13,HistGradientBoosting,holm,0.00029550000181188807
1.0,0.3125,0.0,5,16,1.0,1.0,0,0.012047396908404534,14,Logistic regression,normal_bonferroni,0.0008164999962900765
1.0,0.4375,0.0,7,16,1.0,1.0,0,0.012047396908404534,14,Logistic regression,multiplier,0.002735699999902863
1.0,0.3125,0.0,5,16,1.0,1.0,0,0.012047396908404534,14,Logistic regression,exact_bonferroni,0.0013648999956785701
1.0,0.125,0.0,2,16,1.0,1.0,0,0.012047396908404534,14,Logistic regression,hoeffding,0.00018849999469239265
1.0,0.3125,0.0,5,16,1.0,1.0,0,0.012047396908404534,14,Logistic regression,holm,0.00030449999758275226
1.0,0.375,0.0,6,16,1.0,1.0,0,0.011859637643397508,14,HistGradientBoosting,normal_bonferroni,0.0007401999973808415
1.0,0.4375,0.0,7,16,1.0,1.0,0,0.011859637643397508,14,HistGradientBoosting,multiplier,0.0025936000020010397
1.0,0.3125,0.0,5,16,1.0,1.0,0,0.011859637643397508,14,HistGradientBoosting,exact_bonferroni,0.000890900002559647
1.0,0.125,0.0,2,16,1.0,1.0,0,0.011859637643397508,14,HistGradientBoosting,hoeffding,0.00029709999944316223
1.0,0.375,0.0,6,16,1.0,1.0,0,0.011859637643397508,14,HistGradientBoosting,holm,0.0005302999998093583
1.0,0.0,0.0,0,16,1.0,1.0,2,0.012115794793077478,15,Logistic regression,normal_bonferroni,0.0007944000026327558
1.0,0.125,0.0,2,16,1.0,1.0,2,0.012115794793077478,15,Logistic regression,multiplier,0.00306799999816576
1.0,0.0,0.0,0,16,1.0,1.0,2,0.012115794793077478,15,Logistic regression,exact_bonferroni,0.0010078999985125847
1.0,0.0,0.0,0,16,1.0,1.0,2,0.012115794793077478,15,Logistic regression,hoeffding,0.00035010000283364207
1.0,0.0,0.0,0,16,1.0,1.0,2,0.012115794793077478,15,Logistic regression,holm,0.0005643999975291081
1.0,0.875,0.0,14,16,1.0,1.0,0,0.011875828446576864,15,HistGradientBoosting,normal_bonferroni,0.0007106999983079731
1.0,0.875,0.0,14,16,1.0,1.0,0,0.011875828446576864,15,HistGradientBoosting,multiplier,0.0025774999958230183
1.0,0.875,0.0,14,16,1.0,1.0,0,0.011875828446576864,15,HistGradientBoosting,exact_bonferroni,0.0008428000001003966
1.0,0.375,0.0,6,16,1.0,1.0,0,0.011875828446576864,15,HistGradientBoosting,hoeffding,0.0002888000017264858
1.0,1.0,0.0,16,16,1.0,1.0,0,0.011875828446576864,15,HistGradientBoosting,holm,0.0005345999961718917
1.0,0.0,0.0,0,16,1.0,1.0,4,0.01212255784413227,16,Logistic regression,normal_bonferroni,0.0007142000031308271
1.0,0.0,0.0,0,16,1.0,1.0,4,0.01212255784413227,16,Logistic regression,multiplier,0.0028994000022066757
1.0,0.0,0.0,0,16,1.0,1.0,4,0.01212255784413227,16,Logistic regression,exact_bonferroni,0.0009546000001137145
1.0,0.0,0.0,0,16,1.0,1.0,4,0.01212255784413227,16,Logistic regression,hoeffding,0.0002535999956307933
1.0,0.0,0.0,0,16,1.0,1.0,4,0.01212255784413227,16,Logistic regression,holm,0.0004907999973511323
1.0,0.5,0.0,8,16,1.0,1.0,0,0.011945246371972335,16,HistGradientBoosting,normal_bonferroni,0.0007297000047401525
1.0,0.625,0.0,10,16,1.0,1.0,0,0.011945246371972335,16,HistGradientBoosting,multiplier,0.002569699994637631
1.0,0.4375,0.0,7,16,1.0,1.0,0,0.011945246371972335,16,HistGradientBoosting,exact_bonferroni,0.0008767000035732053
1.0,0.1875,0.0,3,16,1.0,1.0,0,0.011945246371972335,16,HistGradientBoosting,hoeffding,0.0002919000035035424
1.0,0.625,0.0,10,16,1.0,1.0,0,0.011945246371972335,16,HistGradientBoosting,holm,0.000502200004120823
1.0,0.25,0.0,4,16,1.0,1.0,2,0.012090525594576351,17,Logistic regression,normal_bonferroni,0.0007478999978047796
1.0,0.3125,0.0,5,16,1.0,1.0,2,0.012090525594576351,17,Logistic regression,multiplier,0.002563200003351085
1.0,0.25,0.0,4,16,1.0,1.0,2,0.012090525594576351,17,Logistic regression,exact_bonferroni,0.0009027999985846691
1.0,0.125,0.0,2,16,1.0,1.0,2,0.012090525594576351,17,Logistic regression,hoeffding,0.00030310000147437677
1.0,0.25,0.0,4,16,1.0,1.0,2,0.012090525594576351,17,Logistic regression,holm,0.000501900001836475
1.0,0.9375,0.0,15,16,1.0,1.0,0,0.011893351468958202,17,HistGradientBoosting,normal_bonferroni,0.0004713000016636215
1.0,0.9375,0.0,15,16,1.0,1.0,0,0.011893351468958202,17,HistGradientBoosting,multiplier,0.002155500005756039
1.0,0.9375,0.0,15,16,1.0,1.0,0,0.011893351468958202,17,HistGradientBoosting,exact_bonferroni,0.0008934999932534993
1.0,0.6875,0.0,11,16,1.0,1.0,0,0.011893351468958202,17,HistGradientBoosting,hoeffding,0.00030310000147437677
1.0,1.0,0.0,16,16,1.0,1.0,0,0.011893351468958202,17,HistGradientBoosting,holm,0.0005262000049697235
1.0,0.0625,0.0,1,16,1.0,1.0,2,0.012114522472781303,18,Logistic regression,normal_bonferroni,0.0009963999982574023
1.0,0.3125,0.0,5,16,1.0,1.0,2,0.012114522472781303,18,Logistic regression,multiplier,0.0024497000049450435
1.0,0.0,0.0,0,16,1.0,1.0,2,0.012114522472781303,18,Logistic regression,exact_bonferroni,0.0008547000034013763
1.0,0.0,0.0,0,16,1.0,1.0,2,0.012114522472781303,18,Logistic regression,hoeffding,0.0001866000020527281
1.0,0.0,0.0,0,16,1.0,1.0,2,0.012114522472781303,18,Logistic regression,holm,0.0003623000011430122
1.0,0.625,0.0,10,16,1.0,1.0,0,0.011951010663138861,18,HistGradientBoosting,normal_bonferroni,0.0017536000013933517
1.0,0.8125,0.0,13,16,1.0,1.0,0,0.011951010663138861,18,HistGradientBoosting,multiplier,0.002458800001477357
1.0,0.5,0.0,8,16,1.0,1.0,0,0.011951010663138861,18,HistGradientBoosting,exact_bonferroni,0.0009281000020564534
1.0,0.4375,0.0,7,16,1.0,1.0,0,0.011951010663138861,18,HistGradientBoosting,hoeffding,0.00029830000130459666
1.0,0.9375,0.0,15,16,1.0,1.0,0,0.011951010663138861,18,HistGradientBoosting,holm,0.0005084000003989786
1.0,0.0,0.0,0,16,1.0,1.0,0,0.012072219249184224,19,Logistic regression,normal_bonferroni,0.0008946999951149337
1.0,0.0625,0.0,1,16,1.0,1.0,0,0.012072219249184224,19,Logistic regression,multiplier,0.002863200003048405
1.0,0.0,0.0,0,16,1.0,1.0,0,0.012072219249184224,19,Logistic regression,exact_bonferroni,0.001007500002742745
1.0,0.0,0.0,0,16,1.0,1.0,0,0.012072219249184224,19,Logistic regression,hoeffding,0.0003322000047774054
1.0,0.0,0.0,0,16,1.0,1.0,0,0.012072219249184224,19,Logistic regression,holm,0.0005846999993082136
1.0,0.1875,0.0,3,16,1.0,1.0,0,0.011895838970783085,19,HistGradientBoosting,normal_bonferroni,0.0007089999999152496
1.0,0.25,0.0,4,16,1.0,1.0,0,0.011895838970783085,19,HistGradientBoosting,multiplier,0.0027233000000705943
1.0,0.125,0.0,2,16,1.0,1.0,0,0.011895838970783085,19,HistGradientBoosting,exact_bonferroni,0.0009237999984179623
1.0,0.0,0.0,0,16,1.0,1.0,0,0.011895838970783085,19,HistGradientBoosting,hoeffding,0.0002952999930130318
1.0,0.125,0.0,2,16,1.0,1.0,0,0.011895838970783085,19,HistGradientBoosting,holm,0.0005208000002312474
1.0,0.0,0.0,0,16,1.0,1.0,0,0.012057205110152708,20,Logistic regression,normal_bonferroni,0.0007736999978078529
1.0,0.0,0.0,0,16,1.0,1.0,0,0.012057205110152708,20,Logistic regression,multiplier,0.0030790999953751452
1.0,0.0,0.0,0,16,1.0,1.0,0,0.012057205110152708,20,Logistic regression,exact_bonferroni,0.0009688999998616055
1.0,0.0,0.0,0,16,1.0,1.0,0,0.012057205110152708,20,Logistic regression,hoeffding,0.0003116000007139519
1.0,0.0,0.0,0,16,1.0,1.0,0,0.012057205110152708,20,Logistic regression,holm,0.0005460999964270741
1.0,0.5,0.0,8,16,1.0,1.0,0,0.01193170915480371,20,HistGradientBoosting,normal_bonferroni,0.000697899995429907
1.0,0.5,0.0,8,16,1.0,1.0,0,0.01193170915480371,20,HistGradientBoosting,multiplier,0.002717700001085177
1.0,0.5,0.0,8,16,1.0,1.0,0,0.01193170915480371,20,HistGradientBoosting,exact_bonferroni,0.0008646999995107763
1.0,0.0625,0.0,1,16,1.0,1.0,0,0.01193170915480371,20,HistGradientBoosting,hoeffding,0.0002916000012191944
1.0,0.5,0.0,8,16,1.0,1.0,0,0.01193170915480371,20,HistGradientBoosting,holm,0.0005030000029364601
1.0,0.0,0.0,0,16,1.0,1.0,0,0.01203841665698896,21,Logistic regression,normal_bonferroni,0.000447300000814721
1.0,0.0,0.0,0,16,1.0,1.0,0,0.01203841665698896,21,Logistic regression,multiplier,0.00264949999836972
1.0,0.0,0.0,0,16,1.0,1.0,0,0.01203841665698896,21,Logistic regression,exact_bonferroni,0.001013499997498002
1.0,0.0,0.0,0,16,1.0,1.0,0,0.01203841665698896,21,Logistic regression,hoeffding,0.00034700000105658546
1.0,0.0,0.0,0,16,1.0,1.0,0,0.01203841665698896,21,Logistic regression,holm,0.0006049000003258698
1.0,0.4375,0.0,7,16,1.0,1.0,0,0.011872300588983947,21,HistGradientBoosting,normal_bonferroni,0.0007243000000016764
1.0,0.5625,0.0,9,16,1.0,1.0,0,0.011872300588983947,21,HistGradientBoosting,multiplier,0.002599200000986457
1.0,0.4375,0.0,7,16,1.0,1.0,0,0.011872300588983947,21,HistGradientBoosting,exact_bonferroni,0.000850900003570132
1.0,0.25,0.0,4,16,1.0,1.0,0,0.011872300588983947,21,HistGradientBoosting,hoeffding,0.0002812999955494888
1.0,0.4375,0.0,7,16,1.0,1.0,0,0.011872300588983947,21,HistGradientBoosting,holm,0.000476099994557444
1.0,0.0,0.0,0,16,1.0,1.0,2,0.012089659876053205,22,Logistic regression,normal_bonferroni,0.0009332999979960732
1.0,0.0625,0.0,1,16,1.0,1.0,2,0.012089659876053205,22,Logistic regression,multiplier,0.0032561000043642707
1.0,0.0,0.0,0,16,1.0,1.0,2,0.012089659876053205,22,Logistic regression,exact_bonferroni,0.0010591000027488917
1.0,0.0,0.0,0,16,1.0,1.0,2,0.012089659876053205,22,Logistic regression,hoeffding,0.00037090000114403665
1.0,0.0,0.0,0,16,1.0,1.0,2,0.012089659876053205,22,Logistic regression,holm,0.0006628999981330708
1.0,0.9375,0.0,15,16,1.0,1.0,0,0.011944765003286034,22,HistGradientBoosting,normal_bonferroni,0.0007179000022006221
1.0,1.0,0.0,16,16,1.0,1.0,0,0.011944765003286034,22,HistGradientBoosting,multiplier,0.002440999996906612
1.0,0.9375,0.0,15,16,1.0,1.0,0,0.011944765003286034,22,HistGradientBoosting,exact_bonferroni,0.0008177999989129603
1.0,0.75,0.0,12,16,1.0,1.0,0,0.011944765003286034,22,HistGradientBoosting,hoeffding,0.00029010000434936956
1.0,1.0,0.0,16,16,1.0,1.0,0,0.011944765003286034,22,HistGradientBoosting,holm,0.00048660000175004825
1.0,0.0625,0.0,1,16,1.0,1.0,1,0.012087492952722212,23,Logistic regression,normal_bonferroni,0.0007731000005151145
1.0,0.0625,0.0,1,16,1.0,1.0,1,0.012087492952722212,23,Logistic regression,multiplier,0.00269020000268938
1.0,0.0,0.0,0,16,1.0,1.0,1,0.012087492952722212,23,Logistic regression,exact_bonferroni,0.0008726999949431047
1.0,0.0,0.0,0,16,1.0,1.0,1,0.012087492952722212,23,Logistic regression,hoeffding,0.0003068000005441718
1.0,0.0,0.0,0,16,1.0,1.0,1,0.012087492952722212,23,Logistic regression,holm,0.0005084000003989786
1.0,0.875,0.0,14,16,1.0,1.0,0,0.011901792907475145,23,HistGradientBoosting,normal_bonferroni,0.0007324999969569035
1.0,0.875,0.0,14,16,1.0,1.0,0,0.011901792907475145,23,HistGradientBoosting,multiplier,0.002601400003186427
1.0,0.875,0.0,14,16,1.0,1.0,0,0.011901792907475145,23,HistGradientBoosting,exact_bonferroni,0.0008802000011201017
1.0,0.75,0.0,12,16,1.0,1.0,0,0.011901792907475145,23,HistGradientBoosting,hoeffding,0.0003060000017285347
1.0,1.0,0.0,16,16,1.0,1.0,0,0.011901792907475145,23,HistGradientBoosting,holm,0.0005307000028551556
1.0,0.0625,0.0,1,16,1.0,1.0,5,0.01212970182691503,24,Logistic regression,normal_bonferroni,0.0007833000054233707
1.0,0.0625,0.0,1,16,1.0,1.0,5,0.01212970182691503,24,Logistic regression,multiplier,0.0027824999997392297
1.0,0.0625,0.0,1,16,1.0,1.0,5,0.01212970182691503,24,Logistic regression,exact_bonferroni,0.0009202000001096167
1.0,0.0,0.0,0,16,1.0,1.0,5,0.01212970182691503,24,Logistic regression,hoeffding,0.0003052000029128976
1.0,0.0625,0.0,1,16,1.0,1.0,5,0.01212970182691503,24,Logistic regression,holm,0.0005858000004081987
1.0,0.625,0.0,10,16,1.0,1.0,0,0.011941873522063079,24,HistGradientBoosting,normal_bonferroni,0.0006839000052423216
1.0,0.75,0.0,12,16,1.0,1.0,0,0.011941873522063079,24,HistGradientBoosting,multiplier,0.0027063999950769357
1.0,0.5625,0.0,9,16,1.0,1.0,0,0.011941873522063079,24,HistGradientBoosting,exact_bonferroni,0.0009961999967345037
1.0,0.1875,0.0,3,16,1.0,1.0,0,0.011941873522063079,24,HistGradientBoosting,hoeffding,0.00028420000307960436
1.0,0.625,0.0,10,16,1.0,1.0,0,0.011941873522063079,24,HistGradientBoosting,holm,0.0005154000027687289
1.0,0.0,0.0,0,16,1.0,1.0,0,0.012054092271380518,25,Logistic regression,normal_bonferroni,0.0007840999969630502
1.0,0.0,0.0,0,16,1.0,1.0,0,0.012054092271380518,25,Logistic regression,multiplier,0.0024589000022388063
1.0,0.0,0.0,0,16,1.0,1.0,0,0.012054092271380518,25,Logistic regression,exact_bonferroni,0.0009136000007856637
1.0,0.0,0.0,0,16,1.0,1.0,0,0.012054092271380518,25,Logistic regression,hoeffding,0.00032329999521607533
1.0,0.0,0.0,0,16,1.0,1.0,0,0.012054092271380518,25,Logistic regression,holm,0.0005696000007446855
1.0,0.25,0.0,4,16,1.0,1.0,0,0.011976673522553216,25,HistGradientBoosting,normal_bonferroni,0.0009963999982574023
1.0,0.375,0.0,6,16,1.0,1.0,0,0.011976673522553216,25,HistGradientBoosting,multiplier,0.0028906000006827526
1.0,0.1875,0.0,3,16,1.0,1.0,0,0.011976673522553216,25,HistGradientBoosting,exact_bonferroni,0.0015812000056030229
1.0,0.0625,0.0,1,16,1.0,1.0,0,0.011976673522553216,25,HistGradientBoosting,hoeffding,0.00039709999691694975
1.0,0.25,0.0,4,16,1.0,1.0,0,0.011976673522553216,25,HistGradientBoosting,holm,0.0005527000030269846
1.0,0.25,0.0,4,16,1.0,1.0,1,0.012081841375882585,26,Logistic regression,normal_bonferroni,0.0007920999996713363
1.0,0.3125,0.0,5,16,1.0,1.0,1,0.012081841375882585,26,Logistic regression,multiplier,0.002591199998278171
1.0,0.125,0.0,2,16,1.0,1.0,1,0.012081841375882585,26,Logistic regression,exact_bonferroni,0.0009425000025657937
1.0,0.0,0.0,0,16,1.0,1.0,1,0.012081841375882585,26,Logistic regression,hoeffding,0.00033709999843267724
1.0,0.125,0.0,2,16,1.0,1.0,1,0.012081841375882585,26,Logistic regression,holm,0.0005320999989635311
1.0,0.75,0.0,12,16,1.0,1.0,0,0.011923918663147876,26,HistGradientBoosting,normal_bonferroni,0.0006823000003350899
1.0,0.75,0.0,12,16,1.0,1.0,0,0.011923918663147876,26,HistGradientBoosting,multiplier,0.0025507000027573667
1.0,0.6875,0.0,11,16,1.0,1.0,0,0.011923918663147876,26,HistGradientBoosting,exact_bonferroni,0.0008419000005233102
1.0,0.5,0.0,8,16,1.0,1.0,0,0.011923918663147876,26,HistGradientBoosting,hoeffding,0.00028190000011818483
1.0,0.75,0.0,12,16,1.0,1.0,0,0.011923918663147876,26,HistGradientBoosting,holm,0.00048629999946570024
1.0,0.3125,0.0,5,16,1.0,1.0,3,0.012106860341980163,27,Logistic regression,normal_bonferroni,0.0007359000010183081
1.0,0.375,0.0,6,16,1.0,1.0,3,0.012106860341980163,27,Logistic regression,multiplier,0.0025510999985272065
1.0,0.25,0.0,4,16,1.0,1.0,3,0.012106860341980163,27,Logistic regression,exact_bonferroni,0.0008585000032326207
1.0,0.0,0.0,0,16,1.0,1.0,3,0.012106860341980163,27,Logistic regression,hoeffding,0.00029939999512862414
1.0,0.3125,0.0,5,16,1.0,1.0,3,0.012106860341980163,27,Logistic regression,holm,0.0005335000023478642
1.0,0.8125,0.0,13,16,1.0,1.0,0,0.011969590235245825,27,HistGradientBoosting,normal_bonferroni,0.0007886000021244399
1.0,0.875,0.0,14,16,1.0,1.0,0,0.011969590235245825,27,HistGradientBoosting,multiplier,0.0021392000053310767
1.0,0.6875,0.0,11,16,1.0,1.0,0,0.011969590235245825,27,HistGradientBoosting,exact_bonferroni,0.0009299000012106262
1.0,0.4375,0.0,7,16,1.0,1.0,0,0.011969590235245825,27,HistGradientBoosting,hoeffding,0.0003487999929348007
1.0,0.9375,0.0,15,16,1.0,1.0,0,0.011969590235245825,27,HistGradientBoosting,holm,0.0005390000005718321
1.0,0.0,0.0,0,16,1.0,1.0,0,0.01206649916207142,28,Logistic regression,normal_bonferroni,0.0007665000011911616
1.0,0.0,0.0,0,16,1.0,1.0,0,0.01206649916207142,28,Logistic regression,multiplier,0.0026741000037873164
1.0,0.0,0.0,0,16,1.0,1.0,0,0.01206649916207142,28,Logistic regression,exact_bonferroni,0.0007486999966204166
1.0,0.0,0.0,0,16,1.0,1.0,0,0.01206649916207142,28,Logistic regression,hoeffding,0.0002523000002838671
1.0,0.0,0.0,0,16,1.0,1.0,0,0.01206649916207142,28,Logistic regression,holm,0.0005535000018426217
1.0,0.5,0.0,8,16,1.0,1.0,0,0.011880352861663473,28,HistGradientBoosting,normal_bonferroni,0.000436700000136625
1.0,0.5,0.0,8,16,1.0,1.0,0,0.011880352861663473,28,HistGradientBoosting,multiplier,0.0025789999999688007
1.0,0.5,0.0,8,16,1.0,1.0,0,0.011880352861663473,28,HistGradientBoosting,exact_bonferroni,0.0008091999989119358
1.0,0.0,0.0,0,16,1.0,1.0,0,0.011880352861663473,28,HistGradientBoosting,hoeffding,0.0002750999992713332
1.0,0.5,0.0,8,16,1.0,1.0,0,0.011880352861663473,28,HistGradientBoosting,holm,0.0004678999976022169
1.0,0.0,0.0,0,16,1.0,1.0,1,0.012084452952023761,29,Logistic regression,normal_bonferroni,0.0008147000044118613
1.0,0.1875,0.0,3,16,1.0,1.0,1,0.012084452952023761,29,Logistic regression,multiplier,0.0029008999990765005
1.0,0.0,0.0,0,16,1.0,1.0,1,0.012084452952023761,29,Logistic regression,exact_bonferroni,0.000909200003661681
1.0,0.0,0.0,0,16,1.0,1.0,1,0.012084452952023761,29,Logistic regression,hoeffding,0.00031320000562118366
1.0,0.0,0.0,0,16,1.0,1.0,1,0.012084452952023761,29,Logistic regression,holm,0.0005508999965968542
1.0,0.8125,0.0,13,16,1.0,1.0,0,0.011922453489238677,29,HistGradientBoosting,normal_bonferroni,0.00038109999877633527
1.0,0.8125,0.0,13,16,1.0,1.0,0,0.011922453489238677,29,HistGradientBoosting,multiplier,0.0013822999972035177
1.0,0.8125,0.0,13,16,1.0,1.0,0,0.011922453489238677,29,HistGradientBoosting,exact_bonferroni,0.00043710000318242237
1.0,0.5,0.0,8,16,1.0,1.0,0,0.011922453489238677,29,HistGradientBoosting,hoeffding,0.00014799999917158857
1.0,1.0,0.0,16,16,1.0,1.0,0,0.011922453489238677,29,HistGradientBoosting,holm,0.00026900000375462696
1.0,0.0,0.0,0,16,1.0,1.0,2,0.01211239895523683,30,Logistic regression,normal_bonferroni,0.0005681000038748607
1.0,0.0,0.0,0,16,1.0,1.0,2,0.01211239895523683,30,Logistic regression,multiplier,0.001434099998732563
1.0,0.0,0.0,0,16,1.0,1.0,2,0.01211239895523683,30,Logistic regression,exact_bonferroni,0.00047310000081779435
1.0,0.0,0.0,0,16,1.0,1.0,2,0.01211239895523683,30,Logistic regression,hoeffding,0.00015330000314861536
1.0,0.0,0.0,0,16,1.0,1.0,2,0.01211239895523683,30,Logistic regression,holm,0.0002716999952099286
1.0,0.8125,0.0,13,16,1.0,1.0,0,0.011929765282616384,30,HistGradientBoosting,normal_bonferroni,0.0007298999989870936
1.0,0.875,0.0,14,16,1.0,1.0,0,0.011929765282616384,30,HistGradientBoosting,multiplier,0.002749699997366406
1.0,0.8125,0.0,13,16,1.0,1.0,0,0.011929765282616384,30,HistGradientBoosting,exact_bonferroni,0.0009015000032377429
1.0,0.375,0.0,6,16,1.0,1.0,0,0.011929765282616384,30,HistGradientBoosting,hoeffding,0.00030249999690568075
1.0,1.0,0.0,16,16,1.0,1.0,0,0.011929765282616384,30,HistGradientBoosting,holm,0.0005039000025135465
1.0,0.0625,0.0,1,16,1.0,1.0,3,0.012110697454723068,31,Logistic regression,normal_bonferroni,0.0007316999981412664
1.0,0.1875,0.0,3,16,1.0,1.0,3,0.012110697454723068,31,Logistic regression,multiplier,0.0026044000042020343
1.0,0.0625,0.0,1,16,1.0,1.0,3,0.012110697454723068,31,Logistic regression,exact_bonferroni,0.0009114000058616512
1.0,0.0,0.0,0,16,1.0,1.0,3,0.012110697454723068,31,Logistic regression,hoeffding,0.0003397000036784448
1.0,0.0625,0.0,1,16,1.0,1.0,3,0.012110697454723068,31,Logistic regression,holm,0.0005296000017551705
1.0,1.0,0.0,16,16,1.0,1.0,0,0.01187633179258385,31,HistGradientBoosting,normal_bonferroni,0.0009615000017220154
1.0,1.0,0.0,16,16,1.0,1.0,0,0.01187633179258385,31,HistGradientBoosting,multiplier,0.002844400005415082
1.0,1.0,0.0,16,16,1.0,1.0,0,0.01187633179258385,31,HistGradientBoosting,exact_bonferroni,0.0009505999987595715
1.0,0.9375,0.0,15,16,1.0,1.0,0,0.01187633179258385,31,HistGradientBoosting,hoeffding,0.00036660000478150323
1.0,1.0,0.0,16,16,1.0,1.0,0,0.01187633179258385,31,HistGradientBoosting,holm,0.0005546000029426068
1.0,0.0625,0.0,1,16,1.0,1.0,2,0.012089226791651086,32,Logistic regression,normal_bonferroni,0.0008598999993409961
1.0,0.125,0.0,2,16,1.0,1.0,2,0.012089226791651086,32,Logistic regression,multiplier,0.00258390000090003
1.0,0.0625,0.0,1,16,1.0,1.0,2,0.012089226791651086,32,Logistic regression,exact_bonferroni,0.0005626000056508929
1.0,0.0,0.0,0,16,1.0,1.0,2,0.012089226791651086,32,Logistic regression,hoeffding,0.00019320000137668103
1.0,0.0625,0.0,1,16,1.0,1.0,2,0.012089226791651086,32,Logistic regression,holm,0.0003494000047794543
1.0,0.6875,0.0,11,16,1.0,1.0,0,0.011866741117244423,32,HistGradientBoosting,normal_bonferroni,0.0008563000010326505
1.0,0.75,0.0,12,16,1.0,1.0,0,0.011866741117244423,32,HistGradientBoosting,multiplier,0.0029312999977264553
1.0,0.6875,0.0,11,16,1.0,1.0,0,0.011866741117244423,32,HistGradientBoosting,exact_bonferroni,0.0006895000042277388
1.0,0.3125,0.0,5,16,1.0,1.0,0,0.011866741117244423,32,HistGradientBoosting,hoeffding,0.00017800000205170363
1.0,0.75,0.0,12,16,1.0,1.0,0,0.011866741117244423,32,HistGradientBoosting,holm,0.0003068000005441718
1.0,0.5,0.0,8,16,1.0,1.0,0,0.012054537416803623,33,Logistic regression,normal_bonferroni,0.0010035999948740937
1.0,0.5625,0.0,9,16,1.0,1.0,0,0.012054537416803623,33,Logistic regression,multiplier,0.003842799997073598
1.0,0.3125,0.0,5,16,1.0,1.0,0,0.012054537416803623,33,Logistic regression,exact_bonferroni,0.001210899994475767
1.0,0.0625,0.0,1,16,1.0,1.0,0,0.012054537416803623,33,Logistic regression,hoeffding,0.0002086000022245571
1.0,0.5,0.0,8,16,1.0,1.0,0,0.012054537416803623,33,Logistic regression,holm,0.00036530000215861946
1.0,0.875,0.0,14,16,1.0,1.0,0,0.011902288045715304,33,HistGradientBoosting,normal_bonferroni,0.0006823000003350899
1.0,0.9375,0.0,15,16,1.0,1.0,0,0.011902288045715304,33,HistGradientBoosting,multiplier,0.0024503999957232736
1.0,0.875,0.0,14,16,1.0,1.0,0,0.011902288045715304,33,HistGradientBoosting,exact_bonferroni,0.0008305000010295771
1.0,0.6875,0.0,11,16,1.0,1.0,0,0.011902288045715304,33,HistGradientBoosting,hoeffding,0.0002769999991869554
1.0,1.0,0.0,16,16,1.0,1.0,0,0.011902288045715304,33,HistGradientBoosting,holm,0.000495000000228174
1.0,0.0625,0.0,1,16,1.0,1.0,2,0.012097429743906235,34,Logistic regression,normal_bonferroni,0.0008072000055108219
1.0,0.125,0.0,2,16,1.0,1.0,2,0.012097429743906235,34,Logistic regression,multiplier,0.0027072000011685304
1.0,0.0,0.0,0,16,1.0,1.0,2,0.012097429743906235,34,Logistic regression,exact_bonferroni,0.0009492999961366877
1.0,0.0,0.0,0,16,1.0,1.0,2,0.012097429743906235,34,Logistic regression,hoeffding,0.00032720000308472663
1.0,0.0,0.0,0,16,1.0,1.0,2,0.012097429743906235,34,Logistic regression,holm,0.0005308999971020967
1.0,0.4375,0.0,7,16,1.0,1.0,0,0.011928305738137135,34,HistGradientBoosting,normal_bonferroni,0.0004791999963345006
1.0,0.4375,0.0,7,16,1.0,1.0,0,0.011928305738137135,34,HistGradientBoosting,multiplier,0.003180100000463426
1.0,0.3125,0.0,5,16,1.0,1.0,0,0.011928305738137135,34,HistGradientBoosting,exact_bonferroni,0.0008980999991763383
1.0,0.125,0.0,2,16,1.0,1.0,0,0.011928305738137135,34,HistGradientBoosting,hoeffding,0.00032410000130767
1.0,0.4375,0.0,7,16,1.0,1.0,0,0.011928305738137135,34,HistGradientBoosting,holm,0.0005036000002291985
1.0,0.0625,0.0,1,16,1.0,1.0,2,0.012096999358829547,35,Logistic regression,normal_bonferroni,0.0008606000046711415
1.0,0.3125,0.0,5,16,1.0,1.0,2,0.012096999358829547,35,Logistic regression,multiplier,0.0030793000041740015
1.0,0.0625,0.0,1,16,1.0,1.0,2,0.012096999358829547,35,Logistic regression,exact_bonferroni,0.0009836000026552938
1.0,0.0,0.0,0,16,1.0,1.0,2,0.012096999358829547,35,Logistic regression,hoeffding,0.0003571999986888841
1.0,0.0625,0.0,1,16,1.0,1.0,2,0.012096999358829547,35,Logistic regression,holm,0.0005575000031967647
1.0,0.4375,0.0,7,16,1.0,1.0,0,0.011933650528548195,35,HistGradientBoosting,normal_bonferroni,0.0006766000005882233
1.0,0.625,0.0,10,16,1.0,1.0,0,0.011933650528548195,35,HistGradientBoosting,multiplier,0.0026093000051332638
1.0,0.375,0.0,6,16,1.0,1.0,0,0.011933650528548195,35,HistGradientBoosting,exact_bonferroni,0.0008233000044128858
1.0,0.25,0.0,4,16,1.0,1.0,0,0.011933650528548195,35,HistGradientBoosting,hoeffding,0.00027659999614115804
1.0,0.4375,0.0,7,16,1.0,1.0,0,0.011933650528548195,35,HistGradientBoosting,holm,0.00047199999971780926
1.0,0.0,0.0,0,16,1.0,1.0,0,0.012065616885070685,36,Logistic regression,normal_bonferroni,0.0007186000002548099
1.0,0.0,0.0,0,16,1.0,1.0,0,0.012065616885070685,36,Logistic regression,multiplier,0.0026197999977739528
1.0,0.0,0.0,0,16,1.0,1.0,0,0.012065616885070685,36,Logistic regression,exact_bonferroni,0.0012499000004027039
1.0,0.0,0.0,0,16,1.0,1.0,0,0.012065616885070685,36,Logistic regression,hoeffding,0.0003676999986055307
1.0,0.0,0.0,0,16,1.0,1.0,0,0.012065616885070685,36,Logistic regression,holm,0.0004955999975209124
1.0,0.5625,0.0,9,16,1.0,1.0,0,0.01190821743956752,36,HistGradientBoosting,normal_bonferroni,0.0007391999970423058
1.0,0.625,0.0,10,16,1.0,1.0,0,0.01190821743956752,36,HistGradientBoosting,multiplier,0.0025734000009833835
1.0,0.5,0.0,8,16,1.0,1.0,0,0.01190821743956752,36,HistGradientBoosting,exact_bonferroni,0.0008520999981556088
1.0,0.4375,0.0,7,16,1.0,1.0,0,0.01190821743956752,36,HistGradientBoosting,hoeffding,0.00029070000164210796
1.0,0.625,0.0,10,16,1.0,1.0,0,0.01190821743956752,36,HistGradientBoosting,holm,0.0005279999968479387
1.0,0.0,0.0,0,16,1.0,1.0,4,0.01215416293539534,37,Logistic regression,normal_bonferroni,0.0007896999959484674
1.0,0.0625,0.0,1,16,1.0,1.0,4,0.01215416293539534,37,Logistic regression,multiplier,0.0027201999982935376
1.0,0.0,0.0,0,16,1.0,1.0,4,0.01215416293539534,37,Logistic regression,exact_bonferroni,0.0009690000006230548
1.0,0.0,0.0,0,16,1.0,1.0,4,0.01215416293539534,37,Logistic regression,hoeffding,0.000312700001813937
1.0,0.0,0.0,0,16,1.0,1.0,4,0.01215416293539534,37,Logistic regression,holm,0.0005200000014156103
1.0,0.75,0.0,12,16,1.0,1.0,0,0.011891857075963269,37,HistGradientBoosting,normal_bonferroni,0.0007410000034724362
1.0,0.8125,0.0,13,16,1.0,1.0,0,0.011891857075963269,37,HistGradientBoosting,multiplier,0.0029559999966295436
1.0,0.75,0.0,12,16,1.0,1.0,0,0.011891857075963269,37,HistGradientBoosting,exact_bonferroni,0.001047199999447912
1.0,0.5,0.0,8,16,1.0,1.0,0,0.011891857075963269,37,HistGradientBoosting,hoeffding,0.00033999999868683517
1.0,1.0,0.0,16,16,1.0,1.0,0,0.011891857075963269,37,HistGradientBoosting,holm,0.0005770000061602332
1.0,0.5625,0.0,9,16,1.0,1.0,1,0.012083583027993061,38,Logistic regression,normal_bonferroni,0.0008997000040835701
1.0,0.8125,0.0,13,16,1.0,1.0,1,0.012083583027993061,38,Logistic regression,multiplier,0.0032594000003882684
1.0,0.4375,0.0,7,16,1.0,1.0,1,0.012083583027993061,38,Logistic regression,exact_bonferroni,0.0011206999988644384
1.0,0.125,0.0,2,16,1.0,1.0,1,0.012083583027993061,38,Logistic regression,hoeffding,0.0003995000006398186
1.0,0.8125,0.0,13,16,1.0,1.0,1,0.012083583027993061,38,Logistic regression,holm,0.0006365999943227507
1.0,0.8125,0.0,13,16,1.0,1.0,0,0.011874317458244688,38,HistGradientBoosting,normal_bonferroni,0.0010198000018135644
1.0,0.9375,0.0,15,16,1.0,1.0,0,0.011874317458244688,38,HistGradientBoosting,multiplier,0.0032623000006424263
1.0,0.8125,0.0,13,16,1.0,1.0,0,0.011874317458244688,38,HistGradientBoosting,exact_bonferroni,0.0009210999996867031
1.0,0.6875,0.0,11,16,1.0,1.0,0,0.011874317458244688,38,HistGradientBoosting,hoeffding,0.00031670000316808
1.0,0.9375,0.0,15,16,1.0,1.0,0,0.011874317458244688,38,HistGradientBoosting,holm,0.0005603000026894733
1.0,0.4375,0.0,7,16,1.0,1.0,2,0.01210771407951075,39,Logistic regression,normal_bonferroni,0.0007486999966204166
1.0,0.5625,0.0,9,16,1.0,1.0,2,0.01210771407951075,39,Logistic regression,multiplier,0.0025964000014937483
1.0,0.4375,0.0,7,16,1.0,1.0,2,0.01210771407951075,39,Logistic regression,exact_bonferroni,0.0008904999995138496
1.0,0.125,0.0,2,16,1.0,1.0,2,0.01210771407951075,39,Logistic regression,hoeffding,0.0003281999961473048
1.0,0.4375,0.0,7,16,1.0,1.0,2,0.01210771407951075,39,Logistic regression,holm,0.0005100000053062104
1.0,1.0,0.0,16,16,1.0,1.0,0,0.011940908449163151,39,HistGradientBoosting,normal_bonferroni,0.0006982000049902126
1.0,1.0,0.0,16,16,1.0,1.0,0,0.011940908449163151,39,HistGradientBoosting,multiplier,0.002552300000388641
1.0,1.0,0.0,16,16,1.0,1.0,0,0.011940908449163151,39,HistGradientBoosting,exact_bonferroni,0.0008628000068711117
1.0,0.75,0.0,12,16,1.0,1.0,0,0.011940908449163151,39,HistGradientBoosting,hoeffding,0.00029090000316500664
1.0,1.0,0.0,16,16,1.0,1.0,0,0.011940908449163151,39,HistGradientBoosting,holm,0.0004791000028490089
1.0,0.0,0.0,0,16,1.0,1.0,2,0.012087492952722212,40,Logistic regression,normal_bonferroni,0.0008005000054254197
1.0,0.0,0.0,0,16,1.0,1.0,2,0.012087492952722212,40,Logistic regression,multiplier,0.0027222000062465668
1.0,0.0,0.0,0,16,1.0,1.0,2,0.012087492952722212,40,Logistic regression,exact_bonferroni,0.0009344999998575076
1.0,0.0,0.0,0,16,1.0,1.0,2,0.012087492952722212,40,Logistic regression,hoeffding,0.00027409999893279746
1.0,0.0,0.0,0,16,1.0,1.0,2,0.012087492952722212,40,Logistic regression,holm,0.0004558000000542961
1.0,0.6875,0.0,11,16,1.0,1.0,0,0.011871291203352397,40,HistGradientBoosting,normal_bonferroni,0.0007246999957715161
1.0,0.6875,0.0,11,16,1.0,1.0,0,0.011871291203352397,40,HistGradientBoosting,multiplier,0.0027805999998236075
1.0,0.6875,0.0,11,16,1.0,1.0,0,0.011871291203352397,40,HistGradientBoosting,exact_bonferroni,0.0009244999964721501
1.0,0.4375,0.0,7,16,1.0,1.0,0,0.011871291203352397,40,HistGradientBoosting,hoeffding,0.0003212000010535121
1.0,0.6875,0.0,11,16,1.0,1.0,0,0.011871291203352397,40,HistGradientBoosting,holm,0.0005137000043760054
1.0,0.1875,0.0,3,16,1.0,1.0,0,0.012066058099063831,41,Logistic regression,normal_bonferroni,0.0007579999946756288
1.0,0.375,0.0,6,16,1.0,1.0,0,0.012066058099063831,41,Logistic regression,multiplier,0.002687200001673773
1.0,0.1875,0.0,3,16,1.0,1.0,0,0.012066058099063831,41,Logistic regression,exact_bonferroni,0.0008715000003576279
1.0,0.0,0.0,0,16,1.0,1.0,0,0.012066058099063831,41,Logistic regression,hoeffding,0.00029030000587226823
1.0,0.1875,0.0,3,16,1.0,1.0,0,0.012066058099063831,41,Logistic regression,holm,0.00048799999785842374
1.0,0.875,0.0,14,16,1.0,1.0,0,0.011849435741800834,41,HistGradientBoosting,normal_bonferroni,0.0006953000047360547
1.0,0.9375,0.0,15,16,1.0,1.0,0,0.011849435741800834,41,HistGradientBoosting,multiplier,0.0025846999997156672
1.0,0.8125,0.0,13,16,1.0,1.0,0,0.011849435741800834,41,HistGradientBoosting,exact_bonferroni,0.0008385000037378632
1.0,0.5,0.0,8,16,1.0,1.0,0,0.011849435741800834,41,HistGradientBoosting,hoeffding,0.0002870999960578047
1.0,1.0,0.0,16,16,1.0,1.0,0,0.011849435741800834,41,HistGradientBoosting,holm,0.0004990000015823171
1.0,0.5,0.0,8,16,1.0,1.0,2,0.012096568823927345,42,Logistic regression,normal_bonferroni,0.0007516999976360239
1.0,0.625,0.0,10,16,1.0,1.0,2,0.012096568823927345,42,Logistic regression,multiplier,0.002599699997517746
1.0,0.3125,0.0,5,16,1.0,1.0,2,0.012096568823927345,42,Logistic regression,exact_bonferroni,0.0008987999972305261
1.0,0.0625,0.0,1,16,1.0,1.0,2,0.012096568823927345,42,Logistic regression,hoeffding,0.00030559999868273735
1.0,0.5625,0.0,9,16,1.0,1.0,2,0.012096568823927345,42,Logistic regression,holm,0.0005483000059030019
1.0,0.8125,0.0,13,16,1.0,1.0,0,0.011965323562277558,42,HistGradientBoosting,normal_bonferroni,0.0004965999978594482
1.0,0.875,0.0,14,16,1.0,1.0,0,0.011965323562277558,42,HistGradientBoosting,multiplier,0.002848100004484877
1.0,0.75,0.0,12,16,1.0,1.0,0,0.011965323562277558,42,HistGradientBoosting,exact_bonferroni,0.0009716999993543141
1.0,0.5625,0.0,9,16,1.0,1.0,0,0.011965323562277558,42,HistGradientBoosting,hoeffding,0.0003129999968223274
1.0,0.9375,0.0,15,16,1.0,1.0,0,0.011965323562277558,42,HistGradientBoosting,holm,0.0005180000007385388
1.0,0.1875,0.0,3,16,1.0,1.0,0,0.012032094306308527,43,Logistic regression,normal_bonferroni,0.0008881000030669384
1.0,0.375,0.0,6,16,1.0,1.0,0,0.012032094306308527,43,Logistic regression,multiplier,0.0030908999979146756
1.0,0.125,0.0,2,16,1.0,1.0,0,0.012032094306308527,43,Logistic regression,exact_bonferroni,0.0010296000036760233
1.0,0.0,0.0,0,16,1.0,1.0,0,0.012032094306308527,43,Logistic regression,hoeffding,0.0003632000007200986
1.0,0.125,0.0,2,16,1.0,1.0,0,0.012032094306308527,43,Logistic regression,holm,0.0005917000016779639
1.0,0.6875,0.0,11,16,1.0,1.0,0,0.011902783026639163,43,HistGradientBoosting,normal_bonferroni,0.000760499999159947
1.0,0.75,0.0,12,16,1.0,1.0,0,0.011902783026639163,43,HistGradientBoosting,multiplier,0.0027101000014226884
1.0,0.6875,0.0,11,16,1.0,1.0,0,0.011902783026639163,43,HistGradientBoosting,exact_bonferroni,0.0008825999975670129
1.0,0.5,0.0,8,16,1.0,1.0,0,0.011902783026639163,43,HistGradientBoosting,hoeffding,0.00029489999724319205
1.0,0.75,0.0,12,16,1.0,1.0,0,0.011902783026639163,43,HistGradientBoosting,holm,0.0004998000003979541
1.0,0.0,0.0,0,16,1.0,1.0,2,0.012119603702729354,44,Logistic regression,normal_bonferroni,0.0007736999978078529
1.0,0.0,0.0,0,16,1.0,1.0,2,0.012119603702729354,44,Logistic regression,multiplier,0.0027006000018445775
1.0,0.0,0.0,0,16,1.0,1.0,2,0.012119603702729354,44,Logistic regression,exact_bonferroni,0.0008974000011221506
1.0,0.0,0.0,0,16,1.0,1.0,2,0.012119603702729354,44,Logistic regression,hoeffding,0.00029599999834317714
1.0,0.0,0.0,0,16,1.0,1.0,2,0.012119603702729354,44,Logistic regression,holm,0.0004969000001437962
1.0,0.4375,0.0,7,16,1.0,1.0,0,0.01193073753109164,44,HistGradientBoosting,normal_bonferroni,0.0009085000056074932
1.0,0.5,0.0,8,16,1.0,1.0,0,0.01193073753109164,44,HistGradientBoosting,multiplier,0.0031154999960563146
1.0,0.3125,0.0,5,16,1.0,1.0,0,0.01193073753109164,44,HistGradientBoosting,exact_bonferroni,0.0012929000004078262
1.0,0.25,0.0,4,16,1.0,1.0,0,0.01193073753109164,44,HistGradientBoosting,hoeffding,0.00045249999675434083
1.0,0.4375,0.0,7,16,1.0,1.0,0,0.01193073753109164,44,HistGradientBoosting,holm,0.000702500001352746
1.0,0.0,0.0,0,16,1.0,1.0,0,0.012070461937606691,45,Logistic regression,normal_bonferroni,0.0007530000002589077
1.0,0.125,0.0,2,16,1.0,1.0,0,0.012070461937606691,45,Logistic regression,multiplier,0.0026196000035270117
1.0,0.0,0.0,0,16,1.0,1.0,0,0.012070461937606691,45,Logistic regression,exact_bonferroni,0.0009449999997741543
1.0,0.0,0.0,0,16,1.0,1.0,0,0.012070461937606691,45,Logistic regression,hoeffding,0.00031489999673794955
1.0,0.0,0.0,0,16,1.0,1.0,0,0.012070461937606691,45,Logistic regression,holm,0.0005248000015853904
1.0,0.4375,0.0,7,16,1.0,1.0,0,0.01198606387730114,45,HistGradientBoosting,normal_bonferroni,0.0008124000014504418
1.0,0.6875,0.0,11,16,1.0,1.0,0,0.01198606387730114,45,HistGradientBoosting,multiplier,0.0028536999961943366
1.0,0.4375,0.0,7,16,1.0,1.0,0,0.01198606387730114,45,HistGradientBoosting,exact_bonferroni,0.0009265999979106709
1.0,0.3125,0.0,5,16,1.0,1.0,0,0.01198606387730114,45,HistGradientBoosting,hoeffding,0.0003099000023212284
1.0,0.4375,0.0,7,16,1.0,1.0,0,0.01198606387730114,45,HistGradientBoosting,holm,0.0005211000025155954
1.0,0.0,0.0,0,16,1.0,1.0,4,0.012149229551829316,46,Logistic regression,normal_bonferroni,0.0009215000027325004
1.0,0.0,0.0,0,16,1.0,1.0,4,0.012149229551829316,46,Logistic regression,multiplier,0.0019522000002325512
1.0,0.0,0.0,0,16,1.0,1.0,4,0.012149229551829316,46,Logistic regression,exact_bonferroni,0.0006521999966935255
1.0,0.0,0.0,0,16,1.0,1.0,4,0.012149229551829316,46,Logistic regression,hoeffding,0.0002449999956297688
1.0,0.0,0.0,0,16,1.0,1.0,4,0.012149229551829316,46,Logistic regression,holm,0.0005814999967697076
1.0,0.9375,0.0,15,16,1.0,1.0,0,0.011961044347463146,46,HistGradientBoosting,normal_bonferroni,0.0007727999982307665
1.0,1.0,0.0,16,16,1.0,1.0,0,0.011961044347463146,46,HistGradientBoosting,multiplier,0.0025983000014093705
1.0,0.9375,0.0,15,16,1.0,1.0,0,0.011961044347463146,46,HistGradientBoosting,exact_bonferroni,0.0008568999983253889
1.0,0.6875,0.0,11,16,1.0,1.0,0,0.011961044347463146,46,HistGradientBoosting,hoeffding,0.00032130000181496143
1.0,1.0,0.0,16,16,1.0,1.0,0,0.011961044347463146,46,HistGradientBoosting,holm,0.000509600002260413
1.0,0.875,0.0,14,16,1.0,1.0,0,0.012056316484485019,47,Logistic regression,normal_bonferroni,0.0007442999994964339
1.0,0.9375,0.0,15,16,1.0,1.0,0,0.012056316484485019,47,Logistic regression,multiplier,0.002722400000493508
1.0,0.875,0.0,14,16,1.0,1.0,0,0.012056316484485019,47,Logistic regression,exact_bonferroni,0.0008977000034064986
1.0,0.375,0.0,6,16,1.0,1.0,0,0.012056316484485019,47,Logistic regression,hoeffding,0.00030279999919002876
1.0,1.0,0.0,16,16,1.0,1.0,0,0.012056316484485019,47,Logistic regression,holm,0.0005582000012509525
1.0,1.0,0.0,16,16,1.0,1.0,0,0.011790592033621816,47,HistGradientBoosting,normal_bonferroni,0.0007655000008526258
1.0,1.0,0.0,16,16,1.0,1.0,0,0.011790592033621816,47,HistGradientBoosting,multiplier,0.002553599995735567
1.0,1.0,0.0,16,16,1.0,1.0,0,0.011790592033621816,47,HistGradientBoosting,exact_bonferroni,0.0007964000033098273
1.0,1.0,0.0,16,16,1.0,1.0,0,0.011790592033621816,47,HistGradientBoosting,hoeffding,0.00030130000232020393
1.0,1.0,0.0,16,16,1.0,1.0,0,0.011790592033621816,47,HistGradientBoosting,holm,0.0004988000000594184
1.0,0.1875,0.0,3,16,1.0,1.0,4,0.012132630978901465,48,Logistic regression,normal_bonferroni,0.000807399999757763
1.0,0.25,0.0,4,16,1.0,1.0,4,0.012132630978901465,48,Logistic regression,multiplier,0.002763800002867356
1.0,0.125,0.0,2,16,1.0,1.0,4,0.012132630978901465,48,Logistic regression,exact_bonferroni,0.0009066999991773628
1.0,0.0625,0.0,1,16,1.0,1.0,4,0.012132630978901465,48,Logistic regression,hoeffding,0.0003524999992805533
1.0,0.125,0.0,2,16,1.0,1.0,4,0.012132630978901465,48,Logistic regression,holm,0.0005241999970166944
1.0,0.5625,0.0,9,16,1.0,1.0,0,0.011878343593293483,48,HistGradientBoosting,normal_bonferroni,0.00072340000042459
1.0,0.75,0.0,12,16,1.0,1.0,0,0.011878343593293483,48,HistGradientBoosting,multiplier,0.002707899999222718
1.0,0.5,0.0,8,16,1.0,1.0,0,0.011878343593293483,48,HistGradientBoosting,exact_bonferroni,0.0008073000062722713
1.0,0.3125,0.0,5,16,1.0,1.0,0,0.011878343593293483,48,HistGradientBoosting,hoeffding,0.0002680999969015829
1.0,0.75,0.0,12,16,1.0,1.0,0,0.011878343593293483,48,HistGradientBoosting,holm,0.0004856000014115125
1.0,0.5,0.0,8,16,1.0,1.0,0,0.012048291594167732,49,Logistic regression,normal_bonferroni,0.0007766000053379685
1.0,0.625,0.0,10,16,1.0,1.0,0,0.012048291594167732,49,Logistic regression,multiplier,0.0027585999996517785
1.0,0.4375,0.0,7,16,1.0,1.0,0,0.012048291594167732,49,Logistic regression,exact_bonferroni,0.0009104999990086071
1.0,0.125,0.0,2,16,1.0,1.0,0,0.012048291594167732,49,Logistic regression,hoeffding,0.0002917000019806437
1.0,0.625,0.0,10,16,1.0,1.0,0,0.012048291594167732,49,Logistic regression,holm,0.0005008000007364899
1.0,1.0,0.0,16,16,1.0,1.0,0,0.01188436380653149,49,HistGradientBoosting,normal_bonferroni,0.0007782999964547344
1.0,1.0,0.0,16,16,1.0,1.0,0,0.01188436380653149,49,HistGradientBoosting,multiplier,0.002649400004884228
1.0,1.0,0.0,16,16,1.0,1.0,0,0.01188436380653149,49,HistGradientBoosting,exact_bonferroni,0.0008598999993409961
1.0,0.875,0.0,14,16,1.0,1.0,0,0.01188436380653149,49,HistGradientBoosting,hoeffding,0.000294700002996251
1.0,1.0,0.0,16,16,1.0,1.0,0,0.01188436380653149,49,HistGradientBoosting,holm,0.0005339999988791533
1.0,0.4375,0.0,7,16,0.0,1.0,3,0.012090525594576351,50,Logistic regression,normal_bonferroni,0.0007178999949246645
1.0,0.5,0.0,8,16,0.0,1.0,3,0.012090525594576351,50,Logistic regression,multiplier,0.002555600003688596
1.0,0.25,0.0,4,16,1.0,1.0,3,0.012090525594576351,50,Logistic regression,exact_bonferroni,0.000897999998414889
1.0,0.0625,0.0,1,16,1.0,1.0,3,0.012090525594576351,50,Logistic regression,hoeffding,0.0003062999967369251
1.0,0.4375,0.0,7,16,0.0,1.0,3,0.012090525594576351,50,Logistic regression,holm,0.0005072999992989935
1.0,0.625,0.0,10,16,1.0,1.0,0,0.011944283478958512,50,HistGradientBoosting,normal_bonferroni,0.0008530000050086528
1.0,0.8125,0.0,13,16,1.0,1.0,0,0.011944283478958512,50,HistGradientBoosting,multiplier,0.0030966999984229915
1.0,0.625,0.0,10,16,1.0,1.0,0,0.011944283478958512,50,HistGradientBoosting,exact_bonferroni,0.0010689999980968423
1.0,0.5,0.0,8,16,1.0,1.0,0,0.011944283478958512,50,HistGradientBoosting,hoeffding,0.00036859999818261713
1.0,0.875,0.0,14,16,1.0,1.0,0,0.011944283478958512,50,HistGradientBoosting,holm,0.0006123000057414174
1.0,0.0,0.0,0,16,1.0,1.0,3,0.012131376519399828,51,Logistic regression,normal_bonferroni,0.0008508000028086826
1.0,0.0,0.0,0,16,1.0,1.0,3,0.012131376519399828,51,Logistic regression,multiplier,0.0029110000032233074
1.0,0.0,0.0,0,16,1.0,1.0,3,0.012131376519399828,51,Logistic regression,exact_bonferroni,0.0010543000025791116
1.0,0.0,0.0,0,16,1.0,1.0,3,0.012131376519399828,51,Logistic regression,hoeffding,0.00038610000046901405
1.0,0.0,0.0,0,16,1.0,1.0,3,0.012131376519399828,51,Logistic regression,holm,0.0005980999994790182
1.0,0.5625,0.0,9,16,1.0,1.0,0,0.011917069129102648,51,HistGradientBoosting,normal_bonferroni,0.0007464000009349547
1.0,0.625,0.0,10,16,1.0,1.0,0,0.011917069129102648,51,HistGradientBoosting,multiplier,0.0021341999963624403
1.0,0.5625,0.0,9,16,1.0,1.0,0,0.011917069129102648,51,HistGradientBoosting,exact_bonferroni,0.0007546000051661395
1.0,0.3125,0.0,5,16,1.0,1.0,0,0.011917069129102648,51,HistGradientBoosting,hoeffding,0.00044639999396167696
1.0,0.625,0.0,10,16,1.0,1.0,0,0.011917069129102648,51,HistGradientBoosting,holm,0.0005108999976073392
1.0,0.1875,0.0,3,16,1.0,1.0,7,0.012164372528363998,52,Logistic regression,normal_bonferroni,0.0005132000005687587
1.0,0.1875,0.0,3,16,1.0,1.0,7,0.012164372528363998,52,Logistic regression,multiplier,0.0027284000025247224
1.0,0.1875,0.0,3,16,1.0,1.0,7,0.012164372528363998,52,Logistic regression,exact_bonferroni,0.0009069000007002614
1.0,0.125,0.0,2,16,1.0,1.0,7,0.012164372528363998,52,Logistic regression,hoeffding,0.0003035000045201741
1.0,0.1875,0.0,3,16,1.0,1.0,7,0.012164372528363998,52,Logistic regression,holm,0.0005402999959187582
1.0,0.875,0.0,14,16,1.0,1.0,0,0.011952927119262935,52,HistGradientBoosting,normal_bonferroni,0.0006635999961872585
1.0,0.875,0.0,14,16,1.0,1.0,0,0.011952927119262935,52,HistGradientBoosting,multiplier,0.002477100002579391
1.0,0.8125,0.0,13,16,1.0,1.0,0,0.011952927119262935,52,HistGradientBoosting,exact_bonferroni,0.0008079999970505014
1.0,0.4375,0.0,7,16,1.0,1.0,0,0.011952927119262935,52,HistGradientBoosting,hoeffding,0.00029090000316500664
1.0,1.0,0.0,16,16,1.0,1.0,0,0.011952927119262935,52,HistGradientBoosting,holm,0.0005178999999770895
1.0,0.0625,0.0,1,16,1.0,1.0,0,0.012062081735719293,53,Logistic regression,normal_bonferroni,0.0007407000011880882
1.0,0.3125,0.0,5,16,1.0,1.0,0,0.012062081735719293,53,Logistic regression,multiplier,0.0025613999969209544
1.0,0.0625,0.0,1,16,1.0,1.0,0,0.012062081735719293,53,Logistic regression,exact_bonferroni,0.0008669999951962382
1.0,0.0,0.0,0,16,1.0,1.0,0,0.012062081735719293,53,Logistic regression,hoeffding,0.00029180000274209306
1.0,0.0625,0.0,1,16,1.0,1.0,0,0.012062081735719293,53,Logistic regression,holm,0.0007895000017015263
1.0,0.5625,0.0,9,16,1.0,1.0,0,0.0120252872394144,53,HistGradientBoosting,normal_bonferroni,0.0007594999988214113
1.0,0.625,0.0,10,16,1.0,1.0,0,0.0120252872394144,53,HistGradientBoosting,multiplier,0.002492200001142919
1.0,0.4375,0.0,7,16,1.0,1.0,0,0.0120252872394144,53,HistGradientBoosting,exact_bonferroni,0.000800000001618173
1.0,0.125,0.0,2,16,1.0,1.0,0,0.0120252872394144,53,HistGradientBoosting,hoeffding,0.0002778999987640418
1.0,0.625,0.0,10,16,1.0,1.0,0,0.0120252872394144,53,HistGradientBoosting,holm,0.00046859999565640464
1.0,0.0625,0.0,1,16,1.0,1.0,4,0.012120448487833724,54,Logistic regression,normal_bonferroni,0.0013796999992337078
1.0,0.1875,0.0,3,16,1.0,1.0,4,0.012120448487833724,54,Logistic regression,multiplier,0.0041152999983751215
1.0,0.0,0.0,0,16,1.0,1.0,4,0.012120448487833724,54,Logistic regression,exact_bonferroni,0.0015378000025521033
1.0,0.0,0.0,0,16,1.0,1.0,4,0.012120448487833724,54,Logistic regression,hoeffding,0.00043170000571990386
1.0,0.0,0.0,0,16,1.0,1.0,4,0.012120448487833724,54,Logistic regression,holm,0.0007250999988173135
1.0,0.625,0.0,10,16,1.0,1.0,1,0.012090525594576351,54,HistGradientBoosting,normal_bonferroni,0.000735100002202671
1.0,0.75,0.0,12,16,1.0,1.0,1,0.012090525594576351,54,HistGradientBoosting,multiplier,0.002598800005216617
1.0,0.5625,0.0,9,16,1.0,1.0,1,0.012090525594576351,54,HistGradientBoosting,exact_bonferroni,0.0008811000006971881
1.0,0.375,0.0,6,16,1.0,1.0,1,0.012090525594576351,54,HistGradientBoosting,hoeffding,0.0002961999998660758
1.0,0.75,0.0,12,16,1.0,1.0,1,0.012090525594576351,54,HistGradientBoosting,holm,0.0004778000002261251
1.0,0.0,0.0,0,16,1.0,1.0,0,0.012078350851814051,55,Logistic regression,normal_bonferroni,0.00075970000034431
1.0,0.0,0.0,0,16,1.0,1.0,0,0.012078350851814051,55,Logistic regression,multiplier,0.0027527999991434626
1.0,0.0,0.0,0,16,1.0,1.0,0,0.012078350851814051,55,Logistic regression,exact_bonferroni,0.0009013000017148443
1.0,0.0,0.0,0,16,1.0,1.0,0,0.012078350851814051,55,Logistic regression,hoeffding,0.0003099000023212284
1.0,0.0,0.0,0,16,1.0,1.0,0,0.012078350851814051,55,Logistic regression,holm,0.0005479000028572045
1.0,0.5625,0.0,9,16,1.0,1.0,0,0.011915106479414878,55,HistGradientBoosting,normal_bonferroni,0.0007215000005089678
1.0,0.625,0.0,10,16,1.0,1.0,0,0.011915106479414878,55,HistGradientBoosting,multiplier,0.002587800001492724
1.0,0.4375,0.0,7,16,1.0,1.0,0,0.011915106479414878,55,HistGradientBoosting,exact_bonferroni,0.0008795999965514056
1.0,0.125,0.0,2,16,1.0,1.0,0,0.011915106479414878,55,HistGradientBoosting,hoeffding,0.0003171999996993691
1.0,0.5625,0.0,9,16,1.0,1.0,0,0.011915106479414878,55,HistGradientBoosting,holm,0.0006429000059142709
1.0,0.0625,0.0,1,16,1.0,1.0,0,0.012072658200156322,56,Logistic regression,normal_bonferroni,0.0007929999992484227
1.0,0.0625,0.0,1,16,1.0,1.0,0,0.012072658200156322,56,Logistic regression,multiplier,0.002717700001085177
1.0,0.0625,0.0,1,16,1.0,1.0,0,0.012072658200156322,56,Logistic regression,exact_bonferroni,0.0009371999985887669
1.0,0.0,0.0,0,16,1.0,1.0,0,0.012072658200156322,56,Logistic regression,hoeffding,0.00032649999775458127
1.0,0.0625,0.0,1,16,1.0,1.0,0,0.012072658200156322,56,Logistic regression,holm,0.0005477000013343059
1.0,0.625,0.0,10,16,1.0,1.0,0,0.011876834980239004,56,HistGradientBoosting,normal_bonferroni,0.0008744000006117858
1.0,0.6875,0.0,11,16,1.0,1.0,0,0.011876834980239004,56,HistGradientBoosting,multiplier,0.0028161000009276904
1.0,0.625,0.0,10,16,1.0,1.0,0,0.011876834980239004,56,HistGradientBoosting,exact_bonferroni,0.0009597000025678426
1.0,0.4375,0.0,7,16,1.0,1.0,0,0.011876834980239004,56,HistGradientBoosting,hoeffding,0.00031579999631503597
1.0,0.625,0.0,10,16,1.0,1.0,0,0.011876834980239004,56,HistGradientBoosting,holm,0.0005193000033614226
1.0,0.25,0.0,4,16,1.0,1.0,3,0.01210771407951075,57,Logistic regression,normal_bonferroni,0.0007640999974682927
1.0,0.5,0.0,8,16,1.0,1.0,3,0.01210771407951075,57,Logistic regression,multiplier,0.003253399998357054
1.0,0.25,0.0,4,16,1.0,1.0,3,0.01210771407951075,57,Logistic regression,exact_bonferroni,0.0009864000021480024
1.0,0.0,0.0,0,16,1.0,1.0,3,0.01210771407951075,57,Logistic regression,hoeffding,0.00031820000003790483
1.0,0.25,0.0,4,16,1.0,1.0,3,0.01210771407951075,57,Logistic regression,holm,0.0005260000034468248
1.0,0.75,0.0,12,16,1.0,1.0,0,0.011968643168870974,57,HistGradientBoosting,normal_bonferroni,0.0006485000048996881
1.0,0.8125,0.0,13,16,1.0,1.0,0,0.011968643168870974,57,HistGradientBoosting,multiplier,0.0024151999969035387
1.0,0.75,0.0,12,16,1.0,1.0,0,0.011968643168870974,57,HistGradientBoosting,exact_bonferroni,0.0008171000008587725
1.0,0.375,0.0,6,16,1.0,1.0,0,0.011968643168870974,57,HistGradientBoosting,hoeffding,0.00027709999994840473
1.0,1.0,0.0,16,16,1.0,1.0,0,0.011968643168870974,57,HistGradientBoosting,holm,0.00052039999718545
1.0,0.6875,0.0,11,16,0.0,1.0,2,0.01209613813918245,58,Logistic regression,normal_bonferroni,0.0007589999950141646
1.0,0.6875,0.0,11,16,0.0,1.0,2,0.01209613813918245,58,Logistic regression,multiplier,0.0027002999995602295
1.0,0.625,0.0,10,16,0.0,1.0,2,0.01209613813918245,58,Logistic regression,exact_bonferroni,0.0009078000002773479
1.0,0.25,0.0,4,16,1.0,1.0,2,0.01209613813918245,58,Logistic regression,hoeffding,0.0003225999971618876
1.0,0.6875,0.0,11,16,0.0,1.0,2,0.01209613813918245,58,Logistic regression,holm,0.0005208000002312474
1.0,0.6875,0.0,11,16,1.0,1.0,0,0.011927818910762972,58,HistGradientBoosting,normal_bonferroni,0.0007313000023714267
1.0,0.75,0.0,12,16,1.0,1.0,0,0.011927818910762972,58,HistGradientBoosting,multiplier,0.0026496999998926185
1.0,0.625,0.0,10,16,1.0,1.0,0,0.011927818910762972,58,HistGradientBoosting,exact_bonferroni,0.0008533000000170432
1.0,0.4375,0.0,7,16,1.0,1.0,0,0.011927818910762972,58,HistGradientBoosting,hoeffding,0.00031680000392952934
1.0,0.75,0.0,12,16,1.0,1.0,0,0.011927818910762972,58,HistGradientBoosting,holm,0.0004859000036958605
1.0,0.0,0.0,0,16,1.0,1.0,1,0.012087059117578902,59,Logistic regression,normal_bonferroni,0.0008615000042482279
1.0,0.0625,0.0,1,16,1.0,1.0,1,0.012087059117578902,59,Logistic regression,multiplier,0.0035343000054126605
1.0,0.0,0.0,0,16,1.0,1.0,1,0.012087059117578902,59,Logistic regression,exact_bonferroni,0.0011595000032684766
1.0,0.0,0.0,0,16,1.0,1.0,1,0.012087059117578902,59,Logistic regression,hoeffding,0.00023879999935161322
1.0,0.0,0.0,0,16,1.0,1.0,1,0.012087059117578902,59,Logistic regression,holm,0.0005497000020113774
1.0,0.625,0.0,10,16,1.0,1.0,0,0.011918049513488349,59,HistGradientBoosting,normal_bonferroni,0.0007620999967912212
1.0,0.6875,0.0,11,16,1.0,1.0,0,0.011918049513488349,59,HistGradientBoosting,multiplier,0.0031888000012259
1.0,0.625,0.0,10,16,1.0,1.0,0,0.011918049513488349,59,HistGradientBoosting,exact_bonferroni,0.0010480999990249984
1.0,0.5,0.0,8,16,1.0,1.0,0,0.011918049513488349,59,HistGradientBoosting,hoeffding,0.00034049999521812424
1.0,0.625,0.0,10,16,1.0,1.0,0,0.011918049513488349,59,HistGradientBoosting,holm,0.0005414999977801926
1.0,0.375,0.0,6,16,1.0,1.0,0,0.012075726637277906,60,Logistic regression,normal_bonferroni,0.0007485000023734756
1.0,0.5,0.0,8,16,1.0,1.0,0,0.012075726637277906,60,Logistic regression,multiplier,0.002617300000565592
1.0,0.3125,0.0,5,16,1.0,1.0,0,0.012075726637277906,60,Logistic regression,exact_bonferroni,0.0008411999951931648
1.0,0.0,0.0,0,16,1.0,1.0,0,0.012075726637277906,60,Logistic regression,hoeffding,0.0002886000002035871
1.0,0.375,0.0,6,16,1.0,1.0,0,0.012075726637277906,60,Logistic regression,holm,0.0006446000043069944
1.0,0.9375,0.0,15,16,1.0,1.0,0,0.011890361263387217,60,HistGradientBoosting,normal_bonferroni,0.0008449999950244091
1.0,1.0,0.0,16,16,1.0,1.0,0,0.011890361263387217,60,HistGradientBoosting,multiplier,0.0029026999982306734
1.0,0.9375,0.0,15,16,1.0,1.0,0,0.011890361263387217,60,HistGradientBoosting,exact_bonferroni,0.001117200001317542
1.0,0.5625,0.0,9,16,1.0,1.0,0,0.011890361263387217,60,HistGradientBoosting,hoeffding,0.0003460000007180497
1.0,1.0,0.0,16,16,1.0,1.0,0,0.011890361263387217,60,HistGradientBoosting,holm,0.0007334999972954392
1.0,0.0,0.0,0,16,1.0,1.0,0,0.012060753561465576,61,Logistic regression,normal_bonferroni,0.0009168999968096614
1.0,0.125,0.0,2,16,1.0,1.0,0,0.012060753561465576,61,Logistic regression,multiplier,0.0027491000000736676
1.0,0.0,0.0,0,16,1.0,1.0,0,0.012060753561465576,61,Logistic regression,exact_bonferroni,0.0009491000018897466
1.0,0.0,0.0,0,16,1.0,1.0,0,0.012060753561465576,61,Logistic regression,hoeffding,0.00031489999673794955
1.0,0.0,0.0,0,16,1.0,1.0,0,0.012060753561465576,61,Logistic regression,holm,0.0005305000013322569
1.0,0.5625,0.0,9,16,1.0,1.0,0,0.01190821743956752,61,HistGradientBoosting,normal_bonferroni,0.0007448000033036806
1.0,0.75,0.0,12,16,1.0,1.0,0,0.01190821743956752,61,HistGradientBoosting,multiplier,0.0026474000042071566
1.0,0.5,0.0,8,16,1.0,1.0,0,0.01190821743956752,61,HistGradientBoosting,exact_bonferroni,0.0008765999955357984
1.0,0.375,0.0,6,16,1.0,1.0,0,0.01190821743956752,61,HistGradientBoosting,hoeffding,0.00029099999665049836
1.0,0.5625,0.0,9,16,1.0,1.0,0,0.01190821743956752,61,HistGradientBoosting,holm,0.0004944999964209273
1.0,0.0,0.0,0,16,1.0,1.0,0,0.012068702212935767,62,Logistic regression,normal_bonferroni,0.0007194999998318963
1.0,0.0,0.0,0,16,1.0,1.0,0,0.012068702212935767,62,Logistic regression,multiplier,0.0025968999980250373
1.0,0.0,0.0,0,16,1.0,1.0,0,0.012068702212935767,62,Logistic regression,exact_bonferroni,0.0008449000015389174
1.0,0.0,0.0,0,16,1.0,1.0,0,0.012068702212935767,62,Logistic regression,hoeffding,0.0002884999994421378
1.0,0.0,0.0,0,16,1.0,1.0,0,0.012068702212935767,62,Logistic regression,holm,0.0005069999970146455
1.0,0.625,0.0,10,16,1.0,1.0,0,0.011966747179473991,62,HistGradientBoosting,normal_bonferroni,0.0007580000019515865
1.0,0.6875,0.0,11,16,1.0,1.0,0,0.011966747179473991,62,HistGradientBoosting,multiplier,0.0026156999956583604
1.0,0.625,0.0,10,16,1.0,1.0,0,0.011966747179473991,62,HistGradientBoosting,exact_bonferroni,0.0009047999992617406
1.0,0.5,0.0,8,16,1.0,1.0,0,0.011966747179473991,62,HistGradientBoosting,hoeffding,0.00030250000418163836
1.0,0.75,0.0,12,16,1.0,1.0,0,0.011966747179473991,62,HistGradientBoosting,holm,0.0005022999976063147
1.0,0.1875,0.0,3,16,1.0,1.0,3,0.012120448487833724,63,Logistic regression,normal_bonferroni,0.0007174999991548248
1.0,0.1875,0.0,3,16,1.0,1.0,3,0.012120448487833724,63,Logistic regression,multiplier,0.0025478999959887005
1.0,0.0,0.0,0,16,1.0,1.0,3,0.012120448487833724,63,Logistic regression,exact_bonferroni,0.000884600005520042
1.0,0.0,0.0,0,16,1.0,1.0,3,0.012120448487833724,63,Logistic regression,hoeffding,0.0003009000065503642
1.0,0.0,0.0,0,16,1.0,1.0,3,0.012120448487833724,63,Logistic regression,holm,0.0004936999976052903
1.0,0.875,0.0,14,16,1.0,1.0,0,0.011961996368641509,63,HistGradientBoosting,normal_bonferroni,0.0007019000040600076
1.0,0.875,0.0,14,16,1.0,1.0,0,0.011961996368641509,63,HistGradientBoosting,multiplier,0.0025614999976824038
1.0,0.875,0.0,14,16,1.0,1.0,0,0.011961996368641509,63,HistGradientBoosting,exact_bonferroni,0.000879399995028507
1.0,0.625,0.0,10,16,1.0,1.0,0,0.011961996368641509,63,HistGradientBoosting,hoeffding,0.00029550000181188807
1.0,1.0,0.0,16,16,1.0,1.0,0,0.011961996368641509,63,HistGradientBoosting,holm,0.0005161000008229166
1.0,0.1875,0.0,3,16,1.0,1.0,0,0.012071780147459688,64,Logistic regression,normal_bonferroni,0.000709400002961047
1.0,0.25,0.0,4,16,1.0,1.0,0,0.012071780147459688,64,Logistic regression,multiplier,0.0025807999991229735
1.0,0.125,0.0,2,16,1.0,1.0,0,0.012071780147459688,64,Logistic regression,exact_bonferroni,0.0008868000004440546
1.0,0.0,0.0,0,16,1.0,1.0,0,0.012071780147459688,64,Logistic regression,hoeffding,0.00029710000671911985
1.0,0.1875,0.0,3,16,1.0,1.0,0,0.012071780147459688,64,Logistic regression,holm,0.0004989999943063594
1.0,0.5625,0.0,9,16,1.0,1.0,0,0.011873309340560217,64,HistGradientBoosting,normal_bonferroni,0.0007081000003381632
1.0,0.75,0.0,12,16,1.0,1.0,0,0.011873309340560217,64,HistGradientBoosting,multiplier,0.0024277000047732145
1.0,0.5625,0.0,9,16,1.0,1.0,0,0.011873309340560217,64,HistGradientBoosting,exact_bonferroni,0.0007718999986536801
1.0,0.375,0.0,6,16,1.0,1.0,0,0.011873309340560217,64,HistGradientBoosting,hoeffding,0.0002693999995244667
1.0,0.625,0.0,10,16,1.0,1.0,0,0.011873309340560217,64,HistGradientBoosting,holm,0.000472699997771997
1.0,0.0,0.0,0,16,1.0,1.0,2,0.012145515539215557,65,Logistic regression,normal_bonferroni,0.0007143000038922764
1.0,0.0,0.0,0,16,1.0,1.0,2,0.012145515539215557,65,Logistic regression,multiplier,0.0025692000053822994
1.0,0.0,0.0,0,16,1.0,1.0,2,0.012145515539215557,65,Logistic regression,exact_bonferroni,0.001164599998446647
1.0,0.0,0.0,0,16,1.0,1.0,2,0.012145515539215557,65,Logistic regression,hoeffding,0.0004119000004720874
1.0,0.0,0.0,0,16,1.0,1.0,2,0.012145515539215557,65,Logistic regression,holm,0.000538500004040543
1.0,0.3125,0.0,5,16,1.0,1.0,0,0.011835045901897961,65,HistGradientBoosting,normal_bonferroni,0.0006750000029569492
1.0,0.3125,0.0,5,16,1.0,1.0,0,0.011835045901897961,65,HistGradientBoosting,multiplier,0.0024388999954680912
1.0,0.3125,0.0,5,16,1.0,1.0,0,0.011835045901897961,65,HistGradientBoosting,exact_bonferroni,0.0008835999979055487
1.0,0.125,0.0,2,16,1.0,1.0,0,0.011835045901897961,65,HistGradientBoosting,hoeffding,0.0002950999987660907
1.0,0.3125,0.0,5,16,1.0,1.0,0,0.011835045901897961,65,HistGradientBoosting,holm,0.0005002000034437515
1.0,0.0,0.0,0,16,1.0,1.0,3,0.012117489132416281,66,Logistic regression,normal_bonferroni,0.0013267999966046773
1.0,0.0,0.0,0,16,1.0,1.0,3,0.012117489132416281,66,Logistic regression,multiplier,0.003871099994285032
1.0,0.0,0.0,0,16,1.0,1.0,3,0.012117489132416281,66,Logistic regression,exact_bonferroni,0.001274100002774503
1.0,0.0,0.0,0,16,1.0,1.0,3,0.012117489132416281,66,Logistic regression,hoeffding,0.0003951999970013276
1.0,0.0,0.0,0,16,1.0,1.0,3,0.012117489132416281,66,Logistic regression,holm,0.000632800001767464
1.0,0.875,0.0,14,16,1.0,1.0,0,0.011935104919988615,66,HistGradientBoosting,normal_bonferroni,0.0008207999999285676
1.0,0.875,0.0,14,16,1.0,1.0,0,0.011935104919988615,66,HistGradientBoosting,multiplier,0.002234799998404924
1.0,0.8125,0.0,13,16,1.0,1.0,0,0.011935104919988615,66,HistGradientBoosting,exact_bonferroni,0.0007183999987319112
1.0,0.625,0.0,10,16,1.0,1.0,0,0.011935104919988615,66,HistGradientBoosting,hoeffding,0.0003332999986014329
1.0,0.875,0.0,14,16,1.0,1.0,0,0.011935104919988615,66,HistGradientBoosting,holm,0.0005765999958384782
1.0,0.0,0.0,0,16,1.0,1.0,1,0.012086625132239737,67,Logistic regression,normal_bonferroni,0.0008775000023888424
1.0,0.0,0.0,0,16,1.0,1.0,1,0.012086625132239737,67,Logistic regression,multiplier,0.003090199999860488
1.0,0.0,0.0,0,16,1.0,1.0,1,0.012086625132239737,67,Logistic regression,exact_bonferroni,0.0010928999981842935
1.0,0.0,0.0,0,16,1.0,1.0,1,0.012086625132239737,67,Logistic regression,hoeffding,0.0003549999964889139
1.0,0.0,0.0,0,16,1.0,1.0,1,0.012086625132239737,67,Logistic regression,holm,0.0006165000013425015
1.0,0.75,0.0,12,16,1.0,1.0,0,0.01187985078190737,67,HistGradientBoosting,normal_bonferroni,0.0006443999955081381
1.0,0.8125,0.0,13,16,1.0,1.0,0,0.01187985078190737,67,HistGradientBoosting,multiplier,0.00208129999373341
1.0,0.6875,0.0,11,16,1.0,1.0,0,0.01187985078190737,67,HistGradientBoosting,exact_bonferroni,0.0004985999985365197
1.0,0.5,0.0,8,16,1.0,1.0,0,0.01187985078190737,67,HistGradientBoosting,hoeffding,0.00016429999959655106
1.0,0.875,0.0,14,16,1.0,1.0,0,0.01187985078190737,67,HistGradientBoosting,holm,0.00028819999715778977
1.0,0.375,0.0,6,16,0.0,1.0,3,0.01211621860156531,68,Logistic regression,normal_bonferroni,0.0007947000049171038
1.0,0.4375,0.0,7,16,0.0,1.0,3,0.01211621860156531,68,Logistic regression,multiplier,0.0031388999996124767
1.0,0.375,0.0,6,16,0.0,1.0,3,0.01211621860156531,68,Logistic regression,exact_bonferroni,0.0009651000000303611
1.0,0.0625,0.0,1,16,1.0,1.0,3,0.01211621860156531,68,Logistic regression,hoeffding,0.0003484999979264103
1.0,0.375,0.0,6,16,0.0,1.0,3,0.01211621860156531,68,Logistic regression,holm,0.0005287000021780841
1.0,0.6875,0.0,11,16,1.0,1.0,0,0.011897329580850519,68,HistGradientBoosting,normal_bonferroni,0.0006940999955986626
1.0,0.6875,0.0,11,16,1.0,1.0,0,0.011897329580850519,68,HistGradientBoosting,multiplier,0.0025128000052063726
1.0,0.6875,0.0,11,16,1.0,1.0,0,0.011897329580850519,68,HistGradientBoosting,exact_bonferroni,0.0008339000050909817
1.0,0.5,0.0,8,16,1.0,1.0,0,0.011897329580850519,68,HistGradientBoosting,hoeffding,0.0002882999979192391
1.0,0.6875,0.0,11,16,1.0,1.0,0,0.011897329580850519,68,HistGradientBoosting,holm,0.0004888000039500184
1.0,0.0625,0.0,1,16,1.0,1.0,0,0.012053201526211532,69,Logistic regression,normal_bonferroni,0.0007079999995767139
1.0,0.0625,0.0,1,16,1.0,1.0,0,0.012053201526211532,69,Logistic regression,multiplier,0.00255759999708971
1.0,0.0625,0.0,1,16,1.0,1.0,0,0.012053201526211532,69,Logistic regression,exact_bonferroni,0.0008945000008679926
1.0,0.0,0.0,0,16,1.0,1.0,0,0.012053201526211532,69,Logistic regression,hoeffding,0.00029550000181188807
1.0,0.0625,0.0,1,16,1.0,1.0,0,0.012053201526211532,69,Logistic regression,holm,0.0004976999989594333
1.0,0.75,0.0,12,16,1.0,1.0,0,0.011867753358126648,69,HistGradientBoosting,normal_bonferroni,0.0007216000012704171
1.0,0.9375,0.0,15,16,1.0,1.0,0,0.011867753358126648,69,HistGradientBoosting,multiplier,0.0026164000009885058
1.0,0.75,0.0,12,16,1.0,1.0,0,0.011867753358126648,69,HistGradientBoosting,exact_bonferroni,0.0008614999969722703
1.0,0.5,0.0,8,16,1.0,1.0,0,0.011867753358126648,69,HistGradientBoosting,hoeffding,0.0002934000003733672
1.0,0.9375,0.0,15,16,1.0,1.0,0,0.011867753358126648,69,HistGradientBoosting,holm,0.0004744000034406781
1.0,0.0625,0.0,1,16,1.0,1.0,1,0.012088793557132715,70,Logistic regression,normal_bonferroni,0.0007011999987298623
1.0,0.1875,0.0,3,16,1.0,1.0,1,0.012088793557132715,70,Logistic regression,multiplier,0.002551300000050105
1.0,0.0625,0.0,1,16,1.0,1.0,1,0.012088793557132715,70,Logistic regression,exact_bonferroni,0.0005382999952416867
1.0,0.0,0.0,0,16,1.0,1.0,1,0.012088793557132715,70,Logistic regression,hoeffding,0.00016350000078091398
1.0,0.0625,0.0,1,16,1.0,1.0,1,0.012088793557132715,70,Logistic regression,holm,0.0010199000025750138
1.0,0.875,0.0,14,16,1.0,1.0,0,0.011923918663147876,70,HistGradientBoosting,normal_bonferroni,0.0008585999967181124
1.0,0.875,0.0,14,16,1.0,1.0,0,0.011923918663147876,70,HistGradientBoosting,multiplier,0.003136499995889608
1.0,0.8125,0.0,13,16,1.0,1.0,0,0.011923918663147876,70,HistGradientBoosting,exact_bonferroni,0.0010487999970791861
1.0,0.5625,0.0,9,16,1.0,1.0,0,0.011923918663147876,70,HistGradientBoosting,hoeffding,0.0003710999953909777
1.0,1.0,0.0,16,16,1.0,1.0,0,0.011923918663147876,70,HistGradientBoosting,holm,0.0006111999973654747
1.0,0.3125,0.0,5,16,1.0,1.0,0,0.01206649916207142,71,Logistic regression,normal_bonferroni,0.0007654000000911765
1.0,0.5625,0.0,9,16,1.0,1.0,0,0.01206649916207142,71,Logistic regression,multiplier,0.0031222000034176745
1.0,0.1875,0.0,3,16,1.0,1.0,0,0.01206649916207142,71,Logistic regression,exact_bonferroni,0.0010564999975031242
1.0,0.0,0.0,0,16,1.0,1.0,0,0.01206649916207142,71,Logistic regression,hoeffding,0.00038099999801488593
1.0,0.3125,0.0,5,16,1.0,1.0,0,0.01206649916207142,71,Logistic regression,holm,0.0005754000012530014
1.0,1.0,0.0,16,16,1.0,1.0,0,0.011915597377000486,71,HistGradientBoosting,normal_bonferroni,0.0006704999977955595
1.0,1.0,0.0,16,16,1.0,1.0,0,0.011915597377000486,71,HistGradientBoosting,multiplier,0.0029296000066096894
1.0,1.0,0.0,16,16,1.0,1.0,0,0.011915597377000486,71,HistGradientBoosting,exact_bonferroni,0.0009444000024814159
1.0,0.9375,0.0,15,16,1.0,1.0,0,0.011915597377000486,71,HistGradientBoosting,hoeffding,0.0003139000036753714
1.0,1.0,0.0,16,16,1.0,1.0,0,0.011915597377000486,71,HistGradientBoosting,holm,0.0005025999998906627
1.0,0.5,0.0,8,16,1.0,1.0,2,0.012103867551821967,72,Logistic regression,normal_bonferroni,0.0008011999962036498
1.0,0.6875,0.0,11,16,1.0,1.0,2,0.012103867551821967,72,Logistic regression,multiplier,0.0026129000034416094
1.0,0.4375,0.0,7,16,1.0,1.0,2,0.012103867551821967,72,Logistic regression,exact_bonferroni,0.0008725000006961636
1.0,0.125,0.0,2,16,1.0,1.0,2,0.012103867551821967,72,Logistic regression,hoeffding,0.00029240000003483146
1.0,0.5625,0.0,9,16,1.0,1.0,2,0.012103867551821967,72,Logistic regression,holm,0.0004974999974365346
1.0,0.4375,0.0,7,16,1.0,1.0,0,0.011901297611900147,72,HistGradientBoosting,normal_bonferroni,0.000698800002282951
1.0,0.75,0.0,12,16,1.0,1.0,0,0.011901297611900147,72,HistGradientBoosting,multiplier,0.0026739999957499094
1.0,0.4375,0.0,7,16,1.0,1.0,0,0.011901297611900147,72,HistGradientBoosting,exact_bonferroni,0.0005321999997249804
1.0,0.125,0.0,2,16,1.0,1.0,0,0.011901297611900147,72,HistGradientBoosting,hoeffding,0.0001644000003580004
1.0,1.0,0.0,16,16,1.0,1.0,0,0.011901297611900147,72,HistGradientBoosting,holm,0.000375000003259629
1.0,0.0,0.0,0,16,1.0,1.0,2,0.012091823046897016,73,Logistic regression,normal_bonferroni,0.0007209999967017211
1.0,0.0625,0.0,1,16,1.0,1.0,2,0.012091823046897016,73,Logistic regression,multiplier,0.002552300000388641
1.0,0.0,0.0,0,16,1.0,1.0,2,0.012091823046897016,73,Logistic regression,exact_bonferroni,0.0009260999941034243
1.0,0.0,0.0,0,16,1.0,1.0,2,0.012091823046897016,73,Logistic regression,hoeffding,0.000298099999781698
1.0,0.0,0.0,0,16,1.0,1.0,2,0.012091823046897016,73,Logistic regression,holm,0.0004867000025114976
1.0,0.5,0.0,8,16,1.0,1.0,0,0.011966272795215283,73,HistGradientBoosting,normal_bonferroni,0.0008182000019587576
1.0,0.625,0.0,10,16,1.0,1.0,0,0.011966272795215283,73,HistGradientBoosting,multiplier,0.0028902999983984046
1.0,0.4375,0.0,7,16,1.0,1.0,0,0.011966272795215283,73,HistGradientBoosting,exact_bonferroni,0.0009416000029887073
1.0,0.1875,0.0,3,16,1.0,1.0,0,0.011966272795215283,73,HistGradientBoosting,hoeffding,0.0003332999986014329
1.0,0.625,0.0,10,16,1.0,1.0,0,0.011966272795215283,73,HistGradientBoosting,holm,0.0005458000014186837
1.0,0.3125,0.0,5,16,1.0,1.0,3,0.01210172535776824,74,Logistic regression,normal_bonferroni,0.0008558000045013614
1.0,0.4375,0.0,7,16,1.0,1.0,3,0.01210172535776824,74,Logistic regression,multiplier,0.0030948999992688186
1.0,0.3125,0.0,5,16,1.0,1.0,3,0.01210172535776824,74,Logistic regression,exact_bonferroni,0.0008039000022108667
1.0,0.0625,0.0,1,16,1.0,1.0,3,0.01210172535776824,74,Logistic regression,hoeffding,0.00023800000053597614
1.0,0.3125,0.0,5,16,1.0,1.0,3,0.01210172535776824,74,Logistic regression,holm,0.0005731999990530312
1.0,0.75,0.0,12,16,1.0,1.0,0,0.011929765282616384,74,HistGradientBoosting,normal_bonferroni,0.0006864000024506822
1.0,0.875,0.0,14,16,1.0,1.0,0,0.011929765282616384,74,HistGradientBoosting,multiplier,0.002509400001144968
1.0,0.75,0.0,12,16,1.0,1.0,0,0.011929765282616384,74,HistGradientBoosting,exact_bonferroni,0.0008156999974744394
1.0,0.5,0.0,8,16,1.0,1.0,0,0.011929765282616384,74,HistGradientBoosting,hoeffding,0.00038779999886173755
1.0,1.0,0.0,16,16,1.0,1.0,0,0.011929765282616384,74,HistGradientBoosting,holm,0.0004861999987042509
1.0,0.0625,0.0,1,16,1.0,1.0,0,0.012018445853677229,75,Logistic regression,normal_bonferroni,0.0010013999999500811
1.0,0.0625,0.0,1,16,1.0,1.0,0,0.012018445853677229,75,Logistic regression,multiplier,0.0026244999971822836
1.0,0.0,0.0,0,16,1.0,1.0,0,0.012018445853677229,75,Logistic regression,exact_bonferroni,0.0008686000001034699
1.0,0.0,0.0,0,16,1.0,1.0,0,0.012018445853677229,75,Logistic regression,hoeffding,0.00031119999766815454
1.0,0.0,0.0,0,16,1.0,1.0,0,0.012018445853677229,75,Logistic regression,holm,0.0004937000048812479
1.0,0.5,0.0,8,16,1.0,1.0,0,0.01185301365319294,75,HistGradientBoosting,normal_bonferroni,0.0007145999989006668
1.0,0.5,0.0,8,16,1.0,1.0,0,0.01185301365319294,75,HistGradientBoosting,multiplier,0.0025734000009833835
1.0,0.5,0.0,8,16,1.0,1.0,0,0.01185301365319294,75,HistGradientBoosting,exact_bonferroni,0.0009117000008700415
1.0,0.3125,0.0,5,16,1.0,1.0,0,0.01185301365319294,75,HistGradientBoosting,hoeffding,0.0002939000041806139
1.0,0.5,0.0,8,16,1.0,1.0,0,0.01185301365319294,75,HistGradientBoosting,holm,0.000494699997943826
1.0,0.0,0.0,0,16,1.0,1.0,3,0.01212466347847349,76,Logistic regression,normal_bonferroni,0.0007171999968704768
1.0,0.0,0.0,0,16,1.0,1.0,3,0.01212466347847349,76,Logistic regression,multiplier,0.00281840000388911
1.0,0.0,0.0,0,16,1.0,1.0,3,0.01212466347847349,76,Logistic regression,exact_bonferroni,0.0006157000025268644
1.0,0.0,0.0,0,16,1.0,1.0,3,0.01212466347847349,76,Logistic regression,hoeffding,0.00027860000409418717
1.0,0.0,0.0,0,16,1.0,1.0,3,0.01212466347847349,76,Logistic regression,holm,0.00031209999724524096
1.0,0.5,0.0,8,16,1.0,1.0,0,0.011874317458244688,76,HistGradientBoosting,normal_bonferroni,0.0005518000034498982
1.0,0.625,0.0,10,16,1.0,1.0,0,0.011874317458244688,76,HistGradientBoosting,multiplier,0.002421899996988941
1.0,0.5,0.0,8,16,1.0,1.0,0,0.011874317458244688,76,HistGradientBoosting,exact_bonferroni,0.0010115999975823797
1.0,0.0625,0.0,1,16,1.0,1.0,0,0.011874317458244688,76,HistGradientBoosting,hoeffding,0.0005468000017572194
1.0,0.5,0.0,8,16,1.0,1.0,0,0.011874317458244688,76,HistGradientBoosting,holm,0.0006472000022768043
1.0,0.0,0.0,0,15,1.0,1.0,6,0.012186111264326699,77,Logistic regression,normal_bonferroni,0.0007504999957745895
1.0,0.0,0.0,0,15,1.0,1.0,6,0.012186111264326699,77,Logistic regression,multiplier,0.0025462000048719347
1.0,0.0,0.0,0,15,1.0,1.0,6,0.012186111264326699,77,Logistic regression,exact_bonferroni,0.0008555999957025051
1.0,0.0,0.0,0,15,1.0,1.0,6,0.012186111264326699,77,Logistic regression,hoeffding,0.0003187000038451515
1.0,0.0,0.0,0,15,1.0,1.0,6,0.012186111264326699,77,Logistic regression,holm,0.0005019999953219667
1.0,0.3125,0.0,5,16,1.0,1.0,0,0.011974788045216955,77,HistGradientBoosting,normal_bonferroni,0.0006740000026184134
1.0,0.4375,0.0,7,16,1.0,1.0,0,0.011974788045216955,77,HistGradientBoosting,multiplier,0.0023742000048514456
1.0,0.25,0.0,4,16,1.0,1.0,0,0.011974788045216955,77,HistGradientBoosting,exact_bonferroni,0.0008203999968827702
1.0,0.1875,0.0,3,16,1.0,1.0,0,0.011974788045216955,77,HistGradientBoosting,hoeffding,0.0002660000027390197
1.0,0.3125,0.0,5,16,1.0,1.0,0,0.011974788045216955,77,HistGradientBoosting,holm,0.0004530000005615875
1.0,0.0,0.0,0,16,1.0,1.0,0,0.01207090149168688,78,Logistic regression,normal_bonferroni,0.001661399997828994
1.0,0.0,0.0,0,16,1.0,1.0,0,0.01207090149168688,78,Logistic regression,multiplier,0.005340699994121678
1.0,0.0,0.0,0,16,1.0,1.0,0,0.01207090149168688,78,Logistic regression,exact_bonferroni,0.0017888000002130866
1.0,0.0,0.0,0,16,1.0,1.0,0,0.01207090149168688,78,Logistic regression,hoeffding,0.0005942999996477738
1.0,0.0,0.0,0,16,1.0,1.0,0,0.01207090149168688,78,Logistic regression,holm,0.000993200002994854
1.0,0.5,0.0,8,16,1.0,1.0,0,0.011843797522823135,78,HistGradientBoosting,normal_bonferroni,0.0005451000033644959
1.0,0.6875,0.0,11,16,1.0,1.0,0,0.011843797522823135,78,HistGradientBoosting,multiplier,0.0023145000013755634
1.0,0.5,0.0,8,16,1.0,1.0,0,0.011843797522823135,78,HistGradientBoosting,exact_bonferroni,0.0010857000015676022
1.0,0.1875,0.0,3,16,1.0,1.0,0,0.011843797522823135,78,HistGradientBoosting,hoeffding,0.0003729999953065999
1.0,0.5625,0.0,9,16,1.0,1.0,0,0.011843797522823135,78,HistGradientBoosting,holm,0.0006060000014258549
1.0,0.0625,0.0,1,16,1.0,1.0,2,0.012081841375882585,79,Logistic regression,normal_bonferroni,0.0008900000029825605
1.0,0.25,0.0,4,16,1.0,1.0,2,0.012081841375882585,79,Logistic regression,multiplier,0.0031897000008029863
1.0,0.0,0.0,0,16,1.0,1.0,2,0.012081841375882585,79,Logistic regression,exact_bonferroni,0.0011540000050445087
1.0,0.0,0.0,0,16,1.0,1.0,2,0.012081841375882585,79,Logistic regression,hoeffding,0.00038660000427626073
1.0,0.0,0.0,0,16,1.0,1.0,2,0.012081841375882585,79,Logistic regression,holm,0.0006454000031226315
1.0,0.5625,0.0,9,16,1.0,1.0,0,0.011930251484958992,79,HistGradientBoosting,normal_bonferroni,0.0006050000010873191
1.0,0.75,0.0,12,16,1.0,1.0,0,0.011930251484958992,79,HistGradientBoosting,multiplier,0.0017107000021496788
1.0,0.5,0.0,8,16,1.0,1.0,0,0.011930251484958992,79,HistGradientBoosting,exact_bonferroni,0.0006187999970279634
1.0,0.1875,0.0,3,16,1.0,1.0,0,0.011930251484958992,79,HistGradientBoosting,hoeffding,0.00021960000594845042
1.0,0.5625,0.0,9,16,1.0,1.0,0,0.011930251484958992,79,HistGradientBoosting,holm,0.0005275000003166497
1.0,0.3125,0.0,5,16,1.0,1.0,2,0.012111973804029258,80,Logistic regression,normal_bonferroni,0.000771400002122391
1.0,0.8125,0.0,13,16,1.0,1.0,2,0.012111973804029258,80,Logistic regression,multiplier,0.0026907999999821186
1.0,0.25,0.0,4,16,1.0,1.0,2,0.012111973804029258,80,Logistic regression,exact_bonferroni,0.0008981999999377877
1.0,0.0,0.0,0,16,1.0,1.0,2,0.012111973804029258,80,Logistic regression,hoeffding,0.0003071000028285198
1.0,0.3125,0.0,5,16,1.0,1.0,2,0.012111973804029258,80,Logistic regression,holm,0.0005423000038717873
1.0,0.875,0.0,14,16,1.0,1.0,0,0.011891358629528698,80,HistGradientBoosting,normal_bonferroni,0.0006923999972059391
1.0,0.9375,0.0,15,16,1.0,1.0,0,0.011891358629528698,80,HistGradientBoosting,multiplier,0.002442400000290945
1.0,0.8125,0.0,13,16,1.0,1.0,0,0.011891358629528698,80,HistGradientBoosting,exact_bonferroni,0.0008564000017940998
1.0,0.75,0.0,12,16,1.0,1.0,0,0.011891358629528698,80,HistGradientBoosting,hoeffding,0.00029149999318178743
1.0,1.0,0.0,16,16,1.0,1.0,0,0.011891358629528698,80,HistGradientBoosting,holm,0.0005053999993833713
1.0,1.0,0.0,16,16,1.0,1.0,0,0.012068261904598088,81,Logistic regression,normal_bonferroni,0.0007337999995797873
1.0,1.0,0.0,16,16,1.0,1.0,0,0.012068261904598088,81,Logistic regression,multiplier,0.0025674999997136183
1.0,0.875,0.0,14,16,1.0,1.0,0,0.012068261904598088,81,Logistic regression,exact_bonferroni,0.0008592000012868084
1.0,0.75,0.0,12,16,1.0,1.0,0,0.012068261904598088,81,Logistic regression,hoeffding,0.00032579999970039353
1.0,1.0,0.0,16,16,1.0,1.0,0,0.012068261904598088,81,Logistic regression,holm,0.0005074000000604428
1.0,1.0,0.0,16,16,1.0,1.0,0,0.012004659890196862,81,HistGradientBoosting,normal_bonferroni,0.0007265000022016466
1.0,1.0,0.0,16,16,1.0,1.0,0,0.012004659890196862,81,HistGradientBoosting,multiplier,0.0024800999963190407
1.0,1.0,0.0,16,16,1.0,1.0,0,0.012004659890196862,81,HistGradientBoosting,exact_bonferroni,0.0011689000020851381
1.0,1.0,0.0,16,16,1.0,1.0,0,0.012004659890196862,81,HistGradientBoosting,hoeffding,0.0003034000037587248
1.0,1.0,0.0,16,16,1.0,1.0,0,0.012004659890196862,81,HistGradientBoosting,holm,0.0005067000020062551
1.0,1.0,0.0,16,16,1.0,1.0,0,0.01207616438282283,82,Logistic regression,normal_bonferroni,0.0007636000009370036
1.0,1.0,0.0,16,16,1.0,1.0,0,0.01207616438282283,82,Logistic regression,multiplier,0.00262020000081975
1.0,1.0,0.0,16,16,1.0,1.0,0,0.01207616438282283,82,Logistic regression,exact_bonferroni,0.0008701999977347441
1.0,0.8125,0.0,13,16,1.0,1.0,0,0.01207616438282283,82,Logistic regression,hoeffding,0.0002902000051108189
1.0,1.0,0.0,16,16,1.0,1.0,0,0.01207616438282283,82,Logistic regression,holm,0.0005328999977791682
1.0,1.0,0.0,16,16,1.0,1.0,0,0.011880352861663473,82,HistGradientBoosting,normal_bonferroni,0.0008995000025606714
1.0,1.0,0.0,16,16,1.0,1.0,0,0.011880352861663473,82,HistGradientBoosting,multiplier,0.002690900000743568
1.0,1.0,0.0,16,16,1.0,1.0,0,0.011880352861663473,82,HistGradientBoosting,exact_bonferroni,0.0009198999978252687
1.0,0.9375,0.0,15,16,1.0,1.0,0,0.011880352861663473,82,HistGradientBoosting,hoeffding,0.0002762000003713183
1.0,1.0,0.0,16,16,1.0,1.0,0,0.011880352861663473,82,HistGradientBoosting,holm,0.0005834000039612874
1.0,0.0,0.0,0,16,1.0,1.0,0,0.012054537416803623,83,Logistic regression,normal_bonferroni,0.0008443999977316707
1.0,0.0,0.0,0,16,1.0,1.0,0,0.012054537416803623,83,Logistic regression,multiplier,0.003047300000616815
1.0,0.0,0.0,0,16,1.0,1.0,0,0.012054537416803623,83,Logistic regression,exact_bonferroni,0.0010359000007156283
1.0,0.0,0.0,0,16,1.0,1.0,0,0.012054537416803623,83,Logistic regression,hoeffding,0.0003515999997034669
1.0,0.0,0.0,0,16,1.0,1.0,0,0.012054537416803623,83,Logistic regression,holm,0.0006047999995644204
1.0,0.375,0.0,6,16,1.0,1.0,0,0.011909696252395907,83,HistGradientBoosting,normal_bonferroni,0.001160100000561215
1.0,0.5625,0.0,9,16,1.0,1.0,0,0.011909696252395907,83,HistGradientBoosting,multiplier,0.004212400002870709
1.0,0.3125,0.0,5,16,1.0,1.0,0,0.011909696252395907,83,HistGradientBoosting,exact_bonferroni,0.0014576999965356663
1.0,0.125,0.0,2,16,1.0,1.0,0,0.011909696252395907,83,HistGradientBoosting,hoeffding,0.0004406000007293187
1.0,0.375,0.0,6,16,1.0,1.0,0,0.011909696252395907,83,HistGradientBoosting,holm,0.0007321000011870638
1.0,0.25,0.0,4,16,1.0,1.0,6,0.012143032869958659,84,Logistic regression,normal_bonferroni,0.0009780999971553683
1.0,0.25,0.0,4,16,1.0,1.0,6,0.012143032869958659,84,Logistic regression,multiplier,0.003877499999362044
1.0,0.1875,0.0,3,16,1.0,1.0,6,0.012143032869958659,84,Logistic regression,exact_bonferroni,0.0015692999950260855
1.0,0.0,0.0,0,16,1.0,1.0,6,0.012143032869958659,84,Logistic regression,hoeffding,0.0004998000003979541
1.0,0.25,0.0,4,16,1.0,1.0,6,0.012143032869958659,84,Logistic regression,holm,0.0008105000015348196
1.0,0.6875,0.0,11,16,1.0,1.0,0,0.011932194732420631,84,HistGradientBoosting,normal_bonferroni,0.0007427000018651597
1.0,0.6875,0.0,11,16,1.0,1.0,0,0.011932194732420631,84,HistGradientBoosting,multiplier,0.002520000001823064
1.0,0.625,0.0,10,16,1.0,1.0,0,0.011932194732420631,84,HistGradientBoosting,exact_bonferroni,0.0009136000007856637
1.0,0.5,0.0,8,16,1.0,1.0,0,0.011932194732420631,84,HistGradientBoosting,hoeffding,0.00032050000299932435
1.0,0.6875,0.0,11,16,1.0,1.0,0,0.011932194732420631,84,HistGradientBoosting,holm,0.0005155000035301782
1.0,0.6875,0.0,11,16,0.0,1.0,2,0.012090092810357056,85,Logistic regression,normal_bonferroni,0.0007180000029620714
1.0,0.8125,0.0,13,16,0.0,1.0,2,0.012090092810357056,85,Logistic regression,multiplier,0.002750799998466391
1.0,0.5625,0.0,9,16,0.0,1.0,2,0.012090092810357056,85,Logistic regression,exact_bonferroni,0.0009505999987595715
1.0,0.0625,0.0,1,16,1.0,1.0,2,0.012090092810357056,85,Logistic regression,hoeffding,0.00030360000528162345
1.0,1.0,0.0,16,16,0.0,1.0,2,0.012090092810357056,85,Logistic regression,holm,0.0005418000000645407
1.0,0.625,0.0,10,16,1.0,1.0,0,0.011962947769952548,85,HistGradientBoosting,normal_bonferroni,0.0008619000000180677
1.0,0.625,0.0,10,16,1.0,1.0,0,0.011962947769952548,85,HistGradientBoosting,multiplier,0.0025863999981083907
1.0,0.625,0.0,10,16,1.0,1.0,0,0.011962947769952548,85,HistGradientBoosting,exact_bonferroni,0.0008674999990034848
1.0,0.375,0.0,6,16,1.0,1.0,0,0.011962947769952548,85,HistGradientBoosting,hoeffding,0.0002936000018962659
1.0,0.625,0.0,10,16,1.0,1.0,0,0.011962947769952548,85,HistGradientBoosting,holm,0.0004974000039510429
1.0,0.0,0.0,0,16,1.0,1.0,2,0.012100008908918297,86,Logistic regression,normal_bonferroni,0.0007383999982266687
1.0,0.0,0.0,0,16,1.0,1.0,2,0.012100008908918297,86,Logistic regression,multiplier,0.0030027999964659102
1.0,0.0,0.0,0,16,1.0,1.0,2,0.012100008908918297,86,Logistic regression,exact_bonferroni,0.0010458999968250282
1.0,0.0,0.0,0,16,1.0,1.0,2,0.012100008908918297,86,Logistic regression,hoeffding,0.0003175000019837171
1.0,0.0,0.0,0,16,1.0,1.0,2,0.012100008908918297,86,Logistic regression,holm,0.0005238000012468547
1.0,0.6875,0.0,11,16,1.0,1.0,0,0.011915597377000486,86,HistGradientBoosting,normal_bonferroni,0.0007626999940839596
1.0,0.75,0.0,12,16,1.0,1.0,0,0.011915597377000486,86,HistGradientBoosting,multiplier,0.0030398000017157756
1.0,0.625,0.0,10,16,1.0,1.0,0,0.011915597377000486,86,HistGradientBoosting,exact_bonferroni,0.0009957000002032146
1.0,0.375,0.0,6,16,1.0,1.0,0,0.011915597377000486,86,HistGradientBoosting,hoeffding,0.00030390000029001385
1.0,0.75,0.0,12,16,1.0,1.0,0,0.011915597377000486,86,HistGradientBoosting,holm,0.0005041999975219369
1.0,0.0,0.0,0,16,1.0,1.0,5,0.012130539470326107,87,Logistic regression,normal_bonferroni,0.0010353999969083816
1.0,0.0,0.0,0,16,1.0,1.0,5,0.012130539470326107,87,Logistic regression,multiplier,0.0029127999951015227
1.0,0.0,0.0,0,16,1.0,1.0,5,0.012130539470326107,87,Logistic regression,exact_bonferroni,0.000930599999264814
1.0,0.0,0.0,0,16,1.0,1.0,5,0.012130539470326107,87,Logistic regression,hoeffding,0.0003077000001212582
1.0,0.0,0.0,0,16,1.0,1.0,5,0.012130539470326107,87,Logistic regression,holm,0.0005452000041259453
1.0,0.0625,0.0,1,16,1.0,1.0,0,0.011933650528548195,87,HistGradientBoosting,normal_bonferroni,0.0006640999999945052
1.0,0.0625,0.0,1,16,1.0,1.0,0,0.011933650528548195,87,HistGradientBoosting,multiplier,0.002463600001647137
1.0,0.0625,0.0,1,16,1.0,1.0,0,0.011933650528548195,87,HistGradientBoosting,exact_bonferroni,0.0008298999964608811
1.0,0.0,0.0,0,16,1.0,1.0,0,0.011933650528548195,87,HistGradientBoosting,hoeffding,0.0002762000003713183
1.0,0.0625,0.0,1,16,1.0,1.0,0,0.011933650528548195,87,HistGradientBoosting,holm,0.0004685000021709129
1.0,0.0,0.0,0,16,1.0,1.0,5,0.01212340054439498,88,Logistic regression,normal_bonferroni,0.0008279999965452589
1.0,0.0625,0.0,1,16,1.0,1.0,5,0.01212340054439498,88,Logistic regression,multiplier,0.002093700000841636
1.0,0.0,0.0,0,16,1.0,1.0,5,0.01212340054439498,88,Logistic regression,exact_bonferroni,0.0005756000027759001
1.0,0.0,0.0,0,16,1.0,1.0,5,0.01212340054439498,88,Logistic regression,hoeffding,0.00041200000123353675
1.0,0.0,0.0,0,16,1.0,1.0,5,0.01212340054439498,88,Logistic regression,holm,0.0006311000033747405
1.0,0.4375,0.0,7,16,1.0,1.0,0,0.011985595824086731,88,HistGradientBoosting,normal_bonferroni,0.00039670000114711
1.0,0.4375,0.0,7,16,1.0,1.0,0,0.011985595824086731,88,HistGradientBoosting,multiplier,0.0014363000009325333
1.0,0.375,0.0,6,16,1.0,1.0,0,0.011985595824086731,88,HistGradientBoosting,exact_bonferroni,0.0005131999932928011
1.0,0.125,0.0,2,16,1.0,1.0,0,0.011985595824086731,88,HistGradientBoosting,hoeffding,0.00015420000272570178
1.0,0.4375,0.0,7,16,1.0,1.0,0,0.011985595824086731,88,HistGradientBoosting,holm,0.00027270000282442197
1.0,0.625,0.0,10,16,0.0,1.0,5,0.012131794821099634,89,Logistic regression,normal_bonferroni,0.0004046000030939467
1.0,0.625,0.0,10,16,0.0,1.0,5,0.012131794821099634,89,Logistic regression,multiplier,0.0013934000016888604
1.0,0.5625,0.0,9,16,0.0,1.0,5,0.012131794821099634,89,Logistic regression,exact_bonferroni,0.0006996999945840798
1.0,0.25,0.0,4,16,1.0,1.0,5,0.012131794821099634,89,Logistic regression,hoeffding,0.00016069999401224777
1.0,0.625,0.0,10,16,0.0,1.0,5,0.012131794821099634,89,Logistic regression,holm,0.00027540000155568123
1.0,1.0,0.0,16,16,1.0,1.0,0,0.011934620278885893,89,HistGradientBoosting,normal_bonferroni,0.0007294000024558045
1.0,1.0,0.0,16,16,1.0,1.0,0,0.011934620278885893,89,HistGradientBoosting,multiplier,0.0026254999975208193
1.0,1.0,0.0,16,16,1.0,1.0,0,0.011934620278885893,89,HistGradientBoosting,exact_bonferroni,0.0009000999998534098
1.0,0.8125,0.0,13,16,1.0,1.0,0,0.011934620278885893,89,HistGradientBoosting,hoeffding,0.00029940000240458176
1.0,1.0,0.0,16,16,1.0,1.0,0,0.011934620278885893,89,HistGradientBoosting,holm,0.0004996999996365048
1.0,0.6875,0.0,11,16,1.0,1.0,1,0.012091390712830635,90,Logistic regression,normal_bonferroni,0.000771400002122391
1.0,0.875,0.0,14,16,0.0,1.0,1,0.012091390712830635,90,Logistic regression,multiplier,0.0026636999973561615
1.0,0.625,0.0,10,16,1.0,1.0,1,0.012091390712830635,90,Logistic regression,exact_bonferroni,0.0008651000025565736
1.0,0.3125,0.0,5,16,1.0,1.0,1,0.012091390712830635,90,Logistic regression,hoeffding,0.00029399999766610563
1.0,1.0,0.0,16,16,0.0,1.0,1,0.012091390712830635,90,Logistic regression,holm,0.0005299000040395185
1.0,1.0,0.0,16,16,1.0,1.0,0,0.011917069129102648,90,HistGradientBoosting,normal_bonferroni,0.0007382000039797276
1.0,1.0,0.0,16,16,1.0,1.0,0,0.011917069129102648,90,HistGradientBoosting,multiplier,0.002812199993059039
1.0,0.9375,0.0,15,16,1.0,1.0,0,0.011917069129102648,90,HistGradientBoosting,exact_bonferroni,0.0008340999993379228
1.0,0.8125,0.0,13,16,1.0,1.0,0,0.011917069129102648,90,HistGradientBoosting,hoeffding,0.0002789999998640269
1.0,1.0,0.0,16,16,1.0,1.0,0,0.011917069129102648,90,HistGradientBoosting,holm,0.0004833999992115423
1.0,0.0,0.0,0,16,1.0,1.0,1,0.012082712502656134,91,Logistic regression,normal_bonferroni,0.0007365999990724958
1.0,0.0,0.0,0,16,1.0,1.0,1,0.012082712502656134,91,Logistic regression,multiplier,0.002619700004288461
1.0,0.0,0.0,0,16,1.0,1.0,1,0.012082712502656134,91,Logistic regression,exact_bonferroni,0.0008678999947733246
1.0,0.0,0.0,0,16,1.0,1.0,1,0.012082712502656134,91,Logistic regression,hoeffding,0.0003069000013056211
1.0,0.0,0.0,0,16,1.0,1.0,1,0.012082712502656134,91,Logistic regression,holm,0.0005143000016687438
1.0,0.375,0.0,6,16,1.0,1.0,0,0.011952448238259805,91,HistGradientBoosting,normal_bonferroni,0.0007879000040702522
1.0,0.4375,0.0,7,16,1.0,1.0,0,0.011952448238259805,91,HistGradientBoosting,multiplier,0.0025737000032677315
1.0,0.375,0.0,6,16,1.0,1.0,0,0.011952448238259805,91,HistGradientBoosting,exact_bonferroni,0.0008240000024670735
1.0,0.0625,0.0,1,16,1.0,1.0,0,0.011952448238259805,91,HistGradientBoosting,hoeffding,0.0003001000004587695
1.0,0.375,0.0,6,16,1.0,1.0,0,0.011952448238259805,91,HistGradientBoosting,holm,0.0004737999988719821
1.0,0.0,0.0,0,16,1.0,1.0,1,0.012080533557743939,92,Logistic regression,normal_bonferroni,0.0007063000011839904
1.0,0.125,0.0,2,16,1.0,1.0,1,0.012080533557743939,92,Logistic regression,multiplier,0.0026178999978583306
1.0,0.0,0.0,0,16,1.0,1.0,1,0.012080533557743939,92,Logistic regression,exact_bonferroni,0.0005579999997280538
1.0,0.0,0.0,0,16,1.0,1.0,1,0.012080533557743939,92,Logistic regression,hoeffding,0.0002889000024879351
1.0,0.0,0.0,0,16,1.0,1.0,1,0.012080533557743939,92,Logistic regression,holm,0.0005209000009926967
1.0,0.875,0.0,14,16,1.0,1.0,0,0.011919029271108855,92,HistGradientBoosting,normal_bonferroni,0.0006675999975414015
1.0,1.0,0.0,16,16,1.0,1.0,0,0.011919029271108855,92,HistGradientBoosting,multiplier,0.002340400002140086
1.0,0.875,0.0,14,16,1.0,1.0,0,0.011919029271108855,92,HistGradientBoosting,exact_bonferroni,0.0008023999980650842
1.0,0.75,0.0,12,16,1.0,1.0,0,0.011919029271108855,92,HistGradientBoosting,hoeffding,0.00026529999740887433
1.0,1.0,0.0,16,16,1.0,1.0,0,0.011919029271108855,92,HistGradientBoosting,holm,0.0004627999951480888
1.0,0.1875,0.0,3,16,1.0,1.0,1,0.012080097317504618,93,Logistic regression,normal_bonferroni,0.0008125999956973828
1.0,0.25,0.0,4,16,1.0,1.0,1,0.012080097317504618,93,Logistic regression,multiplier,0.0023801999996067025
1.0,0.125,0.0,2,16,1.0,1.0,1,0.012080097317504618,93,Logistic regression,exact_bonferroni,0.0009550999966450036
1.0,0.0625,0.0,1,16,1.0,1.0,1,0.012080097317504618,93,Logistic regression,hoeffding,0.0003319000024930574
1.0,0.125,0.0,2,16,1.0,1.0,1,0.012080097317504618,93,Logistic regression,holm,0.0005430999954114668
1.0,0.5625,0.0,9,16,1.0,1.0,0,0.011953884415325411,93,HistGradientBoosting,normal_bonferroni,0.000858300001709722
1.0,0.625,0.0,10,16,1.0,1.0,0,0.011953884415325411,93,HistGradientBoosting,multiplier,0.0030325999978231266
1.0,0.5625,0.0,9,16,1.0,1.0,0,0.011953884415325411,93,HistGradientBoosting,exact_bonferroni,0.0009571000045980327
1.0,0.4375,0.0,7,16,1.0,1.0,0,0.011953884415325411,93,HistGradientBoosting,hoeffding,0.00033379999513272196
1.0,0.5625,0.0,9,16,1.0,1.0,0,0.011953884415325411,93,HistGradientBoosting,holm,0.0005802000014227815
1.0,0.0,0.0,0,16,1.0,1.0,2,0.012121714548356699,94,Logistic regression,normal_bonferroni,0.000909099995624274
1.0,0.0,0.0,0,16,1.0,1.0,2,0.012121714548356699,94,Logistic regression,multiplier,0.003809399997408036
1.0,0.0,0.0,0,16,1.0,1.0,2,0.012121714548356699,94,Logistic regression,exact_bonferroni,0.0014217999996617436
1.0,0.0,0.0,0,16,1.0,1.0,2,0.012121714548356699,94,Logistic regression,hoeffding,0.0004377000004751608
1.0,0.0,0.0,0,16,1.0,1.0,2,0.012121714548356699,94,Logistic regression,holm,0.0007774999976390973
1.0,0.5625,0.0,9,16,1.0,1.0,0,0.011872300588983947,94,HistGradientBoosting,normal_bonferroni,0.0007149999946705066
1.0,0.6875,0.0,11,16,1.0,1.0,0,0.011872300588983947,94,HistGradientBoosting,multiplier,0.002403599995886907
1.0,0.5625,0.0,9,16,1.0,1.0,0,0.011872300588983947,94,HistGradientBoosting,exact_bonferroni,0.0008135000025504269
1.0,0.125,0.0,2,16,1.0,1.0,0,0.011872300588983947,94,HistGradientBoosting,hoeffding,0.0003436999977566302
1.0,0.625,0.0,10,16,1.0,1.0,0,0.011872300588983947,94,HistGradientBoosting,holm,0.0006050000010873191
1.0,0.25,0.0,4,16,1.0,1.0,3,0.01210814072412597,95,Logistic regression,normal_bonferroni,0.0007251999995787628
1.0,0.4375,0.0,7,16,1.0,1.0,3,0.01210814072412597,95,Logistic regression,multiplier,0.002697800002351869
1.0,0.1875,0.0,3,16,1.0,1.0,3,0.01210814072412597,95,Logistic regression,exact_bonferroni,0.0007170999961090274
1.0,0.0,0.0,0,16,1.0,1.0,3,0.01210814072412597,95,Logistic regression,hoeffding,0.0002590999938547611
1.0,0.25,0.0,4,16,1.0,1.0,3,0.01210814072412597,95,Logistic regression,holm,0.00045280000631464645
1.0,1.0,0.0,16,16,1.0,1.0,0,0.011857093137779023,95,HistGradientBoosting,normal_bonferroni,0.0006894000034662895
1.0,1.0,0.0,16,16,1.0,1.0,0,0.011857093137779023,95,HistGradientBoosting,multiplier,0.0024246999964816496
1.0,1.0,0.0,16,16,1.0,1.0,0,0.011857093137779023,95,HistGradientBoosting,exact_bonferroni,0.0005166000046301633
1.0,0.8125,0.0,13,16,1.0,1.0,0,0.011857093137779023,95,HistGradientBoosting,hoeffding,0.00016969999705906957
1.0,1.0,0.0,16,16,1.0,1.0,0,0.011857093137779023,95,HistGradientBoosting,holm,0.00029429999995045364
1.0,0.125,0.0,2,16,1.0,1.0,0,0.012066058099063831,96,Logistic regression,normal_bonferroni,0.0007918999981484376
1.0,0.125,0.0,2,16,1.0,1.0,0,0.012066058099063831,96,Logistic regression,multiplier,0.002736800001002848
1.0,0.125,0.0,2,16,1.0,1.0,0,0.012066058099063831,96,Logistic regression,exact_bonferroni,0.000928300003579352
1.0,0.0,0.0,0,16,1.0,1.0,0,0.012066058099063831,96,Logistic regression,hoeffding,0.00029409999842755497
1.0,0.125,0.0,2,16,1.0,1.0,0,0.012066058099063831,96,Logistic regression,holm,0.0004989000008208677
1.0,0.25,0.0,4,16,1.0,1.0,0,0.01189534178564261,96,HistGradientBoosting,normal_bonferroni,0.0008651000025565736
1.0,0.3125,0.0,5,16,1.0,1.0,0,0.01189534178564261,96,HistGradientBoosting,multiplier,0.003023000004759524
1.0,0.25,0.0,4,16,1.0,1.0,0,0.01189534178564261,96,HistGradientBoosting,exact_bonferroni,0.0009877000047708862
1.0,0.0625,0.0,1,16,1.0,1.0,0,0.01189534178564261,96,HistGradientBoosting,hoeffding,0.00032530000316910446
1.0,0.25,0.0,4,16,1.0,1.0,0,0.01189534178564261,96,HistGradientBoosting,holm,0.0005600000004051253
1.0,0.0,0.0,0,16,1.0,1.0,2,0.012084018065163626,97,Logistic regression,normal_bonferroni,0.0007960999937495217
1.0,0.0,0.0,0,16,1.0,1.0,2,0.012084018065163626,97,Logistic regression,multiplier,0.002681099998881109
1.0,0.0,0.0,0,16,1.0,1.0,2,0.012084018065163626,97,Logistic regression,exact_bonferroni,0.0010496000031707808
1.0,0.0,0.0,0,16,1.0,1.0,2,0.012084018065163626,97,Logistic regression,hoeffding,0.00034949999826494604
1.0,0.0,0.0,0,16,1.0,1.0,2,0.012084018065163626,97,Logistic regression,holm,0.0005120999994687736
1.0,0.5625,0.0,9,16,1.0,1.0,0,0.011904761377568046,97,HistGradientBoosting,normal_bonferroni,0.0007391999970423058
1.0,0.6875,0.0,11,16,1.0,1.0,0,0.011904761377568046,97,HistGradientBoosting,multiplier,0.0029451000009430572
1.0,0.5625,0.0,9,16,1.0,1.0,0,0.011904761377568046,97,HistGradientBoosting,exact_bonferroni,0.001031799998600036
1.0,0.25,0.0,4,16,1.0,1.0,0,0.011904761377568046,97,HistGradientBoosting,hoeffding,0.0003519000019878149
1.0,0.625,0.0,10,16,1.0,1.0,0,0.011904761377568046,97,HistGradientBoosting,holm,0.0006988999957684427
1.0,0.0,0.0,0,16,1.0,1.0,2,0.012106433249034376,98,Logistic regression,normal_bonferroni,0.0007914000016171485
1.0,0.0,0.0,0,16,1.0,1.0,2,0.012106433249034376,98,Logistic regression,multiplier,0.003082199997152202
1.0,0.0,0.0,0,16,1.0,1.0,2,0.012106433249034376,98,Logistic regression,exact_bonferroni,0.0010406999936094508
1.0,0.0,0.0,0,16,1.0,1.0,2,0.012106433249034376,98,Logistic regression,hoeffding,0.00034530000266386196
1.0,0.0,0.0,0,16,1.0,1.0,2,0.012106433249034376,98,Logistic regression,holm,0.0005381000009947456
1.0,0.4375,0.0,7,16,1.0,1.0,0,0.011823131845674573,98,HistGradientBoosting,normal_bonferroni,0.0007444000002578832
1.0,0.5625,0.0,9,16,1.0,1.0,0,0.011823131845674573,98,HistGradientBoosting,multiplier,0.002570600001490675
1.0,0.375,0.0,6,16,1.0,1.0,0,0.011823131845674573,98,HistGradientBoosting,exact_bonferroni,0.0008219000010285527
1.0,0.0625,0.0,1,16,1.0,1.0,0,0.011823131845674573,98,HistGradientBoosting,hoeffding,0.0003069000013056211
1.0,0.5,0.0,8,16,1.0,1.0,0,0.011823131845674573,98,HistGradientBoosting,holm,0.0007773999968776479
1.0,0.0,0.0,0,16,1.0,1.0,1,0.012084018065163626,99,Logistic regression,normal_bonferroni,0.0007076999972923659
1.0,0.0625,0.0,1,16,1.0,1.0,1,0.012084018065163626,99,Logistic regression,multiplier,0.002594500001578126
1.0,0.0,0.0,0,16,1.0,1.0,1,0.012084018065163626,99,Logistic regression,exact_bonferroni,0.0008516000016243197
1.0,0.0,0.0,0,16,1.0,1.0,1,0.012084018065163626,99,Logistic regression,hoeffding,0.00029289999656612054
1.0,0.0,0.0,0,16,1.0,1.0,1,0.012084018065163626,99,Logistic regression,holm,0.0004933000018354505
1.0,0.8125,0.0,13,16,1.0,1.0,0,0.01195913844490648,99,HistGradientBoosting,normal_bonferroni,0.0007246000022860244
1.0,0.9375,0.0,15,16,1.0,1.0,0,0.01195913844490648,99,HistGradientBoosting,multiplier,0.002545700001064688
1.0,0.8125,0.0,13,16,1.0,1.0,0,0.01195913844490648,99,HistGradientBoosting,exact_bonferroni,0.0009864000021480024
1.0,0.4375,0.0,7,16,1.0,1.0,0,0.01195913844490648,99,HistGradientBoosting,hoeffding,0.0002930999980890192
1.0,1.0,0.0,16,16,1.0,1.0,0,0.01195913844490648,99,HistGradientBoosting,holm,0.0005340999996406026
1.0,0.25,0.0,4,16,1.0,1.0,2,0.012105151073280501,100,Logistic regression,normal_bonferroni,0.000778000001446344
1.0,0.25,0.0,4,16,1.0,1.0,2,0.012105151073280501,100,Logistic regression,multiplier,0.0026737999942270108
1.0,0.1875,0.0,3,16,1.0,1.0,2,0.012105151073280501,100,Logistic regression,exact_bonferroni,0.0008744000006117858
1.0,0.0,0.0,0,16,1.0,1.0,2,0.012105151073280501,100,Logistic regression,hoeffding,0.0002928000030806288
1.0,0.1875,0.0,3,16,1.0,1.0,2,0.012105151073280501,100,Logistic regression,holm,0.0004880999986198731
1.0,0.4375,0.0,7,16,1.0,1.0,0,0.012010190807154347,100,HistGradientBoosting,normal_bonferroni,0.0010565000047790818
1.0,0.4375,0.0,7,16,1.0,1.0,0,0.012010190807154347,100,HistGradientBoosting,multiplier,0.002748500002780929
1.0,0.375,0.0,6,16,1.0,1.0,0,0.012010190807154347,100,HistGradientBoosting,exact_bonferroni,0.001035799999954179
1.0,0.0625,0.0,1,16,1.0,1.0,0,0.012010190807154347,100,HistGradientBoosting,hoeffding,0.0003043000033358112
1.0,0.4375,0.0,7,16,1.0,1.0,0,0.012010190807154347,100,HistGradientBoosting,holm,0.0004898999977740459
1.0,0.0,0.0,0,16,1.0,1.0,0,0.012059424026559795,101,Logistic regression,normal_bonferroni,0.0008648000002722256
1.0,0.25,0.0,4,16,1.0,1.0,0,0.012059424026559795,101,Logistic regression,multiplier,0.0030841999978292733
1.0,0.0,0.0,0,16,1.0,1.0,0,0.012059424026559795,101,Logistic regression,exact_bonferroni,0.0010203000056208111
1.0,0.0,0.0,0,16,1.0,1.0,0,0.012059424026559795,101,Logistic regression,hoeffding,0.0003682000024127774
1.0,0.0,0.0,0,16,1.0,1.0,0,0.012059424026559795,101,Logistic regression,holm,0.0005509999973583035
1.0,0.75,0.0,12,16,1.0,1.0,0,0.01191264963898725,101,HistGradientBoosting,normal_bonferroni,0.0006754999994882382
1.0,0.75,0.0,12,16,1.0,1.0,0,0.01191264963898725,101,HistGradientBoosting,multiplier,0.002418500000203494
1.0,0.5625,0.0,9,16,1.0,1.0,0,0.01191264963898725,101,HistGradientBoosting,exact_bonferroni,0.0007916999966255389
1.0,0.5,0.0,8,16,1.0,1.0,0,0.01191264963898725,101,HistGradientBoosting,hoeffding,0.0002651000031619333
1.0,0.75,0.0,12,16,1.0,1.0,0,0.01191264963898725,101,HistGradientBoosting,holm,0.00045390000013867393
1.0,0.0,0.0,0,16,1.0,1.0,1,0.012088360172482548,102,Logistic regression,normal_bonferroni,0.0008357999977306463
1.0,0.0,0.0,0,16,1.0,1.0,1,0.012088360172482548,102,Logistic regression,multiplier,0.0027248999977018684
1.0,0.0,0.0,0,16,1.0,1.0,1,0.012088360172482548,102,Logistic regression,exact_bonferroni,0.0008784000019659288
1.0,0.0,0.0,0,16,1.0,1.0,1,0.012088360172482548,102,Logistic regression,hoeffding,0.00031409999792231247
1.0,0.0,0.0,0,16,1.0,1.0,1,0.012088360172482548,102,Logistic regression,holm,0.0005170999938854948
1.0,0.1875,0.0,3,16,1.0,1.0,0,0.011886865510436079,102,HistGradientBoosting,normal_bonferroni,0.0006902000022819266
1.0,0.25,0.0,4,16,1.0,1.0,0,0.011886865510436079,102,HistGradientBoosting,multiplier,0.0024694999956409447
1.0,0.125,0.0,2,16,1.0,1.0,0,0.011886865510436079,102,HistGradientBoosting,exact_bonferroni,0.0008447000000160187
1.0,0.0,0.0,0,16,1.0,1.0,0,0.011886865510436079,102,HistGradientBoosting,hoeffding,0.0002826999989338219
1.0,0.125,0.0,2,16,1.0,1.0,0,0.011886865510436079,102,HistGradientBoosting,holm,0.000473300002340693
1.0,0.0,0.0,0,16,1.0,1.0,0,0.012057649196001607,103,Logistic regression,normal_bonferroni,0.0013804000045638531
1.0,0.0,0.0,0,16,1.0,1.0,0,0.012057649196001607,103,Logistic regression,multiplier,0.002254699997138232
1.0,0.0,0.0,0,16,1.0,1.0,0,0.012057649196001607,103,Logistic regression,exact_bonferroni,0.0009252000018022954
1.0,0.0,0.0,0,16,1.0,1.0,0,0.012057649196001607,103,Logistic regression,hoeffding,0.0002925000007962808
1.0,0.0,0.0,0,16,1.0,1.0,0,0.012057649196001607,103,Logistic regression,holm,0.0005006000064895488
1.0,0.6875,0.0,11,16,1.0,1.0,0,0.011881858151867541,103,HistGradientBoosting,normal_bonferroni,0.0006369000038830563
1.0,0.6875,0.0,11,16,1.0,1.0,0,0.011881858151867541,103,HistGradientBoosting,multiplier,0.0023663999963901006
1.0,0.6875,0.0,11,16,1.0,1.0,0,0.011881858151867541,103,HistGradientBoosting,exact_bonferroni,0.0008918000021367334
1.0,0.1875,0.0,3,16,1.0,1.0,0,0.011881858151867541,103,HistGradientBoosting,hoeffding,0.00027630000113276765
1.0,0.6875,0.0,11,16,1.0,1.0,0,0.011881858151867541,103,HistGradientBoosting,holm,0.0004861999987042509
1.0,0.3125,0.0,5,16,1.0,1.0,1,0.012085322274879101,104,Logistic regression,normal_bonferroni,0.0008041999972192571
1.0,0.4375,0.0,7,16,1.0,1.0,1,0.012085322274879101,104,Logistic regression,multiplier,0.0024431999991065823
1.0,0.1875,0.0,3,16,1.0,1.0,1,0.012085322274879101,104,Logistic regression,exact_bonferroni,0.0005720999979530461
1.0,0.125,0.0,2,16,1.0,1.0,1,0.012085322274879101,104,Logistic regression,hoeffding,0.00016850000247359276
1.0,0.1875,0.0,3,16,1.0,1.0,1,0.012085322274879101,104,Logistic regression,holm,0.0003876999981002882
1.0,0.5,0.0,8,16,1.0,1.0,0,0.012016615680588844,104,HistGradientBoosting,normal_bonferroni,0.0008062999986577779
1.0,0.5625,0.0,9,16,1.0,1.0,0,0.012016615680588844,104,HistGradientBoosting,multiplier,0.005681200003891718
1.0,0.5,0.0,8,16,1.0,1.0,0,0.012016615680588844,104,HistGradientBoosting,exact_bonferroni,0.001466699999582488
1.0,0.1875,0.0,3,16,1.0,1.0,0,0.012016615680588844,104,HistGradientBoosting,hoeffding,0.00036689999978989363
1.0,0.5625,0.0,9,16,1.0,1.0,0,0.012016615680588844,104,HistGradientBoosting,holm,0.0005835000047227368
1.0,0.0,0.0,0,16,1.0,1.0,3,0.012110271706342324,105,Logistic regression,normal_bonferroni,0.0007178000014391728
1.0,0.0,0.0,0,16,1.0,1.0,3,0.012110271706342324,105,Logistic regression,multiplier,0.0025267000019084662
1.0,0.0,0.0,0,16,1.0,1.0,3,0.012110271706342324,105,Logistic regression,exact_bonferroni,0.0008211000022129156
1.0,0.0,0.0,0,16,1.0,1.0,3,0.012110271706342324,105,Logistic regression,hoeffding,0.00028619999648071826
1.0,0.0,0.0,0,16,1.0,1.0,3,0.012110271706342324,105,Logistic regression,holm,0.00048239999887300655
1.0,0.8125,0.0,13,16,1.0,1.0,0,0.011913632845736627,105,HistGradientBoosting,normal_bonferroni,0.000844300004246179
1.0,1.0,0.0,16,16,1.0,1.0,0,0.011913632845736627,105,HistGradientBoosting,multiplier,0.0027589000019361265
1.0,0.8125,0.0,13,16,1.0,1.0,0,0.011913632845736627,105,HistGradientBoosting,exact_bonferroni,0.0006113999988883734
1.0,0.5,0.0,8,16,1.0,1.0,0,0.011913632845736627,105,HistGradientBoosting,hoeffding,0.00016689999756636098
1.0,1.0,0.0,16,16,1.0,1.0,0,0.011913632845736627,105,HistGradientBoosting,holm,0.00038180000410648063
1.0,0.25,0.0,4,16,1.0,1.0,2,0.012089659876053205,106,Logistic regression,normal_bonferroni,0.0007607000006828457
1.0,0.3125,0.0,5,16,1.0,1.0,2,0.012089659876053205,106,Logistic regression,multiplier,0.0027946999980486
1.0,0.1875,0.0,3,16,1.0,1.0,2,0.012089659876053205,106,Logistic regression,exact_bonferroni,0.0009302000034949742
1.0,0.0625,0.0,1,16,1.0,1.0,2,0.012089659876053205,106,Logistic regression,hoeffding,0.00031010000384412706
1.0,0.25,0.0,4,16,1.0,1.0,2,0.012089659876053205,106,Logistic regression,holm,0.0005563000013353303
1.0,0.9375,0.0,15,16,1.0,1.0,0,0.011857602357071145,106,HistGradientBoosting,normal_bonferroni,0.0006989999965298921
1.0,1.0,0.0,16,16,1.0,1.0,0,0.011857602357071145,106,HistGradientBoosting,multiplier,0.002466999998432584
1.0,0.9375,0.0,15,16,1.0,1.0,0,0.011857602357071145,106,HistGradientBoosting,exact_bonferroni,0.0007842000050004572
1.0,0.6875,0.0,11,16,1.0,1.0,0,0.011857602357071145,106,HistGradientBoosting,hoeffding,0.0002840000015567057
1.0,1.0,0.0,16,16,1.0,1.0,0,0.011857602357071145,106,HistGradientBoosting,holm,0.0005010999957448803
1.0,0.0,0.0,0,16,1.0,1.0,1,0.012080097317504618,107,Logistic regression,normal_bonferroni,0.0008159999997587875
1.0,0.0,0.0,0,16,1.0,1.0,1,0.012080097317504618,107,Logistic regression,multiplier,0.0030963000026531518
1.0,0.0,0.0,0,16,1.0,1.0,1,0.012080097317504618,107,Logistic regression,exact_bonferroni,0.0009380000046803616
1.0,0.0,0.0,0,16,1.0,1.0,1,0.012080097317504618,107,Logistic regression,hoeffding,0.0002784000025712885
1.0,0.0,0.0,0,16,1.0,1.0,1,0.012080097317504618,107,Logistic regression,holm,0.0005300999982864596
1.0,0.6875,0.0,11,16,1.0,1.0,0,0.01188936326608267,107,HistGradientBoosting,normal_bonferroni,0.0005691999976988882
1.0,0.75,0.0,12,16,1.0,1.0,0,0.01188936326608267,107,HistGradientBoosting,multiplier,0.002392100002907682
1.0,0.6875,0.0,11,16,1.0,1.0,0,0.01188936326608267,107,HistGradientBoosting,exact_bonferroni,0.0008296000014524907
1.0,0.4375,0.0,7,16,1.0,1.0,0,0.01188936326608267,107,HistGradientBoosting,hoeffding,0.00035710000520339236
1.0,0.6875,0.0,11,16,1.0,1.0,0,0.01188936326608267,107,HistGradientBoosting,holm,0.0005824999971082434
1.0,0.375,0.0,6,16,1.0,1.0,1,0.012089226791651086,108,Logistic regression,normal_bonferroni,0.0013108999992255121
1.0,0.5625,0.0,9,16,1.0,1.0,1,0.012089226791651086,108,Logistic regression,multiplier,0.003279399999883026
1.0,0.375,0.0,6,16,1.0,1.0,1,0.012089226791651086,108,Logistic regression,exact_bonferroni,0.0016613000043435022
1.0,0.0625,0.0,1,16,1.0,1.0,1,0.012089226791651086,108,Logistic regression,hoeffding,0.0006085999993956648
1.0,0.375,0.0,6,16,1.0,1.0,1,0.012089226791651086,108,Logistic regression,holm,0.0009284999978262931
1.0,0.5625,0.0,9,16,1.0,1.0,0,0.01193170915480371,108,HistGradientBoosting,normal_bonferroni,0.0007220999978017062
1.0,0.625,0.0,10,16,1.0,1.0,0,0.01193170915480371,108,HistGradientBoosting,multiplier,0.0025708000030135736
1.0,0.5625,0.0,9,16,1.0,1.0,0,0.01193170915480371,108,HistGradientBoosting,exact_bonferroni,0.0008524000004399568
1.0,0.125,0.0,2,16,1.0,1.0,0,0.01193170915480371,108,HistGradientBoosting,hoeffding,0.0002806000047712587
1.0,0.5625,0.0,9,16,1.0,1.0,0,0.01193170915480371,108,HistGradientBoosting,holm,0.000468699996417854
1.0,0.0625,0.0,1,16,1.0,1.0,0,0.012048738709558915,109,Logistic regression,normal_bonferroni,0.0007117999994079582
1.0,0.1875,0.0,3,16,1.0,1.0,0,0.012048738709558915,109,Logistic regression,multiplier,0.0027792999972007237
1.0,0.0,0.0,0,16,1.0,1.0,0,0.012048738709558915,109,Logistic regression,exact_bonferroni,0.0009367000020574778
1.0,0.0,0.0,0,16,1.0,1.0,0,0.012048738709558915,109,Logistic regression,hoeffding,0.0003302000041003339
1.0,0.0,0.0,0,16,1.0,1.0,0,0.012048738709558915,109,Logistic regression,holm,0.0005368999991333112
1.0,0.625,0.0,10,16,1.0,1.0,0,0.011934620278885893,109,HistGradientBoosting,normal_bonferroni,0.0007072000007610768
1.0,0.75,0.0,12,16,1.0,1.0,0,0.011934620278885893,109,HistGradientBoosting,multiplier,0.0024423000068054534
1.0,0.5,0.0,8,16,1.0,1.0,0,0.011934620278885893,109,HistGradientBoosting,exact_bonferroni,0.0008144000021275133
1.0,0.25,0.0,4,16,1.0,1.0,0,0.011934620278885893,109,HistGradientBoosting,hoeffding,0.000280100000964012
1.0,0.8125,0.0,13,16,1.0,1.0,0,0.011934620278885893,109,HistGradientBoosting,holm,0.0005113000006531365
1.0,0.0,0.0,0,16,1.0,1.0,2,0.012089226791651086,110,Logistic regression,normal_bonferroni,0.000447300000814721
1.0,0.0,0.0,0,16,1.0,1.0,2,0.012089226791651086,110,Logistic regression,multiplier,0.0025414000047021545
1.0,0.0,0.0,0,16,1.0,1.0,2,0.012089226791651086,110,Logistic regression,exact_bonferroni,0.0009585000007064082
1.0,0.0,0.0,0,16,1.0,1.0,2,0.012089226791651086,110,Logistic regression,hoeffding,0.0003136999948765151
1.0,0.0,0.0,0,16,1.0,1.0,2,0.012089226791651086,110,Logistic regression,holm,0.0005169999931240454
1.0,0.625,0.0,10,16,1.0,1.0,0,0.011892853495657052,110,HistGradientBoosting,normal_bonferroni,0.0009787000017240644
1.0,0.6875,0.0,11,16,1.0,1.0,0,0.011892853495657052,110,HistGradientBoosting,multiplier,0.0031983000008040108
1.0,0.5625,0.0,9,16,1.0,1.0,0,0.011892853495657052,110,HistGradientBoosting,exact_bonferroni,0.0011233999975956976
1.0,0.25,0.0,4,16,1.0,1.0,0,0.011892853495657052,110,HistGradientBoosting,hoeffding,0.00038700000004610047
1.0,0.6875,0.0,11,16,1.0,1.0,0,0.011892853495657052,110,HistGradientBoosting,holm,0.0006561999980476685
1.0,0.0,0.0,0,16,1.0,1.0,3,0.01213513588862819,111,Logistic regression,normal_bonferroni,0.0008091999989119358
1.0,0.0625,0.0,1,16,1.0,1.0,3,0.01213513588862819,111,Logistic regression,multiplier,0.003031200001714751
1.0,0.0,0.0,0,16,1.0,1.0,3,0.01213513588862819,111,Logistic regression,exact_bonferroni,0.0009801999985938892
1.0,0.0,0.0,0,16,1.0,1.0,3,0.01213513588862819,111,Logistic regression,hoeffding,0.0003333999993628822
1.0,0.0,0.0,0,16,1.0,1.0,3,0.01213513588862819,111,Logistic regression,holm,0.0005488000024342909
1.0,0.3125,0.0,5,16,1.0,1.0,0,0.011975259646210601,111,HistGradientBoosting,normal_bonferroni,0.0008242000039899722
1.0,0.375,0.0,6,16,1.0,1.0,0,0.011975259646210601,111,HistGradientBoosting,multiplier,0.002711900000576861
1.0,0.3125,0.0,5,16,1.0,1.0,0,0.011975259646210601,111,HistGradientBoosting,exact_bonferroni,0.0010450000045238994
1.0,0.0625,0.0,1,16,1.0,1.0,0,0.011975259646210601,111,HistGradientBoosting,hoeffding,0.000374700000975281
1.0,0.3125,0.0,5,16,1.0,1.0,0,0.011975259646210601,111,HistGradientBoosting,holm,0.0005759999985457398
1.0,0.0,0.0,0,16,1.0,1.0,6,0.01213638633968303,112,Logistic regression,normal_bonferroni,0.0008128000044962391
1.0,0.0,0.0,0,16,1.0,1.0,6,0.01213638633968303,112,Logistic regression,multiplier,0.002728799998294562
1.0,0.0,0.0,0,16,1.0,1.0,6,0.01213638633968303,112,Logistic regression,exact_bonferroni,0.0009081999960471876
1.0,0.0,0.0,0,16,1.0,1.0,6,0.01213638633968303,112,Logistic regression,hoeffding,0.00033409999741706997
1.0,0.0,0.0,0,16,1.0,1.0,6,0.01213638633968303,112,Logistic regression,holm,0.0005282999991322868
1.0,0.75,0.0,12,16,1.0,1.0,0,0.011979967164315514,112,HistGradientBoosting,normal_bonferroni,0.0007178000014391728
1.0,0.9375,0.0,15,16,1.0,1.0,0,0.011979967164315514,112,HistGradientBoosting,multiplier,0.002546999996411614
1.0,0.6875,0.0,11,16,1.0,1.0,0,0.011979967164315514,112,HistGradientBoosting,exact_bonferroni,0.0007632999986526556
1.0,0.3125,0.0,5,16,1.0,1.0,0,0.011979967164315514,112,HistGradientBoosting,hoeffding,0.00027770000451710075
1.0,0.9375,0.0,15,16,1.0,1.0,0,0.011979967164315514,112,HistGradientBoosting,holm,0.0004124999977648258
1.0,0.0,0.0,0,16,1.0,1.0,2,0.0120957073045799,113,Logistic regression,normal_bonferroni,0.0007474000012734905
1.0,0.0,0.0,0,16,1.0,1.0,2,0.0120957073045799,113,Logistic regression,multiplier,0.002710300002945587
1.0,0.0,0.0,0,16,1.0,1.0,2,0.0120957073045799,113,Logistic regression,exact_bonferroni,0.0012312000035308301
1.0,0.0,0.0,0,16,1.0,1.0,2,0.0120957073045799,113,Logistic regression,hoeffding,0.0004889999981969595
1.0,0.0,0.0,0,16,1.0,1.0,2,0.0120957073045799,113,Logistic regression,holm,0.0005600000004051253
1.0,0.4375,0.0,7,16,1.0,1.0,0,0.011965323562277558,113,HistGradientBoosting,normal_bonferroni,0.0007170999961090274
1.0,0.625,0.0,10,16,1.0,1.0,0,0.011965323562277558,113,HistGradientBoosting,multiplier,0.002602100001240615
1.0,0.4375,0.0,7,16,1.0,1.0,0,0.011965323562277558,113,HistGradientBoosting,exact_bonferroni,0.0008805999968899414
1.0,0.1875,0.0,3,16,1.0,1.0,0,0.011965323562277558,113,HistGradientBoosting,hoeffding,0.00031969999690772966
1.0,0.4375,0.0,7,16,1.0,1.0,0,0.011965323562277558,113,HistGradientBoosting,holm,0.0005451000033644959
1.0,0.0,0.0,0,16,1.0,1.0,2,0.012117065771218849,114,Logistic regression,normal_bonferroni,0.0009112999978242442
1.0,0.0625,0.0,1,16,1.0,1.0,2,0.012117065771218849,114,Logistic regression,multiplier,0.001648199999181088
1.0,0.0,0.0,0,16,1.0,1.0,2,0.012117065771218849,114,Logistic regression,exact_bonferroni,0.0006364000000758097
1.0,0.0,0.0,0,16,1.0,1.0,2,0.012117065771218849,114,Logistic regression,hoeffding,0.0003100000030826777
1.0,0.0,0.0,0,16,1.0,1.0,2,0.012117065771218849,114,Logistic regression,holm,0.0005227000001468696
1.0,0.1875,0.0,3,16,1.0,1.0,0,0.011888864030694418,114,HistGradientBoosting,normal_bonferroni,0.0009694000036688522
1.0,0.25,0.0,4,16,1.0,1.0,0,0.011888864030694418,114,HistGradientBoosting,multiplier,0.00326879999920493
1.0,0.1875,0.0,3,16,1.0,1.0,0,0.011888864030694418,114,HistGradientBoosting,exact_bonferroni,0.0011497000014060177
1.0,0.0625,0.0,1,16,1.0,1.0,0,0.011888864030694418,114,HistGradientBoosting,hoeffding,0.0003892999957315624
1.0,0.1875,0.0,3,16,1.0,1.0,0,0.011888864030694418,114,HistGradientBoosting,holm,0.0006534999993164092
1.0,0.0,0.0,0,16,1.0,1.0,2,0.012091823046897016,115,Logistic regression,normal_bonferroni,0.0009018000055220909
1.0,0.0,0.0,0,16,1.0,1.0,2,0.012091823046897016,115,Logistic regression,multiplier,0.0030880000049364753
1.0,0.0,0.0,0,16,1.0,1.0,2,0.012091823046897016,115,Logistic regression,exact_bonferroni,0.001035799999954179
1.0,0.0,0.0,0,16,1.0,1.0,2,0.012091823046897016,115,Logistic regression,hoeffding,0.00035290000232635066
1.0,0.0,0.0,0,16,1.0,1.0,2,0.012091823046897016,115,Logistic regression,holm,0.0006026999981258996
1.0,0.25,0.0,4,16,1.0,1.0,0,0.011879348543940488,115,HistGradientBoosting,normal_bonferroni,0.0007153999977163039
1.0,0.4375,0.0,7,16,1.0,1.0,0,0.011879348543940488,115,HistGradientBoosting,multiplier,0.0023729999957140535
1.0,0.25,0.0,4,16,1.0,1.0,0,0.011879348543940488,115,HistGradientBoosting,exact_bonferroni,0.0015586999943479896
1.0,0.0,0.0,0,16,1.0,1.0,0,0.011879348543940488,115,HistGradientBoosting,hoeffding,0.0006616000027861446
1.0,0.25,0.0,4,16,1.0,1.0,0,0.011879348543940488,115,HistGradientBoosting,holm,0.0006196000031195581
1.0,0.0,0.0,0,16,1.0,1.0,2,0.012120448487833724,116,Logistic regression,normal_bonferroni,0.0009430999998585321
1.0,0.0625,0.0,1,16,1.0,1.0,2,0.012120448487833724,116,Logistic regression,multiplier,0.0032760999965830706
1.0,0.0,0.0,0,16,1.0,1.0,2,0.012120448487833724,116,Logistic regression,exact_bonferroni,0.001134400001319591
1.0,0.0,0.0,0,16,1.0,1.0,2,0.012120448487833724,116,Logistic regression,hoeffding,0.00028929999825777486
1.0,0.0,0.0,0,16,1.0,1.0,2,0.012120448487833724,116,Logistic regression,holm,0.0003100000030826777
1.0,0.375,0.0,6,16,1.0,1.0,0,0.011928305738137135,116,HistGradientBoosting,normal_bonferroni,0.0006523999982164241
1.0,0.5,0.0,8,16,1.0,1.0,0,0.011928305738137135,116,HistGradientBoosting,multiplier,0.0019441000040387735
1.0,0.3125,0.0,5,16,1.0,1.0,0,0.011928305738137135,116,HistGradientBoosting,exact_bonferroni,0.0014044999988982454
1.0,0.0625,0.0,1,16,1.0,1.0,0,0.011928305738137135,116,HistGradientBoosting,hoeffding,0.0003088000012212433
1.0,0.375,0.0,6,16,1.0,1.0,0,0.011928305738137135,116,HistGradientBoosting,holm,0.0005329000050551258
1.0,0.0,0.0,0,16,1.0,1.0,1,0.012119181086704761,117,Logistic regression,normal_bonferroni,0.0007551000016974285
1.0,0.0,0.0,0,16,1.0,1.0,1,0.012119181086704761,117,Logistic regression,multiplier,0.0027966999987256713
1.0,0.0,0.0,0,16,1.0,1.0,1,0.012119181086704761,117,Logistic regression,exact_bonferroni,0.0014426000052480958
1.0,0.0,0.0,0,16,1.0,1.0,1,0.012119181086704761,117,Logistic regression,hoeffding,0.00034020000020973384
1.0,0.0,0.0,0,16,1.0,1.0,1,0.012119181086704761,117,Logistic regression,holm,0.0005730999982915819
1.0,0.4375,0.0,7,16,1.0,1.0,0,0.011974316289753734,117,HistGradientBoosting,normal_bonferroni,0.0006128999957581982
1.0,0.4375,0.0,7,16,1.0,1.0,0,0.011974316289753734,117,HistGradientBoosting,multiplier,0.0027435000010882504
1.0,0.4375,0.0,7,16,1.0,1.0,0,0.011974316289753734,117,HistGradientBoosting,exact_bonferroni,0.0012605000010807998
1.0,0.1875,0.0,3,16,1.0,1.0,0,0.011974316289753734,117,HistGradientBoosting,hoeffding,0.00027549999504117295
1.0,0.4375,0.0,7,16,1.0,1.0,0,0.011974316289753734,117,HistGradientBoosting,holm,0.0004490999999688938
1.0,0.0,0.0,0,16,1.0,1.0,0,0.011998643148455557,118,Logistic regression,normal_bonferroni,0.0005848000000696629
1.0,0.0,0.0,0,16,1.0,1.0,0,0.011998643148455557,118,Logistic regression,multiplier,0.001792299997759983
1.0,0.0,0.0,0,16,1.0,1.0,0,0.011998643148455557,118,Logistic regression,exact_bonferroni,0.0006943000043975189
1.0,0.0,0.0,0,16,1.0,1.0,0,0.011998643148455557,118,Logistic regression,hoeffding,0.00023070000315783545
1.0,0.0,0.0,0,16,1.0,1.0,0,0.011998643148455557,118,Logistic regression,holm,0.0003409999990253709
1.0,0.5,0.0,8,16,1.0,1.0,0,0.011860146067370014,118,HistGradientBoosting,normal_bonferroni,0.0009549000023980625
1.0,0.75,0.0,12,16,1.0,1.0,0,0.011860146067370014,118,HistGradientBoosting,multiplier,0.002857499996025581
1.0,0.4375,0.0,7,16,1.0,1.0,0,0.011860146067370014,118,HistGradientBoosting,exact_bonferroni,0.0009757000007084571
1.0,0.0625,0.0,1,16,1.0,1.0,0,0.011860146067370014,118,HistGradientBoosting,hoeffding,0.0003786000015679747
1.0,0.5625,0.0,9,16,1.0,1.0,0,0.011860146067370014,118,HistGradientBoosting,holm,0.0005813999960082583
1.0,0.0,0.0,0,16,1.0,1.0,0,0.012051864272402374,119,Logistic regression,normal_bonferroni,0.0004594999991240911
1.0,0.0625,0.0,1,16,1.0,1.0,0,0.012051864272402374,119,Logistic regression,multiplier,0.002174200002627913
1.0,0.0,0.0,0,16,1.0,1.0,0,0.012051864272402374,119,Logistic regression,exact_bonferroni,0.0009753999984241091
1.0,0.0,0.0,0,16,1.0,1.0,0,0.012051864272402374,119,Logistic regression,hoeffding,0.000363499995728489
1.0,0.0,0.0,0,16,1.0,1.0,0,0.012051864272402374,119,Logistic regression,holm,0.0006033000026945956
1.0,0.5,0.0,8,16,1.0,1.0,0,0.011861670385355766,119,HistGradientBoosting,normal_bonferroni,0.0008414999974775128
1.0,0.625,0.0,10,16,1.0,1.0,0,0.011861670385355766,119,HistGradientBoosting,multiplier,0.002799400004732888
1.0,0.5,0.0,8,16,1.0,1.0,0,0.011861670385355766,119,HistGradientBoosting,exact_bonferroni,0.0009664000026532449
1.0,0.1875,0.0,3,16,1.0,1.0,0,0.011861670385355766,119,HistGradientBoosting,hoeffding,0.0003432000012253411
1.0,0.5625,0.0,9,16,1.0,1.0,0,0.011861670385355766,119,HistGradientBoosting,holm,0.0005566000036196783
1.0,0.0,0.0,0,16,1.0,1.0,0,0.012077476715899288,120,Logistic regression,normal_bonferroni,0.0008888000011211261
1.0,0.0,0.0,0,16,1.0,1.0,0,0.012077476715899288,120,Logistic regression,multiplier,0.003325499994389247
1.0,0.0,0.0,0,16,1.0,1.0,0,0.012077476715899288,120,Logistic regression,exact_bonferroni,0.0012081999957445078
1.0,0.0,0.0,0,16,1.0,1.0,0,0.012077476715899288,120,Logistic regression,hoeffding,0.00041709999641170725
1.0,0.0,0.0,0,16,1.0,1.0,0,0.012077476715899288,120,Logistic regression,holm,0.000666200001433026
1.0,0.625,0.0,10,16,1.0,1.0,0,0.01190821743956752,120,HistGradientBoosting,normal_bonferroni,0.0009473999962210655
1.0,0.75,0.0,12,16,1.0,1.0,0,0.01190821743956752,120,HistGradientBoosting,multiplier,0.0032379999975091778
1.0,0.4375,0.0,7,16,1.0,1.0,0,0.01190821743956752,120,HistGradientBoosting,exact_bonferroni,0.0010297000044374727
1.0,0.1875,0.0,3,16,1.0,1.0,0,0.01190821743956752,120,HistGradientBoosting,hoeffding,0.0003544000064721331
1.0,0.875,0.0,14,16,1.0,1.0,0,0.01190821743956752,120,HistGradientBoosting,holm,0.0005740000051446259
1.0,0.0,0.0,0,16,1.0,1.0,4,0.012126345307441472,121,Logistic regression,normal_bonferroni,0.0007795000055921264
1.0,0.0,0.0,0,16,1.0,1.0,4,0.012126345307441472,121,Logistic regression,multiplier,0.0029540000032284297
1.0,0.0,0.0,0,16,1.0,1.0,4,0.012126345307441472,121,Logistic regression,exact_bonferroni,0.0010056000028271228
1.0,0.0,0.0,0,16,1.0,1.0,4,0.012126345307441472,121,Logistic regression,hoeffding,0.0003575000009732321
1.0,0.0,0.0,0,16,1.0,1.0,4,0.012126345307441472,121,Logistic regression,holm,0.0005589000065810978
1.0,0.5,0.0,8,16,1.0,1.0,0,0.011897329580850519,121,HistGradientBoosting,normal_bonferroni,0.0007355999987339601
1.0,0.5,0.0,8,16,1.0,1.0,0,0.011897329580850519,121,HistGradientBoosting,multiplier,0.0028638000003411435
1.0,0.4375,0.0,7,16,1.0,1.0,0,0.011897329580850519,121,HistGradientBoosting,exact_bonferroni,0.0008968000038294122
1.0,0.1875,0.0,3,16,1.0,1.0,0,0.011897329580850519,121,HistGradientBoosting,hoeffding,0.0003299999953014776
1.0,0.5,0.0,8,16,1.0,1.0,0,0.011897329580850519,121,HistGradientBoosting,holm,0.000501900001836475
1.0,0.25,0.0,4,16,1.0,1.0,3,0.01209613813918245,122,Logistic regression,normal_bonferroni,0.0007002999991527759
1.0,0.375,0.0,6,16,1.0,1.0,3,0.01209613813918245,122,Logistic regression,multiplier,0.0029797999959555455
1.0,0.1875,0.0,3,16,1.0,1.0,3,0.01209613813918245,122,Logistic regression,exact_bonferroni,0.0011119999981019646
1.0,0.0,0.0,0,16,1.0,1.0,3,0.01209613813918245,122,Logistic regression,hoeffding,0.00036670000554295257
1.0,0.25,0.0,4,16,1.0,1.0,3,0.01209613813918245,122,Logistic regression,holm,0.0006362999993143603
1.0,0.9375,0.0,15,16,1.0,1.0,0,0.011938976433716442,122,HistGradientBoosting,normal_bonferroni,0.0007334000038099475
1.0,0.9375,0.0,15,16,1.0,1.0,0,0.011938976433716442,122,HistGradientBoosting,multiplier,0.002745500001765322
1.0,0.875,0.0,14,16,1.0,1.0,0,0.011938976433716442,122,HistGradientBoosting,exact_bonferroni,0.0009004000021377578
1.0,0.625,0.0,10,16,1.0,1.0,0,0.011938976433716442,122,HistGradientBoosting,hoeffding,0.0003052000029128976
1.0,1.0,0.0,16,16,1.0,1.0,0,0.011938976433716442,122,HistGradientBoosting,holm,0.0005539999983739108
1.0,0.1875,0.0,3,16,1.0,1.0,2,0.012100867432707857,123,Logistic regression,normal_bonferroni,0.0008769999985815957
1.0,0.1875,0.0,3,16,1.0,1.0,2,0.012100867432707857,123,Logistic regression,multiplier,0.002521100002923049
1.0,0.125,0.0,2,16,1.0,1.0,2,0.012100867432707857,123,Logistic regression,exact_bonferroni,0.0008670999959576875
1.0,0.0,0.0,0,16,1.0,1.0,2,0.012100867432707857,123,Logistic regression,hoeffding,0.00030250000418163836
1.0,0.125,0.0,2,16,1.0,1.0,2,0.012100867432707857,123,Logistic regression,holm,0.0005329999985406175
1.0,0.875,0.0,14,16,1.0,1.0,0,0.011873309340560217,123,HistGradientBoosting,normal_bonferroni,0.0007209999967017211
1.0,0.9375,0.0,15,16,1.0,1.0,0,0.011873309340560217,123,HistGradientBoosting,multiplier,0.002482299998519011
1.0,0.875,0.0,14,16,1.0,1.0,0,0.011873309340560217,123,HistGradientBoosting,exact_bonferroni,0.0008278000022983178
1.0,0.75,0.0,12,16,1.0,1.0,0,0.011873309340560217,123,HistGradientBoosting,hoeffding,0.00028079999901819974
1.0,1.0,0.0,16,16,1.0,1.0,0,0.011873309340560217,123,HistGradientBoosting,holm,0.0005211999960010871
1.0,0.0,0.0,0,16,1.0,1.0,1,0.012089659876053205,124,Logistic regression,normal_bonferroni,0.0007334999972954392
1.0,0.0,0.0,0,16,1.0,1.0,1,0.012089659876053205,124,Logistic regression,multiplier,0.002627400004712399
1.0,0.0,0.0,0,16,1.0,1.0,1,0.012089659876053205,124,Logistic regression,exact_bonferroni,0.0008836000051815063
1.0,0.0,0.0,0,16,1.0,1.0,1,0.012089659876053205,124,Logistic regression,hoeffding,0.0003131000048597343
1.0,0.0,0.0,0,16,1.0,1.0,1,0.012089659876053205,124,Logistic regression,holm,0.0005990999998175539
1.0,0.6875,0.0,11,16,1.0,1.0,0,0.01188436380653149,124,HistGradientBoosting,normal_bonferroni,0.0012715999982901849
1.0,0.75,0.0,12,16,1.0,1.0,0,0.01188436380653149,124,HistGradientBoosting,multiplier,0.0024604999998700805
1.0,0.6875,0.0,11,16,1.0,1.0,0,0.01188436380653149,124,HistGradientBoosting,exact_bonferroni,0.0006362000058288686
1.0,0.4375,0.0,7,16,1.0,1.0,0,0.01188436380653149,124,HistGradientBoosting,hoeffding,0.00019179999799234793
1.0,0.75,0.0,12,16,1.0,1.0,0,0.01188436380653149,124,HistGradientBoosting,holm,0.0005826999986311421
1.0,0.1875,0.0,3,16,1.0,1.0,0,0.012073535649908568,125,Logistic regression,normal_bonferroni,0.0008815999972284772
1.0,0.25,0.0,4,16,1.0,1.0,0,0.012073535649908568,125,Logistic regression,multiplier,0.003215299999283161
1.0,0.1875,0.0,3,16,1.0,1.0,0,0.012073535649908568,125,Logistic regression,exact_bonferroni,0.0010163999977521598
1.0,0.0,0.0,0,16,1.0,1.0,0,0.012073535649908568,125,Logistic regression,hoeffding,0.00033460000122431666
1.0,0.1875,0.0,3,16,1.0,1.0,0,0.012073535649908568,125,Logistic regression,holm,0.0005926000012550503
1.0,0.75,0.0,12,16,1.0,1.0,0,0.011859637643397508,125,HistGradientBoosting,normal_bonferroni,0.0007145999989006668
1.0,0.8125,0.0,13,16,1.0,1.0,0,0.011859637643397508,125,HistGradientBoosting,multiplier,0.0025609000003896654
1.0,0.625,0.0,10,16,1.0,1.0,0,0.011859637643397508,125,HistGradientBoosting,exact_bonferroni,0.0008168999993358739
1.0,0.3125,0.0,5,16,1.0,1.0,0,0.011859637643397508,125,HistGradientBoosting,hoeffding,0.0002832000027410686
1.0,0.875,0.0,14,16,1.0,1.0,0,0.011859637643397508,125,HistGradientBoosting,holm,0.000509299999976065
1.0,0.3125,0.0,5,16,1.0,1.0,0,0.012076601977763696,126,Logistic regression,normal_bonferroni,0.0007979999936651438
1.0,0.5,0.0,8,16,1.0,1.0,0,0.012076601977763696,126,Logistic regression,multiplier,0.0027562000032048672
1.0,0.3125,0.0,5,16,1.0,1.0,0,0.012076601977763696,126,Logistic regression,exact_bonferroni,0.0009563000057823956
1.0,0.0,0.0,0,16,1.0,1.0,0,0.012076601977763696,126,Logistic regression,hoeffding,0.00033350000012433156
1.0,0.3125,0.0,5,16,1.0,1.0,0,0.012076601977763696,126,Logistic regression,holm,0.0005296000017551705
1.0,0.5625,0.0,9,16,1.0,1.0,0,0.011958184563232749,126,HistGradientBoosting,normal_bonferroni,0.0007550000009359792
1.0,0.625,0.0,10,16,1.0,1.0,0,0.011958184563232749,126,HistGradientBoosting,multiplier,0.001992400000744965
1.0,0.5,0.0,8,16,1.0,1.0,0,0.011958184563232749,126,HistGradientBoosting,exact_bonferroni,0.0008753000001888722
1.0,0.3125,0.0,5,16,1.0,1.0,0,0.011958184563232749,126,HistGradientBoosting,hoeffding,0.0003171999996993691
1.0,0.5625,0.0,9,16,1.0,1.0,0,0.011958184563232749,126,HistGradientBoosting,holm,0.0005343000011635013
1.0,0.625,0.0,10,16,1.0,1.0,0,0.01205542725341352,127,Logistic regression,normal_bonferroni,0.0009699000002001412
1.0,0.875,0.0,14,16,1.0,1.0,0,0.01205542725341352,127,Logistic regression,multiplier,0.002898700004152488
1.0,0.5625,0.0,9,16,1.0,1.0,0,0.01205542725341352,127,Logistic regression,exact_bonferroni,0.0009913999965647236
1.0,0.125,0.0,2,16,1.0,1.0,0,0.01205542725341352,127,Logistic regression,hoeffding,0.00030980000155977905
1.0,1.0,0.0,16,16,1.0,1.0,0,0.01205542725341352,127,Logistic regression,holm,0.0005585000035353005
1.0,1.0,0.0,16,16,1.0,1.0,0,0.011848923974028897,127,HistGradientBoosting,normal_bonferroni,0.0007466999959433451
1.0,1.0,0.0,16,16,1.0,1.0,0,0.011848923974028897,127,HistGradientBoosting,multiplier,0.0026177000036113895
1.0,1.0,0.0,16,16,1.0,1.0,0,0.011848923974028897,127,HistGradientBoosting,exact_bonferroni,0.0008818999995128252
1.0,0.875,0.0,14,16,1.0,1.0,0,0.011848923974028897,127,HistGradientBoosting,hoeffding,0.00032389999978477135
1.0,1.0,0.0,16,16,1.0,1.0,0,0.011848923974028897,127,HistGradientBoosting,holm,0.0005014000053051859
1.0,0.0,0.0,0,16,1.0,1.0,0,0.012078350851814051,128,Logistic regression,normal_bonferroni,0.0008107000030577183
1.0,0.0625,0.0,1,16,1.0,1.0,0,0.012078350851814051,128,Logistic regression,multiplier,0.002793200001178775
1.0,0.0,0.0,0,16,1.0,1.0,0,0.012078350851814051,128,Logistic regression,exact_bonferroni,0.000924300002225209
1.0,0.0,0.0,0,16,1.0,1.0,0,0.012078350851814051,128,Logistic regression,hoeffding,0.00034219999361084774
1.0,0.0,0.0,0,16,1.0,1.0,0,0.012078350851814051,128,Logistic regression,holm,0.0005497000020113774
1.0,0.6875,0.0,11,16,1.0,1.0,0,0.01192098690667387,128,HistGradientBoosting,normal_bonferroni,0.0009076999995158985
1.0,0.6875,0.0,11,16,1.0,1.0,0,0.01192098690667387,128,HistGradientBoosting,multiplier,0.0031763000006321818
1.0,0.5625,0.0,9,16,1.0,1.0,0,0.01192098690667387,128,HistGradientBoosting,exact_bonferroni,0.0010584999981801957
1.0,0.25,0.0,4,16,1.0,1.0,0,0.01192098690667387,128,HistGradientBoosting,hoeffding,0.0003569999971659854
1.0,0.6875,0.0,11,16,1.0,1.0,0,0.01192098690667387,128,HistGradientBoosting,holm,0.000589900002523791
1.0,0.0,0.0,0,16,1.0,1.0,0,0.012024832215377035,129,Logistic regression,normal_bonferroni,0.0006477999995695427
1.0,0.0,0.0,0,16,1.0,1.0,0,0.012024832215377035,129,Logistic regression,multiplier,0.0030684000012115575
1.0,0.0,0.0,0,16,1.0,1.0,0,0.012024832215377035,129,Logistic regression,exact_bonferroni,0.0010514000023249537
1.0,0.0,0.0,0,16,1.0,1.0,0,0.012024832215377035,129,Logistic regression,hoeffding,0.0003346999947098084
1.0,0.0,0.0,0,16,1.0,1.0,0,0.012024832215377035,129,Logistic regression,holm,0.0005786000037915073
1.0,0.8125,0.0,13,16,1.0,1.0,0,0.011886365485595601,129,HistGradientBoosting,normal_bonferroni,0.0007542999956058338
1.0,0.875,0.0,14,16,1.0,1.0,0,0.011886365485595601,129,HistGradientBoosting,multiplier,0.0026527000009082258
1.0,0.6875,0.0,11,16,1.0,1.0,0,0.011886365485595601,129,HistGradientBoosting,exact_bonferroni,0.0009099000017158687
1.0,0.625,0.0,10,16,1.0,1.0,0,0.011886365485595601,129,HistGradientBoosting,hoeffding,0.00034250000317115337
1.0,0.9375,0.0,15,16,1.0,1.0,0,0.011886365485595601,129,HistGradientBoosting,holm,0.0005344000019249506
1.0,0.75,0.0,12,16,1.0,1.0,1,0.012084018065163626,130,Logistic regression,normal_bonferroni,0.0008904999995138496
1.0,0.75,0.0,12,16,1.0,1.0,1,0.012084018065163626,130,Logistic regression,multiplier,0.003180899999279063
1.0,0.75,0.0,12,16,1.0,1.0,1,0.012084018065163626,130,Logistic regression,exact_bonferroni,0.001068400000804104
1.0,0.3125,0.0,5,16,1.0,1.0,1,0.012084018065163626,130,Logistic regression,hoeffding,0.0003819999983534217
1.0,0.75,0.0,12,16,1.0,1.0,1,0.012084018065163626,130,Logistic regression,holm,0.0006084000051487237
1.0,0.9375,0.0,15,16,1.0,1.0,0,0.01193170915480371,130,HistGradientBoosting,normal_bonferroni,0.0008202000026358292
1.0,0.9375,0.0,15,16,1.0,1.0,0,0.01193170915480371,130,HistGradientBoosting,multiplier,0.002937700002803467
1.0,0.875,0.0,14,16,1.0,1.0,0,0.01193170915480371,130,HistGradientBoosting,exact_bonferroni,0.0010350999946240336
1.0,0.5625,0.0,9,16,1.0,1.0,0,0.01193170915480371,130,HistGradientBoosting,hoeffding,0.0003265999985160306
1.0,1.0,0.0,16,16,1.0,1.0,0,0.01193170915480371,130,HistGradientBoosting,holm,0.0005661000031977892
1.0,0.0,0.0,0,16,1.0,1.0,2,0.012091823046897016,131,Logistic regression,normal_bonferroni,0.0008588999990024604
1.0,0.0,0.0,0,16,1.0,1.0,2,0.012091823046897016,131,Logistic regression,multiplier,0.002998500000103377
1.0,0.0,0.0,0,16,1.0,1.0,2,0.012091823046897016,131,Logistic regression,exact_bonferroni,0.0010316000043530948
1.0,0.0,0.0,0,16,1.0,1.0,2,0.012091823046897016,131,Logistic regression,hoeffding,0.00034100000630132854
1.0,0.0,0.0,0,16,1.0,1.0,2,0.012091823046897016,131,Logistic regression,holm,0.0006079999948269688
1.0,0.5625,0.0,9,16,1.0,1.0,0,0.011927331927083035,131,HistGradientBoosting,normal_bonferroni,0.0008746999956201762
1.0,0.625,0.0,10,16,1.0,1.0,0,0.011927331927083035,131,HistGradientBoosting,multiplier,0.0029797999959555455
1.0,0.5625,0.0,9,16,1.0,1.0,0,0.011927331927083035,131,HistGradientBoosting,exact_bonferroni,0.0013614999988931231
1.0,0.375,0.0,6,16,1.0,1.0,0,0.011927331927083035,131,HistGradientBoosting,hoeffding,0.0004126999992877245
1.0,0.625,0.0,10,16,1.0,1.0,0,0.011927331927083035,131,HistGradientBoosting,holm,0.0005713999998988584
1.0,0.0,0.0,0,16,1.0,1.0,1,0.0120957073045799,132,Logistic regression,normal_bonferroni,0.0014632000020355918
1.0,0.0,0.0,0,16,1.0,1.0,1,0.0120957073045799,132,Logistic regression,multiplier,0.004429000000527594
1.0,0.0,0.0,0,16,1.0,1.0,1,0.0120957073045799,132,Logistic regression,exact_bonferroni,0.0013575000048149377
1.0,0.0,0.0,0,16,1.0,1.0,1,0.0120957073045799,132,Logistic regression,hoeffding,0.00040669999725650996
1.0,0.0,0.0,0,16,1.0,1.0,1,0.0120957073045799,132,Logistic regression,holm,0.0006184000012581237
1.0,0.625,0.0,10,16,1.0,1.0,0,0.011918539470634981,132,HistGradientBoosting,normal_bonferroni,0.0007398000016110018
1.0,0.6875,0.0,11,16,1.0,1.0,0,0.011918539470634981,132,HistGradientBoosting,multiplier,0.0028290999980526976
1.0,0.625,0.0,10,16,1.0,1.0,0,0.011918539470634981,132,HistGradientBoosting,exact_bonferroni,0.0010583000039332546
1.0,0.4375,0.0,7,16,1.0,1.0,0,0.011918539470634981,132,HistGradientBoosting,hoeffding,0.0003146999952150509
1.0,0.6875,0.0,11,16,1.0,1.0,0,0.011918539470634981,132,HistGradientBoosting,holm,0.000615100005234126
1.0,0.9375,0.0,15,16,0.0,1.0,3,0.012103439412215866,133,Logistic regression,normal_bonferroni,0.0008529999977326952
1.0,0.9375,0.0,15,16,0.0,1.0,3,0.012103439412215866,133,Logistic regression,multiplier,0.0031333000006270595
1.0,0.9375,0.0,15,16,0.0,1.0,3,0.012103439412215866,133,Logistic regression,exact_bonferroni,0.0010449999972479418
1.0,0.625,0.0,10,16,1.0,1.0,3,0.012103439412215866,133,Logistic regression,hoeffding,0.0003295999995316379
1.0,1.0,0.0,16,16,0.0,1.0,3,0.012103439412215866,133,Logistic regression,holm,0.0005864999984623864
1.0,0.875,0.0,14,16,1.0,1.0,0,0.011918539470634981,133,HistGradientBoosting,normal_bonferroni,0.0007642999989911914
1.0,0.9375,0.0,15,16,1.0,1.0,0,0.011918539470634981,133,HistGradientBoosting,multiplier,0.0027802999975392595
1.0,0.875,0.0,14,16,1.0,1.0,0,0.011918539470634981,133,HistGradientBoosting,exact_bonferroni,0.0008353000011993572
1.0,0.8125,0.0,13,16,1.0,1.0,0,0.011918539470634981,133,HistGradientBoosting,hoeffding,0.00020040000526933
1.0,1.0,0.0,16,16,1.0,1.0,0,0.011918539470634981,133,HistGradientBoosting,holm,0.0004029000047012232
1.0,0.0,0.0,0,16,1.0,1.0,0,0.012054092271380518,134,Logistic regression,normal_bonferroni,0.0009114999993471429
1.0,0.0,0.0,0,16,1.0,1.0,0,0.012054092271380518,134,Logistic regression,multiplier,0.0030737000051885843
1.0,0.0,0.0,0,16,1.0,1.0,0,0.012054092271380518,134,Logistic regression,exact_bonferroni,0.0008495000001857989
1.0,0.0,0.0,0,16,1.0,1.0,0,0.012054092271380518,134,Logistic regression,hoeffding,0.0003476999991107732
1.0,0.0,0.0,0,16,1.0,1.0,0,0.012054092271380518,134,Logistic regression,holm,0.0005649000013363548
1.0,0.75,0.0,12,16,1.0,1.0,0,0.011914615425022729,134,HistGradientBoosting,normal_bonferroni,0.0007686000026296824
1.0,0.9375,0.0,15,16,1.0,1.0,0,0.011914615425022729,134,HistGradientBoosting,multiplier,0.0021998999945935793
1.0,0.625,0.0,10,16,1.0,1.0,0,0.011914615425022729,134,HistGradientBoosting,exact_bonferroni,0.0005411000020103529
1.0,0.4375,0.0,7,16,1.0,1.0,0,0.011914615425022729,134,HistGradientBoosting,hoeffding,0.00018760000239126384
1.0,1.0,0.0,16,16,1.0,1.0,0,0.011914615425022729,134,HistGradientBoosting,holm,0.00032160000409930944
1.0,0.1875,0.0,3,16,1.0,1.0,0,0.011979497107017206,135,Logistic regression,normal_bonferroni,0.0004980000012437813
1.0,0.375,0.0,6,16,1.0,1.0,0,0.011979497107017206,135,Logistic regression,multiplier,0.002651200004038401
1.0,0.1875,0.0,3,16,1.0,1.0,0,0.011979497107017206,135,Logistic regression,exact_bonferroni,0.0011121999996248633
1.0,0.125,0.0,2,16,1.0,1.0,0,0.011979497107017206,135,Logistic regression,hoeffding,0.00036869999894406646
1.0,0.1875,0.0,3,16,1.0,1.0,0,0.011979497107017206,135,Logistic regression,holm,0.0006031000011716969
1.0,0.3125,0.0,5,16,1.0,1.0,0,0.011803787485311884,135,HistGradientBoosting,normal_bonferroni,0.0006973999988986179
1.0,0.375,0.0,6,16,1.0,1.0,0,0.011803787485311884,135,HistGradientBoosting,multiplier,0.0024990000019897707
1.0,0.25,0.0,4,16,1.0,1.0,0,0.011803787485311884,135,HistGradientBoosting,exact_bonferroni,0.0008305999945150688
1.0,0.0,0.0,0,16,1.0,1.0,0,0.011803787485311884,135,HistGradientBoosting,hoeffding,0.0002978000047733076
1.0,0.3125,0.0,5,16,1.0,1.0,0,0.011803787485311884,135,HistGradientBoosting,holm,0.0004743999961647205
1.0,0.0,0.0,0,16,1.0,1.0,0,0.012053201526211532,136,Logistic regression,normal_bonferroni,0.0004599999956553802
1.0,0.0,0.0,0,16,1.0,1.0,0,0.012053201526211532,136,Logistic regression,multiplier,0.002298999999766238
1.0,0.0,0.0,0,16,1.0,1.0,0,0.012053201526211532,136,Logistic regression,exact_bonferroni,0.0013303000014275312
1.0,0.0,0.0,0,16,1.0,1.0,0,0.012053201526211532,136,Logistic regression,hoeffding,0.0005009000014979392
1.0,0.0,0.0,0,16,1.0,1.0,0,0.012053201526211532,136,Logistic regression,holm,0.0006388999972841702
1.0,1.0,0.0,16,16,1.0,1.0,0,0.011881858151867541,136,HistGradientBoosting,normal_bonferroni,0.0007876999952713959
1.0,1.0,0.0,16,16,1.0,1.0,0,0.011881858151867541,136,HistGradientBoosting,multiplier,0.002835499995853752
1.0,1.0,0.0,16,16,1.0,1.0,0,0.011881858151867541,136,HistGradientBoosting,exact_bonferroni,0.001003699995635543
1.0,0.9375,0.0,15,16,1.0,1.0,0,0.011881858151867541,136,HistGradientBoosting,hoeffding,0.00033320000511594117
1.0,1.0,0.0,16,16,1.0,1.0,0,0.011881858151867541,136,HistGradientBoosting,holm,0.0005880999960936606
1.0,0.125,0.0,2,16,1.0,1.0,0,0.012037515289473416,137,Logistic regression,normal_bonferroni,0.0008688000016263686
1.0,0.1875,0.0,3,16,1.0,1.0,0,0.012037515289473416,137,Logistic regression,multiplier,0.0029476000054273754
1.0,0.125,0.0,2,16,1.0,1.0,0,0.012037515289473416,137,Logistic regression,exact_bonferroni,0.0009642000004532747
1.0,0.0625,0.0,1,16,1.0,1.0,0,0.012037515289473416,137,Logistic regression,hoeffding,0.00022089999401941895
1.0,0.125,0.0,2,16,1.0,1.0,0,0.012037515289473416,137,Logistic regression,holm,0.0006642000007559545
1.0,0.5625,0.0,9,16,1.0,1.0,0,0.011890860025343036,137,HistGradientBoosting,normal_bonferroni,0.0008378999991691671
1.0,0.8125,0.0,13,16,1.0,1.0,0,0.011890860025343036,137,HistGradientBoosting,multiplier,0.0028568999987328425
1.0,0.5625,0.0,9,16,1.0,1.0,0,0.011890860025343036,137,HistGradientBoosting,exact_bonferroni,0.0009774000063771382
1.0,0.0,0.0,0,16,1.0,1.0,0,0.011890860025343036,137,HistGradientBoosting,hoeffding,0.0003674000035971403
1.0,0.8125,0.0,13,16,1.0,1.0,0,0.011890860025343036,137,HistGradientBoosting,holm,0.0005734000005759299
1.0,0.125,0.0,2,16,1.0,1.0,3,0.012120870656943644,138,Logistic regression,normal_bonferroni,0.0006779000032111071
1.0,0.1875,0.0,3,16,1.0,1.0,3,0.012120870656943644,138,Logistic regression,multiplier,0.0024982000031741336
1.0,0.0625,0.0,1,16,1.0,1.0,3,0.012120870656943644,138,Logistic regression,exact_bonferroni,0.0010766999985207804
1.0,0.0,0.0,0,16,1.0,1.0,3,0.012120870656943644,138,Logistic regression,hoeffding,0.00033989999792538583
1.0,0.0625,0.0,1,16,1.0,1.0,3,0.012120870656943644,138,Logistic regression,holm,0.0005911999978707172
1.0,0.9375,0.0,15,16,1.0,1.0,0,0.011845337133702755,138,HistGradientBoosting,normal_bonferroni,0.001513299997895956
1.0,1.0,0.0,16,16,1.0,1.0,0,0.011845337133702755,138,HistGradientBoosting,multiplier,0.00645500000246102
1.0,0.9375,0.0,15,16,1.0,1.0,0,0.011845337133702755,138,HistGradientBoosting,exact_bonferroni,0.0021749000006821007
1.0,0.75,0.0,12,16,1.0,1.0,0,0.011845337133702755,138,HistGradientBoosting,hoeffding,0.0007982999959494919
1.0,1.0,0.0,16,16,1.0,1.0,0,0.011845337133702755,138,HistGradientBoosting,holm,0.0010064000016427599
1.0,0.1875,0.0,3,16,1.0,1.0,0,0.012072219249184224,139,Logistic regression,normal_bonferroni,0.0008949999973992817
1.0,0.25,0.0,4,16,1.0,1.0,0,0.012072219249184224,139,Logistic regression,multiplier,0.003113300001132302
1.0,0.125,0.0,2,16,1.0,1.0,0,0.012072219249184224,139,Logistic regression,exact_bonferroni,0.0010824999990290962
1.0,0.0625,0.0,1,16,1.0,1.0,0,0.012072219249184224,139,Logistic regression,hoeffding,0.00037909999809926376
1.0,0.1875,0.0,3,16,1.0,1.0,0,0.012072219249184224,139,Logistic regression,holm,0.0005851000023540109
1.0,1.0,0.0,16,16,1.0,1.0,0,0.011918539470634981,139,HistGradientBoosting,normal_bonferroni,0.0007291000001714565
1.0,1.0,0.0,16,16,1.0,1.0,0,0.011918539470634981,139,HistGradientBoosting,multiplier,0.002862599998479709
1.0,1.0,0.0,16,16,1.0,1.0,0,0.011918539470634981,139,HistGradientBoosting,exact_bonferroni,0.0011954000001423992
1.0,0.625,0.0,10,16,1.0,1.0,0,0.011918539470634981,139,HistGradientBoosting,hoeffding,0.0002845999988494441
1.0,1.0,0.0,16,16,1.0,1.0,0,0.011918539470634981,139,HistGradientBoosting,holm,0.0006417999975383282
1.0,0.5,0.0,8,16,1.0,1.0,0,0.012052755926432457,140,Logistic regression,normal_bonferroni,0.0008057000013650395
1.0,0.5625,0.0,9,16,1.0,1.0,0,0.012052755926432457,140,Logistic regression,multiplier,0.0026464999973541126
1.0,0.5,0.0,8,16,1.0,1.0,0,0.012052755926432457,140,Logistic regression,exact_bonferroni,0.0008898999949451536
1.0,0.25,0.0,4,16,1.0,1.0,0,0.012052755926432457,140,Logistic regression,hoeffding,0.0002961999998660758
1.0,0.5625,0.0,9,16,1.0,1.0,0,0.012052755926432457,140,Logistic regression,holm,0.0005233000047155656
1.0,0.5,0.0,8,16,1.0,1.0,0,0.011836077902646153,140,HistGradientBoosting,normal_bonferroni,0.00042190000385744497
1.0,0.5,0.0,8,16,1.0,1.0,0,0.011836077902646153,140,HistGradientBoosting,multiplier,0.0027186000006622635
1.0,0.4375,0.0,7,16,1.0,1.0,0,0.011836077902646153,140,HistGradientBoosting,exact_bonferroni,0.0006667999987257645
1.0,0.25,0.0,4,16,1.0,1.0,0,0.011836077902646153,140,HistGradientBoosting,hoeffding,0.00018039999849861488
1.0,0.5,0.0,8,16,1.0,1.0,0,0.011836077902646153,140,HistGradientBoosting,holm,0.00030500000138999894
1.0,0.0625,0.0,1,16,1.0,1.0,3,0.01211239895523683,141,Logistic regression,normal_bonferroni,0.0007790000017848797
1.0,0.0625,0.0,1,16,1.0,1.0,3,0.01211239895523683,141,Logistic regression,multiplier,0.0028183000031276606
1.0,0.0625,0.0,1,16,1.0,1.0,3,0.01211239895523683,141,Logistic regression,exact_bonferroni,0.000927399996726308
1.0,0.0,0.0,0,16,1.0,1.0,3,0.01211239895523683,141,Logistic regression,hoeffding,0.00033319999783998355
1.0,0.0625,0.0,1,16,1.0,1.0,3,0.01211239895523683,141,Logistic regression,holm,0.0005247999943094328
1.0,0.5625,0.0,9,16,1.0,1.0,0,0.011935589405071806,141,HistGradientBoosting,normal_bonferroni,0.000749099999666214
1.0,0.6875,0.0,11,16,1.0,1.0,0,0.011935589405071806,141,HistGradientBoosting,multiplier,0.00267840000014985
1.0,0.5,0.0,8,16,1.0,1.0,0,0.011935589405071806,141,HistGradientBoosting,exact_bonferroni,0.0009145000003627501
1.0,0.3125,0.0,5,16,1.0,1.0,0,0.011935589405071806,141,HistGradientBoosting,hoeffding,0.0003104999996139668
1.0,0.625,0.0,10,16,1.0,1.0,0,0.011935589405071806,141,HistGradientBoosting,holm,0.0005072999992989935
1.0,0.0625,0.0,1,16,1.0,1.0,3,0.012117489132416281,142,Logistic regression,normal_bonferroni,0.000781399998231791
1.0,0.0625,0.0,1,16,1.0,1.0,3,0.012117489132416281,142,Logistic regression,multiplier,0.002742900003795512
1.0,0.0,0.0,0,16,1.0,1.0,3,0.012117489132416281,142,Logistic regression,exact_bonferroni,0.0008945999943534844
1.0,0.0,0.0,0,16,1.0,1.0,3,0.012117489132416281,142,Logistic regression,hoeffding,0.00029709999944316223
1.0,0.0,0.0,0,16,1.0,1.0,3,0.012117489132416281,142,Logistic regression,holm,0.0005367999983718619
1.0,0.625,0.0,10,16,1.0,1.0,0,0.011930251484958992,142,HistGradientBoosting,normal_bonferroni,0.0007117999994079582
1.0,0.625,0.0,10,16,1.0,1.0,0,0.011930251484958992,142,HistGradientBoosting,multiplier,0.0031548000042675994
1.0,0.5625,0.0,9,16,1.0,1.0,0,0.011930251484958992,142,HistGradientBoosting,exact_bonferroni,0.0009921999953803606
1.0,0.3125,0.0,5,16,1.0,1.0,0,0.011930251484958992,142,HistGradientBoosting,hoeffding,0.00030220000189729035
1.0,0.625,0.0,10,16,1.0,1.0,0,0.011930251484958992,142,HistGradientBoosting,holm,0.0005294000002322719
1.0,0.0,0.0,0,16,1.0,1.0,2,0.012085756710905449,143,Logistic regression,normal_bonferroni,0.0007562000027974136
1.0,0.0,0.0,0,16,1.0,1.0,2,0.012085756710905449,143,Logistic regression,multiplier,0.002651500006322749
1.0,0.0,0.0,0,16,1.0,1.0,2,0.012085756710905449,143,Logistic regression,exact_bonferroni,0.0008875000057742
1.0,0.0,0.0,0,16,1.0,1.0,2,0.012085756710905449,143,Logistic regression,hoeffding,0.0003082999974139966
1.0,0.0,0.0,0,16,1.0,1.0,2,0.012085756710905449,143,Logistic regression,holm,0.0005011999965063296
1.0,0.5,0.0,8,16,1.0,1.0,0,0.011933165419273362,143,HistGradientBoosting,normal_bonferroni,0.00044070000149076805
1.0,0.5625,0.0,9,16,1.0,1.0,0,0.011933165419273362,143,HistGradientBoosting,multiplier,0.0022020999967935495
1.0,0.4375,0.0,7,16,1.0,1.0,0,0.011933165419273362,143,HistGradientBoosting,exact_bonferroni,0.0009012000009533949
1.0,0.1875,0.0,3,16,1.0,1.0,0,0.011933165419273362,143,HistGradientBoosting,hoeffding,0.0003052000029128976
1.0,0.5,0.0,8,16,1.0,1.0,0,0.011933165419273362,143,HistGradientBoosting,holm,0.0005454999991343357
1.0,0.125,0.0,2,16,1.0,1.0,2,0.012093982467268283,144,Logistic regression,normal_bonferroni,0.0007622999983141199
1.0,0.375,0.0,6,16,1.0,1.0,2,0.012093982467268283,144,Logistic regression,multiplier,0.00280209999618819
1.0,0.0625,0.0,1,16,1.0,1.0,2,0.012093982467268283,144,Logistic regression,exact_bonferroni,0.0010579000008874573
1.0,0.0,0.0,0,16,1.0,1.0,2,0.012093982467268283,144,Logistic regression,hoeffding,0.0003173000004608184
1.0,0.0625,0.0,1,16,1.0,1.0,2,0.012093982467268283,144,Logistic regression,holm,0.0005559999990509823
1.0,0.9375,0.0,15,16,1.0,1.0,0,0.011893351468958202,144,HistGradientBoosting,normal_bonferroni,0.0007980000009411015
1.0,0.9375,0.0,15,16,1.0,1.0,0,0.011893351468958202,144,HistGradientBoosting,multiplier,0.002527399999962654
1.0,0.8125,0.0,13,16,1.0,1.0,0,0.011893351468958202,144,HistGradientBoosting,exact_bonferroni,0.0009178999971481971
1.0,0.5625,0.0,9,16,1.0,1.0,0,0.011893351468958202,144,HistGradientBoosting,hoeffding,0.00035429999843472615
1.0,1.0,0.0,16,16,1.0,1.0,0,0.011893351468958202,144,HistGradientBoosting,holm,0.0005520000049727969
1.0,0.0625,0.0,1,16,1.0,1.0,4,0.012141789535848269,145,Logistic regression,normal_bonferroni,0.000789700003224425
1.0,0.25,0.0,4,16,0.0,1.0,4,0.012141789535848269,145,Logistic regression,multiplier,0.0028180000008433126
1.0,0.0625,0.0,1,16,1.0,1.0,4,0.012141789535848269,145,Logistic regression,exact_bonferroni,0.0009585999941918999
1.0,0.0,0.0,0,16,1.0,1.0,4,0.012141789535848269,145,Logistic regression,hoeffding,0.000341799997841008
1.0,0.0625,0.0,1,16,1.0,1.0,4,0.012141789535848269,145,Logistic regression,holm,0.0005539000048884191
1.0,0.375,0.0,6,16,1.0,1.0,0,0.01200188615449524,145,HistGradientBoosting,normal_bonferroni,0.0007517999983974732
1.0,0.5625,0.0,9,16,1.0,1.0,0,0.01200188615449524,145,HistGradientBoosting,multiplier,0.002608899994811509
1.0,0.3125,0.0,5,16,1.0,1.0,0,0.01200188615449524,145,HistGradientBoosting,exact_bonferroni,0.001291799999307841
1.0,0.1875,0.0,3,16,1.0,1.0,0,0.01200188615449524,145,HistGradientBoosting,hoeffding,0.00024200000189011917
1.0,0.375,0.0,6,16,1.0,1.0,0,0.01200188615449524,145,HistGradientBoosting,holm,0.00032360000477638096
1.0,0.0625,0.0,1,16,1.0,1.0,1,0.012090525594576351,146,Logistic regression,normal_bonferroni,0.0008422000028076582
1.0,0.0625,0.0,1,16,1.0,1.0,1,0.012090525594576351,146,Logistic regression,multiplier,0.002808299999742303
1.0,0.0,0.0,0,16,1.0,1.0,1,0.012090525594576351,146,Logistic regression,exact_bonferroni,0.000949500004935544
1.0,0.0,0.0,0,16,1.0,1.0,1,0.012090525594576351,146,Logistic regression,hoeffding,0.00030890000198269263
1.0,0.0,0.0,0,16,1.0,1.0,1,0.012090525594576351,146,Logistic regression,holm,0.0007111000013537705
1.0,0.1875,0.0,3,16,1.0,1.0,0,0.01192098690667387,146,HistGradientBoosting,normal_bonferroni,0.0007560000012745149
1.0,0.25,0.0,4,16,1.0,1.0,0,0.01192098690667387,146,HistGradientBoosting,multiplier,0.002616199999465607
1.0,0.1875,0.0,3,16,1.0,1.0,0,0.01192098690667387,146,HistGradientBoosting,exact_bonferroni,0.0009049000000231899
1.0,0.1875,0.0,3,16,1.0,1.0,0,0.01192098690667387,146,HistGradientBoosting,hoeffding,0.0003006999977515079
1.0,0.1875,0.0,3,16,1.0,1.0,0,0.01192098690667387,146,HistGradientBoosting,holm,0.0005024000056437217
1.0,0.0,0.0,0,16,1.0,1.0,3,0.012106006006612574,147,Logistic regression,normal_bonferroni,0.0007981000017025508
1.0,0.0625,0.0,1,16,1.0,1.0,3,0.012106006006612574,147,Logistic regression,multiplier,0.0027929999996558763
1.0,0.0,0.0,0,16,1.0,1.0,3,0.012106006006612574,147,Logistic regression,exact_bonferroni,0.0011865000051329844
1.0,0.0,0.0,0,16,1.0,1.0,3,0.012106006006612574,147,Logistic regression,hoeffding,0.00038050000148359686
1.0,0.0,0.0,0,16,1.0,1.0,3,0.012106006006612574,147,Logistic regression,holm,0.0005406999989645556
1.0,0.4375,0.0,7,16,1.0,1.0,0,0.011985595824086731,147,HistGradientBoosting,normal_bonferroni,0.0008106000022962689
1.0,0.5,0.0,8,16,1.0,1.0,0,0.011985595824086731,147,HistGradientBoosting,multiplier,0.0027065000031143427
1.0,0.4375,0.0,7,16,1.0,1.0,0,0.011985595824086731,147,HistGradientBoosting,exact_bonferroni,0.0009225000030710362
1.0,0.125,0.0,2,16,1.0,1.0,0,0.011985595824086731,147,HistGradientBoosting,hoeffding,0.00033799999800976366
1.0,0.4375,0.0,7,16,1.0,1.0,0,0.011985595824086731,147,HistGradientBoosting,holm,0.0005536999960895628
1.0,0.3125,0.0,5,16,1.0,1.0,4,0.01211621860156531,148,Logistic regression,normal_bonferroni,0.0008639000006951392
1.0,0.5625,0.0,9,16,1.0,1.0,4,0.01211621860156531,148,Logistic regression,multiplier,0.0029715999990003183
1.0,0.3125,0.0,5,16,1.0,1.0,4,0.01211621860156531,148,Logistic regression,exact_bonferroni,0.000953500006289687
1.0,0.1875,0.0,3,16,1.0,1.0,4,0.01211621860156531,148,Logistic regression,hoeffding,0.00033400000393157825
1.0,0.3125,0.0,5,16,1.0,1.0,4,0.01211621860156531,148,Logistic regression,holm,0.0005256000004010275
1.0,0.6875,0.0,11,16,1.0,1.0,0,0.011940908449163151,148,HistGradientBoosting,normal_bonferroni,0.0007882999998400919
1.0,0.6875,0.0,11,16,1.0,1.0,0,0.011940908449163151,148,HistGradientBoosting,multiplier,0.0025680999970063567
1.0,0.6875,0.0,11,16,1.0,1.0,0,0.011940908449163151,148,HistGradientBoosting,exact_bonferroni,0.000833400001283735
1.0,0.5,0.0,8,16,1.0,1.0,0,0.011940908449163151,148,HistGradientBoosting,hoeffding,0.0002769999991869554
1.0,0.6875,0.0,11,16,1.0,1.0,0,0.011940908449163151,148,HistGradientBoosting,holm,0.0004936000041197985
1.0,0.625,0.0,10,16,1.0,1.0,0,0.01204111711140085,149,Logistic regression,normal_bonferroni,0.0007707000040682033
1.0,0.6875,0.0,11,16,1.0,1.0,0,0.01204111711140085,149,Logistic regression,multiplier,0.0028284999934840016
1.0,0.625,0.0,10,16,1.0,1.0,0,0.01204111711140085,149,Logistic regression,exact_bonferroni,0.0009480000007897615
1.0,0.1875,0.0,3,16,1.0,1.0,0,0.01204111711140085,149,Logistic regression,hoeffding,0.00032140000257641077
1.0,0.6875,0.0,11,16,1.0,1.0,0,0.01204111711140085,149,Logistic regression,holm,0.000563900000997819
1.0,0.9375,0.0,15,16,1.0,1.0,0,0.011874317458244688,149,HistGradientBoosting,normal_bonferroni,0.0006351999982143752
1.0,0.9375,0.0,15,16,1.0,1.0,0,0.011874317458244688,149,HistGradientBoosting,multiplier,0.0022137999985716306
1.0,0.9375,0.0,15,16,1.0,1.0,0,0.011874317458244688,149,HistGradientBoosting,exact_bonferroni,0.0008736000017961487
1.0,0.6875,0.0,11,16,1.0,1.0,0,0.011874317458244688,149,HistGradientBoosting,hoeffding,0.0006390999988070689
1.0,1.0,0.0,16,16,1.0,1.0,0,0.011874317458244688,149,HistGradientBoosting,holm,0.00038859999767737463
1.0,0.0,0.0,0,16,1.0,1.0,6,0.012154573090171095,150,Logistic regression,normal_bonferroni,0.0008196000053430907
1.0,0.0,0.0,0,16,1.0,1.0,6,0.012154573090171095,150,Logistic regression,multiplier,0.002952500006358605
1.0,0.0,0.0,0,16,1.0,1.0,6,0.012154573090171095,150,Logistic regression,exact_bonferroni,0.0009840999991865829
1.0,0.0,0.0,0,16,1.0,1.0,6,0.012154573090171095,150,Logistic regression,hoeffding,0.0003371999991941266
1.0,0.0,0.0,0,16,1.0,1.0,6,0.012154573090171095,150,Logistic regression,holm,0.000600200000917539
1.0,0.9375,0.0,15,16,1.0,1.0,0,0.01195913844490648,150,HistGradientBoosting,normal_bonferroni,0.0007207000016933307
1.0,1.0,0.0,16,16,1.0,1.0,0,0.01195913844490648,150,HistGradientBoosting,multiplier,0.0026358999966760166
1.0,0.8125,0.0,13,16,1.0,1.0,0,0.01195913844490648,150,HistGradientBoosting,exact_bonferroni,0.0008808999991742894
1.0,0.1875,0.0,3,16,1.0,1.0,0,0.01195913844490648,150,HistGradientBoosting,hoeffding,0.00029409999842755497
1.0,1.0,0.0,16,16,1.0,1.0,0,0.01195913844490648,150,HistGradientBoosting,holm,0.000534200000402052
1.0,0.125,0.0,2,16,1.0,1.0,0,0.012051864272402374,151,Logistic regression,normal_bonferroni,0.0008777999973972328
1.0,0.25,0.0,4,16,1.0,1.0,0,0.012051864272402374,151,Logistic regression,multiplier,0.003019000003405381
1.0,0.125,0.0,2,16,1.0,1.0,0,0.012051864272402374,151,Logistic regression,exact_bonferroni,0.001171000003523659
1.0,0.0,0.0,0,16,1.0,1.0,0,0.012051864272402374,151,Logistic regression,hoeffding,0.000363499995728489
1.0,0.125,0.0,2,16,1.0,1.0,0,0.012051864272402374,151,Logistic regression,holm,0.0007896000024629757
1.0,0.75,0.0,12,16,1.0,1.0,0,0.01188936326608267,151,HistGradientBoosting,normal_bonferroni,0.0008868000004440546
1.0,0.75,0.0,12,16,1.0,1.0,0,0.01188936326608267,151,HistGradientBoosting,multiplier,0.0027296999978716485
1.0,0.625,0.0,10,16,1.0,1.0,0,0.01188936326608267,151,HistGradientBoosting,exact_bonferroni,0.0009422999937669374
1.0,0.375,0.0,6,16,1.0,1.0,0,0.01188936326608267,151,HistGradientBoosting,hoeffding,0.0002992000008816831
1.0,0.75,0.0,12,16,1.0,1.0,0,0.01188936326608267,151,HistGradientBoosting,holm,0.0005252000046311878
1.0,0.0625,0.0,1,16,1.0,1.0,0,0.012066058099063831,152,Logistic regression,normal_bonferroni,0.0008166999978129752
1.0,0.125,0.0,2,16,1.0,1.0,0,0.012066058099063831,152,Logistic regression,multiplier,0.002936800003226381
1.0,0.0625,0.0,1,16,1.0,1.0,0,0.012066058099063831,152,Logistic regression,exact_bonferroni,0.0009308000007877126
1.0,0.0,0.0,0,16,1.0,1.0,0,0.012066058099063831,152,Logistic regression,hoeffding,0.00033709999843267724
1.0,0.0625,0.0,1,16,1.0,1.0,0,0.012066058099063831,152,Logistic regression,holm,0.0005061999981990084
1.0,0.5,0.0,8,16,1.0,1.0,0,0.011901792907475145,152,HistGradientBoosting,normal_bonferroni,0.0008491999979014508
1.0,0.5625,0.0,9,16,1.0,1.0,0,0.011901792907475145,152,HistGradientBoosting,multiplier,0.0030064000020502135
1.0,0.5,0.0,8,16,1.0,1.0,0,0.011901792907475145,152,HistGradientBoosting,exact_bonferroni,0.0009957000002032146
1.0,0.375,0.0,6,16,1.0,1.0,0,0.011901792907475145,152,HistGradientBoosting,hoeffding,0.00038839999615447596
1.0,0.5625,0.0,9,16,1.0,1.0,0,0.011901792907475145,152,HistGradientBoosting,holm,0.0005945000011706725
1.0,0.0,0.0,0,16,1.0,1.0,8,0.01217408709553991,153,Logistic regression,normal_bonferroni,0.000855099999171216
1.0,0.0,0.0,0,16,1.0,1.0,8,0.01217408709553991,153,Logistic regression,multiplier,0.0031108000039239414
1.0,0.0,0.0,0,16,1.0,1.0,8,0.01217408709553991,153,Logistic regression,exact_bonferroni,0.0010755000039353035
1.0,0.0,0.0,0,16,1.0,1.0,8,0.01217408709553991,153,Logistic regression,hoeffding,0.00036270000418880954
1.0,0.0,0.0,0,16,1.0,1.0,8,0.01217408709553991,153,Logistic regression,holm,0.000560500004212372
1.0,0.75,0.0,12,16,1.0,1.0,0,0.011977144505849913,153,HistGradientBoosting,normal_bonferroni,0.0007524000029661693
1.0,0.8125,0.0,13,16,1.0,1.0,0,0.011977144505849913,153,HistGradientBoosting,multiplier,0.0027277000044705346
1.0,0.6875,0.0,11,16,1.0,1.0,0,0.011977144505849913,153,HistGradientBoosting,exact_bonferroni,0.0009199000051012263
1.0,0.4375,0.0,7,16,1.0,1.0,0,0.011977144505849913,153,HistGradientBoosting,hoeffding,0.00031060000037541613
1.0,0.8125,0.0,13,16,1.0,1.0,0,0.011977144505849913,153,HistGradientBoosting,holm,0.0006707000065944158
1.0,0.375,0.0,6,16,1.0,1.0,2,0.012092687264989577,154,Logistic regression,normal_bonferroni,0.0006718000004184432
1.0,0.625,0.0,10,16,0.0,1.0,2,0.012092687264989577,154,Logistic regression,multiplier,0.002700400000321679
1.0,0.25,0.0,4,16,1.0,1.0,2,0.012092687264989577,154,Logistic regression,exact_bonferroni,0.0015386000013677403
1.0,0.125,0.0,2,16,1.0,1.0,2,0.012092687264989577,154,Logistic regression,hoeffding,0.0003721000030054711
1.0,0.375,0.0,6,16,1.0,1.0,2,0.012092687264989577,154,Logistic regression,holm,0.0005403999966802076
1.0,1.0,0.0,16,16,1.0,1.0,0,0.01188936326608267,154,HistGradientBoosting,normal_bonferroni,0.0007511000003432855
1.0,1.0,0.0,16,16,1.0,1.0,0,0.01188936326608267,154,HistGradientBoosting,multiplier,0.002756599998974707
1.0,1.0,0.0,16,16,1.0,1.0,0,0.01188936326608267,154,HistGradientBoosting,exact_bonferroni,0.0008520999981556088
1.0,0.8125,0.0,13,16,1.0,1.0,0,0.01188936326608267,154,HistGradientBoosting,hoeffding,0.0002976000032504089
1.0,1.0,0.0,16,16,1.0,1.0,0,0.01188936326608267,154,HistGradientBoosting,holm,0.0005495000004884787
1.0,0.0625,0.0,1,16,1.0,1.0,1,0.012079224385639159,155,Logistic regression,normal_bonferroni,0.0007380999959423207
1.0,0.0625,0.0,1,16,1.0,1.0,1,0.012079224385639159,155,Logistic regression,multiplier,0.0026712000035331585
1.0,0.0625,0.0,1,16,1.0,1.0,1,0.012079224385639159,155,Logistic regression,exact_bonferroni,0.0008772000001044944
1.0,0.0,0.0,0,16,1.0,1.0,1,0.012079224385639159,155,Logistic regression,hoeffding,0.00029370000265771523
1.0,0.0625,0.0,1,16,1.0,1.0,1,0.012079224385639159,155,Logistic regression,holm,0.000494699997943826
1.0,0.9375,0.0,15,16,1.0,1.0,0,0.011875324942199061,155,HistGradientBoosting,normal_bonferroni,0.0007755999977234751
1.0,1.0,0.0,16,16,1.0,1.0,0,0.011875324942199061,155,HistGradientBoosting,multiplier,0.002673700000741519
1.0,0.875,0.0,14,16,1.0,1.0,0,0.011875324942199061,155,HistGradientBoosting,exact_bonferroni,0.000890600000275299
1.0,0.6875,0.0,11,16,1.0,1.0,0,0.011875324942199061,155,HistGradientBoosting,hoeffding,0.00030169999809004366
1.0,1.0,0.0,16,16,1.0,1.0,0,0.011875324942199061,155,HistGradientBoosting,holm,0.0005084000003989786
1.0,0.125,0.0,2,16,1.0,1.0,5,0.012132630978901465,156,Logistic regression,normal_bonferroni,0.00046130000555422157
1.0,0.1875,0.0,3,16,1.0,1.0,5,0.012132630978901465,156,Logistic regression,multiplier,0.0016603999974904582
1.0,0.125,0.0,2,16,1.0,1.0,5,0.012132630978901465,156,Logistic regression,exact_bonferroni,0.0005796000041300431
1.0,0.0625,0.0,1,16,1.0,1.0,5,0.012132630978901465,156,Logistic regression,hoeffding,0.00022050000552553684
1.0,0.125,0.0,2,16,1.0,1.0,5,0.012132630978901465,156,Logistic regression,holm,0.0003139000036753714
1.0,0.6875,0.0,11,16,1.0,1.0,0,0.012000960348727774,156,HistGradientBoosting,normal_bonferroni,0.0005110999991302378
1.0,0.8125,0.0,13,16,1.0,1.0,0,0.012000960348727774,156,HistGradientBoosting,multiplier,0.001652200000535231
1.0,0.6875,0.0,11,16,1.0,1.0,0,0.012000960348727774,156,HistGradientBoosting,exact_bonferroni,0.0005180000007385388
1.0,0.375,0.0,6,16,1.0,1.0,0,0.012000960348727774,156,HistGradientBoosting,hoeffding,0.0001751000017975457
1.0,1.0,0.0,16,16,1.0,1.0,0,0.012000960348727774,156,HistGradientBoosting,holm,0.0003175999954692088
1.0,0.0,0.0,0,16,1.0,1.0,3,0.012087059117578902,157,Logistic regression,normal_bonferroni,0.00043649999861372635
1.0,0.0,0.0,0,16,1.0,1.0,3,0.012087059117578902,157,Logistic regression,multiplier,0.0015156999943428673
1.0,0.0,0.0,0,16,1.0,1.0,3,0.012087059117578902,157,Logistic regression,exact_bonferroni,0.000491300001158379
1.0,0.0,0.0,0,16,1.0,1.0,3,0.012087059117578902,157,Logistic regression,hoeffding,0.00017600000137463212
1.0,0.0,0.0,0,16,1.0,1.0,3,0.012087059117578902,157,Logistic regression,holm,0.0003147000024910085
1.0,0.25,0.0,4,16,1.0,1.0,0,0.011925870038016512,157,HistGradientBoosting,normal_bonferroni,0.0007005000006756745
1.0,0.3125,0.0,5,16,1.0,1.0,0,0.011925870038016512,157,HistGradientBoosting,multiplier,0.0026332999987062067
1.0,0.25,0.0,4,16,1.0,1.0,0,0.011925870038016512,157,HistGradientBoosting,exact_bonferroni,0.0008606999981566332
1.0,0.125,0.0,2,16,1.0,1.0,0,0.011925870038016512,157,HistGradientBoosting,hoeffding,0.00029879999783588573
1.0,0.25,0.0,4,16,1.0,1.0,0,0.011925870038016512,157,HistGradientBoosting,holm,0.0004958999998052604
1.0,0.0,0.0,0,16,1.0,1.0,4,0.012138883236243958,158,Logistic regression,normal_bonferroni,0.0008086000016191974
1.0,0.0,0.0,0,16,1.0,1.0,4,0.012138883236243958,158,Logistic regression,multiplier,0.002715999995416496
1.0,0.0,0.0,0,16,1.0,1.0,4,0.012138883236243958,158,Logistic regression,exact_bonferroni,0.0008947000023908913
1.0,0.0,0.0,0,16,1.0,1.0,4,0.012138883236243958,158,Logistic regression,hoeffding,0.00033680000342428684
1.0,0.0,0.0,0,16,1.0,1.0,4,0.012138883236243958,158,Logistic regression,holm,0.0005285000006551854
1.0,0.625,0.0,10,16,1.0,1.0,0,0.011894346942564193,158,HistGradientBoosting,normal_bonferroni,0.000717400005669333
1.0,0.75,0.0,12,16,1.0,1.0,0,0.011894346942564193,158,HistGradientBoosting,multiplier,0.002572999997937586
1.0,0.625,0.0,10,16,1.0,1.0,0,0.011894346942564193,158,HistGradientBoosting,exact_bonferroni,0.0008827000056044199
1.0,0.25,0.0,4,16,1.0,1.0,0,0.011894346942564193,158,HistGradientBoosting,hoeffding,0.0002963999941130169
1.0,0.75,0.0,12,16,1.0,1.0,0,0.011894346942564193,158,HistGradientBoosting,holm,0.0005017000003135763
1.0,0.0,0.0,0,16,1.0,1.0,4,0.012108993565137866,159,Logistic regression,normal_bonferroni,0.0007174999991548248
1.0,0.0,0.0,0,16,1.0,1.0,4,0.012108993565137866,159,Logistic regression,multiplier,0.002835300001606811
1.0,0.0,0.0,0,16,1.0,1.0,4,0.012108993565137866,159,Logistic regression,exact_bonferroni,0.0009992999985115603
1.0,0.0,0.0,0,16,1.0,1.0,4,0.012108993565137866,159,Logistic regression,hoeffding,0.00031650000164518133
1.0,0.0,0.0,0,16,1.0,1.0,4,0.012108993565137866,159,Logistic regression,holm,0.000520200002938509
1.0,0.8125,0.0,13,16,1.0,1.0,0,0.011885865302805637,159,HistGradientBoosting,normal_bonferroni,0.0007507000045734458
1.0,0.8125,0.0,13,16,1.0,1.0,0,0.011885865302805637,159,HistGradientBoosting,multiplier,0.0024678999980096705
1.0,0.8125,0.0,13,16,1.0,1.0,0,0.011885865302805637,159,HistGradientBoosting,exact_bonferroni,0.0008046000002650544
1.0,0.5,0.0,8,16,1.0,1.0,0,0.011885865302805637,159,HistGradientBoosting,hoeffding,0.00027659999614115804
1.0,0.9375,0.0,15,16,1.0,1.0,0,0.011885865302805637,159,HistGradientBoosting,holm,0.0005014000053051859
1.0,0.0,0.0,0,16,1.0,1.0,2,0.012094413901463708,160,Logistic regression,normal_bonferroni,0.0007151000027079135
1.0,0.0625,0.0,1,16,1.0,1.0,2,0.012094413901463708,160,Logistic regression,multiplier,0.0028667000005953014
1.0,0.0,0.0,0,16,1.0,1.0,2,0.012094413901463708,160,Logistic regression,exact_bonferroni,0.0009744999988470227
1.0,0.0,0.0,0,16,1.0,1.0,2,0.012094413901463708,160,Logistic regression,hoeffding,0.00030050000350456685
1.0,0.0,0.0,0,16,1.0,1.0,2,0.012094413901463708,160,Logistic regression,holm,0.0005050999970990233
1.0,0.625,0.0,10,16,1.0,1.0,0,0.011868259240513823,160,HistGradientBoosting,normal_bonferroni,0.000723700002708938
1.0,0.6875,0.0,11,16,1.0,1.0,0,0.011868259240513823,160,HistGradientBoosting,multiplier,0.0028583000021171756
1.0,0.5,0.0,8,16,1.0,1.0,0,0.011868259240513823,160,HistGradientBoosting,exact_bonferroni,0.0008874000050127506
1.0,0.25,0.0,4,16,1.0,1.0,0,0.011868259240513823,160,HistGradientBoosting,hoeffding,0.00029999999969732016
1.0,0.6875,0.0,11,16,1.0,1.0,0,0.011868259240513823,160,HistGradientBoosting,holm,0.0005358999987947755
1.0,0.0,0.0,0,16,1.0,1.0,4,0.012099579422461065,161,Logistic regression,normal_bonferroni,0.0008106000022962689
1.0,0.0,0.0,0,16,1.0,1.0,4,0.012099579422461065,161,Logistic regression,multiplier,0.0029243999961181544
1.0,0.0,0.0,0,16,1.0,1.0,4,0.012099579422461065,161,Logistic regression,exact_bonferroni,0.0009859000056167133
1.0,0.0,0.0,0,16,1.0,1.0,4,0.012099579422461065,161,Logistic regression,hoeffding,0.000357000004441943
1.0,0.0,0.0,0,16,1.0,1.0,4,0.012099579422461065,161,Logistic regression,holm,0.000548999996681232
1.0,0.8125,0.0,13,16,1.0,1.0,0,0.011900306548662976,161,HistGradientBoosting,normal_bonferroni,0.0008491999979014508
1.0,0.875,0.0,14,16,1.0,1.0,0,0.011900306548662976,161,HistGradientBoosting,multiplier,0.0029657000050065108
1.0,0.75,0.0,12,16,1.0,1.0,0,0.011900306548662976,161,HistGradientBoosting,exact_bonferroni,0.0010403999986010604
1.0,0.1875,0.0,3,16,1.0,1.0,0,0.011900306548662976,161,HistGradientBoosting,hoeffding,0.000356399999873247
1.0,1.0,0.0,16,16,1.0,1.0,0,0.011900306548662976,161,HistGradientBoosting,holm,0.0005652999971061945
1.0,0.0,0.0,0,16,1.0,1.0,0,0.012077913859127043,162,Logistic regression,normal_bonferroni,0.0008348000046680681
1.0,0.0,0.0,0,16,1.0,1.0,0,0.012077913859127043,162,Logistic regression,multiplier,0.0022125000032247044
1.0,0.0,0.0,0,16,1.0,1.0,0,0.012077913859127043,162,Logistic regression,exact_bonferroni,0.000981699995463714
1.0,0.0,0.0,0,16,1.0,1.0,0,0.012077913859127043,162,Logistic regression,hoeffding,0.00035570000181905925
1.0,0.0,0.0,0,16,1.0,1.0,0,0.012077913859127043,162,Logistic regression,holm,0.0005380000002332963
1.0,0.0625,0.0,1,16,1.0,1.0,0,0.011960091706268106,162,HistGradientBoosting,normal_bonferroni,0.0006987999950069934
1.0,0.0625,0.0,1,16,1.0,1.0,0,0.011960091706268106,162,HistGradientBoosting,multiplier,0.0024160000029951334
1.0,0.0625,0.0,1,16,1.0,1.0,0,0.011960091706268106,162,HistGradientBoosting,exact_bonferroni,0.0008375999968848191
1.0,0.0,0.0,0,16,1.0,1.0,0,0.011960091706268106,162,HistGradientBoosting,hoeffding,0.00028369999927235767
1.0,0.0625,0.0,1,16,1.0,1.0,0,0.011960091706268106,162,HistGradientBoosting,holm,0.00048719999904278666
1.0,0.0625,0.0,1,16,1.0,1.0,0,0.012067821445359839,163,Logistic regression,normal_bonferroni,0.0009341000040876679
1.0,0.25,0.0,4,16,1.0,1.0,0,0.012067821445359839,163,Logistic regression,multiplier,0.00315509999927599
1.0,0.0,0.0,0,16,1.0,1.0,0,0.012067821445359839,163,Logistic regression,exact_bonferroni,0.0010830999963218346
1.0,0.0,0.0,0,16,1.0,1.0,0,0.012067821445359839,163,Logistic regression,hoeffding,0.0003397000036784448
1.0,0.0,0.0,0,16,1.0,1.0,0,0.012067821445359839,163,Logistic regression,holm,0.0005515999946510419
1.0,0.5,0.0,8,16,1.0,1.0,0,0.011949091720682703,163,HistGradientBoosting,normal_bonferroni,0.002793999999994412
1.0,0.5625,0.0,9,16,1.0,1.0,0,0.011949091720682703,163,HistGradientBoosting,multiplier,0.002854899998055771
1.0,0.5,0.0,8,16,1.0,1.0,0,0.011949091720682703,163,HistGradientBoosting,exact_bonferroni,0.0009470000004512258
1.0,0.375,0.0,6,16,1.0,1.0,0,0.011949091720682703,163,HistGradientBoosting,hoeffding,0.0006678999998257495
1.0,0.5625,0.0,9,16,1.0,1.0,0,0.011949091720682703,163,HistGradientBoosting,holm,0.00037570000131381676
1.0,0.0625,0.0,1,16,1.0,1.0,0,0.012027105810457434,164,Logistic regression,normal_bonferroni,0.0008337999970535748
1.0,0.375,0.0,6,16,1.0,1.0,0,0.012027105810457434,164,Logistic regression,multiplier,0.0030027000029804185
1.0,0.0,0.0,0,16,1.0,1.0,0,0.012027105810457434,164,Logistic regression,exact_bonferroni,0.001022799995553214
1.0,0.0,0.0,0,16,1.0,1.0,0,0.012027105810457434,164,Logistic regression,hoeffding,0.00034919999598059803
1.0,0.0,0.0,0,16,1.0,1.0,0,0.012027105810457434,164,Logistic regression,holm,0.0006150000044726767
1.0,0.8125,0.0,13,16,1.0,1.0,0,0.01185301365319294,164,HistGradientBoosting,normal_bonferroni,0.0007218999962788075
1.0,0.9375,0.0,15,16,1.0,1.0,0,0.01185301365319294,164,HistGradientBoosting,multiplier,0.0025846999997156672
1.0,0.75,0.0,12,16,1.0,1.0,0,0.01185301365319294,164,HistGradientBoosting,exact_bonferroni,0.0008866999996826053
1.0,0.375,0.0,6,16,1.0,1.0,0,0.01185301365319294,164,HistGradientBoosting,hoeffding,0.00030620000325143337
1.0,1.0,0.0,16,16,1.0,1.0,0,0.01185301365319294,164,HistGradientBoosting,holm,0.0005228000009083189
1.0,0.3125,0.0,5,16,1.0,1.0,3,0.012084452952023761,165,Logistic regression,normal_bonferroni,0.0007244000007631257
1.0,0.5625,0.0,9,16,1.0,1.0,3,0.012084452952023761,165,Logistic regression,multiplier,0.002567099996667821
1.0,0.25,0.0,4,16,1.0,1.0,3,0.012084452952023761,165,Logistic regression,exact_bonferroni,0.0008650000017951243
1.0,0.0,0.0,0,16,1.0,1.0,3,0.012084452952023761,165,Logistic regression,hoeffding,0.00029599999834317714
1.0,0.3125,0.0,5,16,1.0,1.0,3,0.012084452952023761,165,Logistic regression,holm,0.0004896000027656555
1.0,0.8125,0.0,13,16,1.0,1.0,0,0.011887865086346677,165,HistGradientBoosting,normal_bonferroni,0.0007979999936651438
1.0,0.8125,0.0,13,16,1.0,1.0,0,0.011887865086346677,165,HistGradientBoosting,multiplier,0.0020884999976260588
1.0,0.8125,0.0,13,16,1.0,1.0,0,0.011887865086346677,165,HistGradientBoosting,exact_bonferroni,0.000905399996554479
1.0,0.5625,0.0,9,16,1.0,1.0,0,0.011887865086346677,165,HistGradientBoosting,hoeffding,0.0002917000019806437
1.0,1.0,0.0,16,16,1.0,1.0,0,0.011887865086346677,165,HistGradientBoosting,holm,0.0005116999964229763
1.0,0.0625,0.0,1,16,1.0,1.0,7,0.012147580359190335,166,Logistic regression,normal_bonferroni,0.000760499999159947
1.0,0.0625,0.0,1,16,1.0,1.0,7,0.012147580359190335,166,Logistic regression,multiplier,0.0025777999981073663
1.0,0.0625,0.0,1,16,1.0,1.0,7,0.012147580359190335,166,Logistic regression,exact_bonferroni,0.0008441000027232803
1.0,0.0,0.0,0,16,1.0,1.0,7,0.012147580359190335,166,Logistic regression,hoeffding,0.00028840000595664605
1.0,0.0625,0.0,1,16,1.0,1.0,7,0.012147580359190335,166,Logistic regression,holm,0.0005200000014156103
1.0,0.625,0.0,10,16,1.0,1.0,0,0.01191117365202679,166,HistGradientBoosting,normal_bonferroni,0.0007367999933194369
1.0,0.6875,0.0,11,16,1.0,1.0,0,0.01191117365202679,166,HistGradientBoosting,multiplier,0.002550500001234468
1.0,0.5625,0.0,9,16,1.0,1.0,0,0.01191117365202679,166,HistGradientBoosting,exact_bonferroni,0.0008137999975588173
1.0,0.375,0.0,6,16,1.0,1.0,0,0.01191117365202679,166,HistGradientBoosting,hoeffding,0.00029800000629620627
1.0,0.6875,0.0,11,16,1.0,1.0,0,0.01191117365202679,166,HistGradientBoosting,holm,0.00047569999878760427
1.0,0.0,0.0,0,16,1.0,1.0,0,0.012074850694307387,167,Logistic regression,normal_bonferroni,0.0009207999974023551
1.0,0.0,0.0,0,16,1.0,1.0,0,0.012074850694307387,167,Logistic regression,multiplier,0.0034108000036212616
1.0,0.0,0.0,0,16,1.0,1.0,0,0.012074850694307387,167,Logistic regression,exact_bonferroni,0.0011805999965872616
1.0,0.0,0.0,0,16,1.0,1.0,0,0.012074850694307387,167,Logistic regression,hoeffding,0.00039709999691694975
1.0,0.0,0.0,0,16,1.0,1.0,0,0.012074850694307387,167,Logistic regression,holm,0.0006991999980527908
1.0,0.25,0.0,4,16,1.0,1.0,0,0.011837624703997546,167,HistGradientBoosting,normal_bonferroni,0.0008493999994243495
1.0,0.25,0.0,4,16,1.0,1.0,0,0.011837624703997546,167,HistGradientBoosting,multiplier,0.003225599997676909
1.0,0.1875,0.0,3,16,1.0,1.0,0,0.011837624703997546,167,HistGradientBoosting,exact_bonferroni,0.0007442999994964339
1.0,0.0,0.0,0,16,1.0,1.0,0,0.011837624703997546,167,HistGradientBoosting,hoeffding,0.000283199995465111
1.0,0.25,0.0,4,16,1.0,1.0,0,0.011837624703997546,167,HistGradientBoosting,holm,0.000399799995648209
1.0,0.375,0.0,6,16,1.0,1.0,0,0.012076601977763696,168,Logistic regression,normal_bonferroni,0.0008084000000962988
1.0,0.625,0.0,10,16,1.0,1.0,0,0.012076601977763696,168,Logistic regression,multiplier,0.0030533000026480295
1.0,0.25,0.0,4,16,1.0,1.0,0,0.012076601977763696,168,Logistic regression,exact_bonferroni,0.0010509999992791563
1.0,0.125,0.0,2,16,1.0,1.0,0,0.012076601977763696,168,Logistic regression,hoeffding,0.0005264999999781139
1.0,0.375,0.0,6,16,1.0,1.0,0,0.012076601977763696,168,Logistic regression,holm,0.0005444999987957999
1.0,1.0,0.0,16,16,1.0,1.0,0,0.011904267025711318,168,HistGradientBoosting,normal_bonferroni,0.0007393999985652044
1.0,1.0,0.0,16,16,1.0,1.0,0,0.011904267025711318,168,HistGradientBoosting,multiplier,0.002593700002762489
1.0,1.0,0.0,16,16,1.0,1.0,0,0.011904267025711318,168,HistGradientBoosting,exact_bonferroni,0.0008277000015368685
1.0,0.6875,0.0,11,16,1.0,1.0,0,0.011904267025711318,168,HistGradientBoosting,hoeffding,0.0003884999969159253
1.0,1.0,0.0,16,16,1.0,1.0,0,0.011904267025711318,168,HistGradientBoosting,holm,0.0004905000023427419
1.0,0.1875,0.0,3,16,1.0,1.0,3,0.01212970182691503,169,Logistic regression,normal_bonferroni,0.0007595999995828606
1.0,0.375,0.0,6,16,1.0,1.0,3,0.01212970182691503,169,Logistic regression,multiplier,0.002724799996940419
1.0,0.1875,0.0,3,16,1.0,1.0,3,0.01212970182691503,169,Logistic regression,exact_bonferroni,0.0009152999991783872
1.0,0.0,0.0,0,16,1.0,1.0,3,0.01212970182691503,169,Logistic regression,hoeffding,0.0003036999987671152
1.0,0.1875,0.0,3,16,1.0,1.0,3,0.01212970182691503,169,Logistic regression,holm,0.0005149999997229315
1.0,0.3125,0.0,5,16,1.0,1.0,0,0.01194572758503773,169,HistGradientBoosting,normal_bonferroni,0.00047279999853344634
1.0,0.375,0.0,6,16,1.0,1.0,0,0.01194572758503773,169,HistGradientBoosting,multiplier,0.0028087000027881004
1.0,0.3125,0.0,5,16,1.0,1.0,0,0.01194572758503773,169,HistGradientBoosting,exact_bonferroni,0.0010094999961438589
1.0,0.0625,0.0,1,16,1.0,1.0,0,0.01194572758503773,169,HistGradientBoosting,hoeffding,0.00036759999784408137
1.0,0.3125,0.0,5,16,1.0,1.0,0,0.01194572758503773,169,HistGradientBoosting,holm,0.0005690000034519471
1.0,0.25,0.0,4,16,1.0,1.0,0,0.01207397414872241,170,Logistic regression,normal_bonferroni,0.0007607000006828457
1.0,0.4375,0.0,7,16,1.0,1.0,0,0.01207397414872241,170,Logistic regression,multiplier,0.0028326000028755516
1.0,0.0625,0.0,1,16,1.0,1.0,0,0.01207397414872241,170,Logistic regression,exact_bonferroni,0.0009195000020554289
1.0,0.0,0.0,0,16,1.0,1.0,0,0.01207397414872241,170,Logistic regression,hoeffding,0.00034240000240970403
1.0,0.0625,0.0,1,16,1.0,1.0,0,0.01207397414872241,170,Logistic regression,holm,0.0005289999971864745
1.0,0.75,0.0,12,16,1.0,1.0,0,0.01189384928458706,170,HistGradientBoosting,normal_bonferroni,0.000887099995452445
1.0,0.75,0.0,12,16,1.0,1.0,0,0.01189384928458706,170,HistGradientBoosting,multiplier,0.0030131999956211075
1.0,0.75,0.0,12,16,1.0,1.0,0,0.01189384928458706,170,HistGradientBoosting,exact_bonferroni,0.0013102000011713244
1.0,0.5625,0.0,9,16,1.0,1.0,0,0.01189384928458706,170,HistGradientBoosting,hoeffding,0.00036329999420559034
1.0,0.8125,0.0,13,16,1.0,1.0,0,0.01189384928458706,170,HistGradientBoosting,holm,0.0005612000022665597
1.0,0.4375,0.0,7,16,1.0,1.0,2,0.012097859979173342,171,Logistic regression,normal_bonferroni,0.0007341000018641353
1.0,0.625,0.0,10,16,1.0,1.0,2,0.012097859979173342,171,Logistic regression,multiplier,0.0029451000009430572
1.0,0.375,0.0,6,16,1.0,1.0,2,0.012097859979173342,171,Logistic regression,exact_bonferroni,0.0006507999933091924
1.0,0.0625,0.0,1,16,1.0,1.0,2,0.012097859979173342,171,Logistic regression,hoeffding,0.00019050000264542177
1.0,0.4375,0.0,7,16,1.0,1.0,2,0.012097859979173342,171,Logistic regression,holm,0.0003096000000368804
1.0,1.0,0.0,16,16,1.0,1.0,0,0.011912157800264639,171,HistGradientBoosting,normal_bonferroni,0.0007152999969548546
1.0,1.0,0.0,16,16,1.0,1.0,0,0.011912157800264639,171,HistGradientBoosting,multiplier,0.002597700004116632
1.0,1.0,0.0,16,16,1.0,1.0,0,0.011912157800264639,171,HistGradientBoosting,exact_bonferroni,0.0008849000005284324
1.0,1.0,0.0,16,16,1.0,1.0,0,0.011912157800264639,171,HistGradientBoosting,hoeffding,0.000294400000711903
1.0,1.0,0.0,16,16,1.0,1.0,0,0.011912157800264639,171,HistGradientBoosting,holm,0.0005034999994677491
1.0,0.25,0.0,4,16,1.0,1.0,3,0.012108993565137866,172,Logistic regression,normal_bonferroni,0.0007542999956058338
1.0,0.25,0.0,4,16,1.0,1.0,3,0.012108993565137866,172,Logistic regression,multiplier,0.0026253000032738782
1.0,0.125,0.0,2,16,1.0,1.0,3,0.012108993565137866,172,Logistic regression,exact_bonferroni,0.0008966000023065135
1.0,0.0,0.0,0,16,1.0,1.0,3,0.012108993565137866,172,Logistic regression,hoeffding,0.00031229999876813963
1.0,0.1875,0.0,3,16,1.0,1.0,3,0.012108993565137866,172,Logistic regression,holm,0.0005304000005708076
1.0,0.5625,0.0,9,16,1.0,1.0,0,0.011905749609647964,172,HistGradientBoosting,normal_bonferroni,0.0008098999969661236
1.0,0.625,0.0,10,16,1.0,1.0,0,0.011905749609647964,172,HistGradientBoosting,multiplier,0.0026593000002321787
1.0,0.5,0.0,8,16,1.0,1.0,0,0.011905749609647964,172,HistGradientBoosting,exact_bonferroni,0.0011214999976800755
1.0,0.1875,0.0,3,16,1.0,1.0,0,0.011905749609647964,172,HistGradientBoosting,hoeffding,0.0003212000010535121
1.0,0.625,0.0,10,16,1.0,1.0,0,0.011905749609647964,172,HistGradientBoosting,holm,0.0005066000012448058
1.0,0.125,0.0,2,16,1.0,1.0,1,0.012082712502656134,173,Logistic regression,normal_bonferroni,0.000760499999159947
1.0,0.1875,0.0,3,16,1.0,1.0,1,0.012082712502656134,173,Logistic regression,multiplier,0.0030838000020594336
1.0,0.0625,0.0,1,16,1.0,1.0,1,0.012082712502656134,173,Logistic regression,exact_bonferroni,0.000665899999148678
1.0,0.0,0.0,0,16,1.0,1.0,1,0.012082712502656134,173,Logistic regression,hoeffding,0.000254700004006736
1.0,0.0625,0.0,1,16,1.0,1.0,1,0.012082712502656134,173,Logistic regression,holm,0.0006273000035434961
1.0,0.875,0.0,14,16,1.0,1.0,0,0.01185556452506617,173,HistGradientBoosting,normal_bonferroni,0.0008854999978211708
1.0,0.9375,0.0,15,16,1.0,1.0,0,0.01185556452506617,173,HistGradientBoosting,multiplier,0.0028582000013557263
1.0,0.75,0.0,12,16,1.0,1.0,0,0.01185556452506617,173,HistGradientBoosting,exact_bonferroni,0.0009941999960574321
1.0,0.375,0.0,6,16,1.0,1.0,0,0.01185556452506617,173,HistGradientBoosting,hoeffding,0.00035289999505039304
1.0,1.0,0.0,16,16,1.0,1.0,0,0.01185556452506617,173,HistGradientBoosting,holm,0.0006157000025268644
1.0,0.0,0.0,0,16,1.0,1.0,0,0.012049185673312868,174,Logistic regression,normal_bonferroni,0.0007446000017807819
1.0,0.0,0.0,0,16,1.0,1.0,0,0.012049185673312868,174,Logistic regression,multiplier,0.0025734000009833835
1.0,0.0,0.0,0,16,1.0,1.0,0,0.012049185673312868,174,Logistic regression,exact_bonferroni,0.0008855000050971285
1.0,0.0,0.0,0,16,1.0,1.0,0,0.012049185673312868,174,Logistic regression,hoeffding,0.0002964999948744662
1.0,0.0,0.0,0,16,1.0,1.0,0,0.012049185673312868,174,Logistic regression,holm,0.0004912999938824214
1.0,0.5625,0.0,9,16,1.0,1.0,0,0.011834013261076776,174,HistGradientBoosting,normal_bonferroni,0.0006980000034673139
1.0,0.6875,0.0,11,16,1.0,1.0,0,0.011834013261076776,174,HistGradientBoosting,multiplier,0.0024517999991076067
1.0,0.5,0.0,8,16,1.0,1.0,0,0.011834013261076776,174,HistGradientBoosting,exact_bonferroni,0.0008276000007754192
1.0,0.375,0.0,6,16,1.0,1.0,0,0.011834013261076776,174,HistGradientBoosting,hoeffding,0.00027850000333273783
1.0,0.5625,0.0,9,16,1.0,1.0,0,0.011834013261076776,174,HistGradientBoosting,holm,0.0005315000016707927
1.0,0.625,0.0,10,16,1.0,1.0,0,0.012053201526211532,175,Logistic regression,normal_bonferroni,0.000734799999918323
1.0,0.625,0.0,10,16,1.0,1.0,0,0.012053201526211532,175,Logistic regression,multiplier,0.0027722000013454817
1.0,0.625,0.0,10,16,1.0,1.0,0,0.012053201526211532,175,Logistic regression,exact_bonferroni,0.0009581999984220602
1.0,0.1875,0.0,3,16,1.0,1.0,0,0.012053201526211532,175,Logistic regression,hoeffding,0.00036109999928157777
1.0,0.625,0.0,10,16,1.0,1.0,0,0.012053201526211532,175,Logistic regression,holm,0.0005188999930396676
1.0,1.0,0.0,16,16,1.0,1.0,0,0.011896335998352242,175,HistGradientBoosting,normal_bonferroni,0.0006890000004204921
1.0,1.0,0.0,16,16,1.0,1.0,0,0.011896335998352242,175,HistGradientBoosting,multiplier,0.0026845999964280054
1.0,1.0,0.0,16,16,1.0,1.0,0,0.011896335998352242,175,HistGradientBoosting,exact_bonferroni,0.0009177000029012561
1.0,0.8125,0.0,13,16,1.0,1.0,0,0.011896335998352242,175,HistGradientBoosting,hoeffding,0.00028000000020256266
1.0,1.0,0.0,16,16,1.0,1.0,0,0.011896335998352242,175,HistGradientBoosting,holm,0.0005148999989614822
1.0,0.0,0.0,0,16,1.0,1.0,3,0.012144688575093654,176,Logistic regression,normal_bonferroni,0.0007331000015255995
1.0,0.0,0.0,0,16,1.0,1.0,3,0.012144688575093654,176,Logistic regression,multiplier,0.0027629999967757612
1.0,0.0,0.0,0,16,1.0,1.0,3,0.012144688575093654,176,Logistic regression,exact_bonferroni,0.0009253999960492365
1.0,0.0,0.0,0,16,1.0,1.0,3,0.012144688575093654,176,Logistic regression,hoeffding,0.0003100000030826777
1.0,0.0,0.0,0,16,1.0,1.0,3,0.012144688575093654,176,Logistic regression,holm,0.0005549999987124465
1.0,0.875,0.0,14,16,1.0,1.0,0,0.011900306548662976,176,HistGradientBoosting,normal_bonferroni,0.0007904000012786128
1.0,0.9375,0.0,15,16,1.0,1.0,0,0.011900306548662976,176,HistGradientBoosting,multiplier,0.0027536000052350573
1.0,0.875,0.0,14,16,1.0,1.0,0,0.011900306548662976,176,HistGradientBoosting,exact_bonferroni,0.0009053000030689873
1.0,0.625,0.0,10,16,1.0,1.0,0,0.011900306548662976,176,HistGradientBoosting,hoeffding,0.00044440000056056306
1.0,1.0,0.0,16,16,1.0,1.0,0,0.011900306548662976,176,HistGradientBoosting,holm,0.0005891999971936457
1.0,0.3125,0.0,5,16,1.0,1.0,0,0.012059424026559795,177,Logistic regression,normal_bonferroni,0.0010652999990270473
1.0,0.4375,0.0,7,16,1.0,1.0,0,0.012059424026559795,177,Logistic regression,multiplier,0.002711799999815412
1.0,0.1875,0.0,3,16,1.0,1.0,0,0.012059424026559795,177,Logistic regression,exact_bonferroni,0.0009482000023126602
1.0,0.0,0.0,0,16,1.0,1.0,0,0.012059424026559795,177,Logistic regression,hoeffding,0.00032699999428587034
1.0,0.1875,0.0,3,16,1.0,1.0,0,0.012059424026559795,177,Logistic regression,holm,0.0005395000043790787
1.0,0.875,0.0,14,16,1.0,1.0,0,0.011878343593293483,177,HistGradientBoosting,normal_bonferroni,0.000876799997058697
1.0,0.9375,0.0,15,16,1.0,1.0,0,0.011878343593293483,177,HistGradientBoosting,multiplier,0.002960200006782543
1.0,0.6875,0.0,11,16,1.0,1.0,0,0.011878343593293483,177,HistGradientBoosting,exact_bonferroni,0.001018900002236478
1.0,0.5625,0.0,9,16,1.0,1.0,0,0.011878343593293483,177,HistGradientBoosting,hoeffding,0.0004017999963252805
1.0,1.0,0.0,16,16,1.0,1.0,0,0.011878343593293483,177,HistGradientBoosting,holm,0.0006106000000727363
1.0,0.0,0.0,0,16,1.0,1.0,0,0.012070022232707395,178,Logistic regression,normal_bonferroni,0.001000900003418792
1.0,0.0625,0.0,1,16,1.0,1.0,0,0.012070022232707395,178,Logistic regression,multiplier,0.0030504000023938715
1.0,0.0,0.0,0,16,1.0,1.0,0,0.012070022232707395,178,Logistic regression,exact_bonferroni,0.001040900002408307
1.0,0.0,0.0,0,16,1.0,1.0,0,0.012070022232707395,178,Logistic regression,hoeffding,0.0003454000034253113
1.0,0.0,0.0,0,16,1.0,1.0,0,0.012070022232707395,178,Logistic regression,holm,0.0005964999945717864
1.0,0.5625,0.0,9,16,1.0,1.0,0,0.011921475924077829,178,HistGradientBoosting,normal_bonferroni,0.0007098999994923361
1.0,0.6875,0.0,11,16,1.0,1.0,0,0.011921475924077829,178,HistGradientBoosting,multiplier,0.0026429999998072162
1.0,0.5625,0.0,9,16,1.0,1.0,0,0.011921475924077829,178,HistGradientBoosting,exact_bonferroni,0.0009281000020564534
1.0,0.3125,0.0,5,16,1.0,1.0,0,0.011921475924077829,178,HistGradientBoosting,hoeffding,0.00031039999885251746
1.0,0.6875,0.0,11,16,1.0,1.0,0,0.011921475924077829,178,HistGradientBoosting,holm,0.000523599999723956
1.0,0.1875,0.0,3,16,1.0,1.0,4,0.012107287285467089,179,Logistic regression,normal_bonferroni,0.0004754000037792139
1.0,0.25,0.0,4,16,1.0,1.0,4,0.012107287285467089,179,Logistic regression,multiplier,0.0020625000033760443
1.0,0.0625,0.0,1,16,1.0,1.0,4,0.012107287285467089,179,Logistic regression,exact_bonferroni,0.0008661999963806011
1.0,0.0,0.0,0,16,1.0,1.0,4,0.012107287285467089,179,Logistic regression,hoeffding,0.00029200000426499173
1.0,0.0625,0.0,1,16,1.0,1.0,4,0.012107287285467089,179,Logistic regression,holm,0.0005081999988760799
1.0,0.9375,0.0,15,16,1.0,1.0,0,0.011892355364665597,179,HistGradientBoosting,normal_bonferroni,0.0006730000022798777
1.0,1.0,0.0,16,16,1.0,1.0,0,0.011892355364665597,179,HistGradientBoosting,multiplier,0.0026265999986208044
1.0,0.875,0.0,14,16,1.0,1.0,0,0.011892355364665597,179,HistGradientBoosting,exact_bonferroni,0.0010179000018979423
1.0,0.5625,0.0,9,16,1.0,1.0,0,0.011892355364665597,179,HistGradientBoosting,hoeffding,0.0003802999999606982
1.0,1.0,0.0,16,16,1.0,1.0,0,0.011892355364665597,179,HistGradientBoosting,holm,0.0005829000001540408
1.0,0.125,0.0,2,16,1.0,1.0,2,0.012098720000340346,180,Logistic regression,normal_bonferroni,0.0004422999991220422
1.0,0.25,0.0,4,16,1.0,1.0,2,0.012098720000340346,180,Logistic regression,multiplier,0.001706499999272637
1.0,0.125,0.0,2,16,1.0,1.0,2,0.012098720000340346,180,Logistic regression,exact_bonferroni,0.0009443000017199665
1.0,0.0,0.0,0,16,1.0,1.0,2,0.012098720000340346,180,Logistic regression,hoeffding,0.0002673999988473952
1.0,0.125,0.0,2,16,1.0,1.0,2,0.012098720000340346,180,Logistic regression,holm,0.0006926999994902872
1.0,0.6875,0.0,11,16,1.0,1.0,0,0.01190673721301408,180,HistGradientBoosting,normal_bonferroni,0.0009056000053533353
1.0,0.75,0.0,12,16,1.0,1.0,0,0.01190673721301408,180,HistGradientBoosting,multiplier,0.0034720000039669685
1.0,0.6875,0.0,11,16,1.0,1.0,0,0.01190673721301408,180,HistGradientBoosting,exact_bonferroni,0.0009856000033323653
1.0,0.5625,0.0,9,16,1.0,1.0,0,0.01190673721301408,180,HistGradientBoosting,hoeffding,0.00034509999386500567
1.0,0.75,0.0,12,16,1.0,1.0,0,0.01190673721301408,180,HistGradientBoosting,holm,0.0006013000020175241
1.0,0.1875,0.0,3,16,1.0,1.0,1,0.012079660926808428,181,Logistic regression,normal_bonferroni,0.000894600001629442
1.0,0.3125,0.0,5,16,1.0,1.0,1,0.012079660926808428,181,Logistic regression,multiplier,0.0029460999940056354
1.0,0.125,0.0,2,16,1.0,1.0,1,0.012079660926808428,181,Logistic regression,exact_bonferroni,0.0011587000044528395
1.0,0.0,0.0,0,16,1.0,1.0,1,0.012079660926808428,181,Logistic regression,hoeffding,0.0003715999991982244
1.0,0.125,0.0,2,16,1.0,1.0,1,0.012079660926808428,181,Logistic regression,holm,0.0004633999997167848
1.0,0.9375,0.0,15,16,1.0,1.0,0,0.011880352861663473,181,HistGradientBoosting,normal_bonferroni,0.0008470000029774383
1.0,1.0,0.0,16,16,1.0,1.0,0,0.011880352861663473,181,HistGradientBoosting,multiplier,0.002727200000663288
1.0,0.9375,0.0,15,16,1.0,1.0,0,0.011880352861663473,181,HistGradientBoosting,exact_bonferroni,0.0009464000031584874
1.0,0.75,0.0,12,16,1.0,1.0,0,0.011880352861663473,181,HistGradientBoosting,hoeffding,0.0003056999994441867
1.0,1.0,0.0,16,16,1.0,1.0,0,0.011880352861663473,181,HistGradientBoosting,holm,0.000535300001502037
1.0,0.125,0.0,2,16,1.0,1.0,2,0.012108567219329708,182,Logistic regression,normal_bonferroni,0.0007486999966204166
1.0,0.1875,0.0,3,16,1.0,1.0,2,0.012108567219329708,182,Logistic regression,multiplier,0.002600300002086442
1.0,0.125,0.0,2,16,1.0,1.0,2,0.012108567219329708,182,Logistic regression,exact_bonferroni,0.0008511999985785224
1.0,0.0,0.0,0,16,1.0,1.0,2,0.012108567219329708,182,Logistic regression,hoeffding,0.0003240000005462207
1.0,0.125,0.0,2,16,1.0,1.0,2,0.012108567219329708,182,Logistic regression,holm,0.0005104999945615418
1.0,0.75,0.0,12,16,1.0,1.0,0,0.01192440674150616,182,HistGradientBoosting,normal_bonferroni,0.0007247999965329655
1.0,0.75,0.0,12,16,1.0,1.0,0,0.01192440674150616,182,HistGradientBoosting,multiplier,0.002745199999480974
1.0,0.625,0.0,10,16,1.0,1.0,0,0.01192440674150616,182,HistGradientBoosting,exact_bonferroni,0.0009180000051856041
1.0,0.4375,0.0,7,16,1.0,1.0,0,0.01192440674150616,182,HistGradientBoosting,hoeffding,0.00029240000003483146
1.0,0.75,0.0,12,16,1.0,1.0,0,0.01192440674150616,182,HistGradientBoosting,holm,0.0004936999976052903
1.0,0.0,0.0,0,16,1.0,1.0,1,0.012102582684228091,183,Logistic regression,normal_bonferroni,0.0007092000014381483
1.0,0.0,0.0,0,16,1.0,1.0,1,0.012102582684228091,183,Logistic regression,multiplier,0.00258169999870006
1.0,0.0,0.0,0,16,1.0,1.0,1,0.012102582684228091,183,Logistic regression,exact_bonferroni,0.0008409000001847744
1.0,0.0,0.0,0,16,1.0,1.0,1,0.012102582684228091,183,Logistic regression,hoeffding,0.000287199996819254
1.0,0.0,0.0,0,16,1.0,1.0,1,0.012102582684228091,183,Logistic regression,holm,0.0004902000000583939
1.0,0.5,0.0,8,16,1.0,1.0,0,0.011933165419273362,183,HistGradientBoosting,normal_bonferroni,0.0009938999937730841
1.0,0.625,0.0,10,16,1.0,1.0,0,0.011933165419273362,183,HistGradientBoosting,multiplier,0.0026613000009092502
1.0,0.375,0.0,6,16,1.0,1.0,0,0.011933165419273362,183,HistGradientBoosting,exact_bonferroni,0.0008854999978211708
1.0,0.0,0.0,0,16,1.0,1.0,0,0.011933165419273362,183,HistGradientBoosting,hoeffding,0.00032559999817749485
1.0,0.5,0.0,8,16,1.0,1.0,0,0.011933165419273362,183,HistGradientBoosting,holm,0.0005041000040364452
1.0,0.0,0.0,0,16,1.0,1.0,3,0.012113673513399481,184,Logistic regression,normal_bonferroni,0.0008051000040723011
1.0,0.0625,0.0,1,16,1.0,1.0,3,0.012113673513399481,184,Logistic regression,multiplier,0.0027145999993081205
1.0,0.0,0.0,0,16,1.0,1.0,3,0.012113673513399481,184,Logistic regression,exact_bonferroni,0.0008791000000201166
1.0,0.0,0.0,0,16,1.0,1.0,3,0.012113673513399481,184,Logistic regression,hoeffding,0.00029599999834317714
1.0,0.0,0.0,0,16,1.0,1.0,3,0.012113673513399481,184,Logistic regression,holm,0.0004963000028510578
1.0,0.3125,0.0,5,16,1.0,1.0,0,0.011953884415325411,184,HistGradientBoosting,normal_bonferroni,0.0008356000034837052
1.0,0.625,0.0,10,16,1.0,1.0,0,0.011953884415325411,184,HistGradientBoosting,multiplier,0.003060900002310518
1.0,0.25,0.0,4,16,1.0,1.0,0,0.011953884415325411,184,HistGradientBoosting,exact_bonferroni,0.0009986000004573725
1.0,0.0625,0.0,1,16,1.0,1.0,0,0.011953884415325411,184,HistGradientBoosting,hoeffding,0.00038010000571375713
1.0,0.3125,0.0,5,16,1.0,1.0,0,0.011953884415325411,184,HistGradientBoosting,holm,0.0005946000019321218
1.0,0.375,0.0,6,16,1.0,1.0,3,0.012087492952722212,185,Logistic regression,normal_bonferroni,0.0008827999990899116
1.0,0.5625,0.0,9,16,0.0,1.0,3,0.012087492952722212,185,Logistic regression,multiplier,0.0021256000036373734
1.0,0.375,0.0,6,16,1.0,1.0,3,0.012087492952722212,185,Logistic regression,exact_bonferroni,0.0008633999968878925
1.0,0.0,0.0,0,16,1.0,1.0,3,0.012087492952722212,185,Logistic regression,hoeffding,0.0003297000002930872
1.0,0.375,0.0,6,16,1.0,1.0,3,0.012087492952722212,185,Logistic regression,holm,0.0005786000037915073
1.0,1.0,0.0,16,16,1.0,1.0,0,0.01190821743956752,185,HistGradientBoosting,normal_bonferroni,0.0007082000010996126
1.0,1.0,0.0,16,16,1.0,1.0,0,0.01190821743956752,185,HistGradientBoosting,multiplier,0.0026115000000572763
1.0,0.9375,0.0,15,16,1.0,1.0,0,0.01190821743956752,185,HistGradientBoosting,exact_bonferroni,0.0008459999953629449
1.0,0.625,0.0,10,16,1.0,1.0,0,0.01190821743956752,185,HistGradientBoosting,hoeffding,0.00029070000164210796
1.0,1.0,0.0,16,16,1.0,1.0,0,0.01190821743956752,185,HistGradientBoosting,holm,0.0004972000024281442
1.0,0.25,0.0,4,16,1.0,1.0,0,0.012057649196001607,186,Logistic regression,normal_bonferroni,0.00048040000547189265
1.0,0.5,0.0,8,16,1.0,1.0,0,0.012057649196001607,186,Logistic regression,multiplier,0.00261319999845
1.0,0.25,0.0,4,16,1.0,1.0,0,0.012057649196001607,186,Logistic regression,exact_bonferroni,0.0008641000022180378
1.0,0.0,0.0,0,16,1.0,1.0,0,0.012057649196001607,186,Logistic regression,hoeffding,0.00028670000028796494
1.0,0.25,0.0,4,16,1.0,1.0,0,0.012057649196001607,186,Logistic regression,holm,0.0004893000004813075
1.0,0.5,0.0,8,16,1.0,1.0,0,0.011973844379802256,186,HistGradientBoosting,normal_bonferroni,0.0006671000010101125
1.0,0.5625,0.0,9,16,1.0,1.0,0,0.011973844379802256,186,HistGradientBoosting,multiplier,0.0030489999990095384
1.0,0.5,0.0,8,16,1.0,1.0,0,0.011973844379802256,186,HistGradientBoosting,exact_bonferroni,0.0006398000041372143
1.0,0.375,0.0,6,16,1.0,1.0,0,0.011973844379802256,186,HistGradientBoosting,hoeffding,0.0003741000036825426
1.0,0.5625,0.0,9,16,1.0,1.0,0,0.011973844379802256,186,HistGradientBoosting,holm,0.0003053999971598387
1.0,0.25,0.0,4,16,1.0,1.0,4,0.012126345307441472,187,Logistic regression,normal_bonferroni,0.000513600003614556
1.0,0.375,0.0,6,16,1.0,1.0,4,0.012126345307441472,187,Logistic regression,multiplier,0.0018423000001348555
1.0,0.125,0.0,2,16,1.0,1.0,4,0.012126345307441472,187,Logistic regression,exact_bonferroni,0.0010535999972489662
1.0,0.0,0.0,0,16,1.0,1.0,4,0.012126345307441472,187,Logistic regression,hoeffding,0.0004349000009824522
1.0,0.1875,0.0,3,16,1.0,1.0,4,0.012126345307441472,187,Logistic regression,holm,0.00039960000140126795
1.0,0.875,0.0,14,16,1.0,1.0,0,0.011982784269085639,187,HistGradientBoosting,normal_bonferroni,0.0007246000022860244
1.0,0.875,0.0,14,16,1.0,1.0,0,0.011982784269085639,187,HistGradientBoosting,multiplier,0.002598200000647921
1.0,0.8125,0.0,13,16,1.0,1.0,0,0.011982784269085639,187,HistGradientBoosting,exact_bonferroni,0.0008558999979868531
1.0,0.5,0.0,8,16,1.0,1.0,0,0.011982784269085639,187,HistGradientBoosting,hoeffding,0.0002973000009660609
1.0,1.0,0.0,16,16,1.0,1.0,0,0.011982784269085639,187,HistGradientBoosting,holm,0.0005036000002291985
1.0,0.0,0.0,0,16,1.0,1.0,3,0.012122979268694822,188,Logistic regression,normal_bonferroni,0.0008824000033200718
1.0,0.0,0.0,0,16,1.0,1.0,3,0.012122979268694822,188,Logistic regression,multiplier,0.0031130999996094033
1.0,0.0,0.0,0,16,1.0,1.0,3,0.012122979268694822,188,Logistic regression,exact_bonferroni,0.0010318999993614852
1.0,0.0,0.0,0,16,1.0,1.0,3,0.012122979268694822,188,Logistic regression,hoeffding,0.00034440000308677554
1.0,0.0,0.0,0,16,1.0,1.0,3,0.012122979268694822,188,Logistic regression,holm,0.0005668999947374687
1.0,0.625,0.0,10,16,1.0,1.0,0,0.011927818910762972,188,HistGradientBoosting,normal_bonferroni,0.0006825000018579885
1.0,0.75,0.0,12,16,1.0,1.0,0,0.011927818910762972,188,HistGradientBoosting,multiplier,0.002457899994624313
1.0,0.5,0.0,8,16,1.0,1.0,0,0.011927818910762972,188,HistGradientBoosting,exact_bonferroni,0.0008052999983192421
1.0,0.3125,0.0,5,16,1.0,1.0,0,0.011927818910762972,188,HistGradientBoosting,hoeffding,0.00026620000426191837
1.0,0.75,0.0,12,16,1.0,1.0,0,0.011927818910762972,188,HistGradientBoosting,holm,0.00045590000081574544
1.0,0.5,0.0,8,16,1.0,1.0,0,0.012056760872985545,189,Logistic regression,normal_bonferroni,0.0007896000024629757
1.0,0.6875,0.0,11,16,1.0,1.0,0,0.012056760872985545,189,Logistic regression,multiplier,0.002615700002934318
1.0,0.5,0.0,8,16,1.0,1.0,0,0.012056760872985545,189,Logistic regression,exact_bonferroni,0.0010095000034198165
1.0,0.0,0.0,0,16,1.0,1.0,0,0.012056760872985545,189,Logistic regression,hoeffding,0.000294400000711903
1.0,0.6875,0.0,11,16,1.0,1.0,0,0.012056760872985545,189,Logistic regression,holm,0.0004976999989594333
1.0,0.75,0.0,12,16,1.0,1.0,0,0.011961996368641509,189,HistGradientBoosting,normal_bonferroni,0.0007191000040620565
1.0,0.75,0.0,12,16,1.0,1.0,0,0.011961996368641509,189,HistGradientBoosting,multiplier,0.002649999994901009
1.0,0.625,0.0,10,16,1.0,1.0,0,0.011961996368641509,189,HistGradientBoosting,exact_bonferroni,0.0009049000000231899
1.0,0.5,0.0,8,16,1.0,1.0,0,0.011961996368641509,189,HistGradientBoosting,hoeffding,0.0002998999989358708
1.0,0.75,0.0,12,16,1.0,1.0,0,0.011961996368641509,189,HistGradientBoosting,holm,0.0005061999981990084
1.0,0.0,0.0,0,16,1.0,1.0,4,0.012147167691172162,190,Logistic regression,normal_bonferroni,0.0008091999989119358
1.0,0.0,0.0,0,16,1.0,1.0,4,0.012147167691172162,190,Logistic regression,multiplier,0.0028558999983943067
1.0,0.0,0.0,0,16,1.0,1.0,4,0.012147167691172162,190,Logistic regression,exact_bonferroni,0.0009402999930898659
1.0,0.0,0.0,0,16,1.0,1.0,4,0.012147167691172162,190,Logistic regression,hoeffding,0.00031550000130664557
1.0,0.0,0.0,0,16,1.0,1.0,4,0.012147167691172162,190,Logistic regression,holm,0.0005287000021780841
1.0,0.4375,0.0,7,16,1.0,1.0,0,0.011961044347463146,190,HistGradientBoosting,normal_bonferroni,0.0007566999993287027
1.0,0.4375,0.0,7,16,1.0,1.0,0,0.011961044347463146,190,HistGradientBoosting,multiplier,0.002667599997948855
1.0,0.4375,0.0,7,16,1.0,1.0,0,0.011961044347463146,190,HistGradientBoosting,exact_bonferroni,0.0008577999979024753
1.0,0.125,0.0,2,16,1.0,1.0,0,0.011961044347463146,190,HistGradientBoosting,hoeffding,0.00029320000612642616
1.0,0.4375,0.0,7,16,1.0,1.0,0,0.011961044347463146,190,HistGradientBoosting,holm,0.0005176999984541908
1.0,0.5625,0.0,9,16,1.0,1.0,1,0.012083147840497216,191,Logistic regression,normal_bonferroni,0.0010038999971584417
1.0,0.625,0.0,10,16,1.0,1.0,1,0.012083147840497216,191,Logistic regression,multiplier,0.00244649999513058
1.0,0.375,0.0,6,16,1.0,1.0,1,0.012083147840497216,191,Logistic regression,exact_bonferroni,0.0009511000025668181
1.0,0.0625,0.0,1,16,1.0,1.0,1,0.012083147840497216,191,Logistic regression,hoeffding,0.00029599999834317714
1.0,0.625,0.0,10,16,1.0,1.0,1,0.012083147840497216,191,Logistic regression,holm,0.0005023999983677641
1.0,0.8125,0.0,13,16,1.0,1.0,0,0.011832979980013786,191,HistGradientBoosting,normal_bonferroni,0.0006701999955112115
1.0,0.9375,0.0,15,16,1.0,1.0,0,0.011832979980013786,191,HistGradientBoosting,multiplier,0.0025865999996312894
1.0,0.8125,0.0,13,16,1.0,1.0,0,0.011832979980013786,191,HistGradientBoosting,exact_bonferroni,0.0011079999967478216
1.0,0.375,0.0,6,16,1.0,1.0,0,0.011832979980013786,191,HistGradientBoosting,hoeffding,0.0003006999977515079
1.0,1.0,0.0,16,16,1.0,1.0,0,0.011832979980013786,191,HistGradientBoosting,holm,0.0005339999988791533
1.0,0.0,0.0,0,16,1.0,1.0,2,0.012109845808628283,192,Logistic regression,normal_bonferroni,0.0009359999967273325
1.0,0.1875,0.0,3,16,1.0,1.0,2,0.012109845808628283,192,Logistic regression,multiplier,0.0034190000005764887
1.0,0.0,0.0,0,16,1.0,1.0,2,0.012109845808628283,192,Logistic regression,exact_bonferroni,0.0011300000041956082
1.0,0.0,0.0,0,16,1.0,1.0,2,0.012109845808628283,192,Logistic regression,hoeffding,0.00036690000706585124
1.0,0.0,0.0,0,16,1.0,1.0,2,0.012109845808628283,192,Logistic regression,holm,0.0006377999961841851
1.0,0.75,0.0,12,16,1.0,1.0,0,0.011920497732693491,192,HistGradientBoosting,normal_bonferroni,0.0007475000020349398
1.0,0.8125,0.0,13,16,1.0,1.0,0,0.011920497732693491,192,HistGradientBoosting,multiplier,0.002631800001836382
1.0,0.625,0.0,10,16,1.0,1.0,0,0.011920497732693491,192,HistGradientBoosting,exact_bonferroni,0.0009427999975741841
1.0,0.25,0.0,4,16,1.0,1.0,0,0.011920497732693491,192,HistGradientBoosting,hoeffding,0.0003488000002107583
1.0,0.8125,0.0,13,16,1.0,1.0,0,0.011920497732693491,192,HistGradientBoosting,holm,0.0005326999962562695
1.0,0.0625,0.0,1,16,1.0,1.0,2,0.012087059117578902,193,Logistic regression,normal_bonferroni,0.0007474999947589822
1.0,0.0625,0.0,1,16,1.0,1.0,2,0.012087059117578902,193,Logistic regression,multiplier,0.0021894000019528903
1.0,0.0,0.0,0,16,1.0,1.0,2,0.012087059117578902,193,Logistic regression,exact_bonferroni,0.000924600004509557
1.0,0.0,0.0,0,16,1.0,1.0,2,0.012087059117578902,193,Logistic regression,hoeffding,0.0003068000005441718
1.0,0.0,0.0,0,16,1.0,1.0,2,0.012087059117578902,193,Logistic regression,holm,0.0005267000015010126
1.0,0.6875,0.0,11,16,1.0,1.0,0,0.01189832253329659,193,HistGradientBoosting,normal_bonferroni,0.0009468999996897765
1.0,0.875,0.0,14,16,1.0,1.0,0,0.01189832253329659,193,HistGradientBoosting,multiplier,0.0030363000041688792
1.0,0.625,0.0,10,16,1.0,1.0,0,0.01189832253329659,193,HistGradientBoosting,exact_bonferroni,0.0010420999969937839
1.0,0.3125,0.0,5,16,1.0,1.0,0,0.01189832253329659,193,HistGradientBoosting,hoeffding,0.0003476999991107732
1.0,1.0,0.0,16,16,1.0,1.0,0,0.01189832253329659,193,HistGradientBoosting,holm,0.0005629000006592833
1.0,0.0,0.0,0,16,1.0,1.0,0,0.012060753561465576,194,Logistic regression,normal_bonferroni,0.00048409999726573005
1.0,0.0,0.0,0,16,1.0,1.0,0,0.012060753561465576,194,Logistic regression,multiplier,0.0016826999999466352
1.0,0.0,0.0,0,16,1.0,1.0,0,0.012060753561465576,194,Logistic regression,exact_bonferroni,0.0008776999966357835
1.0,0.0,0.0,0,16,1.0,1.0,0,0.012060753561465576,194,Logistic regression,hoeffding,0.00033179999445565045
1.0,0.0,0.0,0,16,1.0,1.0,0,0.012060753561465576,194,Logistic regression,holm,0.0005501000050571747
1.0,0.5,0.0,8,16,1.0,1.0,0,0.011968643168870974,194,HistGradientBoosting,normal_bonferroni,0.0007928000050014816
1.0,0.5,0.0,8,16,1.0,1.0,0,0.011968643168870974,194,HistGradientBoosting,multiplier,0.002684499995666556
1.0,0.3125,0.0,5,16,1.0,1.0,0,0.011968643168870974,194,HistGradientBoosting,exact_bonferroni,0.0009400999988429248
1.0,0.0625,0.0,1,16,1.0,1.0,0,0.011968643168870974,194,HistGradientBoosting,hoeffding,0.00031099999614525586
1.0,0.5,0.0,8,16,1.0,1.0,0,0.011968643168870974,194,HistGradientBoosting,holm,0.0005289999971864745
1.0,0.0,0.0,0,16,1.0,1.0,7,0.01215866651675307,195,Logistic regression,normal_bonferroni,0.000770499995269347
1.0,0.0,0.0,0,16,1.0,1.0,7,0.01215866651675307,195,Logistic regression,multiplier,0.002733499997702893
1.0,0.0,0.0,0,16,1.0,1.0,7,0.01215866651675307,195,Logistic regression,exact_bonferroni,0.0009083000040845945
1.0,0.0,0.0,0,16,1.0,1.0,7,0.01215866651675307,195,Logistic regression,hoeffding,0.0005843000035383739
1.0,0.0,0.0,0,16,1.0,1.0,7,0.01215866651675307,195,Logistic regression,holm,0.00054929999896558
1.0,0.75,0.0,12,16,1.0,1.0,0,0.011974316289753734,195,HistGradientBoosting,normal_bonferroni,0.0007812000039848499
1.0,0.875,0.0,14,16,1.0,1.0,0,0.011974316289753734,195,HistGradientBoosting,multiplier,0.002820500005327631
1.0,0.6875,0.0,11,16,1.0,1.0,0,0.011974316289753734,195,HistGradientBoosting,exact_bonferroni,0.0011227000068174675
1.0,0.1875,0.0,3,16,1.0,1.0,0,0.011974316289753734,195,HistGradientBoosting,hoeffding,0.000378099997760728
1.0,1.0,0.0,16,16,1.0,1.0,0,0.011974316289753734,195,HistGradientBoosting,holm,0.000548999996681232
1.0,0.0,0.0,0,16,1.0,1.0,1,0.012088360172482548,196,Logistic regression,normal_bonferroni,0.0007027000028756447
1.0,0.0625,0.0,1,16,1.0,1.0,1,0.012088360172482548,196,Logistic regression,multiplier,0.0027487999977893196
1.0,0.0,0.0,0,16,1.0,1.0,1,0.012088360172482548,196,Logistic regression,exact_bonferroni,0.0009101999967242591
1.0,0.0,0.0,0,16,1.0,1.0,1,0.012088360172482548,196,Logistic regression,hoeffding,0.00030980000155977905
1.0,0.0,0.0,0,16,1.0,1.0,1,0.012088360172482548,196,Logistic regression,holm,0.0005344000019249506
1.0,0.5,0.0,8,16,1.0,1.0,0,0.011961996368641509,196,HistGradientBoosting,normal_bonferroni,0.0006711000023642555
1.0,0.5,0.0,8,16,1.0,1.0,0,0.011961996368641509,196,HistGradientBoosting,multiplier,0.002430699998512864
1.0,0.4375,0.0,7,16,1.0,1.0,0,0.011961996368641509,196,HistGradientBoosting,exact_bonferroni,0.0008481999975629151
1.0,0.1875,0.0,3,16,1.0,1.0,0,0.011961996368641509,196,HistGradientBoosting,hoeffding,0.00027659999614115804
1.0,0.5,0.0,8,16,1.0,1.0,0,0.011961996368641509,196,HistGradientBoosting,holm,0.0004693999944720417
1.0,0.0,0.0,0,16,1.0,1.0,0,0.012069142370388836,197,Logistic regression,normal_bonferroni,0.0008658000006107613
1.0,0.0,0.0,0,16,1.0,1.0,0,0.012069142370388836,197,Logistic regression,multiplier,0.0029267000063555315
1.0,0.0,0.0,0,16,1.0,1.0,0,0.012069142370388836,197,Logistic regression,exact_bonferroni,0.0010373000040999614
1.0,0.0,0.0,0,16,1.0,1.0,0,0.012069142370388836,197,Logistic regression,hoeffding,0.00034579999919515103
1.0,0.0,0.0,0,16,1.0,1.0,0,0.012069142370388836,197,Logistic regression,holm,0.000516200001584366
1.0,0.3125,0.0,5,16,1.0,1.0,0,0.011886865510436079,197,HistGradientBoosting,normal_bonferroni,0.0004282000008970499
1.0,0.3125,0.0,5,16,1.0,1.0,0,0.011886865510436079,197,HistGradientBoosting,multiplier,0.002766199999314267
1.0,0.25,0.0,4,16,1.0,1.0,0,0.011886865510436079,197,HistGradientBoosting,exact_bonferroni,0.0009205000023939647
1.0,0.125,0.0,2,16,1.0,1.0,0,0.011886865510436079,197,HistGradientBoosting,hoeffding,0.00028310000197961926
1.0,0.3125,0.0,5,16,1.0,1.0,0,0.011886865510436079,197,HistGradientBoosting,holm,0.0005017000003135763
1.0,0.4375,0.0,7,16,1.0,1.0,2,0.01211112305378842,198,Logistic regression,normal_bonferroni,0.0007111000013537705
1.0,0.5,0.0,8,16,1.0,1.0,2,0.01211112305378842,198,Logistic regression,multiplier,0.0025518999973428436
1.0,0.375,0.0,6,16,1.0,1.0,2,0.01211112305378842,198,Logistic regression,exact_bonferroni,0.0008813000022200868
1.0,0.125,0.0,2,16,1.0,1.0,2,0.01211112305378842,198,Logistic regression,hoeffding,0.00029179999546613544
1.0,0.4375,0.0,7,16,1.0,1.0,2,0.01211112305378842,198,Logistic regression,holm,0.0004933000018354505
1.0,0.6875,0.0,11,16,1.0,1.0,0,0.012009270519536569,198,HistGradientBoosting,normal_bonferroni,0.0006876000043121167
1.0,0.8125,0.0,13,16,1.0,1.0,0,0.012009270519536569,198,HistGradientBoosting,multiplier,0.00254280000081053
1.0,0.625,0.0,10,16,1.0,1.0,0,0.012009270519536569,198,HistGradientBoosting,exact_bonferroni,0.0011422000025049783
1.0,0.3125,0.0,5,16,1.0,1.0,0,0.012009270519536569,198,HistGradientBoosting,hoeffding,0.00029370000265771523
1.0,0.8125,0.0,13,16,1.0,1.0,0,0.012009270519536569,198,HistGradientBoosting,holm,0.00048400000378023833
1.0,0.8125,0.0,13,16,0.0,1.0,1,0.012083583027993061,199,Logistic regression,normal_bonferroni,0.000784799995017238
1.0,0.875,0.0,14,16,0.0,1.0,1,0.012083583027993061,199,Logistic regression,multiplier,0.002602100001240615
1.0,0.625,0.0,10,16,1.0,1.0,1,0.012083583027993061,199,Logistic regression,exact_bonferroni,0.0008443999977316707
1.0,0.25,0.0,4,16,1.0,1.0,1,0.012083583027993061,199,Logistic regression,hoeffding,0.0003167999966535717
1.0,1.0,0.0,16,16,0.0,1.0,1,0.012083583027993061,199,Logistic regression,holm,0.0005048000020906329
1.0,0.9375,0.0,15,16,1.0,1.0,0,0.011928792409224648,199,HistGradientBoosting,normal_bonferroni,0.0007232999996631406
1.0,1.0,0.0,16,16,1.0,1.0,0,0.011928792409224648,199,HistGradientBoosting,multiplier,0.002544700000726152
1.0,0.9375,0.0,15,16,1.0,1.0,0,0.011928792409224648,199,HistGradientBoosting,exact_bonferroni,0.0008671999967191368
1.0,0.6875,0.0,11,16,1.0,1.0,0,0.011928792409224648,199,HistGradientBoosting,hoeffding,0.0002891999974963255
1.0,1.0,0.0,16,16,1.0,1.0,0,0.011928792409224648,199,HistGradientBoosting,holm,0.0004992999965907075
