containment,ARR,UCP,n_certified,n_true_safe,n,rho,rep,method,inference_seconds,simultaneous_coverage
0.0,0.6428571428571429,0.1,10,14,500,0.55,0,pointwise,0.0005088000034447759,0.0
1.0,0.35714285714285715,0.0,5,14,500,0.55,0,normal_bonferroni,0.000338400001055561,1.0
1.0,0.35714285714285715,0.0,5,14,500,0.55,0,multiplier,0.0029386000023805536,1.0
1.0,0.35714285714285715,0.0,5,14,500,0.55,0,exact_bonferroni,0.0006084999986342154,1.0
1.0,0.07142857142857142,0.0,1,14,500,0.55,0,hoeffding,0.0002982000005431473,1.0
1.0,0.35714285714285715,0.0,5,14,500,0.55,0,holm,0.0006157000025268644,
1.0,0.5,0.0,7,14,500,0.55,1,pointwise,0.0006955999997444451,0.0
1.0,0.07142857142857142,0.0,1,14,500,0.55,1,normal_bonferroni,0.000713100002030842,1.0
1.0,0.07142857142857142,0.0,1,14,500,0.55,1,multiplier,0.0035337000008439645,1.0
1.0,0.07142857142857142,0.0,1,14,500,0.55,1,exact_bonferroni,0.001003199999104254,1.0
1.0,0.07142857142857142,0.0,1,14,500,0.55,1,hoeffding,0.0003144000002066605,1.0
1.0,0.07142857142857142,0.0,1,14,500,0.55,1,holm,0.0005511000053957105,
0.0,0.7142857142857143,0.09090909090909091,11,14,500,0.55,2,pointwise,0.000640500002191402,0.0
1.0,0.21428571428571427,0.0,3,14,500,0.55,2,normal_bonferroni,0.0006432000009226613,0.0
1.0,0.21428571428571427,0.0,3,14,500,0.55,2,multiplier,0.0033189999958267435,0.0
1.0,0.14285714285714285,0.0,2,14,500,0.55,2,exact_bonferroni,0.0009471000012126751,0.0
1.0,0.0,0.0,0,14,500,0.55,2,hoeffding,0.00029009999707341194,1.0
1.0,0.14285714285714285,0.0,2,14,500,0.55,2,holm,0.0005178999999770895,
1.0,0.7142857142857143,0.0,10,14,500,0.55,3,pointwise,0.0006343999993987381,0.0
1.0,0.21428571428571427,0.0,3,14,500,0.55,3,normal_bonferroni,0.0005999999993946403,1.0
1.0,0.21428571428571427,0.0,3,14,500,0.55,3,multiplier,0.0032898999997996725,1.0
1.0,0.21428571428571427,0.0,3,14,500,0.55,3,exact_bonferroni,0.0009351999979116954,1.0
1.0,0.07142857142857142,0.0,1,14,500,0.55,3,hoeffding,0.00029209999775048345,1.0
1.0,0.21428571428571427,0.0,3,14,500,0.55,3,holm,0.0005290000044624321,
0.0,0.7857142857142857,0.15384615384615385,13,14,500,0.55,4,pointwise,0.0005885999999009073,0.0
1.0,0.42857142857142855,0.0,6,14,500,0.55,4,normal_bonferroni,0.0005934000000706874,0.0
1.0,0.5,0.0,7,14,500,0.55,4,multiplier,0.0030230999982450157,0.0
1.0,0.42857142857142855,0.0,6,14,500,0.55,4,exact_bonferroni,0.0008424999978160486,0.0
1.0,0.21428571428571427,0.0,3,14,500,0.55,4,hoeffding,0.0002765000026556663,1.0
1.0,0.42857142857142855,0.0,6,14,500,0.55,4,holm,0.0004937999983667396,
1.0,0.2857142857142857,0.0,4,14,500,0.55,5,pointwise,0.0005916000009165145,1.0
1.0,0.07142857142857142,0.0,1,14,500,0.55,5,normal_bonferroni,0.0006919000006746501,1.0
1.0,0.07142857142857142,0.0,1,14,500,0.55,5,multiplier,0.0030923999947845004,1.0
1.0,0.07142857142857142,0.0,1,14,500,0.55,5,exact_bonferroni,0.0008977000034064986,1.0
1.0,0.07142857142857142,0.0,1,14,500,0.55,5,hoeffding,0.0002741999996942468,1.0
1.0,0.07142857142857142,0.0,1,14,500,0.55,5,holm,0.000530999997863546,
1.0,0.35714285714285715,0.0,5,14,500,0.55,6,pointwise,0.00061450000066543,1.0
1.0,0.14285714285714285,0.0,2,14,500,0.55,6,normal_bonferroni,0.0005621000018436462,1.0
1.0,0.14285714285714285,0.0,2,14,500,0.55,6,multiplier,0.003026099999260623,1.0
1.0,0.14285714285714285,0.0,2,14,500,0.55,6,exact_bonferroni,0.0008791999935056083,1.0
1.0,0.0,0.0,0,14,500,0.55,6,hoeffding,0.00027520000003278255,1.0
1.0,0.14285714285714285,0.0,2,14,500,0.55,6,holm,0.0004848000025958754,
1.0,0.35714285714285715,0.0,5,14,500,0.55,7,pointwise,0.000589900002523791,0.0
1.0,0.14285714285714285,0.0,2,14,500,0.55,7,normal_bonferroni,0.000593299999309238,1.0
1.0,0.14285714285714285,0.0,2,14,500,0.55,7,multiplier,0.003065499993681442,1.0
1.0,0.14285714285714285,0.0,2,14,500,0.55,7,exact_bonferroni,0.000862300003063865,1.0
1.0,0.0,0.0,0,14,500,0.55,7,hoeffding,0.0002575999969849363,1.0
1.0,0.14285714285714285,0.0,2,14,500,0.55,7,holm,0.0004602000044542365,
1.0,0.6428571428571429,0.0,9,14,500,0.55,8,pointwise,0.0005552000002353452,0.0
1.0,0.21428571428571427,0.0,3,14,500,0.55,8,normal_bonferroni,0.0005310999986249954,1.0
1.0,0.21428571428571427,0.0,3,14,500,0.55,8,multiplier,0.0028355999966152012,1.0
1.0,0.07142857142857142,0.0,1,14,500,0.55,8,exact_bonferroni,0.0008050999967963435,1.0
1.0,0.0,0.0,0,14,500,0.55,8,hoeffding,0.00025579999783076346,1.0
1.0,0.07142857142857142,0.0,1,14,500,0.55,8,holm,0.0005041999975219369,
1.0,0.42857142857142855,0.0,6,14,500,0.55,9,pointwise,0.0005538999976124614,0.0
1.0,0.35714285714285715,0.0,5,14,500,0.55,9,normal_bonferroni,0.0005652000036207028,1.0
1.0,0.42857142857142855,0.0,6,14,500,0.55,9,multiplier,0.002931000002718065,1.0
1.0,0.21428571428571427,0.0,3,14,500,0.55,9,exact_bonferroni,0.000777699999161996,1.0
1.0,0.07142857142857142,0.0,1,14,500,0.55,9,hoeffding,0.00024389999452978373,1.0
1.0,0.21428571428571427,0.0,3,14,500,0.55,9,holm,0.00043599999480647966,
0.0,0.7142857142857143,0.09090909090909091,11,14,500,0.55,10,pointwise,0.0005029000021750107,0.0
1.0,0.2857142857142857,0.0,4,14,500,0.55,10,normal_bonferroni,0.0004886000024271198,1.0
1.0,0.2857142857142857,0.0,4,14,500,0.55,10,multiplier,0.002755199995590374,1.0
1.0,0.2857142857142857,0.0,4,14,500,0.55,10,exact_bonferroni,0.0007924000019556843,1.0
1.0,0.14285714285714285,0.0,2,14,500,0.55,10,hoeffding,0.0002410000015515834,1.0
1.0,0.2857142857142857,0.0,4,14,500,0.55,10,holm,0.00046039999870117754,
1.0,0.5714285714285714,0.0,8,14,500,0.55,11,pointwise,0.0005590999935520813,0.0
1.0,0.14285714285714285,0.0,2,14,500,0.55,11,normal_bonferroni,0.0005317999966791831,1.0
1.0,0.14285714285714285,0.0,2,14,500,0.55,11,multiplier,0.0028726000018650666,1.0
1.0,0.14285714285714285,0.0,2,14,500,0.55,11,exact_bonferroni,0.0007541999948443845,1.0
1.0,0.07142857142857142,0.0,1,14,500,0.55,11,hoeffding,0.0002403999969828874,1.0
1.0,0.14285714285714285,0.0,2,14,500,0.55,11,holm,0.00046210000436985865,
0.0,1.0,0.06666666666666667,15,14,500,0.55,12,pointwise,0.0005501999985426664,0.0
1.0,0.7142857142857143,0.0,10,14,500,0.55,12,normal_bonferroni,0.0005071000050520524,0.0
1.0,0.7142857142857143,0.0,10,14,500,0.55,12,multiplier,0.0025991000002250075,0.0
1.0,0.7142857142857143,0.0,10,14,500,0.55,12,exact_bonferroni,0.0007297999982256442,0.0
1.0,0.21428571428571427,0.0,3,14,500,0.55,12,hoeffding,0.00024220000341301784,1.0
1.0,0.7142857142857143,0.0,10,14,500,0.55,12,holm,0.00045870000030845404,
1.0,0.21428571428571427,0.0,3,14,500,0.55,13,pointwise,0.000560500004212372,1.0
1.0,0.14285714285714285,0.0,2,14,500,0.55,13,normal_bonferroni,0.0005295000009937212,1.0
1.0,0.14285714285714285,0.0,2,14,500,0.55,13,multiplier,0.002812699996866286,1.0
1.0,0.14285714285714285,0.0,2,14,500,0.55,13,exact_bonferroni,0.0008261999973910861,1.0
1.0,0.07142857142857142,0.0,1,14,500,0.55,13,hoeffding,0.00025289999757660553,1.0
1.0,0.14285714285714285,0.0,2,14,500,0.55,13,holm,0.0005725999944843352,
0.0,0.8571428571428571,0.14285714285714285,14,14,500,0.55,14,pointwise,0.0005560999998124316,0.0
1.0,0.42857142857142855,0.0,6,14,500,0.55,14,normal_bonferroni,0.0005590000000665896,0.0
1.0,0.42857142857142855,0.0,6,14,500,0.55,14,multiplier,0.002891800002544187,0.0
1.0,0.42857142857142855,0.0,6,14,500,0.55,14,exact_bonferroni,0.0007941000003484078,1.0
1.0,0.2857142857142857,0.0,4,14,500,0.55,14,hoeffding,0.00027939999563386664,1.0
1.0,0.42857142857142855,0.0,6,14,500,0.55,14,holm,0.00046350000047823414,
1.0,0.0,0.0,0,14,500,0.55,15,pointwise,0.0005826999986311421,1.0
1.0,0.0,0.0,0,14,500,0.55,15,normal_bonferroni,0.0005302999998093583,1.0
1.0,0.0,0.0,0,14,500,0.55,15,multiplier,0.0030847999951220118,1.0
1.0,0.0,0.0,0,14,500,0.55,15,exact_bonferroni,0.0008430000016232952,1.0
1.0,0.0,0.0,0,14,500,0.55,15,hoeffding,0.00028469999961089343,1.0
1.0,0.0,0.0,0,14,500,0.55,15,holm,0.0004658999969251454,
1.0,0.5,0.0,7,14,500,0.55,16,pointwise,0.000585400004638359,0.0
1.0,0.2857142857142857,0.0,4,14,500,0.55,16,normal_bonferroni,0.000546200004464481,1.0
1.0,0.2857142857142857,0.0,4,14,500,0.55,16,multiplier,0.0030882999999448657,1.0
1.0,0.14285714285714285,0.0,2,14,500,0.55,16,exact_bonferroni,0.0008281000045826659,1.0
1.0,0.07142857142857142,0.0,1,14,500,0.55,16,hoeffding,0.0002449999956297688,1.0
1.0,0.14285714285714285,0.0,2,14,500,0.55,16,holm,0.0004599999956553802,
1.0,0.21428571428571427,0.0,3,14,500,0.55,17,pointwise,0.0006027000054018572,1.0
1.0,0.07142857142857142,0.0,1,14,500,0.55,17,normal_bonferroni,0.0005317000031936914,1.0
1.0,0.07142857142857142,0.0,1,14,500,0.55,17,multiplier,0.002362100000027567,1.0
1.0,0.07142857142857142,0.0,1,14,500,0.55,17,exact_bonferroni,0.0007320000004256144,1.0
1.0,0.0,0.0,0,14,500,0.55,17,hoeffding,0.0005184999972698279,1.0
1.0,0.07142857142857142,0.0,1,14,500,0.55,17,holm,0.0004558000000542961,
1.0,0.21428571428571427,0.0,3,14,500,0.55,18,pointwise,0.0005530999987968244,1.0
1.0,0.07142857142857142,0.0,1,14,500,0.55,18,normal_bonferroni,0.000534999999217689,1.0
1.0,0.07142857142857142,0.0,1,14,500,0.55,18,multiplier,0.0031095000013010576,1.0
1.0,0.07142857142857142,0.0,1,14,500,0.55,18,exact_bonferroni,0.0008429000008618459,1.0
1.0,0.0,0.0,0,14,500,0.55,18,hoeffding,0.00024200000189011917,1.0
1.0,0.07142857142857142,0.0,1,14,500,0.55,18,holm,0.0004591999968397431,
0.0,0.9285714285714286,0.07142857142857142,14,14,500,0.55,19,pointwise,0.0005476000005728565,0.0
1.0,0.5714285714285714,0.0,8,14,500,0.55,19,normal_bonferroni,0.0004974000039510429,0.0
1.0,0.5714285714285714,0.0,8,14,500,0.55,19,multiplier,0.0025647000002209097,0.0
1.0,0.5,0.0,7,14,500,0.55,19,exact_bonferroni,0.0006969999958528206,0.0
1.0,0.21428571428571427,0.0,3,14,500,0.55,19,hoeffding,0.0002488000027369708,1.0
1.0,0.5,0.0,7,14,500,0.55,19,holm,0.0004040000058012083,
1.0,0.5,0.0,7,14,500,0.55,20,pointwise,0.0005645999990520068,1.0
1.0,0.07142857142857142,0.0,1,14,500,0.55,20,normal_bonferroni,0.0005919999966863543,1.0
1.0,0.07142857142857142,0.0,1,14,500,0.55,20,multiplier,0.0029345000002649613,1.0
1.0,0.07142857142857142,0.0,1,14,500,0.55,20,exact_bonferroni,0.0008563999945181422,1.0
1.0,0.0,0.0,0,14,500,0.55,20,hoeffding,0.00026030000299215317,1.0
1.0,0.07142857142857142,0.0,1,14,500,0.55,20,holm,0.00047620000259485096,
1.0,0.35714285714285715,0.0,5,14,500,0.55,21,pointwise,0.0005590999935520813,1.0
1.0,0.07142857142857142,0.0,1,14,500,0.55,21,normal_bonferroni,0.0005644999982905574,1.0
1.0,0.07142857142857142,0.0,1,14,500,0.55,21,multiplier,0.002783099997031968,1.0
1.0,0.07142857142857142,0.0,1,14,500,0.55,21,exact_bonferroni,0.0007585000057588331,1.0
1.0,0.0,0.0,0,14,500,0.55,21,hoeffding,0.0002423999976599589,1.0
1.0,0.07142857142857142,0.0,1,14,500,0.55,21,holm,0.0004654000003938563,
1.0,0.21428571428571427,0.0,3,14,500,0.55,22,pointwise,0.000781099995947443,1.0
1.0,0.0,0.0,0,14,500,0.55,22,normal_bonferroni,0.0006292000034591183,1.0
1.0,0.0,0.0,0,14,500,0.55,22,multiplier,0.002642500003275927,1.0
1.0,0.0,0.0,0,14,500,0.55,22,exact_bonferroni,0.0006504000048153102,1.0
1.0,0.0,0.0,0,14,500,0.55,22,hoeffding,0.0001951000012923032,1.0
1.0,0.0,0.0,0,14,500,0.55,22,holm,0.0005024000056437217,
1.0,0.5,0.0,7,14,500,0.55,23,pointwise,0.0004611000040313229,1.0
1.0,0.21428571428571427,0.0,3,14,500,0.55,23,normal_bonferroni,0.0006314999991445802,1.0
1.0,0.21428571428571427,0.0,3,14,500,0.55,23,multiplier,0.0032945999992080033,1.0
1.0,0.14285714285714285,0.0,2,14,500,0.55,23,exact_bonferroni,0.000894600001629442,1.0
1.0,0.0,0.0,0,14,500,0.55,23,hoeffding,0.0002604000037536025,1.0
1.0,0.14285714285714285,0.0,2,14,500,0.55,23,holm,0.00048799999785842374,
1.0,0.42857142857142855,0.0,6,14,500,0.55,24,pointwise,0.0003224000029149465,0.0
1.0,0.14285714285714285,0.0,2,14,500,0.55,24,normal_bonferroni,0.0004776999994646758,1.0
1.0,0.14285714285714285,0.0,2,14,500,0.55,24,multiplier,0.0017941999976756051,1.0
1.0,0.07142857142857142,0.0,1,14,500,0.55,24,exact_bonferroni,0.0011177999986102805,1.0
1.0,0.0,0.0,0,14,500,0.55,24,hoeffding,0.0001812999980757013,1.0
1.0,0.07142857142857142,0.0,1,14,500,0.55,24,holm,0.0002975999959744513,
1.0,0.42857142857142855,0.0,6,14,500,0.55,25,pointwise,0.0005890000029467046,1.0
1.0,0.14285714285714285,0.0,2,14,500,0.55,25,normal_bonferroni,0.0005642999967676587,1.0
1.0,0.14285714285714285,0.0,2,14,500,0.55,25,multiplier,0.0029869999998481944,1.0
1.0,0.07142857142857142,0.0,1,14,500,0.55,25,exact_bonferroni,0.0008097999962046742,1.0
1.0,0.0,0.0,0,14,500,0.55,25,hoeffding,0.00024960000155260786,1.0
1.0,0.07142857142857142,0.0,1,14,500,0.55,25,holm,0.0004906000031041913,
1.0,0.2857142857142857,0.0,4,14,500,0.55,26,pointwise,0.0005649999948218465,1.0
1.0,0.0,0.0,0,14,500,0.55,26,normal_bonferroni,0.0005372000014176592,1.0
1.0,0.07142857142857142,0.0,1,14,500,0.55,26,multiplier,0.002768100006505847,1.0
1.0,0.0,0.0,0,14,500,0.55,26,exact_bonferroni,0.0008512999993399717,1.0
1.0,0.0,0.0,0,14,500,0.55,26,hoeffding,0.000258400003076531,1.0
1.0,0.0,0.0,0,14,500,0.55,26,holm,0.00046920000022510067,
1.0,0.2857142857142857,0.0,4,14,500,0.55,27,pointwise,0.0006422000005841255,0.0
1.0,0.21428571428571427,0.0,3,14,500,0.55,27,normal_bonferroni,0.0006118000019341707,1.0
1.0,0.21428571428571427,0.0,3,14,500,0.55,27,multiplier,0.0032396999959019013,1.0
1.0,0.21428571428571427,0.0,3,14,500,0.55,27,exact_bonferroni,0.000898300000699237,1.0
1.0,0.07142857142857142,0.0,1,14,500,0.55,27,hoeffding,0.000276099999609869,1.0
1.0,0.21428571428571427,0.0,3,14,500,0.55,27,holm,0.0005224999986239709,
1.0,0.5,0.0,7,14,500,0.55,28,pointwise,0.0005189999938011169,0.0
1.0,0.14285714285714285,0.0,2,14,500,0.55,28,normal_bonferroni,0.000436700000136625,1.0
1.0,0.21428571428571427,0.0,3,14,500,0.55,28,multiplier,0.0029161999991629273,1.0
1.0,0.07142857142857142,0.0,1,14,500,0.55,28,exact_bonferroni,0.0008391000010306016,1.0
1.0,0.0,0.0,0,14,500,0.55,28,hoeffding,0.00025889999960782006,1.0
1.0,0.07142857142857142,0.0,1,14,500,0.55,28,holm,0.00047590000031050295,
1.0,0.35714285714285715,0.0,5,14,500,0.55,29,pointwise,0.0008162000012816861,1.0
1.0,0.14285714285714285,0.0,2,14,500,0.55,29,normal_bonferroni,0.00043820000428240746,1.0
1.0,0.14285714285714285,0.0,2,14,500,0.55,29,multiplier,0.00187240000377642,1.0
1.0,0.14285714285714285,0.0,2,14,500,0.55,29,exact_bonferroni,0.000447300000814721,1.0
1.0,0.0,0.0,0,14,500,0.55,29,hoeffding,0.00018699999782256782,1.0
1.0,0.14285714285714285,0.0,2,14,500,0.55,29,holm,0.0004769000006490387,
1.0,0.14285714285714285,0.0,2,14,500,0.55,30,pointwise,0.0008308000033139251,1.0
1.0,0.0,0.0,0,14,500,0.55,30,normal_bonferroni,0.0003145000009681098,1.0
1.0,0.0,0.0,0,14,500,0.55,30,multiplier,0.0018401999986963347,1.0
1.0,0.0,0.0,0,14,500,0.55,30,exact_bonferroni,0.0008166000043274835,1.0
1.0,0.0,0.0,0,14,500,0.55,30,hoeffding,0.00024200000189011917,1.0
1.0,0.0,0.0,0,14,500,0.55,30,holm,0.0004602000044542365,
1.0,0.42857142857142855,0.0,6,14,500,0.55,31,pointwise,0.0005485000001499429,1.0
1.0,0.14285714285714285,0.0,2,14,500,0.55,31,normal_bonferroni,0.0004961999948136508,1.0
1.0,0.14285714285714285,0.0,2,14,500,0.55,31,multiplier,0.0028139999994891696,1.0
1.0,0.14285714285714285,0.0,2,14,500,0.55,31,exact_bonferroni,0.0011226000060560182,1.0
1.0,0.0,0.0,0,14,500,0.55,31,hoeffding,0.00029680000443477184,1.0
1.0,0.14285714285714285,0.0,2,14,500,0.55,31,holm,0.0004845999937970191,
1.0,0.2857142857142857,0.0,4,14,500,0.55,32,pointwise,0.0006228999991435558,1.0
1.0,0.0,0.0,0,14,500,0.55,32,normal_bonferroni,0.0006462999954237603,1.0
1.0,0.0,0.0,0,14,500,0.55,32,multiplier,0.0030340000012074597,1.0
1.0,0.0,0.0,0,14,500,0.55,32,exact_bonferroni,0.000855099999171216,1.0
1.0,0.0,0.0,0,14,500,0.55,32,hoeffding,0.0002606999987619929,1.0
1.0,0.0,0.0,0,14,500,0.55,32,holm,0.00047619999531889334,
1.0,0.2857142857142857,0.0,4,14,500,0.55,33,pointwise,0.0005563000013353303,0.0
1.0,0.14285714285714285,0.0,2,14,500,0.55,33,normal_bonferroni,0.0004988000000594184,1.0
1.0,0.14285714285714285,0.0,2,14,500,0.55,33,multiplier,0.00275800000235904,1.0
1.0,0.14285714285714285,0.0,2,14,500,0.55,33,exact_bonferroni,0.0007677999965380877,1.0
1.0,0.0,0.0,0,14,500,0.55,33,hoeffding,0.00023330000112764537,1.0
1.0,0.14285714285714285,0.0,2,14,500,0.55,33,holm,0.00041009999404195696,
1.0,0.42857142857142855,0.0,6,14,500,0.55,34,pointwise,0.0005469000025186688,1.0
1.0,0.14285714285714285,0.0,2,14,500,0.55,34,normal_bonferroni,0.0004839999965042807,1.0
1.0,0.14285714285714285,0.0,2,14,500,0.55,34,multiplier,0.0028984999953536317,1.0
1.0,0.14285714285714285,0.0,2,14,500,0.55,34,exact_bonferroni,0.0008184000034816563,1.0
1.0,0.07142857142857142,0.0,1,14,500,0.55,34,hoeffding,0.00025769999774638563,1.0
1.0,0.14285714285714285,0.0,2,14,500,0.55,34,holm,0.0005078000031062402,
1.0,0.35714285714285715,0.0,5,14,500,0.55,35,pointwise,0.0005883999983780086,1.0
1.0,0.0,0.0,0,14,500,0.55,35,normal_bonferroni,0.0005263999992166646,1.0
1.0,0.0,0.0,0,14,500,0.55,35,multiplier,0.002749800005403813,1.0
1.0,0.0,0.0,0,14,500,0.55,35,exact_bonferroni,0.0007836000004317611,1.0
1.0,0.0,0.0,0,14,500,0.55,35,hoeffding,0.00035620000562630594,1.0
1.0,0.0,0.0,0,14,500,0.55,35,holm,0.00044019999768352136,
1.0,0.42857142857142855,0.0,6,14,500,0.55,36,pointwise,0.0005085000011604279,0.0
1.0,0.35714285714285715,0.0,5,14,500,0.55,36,normal_bonferroni,0.0006638999984716065,1.0
1.0,0.35714285714285715,0.0,5,14,500,0.55,36,multiplier,0.0021052999945823103,1.0
1.0,0.35714285714285715,0.0,5,14,500,0.55,36,exact_bonferroni,0.0009003000013763085,1.0
1.0,0.14285714285714285,0.0,2,14,500,0.55,36,hoeffding,0.0002674999996088445,1.0
1.0,0.35714285714285715,0.0,5,14,500,0.55,36,holm,0.0005039999959990382,
1.0,0.35714285714285715,0.0,5,14,500,0.55,37,pointwise,0.0005856000061612576,0.0
1.0,0.14285714285714285,0.0,2,14,500,0.55,37,normal_bonferroni,0.0005213999975239858,1.0
1.0,0.14285714285714285,0.0,2,14,500,0.55,37,multiplier,0.0028153000021120533,1.0
1.0,0.07142857142857142,0.0,1,14,500,0.55,37,exact_bonferroni,0.0007672000065213069,1.0
1.0,0.0,0.0,0,14,500,0.55,37,hoeffding,0.00025949999690055847,1.0
1.0,0.07142857142857142,0.0,1,14,500,0.55,37,holm,0.0004445000013220124,
1.0,0.2857142857142857,0.0,4,14,500,0.55,38,pointwise,0.0005250999965937808,1.0
1.0,0.0,0.0,0,14,500,0.55,38,normal_bonferroni,0.00048379999498138204,1.0
1.0,0.0,0.0,0,14,500,0.55,38,multiplier,0.002972900001623202,1.0
1.0,0.0,0.0,0,14,500,0.55,38,exact_bonferroni,0.00047449999692616984,1.0
1.0,0.0,0.0,0,14,500,0.55,38,hoeffding,0.0001410000040777959,1.0
1.0,0.0,0.0,0,14,500,0.55,38,holm,0.0002553000012994744,
1.0,0.5714285714285714,0.0,8,14,500,0.55,39,pointwise,0.0004174999994575046,1.0
1.0,0.21428571428571427,0.0,3,14,500,0.55,39,normal_bonferroni,0.0005918999959249049,1.0
1.0,0.21428571428571427,0.0,3,14,500,0.55,39,multiplier,0.0030027000029804185,1.0
1.0,0.14285714285714285,0.0,2,14,500,0.55,39,exact_bonferroni,0.0008579000059398822,1.0
1.0,0.07142857142857142,0.0,1,14,500,0.55,39,hoeffding,0.0002542000001994893,1.0
1.0,0.14285714285714285,0.0,2,14,500,0.55,39,holm,0.00045649999810848385,
1.0,0.2857142857142857,0.0,4,14,500,0.55,40,pointwise,0.0006482999961008318,1.0
1.0,0.07142857142857142,0.0,1,14,500,0.55,40,normal_bonferroni,0.0005751999997301027,1.0
1.0,0.07142857142857142,0.0,1,14,500,0.55,40,multiplier,0.003141200002573896,1.0
1.0,0.07142857142857142,0.0,1,14,500,0.55,40,exact_bonferroni,0.0008482999983243644,1.0
1.0,0.0,0.0,0,14,500,0.55,40,hoeffding,0.00025910000113071874,1.0
1.0,0.07142857142857142,0.0,1,14,500,0.55,40,holm,0.0004687999971793033,
0.0,0.35714285714285715,0.16666666666666666,6,14,500,0.55,41,pointwise,0.0006269000004976988,0.0
1.0,0.07142857142857142,0.0,1,14,500,0.55,41,normal_bonferroni,0.0006261000016820617,1.0
1.0,0.14285714285714285,0.0,2,14,500,0.55,41,multiplier,0.003197900005034171,1.0
1.0,0.07142857142857142,0.0,1,14,500,0.55,41,exact_bonferroni,0.0009070000014617108,1.0
1.0,0.07142857142857142,0.0,1,14,500,0.55,41,hoeffding,0.0002905000001192093,1.0
1.0,0.07142857142857142,0.0,1,14,500,0.55,41,holm,0.0005192000025999732,
1.0,0.21428571428571427,0.0,3,14,500,0.55,42,pointwise,0.0005707999953301623,0.0
1.0,0.07142857142857142,0.0,1,14,500,0.55,42,normal_bonferroni,0.0005343000011635013,1.0
1.0,0.07142857142857142,0.0,1,14,500,0.55,42,multiplier,0.00295880000339821,1.0
1.0,0.07142857142857142,0.0,1,14,500,0.55,42,exact_bonferroni,0.0007858000026317313,1.0
1.0,0.0,0.0,0,14,500,0.55,42,hoeffding,0.00024139999732142314,1.0
1.0,0.07142857142857142,0.0,1,14,500,0.55,42,holm,0.00046350000047823414,
1.0,0.42857142857142855,0.0,6,14,500,0.55,43,pointwise,0.0007938999988255091,1.0
1.0,0.14285714285714285,0.0,2,14,500,0.55,43,normal_bonferroni,0.0005869000015081838,1.0
1.0,0.14285714285714285,0.0,2,14,500,0.55,43,multiplier,0.002848299998731818,1.0
1.0,0.07142857142857142,0.0,1,14,500,0.55,43,exact_bonferroni,0.0009907999992719851,1.0
1.0,0.0,0.0,0,14,500,0.55,43,hoeffding,0.00026709999656304717,1.0
1.0,0.07142857142857142,0.0,1,14,500,0.55,43,holm,0.00037039999733678997,
1.0,0.5714285714285714,0.0,8,14,500,0.55,44,pointwise,0.0005485000001499429,0.0
1.0,0.2857142857142857,0.0,4,14,500,0.55,44,normal_bonferroni,0.0005208000002312474,1.0
1.0,0.2857142857142857,0.0,4,14,500,0.55,44,multiplier,0.0032662999947206117,1.0
1.0,0.21428571428571427,0.0,3,14,500,0.55,44,exact_bonferroni,0.0008642999964649789,1.0
1.0,0.0,0.0,0,14,500,0.55,44,hoeffding,0.000254700004006736,1.0
1.0,0.21428571428571427,0.0,3,14,500,0.55,44,holm,0.0004490999999688938,
1.0,0.35714285714285715,0.0,5,14,500,0.55,45,pointwise,0.0005210999952396378,1.0
1.0,0.07142857142857142,0.0,1,14,500,0.55,45,normal_bonferroni,0.000509299999976065,1.0
1.0,0.07142857142857142,0.0,1,14,500,0.55,45,multiplier,0.0031031000035000034,1.0
1.0,0.07142857142857142,0.0,1,14,500,0.55,45,exact_bonferroni,0.0008269000027212314,1.0
1.0,0.0,0.0,0,14,500,0.55,45,hoeffding,0.00024339999799849465,1.0
1.0,0.07142857142857142,0.0,1,14,500,0.55,45,holm,0.00044049999996786937,
0.0,0.7857142857142857,0.08333333333333333,12,14,500,0.55,46,pointwise,0.0005434999984572642,0.0
1.0,0.14285714285714285,0.0,2,14,500,0.55,46,normal_bonferroni,0.0005185999980312772,1.0
1.0,0.14285714285714285,0.0,2,14,500,0.55,46,multiplier,0.0027611000041360967,1.0
1.0,0.07142857142857142,0.0,1,14,500,0.55,46,exact_bonferroni,0.000730199993995484,1.0
1.0,0.07142857142857142,0.0,1,14,500,0.55,46,hoeffding,0.00023069999588187784,1.0
1.0,0.07142857142857142,0.0,1,14,500,0.55,46,holm,0.0004149000014876947,
1.0,0.35714285714285715,0.0,5,14,500,0.55,47,pointwise,0.0005062999989604577,0.0
1.0,0.2857142857142857,0.0,4,14,500,0.55,47,normal_bonferroni,0.0004830000034417026,1.0
1.0,0.2857142857142857,0.0,4,14,500,0.55,47,multiplier,0.0027431999988039024,1.0
1.0,0.21428571428571427,0.0,3,14,500,0.55,47,exact_bonferroni,0.0005128999982844107,1.0
1.0,0.0,0.0,0,14,500,0.55,47,hoeffding,0.00015439999697264284,1.0
1.0,0.21428571428571427,0.0,3,14,500,0.55,47,holm,0.0002989999993587844,
1.0,0.6428571428571429,0.0,9,14,500,0.55,48,pointwise,0.0005753000004915521,0.0
1.0,0.2857142857142857,0.0,4,14,500,0.55,48,normal_bonferroni,0.0005594999965978786,1.0
1.0,0.2857142857142857,0.0,4,14,500,0.55,48,multiplier,0.002920700004324317,1.0
1.0,0.21428571428571427,0.0,3,14,500,0.55,48,exact_bonferroni,0.0008002000031410716,1.0
1.0,0.0,0.0,0,14,500,0.55,48,hoeffding,0.0002809999932651408,1.0
1.0,0.21428571428571427,0.0,3,14,500,0.55,48,holm,0.0005908999955863692,
0.0,0.8571428571428571,0.2,15,14,500,0.55,49,pointwise,0.0005442999972729012,0.0
1.0,0.42857142857142855,0.0,6,14,500,0.55,49,normal_bonferroni,0.0005068000027677044,0.0
1.0,0.5,0.0,7,14,500,0.55,49,multiplier,0.0029381999993347563,0.0
1.0,0.42857142857142855,0.0,6,14,500,0.55,49,exact_bonferroni,0.0005530999987968244,1.0
1.0,0.14285714285714285,0.0,2,14,500,0.55,49,hoeffding,0.0001503000021330081,1.0
1.0,0.42857142857142855,0.0,6,14,500,0.55,49,holm,0.00026729999808594584,
1.0,0.35714285714285715,0.0,5,14,500,0.55,50,pointwise,0.0009993000057875179,1.0
1.0,0.07142857142857142,0.0,1,14,500,0.55,50,normal_bonferroni,0.0006757000010111369,1.0
1.0,0.07142857142857142,0.0,1,14,500,0.55,50,multiplier,0.0028567000044859014,1.0
1.0,0.07142857142857142,0.0,1,14,500,0.55,50,exact_bonferroni,0.000800199995865114,1.0
1.0,0.0,0.0,0,14,500,0.55,50,hoeffding,0.0002454999994370155,1.0
1.0,0.07142857142857142,0.0,1,14,500,0.55,50,holm,0.0004417000018293038,
1.0,0.35714285714285715,0.0,5,14,500,0.55,51,pointwise,0.0005156999977771193,1.0
1.0,0.0,0.0,0,14,500,0.55,51,normal_bonferroni,0.00048429999878862873,1.0
1.0,0.0,0.0,0,14,500,0.55,51,multiplier,0.0032593999931123108,1.0
1.0,0.0,0.0,0,14,500,0.55,51,exact_bonferroni,0.0009180000051856041,1.0
1.0,0.0,0.0,0,14,500,0.55,51,hoeffding,0.00026229999639326707,1.0
1.0,0.0,0.0,0,14,500,0.55,51,holm,0.0004800000024260953,
1.0,0.5714285714285714,0.0,8,14,500,0.55,52,pointwise,0.0005730000048060901,0.0
1.0,0.2857142857142857,0.0,4,14,500,0.55,52,normal_bonferroni,0.0005377999987103976,1.0
1.0,0.2857142857142857,0.0,4,14,500,0.55,52,multiplier,0.003269599998020567,1.0
1.0,0.2857142857142857,0.0,4,14,500,0.55,52,exact_bonferroni,0.0008643999972264282,1.0
1.0,0.0,0.0,0,14,500,0.55,52,hoeffding,0.00025350000214530155,1.0
1.0,0.2857142857142857,0.0,4,14,500,0.55,52,holm,0.0004572000034386292,
1.0,0.2857142857142857,0.0,4,14,500,0.55,53,pointwise,0.0005608999999822117,1.0
1.0,0.07142857142857142,0.0,1,14,500,0.55,53,normal_bonferroni,0.000552500001504086,1.0
1.0,0.07142857142857142,0.0,1,14,500,0.55,53,multiplier,0.0029093999983160757,1.0
1.0,0.07142857142857142,0.0,1,14,500,0.55,53,exact_bonferroni,0.0008230000021285377,1.0
1.0,0.0,0.0,0,14,500,0.55,53,hoeffding,0.00026839999918593094,1.0
1.0,0.07142857142857142,0.0,1,14,500,0.55,53,holm,0.00045390000013867393,
1.0,0.07142857142857142,0.0,1,14,500,0.55,54,pointwise,0.0005693999992217869,1.0
1.0,0.0,0.0,0,14,500,0.55,54,normal_bonferroni,0.0005290999979479238,1.0
1.0,0.0,0.0,0,14,500,0.55,54,multiplier,0.002928100002463907,1.0
1.0,0.0,0.0,0,14,500,0.55,54,exact_bonferroni,0.0006309999953373335,1.0
1.0,0.0,0.0,0,14,500,0.55,54,hoeffding,0.00017839999782154337,1.0
1.0,0.0,0.0,0,14,500,0.55,54,holm,0.0003036999987671152,
1.0,0.35714285714285715,0.0,5,14,500,0.55,55,pointwise,0.0005639999944833107,0.0
1.0,0.21428571428571427,0.0,3,14,500,0.55,55,normal_bonferroni,0.0005597000053967349,1.0
1.0,0.21428571428571427,0.0,3,14,500,0.55,55,multiplier,0.0031601999944541603,1.0
1.0,0.14285714285714285,0.0,2,14,500,0.55,55,exact_bonferroni,0.0008670000024721958,1.0
1.0,0.0,0.0,0,14,500,0.55,55,hoeffding,0.00028730000485666096,1.0
1.0,0.14285714285714285,0.0,2,14,500,0.55,55,holm,0.00047790000098757446,
1.0,0.42857142857142855,0.0,6,14,500,0.55,56,pointwise,0.0006712999966111965,1.0
1.0,0.0,0.0,0,14,500,0.55,56,normal_bonferroni,0.0005567999978666194,1.0
1.0,0.0,0.0,0,14,500,0.55,56,multiplier,0.0027933000019402243,1.0
1.0,0.0,0.0,0,14,500,0.55,56,exact_bonferroni,0.0007323000027099624,1.0
1.0,0.0,0.0,0,14,500,0.55,56,hoeffding,0.0004140999953961,1.0
1.0,0.0,0.0,0,14,500,0.55,56,holm,0.00037929999962216243,
1.0,0.35714285714285715,0.0,5,14,500,0.55,57,pointwise,0.0005324999947333708,1.0
1.0,0.07142857142857142,0.0,1,14,500,0.55,57,normal_bonferroni,0.0007066000034683384,1.0
1.0,0.07142857142857142,0.0,1,14,500,0.55,57,multiplier,0.0029280000017024577,1.0
1.0,0.0,0.0,0,14,500,0.55,57,exact_bonferroni,0.0007740000000922009,1.0
1.0,0.0,0.0,0,14,500,0.55,57,hoeffding,0.0002463999990141019,1.0
1.0,0.0,0.0,0,14,500,0.55,57,holm,0.0008082999993348494,
1.0,0.6428571428571429,0.0,9,14,500,0.55,58,pointwise,0.0005923999997321516,1.0
1.0,0.21428571428571427,0.0,3,14,500,0.55,58,normal_bonferroni,0.0004985999985365197,1.0
1.0,0.21428571428571427,0.0,3,14,500,0.55,58,multiplier,0.0026556000011623837,1.0
1.0,0.21428571428571427,0.0,3,14,500,0.55,58,exact_bonferroni,0.0007741000008536503,1.0
1.0,0.07142857142857142,0.0,1,14,500,0.55,58,hoeffding,0.0002375999974901788,1.0
1.0,0.21428571428571427,0.0,3,14,500,0.55,58,holm,0.0004341999956523068,
1.0,0.35714285714285715,0.0,5,14,500,0.55,59,pointwise,0.0007060999996610917,1.0
1.0,0.07142857142857142,0.0,1,14,500,0.55,59,normal_bonferroni,0.0005600000004051253,1.0
1.0,0.07142857142857142,0.0,1,14,500,0.55,59,multiplier,0.0028815999976359308,1.0
1.0,0.0,0.0,0,14,500,0.55,59,exact_bonferroni,0.000833099998999387,1.0
1.0,0.0,0.0,0,14,500,0.55,59,hoeffding,0.0002610000010463409,1.0
1.0,0.0,0.0,0,14,500,0.55,59,holm,0.0004613999990397133,
1.0,0.21428571428571427,0.0,3,14,500,0.55,60,pointwise,0.0005295000009937212,1.0
1.0,0.14285714285714285,0.0,2,14,500,0.55,60,normal_bonferroni,0.0005085000011604279,1.0
1.0,0.14285714285714285,0.0,2,14,500,0.55,60,multiplier,0.0027293999955873005,1.0
1.0,0.14285714285714285,0.0,2,14,500,0.55,60,exact_bonferroni,0.0007794000048306771,1.0
1.0,0.0,0.0,0,14,500,0.55,60,hoeffding,0.00024029999622143805,1.0
1.0,0.14285714285714285,0.0,2,14,500,0.55,60,holm,0.0004312999953981489,
1.0,0.35714285714285715,0.0,5,14,500,0.55,61,pointwise,0.00039570000080857426,1.0
1.0,0.14285714285714285,0.0,2,14,500,0.55,61,normal_bonferroni,0.0003175999954692088,1.0
1.0,0.14285714285714285,0.0,2,14,500,0.55,61,multiplier,0.002925699998741038,1.0
1.0,0.07142857142857142,0.0,1,14,500,0.55,61,exact_bonferroni,0.0006777999951737002,1.0
1.0,0.0,0.0,0,14,500,0.55,61,hoeffding,0.00015749999874969944,1.0
1.0,0.07142857142857142,0.0,1,14,500,0.55,61,holm,0.0005070000042906031,
1.0,0.5714285714285714,0.0,8,14,500,0.55,62,pointwise,0.0005862999969394878,0.0
1.0,0.2857142857142857,0.0,4,14,500,0.55,62,normal_bonferroni,0.0005329999985406175,1.0
1.0,0.2857142857142857,0.0,4,14,500,0.55,62,multiplier,0.0028520999985630624,1.0
1.0,0.14285714285714285,0.0,2,14,500,0.55,62,exact_bonferroni,0.0007785999987390824,1.0
1.0,0.07142857142857142,0.0,1,14,500,0.55,62,hoeffding,0.00024390000180574134,1.0
1.0,0.14285714285714285,0.0,2,14,500,0.55,62,holm,0.0004602999979397282,
0.0,0.9285714285714286,0.1875,16,14,500,0.55,63,pointwise,0.0003243000028305687,0.0
1.0,0.42857142857142855,0.0,6,14,500,0.55,63,normal_bonferroni,0.0003023000026587397,0.0
1.0,0.42857142857142855,0.0,6,14,500,0.55,63,multiplier,0.0021022000000812113,0.0
1.0,0.42857142857142855,0.0,6,14,500,0.55,63,exact_bonferroni,0.00043700000242097303,0.0
1.0,0.21428571428571427,0.0,3,14,500,0.55,63,hoeffding,0.0001384999995934777,1.0
1.0,0.42857142857142855,0.0,6,14,500,0.55,63,holm,0.0002607000060379505,
0.0,0.5714285714285714,0.1111111111111111,9,14,500,0.55,64,pointwise,0.0006412000002455898,0.0
1.0,0.21428571428571427,0.0,3,14,500,0.55,64,normal_bonferroni,0.0005549999987124465,0.0
1.0,0.21428571428571427,0.0,3,14,500,0.55,64,multiplier,0.0028042000049026683,0.0
1.0,0.21428571428571427,0.0,3,14,500,0.55,64,exact_bonferroni,0.0007692999934079126,1.0
1.0,0.07142857142857142,0.0,1,14,500,0.55,64,hoeffding,0.0002502000061213039,1.0
1.0,0.21428571428571427,0.0,3,14,500,0.55,64,holm,0.0004765999983646907,
1.0,0.2857142857142857,0.0,4,14,500,0.55,65,pointwise,0.0006050000010873191,1.0
1.0,0.14285714285714285,0.0,2,14,500,0.55,65,normal_bonferroni,0.0003954999992856756,1.0
1.0,0.14285714285714285,0.0,2,14,500,0.55,65,multiplier,0.002508799996576272,1.0
1.0,0.14285714285714285,0.0,2,14,500,0.55,65,exact_bonferroni,0.0007861999984015711,1.0
1.0,0.07142857142857142,0.0,1,14,500,0.55,65,hoeffding,0.0002558000051067211,1.0
1.0,0.14285714285714285,0.0,2,14,500,0.55,65,holm,0.0004482000003918074,
1.0,0.2857142857142857,0.0,4,14,500,0.55,66,pointwise,0.0005760999993071891,1.0
1.0,0.14285714285714285,0.0,2,14,500,0.55,66,normal_bonferroni,0.0009242999949492514,1.0
1.0,0.14285714285714285,0.0,2,14,500,0.55,66,multiplier,0.0028476000006776303,1.0
1.0,0.14285714285714285,0.0,2,14,500,0.55,66,exact_bonferroni,0.0009707000062917359,1.0
1.0,0.0,0.0,0,14,500,0.55,66,hoeffding,0.00028190000011818483,1.0
1.0,0.14285714285714285,0.0,2,14,500,0.55,66,holm,0.000523900002008304,
0.0,0.42857142857142855,0.14285714285714285,7,14,500,0.55,67,pointwise,0.0005834000039612874,0.0
1.0,0.07142857142857142,0.0,1,14,500,0.55,67,normal_bonferroni,0.0005432999969343655,1.0
1.0,0.07142857142857142,0.0,1,14,500,0.55,67,multiplier,0.0029785000006086193,1.0
1.0,0.07142857142857142,0.0,1,14,500,0.55,67,exact_bonferroni,0.0008212000029743649,1.0
1.0,0.0,0.0,0,14,500,0.55,67,hoeffding,0.0002630000017234124,1.0
1.0,0.07142857142857142,0.0,1,14,500,0.55,67,holm,0.0004988000000594184,
1.0,0.35714285714285715,0.0,5,14,500,0.55,68,pointwise,0.0005594000031123869,1.0
1.0,0.21428571428571427,0.0,3,14,500,0.55,68,normal_bonferroni,0.0005145000031916425,1.0
1.0,0.21428571428571427,0.0,3,14,500,0.55,68,multiplier,0.0029061999957775697,1.0
1.0,0.21428571428571427,0.0,3,14,500,0.55,68,exact_bonferroni,0.0007694000014453195,1.0
1.0,0.07142857142857142,0.0,1,14,500,0.55,68,hoeffding,0.0002790999933495186,1.0
1.0,0.21428571428571427,0.0,3,14,500,0.55,68,holm,0.0005391999948187731,
1.0,0.5714285714285714,0.0,8,14,500,0.55,69,pointwise,0.0006104000058257952,0.0
1.0,0.2857142857142857,0.0,4,14,500,0.55,69,normal_bonferroni,0.0005646999998134561,1.0
1.0,0.2857142857142857,0.0,4,14,500,0.55,69,multiplier,0.0030373999979929067,1.0
1.0,0.2857142857142857,0.0,4,14,500,0.55,69,exact_bonferroni,0.000796799999079667,1.0
1.0,0.0,0.0,0,14,500,0.55,69,hoeffding,0.000258400003076531,1.0
1.0,0.2857142857142857,0.0,4,14,500,0.55,69,holm,0.00046099999599391595,
1.0,0.42857142857142855,0.0,6,14,500,0.55,70,pointwise,0.0005287000021780841,0.0
1.0,0.21428571428571427,0.0,3,14,500,0.55,70,normal_bonferroni,0.000534800004970748,0.0
1.0,0.21428571428571427,0.0,3,14,500,0.55,70,multiplier,0.003238599994801916,0.0
1.0,0.21428571428571427,0.0,3,14,500,0.55,70,exact_bonferroni,0.0008919000028981827,0.0
1.0,0.14285714285714285,0.0,2,14,500,0.55,70,hoeffding,0.0001773999974830076,1.0
1.0,0.21428571428571427,0.0,3,14,500,0.55,70,holm,0.0003881999946315773,
1.0,0.14285714285714285,0.0,2,14,500,0.55,71,pointwise,0.0005896999937249348,1.0
1.0,0.0,0.0,0,14,500,0.55,71,normal_bonferroni,0.000574199999391567,1.0
1.0,0.0,0.0,0,14,500,0.55,71,multiplier,0.002919099999417085,1.0
1.0,0.0,0.0,0,14,500,0.55,71,exact_bonferroni,0.0007614999994984828,1.0
1.0,0.0,0.0,0,14,500,0.55,71,hoeffding,0.00027129999944008887,1.0
1.0,0.0,0.0,0,14,500,0.55,71,holm,0.0004365999993751757,
0.0,0.7142857142857143,0.09090909090909091,11,14,500,0.55,72,pointwise,0.0005579999997280538,0.0
1.0,0.42857142857142855,0.0,6,14,500,0.55,72,normal_bonferroni,0.0005281999983708374,1.0
1.0,0.42857142857142855,0.0,6,14,500,0.55,72,multiplier,0.0027601999972830527,1.0
1.0,0.42857142857142855,0.0,6,14,500,0.55,72,exact_bonferroni,0.0007936000038171187,1.0
1.0,0.07142857142857142,0.0,1,14,500,0.55,72,hoeffding,0.00024339999799849465,1.0
1.0,0.42857142857142855,0.0,6,14,500,0.55,72,holm,0.00043680000089807436,
1.0,0.5,0.0,7,14,500,0.55,73,pointwise,0.0005504000000655651,0.0
1.0,0.21428571428571427,0.0,3,14,500,0.55,73,normal_bonferroni,0.0005070000042906031,1.0
1.0,0.21428571428571427,0.0,3,14,500,0.55,73,multiplier,0.002766500001598615,1.0
1.0,0.21428571428571427,0.0,3,14,500,0.55,73,exact_bonferroni,0.0007513000018661842,1.0
1.0,0.07142857142857142,0.0,1,14,500,0.55,73,hoeffding,0.0002418000003672205,1.0
1.0,0.21428571428571427,0.0,3,14,500,0.55,73,holm,0.000432399996498134,
1.0,0.21428571428571427,0.0,3,14,500,0.55,74,pointwise,0.0005120999994687736,1.0
1.0,0.07142857142857142,0.0,1,14,500,0.55,74,normal_bonferroni,0.0005050000036135316,1.0
1.0,0.07142857142857142,0.0,1,14,500,0.55,74,multiplier,0.002648300003784243,1.0
1.0,0.0,0.0,0,14,500,0.55,74,exact_bonferroni,0.0007246000022860244,1.0
1.0,0.0,0.0,0,14,500,0.55,74,hoeffding,0.00022990000434219837,1.0
1.0,0.0,0.0,0,14,500,0.55,74,holm,0.0005539999983739108,
1.0,0.2857142857142857,0.0,4,14,500,0.55,75,pointwise,0.0005547999971895479,1.0
1.0,0.14285714285714285,0.0,2,14,500,0.55,75,normal_bonferroni,0.0005072999992989935,1.0
1.0,0.14285714285714285,0.0,2,14,500,0.55,75,multiplier,0.0027857000022777356,1.0
1.0,0.07142857142857142,0.0,1,14,500,0.55,75,exact_bonferroni,0.000556999999389518,1.0
1.0,0.07142857142857142,0.0,1,14,500,0.55,75,hoeffding,0.00014280000323196873,1.0
1.0,0.07142857142857142,0.0,1,14,500,0.55,75,holm,0.00027430000045569614,
1.0,0.2857142857142857,0.0,4,14,500,0.55,76,pointwise,0.0005715000006603077,1.0
1.0,0.07142857142857142,0.0,1,14,500,0.55,76,normal_bonferroni,0.0005325000020093285,1.0
1.0,0.07142857142857142,0.0,1,14,500,0.55,76,multiplier,0.0034618999998201616,1.0
1.0,0.07142857142857142,0.0,1,14,500,0.55,76,exact_bonferroni,0.0008717000018805265,1.0
1.0,0.0,0.0,0,14,500,0.55,76,hoeffding,0.0002739000046858564,1.0
1.0,0.07142857142857142,0.0,1,14,500,0.55,76,holm,0.0005142000009072945,
1.0,0.5,0.0,7,14,500,0.55,77,pointwise,0.0006543999988934956,0.0
1.0,0.07142857142857142,0.0,1,14,500,0.55,77,normal_bonferroni,0.0006102999977883883,1.0
1.0,0.07142857142857142,0.0,1,14,500,0.55,77,multiplier,0.0027982000028714538,1.0
1.0,0.0,0.0,0,14,500,0.55,77,exact_bonferroni,0.0010125999979209155,1.0
1.0,0.0,0.0,0,14,500,0.55,77,hoeffding,0.0003355000008014031,1.0
1.0,0.0,0.0,0,14,500,0.55,77,holm,0.0005585000035353005,
1.0,0.42857142857142855,0.0,6,14,500,0.55,78,pointwise,0.0007341000018641353,1.0
1.0,0.07142857142857142,0.0,1,14,500,0.55,78,normal_bonferroni,0.0007913000008556992,1.0
1.0,0.07142857142857142,0.0,1,14,500,0.55,78,multiplier,0.0023130999979912303,1.0
1.0,0.07142857142857142,0.0,1,14,500,0.55,78,exact_bonferroni,0.0008932999990065582,1.0
1.0,0.07142857142857142,0.0,1,14,500,0.55,78,hoeffding,0.0002826999989338219,1.0
1.0,0.07142857142857142,0.0,1,14,500,0.55,78,holm,0.000513600003614556,
1.0,0.5714285714285714,0.0,8,14,500,0.55,79,pointwise,0.0006061000021873042,1.0
1.0,0.14285714285714285,0.0,2,14,500,0.55,79,normal_bonferroni,0.0005679999958374538,1.0
1.0,0.14285714285714285,0.0,2,14,500,0.55,79,multiplier,0.0030790000018896535,1.0
1.0,0.07142857142857142,0.0,1,14,500,0.55,79,exact_bonferroni,0.0008012999969650991,1.0
1.0,0.0,0.0,0,14,500,0.55,79,hoeffding,0.00025630000163801014,1.0
1.0,0.07142857142857142,0.0,1,14,500,0.55,79,holm,0.0004560000015771948,
0.0,0.42857142857142855,0.14285714285714285,7,14,500,0.55,80,pointwise,0.0005702999987988733,0.0
1.0,0.14285714285714285,0.0,2,14,500,0.55,80,normal_bonferroni,0.0005619000003207475,1.0
1.0,0.14285714285714285,0.0,2,14,500,0.55,80,multiplier,0.002911900002800394,1.0
1.0,0.14285714285714285,0.0,2,14,500,0.55,80,exact_bonferroni,0.0008252000043285079,1.0
1.0,0.0,0.0,0,14,500,0.55,80,hoeffding,0.0002573999954620376,1.0
1.0,0.14285714285714285,0.0,2,14,500,0.55,80,holm,0.00046129999827826396,
1.0,0.5714285714285714,0.0,8,14,500,0.55,81,pointwise,0.000564200003282167,0.0
1.0,0.2857142857142857,0.0,4,14,500,0.55,81,normal_bonferroni,0.0005046000005677342,0.0
1.0,0.35714285714285715,0.0,5,14,500,0.55,81,multiplier,0.002725499994994607,0.0
1.0,0.2857142857142857,0.0,4,14,500,0.55,81,exact_bonferroni,0.0007820999962859787,1.0
1.0,0.14285714285714285,0.0,2,14,500,0.55,81,hoeffding,0.00026050000451505184,1.0
1.0,0.2857142857142857,0.0,4,14,500,0.55,81,holm,0.00045279999903868884,
0.0,0.8571428571428571,0.14285714285714285,14,14,500,0.55,82,pointwise,0.0006159000040497631,0.0
0.0,0.42857142857142855,0.14285714285714285,7,14,500,0.55,82,normal_bonferroni,0.0005530999987968244,0.0
0.0,0.42857142857142855,0.14285714285714285,7,14,500,0.55,82,multiplier,0.0030643999998574145,0.0
0.0,0.35714285714285715,0.16666666666666666,6,14,500,0.55,82,exact_bonferroni,0.0008468000014545396,0.0
1.0,0.14285714285714285,0.0,2,14,500,0.55,82,hoeffding,0.00025720000121509656,1.0
0.0,0.35714285714285715,0.16666666666666666,6,14,500,0.55,82,holm,0.0004748999999719672,
1.0,0.42857142857142855,0.0,6,14,500,0.55,83,pointwise,0.0005731999990530312,0.0
1.0,0.07142857142857142,0.0,1,14,500,0.55,83,normal_bonferroni,0.0005355000030249357,1.0
1.0,0.07142857142857142,0.0,1,14,500,0.55,83,multiplier,0.002835300001606811,1.0
1.0,0.07142857142857142,0.0,1,14,500,0.55,83,exact_bonferroni,0.0007895999951870181,1.0
1.0,0.0,0.0,0,14,500,0.55,83,hoeffding,0.0005698000022675842,1.0
1.0,0.07142857142857142,0.0,1,14,500,0.55,83,holm,0.0005746000024373643,
1.0,0.5,0.0,7,14,500,0.55,84,pointwise,0.0005978000044706278,0.0
1.0,0.2857142857142857,0.0,4,14,500,0.55,84,normal_bonferroni,0.0005737000028602779,1.0
1.0,0.2857142857142857,0.0,4,14,500,0.55,84,multiplier,0.0030796999999438412,1.0
1.0,0.21428571428571427,0.0,3,14,500,0.55,84,exact_bonferroni,0.0008152000009431504,1.0
1.0,0.07142857142857142,0.0,1,14,500,0.55,84,hoeffding,0.0002812000020639971,1.0
1.0,0.21428571428571427,0.0,3,14,500,0.55,84,holm,0.0004724000027636066,
1.0,0.35714285714285715,0.0,5,14,500,0.55,85,pointwise,0.0005640000017592683,1.0
1.0,0.07142857142857142,0.0,1,14,500,0.55,85,normal_bonferroni,0.0005318999974406324,1.0
1.0,0.07142857142857142,0.0,1,14,500,0.55,85,multiplier,0.0028084000005037524,1.0
1.0,0.07142857142857142,0.0,1,14,500,0.55,85,exact_bonferroni,0.0008015000057639554,1.0
1.0,0.0,0.0,0,14,500,0.55,85,hoeffding,0.0002449999956297688,1.0
1.0,0.07142857142857142,0.0,1,14,500,0.55,85,holm,0.00048379999498138204,
1.0,0.9285714285714286,0.0,13,14,500,0.55,86,pointwise,0.0005397999993874691,0.0
1.0,0.5,0.0,7,14,500,0.55,86,normal_bonferroni,0.0005261000042082742,0.0
1.0,0.5,0.0,7,14,500,0.55,86,multiplier,0.0029233999957796186,0.0
1.0,0.42857142857142855,0.0,6,14,500,0.55,86,exact_bonferroni,0.0007809000017005019,1.0
1.0,0.07142857142857142,0.0,1,14,500,0.55,86,hoeffding,0.00023979999969014898,1.0
1.0,0.5,0.0,7,14,500,0.55,86,holm,0.0004633999997167848,
0.0,0.5714285714285714,0.1111111111111111,9,14,500,0.55,87,pointwise,0.0005527999965124764,0.0
1.0,0.14285714285714285,0.0,2,14,500,0.55,87,normal_bonferroni,0.0005034000059822574,1.0
1.0,0.14285714285714285,0.0,2,14,500,0.55,87,multiplier,0.002922699997725431,1.0
1.0,0.14285714285714285,0.0,2,14,500,0.55,87,exact_bonferroni,0.0008178999996744096,1.0
1.0,0.0,0.0,0,14,500,0.55,87,hoeffding,0.00025490000552963465,1.0
1.0,0.14285714285714285,0.0,2,14,500,0.55,87,holm,0.00046270000166259706,
1.0,0.35714285714285715,0.0,5,14,500,0.55,88,pointwise,0.0005230000024312176,1.0
1.0,0.07142857142857142,0.0,1,14,500,0.55,88,normal_bonferroni,0.0005177999992156401,1.0
1.0,0.07142857142857142,0.0,1,14,500,0.55,88,multiplier,0.0029131000046618283,1.0
1.0,0.07142857142857142,0.0,1,14,500,0.55,88,exact_bonferroni,0.0008376999976462685,1.0
1.0,0.0,0.0,0,14,500,0.55,88,hoeffding,0.0002530999990995042,1.0
1.0,0.07142857142857142,0.0,1,14,500,0.55,88,holm,0.0004925000030198134,
1.0,0.42857142857142855,0.0,6,14,500,0.55,89,pointwise,0.0005810999937239103,1.0
1.0,0.07142857142857142,0.0,1,14,500,0.55,89,normal_bonferroni,0.0005317000031936914,1.0
1.0,0.07142857142857142,0.0,1,14,500,0.55,89,multiplier,0.002817000000504777,1.0
1.0,0.0,0.0,0,14,500,0.55,89,exact_bonferroni,0.0007833000054233707,1.0
1.0,0.0,0.0,0,14,500,0.55,89,hoeffding,0.0002536999963922426,1.0
1.0,0.0,0.0,0,14,500,0.55,89,holm,0.0004642999992938712,
1.0,0.5714285714285714,0.0,8,14,500,0.55,90,pointwise,0.0005204999979468994,0.0
1.0,0.07142857142857142,0.0,1,14,500,0.55,90,normal_bonferroni,0.0004870999982813373,1.0
1.0,0.07142857142857142,0.0,1,14,500,0.55,90,multiplier,0.002356199998757802,1.0
1.0,0.0,0.0,0,14,500,0.55,90,exact_bonferroni,0.0007742000016150996,1.0
1.0,0.0,0.0,0,14,500,0.55,90,hoeffding,0.00023749999672872946,1.0
1.0,0.0,0.0,0,14,500,0.55,90,holm,0.00043139999615959823,
1.0,0.21428571428571427,0.0,3,14,500,0.55,91,pointwise,0.0005253999988781288,1.0
1.0,0.0,0.0,0,14,500,0.55,91,normal_bonferroni,0.0004996999996365048,1.0
1.0,0.0,0.0,0,14,500,0.55,91,multiplier,0.002725099999224767,1.0
1.0,0.0,0.0,0,14,500,0.55,91,exact_bonferroni,0.0007226000016089529,1.0
1.0,0.0,0.0,0,14,500,0.55,91,hoeffding,0.00030979999428382143,1.0
1.0,0.0,0.0,0,14,500,0.55,91,holm,0.00044019999768352136,
1.0,0.42857142857142855,0.0,6,14,500,0.55,92,pointwise,0.0005224000051384792,0.0
1.0,0.2857142857142857,0.0,4,14,500,0.55,92,normal_bonferroni,0.0004875999948126264,1.0
1.0,0.2857142857142857,0.0,4,14,500,0.55,92,multiplier,0.0027433000068413094,1.0
1.0,0.21428571428571427,0.0,3,14,500,0.55,92,exact_bonferroni,0.0007368000005953945,1.0
1.0,0.07142857142857142,0.0,1,14,500,0.55,92,hoeffding,0.00023660000442760065,1.0
1.0,0.21428571428571427,0.0,3,14,500,0.55,92,holm,0.000446999998530373,
1.0,0.6428571428571429,0.0,9,14,500,0.55,93,pointwise,0.0003730000025825575,0.0
1.0,0.2857142857142857,0.0,4,14,500,0.55,93,normal_bonferroni,0.0004975000047124922,1.0
1.0,0.2857142857142857,0.0,4,14,500,0.55,93,multiplier,0.002556799998274073,1.0
1.0,0.2857142857142857,0.0,4,14,500,0.55,93,exact_bonferroni,0.000763700001698453,1.0
1.0,0.07142857142857142,0.0,1,14,500,0.55,93,hoeffding,0.00023820000205887482,1.0
1.0,0.2857142857142857,0.0,4,14,500,0.55,93,holm,0.000465900004201103,
1.0,0.42857142857142855,0.0,6,14,500,0.55,94,pointwise,0.0005615000045509078,1.0
1.0,0.21428571428571427,0.0,3,14,500,0.55,94,normal_bonferroni,0.0005011999965063296,1.0
1.0,0.21428571428571427,0.0,3,14,500,0.55,94,multiplier,0.0027373999982955866,1.0
1.0,0.21428571428571427,0.0,3,14,500,0.55,94,exact_bonferroni,0.0007587000000057742,1.0
1.0,0.0,0.0,0,14,500,0.55,94,hoeffding,0.00023800000053597614,1.0
1.0,0.21428571428571427,0.0,3,14,500,0.55,94,holm,0.00043840000580530614,
1.0,0.7142857142857143,0.0,10,14,500,0.55,95,pointwise,0.0005196999991312623,0.0
1.0,0.2857142857142857,0.0,4,14,500,0.55,95,normal_bonferroni,0.0004955999975209124,1.0
1.0,0.2857142857142857,0.0,4,14,500,0.55,95,multiplier,0.0026222999949823134,1.0
1.0,0.2857142857142857,0.0,4,14,500,0.55,95,exact_bonferroni,0.0008937999955378473,1.0
1.0,0.14285714285714285,0.0,2,14,500,0.55,95,hoeffding,0.00023960000544320792,1.0
1.0,0.2857142857142857,0.0,4,14,500,0.55,95,holm,0.0004898999977740459,
1.0,0.07142857142857142,0.0,1,14,500,0.55,96,pointwise,0.0005649000013363548,1.0
1.0,0.0,0.0,0,14,500,0.55,96,normal_bonferroni,0.0005132000005687587,1.0
1.0,0.0,0.0,0,14,500,0.55,96,multiplier,0.0029824999946868047,1.0
1.0,0.0,0.0,0,14,500,0.55,96,exact_bonferroni,0.0007973000028869137,1.0
1.0,0.0,0.0,0,14,500,0.55,96,hoeffding,0.00024280000070575625,1.0
1.0,0.0,0.0,0,14,500,0.55,96,holm,0.0004352999967522919,
1.0,0.5714285714285714,0.0,8,14,500,0.55,97,pointwise,0.0005500000042957254,0.0
1.0,0.21428571428571427,0.0,3,14,500,0.55,97,normal_bonferroni,0.0005167999988771044,1.0
1.0,0.21428571428571427,0.0,3,14,500,0.55,97,multiplier,0.0032055999981821515,1.0
1.0,0.14285714285714285,0.0,2,14,500,0.55,97,exact_bonferroni,0.001075199994374998,1.0
1.0,0.07142857142857142,0.0,1,14,500,0.55,97,hoeffding,0.0002655000062077306,1.0
1.0,0.14285714285714285,0.0,2,14,500,0.55,97,holm,0.0006391999995685183,
1.0,0.42857142857142855,0.0,6,14,500,0.55,98,pointwise,0.000644200001261197,1.0
1.0,0.21428571428571427,0.0,3,14,500,0.55,98,normal_bonferroni,0.0005691999976988882,1.0
1.0,0.21428571428571427,0.0,3,14,500,0.55,98,multiplier,0.003028999999514781,1.0
1.0,0.21428571428571427,0.0,3,14,500,0.55,98,exact_bonferroni,0.0008100999984890223,1.0
1.0,0.0,0.0,0,14,500,0.55,98,hoeffding,0.0002565000031609088,1.0
1.0,0.21428571428571427,0.0,3,14,500,0.55,98,holm,0.00046379999548662454,
0.0,0.7142857142857143,0.09090909090909091,11,14,500,0.55,99,pointwise,0.000538500004040543,0.0
1.0,0.42857142857142855,0.0,6,14,500,0.55,99,normal_bonferroni,0.0005261999976937659,1.0
1.0,0.42857142857142855,0.0,6,14,500,0.55,99,multiplier,0.0029619000051752664,1.0
1.0,0.35714285714285715,0.0,5,14,500,0.55,99,exact_bonferroni,0.0007679000045754947,1.0
1.0,0.07142857142857142,0.0,1,14,500,0.55,99,hoeffding,0.000429300001997035,1.0
1.0,0.42857142857142855,0.0,6,14,500,0.55,99,holm,0.00046209999709390104,
1.0,0.35714285714285715,0.0,5,14,500,0.55,100,pointwise,0.0005278999960864894,0.0
1.0,0.21428571428571427,0.0,3,14,500,0.55,100,normal_bonferroni,0.0005210999952396378,1.0
1.0,0.21428571428571427,0.0,3,14,500,0.55,100,multiplier,0.0028891000038129278,1.0
1.0,0.21428571428571427,0.0,3,14,500,0.55,100,exact_bonferroni,0.0007301000005099922,1.0
1.0,0.07142857142857142,0.0,1,14,500,0.55,100,hoeffding,0.00024679999478394166,1.0
1.0,0.21428571428571427,0.0,3,14,500,0.55,100,holm,0.0004171999971731566,
1.0,0.42857142857142855,0.0,6,14,500,0.55,101,pointwise,0.0008958999969763681,0.0
1.0,0.35714285714285715,0.0,5,14,500,0.55,101,normal_bonferroni,0.0006929000010131858,1.0
1.0,0.35714285714285715,0.0,5,14,500,0.55,101,multiplier,0.0027205000005778857,1.0
1.0,0.2857142857142857,0.0,4,14,500,0.55,101,exact_bonferroni,0.0007741000008536503,1.0
1.0,0.07142857142857142,0.0,1,14,500,0.55,101,hoeffding,0.0002319999985047616,1.0
1.0,0.35714285714285715,0.0,5,14,500,0.55,101,holm,0.00043899999582208693,
1.0,0.42857142857142855,0.0,6,14,500,0.55,102,pointwise,0.0005100000053062104,1.0
1.0,0.07142857142857142,0.0,1,14,500,0.55,102,normal_bonferroni,0.0004945999971823767,1.0
1.0,0.07142857142857142,0.0,1,14,500,0.55,102,multiplier,0.0027394999997341074,1.0
1.0,0.07142857142857142,0.0,1,14,500,0.55,102,exact_bonferroni,0.0007736999978078529,1.0
1.0,0.0,0.0,0,14,500,0.55,102,hoeffding,0.00025270000332966447,1.0
1.0,0.07142857142857142,0.0,1,14,500,0.55,102,holm,0.00046100000326987356,
1.0,0.21428571428571427,0.0,3,14,500,0.55,103,pointwise,0.0005305000013322569,1.0
1.0,0.0,0.0,0,14,500,0.55,103,normal_bonferroni,0.0005356999972718768,1.0
1.0,0.0,0.0,0,14,500,0.55,103,multiplier,0.002812600003380794,1.0
1.0,0.0,0.0,0,14,500,0.55,103,exact_bonferroni,0.000793100000009872,1.0
1.0,0.0,0.0,0,14,500,0.55,103,hoeffding,0.0002716000017244369,1.0
1.0,0.0,0.0,0,14,500,0.55,103,holm,0.00043820000428240746,
1.0,0.5714285714285714,0.0,8,14,500,0.55,104,pointwise,0.0005504000000655651,0.0
1.0,0.14285714285714285,0.0,2,14,500,0.55,104,normal_bonferroni,0.0005048000020906329,1.0
1.0,0.14285714285714285,0.0,2,14,500,0.55,104,multiplier,0.002907399997639004,1.0
1.0,0.07142857142857142,0.0,1,14,500,0.55,104,exact_bonferroni,0.0009178999971481971,1.0
1.0,0.07142857142857142,0.0,1,14,500,0.55,104,hoeffding,0.00025599999935366213,1.0
1.0,0.07142857142857142,0.0,1,14,500,0.55,104,holm,0.0004816999935428612,
1.0,0.5,0.0,7,14,500,0.55,105,pointwise,0.0006367999958456494,0.0
1.0,0.2857142857142857,0.0,4,14,500,0.55,105,normal_bonferroni,0.0005445999995572492,1.0
1.0,0.2857142857142857,0.0,4,14,500,0.55,105,multiplier,0.0029782999990857206,1.0
1.0,0.21428571428571427,0.0,3,14,500,0.55,105,exact_bonferroni,0.000785700001870282,1.0
1.0,0.07142857142857142,0.0,1,14,500,0.55,105,hoeffding,0.00024290000146720558,1.0
1.0,0.21428571428571427,0.0,3,14,500,0.55,105,holm,0.0004667000030167401,
1.0,0.14285714285714285,0.0,2,14,500,0.55,106,pointwise,0.0005517000026884489,1.0
1.0,0.14285714285714285,0.0,2,14,500,0.55,106,normal_bonferroni,0.0004922000007354654,1.0
1.0,0.14285714285714285,0.0,2,14,500,0.55,106,multiplier,0.0026443999959155917,1.0
1.0,0.07142857142857142,0.0,1,14,500,0.55,106,exact_bonferroni,0.0007215000005089678,1.0
1.0,0.0,0.0,0,14,500,0.55,106,hoeffding,0.0010179000018979423,1.0
1.0,0.07142857142857142,0.0,1,14,500,0.55,106,holm,0.0008069999967119657,
1.0,0.35714285714285715,0.0,5,14,500,0.55,107,pointwise,0.0007463000001735054,1.0
1.0,0.07142857142857142,0.0,1,14,500,0.55,107,normal_bonferroni,0.0006396999960998073,1.0
1.0,0.07142857142857142,0.0,1,14,500,0.55,107,multiplier,0.003308799998194445,1.0
1.0,0.07142857142857142,0.0,1,14,500,0.55,107,exact_bonferroni,0.0008710999973118305,1.0
1.0,0.0,0.0,0,14,500,0.55,107,hoeffding,0.0002738999974098988,1.0
1.0,0.07142857142857142,0.0,1,14,500,0.55,107,holm,0.0005442999972729012,
1.0,0.5714285714285714,0.0,8,14,500,0.55,108,pointwise,0.0006072000032872893,0.0
1.0,0.21428571428571427,0.0,3,14,500,0.55,108,normal_bonferroni,0.0005326999962562695,1.0
1.0,0.21428571428571427,0.0,3,14,500,0.55,108,multiplier,0.0036429000028874725,1.0
1.0,0.14285714285714285,0.0,2,14,500,0.55,108,exact_bonferroni,0.0007610999964526854,1.0
1.0,0.07142857142857142,0.0,1,14,500,0.55,108,hoeffding,0.00018000000272877514,1.0
1.0,0.14285714285714285,0.0,2,14,500,0.55,108,holm,0.00030190000688889995,
0.0,0.6428571428571429,0.1,10,14,500,0.55,109,pointwise,0.0006393000003299676,0.0
1.0,0.21428571428571427,0.0,3,14,500,0.55,109,normal_bonferroni,0.0005736000020988286,1.0
1.0,0.21428571428571427,0.0,3,14,500,0.55,109,multiplier,0.003071899998758454,1.0
1.0,0.14285714285714285,0.0,2,14,500,0.55,109,exact_bonferroni,0.0008291999984066933,1.0
1.0,0.0,0.0,0,14,500,0.55,109,hoeffding,0.0002549999990151264,1.0
1.0,0.14285714285714285,0.0,2,14,500,0.55,109,holm,0.00046129999827826396,
1.0,0.42857142857142855,0.0,6,14,500,0.55,110,pointwise,0.0005584999962593429,0.0
1.0,0.2857142857142857,0.0,4,14,500,0.55,110,normal_bonferroni,0.0005288000029395334,1.0
1.0,0.2857142857142857,0.0,4,14,500,0.55,110,multiplier,0.002821199996105861,1.0
1.0,0.21428571428571427,0.0,3,14,500,0.55,110,exact_bonferroni,0.000796300002548378,1.0
1.0,0.14285714285714285,0.0,2,14,500,0.55,110,hoeffding,0.0002564000023994595,1.0
1.0,0.21428571428571427,0.0,3,14,500,0.55,110,holm,0.0009258999998564832,
1.0,0.42857142857142855,0.0,6,14,500,0.55,111,pointwise,0.00032479999936185777,0.0
1.0,0.21428571428571427,0.0,3,14,500,0.55,111,normal_bonferroni,0.0004963999963365495,1.0
1.0,0.21428571428571427,0.0,3,14,500,0.55,111,multiplier,0.0029638999985763803,1.0
1.0,0.21428571428571427,0.0,3,14,500,0.55,111,exact_bonferroni,0.0008239000017056242,1.0
1.0,0.07142857142857142,0.0,1,14,500,0.55,111,hoeffding,0.0002571000004536472,1.0
1.0,0.21428571428571427,0.0,3,14,500,0.55,111,holm,0.00045849999878555536,
1.0,0.35714285714285715,0.0,5,14,500,0.55,112,pointwise,0.0005246000000624917,1.0
1.0,0.14285714285714285,0.0,2,14,500,0.55,112,normal_bonferroni,0.0005011000030208379,1.0
1.0,0.14285714285714285,0.0,2,14,500,0.55,112,multiplier,0.0027673000004142523,1.0
1.0,0.07142857142857142,0.0,1,14,500,0.55,112,exact_bonferroni,0.0007610000029671937,1.0
1.0,0.0,0.0,0,14,500,0.55,112,hoeffding,0.00023910000163596123,1.0
1.0,0.07142857142857142,0.0,1,14,500,0.55,112,holm,0.00043169999844394624,
1.0,0.07142857142857142,0.0,1,14,500,0.55,113,pointwise,0.0005232000039541163,1.0
1.0,0.07142857142857142,0.0,1,14,500,0.55,113,normal_bonferroni,0.0008220999952754937,1.0
1.0,0.07142857142857142,0.0,1,14,500,0.55,113,multiplier,0.002913000003900379,1.0
1.0,0.07142857142857142,0.0,1,14,500,0.55,113,exact_bonferroni,0.0008853000035742298,1.0
1.0,0.0,0.0,0,14,500,0.55,113,hoeffding,0.0002612999960547313,1.0
1.0,0.07142857142857142,0.0,1,14,500,0.55,113,holm,0.0005031000036979094,
1.0,0.5714285714285714,0.0,8,14,500,0.55,114,pointwise,0.000596399993810337,1.0
1.0,0.14285714285714285,0.0,2,14,500,0.55,114,normal_bonferroni,0.0007294999959412962,1.0
1.0,0.14285714285714285,0.0,2,14,500,0.55,114,multiplier,0.002424400001473259,1.0
1.0,0.14285714285714285,0.0,2,14,500,0.55,114,exact_bonferroni,0.0008277000015368685,1.0
1.0,0.07142857142857142,0.0,1,14,500,0.55,114,hoeffding,0.00025719999393913895,1.0
1.0,0.14285714285714285,0.0,2,14,500,0.55,114,holm,0.0005039999959990382,
1.0,0.42857142857142855,0.0,6,14,500,0.55,115,pointwise,0.0005747000031988136,0.0
1.0,0.21428571428571427,0.0,3,14,500,0.55,115,normal_bonferroni,0.0005321999997249804,1.0
1.0,0.21428571428571427,0.0,3,14,500,0.55,115,multiplier,0.002997499999764841,1.0
1.0,0.14285714285714285,0.0,2,14,500,0.55,115,exact_bonferroni,0.0010538999995333143,1.0
1.0,0.07142857142857142,0.0,1,14,500,0.55,115,hoeffding,0.00030780000088270754,1.0
1.0,0.14285714285714285,0.0,2,14,500,0.55,115,holm,0.0005385999975260347,
1.0,0.5,0.0,7,14,500,0.55,116,pointwise,0.0006655000033788383,1.0
1.0,0.14285714285714285,0.0,2,14,500,0.55,116,normal_bonferroni,0.0005999999993946403,1.0
1.0,0.14285714285714285,0.0,2,14,500,0.55,116,multiplier,0.0033615000065765344,1.0
1.0,0.14285714285714285,0.0,2,14,500,0.55,116,exact_bonferroni,0.0009413000007043593,1.0
1.0,0.0,0.0,0,14,500,0.55,116,hoeffding,0.00029799999902024865,1.0
1.0,0.14285714285714285,0.0,2,14,500,0.55,116,holm,0.0005573999951593578,
0.0,0.8571428571428571,0.07692307692307693,13,14,500,0.55,117,pointwise,0.0006827999968663789,0.0
1.0,0.2857142857142857,0.0,4,14,500,0.55,117,normal_bonferroni,0.0007294999959412962,1.0
1.0,0.5,0.0,7,14,500,0.55,117,multiplier,0.003246400003263261,1.0
1.0,0.2857142857142857,0.0,4,14,500,0.55,117,exact_bonferroni,0.0009246999979950488,1.0
1.0,0.07142857142857142,0.0,1,14,500,0.55,117,hoeffding,0.00025019999884534627,1.0
1.0,0.2857142857142857,0.0,4,14,500,0.55,117,holm,0.0004967999993823469,
1.0,0.42857142857142855,0.0,6,14,500,0.55,118,pointwise,0.0006672999952570535,0.0
1.0,0.2857142857142857,0.0,4,14,500,0.55,118,normal_bonferroni,0.0005970999991404824,1.0
1.0,0.2857142857142857,0.0,4,14,500,0.55,118,multiplier,0.0032408999977633357,1.0
1.0,0.2857142857142857,0.0,4,14,500,0.55,118,exact_bonferroni,0.0008525000012014061,1.0
1.0,0.07142857142857142,0.0,1,14,500,0.55,118,hoeffding,0.0002663999985088594,1.0
1.0,0.2857142857142857,0.0,4,14,500,0.55,118,holm,0.0004868000032729469,
1.0,0.5714285714285714,0.0,8,14,500,0.55,119,pointwise,0.0005908000021008775,0.0
1.0,0.07142857142857142,0.0,1,14,500,0.55,119,normal_bonferroni,0.0005682999981218018,1.0
1.0,0.07142857142857142,0.0,1,14,500,0.55,119,multiplier,0.0029399000050034374,1.0
1.0,0.07142857142857142,0.0,1,14,500,0.55,119,exact_bonferroni,0.0008782000004430301,1.0
1.0,0.0,0.0,0,14,500,0.55,119,hoeffding,0.00026980000257026404,1.0
1.0,0.07142857142857142,0.0,1,14,500,0.55,119,holm,0.0004970000009052455,
1.0,0.42857142857142855,0.0,6,14,500,0.55,120,pointwise,0.0005534000010811724,0.0
1.0,0.21428571428571427,0.0,3,14,500,0.55,120,normal_bonferroni,0.0005423000038717873,1.0
1.0,0.2857142857142857,0.0,4,14,500,0.55,120,multiplier,0.002951299997221213,1.0
1.0,0.14285714285714285,0.0,2,14,500,0.55,120,exact_bonferroni,0.0007868999964557588,1.0
1.0,0.07142857142857142,0.0,1,14,500,0.55,120,hoeffding,0.00025040000036824495,1.0
1.0,0.14285714285714285,0.0,2,14,500,0.55,120,holm,0.00045590000081574544,
1.0,0.35714285714285715,0.0,5,14,500,0.55,121,pointwise,0.0005518999969353899,1.0
1.0,0.14285714285714285,0.0,2,14,500,0.55,121,normal_bonferroni,0.0006590999983018264,1.0
1.0,0.14285714285714285,0.0,2,14,500,0.55,121,multiplier,0.002833800004736986,1.0
1.0,0.07142857142857142,0.0,1,14,500,0.55,121,exact_bonferroni,0.000830300006782636,1.0
1.0,0.07142857142857142,0.0,1,14,500,0.55,121,hoeffding,0.00026340000476920977,1.0
1.0,0.07142857142857142,0.0,1,14,500,0.55,121,holm,0.0004995999988750555,
1.0,0.5714285714285714,0.0,8,14,500,0.55,122,pointwise,0.0006093999982113019,0.0
1.0,0.14285714285714285,0.0,2,14,500,0.55,122,normal_bonferroni,0.0005727000025217421,1.0
1.0,0.2857142857142857,0.0,4,14,500,0.55,122,multiplier,0.0032534000056330115,1.0
1.0,0.14285714285714285,0.0,2,14,500,0.55,122,exact_bonferroni,0.000872900003741961,1.0
1.0,0.0,0.0,0,14,500,0.55,122,hoeffding,0.0002935999946203083,1.0
1.0,0.14285714285714285,0.0,2,14,500,0.55,122,holm,0.0005030999964219518,
1.0,0.6428571428571429,0.0,9,14,500,0.55,123,pointwise,0.0005841999955009669,0.0
1.0,0.35714285714285715,0.0,5,14,500,0.55,123,normal_bonferroni,0.0005607999992207624,1.0
1.0,0.35714285714285715,0.0,5,14,500,0.55,123,multiplier,0.003115200001047924,1.0
1.0,0.2857142857142857,0.0,4,14,500,0.55,123,exact_bonferroni,0.0008211999956984073,1.0
1.0,0.0,0.0,0,14,500,0.55,123,hoeffding,0.00025209999876096845,1.0
1.0,0.35714285714285715,0.0,5,14,500,0.55,123,holm,0.0004958999998052604,
1.0,0.35714285714285715,0.0,5,14,500,0.55,124,pointwise,0.0005755000020144507,1.0
1.0,0.21428571428571427,0.0,3,14,500,0.55,124,normal_bonferroni,0.0005267999949865043,1.0
1.0,0.21428571428571427,0.0,3,14,500,0.55,124,multiplier,0.002870299998903647,1.0
1.0,0.21428571428571427,0.0,3,14,500,0.55,124,exact_bonferroni,0.0008158999989973381,1.0
1.0,0.0,0.0,0,14,500,0.55,124,hoeffding,0.00025010000535985455,1.0
1.0,0.21428571428571427,0.0,3,14,500,0.55,124,holm,0.0004582999972626567,
0.0,0.5714285714285714,0.1111111111111111,9,14,500,0.55,125,pointwise,0.0005696000007446855,0.0
1.0,0.35714285714285715,0.0,5,14,500,0.55,125,normal_bonferroni,0.0005253000053926371,0.0
1.0,0.35714285714285715,0.0,5,14,500,0.55,125,multiplier,0.003046300000278279,0.0
1.0,0.35714285714285715,0.0,5,14,500,0.55,125,exact_bonferroni,0.0007949999999254942,1.0
1.0,0.21428571428571427,0.0,3,14,500,0.55,125,hoeffding,0.0002497000023140572,1.0
1.0,0.35714285714285715,0.0,5,14,500,0.55,125,holm,0.00048100000276463106,
1.0,0.2857142857142857,0.0,4,14,500,0.55,126,pointwise,0.0007843999992473982,1.0
1.0,0.0,0.0,0,14,500,0.55,126,normal_bonferroni,0.0005724999937228858,1.0
1.0,0.0,0.0,0,14,500,0.55,126,multiplier,0.002892100004828535,1.0
1.0,0.0,0.0,0,14,500,0.55,126,exact_bonferroni,0.0008369999995920807,1.0
1.0,0.0,0.0,0,14,500,0.55,126,hoeffding,0.0002564999958849512,1.0
1.0,0.0,0.0,0,14,500,0.55,126,holm,0.0005052000051364303,
1.0,0.5,0.0,7,14,500,0.55,127,pointwise,0.0005627999998978339,0.0
1.0,0.21428571428571427,0.0,3,14,500,0.55,127,normal_bonferroni,0.0005095000014989637,1.0
1.0,0.21428571428571427,0.0,3,14,500,0.55,127,multiplier,0.0031310000049415976,1.0
1.0,0.21428571428571427,0.0,3,14,500,0.55,127,exact_bonferroni,0.0008031000033952296,1.0
1.0,0.07142857142857142,0.0,1,14,500,0.55,127,hoeffding,0.0002755999958026223,1.0
1.0,0.21428571428571427,0.0,3,14,500,0.55,127,holm,0.0004512000014074147,
0.0,0.35714285714285715,0.16666666666666666,6,14,500,0.55,128,pointwise,0.0005792000010842457,0.0
1.0,0.07142857142857142,0.0,1,14,500,0.55,128,normal_bonferroni,0.0005286000014166348,1.0
1.0,0.07142857142857142,0.0,1,14,500,0.55,128,multiplier,0.0024789999952190556,1.0
1.0,0.07142857142857142,0.0,1,14,500,0.55,128,exact_bonferroni,0.0004970000009052455,1.0
1.0,0.0,0.0,0,14,500,0.55,128,hoeffding,0.0001475000026402995,1.0
1.0,0.07142857142857142,0.0,1,14,500,0.55,128,holm,0.0003018000061274506,
1.0,0.35714285714285715,0.0,5,14,500,0.55,129,pointwise,0.0005725000009988435,1.0
1.0,0.07142857142857142,0.0,1,14,500,0.55,129,normal_bonferroni,0.000541299996257294,1.0
1.0,0.07142857142857142,0.0,1,14,500,0.55,129,multiplier,0.0033540000003995374,1.0
1.0,0.07142857142857142,0.0,1,14,500,0.55,129,exact_bonferroni,0.000888300004589837,1.0
1.0,0.07142857142857142,0.0,1,14,500,0.55,129,hoeffding,0.000269199998001568,1.0
1.0,0.07142857142857142,0.0,1,14,500,0.55,129,holm,0.0005399000001489185,
1.0,0.14285714285714285,0.0,2,14,500,0.55,130,pointwise,0.0006465999977081083,1.0
1.0,0.14285714285714285,0.0,2,14,500,0.55,130,normal_bonferroni,0.0005997999978717417,1.0
1.0,0.14285714285714285,0.0,2,14,500,0.55,130,multiplier,0.0036594999983208254,1.0
1.0,0.07142857142857142,0.0,1,14,500,0.55,130,exact_bonferroni,0.0010677999962354079,1.0
1.0,0.0,0.0,0,14,500,0.55,130,hoeffding,0.0002955999952973798,1.0
1.0,0.07142857142857142,0.0,1,14,500,0.55,130,holm,0.0005771000069216825,
1.0,0.21428571428571427,0.0,3,14,500,0.55,131,pointwise,0.0006582999994861893,1.0
1.0,0.07142857142857142,0.0,1,14,500,0.55,131,normal_bonferroni,0.0006352999989758246,1.0
1.0,0.07142857142857142,0.0,1,14,500,0.55,131,multiplier,0.0031740999984322116,1.0
1.0,0.07142857142857142,0.0,1,14,500,0.55,131,exact_bonferroni,0.0008828000063658692,1.0
1.0,0.0,0.0,0,14,500,0.55,131,hoeffding,0.00026980000257026404,1.0
1.0,0.07142857142857142,0.0,1,14,500,0.55,131,holm,0.0004898999977740459,
1.0,0.6428571428571429,0.0,9,14,500,0.55,132,pointwise,0.0005892000044696033,0.0
1.0,0.14285714285714285,0.0,2,14,500,0.55,132,normal_bonferroni,0.0006097999939811416,1.0
1.0,0.21428571428571427,0.0,3,14,500,0.55,132,multiplier,0.003271499997936189,1.0
1.0,0.14285714285714285,0.0,2,14,500,0.55,132,exact_bonferroni,0.0009523999979137443,1.0
1.0,0.14285714285714285,0.0,2,14,500,0.55,132,hoeffding,0.00027859999681822956,1.0
1.0,0.14285714285714285,0.0,2,14,500,0.55,132,holm,0.0005042999982833862,
1.0,0.7857142857142857,0.0,11,14,500,0.55,133,pointwise,0.000571299999137409,0.0
1.0,0.35714285714285715,0.0,5,14,500,0.55,133,normal_bonferroni,0.0005659999951603822,0.0
1.0,0.42857142857142855,0.0,6,14,500,0.55,133,multiplier,0.0030459000045084395,0.0
1.0,0.2857142857142857,0.0,4,14,500,0.55,133,exact_bonferroni,0.0008380999934161082,0.0
1.0,0.2857142857142857,0.0,4,14,500,0.55,133,hoeffding,0.00026030000299215317,1.0
1.0,0.35714285714285715,0.0,5,14,500,0.55,133,holm,0.00047170000470941886,
1.0,0.21428571428571427,0.0,3,14,500,0.55,134,pointwise,0.000581599997531157,1.0
1.0,0.07142857142857142,0.0,1,14,500,0.55,134,normal_bonferroni,0.0005361000003176741,1.0
1.0,0.07142857142857142,0.0,1,14,500,0.55,134,multiplier,0.0029687999995076098,1.0
1.0,0.07142857142857142,0.0,1,14,500,0.55,134,exact_bonferroni,0.0007990999947651289,1.0
1.0,0.0,0.0,0,14,500,0.55,134,hoeffding,0.0002523000002838671,1.0
1.0,0.07142857142857142,0.0,1,14,500,0.55,134,holm,0.0004802999974344857,
0.0,0.42857142857142855,0.14285714285714285,7,14,500,0.55,135,pointwise,0.0005544000014197081,0.0
1.0,0.14285714285714285,0.0,2,14,500,0.55,135,normal_bonferroni,0.0005652000036207028,1.0
1.0,0.21428571428571427,0.0,3,14,500,0.55,135,multiplier,0.00289360000169836,1.0
1.0,0.07142857142857142,0.0,1,14,500,0.55,135,exact_bonferroni,0.0007696000029682182,1.0
1.0,0.07142857142857142,0.0,1,14,500,0.55,135,hoeffding,0.00024080000002868474,1.0
1.0,0.07142857142857142,0.0,1,14,500,0.55,135,holm,0.00043739999819081277,
0.0,0.8571428571428571,0.07692307692307693,13,14,500,0.55,136,pointwise,0.0005372000014176592,0.0
1.0,0.2857142857142857,0.0,4,14,500,0.55,136,normal_bonferroni,0.0005156000042916276,0.0
1.0,0.2857142857142857,0.0,4,14,500,0.55,136,multiplier,0.0028432999970391393,0.0
1.0,0.2857142857142857,0.0,4,14,500,0.55,136,exact_bonferroni,0.0007802000036463141,1.0
1.0,0.14285714285714285,0.0,2,14,500,0.55,136,hoeffding,0.000403900005039759,1.0
1.0,0.2857142857142857,0.0,4,14,500,0.55,136,holm,0.00037339999835239723,
1.0,0.2857142857142857,0.0,4,14,500,0.55,137,pointwise,0.000312700001813937,1.0
1.0,0.0,0.0,0,14,500,0.55,137,normal_bonferroni,0.0003887999992002733,1.0
1.0,0.0,0.0,0,14,500,0.55,137,multiplier,0.0030431999985012226,1.0
1.0,0.0,0.0,0,14,500,0.55,137,exact_bonferroni,0.0008600000001024455,1.0
1.0,0.0,0.0,0,14,500,0.55,137,hoeffding,0.00025630000163801014,1.0
1.0,0.0,0.0,0,14,500,0.55,137,holm,0.0004667999965022318,
1.0,0.5,0.0,7,14,500,0.55,138,pointwise,0.0006195999958436005,1.0
1.0,0.07142857142857142,0.0,1,14,500,0.55,138,normal_bonferroni,0.0007275000025401823,1.0
1.0,0.07142857142857142,0.0,1,14,500,0.55,138,multiplier,0.0034727000020211563,1.0
1.0,0.07142857142857142,0.0,1,14,500,0.55,138,exact_bonferroni,0.0009420999995199963,1.0
1.0,0.0,0.0,0,14,500,0.55,138,hoeffding,0.00019180000526830554,1.0
1.0,0.07142857142857142,0.0,1,14,500,0.55,138,holm,0.000323799999023322,
1.0,0.21428571428571427,0.0,3,14,500,0.55,139,pointwise,0.0004942999948980287,1.0
1.0,0.0,0.0,0,14,500,0.55,139,normal_bonferroni,0.00029769999673590064,1.0
1.0,0.0,0.0,0,14,500,0.55,139,multiplier,0.0030694000015500933,1.0
1.0,0.0,0.0,0,14,500,0.55,139,exact_bonferroni,0.0014388000054168515,1.0
1.0,0.0,0.0,0,14,500,0.55,139,hoeffding,0.0003539000026648864,1.0
1.0,0.0,0.0,0,14,500,0.55,139,holm,0.0008548999976483174,
1.0,0.42857142857142855,0.0,6,14,500,0.55,140,pointwise,0.0006665999972028658,1.0
1.0,0.07142857142857142,0.0,1,14,500,0.55,140,normal_bonferroni,0.0006024999966030009,1.0
1.0,0.14285714285714285,0.0,2,14,500,0.55,140,multiplier,0.003104499999608379,1.0
1.0,0.07142857142857142,0.0,1,14,500,0.55,140,exact_bonferroni,0.0005713999998988584,1.0
1.0,0.07142857142857142,0.0,1,14,500,0.55,140,hoeffding,0.0003310999964014627,1.0
1.0,0.07142857142857142,0.0,1,14,500,0.55,140,holm,0.0005180000007385388,
1.0,0.5714285714285714,0.0,8,14,500,0.55,141,pointwise,0.0009747000003699213,0.0
1.0,0.14285714285714285,0.0,2,14,500,0.55,141,normal_bonferroni,0.00043710000318242237,1.0
1.0,0.14285714285714285,0.0,2,14,500,0.55,141,multiplier,0.0025151000008918345,1.0
1.0,0.14285714285714285,0.0,2,14,500,0.55,141,exact_bonferroni,0.0009780000036698766,1.0
1.0,0.0,0.0,0,14,500,0.55,141,hoeffding,0.00030270000570453703,1.0
1.0,0.14285714285714285,0.0,2,14,500,0.55,141,holm,0.0005379000067478046,
1.0,0.21428571428571427,0.0,3,14,500,0.55,142,pointwise,0.0006001000001560897,1.0
1.0,0.0,0.0,0,14,500,0.55,142,normal_bonferroni,0.0005902999982936308,1.0
1.0,0.0,0.0,0,14,500,0.55,142,multiplier,0.0029929999946034513,1.0
1.0,0.0,0.0,0,14,500,0.55,142,exact_bonferroni,0.0008234999986598268,1.0
1.0,0.0,0.0,0,14,500,0.55,142,hoeffding,0.0002680000034160912,1.0
1.0,0.0,0.0,0,14,500,0.55,142,holm,0.0005022999976063147,
1.0,0.21428571428571427,0.0,3,14,500,0.55,143,pointwise,0.0006771999978809617,1.0
1.0,0.07142857142857142,0.0,1,14,500,0.55,143,normal_bonferroni,0.0006429000059142709,1.0
1.0,0.07142857142857142,0.0,1,14,500,0.55,143,multiplier,0.0024504000029992312,1.0
1.0,0.0,0.0,0,14,500,0.55,143,exact_bonferroni,0.0007313000023714267,1.0
1.0,0.0,0.0,0,14,500,0.55,143,hoeffding,0.0002722999997786246,1.0
1.0,0.0,0.0,0,14,500,0.55,143,holm,0.0005087999961688183,
1.0,0.35714285714285715,0.0,5,14,500,0.55,144,pointwise,0.0006008999989717267,0.0
1.0,0.2857142857142857,0.0,4,14,500,0.55,144,normal_bonferroni,0.0005399000001489185,1.0
1.0,0.2857142857142857,0.0,4,14,500,0.55,144,multiplier,0.0029395999954431318,1.0
1.0,0.14285714285714285,0.0,2,14,500,0.55,144,exact_bonferroni,0.0008196000053430907,1.0
1.0,0.0,0.0,0,14,500,0.55,144,hoeffding,0.0002538999979151413,1.0
1.0,0.14285714285714285,0.0,2,14,500,0.55,144,holm,0.0004853999998886138,
1.0,0.14285714285714285,0.0,2,14,500,0.55,145,pointwise,0.0007920999996713363,1.0
1.0,0.07142857142857142,0.0,1,14,500,0.55,145,normal_bonferroni,0.0005462999979499727,1.0
1.0,0.07142857142857142,0.0,1,14,500,0.55,145,multiplier,0.0019036000012420118,1.0
1.0,0.07142857142857142,0.0,1,14,500,0.55,145,exact_bonferroni,0.000556500002858229,1.0
1.0,0.07142857142857142,0.0,1,14,500,0.55,145,hoeffding,0.00030890000198269263,1.0
1.0,0.07142857142857142,0.0,1,14,500,0.55,145,holm,0.0005084000003989786,
1.0,0.42857142857142855,0.0,6,14,500,0.55,146,pointwise,0.0006974999996600673,1.0
1.0,0.14285714285714285,0.0,2,14,500,0.55,146,normal_bonferroni,0.0005432999969343655,1.0
1.0,0.14285714285714285,0.0,2,14,500,0.55,146,multiplier,0.0029359000036492944,1.0
1.0,0.14285714285714285,0.0,2,14,500,0.55,146,exact_bonferroni,0.0007976999986567535,1.0
1.0,0.0,0.0,0,14,500,0.55,146,hoeffding,0.0002545000024838373,1.0
1.0,0.14285714285714285,0.0,2,14,500,0.55,146,holm,0.0004591000033542514,
1.0,0.5714285714285714,0.0,8,14,500,0.55,147,pointwise,0.0005444999987957999,0.0
1.0,0.21428571428571427,0.0,3,14,500,0.55,147,normal_bonferroni,0.0005501000050571747,1.0
1.0,0.21428571428571427,0.0,3,14,500,0.55,147,multiplier,0.0027442999999038875,1.0
1.0,0.21428571428571427,0.0,3,14,500,0.55,147,exact_bonferroni,0.0007516999976360239,1.0
1.0,0.14285714285714285,0.0,2,14,500,0.55,147,hoeffding,0.0002663999985088594,1.0
1.0,0.21428571428571427,0.0,3,14,500,0.55,147,holm,0.00045450000470736995,
1.0,0.07142857142857142,0.0,1,14,500,0.55,148,pointwise,0.0005922999989707023,1.0
1.0,0.0,0.0,0,14,500,0.55,148,normal_bonferroni,0.0005319999982020818,1.0
1.0,0.0,0.0,0,14,500,0.55,148,multiplier,0.0027790000021923333,1.0
1.0,0.0,0.0,0,14,500,0.55,148,exact_bonferroni,0.0008337999970535748,1.0
1.0,0.0,0.0,0,14,500,0.55,148,hoeffding,0.0002554000020609237,1.0
1.0,0.0,0.0,0,14,500,0.55,148,holm,0.0004467000035219826,
1.0,0.21428571428571427,0.0,3,14,500,0.55,149,pointwise,0.0005504000000655651,1.0
1.0,0.07142857142857142,0.0,1,14,500,0.55,149,normal_bonferroni,0.0005357000045478344,1.0
1.0,0.14285714285714285,0.0,2,14,500,0.55,149,multiplier,0.0028639999945880845,1.0
1.0,0.07142857142857142,0.0,1,14,500,0.55,149,exact_bonferroni,0.0007697999972151592,1.0
1.0,0.0,0.0,0,14,500,0.55,149,hoeffding,0.00023969999892869964,1.0
1.0,0.07142857142857142,0.0,1,14,500,0.55,149,holm,0.0004575000057229772,
1.0,0.2857142857142857,0.0,4,14,500,0.55,150,pointwise,0.0005302999998093583,0.0
1.0,0.14285714285714285,0.0,2,14,500,0.55,150,normal_bonferroni,0.0005560999998124316,1.0
1.0,0.14285714285714285,0.0,2,14,500,0.55,150,multiplier,0.002851699995517265,1.0
1.0,0.07142857142857142,0.0,1,14,500,0.55,150,exact_bonferroni,0.000771400002122391,1.0
1.0,0.0,0.0,0,14,500,0.55,150,hoeffding,0.00024090000079013407,1.0
1.0,0.07142857142857142,0.0,1,14,500,0.55,150,holm,0.0004317999992053956,
1.0,0.5714285714285714,0.0,8,14,500,0.55,151,pointwise,0.000522699992870912,0.0
1.0,0.35714285714285715,0.0,5,14,500,0.55,151,normal_bonferroni,0.0004974999974365346,1.0
1.0,0.35714285714285715,0.0,5,14,500,0.55,151,multiplier,0.0026852000009967014,1.0
1.0,0.21428571428571427,0.0,3,14,500,0.55,151,exact_bonferroni,0.0007390999962808564,1.0
1.0,0.07142857142857142,0.0,1,14,500,0.55,151,hoeffding,0.00022840000019641593,1.0
1.0,0.21428571428571427,0.0,3,14,500,0.55,151,holm,0.00041319999581901357,
1.0,0.2857142857142857,0.0,4,14,500,0.55,152,pointwise,0.0004992000031052157,1.0
1.0,0.14285714285714285,0.0,2,14,500,0.55,152,normal_bonferroni,0.0004785999990417622,1.0
1.0,0.14285714285714285,0.0,2,14,500,0.55,152,multiplier,0.0025557999979355372,1.0
1.0,0.07142857142857142,0.0,1,14,500,0.55,152,exact_bonferroni,0.000775700005760882,1.0
1.0,0.0,0.0,0,14,500,0.55,152,hoeffding,0.00024569999368395656,1.0
1.0,0.07142857142857142,0.0,1,14,500,0.55,152,holm,0.00043059999734396115,
0.0,0.42857142857142855,0.14285714285714285,7,14,500,0.55,153,pointwise,0.0005381999944802374,0.0
1.0,0.14285714285714285,0.0,2,14,500,0.55,153,normal_bonferroni,0.000530800003616605,1.0
1.0,0.14285714285714285,0.0,2,14,500,0.55,153,multiplier,0.0030643999998574145,1.0
1.0,0.07142857142857142,0.0,1,14,500,0.55,153,exact_bonferroni,0.0008032999976421706,1.0
1.0,0.07142857142857142,0.0,1,14,500,0.55,153,hoeffding,0.0002722999997786246,1.0
1.0,0.07142857142857142,0.0,1,14,500,0.55,153,holm,0.0004661999992094934,
1.0,0.7142857142857143,0.0,10,14,500,0.55,154,pointwise,0.0005699000030290335,0.0
1.0,0.07142857142857142,0.0,1,14,500,0.55,154,normal_bonferroni,0.0005065000004833564,1.0
1.0,0.07142857142857142,0.0,1,14,500,0.55,154,multiplier,0.0028122000003349967,1.0
1.0,0.07142857142857142,0.0,1,14,500,0.55,154,exact_bonferroni,0.0008136999967973679,1.0
1.0,0.0,0.0,0,14,500,0.55,154,hoeffding,0.0002469000028213486,1.0
1.0,0.07142857142857142,0.0,1,14,500,0.55,154,holm,0.0004318999999668449,
1.0,0.35714285714285715,0.0,5,14,500,0.55,155,pointwise,0.0003744999994523823,1.0
1.0,0.07142857142857142,0.0,1,14,500,0.55,155,normal_bonferroni,0.0004261999929440208,1.0
1.0,0.07142857142857142,0.0,1,14,500,0.55,155,multiplier,0.0028946999955223873,1.0
1.0,0.07142857142857142,0.0,1,14,500,0.55,155,exact_bonferroni,0.0007947999984025955,1.0
1.0,0.0,0.0,0,14,500,0.55,155,hoeffding,0.00025350000214530155,1.0
1.0,0.07142857142857142,0.0,1,14,500,0.55,155,holm,0.0004489999992074445,
1.0,0.2857142857142857,0.0,4,14,500,0.55,156,pointwise,0.0005206999994697981,0.0
1.0,0.07142857142857142,0.0,1,14,500,0.55,156,normal_bonferroni,0.000527299998793751,0.0
1.0,0.14285714285714285,0.0,2,14,500,0.55,156,multiplier,0.002735399997618515,0.0
1.0,0.07142857142857142,0.0,1,14,500,0.55,156,exact_bonferroni,0.0007552999959443696,0.0
1.0,0.0,0.0,0,14,500,0.55,156,hoeffding,0.0002587999988463707,1.0
1.0,0.07142857142857142,0.0,1,14,500,0.55,156,holm,0.00043680000089807436,
0.0,0.7142857142857143,0.09090909090909091,11,14,500,0.55,157,pointwise,0.0005413000035332516,0.0
1.0,0.21428571428571427,0.0,3,14,500,0.55,157,normal_bonferroni,0.00039900000410852954,1.0
1.0,0.21428571428571427,0.0,3,14,500,0.55,157,multiplier,0.0026343999998061918,1.0
1.0,0.14285714285714285,0.0,2,14,500,0.55,157,exact_bonferroni,0.0007822999978088774,1.0
1.0,0.07142857142857142,0.0,1,14,500,0.55,157,hoeffding,0.00024310000299010426,1.0
1.0,0.14285714285714285,0.0,2,14,500,0.55,157,holm,0.00044039999920642003,
1.0,0.42857142857142855,0.0,6,14,500,0.55,158,pointwise,0.0006085999993956648,1.0
1.0,0.14285714285714285,0.0,2,14,500,0.55,158,normal_bonferroni,0.0005143000016687438,1.0
1.0,0.14285714285714285,0.0,2,14,500,0.55,158,multiplier,0.0026758999956655316,1.0
1.0,0.14285714285714285,0.0,2,14,500,0.55,158,exact_bonferroni,0.0007925000027171336,1.0
1.0,0.07142857142857142,0.0,1,14,500,0.55,158,hoeffding,0.00023060000239638612,1.0
1.0,0.14285714285714285,0.0,2,14,500,0.55,158,holm,0.0004419999968376942,
1.0,0.21428571428571427,0.0,3,14,500,0.55,159,pointwise,0.00032579999970039353,1.0
1.0,0.07142857142857142,0.0,1,14,500,0.55,159,normal_bonferroni,0.0002986000035889447,1.0
1.0,0.07142857142857142,0.0,1,14,500,0.55,159,multiplier,0.0029891000012867153,1.0
1.0,0.07142857142857142,0.0,1,14,500,0.55,159,exact_bonferroni,0.0009041000012075529,1.0
1.0,0.0,0.0,0,14,500,0.55,159,hoeffding,0.0002626999994390644,1.0
1.0,0.07142857142857142,0.0,1,14,500,0.55,159,holm,0.00047869999980321154,
1.0,0.2857142857142857,0.0,4,14,500,0.55,160,pointwise,0.0005600000004051253,0.0
1.0,0.14285714285714285,0.0,2,14,500,0.55,160,normal_bonferroni,0.0005584999962593429,1.0
1.0,0.14285714285714285,0.0,2,14,500,0.55,160,multiplier,0.002930700000433717,1.0
1.0,0.14285714285714285,0.0,2,14,500,0.55,160,exact_bonferroni,0.0007937999980640598,1.0
1.0,0.0,0.0,0,14,500,0.55,160,hoeffding,0.00027689999842550606,1.0
1.0,0.14285714285714285,0.0,2,14,500,0.55,160,holm,0.0004614000063156709,
1.0,0.07142857142857142,0.0,1,14,500,0.55,161,pointwise,0.0005611000015051104,1.0
1.0,0.07142857142857142,0.0,1,14,500,0.55,161,normal_bonferroni,0.0005278999960864894,1.0
1.0,0.07142857142857142,0.0,1,14,500,0.55,161,multiplier,0.002831099998729769,1.0
1.0,0.07142857142857142,0.0,1,14,500,0.55,161,exact_bonferroni,0.001142900000559166,1.0
1.0,0.0,0.0,0,14,500,0.55,161,hoeffding,0.00032360000477638096,1.0
1.0,0.07142857142857142,0.0,1,14,500,0.55,161,holm,0.00046949999523349106,
1.0,0.2857142857142857,0.0,4,14,500,0.55,162,pointwise,0.0005409000004874542,1.0
1.0,0.21428571428571427,0.0,3,14,500,0.55,162,normal_bonferroni,0.0005304000005708076,1.0
1.0,0.21428571428571427,0.0,3,14,500,0.55,162,multiplier,0.0027645000009215437,1.0
1.0,0.21428571428571427,0.0,3,14,500,0.55,162,exact_bonferroni,0.0007677999965380877,1.0
1.0,0.0,0.0,0,14,500,0.55,162,hoeffding,0.0002497000023140572,1.0
1.0,0.21428571428571427,0.0,3,14,500,0.55,162,holm,0.0004995999988750555,
1.0,0.7857142857142857,0.0,11,14,500,0.55,163,pointwise,0.000560099993890617,0.0
1.0,0.35714285714285715,0.0,5,14,500,0.55,163,normal_bonferroni,0.0005095999949844554,0.0
1.0,0.35714285714285715,0.0,5,14,500,0.55,163,multiplier,0.002915299999585841,0.0
1.0,0.35714285714285715,0.0,5,14,500,0.55,163,exact_bonferroni,0.0007954000029712915,0.0
1.0,0.2857142857142857,0.0,4,14,500,0.55,163,hoeffding,0.0002482999989297241,1.0
1.0,0.35714285714285715,0.0,5,14,500,0.55,163,holm,0.0004389000023365952,
1.0,0.21428571428571427,0.0,3,14,500,0.55,164,pointwise,0.0005298999967635609,1.0
1.0,0.07142857142857142,0.0,1,14,500,0.55,164,normal_bonferroni,0.0005030000029364601,1.0
1.0,0.07142857142857142,0.0,1,14,500,0.55,164,multiplier,0.002757099995505996,1.0
1.0,0.07142857142857142,0.0,1,14,500,0.55,164,exact_bonferroni,0.0007378000009339303,1.0
1.0,0.07142857142857142,0.0,1,14,500,0.55,164,hoeffding,0.000567900002351962,1.0
1.0,0.07142857142857142,0.0,1,14,500,0.55,164,holm,0.00047590000031050295,
1.0,0.42857142857142855,0.0,6,14,500,0.55,165,pointwise,0.0005848000000696629,1.0
1.0,0.21428571428571427,0.0,3,14,500,0.55,165,normal_bonferroni,0.0005220999955781735,1.0
1.0,0.21428571428571427,0.0,3,14,500,0.55,165,multiplier,0.0028748000040650368,1.0
1.0,0.21428571428571427,0.0,3,14,500,0.55,165,exact_bonferroni,0.0007866000014473684,1.0
1.0,0.07142857142857142,0.0,1,14,500,0.55,165,hoeffding,0.00027570000384002924,1.0
1.0,0.21428571428571427,0.0,3,14,500,0.55,165,holm,0.0004202999989502132,
0.0,0.7857142857142857,0.08333333333333333,12,14,500,0.55,166,pointwise,0.000519599998369813,0.0
1.0,0.5,0.0,7,14,500,0.55,166,normal_bonferroni,0.0004804999989573844,0.0
1.0,0.5,0.0,7,14,500,0.55,166,multiplier,0.004297500003303867,0.0
1.0,0.42857142857142855,0.0,6,14,500,0.55,166,exact_bonferroni,0.0007656000016140752,1.0
1.0,0.21428571428571427,0.0,3,14,500,0.55,166,hoeffding,0.0001880999989225529,1.0
1.0,0.42857142857142855,0.0,6,14,500,0.55,166,holm,0.0005096999957459047,
1.0,0.42857142857142855,0.0,6,14,500,0.55,167,pointwise,0.0005396999986260198,0.0
1.0,0.21428571428571427,0.0,3,14,500,0.55,167,normal_bonferroni,0.000323799999023322,1.0
1.0,0.21428571428571427,0.0,3,14,500,0.55,167,multiplier,0.0023940000028233044,1.0
1.0,0.21428571428571427,0.0,3,14,500,0.55,167,exact_bonferroni,0.0011455999992904253,1.0
1.0,0.14285714285714285,0.0,2,14,500,0.55,167,hoeffding,0.00019460000476101413,1.0
1.0,0.21428571428571427,0.0,3,14,500,0.55,167,holm,0.0003130999975837767,
1.0,0.6428571428571429,0.0,9,14,500,0.55,168,pointwise,0.001538800002890639,0.0
1.0,0.35714285714285715,0.0,5,14,500,0.55,168,normal_bonferroni,0.00041489999421173707,1.0
1.0,0.35714285714285715,0.0,5,14,500,0.55,168,multiplier,0.00424399999610614,1.0
1.0,0.2857142857142857,0.0,4,14,500,0.55,168,exact_bonferroni,0.0010559000002103858,1.0
1.0,0.07142857142857142,0.0,1,14,500,0.55,168,hoeffding,0.00030310000147437677,1.0
1.0,0.35714285714285715,0.0,5,14,500,0.55,168,holm,0.0007943000018713064,
1.0,0.42857142857142855,0.0,6,14,500,0.55,169,pointwise,0.0006530999962706119,0.0
1.0,0.14285714285714285,0.0,2,14,500,0.55,169,normal_bonferroni,0.0003293000045232475,1.0
1.0,0.14285714285714285,0.0,2,14,500,0.55,169,multiplier,0.002320699997653719,1.0
1.0,0.14285714285714285,0.0,2,14,500,0.55,169,exact_bonferroni,0.0012601999987964518,1.0
1.0,0.14285714285714285,0.0,2,14,500,0.55,169,hoeffding,0.00027549999504117295,1.0
1.0,0.14285714285714285,0.0,2,14,500,0.55,169,holm,0.0006905000045662746,
1.0,0.07142857142857142,0.0,1,14,500,0.55,170,pointwise,0.0011138999980175868,1.0
1.0,0.0,0.0,0,14,500,0.55,170,normal_bonferroni,0.0008672999974805862,1.0
1.0,0.0,0.0,0,14,500,0.55,170,multiplier,0.003469399998721201,1.0
1.0,0.0,0.0,0,14,500,0.55,170,exact_bonferroni,0.001167300004453864,1.0
1.0,0.0,0.0,0,14,500,0.55,170,hoeffding,0.0002131000001099892,1.0
1.0,0.0,0.0,0,14,500,0.55,170,holm,0.0010320000001229346,
1.0,0.35714285714285715,0.0,5,14,500,0.55,171,pointwise,0.00084709999646293,1.0
1.0,0.07142857142857142,0.0,1,14,500,0.55,171,normal_bonferroni,0.0004014000005554408,1.0
1.0,0.07142857142857142,0.0,1,14,500,0.55,171,multiplier,0.002139500000339467,1.0
1.0,0.07142857142857142,0.0,1,14,500,0.55,171,exact_bonferroni,0.000610699993558228,1.0
1.0,0.0,0.0,0,14,500,0.55,171,hoeffding,0.00017269999807467684,1.0
1.0,0.07142857142857142,0.0,1,14,500,0.55,171,holm,0.00034220000088680536,
1.0,0.35714285714285715,0.0,5,14,500,0.55,172,pointwise,0.0004317999992053956,1.0
1.0,0.21428571428571427,0.0,3,14,500,0.55,172,normal_bonferroni,0.0003578000032575801,1.0
1.0,0.21428571428571427,0.0,3,14,500,0.55,172,multiplier,0.002367100001720246,1.0
1.0,0.21428571428571427,0.0,3,14,500,0.55,172,exact_bonferroni,0.000928000001295004,1.0
1.0,0.0,0.0,0,14,500,0.55,172,hoeffding,0.00029690000519622117,1.0
1.0,0.21428571428571427,0.0,3,14,500,0.55,172,holm,0.000585299996600952,
1.0,0.35714285714285715,0.0,5,14,500,0.55,173,pointwise,0.0006594000005861744,1.0
1.0,0.07142857142857142,0.0,1,14,500,0.55,173,normal_bonferroni,0.0006257999993977137,1.0
1.0,0.07142857142857142,0.0,1,14,500,0.55,173,multiplier,0.003062700001464691,1.0
1.0,0.07142857142857142,0.0,1,14,500,0.55,173,exact_bonferroni,0.0009783999994397163,1.0
1.0,0.0,0.0,0,14,500,0.55,173,hoeffding,0.00029490000451914966,1.0
1.0,0.07142857142857142,0.0,1,14,500,0.55,173,holm,0.0005610000007436611,
1.0,0.2857142857142857,0.0,4,14,500,0.55,174,pointwise,0.0005768999981228262,1.0
1.0,0.07142857142857142,0.0,1,14,500,0.55,174,normal_bonferroni,0.0005612000022665597,1.0
1.0,0.07142857142857142,0.0,1,14,500,0.55,174,multiplier,0.003296599999885075,1.0
1.0,0.07142857142857142,0.0,1,14,500,0.55,174,exact_bonferroni,0.0009015000032377429,1.0
1.0,0.0,0.0,0,14,500,0.55,174,hoeffding,0.00029599999834317714,1.0
1.0,0.07142857142857142,0.0,1,14,500,0.55,174,holm,0.000515899999300018,
1.0,0.6428571428571429,0.0,9,14,500,0.55,175,pointwise,0.0004697999975178391,0.0
1.0,0.2857142857142857,0.0,4,14,500,0.55,175,normal_bonferroni,0.0003236999982618727,1.0
1.0,0.2857142857142857,0.0,4,14,500,0.55,175,multiplier,0.0017637999990256503,1.0
1.0,0.2857142857142857,0.0,4,14,500,0.55,175,exact_bonferroni,0.0004654000003938563,1.0
1.0,0.07142857142857142,0.0,1,14,500,0.55,175,hoeffding,0.00014540000120177865,1.0
1.0,0.2857142857142857,0.0,4,14,500,0.55,175,holm,0.00027380000392440706,
1.0,0.35714285714285715,0.0,5,14,500,0.55,176,pointwise,0.0003336000008857809,1.0
1.0,0.07142857142857142,0.0,1,14,500,0.55,176,normal_bonferroni,0.00030220000189729035,1.0
1.0,0.07142857142857142,0.0,1,14,500,0.55,176,multiplier,0.0016206000000238419,1.0
1.0,0.0,0.0,0,14,500,0.55,176,exact_bonferroni,0.0004537999993772246,1.0
1.0,0.0,0.0,0,14,500,0.55,176,hoeffding,0.00014139999984763563,1.0
1.0,0.0,0.0,0,14,500,0.55,176,holm,0.00025520000053802505,
1.0,0.7142857142857143,0.0,10,14,500,0.55,177,pointwise,0.00033290000283159316,0.0
1.0,0.2857142857142857,0.0,4,14,500,0.55,177,normal_bonferroni,0.00030479999986710027,1.0
1.0,0.42857142857142855,0.0,6,14,500,0.55,177,multiplier,0.001657399996474851,1.0
1.0,0.2857142857142857,0.0,4,14,500,0.55,177,exact_bonferroni,0.0004685000021709129,1.0
1.0,0.07142857142857142,0.0,1,14,500,0.55,177,hoeffding,0.00014480000390904024,1.0
1.0,0.2857142857142857,0.0,4,14,500,0.55,177,holm,0.0002668000015546568,
1.0,0.42857142857142855,0.0,6,14,500,0.55,178,pointwise,0.00034339999547228217,0.0
1.0,0.14285714285714285,0.0,2,14,500,0.55,178,normal_bonferroni,0.00029630000062752515,1.0
1.0,0.14285714285714285,0.0,2,14,500,0.55,178,multiplier,0.0016671999983373098,1.0
1.0,0.14285714285714285,0.0,2,14,500,0.55,178,exact_bonferroni,0.0004578000007313676,1.0
1.0,0.0,0.0,0,14,500,0.55,178,hoeffding,0.0001418999963789247,1.0
1.0,0.14285714285714285,0.0,2,14,500,0.55,178,holm,0.0002673999988473952,
1.0,0.35714285714285715,0.0,5,14,500,0.55,179,pointwise,0.00032079999800771475,1.0
1.0,0.21428571428571427,0.0,3,14,500,0.55,179,normal_bonferroni,0.0002931000053649768,1.0
1.0,0.21428571428571427,0.0,3,14,500,0.55,179,multiplier,0.0015903000021353364,1.0
1.0,0.07142857142857142,0.0,1,14,500,0.55,179,exact_bonferroni,0.00046830000064801425,1.0
1.0,0.0,0.0,0,14,500,0.55,179,hoeffding,0.00014390000433195382,1.0
1.0,0.07142857142857142,0.0,1,14,500,0.55,179,holm,0.00025520000053802505,
0.0,0.42857142857142855,0.14285714285714285,7,14,500,0.55,180,pointwise,0.0003294000052846968,0.0
1.0,0.07142857142857142,0.0,1,14,500,0.55,180,normal_bonferroni,0.00031830000079935417,1.0
1.0,0.07142857142857142,0.0,1,14,500,0.55,180,multiplier,0.0016118000057758763,1.0
1.0,0.07142857142857142,0.0,1,14,500,0.55,180,exact_bonferroni,0.0005557999975280836,1.0
1.0,0.0,0.0,0,14,500,0.55,180,hoeffding,0.00025180000375257805,1.0
1.0,0.07142857142857142,0.0,1,14,500,0.55,180,holm,0.0005367999983718619,
1.0,0.14285714285714285,0.0,2,14,500,0.55,181,pointwise,0.00035660000139614567,1.0
1.0,0.0,0.0,0,14,500,0.55,181,normal_bonferroni,0.00030420000257436186,1.0
1.0,0.07142857142857142,0.0,1,14,500,0.55,181,multiplier,0.0017705000063870102,1.0
1.0,0.0,0.0,0,14,500,0.55,181,exact_bonferroni,0.0008051999975577928,1.0
1.0,0.0,0.0,0,14,500,0.55,181,hoeffding,0.0002882999979192391,1.0
1.0,0.0,0.0,0,14,500,0.55,181,holm,0.0005717000021832064,
1.0,0.42857142857142855,0.0,6,14,500,0.55,182,pointwise,0.0006546000004163943,1.0
1.0,0.07142857142857142,0.0,1,14,500,0.55,182,normal_bonferroni,0.0006569000033778138,1.0
1.0,0.07142857142857142,0.0,1,14,500,0.55,182,multiplier,0.003311200001917314,1.0
1.0,0.07142857142857142,0.0,1,14,500,0.55,182,exact_bonferroni,0.0008784999954514205,1.0
1.0,0.0,0.0,0,14,500,0.55,182,hoeffding,0.0002686000007088296,1.0
1.0,0.07142857142857142,0.0,1,14,500,0.55,182,holm,0.0005080000046291389,
1.0,0.2857142857142857,0.0,4,14,500,0.55,183,pointwise,0.0007320000004256144,1.0
1.0,0.07142857142857142,0.0,1,14,500,0.55,183,normal_bonferroni,0.0006381000057444908,1.0
1.0,0.07142857142857142,0.0,1,14,500,0.55,183,multiplier,0.0032251999946311116,1.0
1.0,0.07142857142857142,0.0,1,14,500,0.55,183,exact_bonferroni,0.0009527000001980923,1.0
1.0,0.0,0.0,0,14,500,0.55,183,hoeffding,0.0002863000045181252,1.0
1.0,0.07142857142857142,0.0,1,14,500,0.55,183,holm,0.0005380000002332963,
1.0,0.21428571428571427,0.0,3,14,500,0.55,184,pointwise,0.000599299994064495,1.0
1.0,0.0,0.0,0,14,500,0.55,184,normal_bonferroni,0.0005600000004051253,1.0
1.0,0.0,0.0,0,14,500,0.55,184,multiplier,0.0029095000063534826,1.0
1.0,0.0,0.0,0,14,500,0.55,184,exact_bonferroni,0.000803700000687968,1.0
1.0,0.0,0.0,0,14,500,0.55,184,hoeffding,0.00024900000425986946,1.0
1.0,0.0,0.0,0,14,500,0.55,184,holm,0.0004714999959105626,
1.0,0.0,0.0,0,14,500,0.55,185,pointwise,0.0005180000007385388,0.0
1.0,0.0,0.0,0,14,500,0.55,185,normal_bonferroni,0.0005325000020093285,1.0
1.0,0.0,0.0,0,14,500,0.55,185,multiplier,0.0029792999994242564,1.0
1.0,0.0,0.0,0,14,500,0.55,185,exact_bonferroni,0.0008842999959597364,1.0
1.0,0.0,0.0,0,14,500,0.55,185,hoeffding,0.0002569999996921979,1.0
1.0,0.0,0.0,0,14,500,0.55,185,holm,0.0004941000006510876,
1.0,0.5,0.0,7,14,500,0.55,186,pointwise,0.0005661000031977892,0.0
1.0,0.21428571428571427,0.0,3,14,500,0.55,186,normal_bonferroni,0.000530999997863546,1.0
1.0,0.21428571428571427,0.0,3,14,500,0.55,186,multiplier,0.0030699999988428317,1.0
1.0,0.14285714285714285,0.0,2,14,500,0.55,186,exact_bonferroni,0.0008140999998431653,1.0
1.0,0.0,0.0,0,14,500,0.55,186,hoeffding,0.00026819999766303226,1.0
1.0,0.14285714285714285,0.0,2,14,500,0.55,186,holm,0.0004593999983626418,
1.0,0.6428571428571429,0.0,9,14,500,0.55,187,pointwise,0.0004865000009885989,0.0
1.0,0.2857142857142857,0.0,4,14,500,0.55,187,normal_bonferroni,0.00028649999876506627,1.0
1.0,0.2857142857142857,0.0,4,14,500,0.55,187,multiplier,0.002185799996368587,1.0
1.0,0.21428571428571427,0.0,3,14,500,0.55,187,exact_bonferroni,0.00048580000293441117,1.0
1.0,0.14285714285714285,0.0,2,14,500,0.55,187,hoeffding,0.0001410000040777959,1.0
1.0,0.21428571428571427,0.0,3,14,500,0.55,187,holm,0.00026679999427869916,
1.0,0.07142857142857142,0.0,1,14,500,0.55,188,pointwise,0.0003104999996139668,1.0
1.0,0.0,0.0,0,14,500,0.55,188,normal_bonferroni,0.00030279999919002876,1.0
1.0,0.0,0.0,0,14,500,0.55,188,multiplier,0.0025614999976824038,1.0
1.0,0.0,0.0,0,14,500,0.55,188,exact_bonferroni,0.0007989000005181879,1.0
1.0,0.0,0.0,0,14,500,0.55,188,hoeffding,0.00023800000053597614,1.0
1.0,0.0,0.0,0,14,500,0.55,188,holm,0.00045170000521466136,
1.0,0.6428571428571429,0.0,9,14,500,0.55,189,pointwise,0.0005415000050561503,0.0
1.0,0.2857142857142857,0.0,4,14,500,0.55,189,normal_bonferroni,0.0005008000007364899,1.0
1.0,0.2857142857142857,0.0,4,14,500,0.55,189,multiplier,0.0025224999990314245,1.0
1.0,0.2857142857142857,0.0,4,14,500,0.55,189,exact_bonferroni,0.000465299999632407,1.0
1.0,0.14285714285714285,0.0,2,14,500,0.55,189,hoeffding,0.00014259999443311244,1.0
1.0,0.2857142857142857,0.0,4,14,500,0.55,189,holm,0.0006484999976237305,
1.0,0.42857142857142855,0.0,6,14,500,0.55,190,pointwise,0.00029970000468892977,1.0
1.0,0.14285714285714285,0.0,2,14,500,0.55,190,normal_bonferroni,0.0003741999971680343,1.0
1.0,0.21428571428571427,0.0,3,14,500,0.55,190,multiplier,0.004046300004119985,1.0
1.0,0.14285714285714285,0.0,2,14,500,0.55,190,exact_bonferroni,0.000876300000527408,1.0
1.0,0.0,0.0,0,14,500,0.55,190,hoeffding,0.0003280000019003637,1.0
1.0,0.14285714285714285,0.0,2,14,500,0.55,190,holm,0.000632499999483116,
1.0,0.2857142857142857,0.0,4,14,500,0.55,191,pointwise,0.0008452000038232654,1.0
1.0,0.07142857142857142,0.0,1,14,500,0.55,191,normal_bonferroni,0.000821699999505654,1.0
1.0,0.14285714285714285,0.0,2,14,500,0.55,191,multiplier,0.0038510999947902746,1.0
1.0,0.07142857142857142,0.0,1,14,500,0.55,191,exact_bonferroni,0.0010790999949676916,1.0
1.0,0.0,0.0,0,14,500,0.55,191,hoeffding,0.0003262000027461909,1.0
1.0,0.07142857142857142,0.0,1,14,500,0.55,191,holm,0.0006502999967779033,
1.0,0.42857142857142855,0.0,6,14,500,0.55,192,pointwise,0.0007304000027943403,0.0
1.0,0.21428571428571427,0.0,3,14,500,0.55,192,normal_bonferroni,0.0006206999969435856,1.0
1.0,0.21428571428571427,0.0,3,14,500,0.55,192,multiplier,0.0033957999985432252,1.0
1.0,0.14285714285714285,0.0,2,14,500,0.55,192,exact_bonferroni,0.0012276999987079762,1.0
1.0,0.0,0.0,0,14,500,0.55,192,hoeffding,0.00036530000215861946,1.0
1.0,0.14285714285714285,0.0,2,14,500,0.55,192,holm,0.0006270000012591481,
1.0,0.7142857142857143,0.0,10,14,500,0.55,193,pointwise,0.0006769000028725713,0.0
1.0,0.2857142857142857,0.0,4,14,500,0.55,193,normal_bonferroni,0.0006051999953342602,0.0
1.0,0.2857142857142857,0.0,4,14,500,0.55,193,multiplier,0.003442400004132651,0.0
1.0,0.2857142857142857,0.0,4,14,500,0.55,193,exact_bonferroni,0.0009461000008741394,1.0
1.0,0.14285714285714285,0.0,2,14,500,0.55,193,hoeffding,0.0006636000034632161,1.0
1.0,0.2857142857142857,0.0,4,14,500,0.55,193,holm,0.0006386000022757798,
1.0,0.35714285714285715,0.0,5,14,500,0.55,194,pointwise,0.0004163999983575195,1.0
1.0,0.21428571428571427,0.0,3,14,500,0.55,194,normal_bonferroni,0.0003536000003805384,1.0
1.0,0.21428571428571427,0.0,3,14,500,0.55,194,multiplier,0.003333200002089143,1.0
1.0,0.21428571428571427,0.0,3,14,500,0.55,194,exact_bonferroni,0.0008843999967211857,1.0
1.0,0.0,0.0,0,14,500,0.55,194,hoeffding,0.0003493999975034967,1.0
1.0,0.21428571428571427,0.0,3,14,500,0.55,194,holm,0.0006712000031257048,
0.0,0.9285714285714286,0.07142857142857142,14,14,500,0.55,195,pointwise,0.0007136999993235804,0.0
1.0,0.2857142857142857,0.0,4,14,500,0.55,195,normal_bonferroni,0.0006464999969466589,0.0
1.0,0.2857142857142857,0.0,4,14,500,0.55,195,multiplier,0.0023032000026432797,0.0
1.0,0.21428571428571427,0.0,3,14,500,0.55,195,exact_bonferroni,0.0007723000016994774,1.0
1.0,0.07142857142857142,0.0,1,14,500,0.55,195,hoeffding,0.0003104999996139668,1.0
1.0,0.21428571428571427,0.0,3,14,500,0.55,195,holm,0.0005144000024301931,
1.0,0.2857142857142857,0.0,4,14,500,0.55,196,pointwise,0.0006574999933945946,1.0
1.0,0.07142857142857142,0.0,1,14,500,0.55,196,normal_bonferroni,0.0006696999989799224,1.0
1.0,0.07142857142857142,0.0,1,14,500,0.55,196,multiplier,0.0034490000034566037,1.0
1.0,0.07142857142857142,0.0,1,14,500,0.55,196,exact_bonferroni,0.0010104999964823946,1.0
1.0,0.0,0.0,0,14,500,0.55,196,hoeffding,0.00030590000096708536,1.0
1.0,0.07142857142857142,0.0,1,14,500,0.55,196,holm,0.0005402000024332665,
1.0,0.21428571428571427,0.0,3,14,500,0.55,197,pointwise,0.000644500003545545,1.0
1.0,0.07142857142857142,0.0,1,14,500,0.55,197,normal_bonferroni,0.0006504000048153102,1.0
1.0,0.07142857142857142,0.0,1,14,500,0.55,197,multiplier,0.003318200004287064,1.0
1.0,0.07142857142857142,0.0,1,14,500,0.55,197,exact_bonferroni,0.0009280999947804958,1.0
1.0,0.0,0.0,0,14,500,0.55,197,hoeffding,0.0002964000013889745,1.0
1.0,0.07142857142857142,0.0,1,14,500,0.55,197,holm,0.0005429000011645257,
1.0,0.2857142857142857,0.0,4,14,500,0.55,198,pointwise,0.00038099999801488593,0.0
1.0,0.21428571428571427,0.0,3,14,500,0.55,198,normal_bonferroni,0.0003319000024930574,1.0
1.0,0.21428571428571427,0.0,3,14,500,0.55,198,multiplier,0.0021455000023706816,1.0
1.0,0.14285714285714285,0.0,2,14,500,0.55,198,exact_bonferroni,0.001070600003004074,1.0
1.0,0.14285714285714285,0.0,2,14,500,0.55,198,hoeffding,0.00028960000054212287,1.0
1.0,0.14285714285714285,0.0,2,14,500,0.55,198,holm,0.00038860000495333225,
1.0,0.21428571428571427,0.0,3,14,500,0.55,199,pointwise,0.0006334999998216517,1.0
1.0,0.07142857142857142,0.0,1,14,500,0.55,199,normal_bonferroni,0.0006032000019331463,1.0
1.0,0.07142857142857142,0.0,1,14,500,0.55,199,multiplier,0.003315499998279847,1.0
1.0,0.0,0.0,0,14,500,0.55,199,exact_bonferroni,0.0008139999990817159,1.0
1.0,0.0,0.0,0,14,500,0.55,199,hoeffding,0.00029299999732756987,1.0
1.0,0.0,0.0,0,14,500,0.55,199,holm,0.0005138000051374547,
1.0,0.5,0.0,7,14,500,0.55,200,pointwise,0.000436399997852277,0.0
1.0,0.21428571428571427,0.0,3,14,500,0.55,200,normal_bonferroni,0.0005806000044685788,1.0
1.0,0.21428571428571427,0.0,3,14,500,0.55,200,multiplier,0.003253399998357054,1.0
1.0,0.14285714285714285,0.0,2,14,500,0.55,200,exact_bonferroni,0.000872299999173265,1.0
1.0,0.07142857142857142,0.0,1,14,500,0.55,200,hoeffding,0.00029319999885046855,1.0
1.0,0.14285714285714285,0.0,2,14,500,0.55,200,holm,0.0005103000003146008,
1.0,0.42857142857142855,0.0,6,14,500,0.55,201,pointwise,0.0006212000007508323,0.0
1.0,0.07142857142857142,0.0,1,14,500,0.55,201,normal_bonferroni,0.0005633000037050806,1.0
1.0,0.07142857142857142,0.0,1,14,500,0.55,201,multiplier,0.0031223999976646155,1.0
1.0,0.07142857142857142,0.0,1,14,500,0.55,201,exact_bonferroni,0.000861399996210821,1.0
1.0,0.07142857142857142,0.0,1,14,500,0.55,201,hoeffding,0.00026709999656304717,1.0
1.0,0.07142857142857142,0.0,1,14,500,0.55,201,holm,0.0005094000007375143,
1.0,0.21428571428571427,0.0,3,14,500,0.55,202,pointwise,0.0006030999938957393,0.0
1.0,0.14285714285714285,0.0,2,14,500,0.55,202,normal_bonferroni,0.0005592000015894882,1.0
1.0,0.14285714285714285,0.0,2,14,500,0.55,202,multiplier,0.0027695000026142225,1.0
1.0,0.14285714285714285,0.0,2,14,500,0.55,202,exact_bonferroni,0.0009580999976606108,1.0
1.0,0.07142857142857142,0.0,1,14,500,0.55,202,hoeffding,0.0002671000038390048,1.0
1.0,0.14285714285714285,0.0,2,14,500,0.55,202,holm,0.00048579999565845355,
1.0,0.5714285714285714,0.0,8,14,500,0.55,203,pointwise,0.000555899998289533,0.0
1.0,0.21428571428571427,0.0,3,14,500,0.55,203,normal_bonferroni,0.0005314000009093434,1.0
1.0,0.21428571428571427,0.0,3,14,500,0.55,203,multiplier,0.0033246000020881183,1.0
1.0,0.21428571428571427,0.0,3,14,500,0.55,203,exact_bonferroni,0.0009847000037552789,1.0
1.0,0.14285714285714285,0.0,2,14,500,0.55,203,hoeffding,0.00031429999944521114,1.0
1.0,0.21428571428571427,0.0,3,14,500,0.55,203,holm,0.0005214000047999434,
1.0,0.9285714285714286,0.0,13,14,500,0.55,204,pointwise,0.0005827999993925914,0.0
1.0,0.42857142857142855,0.0,6,14,500,0.55,204,normal_bonferroni,0.0005448000010801479,0.0
1.0,0.42857142857142855,0.0,6,14,500,0.55,204,multiplier,0.002943399995274376,0.0
1.0,0.42857142857142855,0.0,6,14,500,0.55,204,exact_bonferroni,0.0008057000013650395,1.0
1.0,0.0,0.0,0,14,500,0.55,204,hoeffding,0.0002555999963078648,1.0
1.0,0.42857142857142855,0.0,6,14,500,0.55,204,holm,0.00046099999599391595,
1.0,0.5714285714285714,0.0,8,14,500,0.55,205,pointwise,0.0005755999954999425,0.0
1.0,0.2857142857142857,0.0,4,14,500,0.55,205,normal_bonferroni,0.0005698999957530759,1.0
1.0,0.2857142857142857,0.0,4,14,500,0.55,205,multiplier,0.0029049000004306436,1.0
1.0,0.21428571428571427,0.0,3,14,500,0.55,205,exact_bonferroni,0.0008210000014514662,1.0
1.0,0.0,0.0,0,14,500,0.55,205,hoeffding,0.0002553000012994744,1.0
1.0,0.21428571428571427,0.0,3,14,500,0.55,205,holm,0.0004642000058083795,
1.0,0.42857142857142855,0.0,6,14,500,0.55,206,pointwise,0.0005566000036196783,1.0
1.0,0.21428571428571427,0.0,3,14,500,0.55,206,normal_bonferroni,0.0005354000022634864,1.0
1.0,0.21428571428571427,0.0,3,14,500,0.55,206,multiplier,0.0029214000023785047,1.0
1.0,0.14285714285714285,0.0,2,14,500,0.55,206,exact_bonferroni,0.0008908000017981976,1.0
1.0,0.0,0.0,0,14,500,0.55,206,hoeffding,0.00024139999732142314,1.0
1.0,0.14285714285714285,0.0,2,14,500,0.55,206,holm,0.00044019999768352136,
1.0,0.42857142857142855,0.0,6,14,500,0.55,207,pointwise,0.00040050000097835436,1.0
1.0,0.14285714285714285,0.0,2,14,500,0.55,207,normal_bonferroni,0.00032840000494616106,1.0
1.0,0.21428571428571427,0.0,3,14,500,0.55,207,multiplier,0.002960400001029484,1.0
1.0,0.07142857142857142,0.0,1,14,500,0.55,207,exact_bonferroni,0.000829099997645244,1.0
1.0,0.0,0.0,0,14,500,0.55,207,hoeffding,0.0002739999981713481,1.0
1.0,0.07142857142857142,0.0,1,14,500,0.55,207,holm,0.00048149999929592013,
1.0,0.5,0.0,7,14,500,0.55,208,pointwise,0.0005524999942281283,0.0
1.0,0.2857142857142857,0.0,4,14,500,0.55,208,normal_bonferroni,0.0005092000064905733,1.0
1.0,0.2857142857142857,0.0,4,14,500,0.55,208,multiplier,0.0032033999959821813,1.0
1.0,0.07142857142857142,0.0,1,14,500,0.55,208,exact_bonferroni,0.001094100000045728,1.0
1.0,0.07142857142857142,0.0,1,14,500,0.55,208,hoeffding,0.0006250000005820766,1.0
1.0,0.07142857142857142,0.0,1,14,500,0.55,208,holm,0.0009881000005407259,
1.0,0.5,0.0,7,14,500,0.55,209,pointwise,0.0004878000036114827,1.0
1.0,0.07142857142857142,0.0,1,14,500,0.55,209,normal_bonferroni,0.0003913999971700832,1.0
1.0,0.07142857142857142,0.0,1,14,500,0.55,209,multiplier,0.0022128000055090524,1.0
1.0,0.07142857142857142,0.0,1,14,500,0.55,209,exact_bonferroni,0.0010992999959853478,1.0
1.0,0.07142857142857142,0.0,1,14,500,0.55,209,hoeffding,0.0003679000001284294,1.0
1.0,0.07142857142857142,0.0,1,14,500,0.55,209,holm,0.0010570999947958626,
1.0,0.5,0.0,7,14,500,0.55,210,pointwise,0.0015757000001030974,0.0
1.0,0.21428571428571427,0.0,3,14,500,0.55,210,normal_bonferroni,0.0013334999966900796,1.0
1.0,0.21428571428571427,0.0,3,14,500,0.55,210,multiplier,0.004481800002395175,1.0
1.0,0.14285714285714285,0.0,2,14,500,0.55,210,exact_bonferroni,0.001377900000079535,1.0
1.0,0.07142857142857142,0.0,1,14,500,0.55,210,hoeffding,0.00032359999750042334,1.0
1.0,0.14285714285714285,0.0,2,14,500,0.55,210,holm,0.0005192000025999732,
1.0,0.42857142857142855,0.0,6,14,500,0.55,211,pointwise,0.0006627000038861297,0.0
1.0,0.21428571428571427,0.0,3,14,500,0.55,211,normal_bonferroni,0.000803899994934909,0.0
1.0,0.21428571428571427,0.0,3,14,500,0.55,211,multiplier,0.0038407999963965267,0.0
1.0,0.21428571428571427,0.0,3,14,500,0.55,211,exact_bonferroni,0.0009221000000252388,0.0
1.0,0.07142857142857142,0.0,1,14,500,0.55,211,hoeffding,0.0003800999984377995,1.0
1.0,0.21428571428571427,0.0,3,14,500,0.55,211,holm,0.0005399000001489185,
1.0,0.5714285714285714,0.0,8,14,500,0.55,212,pointwise,0.000512500002514571,1.0
1.0,0.21428571428571427,0.0,3,14,500,0.55,212,normal_bonferroni,0.00046930000098655,1.0
1.0,0.2857142857142857,0.0,4,14,500,0.55,212,multiplier,0.0018943999966722913,1.0
1.0,0.14285714285714285,0.0,2,14,500,0.55,212,exact_bonferroni,0.0005575000031967647,1.0
1.0,0.0,0.0,0,14,500,0.55,212,hoeffding,0.00016740000137360767,1.0
1.0,0.14285714285714285,0.0,2,14,500,0.55,212,holm,0.0003276999996160157,
1.0,0.14285714285714285,0.0,2,14,500,0.55,213,pointwise,0.0003510000024107285,1.0
1.0,0.0,0.0,0,14,500,0.55,213,normal_bonferroni,0.00033429999893996865,1.0
1.0,0.0,0.0,0,14,500,0.55,213,multiplier,0.0018822999991243705,1.0
1.0,0.0,0.0,0,14,500,0.55,213,exact_bonferroni,0.0005527999965124764,1.0
1.0,0.0,0.0,0,14,500,0.55,213,hoeffding,0.0001638999965507537,1.0
1.0,0.0,0.0,0,14,500,0.55,213,holm,0.00044160000106785446,
1.0,0.14285714285714285,0.0,2,14,500,0.55,214,pointwise,0.00038529999437741935,1.0
1.0,0.0,0.0,0,14,500,0.55,214,normal_bonferroni,0.00033260000054724514,1.0
1.0,0.0,0.0,0,14,500,0.55,214,multiplier,0.001891200001409743,1.0
1.0,0.0,0.0,0,14,500,0.55,214,exact_bonferroni,0.0005155999970156699,1.0
1.0,0.0,0.0,0,14,500,0.55,214,hoeffding,0.0002845999988494441,1.0
1.0,0.0,0.0,0,14,500,0.55,214,holm,0.0003015000038431026,
1.0,0.14285714285714285,0.0,2,14,500,0.55,215,pointwise,0.00034149999555666,1.0
1.0,0.07142857142857142,0.0,1,14,500,0.55,215,normal_bonferroni,0.00031180000223685056,1.0
1.0,0.14285714285714285,0.0,2,14,500,0.55,215,multiplier,0.001731700001982972,1.0
1.0,0.07142857142857142,0.0,1,14,500,0.55,215,exact_bonferroni,0.0004734999965876341,1.0
1.0,0.0,0.0,0,14,500,0.55,215,hoeffding,0.00015359999815700576,1.0
1.0,0.07142857142857142,0.0,1,14,500,0.55,215,holm,0.0002758000046014786,
1.0,0.7142857142857143,0.0,10,14,500,0.55,216,pointwise,0.0003088000012212433,0.0
1.0,0.21428571428571427,0.0,3,14,500,0.55,216,normal_bonferroni,0.00029119999817339703,1.0
1.0,0.21428571428571427,0.0,3,14,500,0.55,216,multiplier,0.0015904999963822775,1.0
1.0,0.21428571428571427,0.0,3,14,500,0.55,216,exact_bonferroni,0.0004706999970949255,1.0
1.0,0.07142857142857142,0.0,1,14,500,0.55,216,hoeffding,0.0001548999935039319,1.0
1.0,0.21428571428571427,0.0,3,14,500,0.55,216,holm,0.0002593000026536174,
1.0,0.35714285714285715,0.0,5,14,500,0.55,217,pointwise,0.0005021999968448654,1.0
1.0,0.21428571428571427,0.0,3,14,500,0.55,217,normal_bonferroni,0.00040249999437946826,1.0
1.0,0.21428571428571427,0.0,3,14,500,0.55,217,multiplier,0.0019227000011596829,1.0
1.0,0.21428571428571427,0.0,3,14,500,0.55,217,exact_bonferroni,0.0005518000034498982,1.0
1.0,0.07142857142857142,0.0,1,14,500,0.55,217,hoeffding,0.00015320000238716602,1.0
1.0,0.21428571428571427,0.0,3,14,500,0.55,217,holm,0.000596199999563396,
1.0,0.5,0.0,7,14,500,0.55,218,pointwise,0.0003375000014784746,1.0
1.0,0.21428571428571427,0.0,3,14,500,0.55,218,normal_bonferroni,0.0003034999972442165,1.0
1.0,0.2857142857142857,0.0,4,14,500,0.55,218,multiplier,0.0017481000031693839,1.0
1.0,0.14285714285714285,0.0,2,14,500,0.55,218,exact_bonferroni,0.0004667000030167401,1.0
1.0,0.0,0.0,0,14,500,0.55,218,hoeffding,0.00014910000027157366,1.0
1.0,0.14285714285714285,0.0,2,14,500,0.55,218,holm,0.00029740000172751024,
0.0,0.6428571428571429,0.1,10,14,500,0.55,219,pointwise,0.00030559999868273735,0.0
1.0,0.2857142857142857,0.0,4,14,500,0.55,219,normal_bonferroni,0.00029320000612642616,1.0
1.0,0.2857142857142857,0.0,4,14,500,0.55,219,multiplier,0.0015944999977364205,1.0
1.0,0.21428571428571427,0.0,3,14,500,0.55,219,exact_bonferroni,0.00044350000098347664,1.0
1.0,0.14285714285714285,0.0,2,14,500,0.55,219,hoeffding,0.0001464000015403144,1.0
1.0,0.21428571428571427,0.0,3,14,500,0.55,219,holm,0.00027180000324733555,
1.0,0.5714285714285714,0.0,8,14,500,0.55,220,pointwise,0.0003177999969921075,0.0
1.0,0.21428571428571427,0.0,3,14,500,0.55,220,normal_bonferroni,0.00047169999743346125,1.0
1.0,0.21428571428571427,0.0,3,14,500,0.55,220,multiplier,0.002583299996331334,1.0
1.0,0.14285714285714285,0.0,2,14,500,0.55,220,exact_bonferroni,0.00047429999540327117,1.0
1.0,0.0,0.0,0,14,500,0.55,220,hoeffding,0.0001520000005257316,1.0
1.0,0.14285714285714285,0.0,2,14,500,0.55,220,holm,0.0004181000040262006,
1.0,0.42857142857142855,0.0,6,14,500,0.55,221,pointwise,0.00032919999648584053,1.0
1.0,0.14285714285714285,0.0,2,14,500,0.55,221,normal_bonferroni,0.00031999999919207767,1.0
1.0,0.14285714285714285,0.0,2,14,500,0.55,221,multiplier,0.0018246000036015175,1.0
1.0,0.07142857142857142,0.0,1,14,500,0.55,221,exact_bonferroni,0.00047050000284798443,1.0
1.0,0.0,0.0,0,14,500,0.55,221,hoeffding,0.00016529999993508682,1.0
1.0,0.07142857142857142,0.0,1,14,500,0.55,221,holm,0.00027710000722436234,
1.0,0.21428571428571427,0.0,3,14,500,0.55,222,pointwise,0.00034279999817954376,1.0
1.0,0.07142857142857142,0.0,1,14,500,0.55,222,normal_bonferroni,0.0003193000011378899,1.0
1.0,0.07142857142857142,0.0,1,14,500,0.55,222,multiplier,0.0018727999995462596,1.0
1.0,0.07142857142857142,0.0,1,14,500,0.55,222,exact_bonferroni,0.0005626999991363846,1.0
1.0,0.0,0.0,0,14,500,0.55,222,hoeffding,0.00015530000382568687,1.0
1.0,0.07142857142857142,0.0,1,14,500,0.55,222,holm,0.0003423000016482547,
1.0,0.42857142857142855,0.0,6,14,500,0.55,223,pointwise,0.00035960000241175294,0.0
1.0,0.21428571428571427,0.0,3,14,500,0.55,223,normal_bonferroni,0.0003217999983462505,1.0
1.0,0.21428571428571427,0.0,3,14,500,0.55,223,multiplier,0.0017924999992828816,1.0
1.0,0.07142857142857142,0.0,1,14,500,0.55,223,exact_bonferroni,0.0005172999954083934,1.0
1.0,0.0,0.0,0,14,500,0.55,223,hoeffding,0.00015529999654972926,1.0
1.0,0.07142857142857142,0.0,1,14,500,0.55,223,holm,0.0004358000005595386,
1.0,0.21428571428571427,0.0,3,14,500,0.55,224,pointwise,0.0003367000026628375,1.0
1.0,0.14285714285714285,0.0,2,14,500,0.55,224,normal_bonferroni,0.0004712000009021722,1.0
1.0,0.14285714285714285,0.0,2,14,500,0.55,224,multiplier,0.003287100000306964,1.0
1.0,0.14285714285714285,0.0,2,14,500,0.55,224,exact_bonferroni,0.0010051999997813255,1.0
1.0,0.0,0.0,0,14,500,0.55,224,hoeffding,0.0002906000008806586,1.0
1.0,0.14285714285714285,0.0,2,14,500,0.55,224,holm,0.000563900000997819,
1.0,0.2857142857142857,0.0,4,14,500,0.55,225,pointwise,0.0005387000055634417,1.0
1.0,0.0,0.0,0,14,500,0.55,225,normal_bonferroni,0.0006273000035434961,1.0
1.0,0.07142857142857142,0.0,1,14,500,0.55,225,multiplier,0.003444999994826503,1.0
1.0,0.0,0.0,0,14,500,0.55,225,exact_bonferroni,0.00097749999986263,1.0
1.0,0.0,0.0,0,14,500,0.55,225,hoeffding,0.00029119999817339703,1.0
1.0,0.0,0.0,0,14,500,0.55,225,holm,0.0005617000060738064,
1.0,0.7857142857142857,0.0,11,14,500,0.55,226,pointwise,0.0005996000036248006,0.0
1.0,0.2857142857142857,0.0,4,14,500,0.55,226,normal_bonferroni,0.0005922999989707023,1.0
1.0,0.2857142857142857,0.0,4,14,500,0.55,226,multiplier,0.0026257999998051673,1.0
1.0,0.2857142857142857,0.0,4,14,500,0.55,226,exact_bonferroni,0.0007283000013558194,1.0
1.0,0.14285714285714285,0.0,2,14,500,0.55,226,hoeffding,0.0004732999950647354,1.0
1.0,0.2857142857142857,0.0,4,14,500,0.55,226,holm,0.0005031000036979094,
0.0,0.7142857142857143,0.09090909090909091,11,14,500,0.55,227,pointwise,0.0006036000049789436,0.0
1.0,0.35714285714285715,0.0,5,14,500,0.55,227,normal_bonferroni,0.0004030999989481643,1.0
1.0,0.35714285714285715,0.0,5,14,500,0.55,227,multiplier,0.001926899996760767,0.0
1.0,0.2857142857142857,0.0,4,14,500,0.55,227,exact_bonferroni,0.0005117000036989339,1.0
1.0,0.07142857142857142,0.0,1,14,500,0.55,227,hoeffding,0.0001520000005257316,1.0
1.0,0.2857142857142857,0.0,4,14,500,0.55,227,holm,0.0002953000002889894,
1.0,0.14285714285714285,0.0,2,14,500,0.55,228,pointwise,0.00032899999496294186,1.0
1.0,0.07142857142857142,0.0,1,14,500,0.55,228,normal_bonferroni,0.0003158999970764853,1.0
1.0,0.07142857142857142,0.0,1,14,500,0.55,228,multiplier,0.0016997999991872348,1.0
1.0,0.07142857142857142,0.0,1,14,500,0.55,228,exact_bonferroni,0.00046070000098552555,1.0
1.0,0.0,0.0,0,14,500,0.55,228,hoeffding,0.00014799999917158857,1.0
1.0,0.07142857142857142,0.0,1,14,500,0.55,228,holm,0.0002643999978317879,
1.0,0.35714285714285715,0.0,5,14,500,0.55,229,pointwise,0.00032420000206911936,0.0
1.0,0.07142857142857142,0.0,1,14,500,0.55,229,normal_bonferroni,0.00030419999529840425,1.0
1.0,0.07142857142857142,0.0,1,14,500,0.55,229,multiplier,0.001601299998583272,1.0
1.0,0.07142857142857142,0.0,1,14,500,0.55,229,exact_bonferroni,0.000468999998702202,1.0
1.0,0.0,0.0,0,14,500,0.55,229,hoeffding,0.00014620000001741573,1.0
1.0,0.07142857142857142,0.0,1,14,500,0.55,229,holm,0.00026649999927030876,
1.0,0.8571428571428571,0.0,12,14,500,0.55,230,pointwise,0.0006342999986372888,0.0
1.0,0.2857142857142857,0.0,4,14,500,0.55,230,normal_bonferroni,0.0003226000044378452,1.0
1.0,0.35714285714285715,0.0,5,14,500,0.55,230,multiplier,0.0017901000028359704,1.0
1.0,0.21428571428571427,0.0,3,14,500,0.55,230,exact_bonferroni,0.0005124000017531216,1.0
1.0,0.14285714285714285,0.0,2,14,500,0.55,230,hoeffding,0.0001551000023027882,1.0
1.0,0.21428571428571427,0.0,3,14,500,0.55,230,holm,0.0003974999999627471,
1.0,0.2857142857142857,0.0,4,14,500,0.55,231,pointwise,0.0003431000004638918,1.0
1.0,0.07142857142857142,0.0,1,14,500,0.55,231,normal_bonferroni,0.0003419999993639067,1.0
1.0,0.07142857142857142,0.0,1,14,500,0.55,231,multiplier,0.0017442000025766902,1.0
1.0,0.07142857142857142,0.0,1,14,500,0.55,231,exact_bonferroni,0.0004880999986198731,1.0
1.0,0.0,0.0,0,14,500,0.55,231,hoeffding,0.00016999999934341758,1.0
1.0,0.07142857142857142,0.0,1,14,500,0.55,231,holm,0.0002897000013035722,
1.0,0.7142857142857143,0.0,10,14,500,0.55,232,pointwise,0.0003454000034253113,0.0
1.0,0.35714285714285715,0.0,5,14,500,0.55,232,normal_bonferroni,0.0003139000036753714,1.0
1.0,0.35714285714285715,0.0,5,14,500,0.55,232,multiplier,0.0019481999988784082,1.0
1.0,0.21428571428571427,0.0,3,14,500,0.55,232,exact_bonferroni,0.0009386000019731,1.0
1.0,0.07142857142857142,0.0,1,14,500,0.55,232,hoeffding,0.0003947000004700385,1.0
1.0,0.21428571428571427,0.0,3,14,500,0.55,232,holm,0.0003600000054575503,
1.0,0.5,0.0,7,14,500,0.55,233,pointwise,0.0003180999992764555,0.0
1.0,0.07142857142857142,0.0,1,14,500,0.55,233,normal_bonferroni,0.00029939999512862414,1.0
1.0,0.07142857142857142,0.0,1,14,500,0.55,233,multiplier,0.0020230000009178184,1.0
1.0,0.07142857142857142,0.0,1,14,500,0.55,233,exact_bonferroni,0.0008170000000973232,1.0
1.0,0.0,0.0,0,14,500,0.55,233,hoeffding,0.0003189000053680502,1.0
1.0,0.07142857142857142,0.0,1,14,500,0.55,233,holm,0.0005233999982010573,
1.0,0.35714285714285715,0.0,5,14,500,0.55,234,pointwise,0.0003415000028326176,1.0
1.0,0.14285714285714285,0.0,2,14,500,0.55,234,normal_bonferroni,0.0003905000048689544,1.0
1.0,0.14285714285714285,0.0,2,14,500,0.55,234,multiplier,0.0019976000039605424,1.0
1.0,0.14285714285714285,0.0,2,14,500,0.55,234,exact_bonferroni,0.0006654999961028807,1.0
1.0,0.0,0.0,0,14,500,0.55,234,hoeffding,0.00036559999716700986,1.0
1.0,0.14285714285714285,0.0,2,14,500,0.55,234,holm,0.0006852999940747395,
1.0,0.5714285714285714,0.0,8,14,500,0.55,235,pointwise,0.0006666999979643151,0.0
1.0,0.21428571428571427,0.0,3,14,500,0.55,235,normal_bonferroni,0.000610499999311287,1.0
1.0,0.21428571428571427,0.0,3,14,500,0.55,235,multiplier,0.003467100003035739,1.0
1.0,0.14285714285714285,0.0,2,14,500,0.55,235,exact_bonferroni,0.0005233999982010573,1.0
1.0,0.0,0.0,0,14,500,0.55,235,hoeffding,0.00014789999841013923,1.0
1.0,0.14285714285714285,0.0,2,14,500,0.55,235,holm,0.00028059999749530107,
1.0,0.21428571428571427,0.0,3,14,500,0.55,236,pointwise,0.0006931000025360845,0.0
1.0,0.07142857142857142,0.0,1,14,500,0.55,236,normal_bonferroni,0.0006785000005038455,1.0
1.0,0.07142857142857142,0.0,1,14,500,0.55,236,multiplier,0.003235199998016469,1.0
1.0,0.07142857142857142,0.0,1,14,500,0.55,236,exact_bonferroni,0.0005200000014156103,1.0
1.0,0.07142857142857142,0.0,1,14,500,0.55,236,hoeffding,0.00014450000162469223,1.0
1.0,0.07142857142857142,0.0,1,14,500,0.55,236,holm,0.0002879999956348911,
1.0,0.21428571428571427,0.0,3,14,500,0.55,237,pointwise,0.00034109999978682026,0.0
1.0,0.14285714285714285,0.0,2,14,500,0.55,237,normal_bonferroni,0.0003198000049451366,1.0
1.0,0.14285714285714285,0.0,2,14,500,0.55,237,multiplier,0.0018356000000494532,1.0
1.0,0.07142857142857142,0.0,1,14,500,0.55,237,exact_bonferroni,0.0006138000026112422,1.0
1.0,0.0,0.0,0,14,500,0.55,237,hoeffding,0.00014910000027157366,1.0
1.0,0.07142857142857142,0.0,1,14,500,0.55,237,holm,0.0002848999938578345,
1.0,0.5,0.0,7,14,500,0.55,238,pointwise,0.0006692000024486333,0.0
1.0,0.2857142857142857,0.0,4,14,500,0.55,238,normal_bonferroni,0.0003445999973337166,1.0
1.0,0.2857142857142857,0.0,4,14,500,0.55,238,multiplier,0.0018619000038597733,1.0
1.0,0.14285714285714285,0.0,2,14,500,0.55,238,exact_bonferroni,0.0009302000034949742,1.0
1.0,0.0,0.0,0,14,500,0.55,238,hoeffding,0.0003445000038482249,1.0
1.0,0.14285714285714285,0.0,2,14,500,0.55,238,holm,0.00048269999388139695,
1.0,0.21428571428571427,0.0,3,14,500,0.55,239,pointwise,0.0007841999977244996,1.0
1.0,0.07142857142857142,0.0,1,14,500,0.55,239,normal_bonferroni,0.0003496999997878447,1.0
1.0,0.07142857142857142,0.0,1,14,500,0.55,239,multiplier,0.0018286999984411523,1.0
1.0,0.07142857142857142,0.0,1,14,500,0.55,239,exact_bonferroni,0.0005031999971834011,1.0
1.0,0.0,0.0,0,14,500,0.55,239,hoeffding,0.0001497999983257614,1.0
1.0,0.07142857142857142,0.0,1,14,500,0.55,239,holm,0.00029490000451914966,
1.0,0.2857142857142857,0.0,4,14,500,0.55,240,pointwise,0.00033480000274721533,0.0
1.0,0.14285714285714285,0.0,2,14,500,0.55,240,normal_bonferroni,0.00034420000156387687,1.0
1.0,0.14285714285714285,0.0,2,14,500,0.55,240,multiplier,0.0017152000000351109,0.0
1.0,0.07142857142857142,0.0,1,14,500,0.55,240,exact_bonferroni,0.0004715999966720119,1.0
1.0,0.0,0.0,0,14,500,0.55,240,hoeffding,0.0001503000021330081,1.0
1.0,0.07142857142857142,0.0,1,14,500,0.55,240,holm,0.000276099999609869,
1.0,0.42857142857142855,0.0,6,14,500,0.55,241,pointwise,0.0003375000014784746,0.0
1.0,0.21428571428571427,0.0,3,14,500,0.55,241,normal_bonferroni,0.0002975000024889596,1.0
1.0,0.2857142857142857,0.0,4,14,500,0.55,241,multiplier,0.0019081000064034015,1.0
1.0,0.07142857142857142,0.0,1,14,500,0.55,241,exact_bonferroni,0.0006835000021965243,1.0
1.0,0.07142857142857142,0.0,1,14,500,0.55,241,hoeffding,0.0001523000028100796,1.0
1.0,0.07142857142857142,0.0,1,14,500,0.55,241,holm,0.00036360000376589596,
1.0,0.42857142857142855,0.0,6,14,500,0.55,242,pointwise,0.00038350000249920413,0.0
1.0,0.21428571428571427,0.0,3,14,500,0.55,242,normal_bonferroni,0.0003221000006305985,1.0
1.0,0.21428571428571427,0.0,3,14,500,0.55,242,multiplier,0.0018319000009796582,1.0
1.0,0.21428571428571427,0.0,3,14,500,0.55,242,exact_bonferroni,0.0006362999993143603,1.0
1.0,0.0,0.0,0,14,500,0.55,242,hoeffding,0.00017359999765176326,1.0
1.0,0.21428571428571427,0.0,3,14,500,0.55,242,holm,0.00029910000012023374,
1.0,0.5,0.0,7,14,500,0.55,243,pointwise,0.0006342999986372888,0.0
1.0,0.14285714285714285,0.0,2,14,500,0.55,243,normal_bonferroni,0.0005797000048914924,1.0
1.0,0.14285714285714285,0.0,2,14,500,0.55,243,multiplier,0.0033320000002277084,1.0
1.0,0.14285714285714285,0.0,2,14,500,0.55,243,exact_bonferroni,0.0008493999994243495,1.0
1.0,0.0,0.0,0,14,500,0.55,243,hoeffding,0.00026390000130049884,1.0
1.0,0.14285714285714285,0.0,2,14,500,0.55,243,holm,0.0005242999977781437,
1.0,0.6428571428571429,0.0,9,14,500,0.55,244,pointwise,0.0006289000011747703,0.0
1.0,0.42857142857142855,0.0,6,14,500,0.55,244,normal_bonferroni,0.000592199998209253,1.0
1.0,0.42857142857142855,0.0,6,14,500,0.55,244,multiplier,0.003130800003418699,1.0
1.0,0.42857142857142855,0.0,6,14,500,0.55,244,exact_bonferroni,0.0008042000044952147,1.0
1.0,0.07142857142857142,0.0,1,14,500,0.55,244,hoeffding,0.000250899996899534,1.0
1.0,0.42857142857142855,0.0,6,14,500,0.55,244,holm,0.00046149999980116263,
1.0,0.42857142857142855,0.0,6,14,500,0.55,245,pointwise,0.0005555000025196932,1.0
1.0,0.07142857142857142,0.0,1,14,500,0.55,245,normal_bonferroni,0.0005572999943979084,1.0
1.0,0.07142857142857142,0.0,1,14,500,0.55,245,multiplier,0.002921999999671243,1.0
1.0,0.07142857142857142,0.0,1,14,500,0.55,245,exact_bonferroni,0.0008634999976493418,1.0
1.0,0.0,0.0,0,14,500,0.55,245,hoeffding,0.0002748000042629428,1.0
1.0,0.07142857142857142,0.0,1,14,500,0.55,245,holm,0.0004914000019198284,
0.0,0.5,0.125,8,14,500,0.55,246,pointwise,0.0005573999951593578,0.0
1.0,0.21428571428571427,0.0,3,14,500,0.55,246,normal_bonferroni,0.0005258000019239262,1.0
1.0,0.21428571428571427,0.0,3,14,500,0.55,246,multiplier,0.0031712000054540113,1.0
1.0,0.21428571428571427,0.0,3,14,500,0.55,246,exact_bonferroni,0.000895099998160731,1.0
1.0,0.0,0.0,0,14,500,0.55,246,hoeffding,0.0002888999952119775,1.0
1.0,0.21428571428571427,0.0,3,14,500,0.55,246,holm,0.0004822000046260655,
1.0,0.2857142857142857,0.0,4,14,500,0.55,247,pointwise,0.0006003999951644801,1.0
1.0,0.07142857142857142,0.0,1,14,500,0.55,247,normal_bonferroni,0.0005415000050561503,1.0
1.0,0.07142857142857142,0.0,1,14,500,0.55,247,multiplier,0.003961700000218116,1.0
1.0,0.07142857142857142,0.0,1,14,500,0.55,247,exact_bonferroni,0.0009625000020605512,1.0
1.0,0.0,0.0,0,14,500,0.55,247,hoeffding,0.00026760000037029386,1.0
1.0,0.07142857142857142,0.0,1,14,500,0.55,247,holm,0.0004976999989594333,
1.0,0.5,0.0,7,14,500,0.55,248,pointwise,0.0005611000015051104,0.0
1.0,0.14285714285714285,0.0,2,14,500,0.55,248,normal_bonferroni,0.0005147000047145411,1.0
1.0,0.14285714285714285,0.0,2,14,500,0.55,248,multiplier,0.003422499998123385,1.0
1.0,0.14285714285714285,0.0,2,14,500,0.55,248,exact_bonferroni,0.0007963999960338697,1.0
1.0,0.07142857142857142,0.0,1,14,500,0.55,248,hoeffding,0.00026059999800054356,1.0
1.0,0.14285714285714285,0.0,2,14,500,0.55,248,holm,0.00042919999395962805,
1.0,0.2857142857142857,0.0,4,14,500,0.55,249,pointwise,0.0005441000030259602,1.0
1.0,0.0,0.0,0,14,500,0.55,249,normal_bonferroni,0.000491600003442727,1.0
1.0,0.07142857142857142,0.0,1,14,500,0.55,249,multiplier,0.0026676999987103045,1.0
1.0,0.0,0.0,0,14,500,0.55,249,exact_bonferroni,0.0007946999976411462,1.0
1.0,0.0,0.0,0,14,500,0.55,249,hoeffding,0.0002562000008765608,1.0
1.0,0.0,0.0,0,14,500,0.55,249,holm,0.00047479999921051785,
1.0,0.42857142857142855,0.0,6,14,500,0.55,250,pointwise,0.0005362000010791235,0.0
1.0,0.14285714285714285,0.0,2,14,500,0.55,250,normal_bonferroni,0.0005088000034447759,1.0
1.0,0.14285714285714285,0.0,2,14,500,0.55,250,multiplier,0.0028935000009369105,1.0
1.0,0.07142857142857142,0.0,1,14,500,0.55,250,exact_bonferroni,0.0008419000005233102,1.0
1.0,0.0,0.0,0,14,500,0.55,250,hoeffding,0.0002447000006213784,1.0
1.0,0.07142857142857142,0.0,1,14,500,0.55,250,holm,0.00043279999954393134,
1.0,0.2857142857142857,0.0,4,14,500,0.55,251,pointwise,0.0005464000059873797,1.0
1.0,0.07142857142857142,0.0,1,14,500,0.55,251,normal_bonferroni,0.0005851999958395027,1.0
1.0,0.07142857142857142,0.0,1,14,500,0.55,251,multiplier,0.0031163000021479093,1.0
1.0,0.07142857142857142,0.0,1,14,500,0.55,251,exact_bonferroni,0.0008383000022149645,1.0
1.0,0.0,0.0,0,14,500,0.55,251,hoeffding,0.00025610000011511147,1.0
1.0,0.07142857142857142,0.0,1,14,500,0.55,251,holm,0.0004654000003938563,
1.0,0.21428571428571427,0.0,3,14,500,0.55,252,pointwise,0.0005299000040395185,1.0
1.0,0.07142857142857142,0.0,1,14,500,0.55,252,normal_bonferroni,0.0005205999987083487,1.0
1.0,0.07142857142857142,0.0,1,14,500,0.55,252,multiplier,0.0027556999993976206,1.0
1.0,0.07142857142857142,0.0,1,14,500,0.55,252,exact_bonferroni,0.0007489999989047647,1.0
1.0,0.0,0.0,0,14,500,0.55,252,hoeffding,0.000221800000872463,1.0
1.0,0.07142857142857142,0.0,1,14,500,0.55,252,holm,0.00037119999615242705,
1.0,0.21428571428571427,0.0,3,14,500,0.55,253,pointwise,0.00042209999810438603,1.0
1.0,0.07142857142857142,0.0,1,14,500,0.55,253,normal_bonferroni,0.0004907999973511323,1.0
1.0,0.07142857142857142,0.0,1,14,500,0.55,253,multiplier,0.004825199997867458,1.0
1.0,0.07142857142857142,0.0,1,14,500,0.55,253,exact_bonferroni,0.0019533000013325363,1.0
1.0,0.0,0.0,0,14,500,0.55,253,hoeffding,0.0004558000000542961,1.0
1.0,0.07142857142857142,0.0,1,14,500,0.55,253,holm,0.0009539000020595267,
1.0,0.5714285714285714,0.0,8,14,500,0.55,254,pointwise,0.0005937999958405271,0.0
1.0,0.14285714285714285,0.0,2,14,500,0.55,254,normal_bonferroni,0.0007445000010193326,1.0
1.0,0.14285714285714285,0.0,2,14,500,0.55,254,multiplier,0.0046278000008896925,1.0
1.0,0.14285714285714285,0.0,2,14,500,0.55,254,exact_bonferroni,0.0011819999999715947,1.0
1.0,0.0,0.0,0,14,500,0.55,254,hoeffding,0.0003488000002107583,1.0
1.0,0.14285714285714285,0.0,2,14,500,0.55,254,holm,0.0007399000023724511,
1.0,0.21428571428571427,0.0,3,14,500,0.55,255,pointwise,0.0008416000055149198,1.0
1.0,0.07142857142857142,0.0,1,14,500,0.55,255,normal_bonferroni,0.0009552999981679022,1.0
1.0,0.07142857142857142,0.0,1,14,500,0.55,255,multiplier,0.005592800000158604,1.0
1.0,0.07142857142857142,0.0,1,14,500,0.55,255,exact_bonferroni,0.0025814999971771613,1.0
1.0,0.0,0.0,0,14,500,0.55,255,hoeffding,0.0006384000007528812,1.0
1.0,0.07142857142857142,0.0,1,14,500,0.55,255,holm,0.0009682000018074177,
1.0,0.21428571428571427,0.0,3,14,500,0.55,256,pointwise,0.001083000002836343,1.0
1.0,0.0,0.0,0,14,500,0.55,256,normal_bonferroni,0.0011933999994653277,1.0
1.0,0.07142857142857142,0.0,1,14,500,0.55,256,multiplier,0.005363300006138161,1.0
1.0,0.0,0.0,0,14,500,0.55,256,exact_bonferroni,0.0012454999960027635,1.0
1.0,0.0,0.0,0,14,500,0.55,256,hoeffding,0.00037030000385129824,1.0
1.0,0.0,0.0,0,14,500,0.55,256,holm,0.0007801999963703565,
1.0,0.2857142857142857,0.0,4,14,500,0.55,257,pointwise,0.0008665999994263984,1.0
1.0,0.21428571428571427,0.0,3,14,500,0.55,257,normal_bonferroni,0.000843699999677483,1.0
1.0,0.21428571428571427,0.0,3,14,500,0.55,257,multiplier,0.0036997999995946884,1.0
1.0,0.21428571428571427,0.0,3,14,500,0.55,257,exact_bonferroni,0.0010378000006312504,1.0
1.0,0.0,0.0,0,14,500,0.55,257,hoeffding,0.00033320000511594117,1.0
1.0,0.21428571428571427,0.0,3,14,500,0.55,257,holm,0.0006132999988039955,
1.0,0.7142857142857143,0.0,10,14,500,0.55,258,pointwise,0.0006926000060047954,0.0
1.0,0.21428571428571427,0.0,3,14,500,0.55,258,normal_bonferroni,0.000705400001606904,1.0
1.0,0.21428571428571427,0.0,3,14,500,0.55,258,multiplier,0.0038319999948726036,1.0
1.0,0.14285714285714285,0.0,2,14,500,0.55,258,exact_bonferroni,0.001132100005634129,1.0
1.0,0.0,0.0,0,14,500,0.55,258,hoeffding,0.0004045000023324974,1.0
1.0,0.14285714285714285,0.0,2,14,500,0.55,258,holm,0.0006174000009195879,
1.0,0.14285714285714285,0.0,2,14,500,0.55,259,pointwise,0.0007225000008475035,1.0
1.0,0.0,0.0,0,14,500,0.55,259,normal_bonferroni,0.00038520000089192763,1.0
1.0,0.0,0.0,0,14,500,0.55,259,multiplier,0.0030493000012938865,1.0
1.0,0.0,0.0,0,14,500,0.55,259,exact_bonferroni,0.000992900000710506,1.0
1.0,0.0,0.0,0,14,500,0.55,259,hoeffding,0.00031799999851500615,1.0
1.0,0.0,0.0,0,14,500,0.55,259,holm,0.0006120000034570694,
1.0,0.2857142857142857,0.0,4,14,500,0.55,260,pointwise,0.0006643000015174039,1.0
1.0,0.0,0.0,0,14,500,0.55,260,normal_bonferroni,0.0006114999996498227,1.0
1.0,0.0,0.0,0,14,500,0.55,260,multiplier,0.0034031999966828153,1.0
1.0,0.0,0.0,0,14,500,0.55,260,exact_bonferroni,0.001155900004960131,1.0
1.0,0.0,0.0,0,14,500,0.55,260,hoeffding,0.00030440000409726053,1.0
1.0,0.0,0.0,0,14,500,0.55,260,holm,0.0005640000017592683,
1.0,0.2857142857142857,0.0,4,14,500,0.55,261,pointwise,0.0006338000021059997,0.0
1.0,0.07142857142857142,0.0,1,14,500,0.55,261,normal_bonferroni,0.0005913999993936159,1.0
1.0,0.07142857142857142,0.0,1,14,500,0.55,261,multiplier,0.0033665999944787472,1.0
1.0,0.07142857142857142,0.0,1,14,500,0.55,261,exact_bonferroni,0.0010250999985146336,1.0
1.0,0.0,0.0,0,14,500,0.55,261,hoeffding,0.00032160000409930944,1.0
1.0,0.07142857142857142,0.0,1,14,500,0.55,261,holm,0.0005833000031998381,
0.0,0.6428571428571429,0.1,10,14,500,0.55,262,pointwise,0.0004802999974344857,0.0
1.0,0.35714285714285715,0.0,5,14,500,0.55,262,normal_bonferroni,0.0005382999952416867,0.0
1.0,0.35714285714285715,0.0,5,14,500,0.55,262,multiplier,0.0035444999957690015,0.0
1.0,0.2857142857142857,0.0,4,14,500,0.55,262,exact_bonferroni,0.0011023000042769127,0.0
1.0,0.2857142857142857,0.0,4,14,500,0.55,262,hoeffding,0.00029159999394323677,1.0
1.0,0.35714285714285715,0.0,5,14,500,0.55,262,holm,0.0005538000041269697,
1.0,0.5714285714285714,0.0,8,14,500,0.55,263,pointwise,0.0006441000004997477,0.0
1.0,0.14285714285714285,0.0,2,14,500,0.55,263,normal_bonferroni,0.0006388999972841702,1.0
1.0,0.14285714285714285,0.0,2,14,500,0.55,263,multiplier,0.003352100000483915,1.0
1.0,0.14285714285714285,0.0,2,14,500,0.55,263,exact_bonferroni,0.000948900000366848,1.0
1.0,0.0,0.0,0,14,500,0.55,263,hoeffding,0.0002899000028264709,1.0
1.0,0.14285714285714285,0.0,2,14,500,0.55,263,holm,0.0005380000002332963,
1.0,0.21428571428571427,0.0,3,14,500,0.55,264,pointwise,0.000687899999320507,1.0
1.0,0.14285714285714285,0.0,2,14,500,0.55,264,normal_bonferroni,0.0006680999940726906,1.0
1.0,0.14285714285714285,0.0,2,14,500,0.55,264,multiplier,0.0035054999971180223,1.0
1.0,0.07142857142857142,0.0,1,14,500,0.55,264,exact_bonferroni,0.0009720000016386621,1.0
1.0,0.0,0.0,0,14,500,0.55,264,hoeffding,0.0002812000020639971,1.0
1.0,0.07142857142857142,0.0,1,14,500,0.55,264,holm,0.0005507999958354048,
1.0,0.42857142857142855,0.0,6,14,500,0.55,265,pointwise,0.0006714000046486035,0.0
1.0,0.07142857142857142,0.0,1,14,500,0.55,265,normal_bonferroni,0.0006184999947436154,1.0
1.0,0.07142857142857142,0.0,1,14,500,0.55,265,multiplier,0.0032385000013164245,1.0
1.0,0.07142857142857142,0.0,1,14,500,0.55,265,exact_bonferroni,0.0009149000034085475,1.0
1.0,0.07142857142857142,0.0,1,14,500,0.55,265,hoeffding,0.00028759999986505136,1.0
1.0,0.07142857142857142,0.0,1,14,500,0.55,265,holm,0.0005308999971020967,
1.0,0.5714285714285714,0.0,8,14,500,0.55,266,pointwise,0.0006050000010873191,0.0
1.0,0.21428571428571427,0.0,3,14,500,0.55,266,normal_bonferroni,0.0005479000028572045,1.0
1.0,0.21428571428571427,0.0,3,14,500,0.55,266,multiplier,0.0032246999980998226,1.0
1.0,0.14285714285714285,0.0,2,14,500,0.55,266,exact_bonferroni,0.00099709999631159,1.0
1.0,0.0,0.0,0,14,500,0.55,266,hoeffding,0.0002758000046014786,1.0
1.0,0.14285714285714285,0.0,2,14,500,0.55,266,holm,0.0005354999957489781,
1.0,0.21428571428571427,0.0,3,14,500,0.55,267,pointwise,0.0006208000049809925,1.0
1.0,0.14285714285714285,0.0,2,14,500,0.55,267,normal_bonferroni,0.0006203999946592376,1.0
1.0,0.14285714285714285,0.0,2,14,500,0.55,267,multiplier,0.003001000004587695,1.0
1.0,0.07142857142857142,0.0,1,14,500,0.55,267,exact_bonferroni,0.0009738000007928349,1.0
1.0,0.07142857142857142,0.0,1,14,500,0.55,267,hoeffding,0.00028780000138795003,1.0
1.0,0.07142857142857142,0.0,1,14,500,0.55,267,holm,0.0005258999954094179,
0.0,0.7142857142857143,0.16666666666666666,12,14,500,0.55,268,pointwise,0.0006492000029538758,0.0
1.0,0.5,0.0,7,14,500,0.55,268,normal_bonferroni,0.0006552000049850903,0.0
1.0,0.5,0.0,7,14,500,0.55,268,multiplier,0.0034122999932151288,0.0
1.0,0.42857142857142855,0.0,6,14,500,0.55,268,exact_bonferroni,0.0009114999993471429,0.0
1.0,0.2857142857142857,0.0,4,14,500,0.55,268,hoeffding,0.00028699999529635534,1.0
1.0,0.5,0.0,7,14,500,0.55,268,holm,0.0005712000056519173,
1.0,0.42857142857142855,0.0,6,14,500,0.55,269,pointwise,0.0005298999967635609,0.0
1.0,0.07142857142857142,0.0,1,14,500,0.55,269,normal_bonferroni,0.000626500004727859,1.0
1.0,0.07142857142857142,0.0,1,14,500,0.55,269,multiplier,0.0033288999984506518,1.0
1.0,0.07142857142857142,0.0,1,14,500,0.55,269,exact_bonferroni,0.0009174000006169081,1.0
1.0,0.07142857142857142,0.0,1,14,500,0.55,269,hoeffding,0.00029630000062752515,1.0
1.0,0.07142857142857142,0.0,1,14,500,0.55,269,holm,0.0005582000012509525,
1.0,0.42857142857142855,0.0,6,14,500,0.55,270,pointwise,0.0006636999969487078,0.0
1.0,0.14285714285714285,0.0,2,14,500,0.55,270,normal_bonferroni,0.0005936000015935861,1.0
1.0,0.14285714285714285,0.0,2,14,500,0.55,270,multiplier,0.003257500000472646,1.0
1.0,0.07142857142857142,0.0,1,14,500,0.55,270,exact_bonferroni,0.0009252000018022954,1.0
1.0,0.0,0.0,0,14,500,0.55,270,hoeffding,0.0003102999980910681,1.0
1.0,0.07142857142857142,0.0,1,14,500,0.55,270,holm,0.00046719999954802915,
1.0,0.42857142857142855,0.0,6,14,500,0.55,271,pointwise,0.0006708000000799075,1.0
1.0,0.21428571428571427,0.0,3,14,500,0.55,271,normal_bonferroni,0.000611600000411272,1.0
1.0,0.21428571428571427,0.0,3,14,500,0.55,271,multiplier,0.0031033999985083938,1.0
1.0,0.21428571428571427,0.0,3,14,500,0.55,271,exact_bonferroni,0.0008123000006889924,1.0
1.0,0.0,0.0,0,14,500,0.55,271,hoeffding,0.0002684999999473803,1.0
1.0,0.21428571428571427,0.0,3,14,500,0.55,271,holm,0.000571900003706105,
1.0,0.5,0.0,7,14,500,0.55,272,pointwise,0.0005584000027738512,0.0
1.0,0.2857142857142857,0.0,4,14,500,0.55,272,normal_bonferroni,0.0005614000037894584,1.0
1.0,0.2857142857142857,0.0,4,14,500,0.55,272,multiplier,0.002958999997645151,1.0
1.0,0.2857142857142857,0.0,4,14,500,0.55,272,exact_bonferroni,0.0008163999955286272,1.0
1.0,0.14285714285714285,0.0,2,14,500,0.55,272,hoeffding,0.0002796000044327229,1.0
1.0,0.2857142857142857,0.0,4,14,500,0.55,272,holm,0.00046719999954802915,
1.0,0.8571428571428571,0.0,12,14,500,0.55,273,pointwise,0.0005681999973603524,0.0
1.0,0.5,0.0,7,14,500,0.55,273,normal_bonferroni,0.0005305000013322569,0.0
1.0,0.5714285714285714,0.0,8,14,500,0.55,273,multiplier,0.002915700002631638,0.0
1.0,0.35714285714285715,0.0,5,14,500,0.55,273,exact_bonferroni,0.0007900999989942648,0.0
1.0,0.14285714285714285,0.0,2,14,500,0.55,273,hoeffding,0.00025070000265259296,1.0
1.0,0.5,0.0,7,14,500,0.55,273,holm,0.0004576999999699183,
1.0,0.5,0.0,7,14,500,0.55,274,pointwise,0.0005996000036248006,0.0
1.0,0.14285714285714285,0.0,2,14,500,0.55,274,normal_bonferroni,0.0005494999932125211,1.0
1.0,0.14285714285714285,0.0,2,14,500,0.55,274,multiplier,0.0028909000029671006,1.0
1.0,0.14285714285714285,0.0,2,14,500,0.55,274,exact_bonferroni,0.0008312999998452142,1.0
1.0,0.0,0.0,0,14,500,0.55,274,hoeffding,0.0002569999996921979,1.0
1.0,0.14285714285714285,0.0,2,14,500,0.55,274,holm,0.00046550000115530565,
1.0,0.6428571428571429,0.0,9,14,500,0.55,275,pointwise,0.00054929999896558,0.0
1.0,0.14285714285714285,0.0,2,14,500,0.55,275,normal_bonferroni,0.0005246000000624917,1.0
1.0,0.21428571428571427,0.0,3,14,500,0.55,275,multiplier,0.0028882000042358413,1.0
1.0,0.0,0.0,0,14,500,0.55,275,exact_bonferroni,0.0007659999973839149,1.0
1.0,0.0,0.0,0,14,500,0.55,275,hoeffding,0.00024980000307550654,1.0
1.0,0.0,0.0,0,14,500,0.55,275,holm,0.0004442999997991137,
1.0,0.07142857142857142,0.0,1,14,500,0.55,276,pointwise,0.0006103999985498376,1.0
1.0,0.0,0.0,0,14,500,0.55,276,normal_bonferroni,0.0005369999998947605,1.0
1.0,0.0,0.0,0,14,500,0.55,276,multiplier,0.0018398999964119866,1.0
1.0,0.0,0.0,0,14,500,0.55,276,exact_bonferroni,0.0007026000021141954,1.0
1.0,0.0,0.0,0,14,500,0.55,276,hoeffding,0.00023239999427460134,1.0
1.0,0.0,0.0,0,14,500,0.55,276,holm,0.00046920000022510067,
1.0,0.42857142857142855,0.0,6,14,500,0.55,277,pointwise,0.0005466000002343208,0.0
1.0,0.21428571428571427,0.0,3,14,500,0.55,277,normal_bonferroni,0.0005266000007395633,1.0
1.0,0.21428571428571427,0.0,3,14,500,0.55,277,multiplier,0.002730100000917446,1.0
1.0,0.21428571428571427,0.0,3,14,500,0.55,277,exact_bonferroni,0.0007893000001786277,1.0
1.0,0.0,0.0,0,14,500,0.55,277,hoeffding,0.0002600999941932969,1.0
1.0,0.21428571428571427,0.0,3,14,500,0.55,277,holm,0.0004743999961647205,
1.0,0.42857142857142855,0.0,6,14,500,0.55,278,pointwise,0.0005240999962552451,0.0
1.0,0.21428571428571427,0.0,3,14,500,0.55,278,normal_bonferroni,0.0005302000063238665,1.0
1.0,0.2857142857142857,0.0,4,14,500,0.55,278,multiplier,0.0027372999975341372,1.0
1.0,0.21428571428571427,0.0,3,14,500,0.55,278,exact_bonferroni,0.0007412000049953349,1.0
1.0,0.0,0.0,0,14,500,0.55,278,hoeffding,0.0002082999999402091,1.0
1.0,0.21428571428571427,0.0,3,14,500,0.55,278,holm,0.00046320000546984375,
1.0,0.5714285714285714,0.0,8,14,500,0.55,279,pointwise,0.0005812000017613173,0.0
1.0,0.21428571428571427,0.0,3,14,500,0.55,279,normal_bonferroni,0.0005278999960864894,1.0
1.0,0.21428571428571427,0.0,3,14,500,0.55,279,multiplier,0.0028762000001734123,1.0
1.0,0.14285714285714285,0.0,2,14,500,0.55,279,exact_bonferroni,0.0008059000028879382,1.0
1.0,0.0,0.0,0,14,500,0.55,279,hoeffding,0.00024080000002868474,1.0
1.0,0.14285714285714285,0.0,2,14,500,0.55,279,holm,0.0004354999982751906,
0.0,0.5,0.125,8,14,500,0.55,280,pointwise,0.0005502999993041158,0.0
1.0,0.2857142857142857,0.0,4,14,500,0.55,280,normal_bonferroni,0.0005001999961677939,1.0
1.0,0.2857142857142857,0.0,4,14,500,0.55,280,multiplier,0.0028466000003390945,1.0
1.0,0.14285714285714285,0.0,2,14,500,0.55,280,exact_bonferroni,0.0008344000016222708,1.0
1.0,0.0,0.0,0,14,500,0.55,280,hoeffding,0.0004042000000481494,1.0
1.0,0.14285714285714285,0.0,2,14,500,0.55,280,holm,0.0005400000009103678,
1.0,0.0,0.0,0,14,500,0.55,281,pointwise,0.0006355000004987232,1.0
1.0,0.0,0.0,0,14,500,0.55,281,normal_bonferroni,0.0004698000047937967,1.0
1.0,0.0,0.0,0,14,500,0.55,281,multiplier,0.0030743999959668145,1.0
1.0,0.0,0.0,0,14,500,0.55,281,exact_bonferroni,0.0008414999974775128,1.0
1.0,0.0,0.0,0,14,500,0.55,281,hoeffding,0.0002668000015546568,1.0
1.0,0.0,0.0,0,14,500,0.55,281,holm,0.0004868000032729469,
1.0,0.21428571428571427,0.0,3,14,500,0.55,282,pointwise,0.0005491999982041307,1.0
1.0,0.0,0.0,0,14,500,0.55,282,normal_bonferroni,0.0005516000019269995,1.0
1.0,0.0,0.0,0,14,500,0.55,282,multiplier,0.0029037999993306585,1.0
1.0,0.0,0.0,0,14,500,0.55,282,exact_bonferroni,0.0007881999990786426,1.0
1.0,0.0,0.0,0,14,500,0.55,282,hoeffding,0.0002781000002869405,1.0
1.0,0.0,0.0,0,14,500,0.55,282,holm,0.0004743999961647205,
1.0,0.2857142857142857,0.0,4,14,500,0.55,283,pointwise,0.0005798999991384335,1.0
1.0,0.14285714285714285,0.0,2,14,500,0.55,283,normal_bonferroni,0.0005287000021780841,1.0
1.0,0.14285714285714285,0.0,2,14,500,0.55,283,multiplier,0.0025430000023334287,1.0
1.0,0.07142857142857142,0.0,1,14,500,0.55,283,exact_bonferroni,0.0008467000006930903,1.0
1.0,0.0,0.0,0,14,500,0.55,283,hoeffding,0.0002784999960567802,1.0
1.0,0.07142857142857142,0.0,1,14,500,0.55,283,holm,0.0005356999972718768,
1.0,0.42857142857142855,0.0,6,14,500,0.55,284,pointwise,0.0006097000004956499,1.0
1.0,0.07142857142857142,0.0,1,14,500,0.55,284,normal_bonferroni,0.0006205999961821362,1.0
1.0,0.07142857142857142,0.0,1,14,500,0.55,284,multiplier,0.0031142000007093884,1.0
1.0,0.07142857142857142,0.0,1,14,500,0.55,284,exact_bonferroni,0.0008158999989973381,1.0
1.0,0.0,0.0,0,14,500,0.55,284,hoeffding,0.0002550999997765757,1.0
1.0,0.07142857142857142,0.0,1,14,500,0.55,284,holm,0.0004950999937136658,
1.0,0.21428571428571427,0.0,3,14,500,0.55,285,pointwise,0.0009176000021398067,1.0
1.0,0.14285714285714285,0.0,2,14,500,0.55,285,normal_bonferroni,0.000712499997462146,1.0
1.0,0.14285714285714285,0.0,2,14,500,0.55,285,multiplier,0.0026800999985425733,1.0
1.0,0.07142857142857142,0.0,1,14,500,0.55,285,exact_bonferroni,0.0009178000036627054,1.0
1.0,0.07142857142857142,0.0,1,14,500,0.55,285,hoeffding,0.0002992000008816831,1.0
1.0,0.07142857142857142,0.0,1,14,500,0.55,285,holm,0.0004828000019188039,
1.0,0.8571428571428571,0.0,12,14,500,0.55,286,pointwise,0.0004687999971793033,0.0
1.0,0.5,0.0,7,14,500,0.55,286,normal_bonferroni,0.00046920000022510067,0.0
1.0,0.5,0.0,7,14,500,0.55,286,multiplier,0.003017200004251208,0.0
1.0,0.42857142857142855,0.0,6,14,500,0.55,286,exact_bonferroni,0.0008240000024670735,0.0
1.0,0.2857142857142857,0.0,4,14,500,0.55,286,hoeffding,0.0002539999986765906,1.0
1.0,0.42857142857142855,0.0,6,14,500,0.55,286,holm,0.0005021000033593737,
1.0,0.21428571428571427,0.0,3,14,500,0.55,287,pointwise,0.000559599997359328,1.0
1.0,0.14285714285714285,0.0,2,14,500,0.55,287,normal_bonferroni,0.0005097000030218624,1.0
1.0,0.14285714285714285,0.0,2,14,500,0.55,287,multiplier,0.002878699997381773,1.0
1.0,0.14285714285714285,0.0,2,14,500,0.55,287,exact_bonferroni,0.0008300999979837798,1.0
1.0,0.0,0.0,0,14,500,0.55,287,hoeffding,0.0002610000010463409,1.0
1.0,0.14285714285714285,0.0,2,14,500,0.55,287,holm,0.0004976999989594333,
1.0,0.35714285714285715,0.0,5,14,500,0.55,288,pointwise,0.0003432000012253411,0.0
1.0,0.14285714285714285,0.0,2,14,500,0.55,288,normal_bonferroni,0.0005406999989645556,1.0
1.0,0.14285714285714285,0.0,2,14,500,0.55,288,multiplier,0.0030951000007917173,1.0
1.0,0.14285714285714285,0.0,2,14,500,0.55,288,exact_bonferroni,0.0008116000026348047,1.0
1.0,0.07142857142857142,0.0,1,14,500,0.55,288,hoeffding,0.0002868000010494143,1.0
1.0,0.14285714285714285,0.0,2,14,500,0.55,288,holm,0.0004735000038635917,
1.0,0.7142857142857143,0.0,10,14,500,0.55,289,pointwise,0.0007589000015286729,0.0
1.0,0.21428571428571427,0.0,3,14,500,0.55,289,normal_bonferroni,0.0005743000001530163,1.0
1.0,0.21428571428571427,0.0,3,14,500,0.55,289,multiplier,0.0035927999997511506,1.0
1.0,0.21428571428571427,0.0,3,14,500,0.55,289,exact_bonferroni,0.0011895999996340834,1.0
1.0,0.14285714285714285,0.0,2,14,500,0.55,289,hoeffding,0.00027579999732552096,1.0
1.0,0.21428571428571427,0.0,3,14,500,0.55,289,holm,0.0005275999938021414,
1.0,0.14285714285714285,0.0,2,14,500,0.55,290,pointwise,0.0005987999975332059,1.0
1.0,0.0,0.0,0,14,500,0.55,290,normal_bonferroni,0.0005371000006562099,1.0
1.0,0.0,0.0,0,14,500,0.55,290,multiplier,0.0030177000007824972,1.0
1.0,0.0,0.0,0,14,500,0.55,290,exact_bonferroni,0.0008245999997598119,1.0
1.0,0.0,0.0,0,14,500,0.55,290,hoeffding,0.00025069999537663534,1.0
1.0,0.0,0.0,0,14,500,0.55,290,holm,0.000436399997852277,
1.0,0.35714285714285715,0.0,5,14,500,0.55,291,pointwise,0.0005405999982031062,0.0
1.0,0.21428571428571427,0.0,3,14,500,0.55,291,normal_bonferroni,0.0005078999965917319,1.0
1.0,0.21428571428571427,0.0,3,14,500,0.55,291,multiplier,0.0033374999984516762,1.0
1.0,0.21428571428571427,0.0,3,14,500,0.55,291,exact_bonferroni,0.0009140999973169528,1.0
1.0,0.07142857142857142,0.0,1,14,500,0.55,291,hoeffding,0.0002997999981744215,1.0
1.0,0.21428571428571427,0.0,3,14,500,0.55,291,holm,0.0004896000027656555,
1.0,0.42857142857142855,0.0,6,14,500,0.55,292,pointwise,0.0005750000054831617,0.0
1.0,0.14285714285714285,0.0,2,14,500,0.55,292,normal_bonferroni,0.0005357000045478344,1.0
1.0,0.14285714285714285,0.0,2,14,500,0.55,292,multiplier,0.0029790999979013577,1.0
1.0,0.14285714285714285,0.0,2,14,500,0.55,292,exact_bonferroni,0.0008032999976421706,1.0
1.0,0.0,0.0,0,14,500,0.55,292,hoeffding,0.00025150000146823004,1.0
1.0,0.14285714285714285,0.0,2,14,500,0.55,292,holm,0.00045820000377716497,
1.0,0.5,0.0,7,14,500,0.55,293,pointwise,0.0005418000000645407,1.0
1.0,0.14285714285714285,0.0,2,14,500,0.55,293,normal_bonferroni,0.0005681999973603524,1.0
1.0,0.21428571428571427,0.0,3,14,500,0.55,293,multiplier,0.002892600001359824,1.0
1.0,0.07142857142857142,0.0,1,14,500,0.55,293,exact_bonferroni,0.0008826999983284622,1.0
1.0,0.0,0.0,0,14,500,0.55,293,hoeffding,0.0002671999973244965,1.0
1.0,0.07142857142857142,0.0,1,14,500,0.55,293,holm,0.00047700000141048804,
1.0,0.5,0.0,7,14,500,0.55,294,pointwise,0.0005976000029477291,0.0
1.0,0.2857142857142857,0.0,4,14,500,0.55,294,normal_bonferroni,0.0005653999978676438,1.0
1.0,0.2857142857142857,0.0,4,14,500,0.55,294,multiplier,0.003074599997489713,1.0
1.0,0.2857142857142857,0.0,4,14,500,0.55,294,exact_bonferroni,0.0008218000002671033,1.0
1.0,0.0,0.0,0,14,500,0.55,294,hoeffding,0.0002555999963078648,1.0
1.0,0.2857142857142857,0.0,4,14,500,0.55,294,holm,0.0004988999935449101,
0.0,0.42857142857142855,0.14285714285714285,7,14,500,0.55,295,pointwise,0.0006008999989717267,0.0
1.0,0.07142857142857142,0.0,1,14,500,0.55,295,normal_bonferroni,0.0005354000022634864,1.0
1.0,0.07142857142857142,0.0,1,14,500,0.55,295,multiplier,0.0028954000008525327,1.0
1.0,0.07142857142857142,0.0,1,14,500,0.55,295,exact_bonferroni,0.0008185000042431056,1.0
1.0,0.07142857142857142,0.0,1,14,500,0.55,295,hoeffding,0.0002632999967318028,1.0
1.0,0.07142857142857142,0.0,1,14,500,0.55,295,holm,0.0005268000022624619,
1.0,0.7857142857142857,0.0,11,14,500,0.55,296,pointwise,0.0006214999957592227,0.0
1.0,0.42857142857142855,0.0,6,14,500,0.55,296,normal_bonferroni,0.0005652000036207028,0.0
1.0,0.42857142857142855,0.0,6,14,500,0.55,296,multiplier,0.002965599996969104,0.0
1.0,0.42857142857142855,0.0,6,14,500,0.55,296,exact_bonferroni,0.0007874000002630055,0.0
1.0,0.21428571428571427,0.0,3,14,500,0.55,296,hoeffding,0.00027290000434732065,1.0
1.0,0.42857142857142855,0.0,6,14,500,0.55,296,holm,0.0004693999944720417,
1.0,0.35714285714285715,0.0,5,14,500,0.55,297,pointwise,0.0007191000040620565,0.0
1.0,0.21428571428571427,0.0,3,14,500,0.55,297,normal_bonferroni,0.000593299999309238,1.0
1.0,0.21428571428571427,0.0,3,14,500,0.55,297,multiplier,0.002922699997725431,1.0
1.0,0.14285714285714285,0.0,2,14,500,0.55,297,exact_bonferroni,0.0007986999989952892,1.0
1.0,0.07142857142857142,0.0,1,14,500,0.55,297,hoeffding,0.00024620000476716086,1.0
1.0,0.14285714285714285,0.0,2,14,500,0.55,297,holm,0.0004416999945533462,
1.0,0.14285714285714285,0.0,2,14,500,0.55,298,pointwise,0.0006264000039664097,1.0
1.0,0.07142857142857142,0.0,1,14,500,0.55,298,normal_bonferroni,0.0005554000017582439,1.0
1.0,0.07142857142857142,0.0,1,14,500,0.55,298,multiplier,0.003089199999521952,1.0
1.0,0.07142857142857142,0.0,1,14,500,0.55,298,exact_bonferroni,0.0012993999989703298,1.0
1.0,0.0,0.0,0,14,500,0.55,298,hoeffding,0.0003104999996139668,1.0
1.0,0.07142857142857142,0.0,1,14,500,0.55,298,holm,0.0005534999945666641,
1.0,0.35714285714285715,0.0,5,14,500,0.55,299,pointwise,0.0006982999984757043,1.0
1.0,0.14285714285714285,0.0,2,14,500,0.55,299,normal_bonferroni,0.0006089999951655045,1.0
1.0,0.14285714285714285,0.0,2,14,500,0.55,299,multiplier,0.0033356999992975034,1.0
1.0,0.14285714285714285,0.0,2,14,500,0.55,299,exact_bonferroni,0.000970599998254329,1.0
1.0,0.0,0.0,0,14,500,0.55,299,hoeffding,0.00031060000037541613,1.0
1.0,0.14285714285714285,0.0,2,14,500,0.55,299,holm,0.0005927999955019914,
1.0,0.42857142857142855,0.0,6,14,1000,0.55,0,pointwise,0.0008810999934212305,1.0
1.0,0.14285714285714285,0.0,2,14,1000,0.55,0,normal_bonferroni,0.0008098000034806319,1.0
1.0,0.14285714285714285,0.0,2,14,1000,0.55,0,multiplier,0.004396700001962017,1.0
1.0,0.14285714285714285,0.0,2,14,1000,0.55,0,exact_bonferroni,0.001272399997105822,1.0
1.0,0.07142857142857142,0.0,1,14,1000,0.55,0,hoeffding,0.00040699999954085797,1.0
1.0,0.14285714285714285,0.0,2,14,1000,0.55,0,holm,0.0006410999994841404,
1.0,0.5,0.0,7,14,1000,0.55,1,pointwise,0.000756800000090152,0.0
1.0,0.14285714285714285,0.0,2,14,1000,0.55,1,normal_bonferroni,0.0007258999976329505,1.0
1.0,0.14285714285714285,0.0,2,14,1000,0.55,1,multiplier,0.0044210999985807575,1.0
1.0,0.14285714285714285,0.0,2,14,1000,0.55,1,exact_bonferroni,0.0015069000000949018,1.0
1.0,0.0,0.0,0,14,1000,0.55,1,hoeffding,0.0005038000017520972,1.0
1.0,0.14285714285714285,0.0,2,14,1000,0.55,1,holm,0.0006837999972049147,
1.0,0.5,0.0,7,14,1000,0.55,2,pointwise,0.000893999997060746,0.0
1.0,0.21428571428571427,0.0,3,14,1000,0.55,2,normal_bonferroni,0.0007928999984869733,1.0
1.0,0.21428571428571427,0.0,3,14,1000,0.55,2,multiplier,0.004251699996530078,1.0
1.0,0.21428571428571427,0.0,3,14,1000,0.55,2,exact_bonferroni,0.0013044000006630085,1.0
1.0,0.07142857142857142,0.0,1,14,1000,0.55,2,hoeffding,0.0004415000003064051,1.0
1.0,0.21428571428571427,0.0,3,14,1000,0.55,2,holm,0.0006599999978789128,
1.0,0.5714285714285714,0.0,8,14,1000,0.55,3,pointwise,0.0009448000055272132,0.0
1.0,0.35714285714285715,0.0,5,14,1000,0.55,3,normal_bonferroni,0.0008719000034034252,1.0
1.0,0.35714285714285715,0.0,5,14,1000,0.55,3,multiplier,0.004632900003343821,1.0
1.0,0.35714285714285715,0.0,5,14,1000,0.55,3,exact_bonferroni,0.0013939999989815988,1.0
1.0,0.07142857142857142,0.0,1,14,1000,0.55,3,hoeffding,0.0004594999991240911,1.0
1.0,0.35714285714285715,0.0,5,14,1000,0.55,3,holm,0.0007056000031298026,
1.0,0.5,0.0,7,14,1000,0.55,4,pointwise,0.0009314999988419004,1.0
1.0,0.35714285714285715,0.0,5,14,1000,0.55,4,normal_bonferroni,0.001314100001764018,1.0
1.0,0.35714285714285715,0.0,5,14,1000,0.55,4,multiplier,0.0032949000014923513,1.0
1.0,0.2857142857142857,0.0,4,14,1000,0.55,4,exact_bonferroni,0.0013365999984671362,1.0
1.0,0.0,0.0,0,14,1000,0.55,4,hoeffding,0.00045870000030845404,1.0
1.0,0.35714285714285715,0.0,5,14,1000,0.55,4,holm,0.0006572000056621619,
1.0,0.5,0.0,7,14,1000,0.55,5,pointwise,0.0013469999976223335,0.0
1.0,0.2857142857142857,0.0,4,14,1000,0.55,5,normal_bonferroni,0.0007203999994089827,1.0
1.0,0.2857142857142857,0.0,4,14,1000,0.55,5,multiplier,0.00382069999614032,1.0
1.0,0.2857142857142857,0.0,4,14,1000,0.55,5,exact_bonferroni,0.0012271000014152378,1.0
1.0,0.07142857142857142,0.0,1,14,1000,0.55,5,hoeffding,0.0005585000035353005,1.0
1.0,0.2857142857142857,0.0,4,14,1000,0.55,5,holm,0.0006362999993143603,
1.0,0.5,0.0,7,14,1000,0.55,6,pointwise,0.0007054999950923957,0.0
1.0,0.35714285714285715,0.0,5,14,1000,0.55,6,normal_bonferroni,0.0006864000024506822,1.0
1.0,0.35714285714285715,0.0,5,14,1000,0.55,6,multiplier,0.0036734000022988766,1.0
1.0,0.35714285714285715,0.0,5,14,1000,0.55,6,exact_bonferroni,0.0010535000037634745,1.0
1.0,0.21428571428571427,0.0,3,14,1000,0.55,6,hoeffding,0.0003780000042752363,1.0
1.0,0.35714285714285715,0.0,5,14,1000,0.55,6,holm,0.0005593999958364293,
1.0,0.5,0.0,7,14,1000,0.55,7,pointwise,0.0007549999936600216,1.0
1.0,0.2857142857142857,0.0,4,14,1000,0.55,7,normal_bonferroni,0.0006510000021080486,1.0
1.0,0.2857142857142857,0.0,4,14,1000,0.55,7,multiplier,0.0034630000009201467,1.0
1.0,0.21428571428571427,0.0,3,14,1000,0.55,7,exact_bonferroni,0.0009633000008761883,1.0
1.0,0.14285714285714285,0.0,2,14,1000,0.55,7,hoeffding,0.0003521000035107136,1.0
1.0,0.21428571428571427,0.0,3,14,1000,0.55,7,holm,0.0005558000048040412,
1.0,0.7142857142857143,0.0,10,14,1000,0.55,8,pointwise,0.0006913999968674034,0.0
1.0,0.2857142857142857,0.0,4,14,1000,0.55,8,normal_bonferroni,0.0006489000006695278,1.0
1.0,0.35714285714285715,0.0,5,14,1000,0.55,8,multiplier,0.003401100002520252,1.0
1.0,0.2857142857142857,0.0,4,14,1000,0.55,8,exact_bonferroni,0.0009616999959689565,1.0
1.0,0.21428571428571427,0.0,3,14,1000,0.55,8,hoeffding,0.00033879999682540074,1.0
1.0,0.2857142857142857,0.0,4,14,1000,0.55,8,holm,0.0004888999974355102,
1.0,0.5,0.0,7,14,1000,0.55,9,pointwise,0.0006536000000778586,0.0
1.0,0.14285714285714285,0.0,2,14,1000,0.55,9,normal_bonferroni,0.000611600000411272,1.0
1.0,0.14285714285714285,0.0,2,14,1000,0.55,9,multiplier,0.0035858999981428497,1.0
1.0,0.14285714285714285,0.0,2,14,1000,0.55,9,exact_bonferroni,0.0009279000005335547,1.0
1.0,0.07142857142857142,0.0,1,14,1000,0.55,9,hoeffding,0.0003735999998752959,1.0
1.0,0.14285714285714285,0.0,2,14,1000,0.55,9,holm,0.0005737000028602779,
1.0,0.21428571428571427,0.0,3,14,1000,0.55,10,pointwise,0.000690799999574665,1.0
1.0,0.07142857142857142,0.0,1,14,1000,0.55,10,normal_bonferroni,0.0006242999952519313,1.0
1.0,0.07142857142857142,0.0,1,14,1000,0.55,10,multiplier,0.003344600001582876,1.0
1.0,0.07142857142857142,0.0,1,14,1000,0.55,10,exact_bonferroni,0.001004300000204239,1.0
1.0,0.0,0.0,0,14,1000,0.55,10,hoeffding,0.0003364000003784895,1.0
1.0,0.07142857142857142,0.0,1,14,1000,0.55,10,holm,0.0004989000008208677,
1.0,0.35714285714285715,0.0,5,14,1000,0.55,11,pointwise,0.0005352000007405877,1.0
1.0,0.21428571428571427,0.0,3,14,1000,0.55,11,normal_bonferroni,0.0004821999973501079,1.0
1.0,0.21428571428571427,0.0,3,14,1000,0.55,11,multiplier,0.0035200999991502613,1.0
1.0,0.21428571428571427,0.0,3,14,1000,0.55,11,exact_bonferroni,0.0009921999953803606,1.0
1.0,0.14285714285714285,0.0,2,14,1000,0.55,11,hoeffding,0.0003863000019919127,1.0
1.0,0.21428571428571427,0.0,3,14,1000,0.55,11,holm,0.0005201999956625514,
1.0,0.7857142857142857,0.0,11,14,1000,0.55,12,pointwise,0.0006530999962706119,0.0
1.0,0.35714285714285715,0.0,5,14,1000,0.55,12,normal_bonferroni,0.0006130000037956052,1.0
1.0,0.35714285714285715,0.0,5,14,1000,0.55,12,multiplier,0.003223499996238388,1.0
1.0,0.35714285714285715,0.0,5,14,1000,0.55,12,exact_bonferroni,0.000977199997578282,1.0
1.0,0.21428571428571427,0.0,3,14,1000,0.55,12,hoeffding,0.0003253999966545962,1.0
1.0,0.35714285714285715,0.0,5,14,1000,0.55,12,holm,0.00048499999684281647,
1.0,0.42857142857142855,0.0,6,14,1000,0.55,13,pointwise,0.0007257000033860095,1.0
1.0,0.21428571428571427,0.0,3,14,1000,0.55,13,normal_bonferroni,0.0008355000027222559,1.0
1.0,0.21428571428571427,0.0,3,14,1000,0.55,13,multiplier,0.0036199999958625995,1.0
1.0,0.21428571428571427,0.0,3,14,1000,0.55,13,exact_bonferroni,0.0010836000001290813,1.0
1.0,0.14285714285714285,0.0,2,14,1000,0.55,13,hoeffding,0.0003755000070668757,1.0
1.0,0.21428571428571427,0.0,3,14,1000,0.55,13,holm,0.0005615999980363995,
0.0,0.7142857142857143,0.09090909090909091,11,14,1000,0.55,14,pointwise,0.0007866000014473684,0.0
1.0,0.5,0.0,7,14,1000,0.55,14,normal_bonferroni,0.0007209999967017211,0.0
1.0,0.5,0.0,7,14,1000,0.55,14,multiplier,0.003780699997150805,0.0
1.0,0.5,0.0,7,14,1000,0.55,14,exact_bonferroni,0.0011912000045413151,1.0
1.0,0.42857142857142855,0.0,6,14,1000,0.55,14,hoeffding,0.00041360000614076853,1.0
1.0,0.5,0.0,7,14,1000,0.55,14,holm,0.0006169000043882988,
1.0,0.42857142857142855,0.0,6,14,1000,0.55,15,pointwise,0.0008320999986608513,1.0
1.0,0.21428571428571427,0.0,3,14,1000,0.55,15,normal_bonferroni,0.0006901000015204772,1.0
1.0,0.21428571428571427,0.0,3,14,1000,0.55,15,multiplier,0.0036356999989948235,1.0
1.0,0.21428571428571427,0.0,3,14,1000,0.55,15,exact_bonferroni,0.000997399998595938,1.0
1.0,0.14285714285714285,0.0,2,14,1000,0.55,15,hoeffding,0.000378400000045076,1.0
1.0,0.21428571428571427,0.0,3,14,1000,0.55,15,holm,0.0005316999959177338,
1.0,0.7142857142857143,0.0,10,14,1000,0.55,16,pointwise,0.0006826000026194379,0.0
1.0,0.5,0.0,7,14,1000,0.55,16,normal_bonferroni,0.000643599996692501,1.0
1.0,0.5,0.0,7,14,1000,0.55,16,multiplier,0.0037134000012883916,1.0
1.0,0.5,0.0,7,14,1000,0.55,16,exact_bonferroni,0.0010431000046082772,1.0
1.0,0.07142857142857142,0.0,1,14,1000,0.55,16,hoeffding,0.0003572999994503334,1.0
1.0,0.5,0.0,7,14,1000,0.55,16,holm,0.0005253999988781288,
1.0,0.5714285714285714,0.0,8,14,1000,0.55,17,pointwise,0.000717100003384985,1.0
1.0,0.14285714285714285,0.0,2,14,1000,0.55,17,normal_bonferroni,0.0006837999972049147,1.0
1.0,0.14285714285714285,0.0,2,14,1000,0.55,17,multiplier,0.003401100002520252,1.0
1.0,0.14285714285714285,0.0,2,14,1000,0.55,17,exact_bonferroni,0.0009258999998564832,1.0
1.0,0.14285714285714285,0.0,2,14,1000,0.55,17,hoeffding,0.0003319999959785491,1.0
1.0,0.14285714285714285,0.0,2,14,1000,0.55,17,holm,0.00048740000056568533,
1.0,0.5,0.0,7,14,1000,0.55,18,pointwise,0.0007619000025442801,1.0
1.0,0.2857142857142857,0.0,4,14,1000,0.55,18,normal_bonferroni,0.0006217999980435707,1.0
1.0,0.35714285714285715,0.0,5,14,1000,0.55,18,multiplier,0.0033895000015036203,1.0
1.0,0.21428571428571427,0.0,3,14,1000,0.55,18,exact_bonferroni,0.000988899999356363,1.0
1.0,0.07142857142857142,0.0,1,14,1000,0.55,18,hoeffding,0.00033790000452427194,1.0
1.0,0.21428571428571427,0.0,3,14,1000,0.55,18,holm,0.0005104000010760501,
1.0,0.42857142857142855,0.0,6,14,1000,0.55,19,pointwise,0.0006627999973716214,1.0
1.0,0.2857142857142857,0.0,4,14,1000,0.55,19,normal_bonferroni,0.0006797000023652799,1.0
1.0,0.2857142857142857,0.0,4,14,1000,0.55,19,multiplier,0.0032442999945487827,1.0
1.0,0.21428571428571427,0.0,3,14,1000,0.55,19,exact_bonferroni,0.0009497999999439344,1.0
1.0,0.14285714285714285,0.0,2,14,1000,0.55,19,hoeffding,0.000334700001985766,1.0
1.0,0.21428571428571427,0.0,3,14,1000,0.55,19,holm,0.00047250000352505594,
1.0,0.42857142857142855,0.0,6,14,1000,0.55,20,pointwise,0.0010642999986885116,1.0
1.0,0.21428571428571427,0.0,3,14,1000,0.55,20,normal_bonferroni,0.0007549000001745299,1.0
1.0,0.21428571428571427,0.0,3,14,1000,0.55,20,multiplier,0.003671499995107297,1.0
1.0,0.14285714285714285,0.0,2,14,1000,0.55,20,exact_bonferroni,0.001044299999193754,1.0
1.0,0.07142857142857142,0.0,1,14,1000,0.55,20,hoeffding,0.00036079999699722975,1.0
1.0,0.21428571428571427,0.0,3,14,1000,0.55,20,holm,0.0005255999931250699,
1.0,0.5714285714285714,0.0,8,14,1000,0.55,21,pointwise,0.0006582999994861893,0.0
1.0,0.42857142857142855,0.0,6,14,1000,0.55,21,normal_bonferroni,0.0006462000019382685,1.0
1.0,0.42857142857142855,0.0,6,14,1000,0.55,21,multiplier,0.003202799998689443,1.0
1.0,0.2857142857142857,0.0,4,14,1000,0.55,21,exact_bonferroni,0.0008595999970566481,1.0
1.0,0.07142857142857142,0.0,1,14,1000,0.55,21,hoeffding,0.00019749999773921445,1.0
1.0,0.35714285714285715,0.0,5,14,1000,0.55,21,holm,0.0003132999991066754,
1.0,0.42857142857142855,0.0,6,14,1000,0.55,22,pointwise,0.0007477000035578385,1.0
1.0,0.14285714285714285,0.0,2,14,1000,0.55,22,normal_bonferroni,0.0006433999951696023,1.0
1.0,0.14285714285714285,0.0,2,14,1000,0.55,22,multiplier,0.003286099999968428,1.0
1.0,0.14285714285714285,0.0,2,14,1000,0.55,22,exact_bonferroni,0.0009233000018866733,1.0
1.0,0.14285714285714285,0.0,2,14,1000,0.55,22,hoeffding,0.0003395999956410378,1.0
1.0,0.14285714285714285,0.0,2,14,1000,0.55,22,holm,0.00046490000386256725,
1.0,0.2857142857142857,0.0,4,14,1000,0.55,23,pointwise,0.0006198999981279485,1.0
1.0,0.07142857142857142,0.0,1,14,1000,0.55,23,normal_bonferroni,0.0006031000011716969,1.0
1.0,0.07142857142857142,0.0,1,14,1000,0.55,23,multiplier,0.0029900000008638017,1.0
1.0,0.07142857142857142,0.0,1,14,1000,0.55,23,exact_bonferroni,0.0010859999965759926,1.0
1.0,0.07142857142857142,0.0,1,14,1000,0.55,23,hoeffding,0.0002316999962204136,1.0
1.0,0.07142857142857142,0.0,1,14,1000,0.55,23,holm,0.0003132999991066754,
1.0,0.42857142857142855,0.0,6,14,1000,0.55,24,pointwise,0.0006554999999934807,1.0
1.0,0.2857142857142857,0.0,4,14,1000,0.55,24,normal_bonferroni,0.000647299995762296,1.0
1.0,0.2857142857142857,0.0,4,14,1000,0.55,24,multiplier,0.003270500004873611,1.0
1.0,0.21428571428571427,0.0,3,14,1000,0.55,24,exact_bonferroni,0.0009613000001991168,1.0
1.0,0.07142857142857142,0.0,1,14,1000,0.55,24,hoeffding,0.0003367000026628375,1.0
1.0,0.2857142857142857,0.0,4,14,1000,0.55,24,holm,0.00048299999616574496,
1.0,0.35714285714285715,0.0,5,14,1000,0.55,25,pointwise,0.0007244000007631257,0.0
1.0,0.21428571428571427,0.0,3,14,1000,0.55,25,normal_bonferroni,0.0006255000043893233,1.0
1.0,0.2857142857142857,0.0,4,14,1000,0.55,25,multiplier,0.0030812999975751154,1.0
1.0,0.21428571428571427,0.0,3,14,1000,0.55,25,exact_bonferroni,0.0012893000020994805,1.0
1.0,0.07142857142857142,0.0,1,14,1000,0.55,25,hoeffding,0.0003495999990263954,1.0
1.0,0.21428571428571427,0.0,3,14,1000,0.55,25,holm,0.0005422999965958297,
1.0,0.35714285714285715,0.0,5,14,1000,0.55,26,pointwise,0.0007228000031318516,0.0
1.0,0.2857142857142857,0.0,4,14,1000,0.55,26,normal_bonferroni,0.0006719999946653843,1.0
1.0,0.2857142857142857,0.0,4,14,1000,0.55,26,multiplier,0.003587799998058472,1.0
1.0,0.21428571428571427,0.0,3,14,1000,0.55,26,exact_bonferroni,0.0008501999982399866,1.0
1.0,0.14285714285714285,0.0,2,14,1000,0.55,26,hoeffding,0.00018940000154543668,1.0
1.0,0.21428571428571427,0.0,3,14,1000,0.55,26,holm,0.00029039999935775995,
1.0,0.5714285714285714,0.0,8,14,1000,0.55,27,pointwise,0.0007005000006756745,0.0
1.0,0.2857142857142857,0.0,4,14,1000,0.55,27,normal_bonferroni,0.000643899998976849,1.0
1.0,0.2857142857142857,0.0,4,14,1000,0.55,27,multiplier,0.003449499999987893,1.0
1.0,0.2857142857142857,0.0,4,14,1000,0.55,27,exact_bonferroni,0.0009336000002804212,1.0
1.0,0.21428571428571427,0.0,3,14,1000,0.55,27,hoeffding,0.00031569999555358663,1.0
1.0,0.2857142857142857,0.0,4,14,1000,0.55,27,holm,0.00047729999641887844,
1.0,0.6428571428571429,0.0,9,14,1000,0.55,28,pointwise,0.0006241000010049902,0.0
1.0,0.2857142857142857,0.0,4,14,1000,0.55,28,normal_bonferroni,0.0006017999985488132,1.0
1.0,0.2857142857142857,0.0,4,14,1000,0.55,28,multiplier,0.0028204000045661815,1.0
1.0,0.2857142857142857,0.0,4,14,1000,0.55,28,exact_bonferroni,0.0007226000016089529,1.0
1.0,0.21428571428571427,0.0,3,14,1000,0.55,28,hoeffding,0.00033350000012433156,1.0
1.0,0.2857142857142857,0.0,4,14,1000,0.55,28,holm,0.0004931999937980436,
1.0,0.6428571428571429,0.0,9,14,1000,0.55,29,pointwise,0.0006359999970300123,0.0
1.0,0.42857142857142855,0.0,6,14,1000,0.55,29,normal_bonferroni,0.0005832000024383888,1.0
1.0,0.42857142857142855,0.0,6,14,1000,0.55,29,multiplier,0.0032105999998748302,1.0
1.0,0.35714285714285715,0.0,5,14,1000,0.55,29,exact_bonferroni,0.0008259000023826957,1.0
1.0,0.21428571428571427,0.0,3,14,1000,0.55,29,hoeffding,0.00024080000002868474,1.0
1.0,0.42857142857142855,0.0,6,14,1000,0.55,29,holm,0.00045849999878555536,
1.0,0.6428571428571429,0.0,9,14,1000,0.55,30,pointwise,0.0007519000064348802,0.0
1.0,0.5,0.0,7,14,1000,0.55,30,normal_bonferroni,0.0005357000045478344,1.0
1.0,0.5,0.0,7,14,1000,0.55,30,multiplier,0.0029331999976420775,1.0
1.0,0.5,0.0,7,14,1000,0.55,30,exact_bonferroni,0.0009308000007877126,1.0
1.0,0.21428571428571427,0.0,3,14,1000,0.55,30,hoeffding,0.00031429999944521114,1.0
1.0,0.5,0.0,7,14,1000,0.55,30,holm,0.000473300002340693,
1.0,0.2857142857142857,0.0,4,14,1000,0.55,31,pointwise,0.0006229999999050051,1.0
1.0,0.07142857142857142,0.0,1,14,1000,0.55,31,normal_bonferroni,0.0006098000012570992,1.0
1.0,0.07142857142857142,0.0,1,14,1000,0.55,31,multiplier,0.0034365000028628856,1.0
1.0,0.0,0.0,0,14,1000,0.55,31,exact_bonferroni,0.0009809000039240345,1.0
1.0,0.0,0.0,0,14,1000,0.55,31,hoeffding,0.0003481999956420623,1.0
1.0,0.0,0.0,0,14,1000,0.55,31,holm,0.0005249000023468398,
1.0,0.5714285714285714,0.0,8,14,1000,0.55,32,pointwise,0.0006626000031246804,1.0
1.0,0.35714285714285715,0.0,5,14,1000,0.55,32,normal_bonferroni,0.0006509000013465993,1.0
1.0,0.35714285714285715,0.0,5,14,1000,0.55,32,multiplier,0.003363899995747488,1.0
1.0,0.2857142857142857,0.0,4,14,1000,0.55,32,exact_bonferroni,0.0009800999978324398,1.0
1.0,0.14285714285714285,0.0,2,14,1000,0.55,32,hoeffding,0.0003369999976712279,1.0
1.0,0.35714285714285715,0.0,5,14,1000,0.55,32,holm,0.0004988000000594184,
1.0,0.5,0.0,7,14,1000,0.55,33,pointwise,0.0006276999993133359,1.0
1.0,0.21428571428571427,0.0,3,14,1000,0.55,33,normal_bonferroni,0.0006174000009195879,1.0
1.0,0.21428571428571427,0.0,3,14,1000,0.55,33,multiplier,0.003376399996341206,1.0
1.0,0.14285714285714285,0.0,2,14,1000,0.55,33,exact_bonferroni,0.00108860000182176,1.0
1.0,0.0,0.0,0,14,1000,0.55,33,hoeffding,0.0003469000002951361,1.0
1.0,0.21428571428571427,0.0,3,14,1000,0.55,33,holm,0.0005147999982000329,
1.0,0.5714285714285714,0.0,8,14,1000,0.55,34,pointwise,0.0006606000024476089,0.0
1.0,0.35714285714285715,0.0,5,14,1000,0.55,34,normal_bonferroni,0.0006072000032872893,1.0
1.0,0.35714285714285715,0.0,5,14,1000,0.55,34,multiplier,0.003110599995125085,1.0
1.0,0.2857142857142857,0.0,4,14,1000,0.55,34,exact_bonferroni,0.0009024000028148293,1.0
1.0,0.14285714285714285,0.0,2,14,1000,0.55,34,hoeffding,0.00037959999463055283,1.0
1.0,0.2857142857142857,0.0,4,14,1000,0.55,34,holm,0.00047840000479482114,
1.0,0.35714285714285715,0.0,5,14,1000,0.55,35,pointwise,0.0005448000010801479,1.0
1.0,0.14285714285714285,0.0,2,14,1000,0.55,35,normal_bonferroni,0.00033650000113993883,1.0
1.0,0.14285714285714285,0.0,2,14,1000,0.55,35,multiplier,0.003147000003082212,1.0
1.0,0.14285714285714285,0.0,2,14,1000,0.55,35,exact_bonferroni,0.0009701999952085316,1.0
1.0,0.07142857142857142,0.0,1,14,1000,0.55,35,hoeffding,0.0003597000031732023,1.0
1.0,0.14285714285714285,0.0,2,14,1000,0.55,35,holm,0.0004962000020896085,
1.0,0.5,0.0,7,14,1000,0.55,36,pointwise,0.0006790999977965839,0.0
1.0,0.2857142857142857,0.0,4,14,1000,0.55,36,normal_bonferroni,0.0006171000059111975,1.0
1.0,0.2857142857142857,0.0,4,14,1000,0.55,36,multiplier,0.0033896999957505614,1.0
1.0,0.2857142857142857,0.0,4,14,1000,0.55,36,exact_bonferroni,0.0010777999996207654,1.0
1.0,0.07142857142857142,0.0,1,14,1000,0.55,36,hoeffding,0.00021320000087143853,1.0
1.0,0.2857142857142857,0.0,4,14,1000,0.55,36,holm,0.0005157999985385686,
0.0,0.8571428571428571,0.07692307692307693,13,14,1000,0.55,37,pointwise,0.0007782000029692426,0.0
1.0,0.5,0.0,7,14,1000,0.55,37,normal_bonferroni,0.0006637999977101572,0.0
1.0,0.5,0.0,7,14,1000,0.55,37,multiplier,0.0036767999990843236,0.0
1.0,0.42857142857142855,0.0,6,14,1000,0.55,37,exact_bonferroni,0.0011000000013154931,0.0
1.0,0.21428571428571427,0.0,3,14,1000,0.55,37,hoeffding,0.00040440000157104805,1.0
1.0,0.5,0.0,7,14,1000,0.55,37,holm,0.0005871000030310825,
1.0,0.7142857142857143,0.0,10,14,1000,0.55,38,pointwise,0.0006992000053287484,0.0
1.0,0.42857142857142855,0.0,6,14,1000,0.55,38,normal_bonferroni,0.0007154000049922615,1.0
1.0,0.42857142857142855,0.0,6,14,1000,0.55,38,multiplier,0.003612300002714619,1.0
1.0,0.42857142857142855,0.0,6,14,1000,0.55,38,exact_bonferroni,0.000994000001810491,1.0
1.0,0.2857142857142857,0.0,4,14,1000,0.55,38,hoeffding,0.00035339999885763973,1.0
1.0,0.42857142857142855,0.0,6,14,1000,0.55,38,holm,0.0005257000011624768,
1.0,0.7857142857142857,0.0,11,14,1000,0.55,39,pointwise,0.0007134999978006817,0.0
1.0,0.2857142857142857,0.0,4,14,1000,0.55,39,normal_bonferroni,0.00034779999987222254,1.0
1.0,0.2857142857142857,0.0,4,14,1000,0.55,39,multiplier,0.0025697000019135885,1.0
1.0,0.2857142857142857,0.0,4,14,1000,0.55,39,exact_bonferroni,0.0009427999975741841,1.0
1.0,0.14285714285714285,0.0,2,14,1000,0.55,39,hoeffding,0.0003360999980941415,1.0
1.0,0.2857142857142857,0.0,4,14,1000,0.55,39,holm,0.0004889000047114678,
1.0,0.7142857142857143,0.0,10,14,1000,0.55,40,pointwise,0.0006462999954237603,1.0
1.0,0.21428571428571427,0.0,3,14,1000,0.55,40,normal_bonferroni,0.0006454000031226315,1.0
1.0,0.21428571428571427,0.0,3,14,1000,0.55,40,multiplier,0.003159100000630133,1.0
1.0,0.21428571428571427,0.0,3,14,1000,0.55,40,exact_bonferroni,0.0009044000034919009,1.0
1.0,0.14285714285714285,0.0,2,14,1000,0.55,40,hoeffding,0.0003299999953014776,1.0
1.0,0.21428571428571427,0.0,3,14,1000,0.55,40,holm,0.00048039999819593504,
1.0,0.42857142857142855,0.0,6,14,1000,0.55,41,pointwise,0.0006823000003350899,0.0
1.0,0.2857142857142857,0.0,4,14,1000,0.55,41,normal_bonferroni,0.0006473000030382536,1.0
1.0,0.2857142857142857,0.0,4,14,1000,0.55,41,multiplier,0.0033148000002256595,1.0
1.0,0.2857142857142857,0.0,4,14,1000,0.55,41,exact_bonferroni,0.000994000001810491,1.0
1.0,0.21428571428571427,0.0,3,14,1000,0.55,41,hoeffding,0.0003676999986055307,1.0
1.0,0.2857142857142857,0.0,4,14,1000,0.55,41,holm,0.0005153000020072795,
1.0,0.6428571428571429,0.0,9,14,1000,0.55,42,pointwise,0.000760800001444295,0.0
1.0,0.2857142857142857,0.0,4,14,1000,0.55,42,normal_bonferroni,0.000655400006507989,1.0
1.0,0.2857142857142857,0.0,4,14,1000,0.55,42,multiplier,0.0031056999941938557,1.0
1.0,0.2857142857142857,0.0,4,14,1000,0.55,42,exact_bonferroni,0.0008975000018835999,1.0
1.0,0.21428571428571427,0.0,3,14,1000,0.55,42,hoeffding,0.00032310000096913427,1.0
1.0,0.2857142857142857,0.0,4,14,1000,0.55,42,holm,0.0004713000016636215,
1.0,0.14285714285714285,0.0,2,14,1000,0.55,43,pointwise,0.0007977999994182028,1.0
1.0,0.07142857142857142,0.0,1,14,1000,0.55,43,normal_bonferroni,0.0006389999980456196,1.0
1.0,0.07142857142857142,0.0,1,14,1000,0.55,43,multiplier,0.0025530000057187863,1.0
1.0,0.07142857142857142,0.0,1,14,1000,0.55,43,exact_bonferroni,0.000956900003075134,1.0
1.0,0.0,0.0,0,14,1000,0.55,43,hoeffding,0.00035819999902741984,1.0
1.0,0.07142857142857142,0.0,1,14,1000,0.55,43,holm,0.0005060999974375591,
1.0,0.7142857142857143,0.0,10,14,1000,0.55,44,pointwise,0.000665700004901737,0.0
1.0,0.2857142857142857,0.0,4,14,1000,0.55,44,normal_bonferroni,0.0005963000003248453,1.0
1.0,0.42857142857142855,0.0,6,14,1000,0.55,44,multiplier,0.003031100000953302,1.0
1.0,0.2857142857142857,0.0,4,14,1000,0.55,44,exact_bonferroni,0.0008390000002691522,1.0
1.0,0.21428571428571427,0.0,3,14,1000,0.55,44,hoeffding,0.0003232000017305836,1.0
1.0,0.2857142857142857,0.0,4,14,1000,0.55,44,holm,0.0005267000015010126,
1.0,0.2857142857142857,0.0,4,14,1000,0.55,45,pointwise,0.00045729999692412093,1.0
1.0,0.14285714285714285,0.0,2,14,1000,0.55,45,normal_bonferroni,0.000363799998012837,1.0
1.0,0.14285714285714285,0.0,2,14,1000,0.55,45,multiplier,0.0031691000040154904,1.0
1.0,0.14285714285714285,0.0,2,14,1000,0.55,45,exact_bonferroni,0.0009162000060314313,1.0
1.0,0.07142857142857142,0.0,1,14,1000,0.55,45,hoeffding,0.0003188999980920926,1.0
1.0,0.14285714285714285,0.0,2,14,1000,0.55,45,holm,0.0005004999984521419,
1.0,0.5,0.0,7,14,1000,0.55,46,pointwise,0.0005865999992238358,0.0
1.0,0.21428571428571427,0.0,3,14,1000,0.55,46,normal_bonferroni,0.0005976000029477291,1.0
1.0,0.2857142857142857,0.0,4,14,1000,0.55,46,multiplier,0.0032645000028423965,1.0
1.0,0.14285714285714285,0.0,2,14,1000,0.55,46,exact_bonferroni,0.0007547999994130805,1.0
1.0,0.07142857142857142,0.0,1,14,1000,0.55,46,hoeffding,0.0002452000044286251,1.0
1.0,0.14285714285714285,0.0,2,14,1000,0.55,46,holm,0.000313000004098285,
1.0,0.7142857142857143,0.0,10,14,1000,0.55,47,pointwise,0.0006613000005017966,0.0
1.0,0.35714285714285715,0.0,5,14,1000,0.55,47,normal_bonferroni,0.0009334000060334802,1.0
1.0,0.35714285714285715,0.0,5,14,1000,0.55,47,multiplier,0.003386800002772361,1.0
1.0,0.35714285714285715,0.0,5,14,1000,0.55,47,exact_bonferroni,0.0009502999964752235,1.0
1.0,0.2857142857142857,0.0,4,14,1000,0.55,47,hoeffding,0.0003405999959795736,1.0
1.0,0.35714285714285715,0.0,5,14,1000,0.55,47,holm,0.0005340000061551109,
1.0,0.42857142857142855,0.0,6,14,1000,0.55,48,pointwise,0.0006552000049850903,1.0
1.0,0.21428571428571427,0.0,3,14,1000,0.55,48,normal_bonferroni,0.000596199999563396,1.0
1.0,0.21428571428571427,0.0,3,14,1000,0.55,48,multiplier,0.003199099999619648,1.0
1.0,0.21428571428571427,0.0,3,14,1000,0.55,48,exact_bonferroni,0.000879699997312855,1.0
1.0,0.14285714285714285,0.0,2,14,1000,0.55,48,hoeffding,0.000316400000883732,1.0
1.0,0.21428571428571427,0.0,3,14,1000,0.55,48,holm,0.00046550000115530565,
1.0,0.42857142857142855,0.0,6,14,1000,0.55,49,pointwise,0.0008377999984077178,1.0
1.0,0.14285714285714285,0.0,2,14,1000,0.55,49,normal_bonferroni,0.0005911999978707172,1.0
1.0,0.14285714285714285,0.0,2,14,1000,0.55,49,multiplier,0.0033177000004798174,1.0
1.0,0.14285714285714285,0.0,2,14,1000,0.55,49,exact_bonferroni,0.0009750000026542693,1.0
1.0,0.14285714285714285,0.0,2,14,1000,0.55,49,hoeffding,0.0004718999989563599,1.0
1.0,0.14285714285714285,0.0,2,14,1000,0.55,49,holm,0.000567600000067614,
1.0,0.5,0.0,7,14,1000,0.55,50,pointwise,0.0006520999959320761,1.0
1.0,0.21428571428571427,0.0,3,14,1000,0.55,50,normal_bonferroni,0.0006132999988039955,1.0
1.0,0.21428571428571427,0.0,3,14,1000,0.55,50,multiplier,0.0032595000011497177,1.0
1.0,0.21428571428571427,0.0,3,14,1000,0.55,50,exact_bonferroni,0.0008817999987513758,1.0
1.0,0.14285714285714285,0.0,2,14,1000,0.55,50,hoeffding,0.0003158000035909936,1.0
1.0,0.21428571428571427,0.0,3,14,1000,0.55,50,holm,0.00048719999904278666,
1.0,0.6428571428571429,0.0,9,14,1000,0.55,51,pointwise,0.0006492999964393675,0.0
1.0,0.2857142857142857,0.0,4,14,1000,0.55,51,normal_bonferroni,0.0006015000035404228,1.0
1.0,0.2857142857142857,0.0,4,14,1000,0.55,51,multiplier,0.0031029999954625964,1.0
1.0,0.2857142857142857,0.0,4,14,1000,0.55,51,exact_bonferroni,0.0008938000028138049,1.0
1.0,0.2857142857142857,0.0,4,14,1000,0.55,51,hoeffding,0.0003149999974993989,1.0
1.0,0.2857142857142857,0.0,4,14,1000,0.55,51,holm,0.0005080999981146306,
1.0,0.42857142857142855,0.0,6,14,1000,0.55,52,pointwise,0.0006375000011757948,1.0
1.0,0.14285714285714285,0.0,2,14,1000,0.55,52,normal_bonferroni,0.0005806000044685788,1.0
1.0,0.14285714285714285,0.0,2,14,1000,0.55,52,multiplier,0.0029604999945149757,1.0
1.0,0.14285714285714285,0.0,2,14,1000,0.55,52,exact_bonferroni,0.0008510000043315813,1.0
1.0,0.07142857142857142,0.0,1,14,1000,0.55,52,hoeffding,0.00029889999859733507,1.0
1.0,0.14285714285714285,0.0,2,14,1000,0.55,52,holm,0.00042799999937415123,
1.0,0.42857142857142855,0.0,6,14,1000,0.55,53,pointwise,0.0005069000035291538,1.0
1.0,0.14285714285714285,0.0,2,14,1000,0.55,53,normal_bonferroni,0.0005617999995592982,1.0
1.0,0.14285714285714285,0.0,2,14,1000,0.55,53,multiplier,0.0031681999971624464,1.0
1.0,0.14285714285714285,0.0,2,14,1000,0.55,53,exact_bonferroni,0.0009950000021490268,1.0
1.0,0.07142857142857142,0.0,1,14,1000,0.55,53,hoeffding,0.00033039999834727496,1.0
1.0,0.14285714285714285,0.0,2,14,1000,0.55,53,holm,0.0004917999976896681,
1.0,0.35714285714285715,0.0,5,14,1000,0.55,54,pointwise,0.0005959999980404973,1.0
1.0,0.21428571428571427,0.0,3,14,1000,0.55,54,normal_bonferroni,0.0006059000006644055,1.0
1.0,0.21428571428571427,0.0,3,14,1000,0.55,54,multiplier,0.002910900002461858,1.0
1.0,0.21428571428571427,0.0,3,14,1000,0.55,54,exact_bonferroni,0.0008498999959556386,1.0
1.0,0.07142857142857142,0.0,1,14,1000,0.55,54,hoeffding,0.00029570000333478674,1.0
1.0,0.21428571428571427,0.0,3,14,1000,0.55,54,holm,0.0004197000016574748,
1.0,0.5714285714285714,0.0,8,14,1000,0.55,55,pointwise,0.0010923999943770468,0.0
1.0,0.2857142857142857,0.0,4,14,1000,0.55,55,normal_bonferroni,0.000586200003453996,1.0
1.0,0.2857142857142857,0.0,4,14,1000,0.55,55,multiplier,0.003136799998173956,1.0
1.0,0.2857142857142857,0.0,4,14,1000,0.55,55,exact_bonferroni,0.0009185999952023849,1.0
1.0,0.14285714285714285,0.0,2,14,1000,0.55,55,hoeffding,0.0003443000023253262,1.0
1.0,0.2857142857142857,0.0,4,14,1000,0.55,55,holm,0.0005396000051405281,
1.0,0.35714285714285715,0.0,5,14,1000,0.55,56,pointwise,0.000680199998896569,0.0
1.0,0.21428571428571427,0.0,3,14,1000,0.55,56,normal_bonferroni,0.0006094999989727512,1.0
1.0,0.21428571428571427,0.0,3,14,1000,0.55,56,multiplier,0.003132899997581262,1.0
1.0,0.21428571428571427,0.0,3,14,1000,0.55,56,exact_bonferroni,0.0008922000051825307,1.0
1.0,0.07142857142857142,0.0,1,14,1000,0.55,56,hoeffding,0.00033340000663883984,1.0
1.0,0.21428571428571427,0.0,3,14,1000,0.55,56,holm,0.0004752999957418069,
1.0,0.42857142857142855,0.0,6,14,1000,0.55,57,pointwise,0.0008467000006930903,0.0
1.0,0.21428571428571427,0.0,3,14,1000,0.55,57,normal_bonferroni,0.0007641000047442503,1.0
1.0,0.21428571428571427,0.0,3,14,1000,0.55,57,multiplier,0.0034521000052336603,1.0
1.0,0.21428571428571427,0.0,3,14,1000,0.55,57,exact_bonferroni,0.0010461999991093762,1.0
1.0,0.07142857142857142,0.0,1,14,1000,0.55,57,hoeffding,0.00037929999962216243,1.0
1.0,0.21428571428571427,0.0,3,14,1000,0.55,57,holm,0.0005461000037030317,
1.0,0.7857142857142857,0.0,11,14,1000,0.55,58,pointwise,0.0007136999993235804,0.0
1.0,0.42857142857142855,0.0,6,14,1000,0.55,58,normal_bonferroni,0.0006770999971195124,1.0
1.0,0.5,0.0,7,14,1000,0.55,58,multiplier,0.003524799998558592,1.0
1.0,0.42857142857142855,0.0,6,14,1000,0.55,58,exact_bonferroni,0.0011090999978478067,1.0
1.0,0.14285714285714285,0.0,2,14,1000,0.55,58,hoeffding,0.0003921999959857203,1.0
1.0,0.42857142857142855,0.0,6,14,1000,0.55,58,holm,0.0005770000061602332,
1.0,0.5,0.0,7,14,1000,0.55,59,pointwise,0.0009652000007918105,1.0
1.0,0.2857142857142857,0.0,4,14,1000,0.55,59,normal_bonferroni,0.0007278999983100221,1.0
1.0,0.2857142857142857,0.0,4,14,1000,0.55,59,multiplier,0.00427960000524763,1.0
1.0,0.21428571428571427,0.0,3,14,1000,0.55,59,exact_bonferroni,0.0011321999991196208,1.0
1.0,0.07142857142857142,0.0,1,14,1000,0.55,59,hoeffding,0.00038130000029923394,1.0
1.0,0.21428571428571427,0.0,3,14,1000,0.55,59,holm,0.0005791000003227964,
1.0,0.42857142857142855,0.0,6,14,1000,0.55,60,pointwise,0.0007160000022849999,1.0
1.0,0.2857142857142857,0.0,4,14,1000,0.55,60,normal_bonferroni,0.0006579999972018413,1.0
1.0,0.35714285714285715,0.0,5,14,1000,0.55,60,multiplier,0.003287599996838253,1.0
1.0,0.2857142857142857,0.0,4,14,1000,0.55,60,exact_bonferroni,0.001025199999276083,1.0
1.0,0.07142857142857142,0.0,1,14,1000,0.55,60,hoeffding,0.0003619999988586642,1.0
1.0,0.2857142857142857,0.0,4,14,1000,0.55,60,holm,0.0005773000011686236,
1.0,0.5714285714285714,0.0,8,14,1000,0.55,61,pointwise,0.0007278000048245303,0.0
1.0,0.2857142857142857,0.0,4,14,1000,0.55,61,normal_bonferroni,0.0006513000043923967,1.0
1.0,0.35714285714285715,0.0,5,14,1000,0.55,61,multiplier,0.003518699995765928,1.0
1.0,0.2857142857142857,0.0,4,14,1000,0.55,61,exact_bonferroni,0.0010085999965667725,1.0
1.0,0.21428571428571427,0.0,3,14,1000,0.55,61,hoeffding,0.00035600000410340726,1.0
1.0,0.2857142857142857,0.0,4,14,1000,0.55,61,holm,0.000526999996509403,
1.0,0.2857142857142857,0.0,4,14,1000,0.55,62,pointwise,0.0006386000022757798,1.0
1.0,0.07142857142857142,0.0,1,14,1000,0.55,62,normal_bonferroni,0.0006390999988070689,1.0
1.0,0.07142857142857142,0.0,1,14,1000,0.55,62,multiplier,0.0032503999973414466,1.0
1.0,0.07142857142857142,0.0,1,14,1000,0.55,62,exact_bonferroni,0.0009673000022303313,1.0
1.0,0.0,0.0,0,14,1000,0.55,62,hoeffding,0.00034440000308677554,1.0
1.0,0.07142857142857142,0.0,1,14,1000,0.55,62,holm,0.0004897000035271049,
1.0,0.5,0.0,7,14,1000,0.55,63,pointwise,0.000640199999907054,1.0
1.0,0.21428571428571427,0.0,3,14,1000,0.55,63,normal_bonferroni,0.0006425000028684735,1.0
1.0,0.21428571428571427,0.0,3,14,1000,0.55,63,multiplier,0.003156200000375975,1.0
1.0,0.21428571428571427,0.0,3,14,1000,0.55,63,exact_bonferroni,0.0009193000005325302,1.0
1.0,0.07142857142857142,0.0,1,14,1000,0.55,63,hoeffding,0.0003116999941994436,1.0
1.0,0.21428571428571427,0.0,3,14,1000,0.55,63,holm,0.00045989999489393085,
1.0,0.5714285714285714,0.0,8,14,1000,0.55,64,pointwise,0.0006050999945728108,1.0
1.0,0.2857142857142857,0.0,4,14,1000,0.55,64,normal_bonferroni,0.0007101999945007265,1.0
1.0,0.2857142857142857,0.0,4,14,1000,0.55,64,multiplier,0.002768600003037136,1.0
1.0,0.14285714285714285,0.0,2,14,1000,0.55,64,exact_bonferroni,0.0008842999959597364,1.0
1.0,0.07142857142857142,0.0,1,14,1000,0.55,64,hoeffding,0.0003398000044398941,1.0
1.0,0.21428571428571427,0.0,3,14,1000,0.55,64,holm,0.00046839999413350597,
1.0,0.42857142857142855,0.0,6,14,1000,0.55,65,pointwise,0.0006221000003279187,1.0
1.0,0.35714285714285715,0.0,5,14,1000,0.55,65,normal_bonferroni,0.0005757999970228411,1.0
1.0,0.35714285714285715,0.0,5,14,1000,0.55,65,multiplier,0.0029425000029732473,1.0
1.0,0.35714285714285715,0.0,5,14,1000,0.55,65,exact_bonferroni,0.0008339999985764734,1.0
1.0,0.14285714285714285,0.0,2,14,1000,0.55,65,hoeffding,0.00029850000282749534,1.0
1.0,0.35714285714285715,0.0,5,14,1000,0.55,65,holm,0.0004341999956523068,
1.0,0.6428571428571429,0.0,9,14,1000,0.55,66,pointwise,0.0006423000013455749,0.0
1.0,0.2857142857142857,0.0,4,14,1000,0.55,66,normal_bonferroni,0.0005878000010852702,1.0
1.0,0.2857142857142857,0.0,4,14,1000,0.55,66,multiplier,0.0028638000003411435,1.0
1.0,0.21428571428571427,0.0,3,14,1000,0.55,66,exact_bonferroni,0.0009619999982533045,1.0
1.0,0.14285714285714285,0.0,2,14,1000,0.55,66,hoeffding,0.0003467999995336868,1.0
1.0,0.21428571428571427,0.0,3,14,1000,0.55,66,holm,0.000526699994225055,
1.0,0.21428571428571427,0.0,3,14,1000,0.55,67,pointwise,0.0007218999962788075,1.0
1.0,0.14285714285714285,0.0,2,14,1000,0.55,67,normal_bonferroni,0.0006471999950008467,1.0
1.0,0.14285714285714285,0.0,2,14,1000,0.55,67,multiplier,0.0032820000051287934,1.0
1.0,0.14285714285714285,0.0,2,14,1000,0.55,67,exact_bonferroni,0.0009507000067969784,1.0
1.0,0.0,0.0,0,14,1000,0.55,67,hoeffding,0.0003347999954712577,1.0
1.0,0.14285714285714285,0.0,2,14,1000,0.55,67,holm,0.0004898999977740459,
1.0,0.35714285714285715,0.0,5,14,1000,0.55,68,pointwise,0.0006745000064256601,1.0
1.0,0.14285714285714285,0.0,2,14,1000,0.55,68,normal_bonferroni,0.0006102000043028966,1.0
1.0,0.21428571428571427,0.0,3,14,1000,0.55,68,multiplier,0.0031488999957218766,1.0
1.0,0.14285714285714285,0.0,2,14,1000,0.55,68,exact_bonferroni,0.0005010999957448803,1.0
1.0,0.07142857142857142,0.0,1,14,1000,0.55,68,hoeffding,0.00017729999672155827,1.0
1.0,0.14285714285714285,0.0,2,14,1000,0.55,68,holm,0.0004578000007313676,
1.0,0.42857142857142855,0.0,6,14,1000,0.55,69,pointwise,0.0006461999946623109,1.0
1.0,0.14285714285714285,0.0,2,14,1000,0.55,69,normal_bonferroni,0.0006364999935613014,1.0
1.0,0.21428571428571427,0.0,3,14,1000,0.55,69,multiplier,0.003197900005034171,1.0
1.0,0.14285714285714285,0.0,2,14,1000,0.55,69,exact_bonferroni,0.0005951999992248602,1.0
1.0,0.0,0.0,0,14,1000,0.55,69,hoeffding,0.00019550000433810055,1.0
1.0,0.14285714285714285,0.0,2,14,1000,0.55,69,holm,0.0003015000038431026,
1.0,0.6428571428571429,0.0,9,14,1000,0.55,70,pointwise,0.000644000007014256,0.0
1.0,0.35714285714285715,0.0,5,14,1000,0.55,70,normal_bonferroni,0.0005855999988853,1.0
1.0,0.35714285714285715,0.0,5,14,1000,0.55,70,multiplier,0.003045899997232482,1.0
1.0,0.35714285714285715,0.0,5,14,1000,0.55,70,exact_bonferroni,0.0007530000002589077,1.0
1.0,0.14285714285714285,0.0,2,14,1000,0.55,70,hoeffding,0.0003175999954692088,1.0
1.0,0.35714285714285715,0.0,5,14,1000,0.55,70,holm,0.00042219999886583537,
1.0,0.35714285714285715,0.0,5,14,1000,0.55,71,pointwise,0.0006090000024414621,0.0
1.0,0.21428571428571427,0.0,3,14,1000,0.55,71,normal_bonferroni,0.0005537999968510121,1.0
1.0,0.21428571428571427,0.0,3,14,1000,0.55,71,multiplier,0.0032437999980174936,1.0
1.0,0.21428571428571427,0.0,3,14,1000,0.55,71,exact_bonferroni,0.0009491000018897466,1.0
1.0,0.0,0.0,0,14,1000,0.55,71,hoeffding,0.0003243999963160604,1.0
1.0,0.21428571428571427,0.0,3,14,1000,0.55,71,holm,0.00047479999921051785,
1.0,0.8571428571428571,0.0,12,14,1000,0.55,72,pointwise,0.00062189999880502,0.0
1.0,0.42857142857142855,0.0,6,14,1000,0.55,72,normal_bonferroni,0.0006157000025268644,1.0
1.0,0.5,0.0,7,14,1000,0.55,72,multiplier,0.0030282999941846356,1.0
1.0,0.2857142857142857,0.0,4,14,1000,0.55,72,exact_bonferroni,0.0008537000030628406,1.0
1.0,0.14285714285714285,0.0,2,14,1000,0.55,72,hoeffding,0.0003032000022358261,1.0
1.0,0.42857142857142855,0.0,6,14,1000,0.55,72,holm,0.00043819999700644985,
1.0,0.35714285714285715,0.0,5,14,1000,0.55,73,pointwise,0.0006088000009185635,1.0
1.0,0.14285714285714285,0.0,2,14,1000,0.55,73,normal_bonferroni,0.0005548000044655055,1.0
1.0,0.14285714285714285,0.0,2,14,1000,0.55,73,multiplier,0.0030709999991813675,1.0
1.0,0.07142857142857142,0.0,1,14,1000,0.55,73,exact_bonferroni,0.0008663999979034998,1.0
1.0,0.0,0.0,0,14,1000,0.55,73,hoeffding,0.00034500000037951395,1.0
1.0,0.07142857142857142,0.0,1,14,1000,0.55,73,holm,0.0004655999946407974,
1.0,0.7142857142857143,0.0,10,14,1000,0.55,74,pointwise,0.0006066999994800426,0.0
1.0,0.42857142857142855,0.0,6,14,1000,0.55,74,normal_bonferroni,0.0005796999976155348,1.0
1.0,0.42857142857142855,0.0,6,14,1000,0.55,74,multiplier,0.0030692000000271946,1.0
1.0,0.42857142857142855,0.0,6,14,1000,0.55,74,exact_bonferroni,0.0008716999946045689,1.0
1.0,0.07142857142857142,0.0,1,14,1000,0.55,74,hoeffding,0.00030929999775253236,1.0
1.0,0.42857142857142855,0.0,6,14,1000,0.55,74,holm,0.0004994999981136061,
1.0,0.6428571428571429,0.0,9,14,1000,0.55,75,pointwise,0.000770799997553695,1.0
1.0,0.35714285714285715,0.0,5,14,1000,0.55,75,normal_bonferroni,0.0006386999957612716,1.0
1.0,0.35714285714285715,0.0,5,14,1000,0.55,75,multiplier,0.003428299998631701,1.0
1.0,0.35714285714285715,0.0,5,14,1000,0.55,75,exact_bonferroni,0.0009533999982522801,1.0
1.0,0.21428571428571427,0.0,3,14,1000,0.55,75,hoeffding,0.0003386000025784597,1.0
1.0,0.35714285714285715,0.0,5,14,1000,0.55,75,holm,0.0006591999990632758,
1.0,0.42857142857142855,0.0,6,14,1000,0.55,76,pointwise,0.00062189999880502,0.0
1.0,0.21428571428571427,0.0,3,14,1000,0.55,76,normal_bonferroni,0.000567900002351962,1.0
1.0,0.21428571428571427,0.0,3,14,1000,0.55,76,multiplier,0.002993800000695046,1.0
1.0,0.21428571428571427,0.0,3,14,1000,0.55,76,exact_bonferroni,0.0009217999977408908,1.0
1.0,0.14285714285714285,0.0,2,14,1000,0.55,76,hoeffding,0.0003378999972483143,1.0
1.0,0.21428571428571427,0.0,3,14,1000,0.55,76,holm,0.0008382000014535151,
1.0,0.5,0.0,7,14,1000,0.55,77,pointwise,0.0004171999971731566,1.0
1.0,0.21428571428571427,0.0,3,14,1000,0.55,77,normal_bonferroni,0.0006088999944040552,1.0
1.0,0.21428571428571427,0.0,3,14,1000,0.55,77,multiplier,0.004308399998990353,1.0
1.0,0.21428571428571427,0.0,3,14,1000,0.55,77,exact_bonferroni,0.0011128000041935593,1.0
1.0,0.07142857142857142,0.0,1,14,1000,0.55,77,hoeffding,0.00035480000224197283,1.0
1.0,0.21428571428571427,0.0,3,14,1000,0.55,77,holm,0.0005860000019310974,
1.0,0.42857142857142855,0.0,6,14,1000,0.55,78,pointwise,0.0006386000022757798,0.0
1.0,0.21428571428571427,0.0,3,14,1000,0.55,78,normal_bonferroni,0.0005206999994697981,1.0
1.0,0.21428571428571427,0.0,3,14,1000,0.55,78,multiplier,0.003425700000661891,1.0
1.0,0.21428571428571427,0.0,3,14,1000,0.55,78,exact_bonferroni,0.0009642000004532747,1.0
1.0,0.07142857142857142,0.0,1,14,1000,0.55,78,hoeffding,0.0003223000021534972,1.0
1.0,0.21428571428571427,0.0,3,14,1000,0.55,78,holm,0.0005451000033644959,
1.0,0.42857142857142855,0.0,6,14,1000,0.55,79,pointwise,0.0006611999997403473,1.0
1.0,0.35714285714285715,0.0,5,14,1000,0.55,79,normal_bonferroni,0.0006101000035414472,1.0
1.0,0.35714285714285715,0.0,5,14,1000,0.55,79,multiplier,0.0032770999969216064,1.0
1.0,0.35714285714285715,0.0,5,14,1000,0.55,79,exact_bonferroni,0.0009721999958856031,1.0
1.0,0.14285714285714285,0.0,2,14,1000,0.55,79,hoeffding,0.00034220000088680536,1.0
1.0,0.35714285714285715,0.0,5,14,1000,0.55,79,holm,0.0004757000060635619,
1.0,0.6428571428571429,0.0,9,14,1000,0.55,80,pointwise,0.0006252000021049753,0.0
1.0,0.42857142857142855,0.0,6,14,1000,0.55,80,normal_bonferroni,0.000578500003030058,1.0
1.0,0.5714285714285714,0.0,8,14,1000,0.55,80,multiplier,0.0034881000028690323,1.0
1.0,0.42857142857142855,0.0,6,14,1000,0.55,80,exact_bonferroni,0.0010165999992750585,1.0
1.0,0.21428571428571427,0.0,3,14,1000,0.55,80,hoeffding,0.0003403000009711832,1.0
1.0,0.42857142857142855,0.0,6,14,1000,0.55,80,holm,0.0005237000004854053,
1.0,0.5714285714285714,0.0,8,14,1000,0.55,81,pointwise,0.0006692000024486333,1.0
1.0,0.2857142857142857,0.0,4,14,1000,0.55,81,normal_bonferroni,0.0009325999999418855,1.0
1.0,0.2857142857142857,0.0,4,14,1000,0.55,81,multiplier,0.002111399997374974,1.0
1.0,0.14285714285714285,0.0,2,14,1000,0.55,81,exact_bonferroni,0.0009185000017168932,1.0
1.0,0.07142857142857142,0.0,1,14,1000,0.55,81,hoeffding,0.0003211999937775545,1.0
1.0,0.21428571428571427,0.0,3,14,1000,0.55,81,holm,0.0004700999998021871,
1.0,0.8571428571428571,0.0,12,14,1000,0.55,82,pointwise,0.0006960999962757342,0.0
1.0,0.42857142857142855,0.0,6,14,1000,0.55,82,normal_bonferroni,0.0003758000020752661,1.0
1.0,0.42857142857142855,0.0,6,14,1000,0.55,82,multiplier,0.002821400004904717,1.0
1.0,0.42857142857142855,0.0,6,14,1000,0.55,82,exact_bonferroni,0.001338399997621309,1.0
1.0,0.07142857142857142,0.0,1,14,1000,0.55,82,hoeffding,0.0003617000038502738,1.0
1.0,0.42857142857142855,0.0,6,14,1000,0.55,82,holm,0.0005530999987968244,
1.0,0.21428571428571427,0.0,3,14,1000,0.55,83,pointwise,0.0008153999951900914,1.0
1.0,0.14285714285714285,0.0,2,14,1000,0.55,83,normal_bonferroni,0.0006286999996518716,1.0
1.0,0.14285714285714285,0.0,2,14,1000,0.55,83,multiplier,0.0033426000009058043,1.0
1.0,0.14285714285714285,0.0,2,14,1000,0.55,83,exact_bonferroni,0.0009336000002804212,1.0
1.0,0.07142857142857142,0.0,1,14,1000,0.55,83,hoeffding,0.00036469999758992344,1.0
1.0,0.14285714285714285,0.0,2,14,1000,0.55,83,holm,0.0004883000001427718,
1.0,0.42857142857142855,0.0,6,14,1000,0.55,84,pointwise,0.0006101999970269389,0.0
1.0,0.2857142857142857,0.0,4,14,1000,0.55,84,normal_bonferroni,0.0007303000020328909,1.0
1.0,0.2857142857142857,0.0,4,14,1000,0.55,84,multiplier,0.0028194000042276457,1.0
1.0,0.2857142857142857,0.0,4,14,1000,0.55,84,exact_bonferroni,0.001349600002868101,1.0
1.0,0.07142857142857142,0.0,1,14,1000,0.55,84,hoeffding,0.0004056000034324825,1.0
1.0,0.2857142857142857,0.0,4,14,1000,0.55,84,holm,0.0005522999999811873,
1.0,0.6428571428571429,0.0,9,14,1000,0.55,85,pointwise,0.000706200000422541,0.0
1.0,0.5,0.0,7,14,1000,0.55,85,normal_bonferroni,0.0006229999999050051,1.0
1.0,0.5,0.0,7,14,1000,0.55,85,multiplier,0.003322700002172496,1.0
1.0,0.5,0.0,7,14,1000,0.55,85,exact_bonferroni,0.0009225999965565279,1.0
1.0,0.21428571428571427,0.0,3,14,1000,0.55,85,hoeffding,0.0003209999995306134,1.0
1.0,0.5,0.0,7,14,1000,0.55,85,holm,0.0004944000029354356,
1.0,0.42857142857142855,0.0,6,14,1000,0.55,86,pointwise,0.0006407999971997924,1.0
1.0,0.14285714285714285,0.0,2,14,1000,0.55,86,normal_bonferroni,0.0008099000042420812,1.0
1.0,0.14285714285714285,0.0,2,14,1000,0.55,86,multiplier,0.0037130999990040436,1.0
1.0,0.07142857142857142,0.0,1,14,1000,0.55,86,exact_bonferroni,0.0011815999969257973,1.0
1.0,0.0,0.0,0,14,1000,0.55,86,hoeffding,0.00035570000181905925,1.0
1.0,0.07142857142857142,0.0,1,14,1000,0.55,86,holm,0.0005244999993010424,
1.0,0.5714285714285714,0.0,8,14,1000,0.55,87,pointwise,0.0006671000010101125,1.0
1.0,0.14285714285714285,0.0,2,14,1000,0.55,87,normal_bonferroni,0.0006461000011768192,1.0
1.0,0.14285714285714285,0.0,2,14,1000,0.55,87,multiplier,0.0031177000055322424,1.0
1.0,0.14285714285714285,0.0,2,14,1000,0.55,87,exact_bonferroni,0.0009225000030710362,1.0
1.0,0.14285714285714285,0.0,2,14,1000,0.55,87,hoeffding,0.0003302999975858256,1.0
1.0,0.14285714285714285,0.0,2,14,1000,0.55,87,holm,0.00048150000657187775,
1.0,0.6428571428571429,0.0,9,14,1000,0.55,88,pointwise,0.0009662000011303462,0.0
1.0,0.35714285714285715,0.0,5,14,1000,0.55,88,normal_bonferroni,0.0006733000045642257,1.0
1.0,0.35714285714285715,0.0,5,14,1000,0.55,88,multiplier,0.003503899999486748,1.0
1.0,0.35714285714285715,0.0,5,14,1000,0.55,88,exact_bonferroni,0.001004300000204239,1.0
1.0,0.14285714285714285,0.0,2,14,1000,0.55,88,hoeffding,0.00036920000275131315,1.0
1.0,0.35714285714285715,0.0,5,14,1000,0.55,88,holm,0.0005348999984562397,
1.0,0.35714285714285715,0.0,5,14,1000,0.55,89,pointwise,0.0006584000002476387,1.0
1.0,0.21428571428571427,0.0,3,14,1000,0.55,89,normal_bonferroni,0.0006387000030372292,1.0
1.0,0.21428571428571427,0.0,3,14,1000,0.55,89,multiplier,0.0032715999986976385,1.0
1.0,0.21428571428571427,0.0,3,14,1000,0.55,89,exact_bonferroni,0.0009569999965606257,1.0
1.0,0.07142857142857142,0.0,1,14,1000,0.55,89,hoeffding,0.0003409999990253709,1.0
1.0,0.21428571428571427,0.0,3,14,1000,0.55,89,holm,0.0004943000021739863,
1.0,0.35714285714285715,0.0,5,14,1000,0.55,90,pointwise,0.0007933000015327707,1.0
1.0,0.2857142857142857,0.0,4,14,1000,0.55,90,normal_bonferroni,0.0007938999988255091,1.0
1.0,0.2857142857142857,0.0,4,14,1000,0.55,90,multiplier,0.003759900006116368,1.0
1.0,0.21428571428571427,0.0,3,14,1000,0.55,90,exact_bonferroni,0.001036299996485468,1.0
1.0,0.14285714285714285,0.0,2,14,1000,0.55,90,hoeffding,0.0003488000002107583,1.0
1.0,0.21428571428571427,0.0,3,14,1000,0.55,90,holm,0.0005185000045457855,
1.0,0.7142857142857143,0.0,10,14,1000,0.55,91,pointwise,0.0007075999965309165,0.0
1.0,0.2857142857142857,0.0,4,14,1000,0.55,91,normal_bonferroni,0.0006424000021070242,1.0
1.0,0.2857142857142857,0.0,4,14,1000,0.55,91,multiplier,0.0036694000009447336,1.0
1.0,0.2857142857142857,0.0,4,14,1000,0.55,91,exact_bonferroni,0.0010648000024957582,1.0
1.0,0.14285714285714285,0.0,2,14,1000,0.55,91,hoeffding,0.00035010000283364207,1.0
1.0,0.2857142857142857,0.0,4,14,1000,0.55,91,holm,0.0005409000004874542,
1.0,0.5,0.0,7,14,1000,0.55,92,pointwise,0.0007024000005912967,0.0
1.0,0.35714285714285715,0.0,5,14,1000,0.55,92,normal_bonferroni,0.0006661000006715767,1.0
1.0,0.35714285714285715,0.0,5,14,1000,0.55,92,multiplier,0.003562099998816848,1.0
1.0,0.35714285714285715,0.0,5,14,1000,0.55,92,exact_bonferroni,0.0010580000016489066,1.0
1.0,0.2857142857142857,0.0,4,14,1000,0.55,92,hoeffding,0.0003713999976753257,1.0
1.0,0.35714285714285715,0.0,5,14,1000,0.55,92,holm,0.0005760999993071891,
1.0,0.42857142857142855,0.0,6,14,1000,0.55,93,pointwise,0.0007378000009339303,1.0
1.0,0.14285714285714285,0.0,2,14,1000,0.55,93,normal_bonferroni,0.0008333000005222857,1.0
1.0,0.14285714285714285,0.0,2,14,1000,0.55,93,multiplier,0.003647699995781295,1.0
1.0,0.14285714285714285,0.0,2,14,1000,0.55,93,exact_bonferroni,0.001244400002178736,1.0
1.0,0.07142857142857142,0.0,1,14,1000,0.55,93,hoeffding,0.0002575000034994446,1.0
1.0,0.14285714285714285,0.0,2,14,1000,0.55,93,holm,0.00034980000054929405,
1.0,0.42857142857142855,0.0,6,14,1000,0.55,94,pointwise,0.0007477000035578385,1.0
1.0,0.14285714285714285,0.0,2,14,1000,0.55,94,normal_bonferroni,0.0007283000013558194,1.0
1.0,0.21428571428571427,0.0,3,14,1000,0.55,94,multiplier,0.0035260000004200265,1.0
1.0,0.14285714285714285,0.0,2,14,1000,0.55,94,exact_bonferroni,0.0010260000053676777,1.0
1.0,0.0,0.0,0,14,1000,0.55,94,hoeffding,0.00035430000571068376,1.0
1.0,0.14285714285714285,0.0,2,14,1000,0.55,94,holm,0.0005206999994697981,
1.0,0.2857142857142857,0.0,4,14,1000,0.55,95,pointwise,0.0007058000046527013,1.0
1.0,0.14285714285714285,0.0,2,14,1000,0.55,95,normal_bonferroni,0.0006754999994882382,1.0
1.0,0.14285714285714285,0.0,2,14,1000,0.55,95,multiplier,0.0035534000053303316,1.0
1.0,0.14285714285714285,0.0,2,14,1000,0.55,95,exact_bonferroni,0.001006700003927108,1.0
1.0,0.07142857142857142,0.0,1,14,1000,0.55,95,hoeffding,0.00038360000326065347,1.0
1.0,0.14285714285714285,0.0,2,14,1000,0.55,95,holm,0.0005414999977801926,
1.0,0.5,0.0,7,14,1000,0.55,96,pointwise,0.000643599996692501,0.0
1.0,0.2857142857142857,0.0,4,14,1000,0.55,96,normal_bonferroni,0.00060710000252584,1.0
1.0,0.2857142857142857,0.0,4,14,1000,0.55,96,multiplier,0.0031987999973353,1.0
1.0,0.2857142857142857,0.0,4,14,1000,0.55,96,exact_bonferroni,0.001196700002765283,1.0
1.0,0.07142857142857142,0.0,1,14,1000,0.55,96,hoeffding,0.00036890000046696514,1.0
1.0,0.2857142857142857,0.0,4,14,1000,0.55,96,holm,0.0006804000004194677,
1.0,0.5714285714285714,0.0,8,14,1000,0.55,97,pointwise,0.0007607000006828457,1.0
1.0,0.2857142857142857,0.0,4,14,1000,0.55,97,normal_bonferroni,0.0006896999984746799,1.0
1.0,0.2857142857142857,0.0,4,14,1000,0.55,97,multiplier,0.003431800003454555,1.0
1.0,0.2857142857142857,0.0,4,14,1000,0.55,97,exact_bonferroni,0.000991799999610521,1.0
1.0,0.21428571428571427,0.0,3,14,1000,0.55,97,hoeffding,0.00035310000384924933,1.0
1.0,0.2857142857142857,0.0,4,14,1000,0.55,97,holm,0.0005076999950688332,
1.0,0.7142857142857143,0.0,10,14,1000,0.55,98,pointwise,0.0006656000041402876,0.0
1.0,0.42857142857142855,0.0,6,14,1000,0.55,98,normal_bonferroni,0.0006137000018497929,1.0
1.0,0.5,0.0,7,14,1000,0.55,98,multiplier,0.002860799999325536,1.0
1.0,0.42857142857142855,0.0,6,14,1000,0.55,98,exact_bonferroni,0.0008072999989963137,1.0
1.0,0.2857142857142857,0.0,4,14,1000,0.55,98,hoeffding,0.00034420000156387687,1.0
1.0,0.42857142857142855,0.0,6,14,1000,0.55,98,holm,0.0005264999999781139,
1.0,0.2857142857142857,0.0,4,14,1000,0.55,99,pointwise,0.0006682000021100976,1.0
1.0,0.14285714285714285,0.0,2,14,1000,0.55,99,normal_bonferroni,0.0006580999979632907,1.0
1.0,0.21428571428571427,0.0,3,14,1000,0.55,99,multiplier,0.003318700000818353,1.0
1.0,0.07142857142857142,0.0,1,14,1000,0.55,99,exact_bonferroni,0.0009724999981699511,1.0
1.0,0.07142857142857142,0.0,1,14,1000,0.55,99,hoeffding,0.0003501999963191338,1.0
1.0,0.07142857142857142,0.0,1,14,1000,0.55,99,holm,0.0004929999995511025,
1.0,0.42857142857142855,0.0,6,14,1000,0.55,100,pointwise,0.0003769999966607429,0.0
1.0,0.35714285714285715,0.0,5,14,1000,0.55,100,normal_bonferroni,0.0003462999957264401,1.0
1.0,0.35714285714285715,0.0,5,14,1000,0.55,100,multiplier,0.003068300000450108,1.0
1.0,0.35714285714285715,0.0,5,14,1000,0.55,100,exact_bonferroni,0.0011236999998800457,1.0
1.0,0.07142857142857142,0.0,1,14,1000,0.55,100,hoeffding,0.00036109999928157777,1.0
1.0,0.35714285714285715,0.0,5,14,1000,0.55,100,holm,0.0005168999996385537,
1.0,0.5714285714285714,0.0,8,14,1000,0.55,101,pointwise,0.0006351000047288835,1.0
1.0,0.42857142857142855,0.0,6,14,1000,0.55,101,normal_bonferroni,0.0006537000008393079,1.0
1.0,0.42857142857142855,0.0,6,14,1000,0.55,101,multiplier,0.0031644999980926514,1.0
1.0,0.35714285714285715,0.0,5,14,1000,0.55,101,exact_bonferroni,0.0013142999960109591,1.0
1.0,0.07142857142857142,0.0,1,14,1000,0.55,101,hoeffding,0.00044609999895328656,1.0
1.0,0.42857142857142855,0.0,6,14,1000,0.55,101,holm,0.0005337999973562546,
1.0,0.5714285714285714,0.0,8,14,1000,0.55,102,pointwise,0.0006848999983048998,0.0
1.0,0.35714285714285715,0.0,5,14,1000,0.55,102,normal_bonferroni,0.0006244000032893382,0.0
1.0,0.35714285714285715,0.0,5,14,1000,0.55,102,multiplier,0.0031777999975020066,0.0
1.0,0.35714285714285715,0.0,5,14,1000,0.55,102,exact_bonferroni,0.0009864000021480024,0.0
1.0,0.21428571428571427,0.0,3,14,1000,0.55,102,hoeffding,0.0003367000026628375,1.0
1.0,0.35714285714285715,0.0,5,14,1000,0.55,102,holm,0.0005068999962531962,
1.0,0.2857142857142857,0.0,4,14,1000,0.55,103,pointwise,0.0006586000017705373,1.0
1.0,0.14285714285714285,0.0,2,14,1000,0.55,103,normal_bonferroni,0.0006155000010039657,1.0
1.0,0.14285714285714285,0.0,2,14,1000,0.55,103,multiplier,0.0032737000001361594,1.0
1.0,0.14285714285714285,0.0,2,14,1000,0.55,103,exact_bonferroni,0.0009377000023960136,1.0
1.0,0.07142857142857142,0.0,1,14,1000,0.55,103,hoeffding,0.0003358999965712428,1.0
1.0,0.14285714285714285,0.0,2,14,1000,0.55,103,holm,0.0004986000058124773,
1.0,0.5714285714285714,0.0,8,14,1000,0.55,104,pointwise,0.0006886999981361441,1.0
1.0,0.2857142857142857,0.0,4,14,1000,0.55,104,normal_bonferroni,0.0006403999941539951,1.0
1.0,0.2857142857142857,0.0,4,14,1000,0.55,104,multiplier,0.0033915999956661835,1.0
1.0,0.21428571428571427,0.0,3,14,1000,0.55,104,exact_bonferroni,0.0009393000000272878,1.0
1.0,0.14285714285714285,0.0,2,14,1000,0.55,104,hoeffding,0.0003336999943712726,1.0
1.0,0.21428571428571427,0.0,3,14,1000,0.55,104,holm,0.0005391000013332814,
1.0,0.42857142857142855,0.0,6,14,1000,0.55,105,pointwise,0.0007040999989840202,0.0
1.0,0.35714285714285715,0.0,5,14,1000,0.55,105,normal_bonferroni,0.0006350000039674342,1.0
1.0,0.35714285714285715,0.0,5,14,1000,0.55,105,multiplier,0.003271699999459088,0.0
1.0,0.35714285714285715,0.0,5,14,1000,0.55,105,exact_bonferroni,0.0011933999994653277,1.0
1.0,0.07142857142857142,0.0,1,14,1000,0.55,105,hoeffding,0.0003696999992826022,1.0
1.0,0.35714285714285715,0.0,5,14,1000,0.55,105,holm,0.0005085000011604279,
1.0,0.6428571428571429,0.0,9,14,1000,0.55,106,pointwise,0.0007683000003453344,0.0
1.0,0.35714285714285715,0.0,5,14,1000,0.55,106,normal_bonferroni,0.0006959999955142848,1.0
1.0,0.35714285714285715,0.0,5,14,1000,0.55,106,multiplier,0.0032980999967548996,1.0
1.0,0.21428571428571427,0.0,3,14,1000,0.55,106,exact_bonferroni,0.0013418000016827136,1.0
1.0,0.14285714285714285,0.0,2,14,1000,0.55,106,hoeffding,0.00040490000537829474,1.0
1.0,0.21428571428571427,0.0,3,14,1000,0.55,106,holm,0.0005616999987978488,
1.0,0.2857142857142857,0.0,4,14,1000,0.55,107,pointwise,0.0012251000007381663,1.0
1.0,0.14285714285714285,0.0,2,14,1000,0.55,107,normal_bonferroni,0.0006737000003340654,1.0
1.0,0.14285714285714285,0.0,2,14,1000,0.55,107,multiplier,0.003116500003670808,1.0
1.0,0.14285714285714285,0.0,2,14,1000,0.55,107,exact_bonferroni,0.0006950000024517067,1.0
1.0,0.07142857142857142,0.0,1,14,1000,0.55,107,hoeffding,0.00020480000239331275,1.0
1.0,0.14285714285714285,0.0,2,14,1000,0.55,107,holm,0.0007451999990735203,
1.0,0.5714285714285714,0.0,8,14,1000,0.55,108,pointwise,0.0008807999984128401,0.0
1.0,0.35714285714285715,0.0,5,14,1000,0.55,108,normal_bonferroni,0.0007508999988203868,1.0
1.0,0.35714285714285715,0.0,5,14,1000,0.55,108,multiplier,0.0037383000017143786,1.0
1.0,0.35714285714285715,0.0,5,14,1000,0.55,108,exact_bonferroni,0.0010317000051145442,1.0
1.0,0.07142857142857142,0.0,1,14,1000,0.55,108,hoeffding,0.00035679999564308673,1.0
1.0,0.35714285714285715,0.0,5,14,1000,0.55,108,holm,0.0005229000016697682,
0.0,0.6428571428571429,0.1,10,14,1000,0.55,109,pointwise,0.00073079999856418,0.0
1.0,0.35714285714285715,0.0,5,14,1000,0.55,109,normal_bonferroni,0.0010335999977542087,1.0
1.0,0.35714285714285715,0.0,5,14,1000,0.55,109,multiplier,0.003315699999802746,1.0
1.0,0.35714285714285715,0.0,5,14,1000,0.55,109,exact_bonferroni,0.0010487000035936944,1.0
1.0,0.07142857142857142,0.0,1,14,1000,0.55,109,hoeffding,0.00036249999538995326,1.0
1.0,0.35714285714285715,0.0,5,14,1000,0.55,109,holm,0.000541599998541642,
1.0,0.42857142857142855,0.0,6,14,1000,0.55,110,pointwise,0.0006911999953445047,1.0
1.0,0.2857142857142857,0.0,4,14,1000,0.55,110,normal_bonferroni,0.0006300000022747554,1.0
1.0,0.2857142857142857,0.0,4,14,1000,0.55,110,multiplier,0.0031861999959801324,1.0
1.0,0.2857142857142857,0.0,4,14,1000,0.55,110,exact_bonferroni,0.0008978000041679479,1.0
1.0,0.14285714285714285,0.0,2,14,1000,0.55,110,hoeffding,0.000319799997669179,1.0
1.0,0.2857142857142857,0.0,4,14,1000,0.55,110,holm,0.00048609999794280156,
1.0,0.5,0.0,7,14,1000,0.55,111,pointwise,0.0007349000006797723,1.0
1.0,0.21428571428571427,0.0,3,14,1000,0.55,111,normal_bonferroni,0.0006614999947487377,1.0
1.0,0.21428571428571427,0.0,3,14,1000,0.55,111,multiplier,0.0032006000037654303,1.0
1.0,0.14285714285714285,0.0,2,14,1000,0.55,111,exact_bonferroni,0.0009462999951210804,1.0
1.0,0.0,0.0,0,14,1000,0.55,111,hoeffding,0.000335000004270114,1.0
1.0,0.14285714285714285,0.0,2,14,1000,0.55,111,holm,0.0004861999987042509,
1.0,0.5,0.0,7,14,1000,0.55,112,pointwise,0.0006359000035445206,0.0
1.0,0.35714285714285715,0.0,5,14,1000,0.55,112,normal_bonferroni,0.0005898999952478334,1.0
1.0,0.35714285714285715,0.0,5,14,1000,0.55,112,multiplier,0.003079100002651103,1.0
1.0,0.35714285714285715,0.0,5,14,1000,0.55,112,exact_bonferroni,0.0008614999969722703,1.0
1.0,0.14285714285714285,0.0,2,14,1000,0.55,112,hoeffding,0.0003189999988535419,1.0
1.0,0.35714285714285715,0.0,5,14,1000,0.55,112,holm,0.0004625000001396984,
1.0,0.2857142857142857,0.0,4,14,1000,0.55,113,pointwise,0.0006278000000747852,1.0
1.0,0.14285714285714285,0.0,2,14,1000,0.55,113,normal_bonferroni,0.0006494999979622662,1.0
1.0,0.14285714285714285,0.0,2,14,1000,0.55,113,multiplier,0.0030765999981667846,1.0
1.0,0.07142857142857142,0.0,1,14,1000,0.55,113,exact_bonferroni,0.000974299997324124,1.0
1.0,0.07142857142857142,0.0,1,14,1000,0.55,113,hoeffding,0.0003403000009711832,1.0
1.0,0.07142857142857142,0.0,1,14,1000,0.55,113,holm,0.000494699997943826,
1.0,0.42857142857142855,0.0,6,14,1000,0.55,114,pointwise,0.0006088000009185635,1.0
1.0,0.2857142857142857,0.0,4,14,1000,0.55,114,normal_bonferroni,0.0006374000004143454,1.0
1.0,0.35714285714285715,0.0,5,14,1000,0.55,114,multiplier,0.0031454999989364296,1.0
1.0,0.2857142857142857,0.0,4,14,1000,0.55,114,exact_bonferroni,0.0008959999977378175,1.0
1.0,0.07142857142857142,0.0,1,14,1000,0.55,114,hoeffding,0.0003158000035909936,1.0
1.0,0.2857142857142857,0.0,4,14,1000,0.55,114,holm,0.00046689999726368114,
1.0,0.35714285714285715,0.0,5,14,1000,0.55,115,pointwise,0.000741399999242276,1.0
1.0,0.2857142857142857,0.0,4,14,1000,0.55,115,normal_bonferroni,0.00041769999370444566,1.0
1.0,0.2857142857142857,0.0,4,14,1000,0.55,115,multiplier,0.002925099994172342,1.0
1.0,0.2857142857142857,0.0,4,14,1000,0.55,115,exact_bonferroni,0.0010514999958104454,1.0
1.0,0.07142857142857142,0.0,1,14,1000,0.55,115,hoeffding,0.0004002999994554557,1.0
1.0,0.2857142857142857,0.0,4,14,1000,0.55,115,holm,0.0005813999960082583,
1.0,0.7857142857142857,0.0,11,14,1000,0.55,116,pointwise,0.0007616000002599321,0.0
1.0,0.42857142857142855,0.0,6,14,1000,0.55,116,normal_bonferroni,0.0007396000000881031,1.0
1.0,0.42857142857142855,0.0,6,14,1000,0.55,116,multiplier,0.003682000002299901,1.0
1.0,0.35714285714285715,0.0,5,14,1000,0.55,116,exact_bonferroni,0.0011218999934499152,1.0
1.0,0.14285714285714285,0.0,2,14,1000,0.55,116,hoeffding,0.00037910000537522137,1.0
1.0,0.35714285714285715,0.0,5,14,1000,0.55,116,holm,0.0005982999937259592,
1.0,0.2857142857142857,0.0,4,14,1000,0.55,117,pointwise,0.000771099999838043,1.0
1.0,0.14285714285714285,0.0,2,14,1000,0.55,117,normal_bonferroni,0.0006853999948361889,1.0
1.0,0.14285714285714285,0.0,2,14,1000,0.55,117,multiplier,0.0038714000038453378,1.0
1.0,0.07142857142857142,0.0,1,14,1000,0.55,117,exact_bonferroni,0.001073399995220825,1.0
1.0,0.0,0.0,0,14,1000,0.55,117,hoeffding,0.0003987000018241815,1.0
1.0,0.07142857142857142,0.0,1,14,1000,0.55,117,holm,0.0005480999971041456,
1.0,0.5,0.0,7,14,1000,0.55,118,pointwise,0.0007053000008454546,0.0
1.0,0.2857142857142857,0.0,4,14,1000,0.55,118,normal_bonferroni,0.0008119999984046444,1.0
1.0,0.2857142857142857,0.0,4,14,1000,0.55,118,multiplier,0.003206800000043586,1.0
1.0,0.2857142857142857,0.0,4,14,1000,0.55,118,exact_bonferroni,0.0009963999982574023,1.0
1.0,0.14285714285714285,0.0,2,14,1000,0.55,118,hoeffding,0.0003643000018200837,1.0
1.0,0.2857142857142857,0.0,4,14,1000,0.55,118,holm,0.0005339999988791533,
1.0,0.35714285714285715,0.0,5,14,1000,0.55,119,pointwise,0.0007362000033026561,1.0
1.0,0.35714285714285715,0.0,5,14,1000,0.55,119,normal_bonferroni,0.0006756999937351793,1.0
1.0,0.35714285714285715,0.0,5,14,1000,0.55,119,multiplier,0.0033125000045401976,1.0
1.0,0.35714285714285715,0.0,5,14,1000,0.55,119,exact_bonferroni,0.000923999999940861,1.0
1.0,0.21428571428571427,0.0,3,14,1000,0.55,119,hoeffding,0.00033259999327128753,1.0
1.0,0.35714285714285715,0.0,5,14,1000,0.55,119,holm,0.00048579999565845355,
1.0,0.6428571428571429,0.0,9,14,1000,0.55,120,pointwise,0.0006715000054100528,0.0
1.0,0.35714285714285715,0.0,5,14,1000,0.55,120,normal_bonferroni,0.0005877999938093126,1.0
1.0,0.35714285714285715,0.0,5,14,1000,0.55,120,multiplier,0.0030560999948647805,1.0
1.0,0.2857142857142857,0.0,4,14,1000,0.55,120,exact_bonferroni,0.000935099997150246,1.0
1.0,0.14285714285714285,0.0,2,14,1000,0.55,120,hoeffding,0.0003338000024086796,1.0
1.0,0.2857142857142857,0.0,4,14,1000,0.55,120,holm,0.0004600000029313378,
1.0,0.2857142857142857,0.0,4,14,1000,0.55,121,pointwise,0.0006796000016038306,1.0
1.0,0.21428571428571427,0.0,3,14,1000,0.55,121,normal_bonferroni,0.0006143999999039806,1.0
1.0,0.21428571428571427,0.0,3,14,1000,0.55,121,multiplier,0.003110700003162492,1.0
1.0,0.21428571428571427,0.0,3,14,1000,0.55,121,exact_bonferroni,0.0008881999965524301,1.0
1.0,0.07142857142857142,0.0,1,14,1000,0.55,121,hoeffding,0.00031680000392952934,1.0
1.0,0.21428571428571427,0.0,3,14,1000,0.55,121,holm,0.00045819999650120735,
1.0,0.5,0.0,7,14,1000,0.55,122,pointwise,0.0006238999994820915,0.0
1.0,0.35714285714285715,0.0,5,14,1000,0.55,122,normal_bonferroni,0.0006461999946623109,1.0
1.0,0.35714285714285715,0.0,5,14,1000,0.55,122,multiplier,0.003199500002665445,1.0
1.0,0.35714285714285715,0.0,5,14,1000,0.55,122,exact_bonferroni,0.0010563000032561831,1.0
1.0,0.14285714285714285,0.0,2,14,1000,0.55,122,hoeffding,0.00033829999301815405,1.0
1.0,0.35714285714285715,0.0,5,14,1000,0.55,122,holm,0.0005144999959156848,
1.0,0.5,0.0,7,14,1000,0.55,123,pointwise,0.0007991000020410866,1.0
1.0,0.21428571428571427,0.0,3,14,1000,0.55,123,normal_bonferroni,0.0006940999955986626,1.0
1.0,0.2857142857142857,0.0,4,14,1000,0.55,123,multiplier,0.003652300001704134,1.0
1.0,0.21428571428571427,0.0,3,14,1000,0.55,123,exact_bonferroni,0.001115199993364513,1.0
1.0,0.07142857142857142,0.0,1,14,1000,0.55,123,hoeffding,0.00041570000030333176,1.0
1.0,0.21428571428571427,0.0,3,14,1000,0.55,123,holm,0.0005690999969374388,
1.0,0.2857142857142857,0.0,4,14,1000,0.55,124,pointwise,0.0007272000002558343,1.0
1.0,0.14285714285714285,0.0,2,14,1000,0.55,124,normal_bonferroni,0.0007288999986485578,1.0
1.0,0.14285714285714285,0.0,2,14,1000,0.55,124,multiplier,0.003719000000273809,1.0
1.0,0.14285714285714285,0.0,2,14,1000,0.55,124,exact_bonferroni,0.0011222999964957125,1.0
1.0,0.07142857142857142,0.0,1,14,1000,0.55,124,hoeffding,0.00037429999792948365,1.0
1.0,0.14285714285714285,0.0,2,14,1000,0.55,124,holm,0.0005435000057332218,
1.0,0.42857142857142855,0.0,6,14,1000,0.55,125,pointwise,0.000650499998300802,1.0
1.0,0.35714285714285715,0.0,5,14,1000,0.55,125,normal_bonferroni,0.0006603000001632608,1.0
1.0,0.35714285714285715,0.0,5,14,1000,0.55,125,multiplier,0.0037164999957894906,1.0
1.0,0.35714285714285715,0.0,5,14,1000,0.55,125,exact_bonferroni,0.0011040000026696362,1.0
1.0,0.14285714285714285,0.0,2,14,1000,0.55,125,hoeffding,0.00038109999877633527,1.0
1.0,0.35714285714285715,0.0,5,14,1000,0.55,125,holm,0.0005629000006592833,
1.0,0.5,0.0,7,14,1000,0.55,126,pointwise,0.0003536000003805384,0.0
1.0,0.2857142857142857,0.0,4,14,1000,0.55,126,normal_bonferroni,0.00033650000113993883,1.0
1.0,0.2857142857142857,0.0,4,14,1000,0.55,126,multiplier,0.0033235000009881333,1.0
1.0,0.2857142857142857,0.0,4,14,1000,0.55,126,exact_bonferroni,0.0010492000001249835,1.0
1.0,0.21428571428571427,0.0,3,14,1000,0.55,126,hoeffding,0.00027799999952549115,1.0
1.0,0.2857142857142857,0.0,4,14,1000,0.55,126,holm,0.0005281999983708374,
1.0,0.35714285714285715,0.0,5,14,1000,0.55,127,pointwise,0.0007662999996682629,1.0
1.0,0.14285714285714285,0.0,2,14,1000,0.55,127,normal_bonferroni,0.000690799999574665,1.0
1.0,0.14285714285714285,0.0,2,14,1000,0.55,127,multiplier,0.003717200001119636,1.0
1.0,0.14285714285714285,0.0,2,14,1000,0.55,127,exact_bonferroni,0.0010976999983540736,1.0
1.0,0.14285714285714285,0.0,2,14,1000,0.55,127,hoeffding,0.0003847999978461303,1.0
1.0,0.14285714285714285,0.0,2,14,1000,0.55,127,holm,0.0005734000005759299,
1.0,0.42857142857142855,0.0,6,14,1000,0.55,128,pointwise,0.0012311999962548725,0.0
1.0,0.14285714285714285,0.0,2,14,1000,0.55,128,normal_bonferroni,0.0010407000008854084,1.0
1.0,0.14285714285714285,0.0,2,14,1000,0.55,128,multiplier,0.005143900001712609,1.0
1.0,0.14285714285714285,0.0,2,14,1000,0.55,128,exact_bonferroni,0.0008772000001044944,1.0
1.0,0.07142857142857142,0.0,1,14,1000,0.55,128,hoeffding,0.00028139999631093815,1.0
1.0,0.14285714285714285,0.0,2,14,1000,0.55,128,holm,0.0007616000002599321,
1.0,0.35714285714285715,0.0,5,14,1000,0.55,129,pointwise,0.0013006000008317642,1.0
1.0,0.2857142857142857,0.0,4,14,1000,0.55,129,normal_bonferroni,0.0012787000014213845,1.0
1.0,0.2857142857142857,0.0,4,14,1000,0.55,129,multiplier,0.004761000003782101,1.0
1.0,0.2857142857142857,0.0,4,14,1000,0.55,129,exact_bonferroni,0.0016419000021414831,1.0
1.0,0.14285714285714285,0.0,2,14,1000,0.55,129,hoeffding,0.0005938000031164847,1.0
1.0,0.2857142857142857,0.0,4,14,1000,0.55,129,holm,0.000829399999929592,
1.0,0.42857142857142855,0.0,6,14,1000,0.55,130,pointwise,0.0003782999992836267,1.0
1.0,0.2857142857142857,0.0,4,14,1000,0.55,130,normal_bonferroni,0.0005648000005749054,1.0
1.0,0.2857142857142857,0.0,4,14,1000,0.55,130,multiplier,0.003999699998530559,1.0
1.0,0.2857142857142857,0.0,4,14,1000,0.55,130,exact_bonferroni,0.0016993000026559457,1.0
1.0,0.07142857142857142,0.0,1,14,1000,0.55,130,hoeffding,0.0005818000063300133,1.0
1.0,0.2857142857142857,0.0,4,14,1000,0.55,130,holm,0.0008384000029764138,
1.0,0.35714285714285715,0.0,5,14,1000,0.55,131,pointwise,0.0013622999977087602,1.0
1.0,0.14285714285714285,0.0,2,14,1000,0.55,131,normal_bonferroni,0.001177799997094553,1.0
1.0,0.14285714285714285,0.0,2,14,1000,0.55,131,multiplier,0.004172699998889584,1.0
1.0,0.14285714285714285,0.0,2,14,1000,0.55,131,exact_bonferroni,0.0015413000000989996,1.0
1.0,0.07142857142857142,0.0,1,14,1000,0.55,131,hoeffding,0.0005918000024394132,1.0
1.0,0.14285714285714285,0.0,2,14,1000,0.55,131,holm,0.000945200001297053,
1.0,0.21428571428571427,0.0,3,14,1000,0.55,132,pointwise,0.0011756999956560321,1.0
1.0,0.07142857142857142,0.0,1,14,1000,0.55,132,normal_bonferroni,0.0010345999980927445,1.0
1.0,0.07142857142857142,0.0,1,14,1000,0.55,132,multiplier,0.003802300001552794,1.0
1.0,0.07142857142857142,0.0,1,14,1000,0.55,132,exact_bonferroni,0.001355599997623358,1.0
1.0,0.0,0.0,0,14,1000,0.55,132,hoeffding,0.0005644999982905574,1.0
1.0,0.07142857142857142,0.0,1,14,1000,0.55,132,holm,0.0009121000039158389,
1.0,0.6428571428571429,0.0,9,14,1000,0.55,133,pointwise,0.0013906999956816435,0.0
1.0,0.2857142857142857,0.0,4,14,1000,0.55,133,normal_bonferroni,0.0011486000003060326,1.0
1.0,0.2857142857142857,0.0,4,14,1000,0.55,133,multiplier,0.006272999999055173,0.0
1.0,0.2857142857142857,0.0,4,14,1000,0.55,133,exact_bonferroni,0.0017253999976674095,1.0
1.0,0.21428571428571427,0.0,3,14,1000,0.55,133,hoeffding,0.0005531999995582737,1.0
1.0,0.2857142857142857,0.0,4,14,1000,0.55,133,holm,0.0008305999945150688,
1.0,0.5,0.0,7,14,1000,0.55,134,pointwise,0.0003958999950555153,1.0
1.0,0.35714285714285715,0.0,5,14,1000,0.55,134,normal_bonferroni,0.0003431000004638918,1.0
1.0,0.35714285714285715,0.0,5,14,1000,0.55,134,multiplier,0.003912300002411939,1.0
1.0,0.2857142857142857,0.0,4,14,1000,0.55,134,exact_bonferroni,0.0011563000007299706,1.0
1.0,0.14285714285714285,0.0,2,14,1000,0.55,134,hoeffding,0.0004155000060563907,1.0
1.0,0.2857142857142857,0.0,4,14,1000,0.55,134,holm,0.0005727999960072339,
1.0,0.35714285714285715,0.0,5,14,1000,0.55,135,pointwise,0.0007665000011911616,0.0
1.0,0.2857142857142857,0.0,4,14,1000,0.55,135,normal_bonferroni,0.0007217000020318665,1.0
1.0,0.2857142857142857,0.0,4,14,1000,0.55,135,multiplier,0.0037818999990122393,1.0
1.0,0.21428571428571427,0.0,3,14,1000,0.55,135,exact_bonferroni,0.0012380000043776818,1.0
1.0,0.07142857142857142,0.0,1,14,1000,0.55,135,hoeffding,0.00028789999487344176,1.0
1.0,0.2857142857142857,0.0,4,14,1000,0.55,135,holm,0.0006619999985559843,
1.0,0.5714285714285714,0.0,8,14,1000,0.55,136,pointwise,0.0011768999975174665,0.0
1.0,0.2857142857142857,0.0,4,14,1000,0.55,136,normal_bonferroni,0.0011702999981935136,1.0
1.0,0.2857142857142857,0.0,4,14,1000,0.55,136,multiplier,0.0043664999975590035,1.0
1.0,0.2857142857142857,0.0,4,14,1000,0.55,136,exact_bonferroni,0.001327799996943213,1.0
1.0,0.21428571428571427,0.0,3,14,1000,0.55,136,hoeffding,0.00044919999345438555,1.0
1.0,0.2857142857142857,0.0,4,14,1000,0.55,136,holm,0.000647100001515355,
1.0,0.21428571428571427,0.0,3,14,1000,0.55,137,pointwise,0.0009752999976626597,1.0
1.0,0.14285714285714285,0.0,2,14,1000,0.55,137,normal_bonferroni,0.0005386000048019923,1.0
1.0,0.14285714285714285,0.0,2,14,1000,0.55,137,multiplier,0.0037908000012976117,1.0
1.0,0.07142857142857142,0.0,1,14,1000,0.55,137,exact_bonferroni,0.0013233999998192303,1.0
1.0,0.0,0.0,0,14,1000,0.55,137,hoeffding,0.00044969999726163223,1.0
1.0,0.07142857142857142,0.0,1,14,1000,0.55,137,holm,0.0006898999999975786,
1.0,0.35714285714285715,0.0,5,14,1000,0.55,138,pointwise,0.0008652999968035147,1.0
1.0,0.21428571428571427,0.0,3,14,1000,0.55,138,normal_bonferroni,0.0008091999989119358,1.0
1.0,0.21428571428571427,0.0,3,14,1000,0.55,138,multiplier,0.004687599997851066,1.0
1.0,0.21428571428571427,0.0,3,14,1000,0.55,138,exact_bonferroni,0.002220499998657033,1.0
1.0,0.14285714285714285,0.0,2,14,1000,0.55,138,hoeffding,0.0005267000015010126,1.0
1.0,0.21428571428571427,0.0,3,14,1000,0.55,138,holm,0.0007550000009359792,
1.0,0.35714285714285715,0.0,5,14,1000,0.55,139,pointwise,0.0008602000016253442,1.0
1.0,0.35714285714285715,0.0,5,14,1000,0.55,139,normal_bonferroni,0.0008106999957817607,1.0
1.0,0.35714285714285715,0.0,5,14,1000,0.55,139,multiplier,0.004083499996340834,1.0
1.0,0.35714285714285715,0.0,5,14,1000,0.55,139,exact_bonferroni,0.0012320000023464672,1.0
1.0,0.21428571428571427,0.0,3,14,1000,0.55,139,hoeffding,0.00040269999590236694,1.0
1.0,0.35714285714285715,0.0,5,14,1000,0.55,139,holm,0.0006599999978789128,
1.0,0.5714285714285714,0.0,8,14,1000,0.55,140,pointwise,0.00078189999476308,0.0
1.0,0.35714285714285715,0.0,5,14,1000,0.55,140,normal_bonferroni,0.0007335000045713969,1.0
1.0,0.35714285714285715,0.0,5,14,1000,0.55,140,multiplier,0.003765599998587277,1.0
1.0,0.35714285714285715,0.0,5,14,1000,0.55,140,exact_bonferroni,0.0011355999959050678,1.0
1.0,0.14285714285714285,0.0,2,14,1000,0.55,140,hoeffding,0.0003924999982700683,1.0
1.0,0.35714285714285715,0.0,5,14,1000,0.55,140,holm,0.000614800002949778,
1.0,0.2857142857142857,0.0,4,14,1000,0.55,141,pointwise,0.0005498999962583184,1.0
1.0,0.07142857142857142,0.0,1,14,1000,0.55,141,normal_bonferroni,0.0006457999988924712,1.0
1.0,0.07142857142857142,0.0,1,14,1000,0.55,141,multiplier,0.00379399999656016,1.0
1.0,0.07142857142857142,0.0,1,14,1000,0.55,141,exact_bonferroni,0.0014393000019481406,1.0
1.0,0.07142857142857142,0.0,1,14,1000,0.55,141,hoeffding,0.000396099996578414,1.0
1.0,0.07142857142857142,0.0,1,14,1000,0.55,141,holm,0.00047679999988758937,
1.0,0.6428571428571429,0.0,9,14,1000,0.55,142,pointwise,0.000749099999666214,0.0
1.0,0.2857142857142857,0.0,4,14,1000,0.55,142,normal_bonferroni,0.0006826999961049296,1.0
1.0,0.2857142857142857,0.0,4,14,1000,0.55,142,multiplier,0.00368029999663122,1.0
1.0,0.2857142857142857,0.0,4,14,1000,0.55,142,exact_bonferroni,0.0011116000023321249,1.0
1.0,0.14285714285714285,0.0,2,14,1000,0.55,142,hoeffding,0.0003772999989450909,1.0
1.0,0.2857142857142857,0.0,4,14,1000,0.55,142,holm,0.0005481999978655949,
1.0,0.35714285714285715,0.0,5,14,1000,0.55,143,pointwise,0.0007851000045775436,1.0
1.0,0.21428571428571427,0.0,3,14,1000,0.55,143,normal_bonferroni,0.0006949000016902573,1.0
1.0,0.21428571428571427,0.0,3,14,1000,0.55,143,multiplier,0.003166199996485375,1.0
1.0,0.21428571428571427,0.0,3,14,1000,0.55,143,exact_bonferroni,0.0010661999986041337,1.0
1.0,0.14285714285714285,0.0,2,14,1000,0.55,143,hoeffding,0.00039969999488675967,1.0
1.0,0.21428571428571427,0.0,3,14,1000,0.55,143,holm,0.0006340000036288984,
1.0,0.5714285714285714,0.0,8,14,1000,0.55,144,pointwise,0.0007496000034734607,0.0
1.0,0.2857142857142857,0.0,4,14,1000,0.55,144,normal_bonferroni,0.0007340000011026859,1.0
1.0,0.35714285714285715,0.0,5,14,1000,0.55,144,multiplier,0.0037093999999342486,1.0
1.0,0.2857142857142857,0.0,4,14,1000,0.55,144,exact_bonferroni,0.00109119999979157,1.0
1.0,0.21428571428571427,0.0,3,14,1000,0.55,144,hoeffding,0.000392699999792967,1.0
1.0,0.2857142857142857,0.0,4,14,1000,0.55,144,holm,0.000564200003282167,
1.0,0.42857142857142855,0.0,6,14,1000,0.55,145,pointwise,0.0007161000030464493,1.0
1.0,0.14285714285714285,0.0,2,14,1000,0.55,145,normal_bonferroni,0.0005405999982031062,1.0
1.0,0.14285714285714285,0.0,2,14,1000,0.55,145,multiplier,0.0027666000023600645,1.0
1.0,0.14285714285714285,0.0,2,14,1000,0.55,145,exact_bonferroni,0.0009964999990188517,1.0
1.0,0.07142857142857142,0.0,1,14,1000,0.55,145,hoeffding,0.0004048999981023371,1.0
1.0,0.14285714285714285,0.0,2,14,1000,0.55,145,holm,0.0006786000012652948,
1.0,0.6428571428571429,0.0,9,14,1000,0.55,146,pointwise,0.0005291999987093732,0.0
1.0,0.35714285714285715,0.0,5,14,1000,0.55,146,normal_bonferroni,0.0008551999999326654,1.0
1.0,0.35714285714285715,0.0,5,14,1000,0.55,146,multiplier,0.0024981000024126843,1.0
1.0,0.35714285714285715,0.0,5,14,1000,0.55,146,exact_bonferroni,0.0010561000017332844,1.0
1.0,0.21428571428571427,0.0,3,14,1000,0.55,146,hoeffding,0.0004178000017418526,1.0
1.0,0.35714285714285715,0.0,5,14,1000,0.55,146,holm,0.0006453000023611821,
1.0,0.5,0.0,7,14,1000,0.55,147,pointwise,0.0008358999984920956,0.0
1.0,0.2857142857142857,0.0,4,14,1000,0.55,147,normal_bonferroni,0.0008581000001868233,1.0
1.0,0.2857142857142857,0.0,4,14,1000,0.55,147,multiplier,0.003599800002120901,1.0
1.0,0.2857142857142857,0.0,4,14,1000,0.55,147,exact_bonferroni,0.00109119999979157,1.0
1.0,0.14285714285714285,0.0,2,14,1000,0.55,147,hoeffding,0.0003947000004700385,1.0
1.0,0.2857142857142857,0.0,4,14,1000,0.55,147,holm,0.0006198999981279485,
1.0,0.7142857142857143,0.0,10,14,1000,0.55,148,pointwise,0.0008084000000962988,0.0
1.0,0.5,0.0,7,14,1000,0.55,148,normal_bonferroni,0.0007186000002548099,1.0
1.0,0.5,0.0,7,14,1000,0.55,148,multiplier,0.003751700001885183,1.0
1.0,0.42857142857142855,0.0,6,14,1000,0.55,148,exact_bonferroni,0.001113800004532095,1.0
1.0,0.35714285714285715,0.0,5,14,1000,0.55,148,hoeffding,0.00041620000411057845,1.0
1.0,0.5,0.0,7,14,1000,0.55,148,holm,0.0005722999994759448,
1.0,0.5,0.0,7,14,1000,0.55,149,pointwise,0.000739100003556814,0.0
1.0,0.35714285714285715,0.0,5,14,1000,0.55,149,normal_bonferroni,0.0007254999945871532,1.0
1.0,0.35714285714285715,0.0,5,14,1000,0.55,149,multiplier,0.0037111000056029297,1.0
1.0,0.35714285714285715,0.0,5,14,1000,0.55,149,exact_bonferroni,0.0008421000020462088,1.0
1.0,0.21428571428571427,0.0,3,14,1000,0.55,149,hoeffding,0.00024989999656099826,1.0
1.0,0.35714285714285715,0.0,5,14,1000,0.55,149,holm,0.0009448999990127049,
1.0,0.7857142857142857,0.0,11,14,1000,0.55,150,pointwise,0.0007771000018692575,0.0
1.0,0.5,0.0,7,14,1000,0.55,150,normal_bonferroni,0.0007489999989047647,1.0
1.0,0.5,0.0,7,14,1000,0.55,150,multiplier,0.003963700000895187,1.0
1.0,0.2857142857142857,0.0,4,14,1000,0.55,150,exact_bonferroni,0.0011165000032633543,1.0
1.0,0.14285714285714285,0.0,2,14,1000,0.55,150,hoeffding,0.00044690000504488125,1.0
1.0,0.5,0.0,7,14,1000,0.55,150,holm,0.0005999999993946403,
1.0,0.2857142857142857,0.0,4,14,1000,0.55,151,pointwise,0.0007887000028858893,1.0
1.0,0.14285714285714285,0.0,2,14,1000,0.55,151,normal_bonferroni,0.0007550999944214709,1.0
1.0,0.14285714285714285,0.0,2,14,1000,0.55,151,multiplier,0.0038886999973328784,1.0
1.0,0.14285714285714285,0.0,2,14,1000,0.55,151,exact_bonferroni,0.0011064999998779967,1.0
1.0,0.0,0.0,0,14,1000,0.55,151,hoeffding,0.00040320000698557124,1.0
1.0,0.14285714285714285,0.0,2,14,1000,0.55,151,holm,0.0006087000001571141,
1.0,0.7857142857142857,0.0,11,14,1000,0.55,152,pointwise,0.0007799000013619661,0.0
1.0,0.5714285714285714,0.0,8,14,1000,0.55,152,normal_bonferroni,0.000749400001950562,0.0
1.0,0.5714285714285714,0.0,8,14,1000,0.55,152,multiplier,0.0038118999946163967,0.0
1.0,0.5714285714285714,0.0,8,14,1000,0.55,152,exact_bonferroni,0.0011345000020810403,1.0
1.0,0.2857142857142857,0.0,4,14,1000,0.55,152,hoeffding,0.000385499995900318,1.0
1.0,0.5714285714285714,0.0,8,14,1000,0.55,152,holm,0.0005815000040456653,
1.0,0.7142857142857143,0.0,10,14,1000,0.55,153,pointwise,0.0008104000007733703,1.0
1.0,0.2857142857142857,0.0,4,14,1000,0.55,153,normal_bonferroni,0.0007591999965370633,1.0
1.0,0.2857142857142857,0.0,4,14,1000,0.55,153,multiplier,0.003772299998672679,1.0
1.0,0.21428571428571427,0.0,3,14,1000,0.55,153,exact_bonferroni,0.001186900000902824,1.0
1.0,0.14285714285714285,0.0,2,14,1000,0.55,153,hoeffding,0.0004265000025043264,1.0
1.0,0.21428571428571427,0.0,3,14,1000,0.55,153,holm,0.0005831000016769394,
1.0,0.5,0.0,7,14,1000,0.55,154,pointwise,0.00113229999988107,1.0
1.0,0.21428571428571427,0.0,3,14,1000,0.55,154,normal_bonferroni,0.0007863999999244697,1.0
1.0,0.21428571428571427,0.0,3,14,1000,0.55,154,multiplier,0.003748700000869576,1.0
1.0,0.14285714285714285,0.0,2,14,1000,0.55,154,exact_bonferroni,0.0012204000013298355,1.0
1.0,0.07142857142857142,0.0,1,14,1000,0.55,154,hoeffding,0.00038700000004610047,1.0
1.0,0.14285714285714285,0.0,2,14,1000,0.55,154,holm,0.0006009999997331761,
1.0,0.5714285714285714,0.0,8,14,1000,0.55,155,pointwise,0.0007559000005130656,0.0
1.0,0.42857142857142855,0.0,6,14,1000,0.55,155,normal_bonferroni,0.0007266000029630959,1.0
1.0,0.42857142857142855,0.0,6,14,1000,0.55,155,multiplier,0.0037211000017123297,1.0
1.0,0.35714285714285715,0.0,5,14,1000,0.55,155,exact_bonferroni,0.0010541999945417047,1.0
1.0,0.21428571428571427,0.0,3,14,1000,0.55,155,hoeffding,0.0003749000024981797,1.0
1.0,0.42857142857142855,0.0,6,14,1000,0.55,155,holm,0.000549600001249928,
1.0,0.5,0.0,7,14,1000,0.55,156,pointwise,0.0007404999996651895,1.0
1.0,0.14285714285714285,0.0,2,14,1000,0.55,156,normal_bonferroni,0.0006715999988955446,1.0
1.0,0.14285714285714285,0.0,2,14,1000,0.55,156,multiplier,0.003481100000499282,1.0
1.0,0.14285714285714285,0.0,2,14,1000,0.55,156,exact_bonferroni,0.0009740999958012253,1.0
1.0,0.07142857142857142,0.0,1,14,1000,0.55,156,hoeffding,0.0003403000009711832,1.0
1.0,0.14285714285714285,0.0,2,14,1000,0.55,156,holm,0.0005764000015915371,
1.0,0.5,0.0,7,14,1000,0.55,157,pointwise,0.0006796000016038306,1.0
1.0,0.21428571428571427,0.0,3,14,1000,0.55,157,normal_bonferroni,0.0006433000016841106,1.0
1.0,0.21428571428571427,0.0,3,14,1000,0.55,157,multiplier,0.003406099996936973,1.0
1.0,0.14285714285714285,0.0,2,14,1000,0.55,157,exact_bonferroni,0.0009606999956304207,1.0
1.0,0.07142857142857142,0.0,1,14,1000,0.55,157,hoeffding,0.0003789000038523227,1.0
1.0,0.21428571428571427,0.0,3,14,1000,0.55,157,holm,0.0005148999989614822,
1.0,0.5714285714285714,0.0,8,14,1000,0.55,158,pointwise,0.0018653000006452203,1.0
1.0,0.2857142857142857,0.0,4,14,1000,0.55,158,normal_bonferroni,0.00035880000359611586,1.0
1.0,0.2857142857142857,0.0,4,14,1000,0.55,158,multiplier,0.0032110999964061193,1.0
1.0,0.14285714285714285,0.0,2,14,1000,0.55,158,exact_bonferroni,0.0013978999995742925,1.0
1.0,0.14285714285714285,0.0,2,14,1000,0.55,158,hoeffding,0.0005590000000665896,1.0
1.0,0.2857142857142857,0.0,4,14,1000,0.55,158,holm,0.000632800001767464,
1.0,0.2857142857142857,0.0,4,14,1000,0.55,159,pointwise,0.0007403999989037402,1.0
1.0,0.21428571428571427,0.0,3,14,1000,0.55,159,normal_bonferroni,0.0006762999983038753,1.0
1.0,0.21428571428571427,0.0,3,14,1000,0.55,159,multiplier,0.0036948000051779673,1.0
1.0,0.21428571428571427,0.0,3,14,1000,0.55,159,exact_bonferroni,0.000949699999182485,1.0
1.0,0.07142857142857142,0.0,1,14,1000,0.55,159,hoeffding,0.0002919000035035424,1.0
1.0,0.21428571428571427,0.0,3,14,1000,0.55,159,holm,0.00040579999767942354,
1.0,0.5714285714285714,0.0,8,14,1000,0.55,160,pointwise,0.0004273000013199635,0.0
1.0,0.2857142857142857,0.0,4,14,1000,0.55,160,normal_bonferroni,0.0005793000018456951,1.0
1.0,0.2857142857142857,0.0,4,14,1000,0.55,160,multiplier,0.0034043999985442497,1.0
1.0,0.2857142857142857,0.0,4,14,1000,0.55,160,exact_bonferroni,0.0005468999952427112,1.0
1.0,0.14285714285714285,0.0,2,14,1000,0.55,160,hoeffding,0.00018219999765278772,1.0
1.0,0.2857142857142857,0.0,4,14,1000,0.55,160,holm,0.0002796000044327229,
1.0,0.2857142857142857,0.0,4,14,1000,0.55,161,pointwise,0.001071799997589551,1.0
1.0,0.14285714285714285,0.0,2,14,1000,0.55,161,normal_bonferroni,0.0003938000008929521,1.0
1.0,0.14285714285714285,0.0,2,14,1000,0.55,161,multiplier,0.002995200004079379,1.0
1.0,0.14285714285714285,0.0,2,14,1000,0.55,161,exact_bonferroni,0.0005692999984603375,1.0
1.0,0.14285714285714285,0.0,2,14,1000,0.55,161,hoeffding,0.00019299999985378236,1.0
1.0,0.14285714285714285,0.0,2,14,1000,0.55,161,holm,0.00037230000452836975,
1.0,0.35714285714285715,0.0,5,14,1000,0.55,162,pointwise,0.0006820000053266995,1.0
1.0,0.14285714285714285,0.0,2,14,1000,0.55,162,normal_bonferroni,0.0006143999999039806,1.0
1.0,0.14285714285714285,0.0,2,14,1000,0.55,162,multiplier,0.0035124999994877726,1.0
1.0,0.07142857142857142,0.0,1,14,1000,0.55,162,exact_bonferroni,0.0012637999971047975,1.0
1.0,0.0,0.0,0,14,1000,0.55,162,hoeffding,0.00023800000053597614,1.0
1.0,0.07142857142857142,0.0,1,14,1000,0.55,162,holm,0.000545599999895785,
1.0,0.5,0.0,7,14,1000,0.55,163,pointwise,0.0004439999975147657,0.0
1.0,0.2857142857142857,0.0,4,14,1000,0.55,163,normal_bonferroni,0.0003935999993700534,1.0
1.0,0.2857142857142857,0.0,4,14,1000,0.55,163,multiplier,0.00307990000146674,1.0
1.0,0.2857142857142857,0.0,4,14,1000,0.55,163,exact_bonferroni,0.001204100000904873,1.0
1.0,0.21428571428571427,0.0,3,14,1000,0.55,163,hoeffding,0.0004119000004720874,1.0
1.0,0.2857142857142857,0.0,4,14,1000,0.55,163,holm,0.0005810000002384186,
1.0,0.5714285714285714,0.0,8,14,1000,0.55,164,pointwise,0.0007465999951818958,0.0
1.0,0.2857142857142857,0.0,4,14,1000,0.55,164,normal_bonferroni,0.0007501000000047497,1.0
1.0,0.35714285714285715,0.0,5,14,1000,0.55,164,multiplier,0.0032259999934467487,1.0
1.0,0.21428571428571427,0.0,3,14,1000,0.55,164,exact_bonferroni,0.0007081000003381632,1.0
1.0,0.14285714285714285,0.0,2,14,1000,0.55,164,hoeffding,0.00022020000324118882,1.0
1.0,0.2857142857142857,0.0,4,14,1000,0.55,164,holm,0.0003093999985139817,
1.0,0.5,0.0,7,14,1000,0.55,165,pointwise,0.0009724999981699511,1.0
1.0,0.2857142857142857,0.0,4,14,1000,0.55,165,normal_bonferroni,0.0007970000006025657,1.0
1.0,0.2857142857142857,0.0,4,14,1000,0.55,165,multiplier,0.0038410999986808747,1.0
1.0,0.21428571428571427,0.0,3,14,1000,0.55,165,exact_bonferroni,0.001115499995648861,1.0
1.0,0.07142857142857142,0.0,1,14,1000,0.55,165,hoeffding,0.0004090000002179295,1.0
1.0,0.2857142857142857,0.0,4,14,1000,0.55,165,holm,0.0005787999980384484,
1.0,0.5,0.0,7,14,1000,0.55,166,pointwise,0.00048740000056568533,1.0
1.0,0.2857142857142857,0.0,4,14,1000,0.55,166,normal_bonferroni,0.0003695999985211529,1.0
1.0,0.2857142857142857,0.0,4,14,1000,0.55,166,multiplier,0.0028025999999954365,1.0
1.0,0.2857142857142857,0.0,4,14,1000,0.55,166,exact_bonferroni,0.0012523999976110645,1.0
1.0,0.14285714285714285,0.0,2,14,1000,0.55,166,hoeffding,0.0006760999967809767,1.0
1.0,0.2857142857142857,0.0,4,14,1000,0.55,166,holm,0.0007007999956840649,
1.0,0.5,0.0,7,14,1000,0.55,167,pointwise,0.0007906999962870032,0.0
1.0,0.35714285714285715,0.0,5,14,1000,0.55,167,normal_bonferroni,0.0007544999971287325,1.0
1.0,0.35714285714285715,0.0,5,14,1000,0.55,167,multiplier,0.0037441000022226945,1.0
1.0,0.2857142857142857,0.0,4,14,1000,0.55,167,exact_bonferroni,0.0011339999982737936,1.0
1.0,0.21428571428571427,0.0,3,14,1000,0.55,167,hoeffding,0.0004096000047866255,1.0
1.0,0.2857142857142857,0.0,4,14,1000,0.55,167,holm,0.0006242999952519313,
1.0,0.35714285714285715,0.0,5,14,1000,0.55,168,pointwise,0.0007304000027943403,0.0
1.0,0.21428571428571427,0.0,3,14,1000,0.55,168,normal_bonferroni,0.000712799999746494,1.0
1.0,0.2857142857142857,0.0,4,14,1000,0.55,168,multiplier,0.003806300002906937,1.0
1.0,0.21428571428571427,0.0,3,14,1000,0.55,168,exact_bonferroni,0.0010948000053758733,1.0
1.0,0.21428571428571427,0.0,3,14,1000,0.55,168,hoeffding,0.000385600003937725,1.0
1.0,0.21428571428571427,0.0,3,14,1000,0.55,168,holm,0.0005660999959218316,
1.0,0.2857142857142857,0.0,4,14,1000,0.55,169,pointwise,0.0007335999980568886,1.0
1.0,0.21428571428571427,0.0,3,14,1000,0.55,169,normal_bonferroni,0.0006473000030382536,1.0
1.0,0.21428571428571427,0.0,3,14,1000,0.55,169,multiplier,0.0036847000010311604,1.0
1.0,0.21428571428571427,0.0,3,14,1000,0.55,169,exact_bonferroni,0.0010583000039332546,1.0
1.0,0.0,0.0,0,14,1000,0.55,169,hoeffding,0.00040640000224811956,1.0
1.0,0.21428571428571427,0.0,3,14,1000,0.55,169,holm,0.0005385999975260347,
1.0,0.5,0.0,7,14,1000,0.55,170,pointwise,0.0007115999978850596,1.0
1.0,0.2857142857142857,0.0,4,14,1000,0.55,170,normal_bonferroni,0.0006904000038048252,1.0
1.0,0.2857142857142857,0.0,4,14,1000,0.55,170,multiplier,0.003497999998216983,1.0
1.0,0.14285714285714285,0.0,2,14,1000,0.55,170,exact_bonferroni,0.0010240000046906061,1.0
1.0,0.07142857142857142,0.0,1,14,1000,0.55,170,hoeffding,0.00036840000393567607,1.0
1.0,0.21428571428571427,0.0,3,14,1000,0.55,170,holm,0.0005374999964260496,
1.0,0.7142857142857143,0.0,10,14,1000,0.55,171,pointwise,0.0006845999960205518,0.0
1.0,0.35714285714285715,0.0,5,14,1000,0.55,171,normal_bonferroni,0.0006206000034580939,1.0
1.0,0.35714285714285715,0.0,5,14,1000,0.55,171,multiplier,0.0035567000013543293,1.0
1.0,0.35714285714285715,0.0,5,14,1000,0.55,171,exact_bonferroni,0.0010256000023218803,1.0
1.0,0.07142857142857142,0.0,1,14,1000,0.55,171,hoeffding,0.0003628999984357506,1.0
1.0,0.35714285714285715,0.0,5,14,1000,0.55,171,holm,0.0005600000004051253,
1.0,0.7142857142857143,0.0,10,14,1000,0.55,172,pointwise,0.0006718000004184432,0.0
1.0,0.5,0.0,7,14,1000,0.55,172,normal_bonferroni,0.0006285999988904223,1.0
1.0,0.5714285714285714,0.0,8,14,1000,0.55,172,multiplier,0.003278299998783041,1.0
1.0,0.5,0.0,7,14,1000,0.55,172,exact_bonferroni,0.0009166999952867627,1.0
1.0,0.21428571428571427,0.0,3,14,1000,0.55,172,hoeffding,0.000316400000883732,1.0
1.0,0.5,0.0,7,14,1000,0.55,172,holm,0.0004905000023427419,
1.0,0.2857142857142857,0.0,4,14,1000,0.55,173,pointwise,0.0006276999993133359,1.0
1.0,0.14285714285714285,0.0,2,14,1000,0.55,173,normal_bonferroni,0.0005851999958395027,1.0
1.0,0.14285714285714285,0.0,2,14,1000,0.55,173,multiplier,0.0032363999998779036,1.0
1.0,0.14285714285714285,0.0,2,14,1000,0.55,173,exact_bonferroni,0.0010274000014760531,1.0
1.0,0.07142857142857142,0.0,1,14,1000,0.55,173,hoeffding,0.00038550000317627564,1.0
1.0,0.14285714285714285,0.0,2,14,1000,0.55,173,holm,0.0005890999964321963,
1.0,0.5714285714285714,0.0,8,14,1000,0.55,174,pointwise,0.0007447000025422312,0.0
1.0,0.2857142857142857,0.0,4,14,1000,0.55,174,normal_bonferroni,0.0006970000031287782,1.0
1.0,0.2857142857142857,0.0,4,14,1000,0.55,174,multiplier,0.0036656000011134893,1.0
1.0,0.2857142857142857,0.0,4,14,1000,0.55,174,exact_bonferroni,0.001106600000639446,1.0
1.0,0.14285714285714285,0.0,2,14,1000,0.55,174,hoeffding,0.0003823000006377697,1.0
1.0,0.2857142857142857,0.0,4,14,1000,0.55,174,holm,0.000556999999389518,
1.0,0.2857142857142857,0.0,4,14,1000,0.55,175,pointwise,0.0007082000010996126,1.0
1.0,0.07142857142857142,0.0,1,14,1000,0.55,175,normal_bonferroni,0.0007067999977152795,1.0
1.0,0.07142857142857142,0.0,1,14,1000,0.55,175,multiplier,0.0038123999984236434,1.0
1.0,0.07142857142857142,0.0,1,14,1000,0.55,175,exact_bonferroni,0.0008651000025565736,1.0
1.0,0.0,0.0,0,14,1000,0.55,175,hoeffding,0.0004151999964960851,1.0
1.0,0.07142857142857142,0.0,1,14,1000,0.55,175,holm,0.000578800005314406,
1.0,0.5,0.0,7,14,1000,0.55,176,pointwise,0.0007210999974631704,1.0
1.0,0.21428571428571427,0.0,3,14,1000,0.55,176,normal_bonferroni,0.0006802999996580184,1.0
1.0,0.2857142857142857,0.0,4,14,1000,0.55,176,multiplier,0.003526399996189866,1.0
1.0,0.14285714285714285,0.0,2,14,1000,0.55,176,exact_bonferroni,0.0010528999991947785,1.0
1.0,0.07142857142857142,0.0,1,14,1000,0.55,176,hoeffding,0.00036720000207424164,1.0
1.0,0.21428571428571427,0.0,3,14,1000,0.55,176,holm,0.0003769000031752512,
1.0,0.35714285714285715,0.0,5,14,1000,0.55,177,pointwise,0.0007081000003381632,1.0
1.0,0.07142857142857142,0.0,1,14,1000,0.55,177,normal_bonferroni,0.0006863000016892329,1.0
1.0,0.07142857142857142,0.0,1,14,1000,0.55,177,multiplier,0.0034464999989722855,1.0
1.0,0.07142857142857142,0.0,1,14,1000,0.55,177,exact_bonferroni,0.0009662000011303462,1.0
1.0,0.0,0.0,0,14,1000,0.55,177,hoeffding,0.0003525000065565109,1.0
1.0,0.07142857142857142,0.0,1,14,1000,0.55,177,holm,0.0005127999975229613,
1.0,0.42857142857142855,0.0,6,14,1000,0.55,178,pointwise,0.0006791000050725415,1.0
1.0,0.2857142857142857,0.0,4,14,1000,0.55,178,normal_bonferroni,0.0006136999945738353,1.0
1.0,0.2857142857142857,0.0,4,14,1000,0.55,178,multiplier,0.0032477999993716367,1.0
1.0,0.2857142857142857,0.0,4,14,1000,0.55,178,exact_bonferroni,0.0009558000019751489,1.0
1.0,0.07142857142857142,0.0,1,14,1000,0.55,178,hoeffding,0.0003735000063898042,1.0
1.0,0.2857142857142857,0.0,4,14,1000,0.55,178,holm,0.0005478999955812469,
0.0,0.7857142857142857,0.08333333333333333,12,14,1000,0.55,179,pointwise,0.0007181000037235208,0.0
1.0,0.5,0.0,7,14,1000,0.55,179,normal_bonferroni,0.0006601999994018115,1.0
1.0,0.5,0.0,7,14,1000,0.55,179,multiplier,0.003390999998373445,1.0
1.0,0.5,0.0,7,14,1000,0.55,179,exact_bonferroni,0.0009214000019710511,1.0
1.0,0.14285714285714285,0.0,2,14,1000,0.55,179,hoeffding,0.0003322000047774054,1.0
1.0,0.5,0.0,7,14,1000,0.55,179,holm,0.0005423999973572791,
1.0,0.6428571428571429,0.0,9,14,1000,0.55,180,pointwise,0.0006228999991435558,0.0
1.0,0.5714285714285714,0.0,8,14,1000,0.55,180,normal_bonferroni,0.0006046000053174794,1.0
1.0,0.5714285714285714,0.0,8,14,1000,0.55,180,multiplier,0.00322250000317581,1.0
1.0,0.5,0.0,7,14,1000,0.55,180,exact_bonferroni,0.0006806000019423664,1.0
1.0,0.21428571428571427,0.0,3,14,1000,0.55,180,hoeffding,0.0001981999957934022,1.0
1.0,0.5714285714285714,0.0,8,14,1000,0.55,180,holm,0.00031370000215247273,
1.0,0.35714285714285715,0.0,5,14,1000,0.55,181,pointwise,0.0006931000025360845,0.0
1.0,0.2857142857142857,0.0,4,14,1000,0.55,181,normal_bonferroni,0.0006213000015122816,1.0
1.0,0.35714285714285715,0.0,5,14,1000,0.55,181,multiplier,0.0035200999991502613,1.0
1.0,0.21428571428571427,0.0,3,14,1000,0.55,181,exact_bonferroni,0.0009656999973230995,1.0
1.0,0.21428571428571427,0.0,3,14,1000,0.55,181,hoeffding,0.0003369000041857362,1.0
1.0,0.2857142857142857,0.0,4,14,1000,0.55,181,holm,0.0005184999972698279,
1.0,0.6428571428571429,0.0,9,14,1000,0.55,182,pointwise,0.000632199997198768,0.0
1.0,0.35714285714285715,0.0,5,14,1000,0.55,182,normal_bonferroni,0.0006003000016789883,1.0
1.0,0.42857142857142855,0.0,6,14,1000,0.55,182,multiplier,0.00325880000309553,1.0
1.0,0.35714285714285715,0.0,5,14,1000,0.55,182,exact_bonferroni,0.0005087000026833266,1.0
1.0,0.21428571428571427,0.0,3,14,1000,0.55,182,hoeffding,0.0001847000021371059,1.0
1.0,0.35714285714285715,0.0,5,14,1000,0.55,182,holm,0.00026399999478599057,
1.0,0.35714285714285715,0.0,5,14,1000,0.55,183,pointwise,0.00063189999491442,1.0
1.0,0.14285714285714285,0.0,2,14,1000,0.55,183,normal_bonferroni,0.0005938000031164847,1.0
1.0,0.14285714285714285,0.0,2,14,1000,0.55,183,multiplier,0.002628599999297876,1.0
1.0,0.07142857142857142,0.0,1,14,1000,0.55,183,exact_bonferroni,0.0005338000046322122,1.0
1.0,0.07142857142857142,0.0,1,14,1000,0.55,183,hoeffding,0.0003132999991066754,1.0
1.0,0.07142857142857142,0.0,1,14,1000,0.55,183,holm,0.00048290000268025324,
1.0,0.35714285714285715,0.0,5,14,1000,0.55,184,pointwise,0.0005845999985467643,1.0
1.0,0.14285714285714285,0.0,2,14,1000,0.55,184,normal_bonferroni,0.0005667000004905276,1.0
1.0,0.14285714285714285,0.0,2,14,1000,0.55,184,multiplier,0.0028661999967880547,1.0
1.0,0.14285714285714285,0.0,2,14,1000,0.55,184,exact_bonferroni,0.0008140999998431653,1.0
1.0,0.14285714285714285,0.0,2,14,1000,0.55,184,hoeffding,0.00031290000333683565,1.0
1.0,0.14285714285714285,0.0,2,14,1000,0.55,184,holm,0.0004315999976824969,
1.0,0.2857142857142857,0.0,4,14,1000,0.55,185,pointwise,0.00037140000495128334,1.0
1.0,0.14285714285714285,0.0,2,14,1000,0.55,185,normal_bonferroni,0.0004034000012325123,1.0
1.0,0.14285714285714285,0.0,2,14,1000,0.55,185,multiplier,0.002900800005591009,1.0
1.0,0.14285714285714285,0.0,2,14,1000,0.55,185,exact_bonferroni,0.000835999999253545,1.0
1.0,0.07142857142857142,0.0,1,14,1000,0.55,185,hoeffding,0.00029879999783588573,1.0
1.0,0.14285714285714285,0.0,2,14,1000,0.55,185,holm,0.0004515999971772544,
1.0,0.9285714285714286,0.0,13,14,1000,0.55,186,pointwise,0.00034640000376384705,0.0
1.0,0.6428571428571429,0.0,9,14,1000,0.55,186,normal_bonferroni,0.00034389999927952886,1.0
1.0,0.6428571428571429,0.0,9,14,1000,0.55,186,multiplier,0.0027116999990539625,1.0
1.0,0.5,0.0,7,14,1000,0.55,186,exact_bonferroni,0.0007802999971318059,1.0
1.0,0.35714285714285715,0.0,5,14,1000,0.55,186,hoeffding,0.00042630000098142773,1.0
1.0,0.6428571428571429,0.0,9,14,1000,0.55,186,holm,0.000425300000642892,
1.0,0.35714285714285715,0.0,5,14,1000,0.55,187,pointwise,0.0013177000000723638,1.0
1.0,0.21428571428571427,0.0,3,14,1000,0.55,187,normal_bonferroni,0.0007192000048235059,1.0
1.0,0.21428571428571427,0.0,3,14,1000,0.55,187,multiplier,0.0032080000019050203,1.0
1.0,0.14285714285714285,0.0,2,14,1000,0.55,187,exact_bonferroni,0.0009602000063750893,1.0
1.0,0.0,0.0,0,14,1000,0.55,187,hoeffding,0.00033230000553885475,1.0
1.0,0.21428571428571427,0.0,3,14,1000,0.55,187,holm,0.0005514000004041009,
1.0,0.2857142857142857,0.0,4,14,1000,0.55,188,pointwise,0.000668799999402836,1.0
1.0,0.14285714285714285,0.0,2,14,1000,0.55,188,normal_bonferroni,0.0005821999948238954,1.0
1.0,0.14285714285714285,0.0,2,14,1000,0.55,188,multiplier,0.00312619999749586,1.0
1.0,0.14285714285714285,0.0,2,14,1000,0.55,188,exact_bonferroni,0.0009291999958804809,1.0
1.0,0.07142857142857142,0.0,1,14,1000,0.55,188,hoeffding,0.0003283000041847117,1.0
1.0,0.14285714285714285,0.0,2,14,1000,0.55,188,holm,0.0004914999954053201,
1.0,0.5,0.0,7,14,1000,0.55,189,pointwise,0.0006662999949185178,1.0
1.0,0.21428571428571427,0.0,3,14,1000,0.55,189,normal_bonferroni,0.0005846999993082136,1.0
1.0,0.2857142857142857,0.0,4,14,1000,0.55,189,multiplier,0.003034900000784546,1.0
1.0,0.21428571428571427,0.0,3,14,1000,0.55,189,exact_bonferroni,0.0008929999967222102,1.0
1.0,0.14285714285714285,0.0,2,14,1000,0.55,189,hoeffding,0.0003141999986837618,1.0
1.0,0.21428571428571427,0.0,3,14,1000,0.55,189,holm,0.0004532000020844862,
1.0,0.5,0.0,7,14,1000,0.55,190,pointwise,0.0006061000021873042,0.0
1.0,0.2857142857142857,0.0,4,14,1000,0.55,190,normal_bonferroni,0.0010261999996146187,1.0
1.0,0.35714285714285715,0.0,5,14,1000,0.55,190,multiplier,0.002658600002177991,1.0
1.0,0.21428571428571427,0.0,3,14,1000,0.55,190,exact_bonferroni,0.0009391999992658384,1.0
1.0,0.07142857142857142,0.0,1,14,1000,0.55,190,hoeffding,0.0003218000056222081,1.0
1.0,0.21428571428571427,0.0,3,14,1000,0.55,190,holm,0.0004819999958272092,
1.0,0.42857142857142855,0.0,6,14,1000,0.55,191,pointwise,0.0006144999933894724,0.0
1.0,0.2857142857142857,0.0,4,14,1000,0.55,191,normal_bonferroni,0.0010040000051958486,1.0
1.0,0.2857142857142857,0.0,4,14,1000,0.55,191,multiplier,0.0029865000033169053,1.0
1.0,0.2857142857142857,0.0,4,14,1000,0.55,191,exact_bonferroni,0.0008720999976503663,1.0
1.0,0.14285714285714285,0.0,2,14,1000,0.55,191,hoeffding,0.00031239999952958897,1.0
1.0,0.2857142857142857,0.0,4,14,1000,0.55,191,holm,0.00046210000436985865,
1.0,0.7142857142857143,0.0,10,14,1000,0.55,192,pointwise,0.0005886000071768649,0.0
1.0,0.35714285714285715,0.0,5,14,1000,0.55,192,normal_bonferroni,0.0005838999932166189,1.0
1.0,0.42857142857142855,0.0,6,14,1000,0.55,192,multiplier,0.0029742999977315776,1.0
1.0,0.35714285714285715,0.0,5,14,1000,0.55,192,exact_bonferroni,0.0008490999971400015,1.0
1.0,0.14285714285714285,0.0,2,14,1000,0.55,192,hoeffding,0.00032649999775458127,1.0
1.0,0.35714285714285715,0.0,5,14,1000,0.55,192,holm,0.0004484000019147061,
1.0,0.5714285714285714,0.0,8,14,1000,0.55,193,pointwise,0.0005955000015092082,1.0
1.0,0.21428571428571427,0.0,3,14,1000,0.55,193,normal_bonferroni,0.0008469000022159889,1.0
1.0,0.21428571428571427,0.0,3,14,1000,0.55,193,multiplier,0.003132400001049973,1.0
1.0,0.21428571428571427,0.0,3,14,1000,0.55,193,exact_bonferroni,0.0012266999983694404,1.0
1.0,0.07142857142857142,0.0,1,14,1000,0.55,193,hoeffding,0.00039259999903151765,1.0
1.0,0.21428571428571427,0.0,3,14,1000,0.55,193,holm,0.0005072000058135018,
1.0,0.2857142857142857,0.0,4,14,1000,0.55,194,pointwise,0.0006820999988121912,1.0
1.0,0.07142857142857142,0.0,1,14,1000,0.55,194,normal_bonferroni,0.0006166000021039508,1.0
1.0,0.07142857142857142,0.0,1,14,1000,0.55,194,multiplier,0.0033856000009109266,1.0
1.0,0.07142857142857142,0.0,1,14,1000,0.55,194,exact_bonferroni,0.0009082000033231452,1.0
1.0,0.0,0.0,0,14,1000,0.55,194,hoeffding,0.0003166999958921224,1.0
1.0,0.07142857142857142,0.0,1,14,1000,0.55,194,holm,0.0004790999955730513,
1.0,0.5,0.0,7,14,1000,0.55,195,pointwise,0.0013456999949994497,1.0
1.0,0.14285714285714285,0.0,2,14,1000,0.55,195,normal_bonferroni,0.0005584999962593429,1.0
1.0,0.14285714285714285,0.0,2,14,1000,0.55,195,multiplier,0.00289360000169836,1.0
1.0,0.14285714285714285,0.0,2,14,1000,0.55,195,exact_bonferroni,0.0008824999968055636,1.0
1.0,0.14285714285714285,0.0,2,14,1000,0.55,195,hoeffding,0.00030590000096708536,1.0
1.0,0.14285714285714285,0.0,2,14,1000,0.55,195,holm,0.00045229999523144215,
1.0,0.5,0.0,7,14,1000,0.55,196,pointwise,0.0005960999988019466,0.0
1.0,0.42857142857142855,0.0,6,14,1000,0.55,196,normal_bonferroni,0.0011166999975102954,1.0
1.0,0.42857142857142855,0.0,6,14,1000,0.55,196,multiplier,0.003119599998171907,1.0
1.0,0.35714285714285715,0.0,5,14,1000,0.55,196,exact_bonferroni,0.000931700000364799,1.0
1.0,0.21428571428571427,0.0,3,14,1000,0.55,196,hoeffding,0.0003279000011389144,1.0
1.0,0.42857142857142855,0.0,6,14,1000,0.55,196,holm,0.0007965000040712766,
1.0,0.5714285714285714,0.0,8,14,1000,0.55,197,pointwise,0.00043290000030538067,0.0
1.0,0.2857142857142857,0.0,4,14,1000,0.55,197,normal_bonferroni,0.0006192000000737607,0.0
1.0,0.2857142857142857,0.0,4,14,1000,0.55,197,multiplier,0.003849399996397551,0.0
1.0,0.2857142857142857,0.0,4,14,1000,0.55,197,exact_bonferroni,0.0010279999987687916,0.0
1.0,0.21428571428571427,0.0,3,14,1000,0.55,197,hoeffding,0.00034810000215657055,1.0
1.0,0.2857142857142857,0.0,4,14,1000,0.55,197,holm,0.0006489000006695278,
1.0,0.35714285714285715,0.0,5,14,1000,0.55,198,pointwise,0.0006636999969487078,1.0
1.0,0.21428571428571427,0.0,3,14,1000,0.55,198,normal_bonferroni,0.0006235999971977435,1.0
1.0,0.21428571428571427,0.0,3,14,1000,0.55,198,multiplier,0.003523500003211666,1.0
1.0,0.14285714285714285,0.0,2,14,1000,0.55,198,exact_bonferroni,0.0010758999997051433,1.0
1.0,0.14285714285714285,0.0,2,14,1000,0.55,198,hoeffding,0.00034610000147949904,1.0
1.0,0.21428571428571427,0.0,3,14,1000,0.55,198,holm,0.0006934000048204325,
1.0,0.5714285714285714,0.0,8,14,1000,0.55,199,pointwise,0.0007512000011047348,0.0
1.0,0.35714285714285715,0.0,5,14,1000,0.55,199,normal_bonferroni,0.0006569000033778138,1.0
1.0,0.42857142857142855,0.0,6,14,1000,0.55,199,multiplier,0.003410099998291116,1.0
1.0,0.35714285714285715,0.0,5,14,1000,0.55,199,exact_bonferroni,0.0009548000016366132,1.0
1.0,0.21428571428571427,0.0,3,14,1000,0.55,199,hoeffding,0.00036839999665971845,1.0
1.0,0.35714285714285715,0.0,5,14,1000,0.55,199,holm,0.00050560000090627,
1.0,0.42857142857142855,0.0,6,14,1000,0.55,200,pointwise,0.0006525999997393228,0.0
1.0,0.14285714285714285,0.0,2,14,1000,0.55,200,normal_bonferroni,0.0006127000015112571,1.0
1.0,0.21428571428571427,0.0,3,14,1000,0.55,200,multiplier,0.003365699994901661,1.0
1.0,0.14285714285714285,0.0,2,14,1000,0.55,200,exact_bonferroni,0.0010365000052843243,1.0
1.0,0.0,0.0,0,14,1000,0.55,200,hoeffding,0.00019420000171521679,1.0
1.0,0.14285714285714285,0.0,2,14,1000,0.55,200,holm,0.00031149999995250255,
1.0,0.35714285714285715,0.0,5,14,1000,0.55,201,pointwise,0.0006935999990673736,1.0
1.0,0.07142857142857142,0.0,1,14,1000,0.55,201,normal_bonferroni,0.0006360000043059699,1.0
1.0,0.07142857142857142,0.0,1,14,1000,0.55,201,multiplier,0.003427299998293165,1.0
1.0,0.07142857142857142,0.0,1,14,1000,0.55,201,exact_bonferroni,0.001097499996831175,1.0
1.0,0.0,0.0,0,14,1000,0.55,201,hoeffding,0.0002483000062056817,1.0
1.0,0.07142857142857142,0.0,1,14,1000,0.55,201,holm,0.0003578999967430718,
0.0,0.7857142857142857,0.08333333333333333,12,14,1000,0.55,202,pointwise,0.000657599994156044,0.0
1.0,0.5714285714285714,0.0,8,14,1000,0.55,202,normal_bonferroni,0.0006340000036288984,0.0
1.0,0.6428571428571429,0.0,9,14,1000,0.55,202,multiplier,0.0027256999965175055,0.0
1.0,0.5,0.0,7,14,1000,0.55,202,exact_bonferroni,0.0005055000001448207,0.0
1.0,0.2857142857142857,0.0,4,14,1000,0.55,202,hoeffding,0.0005743000001530163,1.0
1.0,0.5714285714285714,0.0,8,14,1000,0.55,202,holm,0.0004939999998896383,
1.0,0.2857142857142857,0.0,4,14,1000,0.55,203,pointwise,0.0006974999996600673,1.0
1.0,0.21428571428571427,0.0,3,14,1000,0.55,203,normal_bonferroni,0.0006410000059986487,1.0
1.0,0.21428571428571427,0.0,3,14,1000,0.55,203,multiplier,0.003367099998285994,1.0
1.0,0.21428571428571427,0.0,3,14,1000,0.55,203,exact_bonferroni,0.0007219999970402569,1.0
1.0,0.07142857142857142,0.0,1,14,1000,0.55,203,hoeffding,0.00033660000190138817,1.0
1.0,0.21428571428571427,0.0,3,14,1000,0.55,203,holm,0.0005178999999770895,
1.0,0.35714285714285715,0.0,5,14,1000,0.55,204,pointwise,0.0006601999994018115,1.0
1.0,0.14285714285714285,0.0,2,14,1000,0.55,204,normal_bonferroni,0.0006304000053205527,1.0
1.0,0.14285714285714285,0.0,2,14,1000,0.55,204,multiplier,0.0031750999987707473,1.0
1.0,0.14285714285714285,0.0,2,14,1000,0.55,204,exact_bonferroni,0.0008993000010377727,1.0
1.0,0.0,0.0,0,14,1000,0.55,204,hoeffding,0.0001931000006152317,1.0
1.0,0.14285714285714285,0.0,2,14,1000,0.55,204,holm,0.00034240000240970403,
1.0,0.6428571428571429,0.0,9,14,1000,0.55,205,pointwise,0.0006668999994872138,0.0
1.0,0.35714285714285715,0.0,5,14,1000,0.55,205,normal_bonferroni,0.0009069000007002614,1.0
1.0,0.42857142857142855,0.0,6,14,1000,0.55,205,multiplier,0.0023897999999462627,1.0
1.0,0.35714285714285715,0.0,5,14,1000,0.55,205,exact_bonferroni,0.000934900002903305,1.0
1.0,0.07142857142857142,0.0,1,14,1000,0.55,205,hoeffding,0.0003317000009701587,1.0
1.0,0.35714285714285715,0.0,5,14,1000,0.55,205,holm,0.0004802999974344857,
0.0,0.5,0.125,8,14,1000,0.55,206,pointwise,0.0006226999976206571,0.0
1.0,0.35714285714285715,0.0,5,14,1000,0.55,206,normal_bonferroni,0.0005750999989686534,1.0
1.0,0.35714285714285715,0.0,5,14,1000,0.55,206,multiplier,0.0030906000029062852,1.0
1.0,0.2857142857142857,0.0,4,14,1000,0.55,206,exact_bonferroni,0.0008457000003545545,1.0
1.0,0.21428571428571427,0.0,3,14,1000,0.55,206,hoeffding,0.00029829999402863905,1.0
1.0,0.2857142857142857,0.0,4,14,1000,0.55,206,holm,0.0004579999949783087,
1.0,0.2857142857142857,0.0,4,14,1000,0.55,207,pointwise,0.00044859999616164714,1.0
1.0,0.14285714285714285,0.0,2,14,1000,0.55,207,normal_bonferroni,0.0006100000027799979,1.0
1.0,0.14285714285714285,0.0,2,14,1000,0.55,207,multiplier,0.003343900003528688,1.0
1.0,0.14285714285714285,0.0,2,14,1000,0.55,207,exact_bonferroni,0.0011426000055507757,1.0
1.0,0.0,0.0,0,14,1000,0.55,207,hoeffding,0.00032669999927747995,1.0
1.0,0.14285714285714285,0.0,2,14,1000,0.55,207,holm,0.0004884999943897128,
1.0,0.5714285714285714,0.0,8,14,1000,0.55,208,pointwise,0.0006154999937280081,1.0
1.0,0.2857142857142857,0.0,4,14,1000,0.55,208,normal_bonferroni,0.0005808999994769692,1.0
1.0,0.35714285714285715,0.0,5,14,1000,0.55,208,multiplier,0.0032339999961550348,1.0
1.0,0.2857142857142857,0.0,4,14,1000,0.55,208,exact_bonferroni,0.0010455000010551885,1.0
1.0,0.14285714285714285,0.0,2,14,1000,0.55,208,hoeffding,0.0005644999982905574,1.0
1.0,0.2857142857142857,0.0,4,14,1000,0.55,208,holm,0.000628800000413321,
1.0,0.42857142857142855,0.0,6,14,1000,0.55,209,pointwise,0.0007280999998329207,0.0
1.0,0.21428571428571427,0.0,3,14,1000,0.55,209,normal_bonferroni,0.0010983000029227696,1.0
1.0,0.2857142857142857,0.0,4,14,1000,0.55,209,multiplier,0.0036153000037302263,1.0
1.0,0.14285714285714285,0.0,2,14,1000,0.55,209,exact_bonferroni,0.0010380999956396408,1.0
1.0,0.07142857142857142,0.0,1,14,1000,0.55,209,hoeffding,0.00042019999818876386,1.0
1.0,0.21428571428571427,0.0,3,14,1000,0.55,209,holm,0.0005762000000686385,
1.0,0.42857142857142855,0.0,6,14,1000,0.55,210,pointwise,0.0004275999963283539,1.0
1.0,0.14285714285714285,0.0,2,14,1000,0.55,210,normal_bonferroni,0.00037959999463055283,1.0
1.0,0.14285714285714285,0.0,2,14,1000,0.55,210,multiplier,0.0033067999975173734,1.0
1.0,0.14285714285714285,0.0,2,14,1000,0.55,210,exact_bonferroni,0.000789400000940077,1.0
1.0,0.14285714285714285,0.0,2,14,1000,0.55,210,hoeffding,0.0003757999947993085,1.0
1.0,0.14285714285714285,0.0,2,14,1000,0.55,210,holm,0.0005567000043811277,
0.0,0.8571428571428571,0.14285714285714285,14,14,1000,0.55,211,pointwise,0.0008166999978129752,0.0
1.0,0.42857142857142855,0.0,6,14,1000,0.55,211,normal_bonferroni,0.0006886999981361441,1.0
1.0,0.5,0.0,7,14,1000,0.55,211,multiplier,0.0035054000036325306,1.0
1.0,0.42857142857142855,0.0,6,14,1000,0.55,211,exact_bonferroni,0.0010164999985136092,1.0
1.0,0.21428571428571427,0.0,3,14,1000,0.55,211,hoeffding,0.00035489999572746456,1.0
1.0,0.42857142857142855,0.0,6,14,1000,0.55,211,holm,0.0005640000017592683,
1.0,0.5,0.0,7,14,1000,0.55,212,pointwise,0.0007310000000870787,1.0
1.0,0.2857142857142857,0.0,4,14,1000,0.55,212,normal_bonferroni,0.0007479000050807372,1.0
1.0,0.2857142857142857,0.0,4,14,1000,0.55,212,multiplier,0.002723199999309145,1.0
1.0,0.2857142857142857,0.0,4,14,1000,0.55,212,exact_bonferroni,0.0009874000024865381,1.0
1.0,0.2857142857142857,0.0,4,14,1000,0.55,212,hoeffding,0.00033659999462543055,1.0
1.0,0.2857142857142857,0.0,4,14,1000,0.55,212,holm,0.0005164000031072646,
1.0,0.35714285714285715,0.0,5,14,1000,0.55,213,pointwise,0.0006737000003340654,1.0
1.0,0.21428571428571427,0.0,3,14,1000,0.55,213,normal_bonferroni,0.0007235000011860393,1.0
1.0,0.21428571428571427,0.0,3,14,1000,0.55,213,multiplier,0.003535700001521036,1.0
1.0,0.14285714285714285,0.0,2,14,1000,0.55,213,exact_bonferroni,0.0009846000029938295,1.0
1.0,0.0,0.0,0,14,1000,0.55,213,hoeffding,0.00035039999784203246,1.0
1.0,0.21428571428571427,0.0,3,14,1000,0.55,213,holm,0.0005141000001458451,
1.0,0.35714285714285715,0.0,5,14,1000,0.55,214,pointwise,0.0007117999994079582,1.0
1.0,0.2857142857142857,0.0,4,14,1000,0.55,214,normal_bonferroni,0.0006340999971143901,1.0
1.0,0.2857142857142857,0.0,4,14,1000,0.55,214,multiplier,0.003216099998098798,1.0
1.0,0.21428571428571427,0.0,3,14,1000,0.55,214,exact_bonferroni,0.0008837999994284473,1.0
1.0,0.14285714285714285,0.0,2,14,1000,0.55,214,hoeffding,0.0003236999982618727,1.0
1.0,0.2857142857142857,0.0,4,14,1000,0.55,214,holm,0.0004920999999740161,
1.0,0.5714285714285714,0.0,8,14,1000,0.55,215,pointwise,0.0006846000032965094,0.0
1.0,0.35714285714285715,0.0,5,14,1000,0.55,215,normal_bonferroni,0.0006150999979581684,1.0
1.0,0.35714285714285715,0.0,5,14,1000,0.55,215,multiplier,0.0031436999997822568,1.0
1.0,0.35714285714285715,0.0,5,14,1000,0.55,215,exact_bonferroni,0.0008665999994263984,1.0
1.0,0.21428571428571427,0.0,3,14,1000,0.55,215,hoeffding,0.0003158999970764853,1.0
1.0,0.35714285714285715,0.0,5,14,1000,0.55,215,holm,0.0004592000041157007,
1.0,0.5,0.0,7,14,1000,0.55,216,pointwise,0.0006113999988883734,0.0
1.0,0.2857142857142857,0.0,4,14,1000,0.55,216,normal_bonferroni,0.0005879000018467195,1.0
1.0,0.2857142857142857,0.0,4,14,1000,0.55,216,multiplier,0.003189600000041537,1.0
1.0,0.2857142857142857,0.0,4,14,1000,0.55,216,exact_bonferroni,0.0009910000007948838,1.0
1.0,0.14285714285714285,0.0,2,14,1000,0.55,216,hoeffding,0.0003327000013086945,1.0
1.0,0.2857142857142857,0.0,4,14,1000,0.55,216,holm,0.0004981000020052306,
1.0,0.7857142857142857,0.0,11,14,1000,0.55,217,pointwise,0.0006568999961018562,0.0
1.0,0.42857142857142855,0.0,6,14,1000,0.55,217,normal_bonferroni,0.0006420999998226762,1.0
1.0,0.42857142857142855,0.0,6,14,1000,0.55,217,multiplier,0.003205699998943601,1.0
1.0,0.42857142857142855,0.0,6,14,1000,0.55,217,exact_bonferroni,0.0009116000001085922,1.0
1.0,0.2857142857142857,0.0,4,14,1000,0.55,217,hoeffding,0.00033630000689299777,1.0
1.0,0.42857142857142855,0.0,6,14,1000,0.55,217,holm,0.0004675999953178689,
1.0,0.35714285714285715,0.0,5,14,1000,0.55,218,pointwise,0.00036639999598264694,1.0
1.0,0.14285714285714285,0.0,2,14,1000,0.55,218,normal_bonferroni,0.0003501999963191338,1.0
1.0,0.14285714285714285,0.0,2,14,1000,0.55,218,multiplier,0.0035495999982231297,1.0
1.0,0.14285714285714285,0.0,2,14,1000,0.55,218,exact_bonferroni,0.0011119999981019646,1.0
1.0,0.14285714285714285,0.0,2,14,1000,0.55,218,hoeffding,0.0003693000035127625,1.0
1.0,0.14285714285714285,0.0,2,14,1000,0.55,218,holm,0.0005528999972739257,
0.0,0.9285714285714286,0.07142857142857142,14,14,1000,0.55,219,pointwise,0.000712799999746494,0.0
1.0,0.42857142857142855,0.0,6,14,1000,0.55,219,normal_bonferroni,0.0006835000021965243,0.0
1.0,0.42857142857142855,0.0,6,14,1000,0.55,219,multiplier,0.003355699998792261,0.0
1.0,0.35714285714285715,0.0,5,14,1000,0.55,219,exact_bonferroni,0.0009772999983397312,0.0
1.0,0.2857142857142857,0.0,4,14,1000,0.55,219,hoeffding,0.00034160000359406695,1.0
1.0,0.42857142857142855,0.0,6,14,1000,0.55,219,holm,0.0005142000009072945,
1.0,0.42857142857142855,0.0,6,14,1000,0.55,220,pointwise,0.000679599994327873,1.0
1.0,0.07142857142857142,0.0,1,14,1000,0.55,220,normal_bonferroni,0.0006183000004966743,1.0
1.0,0.07142857142857142,0.0,1,14,1000,0.55,220,multiplier,0.003202300002158154,1.0
1.0,0.0,0.0,0,14,1000,0.55,220,exact_bonferroni,0.0009408999976585619,1.0
1.0,0.0,0.0,0,14,1000,0.55,220,hoeffding,0.00032839999767020345,1.0
1.0,0.0,0.0,0,14,1000,0.55,220,holm,0.00047820000327192247,
1.0,0.35714285714285715,0.0,5,14,1000,0.55,221,pointwise,0.0006202999938977882,1.0
1.0,0.14285714285714285,0.0,2,14,1000,0.55,221,normal_bonferroni,0.0006112000046414323,1.0
1.0,0.14285714285714285,0.0,2,14,1000,0.55,221,multiplier,0.0031779999990249053,1.0
1.0,0.14285714285714285,0.0,2,14,1000,0.55,221,exact_bonferroni,0.0009614000009605661,1.0
1.0,0.07142857142857142,0.0,1,14,1000,0.55,221,hoeffding,0.0003330999970785342,1.0
1.0,0.14285714285714285,0.0,2,14,1000,0.55,221,holm,0.0004875999948126264,
1.0,0.42857142857142855,0.0,6,14,1000,0.55,222,pointwise,0.0007481000066036358,1.0
1.0,0.2857142857142857,0.0,4,14,1000,0.55,222,normal_bonferroni,0.0007157000000006519,1.0
1.0,0.2857142857142857,0.0,4,14,1000,0.55,222,multiplier,0.003328200000396464,1.0
1.0,0.2857142857142857,0.0,4,14,1000,0.55,222,exact_bonferroni,0.0009677999987616204,1.0
1.0,0.14285714285714285,0.0,2,14,1000,0.55,222,hoeffding,0.00033660000190138817,1.0
1.0,0.2857142857142857,0.0,4,14,1000,0.55,222,holm,0.0005286999949021265,
1.0,0.42857142857142855,0.0,6,14,1000,0.55,223,pointwise,0.0006724000049871393,0.0
1.0,0.35714285714285715,0.0,5,14,1000,0.55,223,normal_bonferroni,0.0006223999953363091,1.0
1.0,0.35714285714285715,0.0,5,14,1000,0.55,223,multiplier,0.0032487999997101724,1.0
1.0,0.2857142857142857,0.0,4,14,1000,0.55,223,exact_bonferroni,0.0010429999965708703,1.0
1.0,0.07142857142857142,0.0,1,14,1000,0.55,223,hoeffding,0.0004130000015720725,1.0
1.0,0.2857142857142857,0.0,4,14,1000,0.55,223,holm,0.0004928999987896532,
0.0,0.7857142857142857,0.08333333333333333,12,14,1000,0.55,224,pointwise,0.0006326000002445653,0.0
1.0,0.5,0.0,7,14,1000,0.55,224,normal_bonferroni,0.0005875999995623715,0.0
1.0,0.5,0.0,7,14,1000,0.55,224,multiplier,0.0030181999973137863,0.0
1.0,0.5,0.0,7,14,1000,0.55,224,exact_bonferroni,0.0009124999996856786,0.0
1.0,0.2857142857142857,0.0,4,14,1000,0.55,224,hoeffding,0.00031429999944521114,1.0
1.0,0.5,0.0,7,14,1000,0.55,224,holm,0.0004934000025968999,
1.0,0.42857142857142855,0.0,6,14,1000,0.55,225,pointwise,0.0006367999958456494,1.0
1.0,0.2857142857142857,0.0,4,14,1000,0.55,225,normal_bonferroni,0.0006171999993966892,1.0
1.0,0.2857142857142857,0.0,4,14,1000,0.55,225,multiplier,0.0031056999941938557,1.0
1.0,0.2857142857142857,0.0,4,14,1000,0.55,225,exact_bonferroni,0.0008944000001065433,1.0
1.0,0.0,0.0,0,14,1000,0.55,225,hoeffding,0.00031570000282954425,1.0
1.0,0.2857142857142857,0.0,4,14,1000,0.55,225,holm,0.0005275000003166497,
1.0,0.2857142857142857,0.0,4,14,1000,0.55,226,pointwise,0.000618199999735225,1.0
1.0,0.07142857142857142,0.0,1,14,1000,0.55,226,normal_bonferroni,0.0005941000054008327,1.0
1.0,0.07142857142857142,0.0,1,14,1000,0.55,226,multiplier,0.003022899996722117,1.0
1.0,0.07142857142857142,0.0,1,14,1000,0.55,226,exact_bonferroni,0.0008998999983305112,1.0
1.0,0.07142857142857142,0.0,1,14,1000,0.55,226,hoeffding,0.0003133999998681247,1.0
1.0,0.07142857142857142,0.0,1,14,1000,0.55,226,holm,0.0004640000042854808,
1.0,0.6428571428571429,0.0,9,14,1000,0.55,227,pointwise,0.0006280000015976839,0.0
1.0,0.2857142857142857,0.0,4,14,1000,0.55,227,normal_bonferroni,0.0005805000037071295,1.0
1.0,0.2857142857142857,0.0,4,14,1000,0.55,227,multiplier,0.003060199996980373,1.0
1.0,0.21428571428571427,0.0,3,14,1000,0.55,227,exact_bonferroni,0.0008439000012003817,1.0
1.0,0.07142857142857142,0.0,1,14,1000,0.55,227,hoeffding,0.00029799999902024865,1.0
1.0,0.21428571428571427,0.0,3,14,1000,0.55,227,holm,0.0006376000019372441,
1.0,0.35714285714285715,0.0,5,14,1000,0.55,228,pointwise,0.0008264999996754341,1.0
1.0,0.14285714285714285,0.0,2,14,1000,0.55,228,normal_bonferroni,0.0003896999987773597,1.0
1.0,0.14285714285714285,0.0,2,14,1000,0.55,228,multiplier,0.0027861999988090247,1.0
1.0,0.14285714285714285,0.0,2,14,1000,0.55,228,exact_bonferroni,0.0009083999975700863,1.0
1.0,0.0,0.0,0,14,1000,0.55,228,hoeffding,0.00031599999783793464,1.0
1.0,0.14285714285714285,0.0,2,14,1000,0.55,228,holm,0.0004735000038635917,
1.0,0.5,0.0,7,14,1000,0.55,229,pointwise,0.0006412000002455898,0.0
1.0,0.5,0.0,7,14,1000,0.55,229,normal_bonferroni,0.0005560999998124316,1.0
1.0,0.5,0.0,7,14,1000,0.55,229,multiplier,0.0029453999959514476,1.0
1.0,0.5,0.0,7,14,1000,0.55,229,exact_bonferroni,0.0008853000035742298,1.0
1.0,0.21428571428571427,0.0,3,14,1000,0.55,229,hoeffding,0.00030279999919002876,1.0
1.0,0.5,0.0,7,14,1000,0.55,229,holm,0.0004501000003074296,
1.0,0.42857142857142855,0.0,6,14,1000,0.55,230,pointwise,0.0006079999948269688,1.0
1.0,0.21428571428571427,0.0,3,14,1000,0.55,230,normal_bonferroni,0.00060450000455603,1.0
1.0,0.21428571428571427,0.0,3,14,1000,0.55,230,multiplier,0.003067899997404311,1.0
1.0,0.14285714285714285,0.0,2,14,1000,0.55,230,exact_bonferroni,0.0008938000028138049,1.0
1.0,0.07142857142857142,0.0,1,14,1000,0.55,230,hoeffding,0.000316099998599384,1.0
1.0,0.14285714285714285,0.0,2,14,1000,0.55,230,holm,0.00046039999870117754,
1.0,0.35714285714285715,0.0,5,14,1000,0.55,231,pointwise,0.0005856999996467493,1.0
1.0,0.21428571428571427,0.0,3,14,1000,0.55,231,normal_bonferroni,0.0005451000033644959,1.0
1.0,0.21428571428571427,0.0,3,14,1000,0.55,231,multiplier,0.003324999997857958,1.0
1.0,0.21428571428571427,0.0,3,14,1000,0.55,231,exact_bonferroni,0.0013972000015201047,1.0
1.0,0.07142857142857142,0.0,1,14,1000,0.55,231,hoeffding,0.00031689999741502106,1.0
1.0,0.21428571428571427,0.0,3,14,1000,0.55,231,holm,0.0011129999984405003,
1.0,0.2857142857142857,0.0,4,14,1000,0.55,232,pointwise,0.0006485999983851798,1.0
1.0,0.21428571428571427,0.0,3,14,1000,0.55,232,normal_bonferroni,0.0005970999991404824,1.0
1.0,0.21428571428571427,0.0,3,14,1000,0.55,232,multiplier,0.003119599998171907,1.0
1.0,0.21428571428571427,0.0,3,14,1000,0.55,232,exact_bonferroni,0.0008420000012847595,1.0
1.0,0.0,0.0,0,14,1000,0.55,232,hoeffding,0.00033059999987017363,1.0
1.0,0.21428571428571427,0.0,3,14,1000,0.55,232,holm,0.00045030000183032826,
1.0,0.5,0.0,7,14,1000,0.55,233,pointwise,0.0005971999999019317,1.0
1.0,0.21428571428571427,0.0,3,14,1000,0.55,233,normal_bonferroni,0.0005456999933812767,1.0
1.0,0.2857142857142857,0.0,4,14,1000,0.55,233,multiplier,0.002978899996378459,1.0
1.0,0.21428571428571427,0.0,3,14,1000,0.55,233,exact_bonferroni,0.0008975999953690916,1.0
1.0,0.21428571428571427,0.0,3,14,1000,0.55,233,hoeffding,0.0003245000043534674,1.0
1.0,0.21428571428571427,0.0,3,14,1000,0.55,233,holm,0.00048600000445730984,
1.0,0.5714285714285714,0.0,8,14,1000,0.55,234,pointwise,0.0007750000004307367,1.0
1.0,0.14285714285714285,0.0,2,14,1000,0.55,234,normal_bonferroni,0.0006586000017705373,1.0
1.0,0.14285714285714285,0.0,2,14,1000,0.55,234,multiplier,0.003507800000079442,1.0
1.0,0.14285714285714285,0.0,2,14,1000,0.55,234,exact_bonferroni,0.0017784000010578893,1.0
1.0,0.07142857142857142,0.0,1,14,1000,0.55,234,hoeffding,0.0005765999958384782,1.0
1.0,0.14285714285714285,0.0,2,14,1000,0.55,234,holm,0.0004670999987865798,
0.0,0.5714285714285714,0.1111111111111111,9,14,1000,0.55,235,pointwise,0.0007368000005953945,0.0
1.0,0.2857142857142857,0.0,4,14,1000,0.55,235,normal_bonferroni,0.0006632000004174188,0.0
1.0,0.2857142857142857,0.0,4,14,1000,0.55,235,multiplier,0.0035007000042242,0.0
1.0,0.2857142857142857,0.0,4,14,1000,0.55,235,exact_bonferroni,0.0010134000040125102,1.0
1.0,0.14285714285714285,0.0,2,14,1000,0.55,235,hoeffding,0.0003454000034253113,1.0
1.0,0.2857142857142857,0.0,4,14,1000,0.55,235,holm,0.000531300000147894,
1.0,0.35714285714285715,0.0,5,14,1000,0.55,236,pointwise,0.0007821000035619363,1.0
1.0,0.14285714285714285,0.0,2,14,1000,0.55,236,normal_bonferroni,0.001022900003590621,1.0
1.0,0.14285714285714285,0.0,2,14,1000,0.55,236,multiplier,0.0031849000006332062,1.0
1.0,0.14285714285714285,0.0,2,14,1000,0.55,236,exact_bonferroni,0.0013538000057451427,1.0
1.0,0.07142857142857142,0.0,1,14,1000,0.55,236,hoeffding,0.00041369999962626025,1.0
1.0,0.14285714285714285,0.0,2,14,1000,0.55,236,holm,0.0004752999957418069,
1.0,0.5714285714285714,0.0,8,14,1000,0.55,237,pointwise,0.0006906000053277239,0.0
1.0,0.2857142857142857,0.0,4,14,1000,0.55,237,normal_bonferroni,0.0006246999982977286,1.0
1.0,0.2857142857142857,0.0,4,14,1000,0.55,237,multiplier,0.004225500000757165,1.0
1.0,0.21428571428571427,0.0,3,14,1000,0.55,237,exact_bonferroni,0.0012088000003132038,1.0
1.0,0.07142857142857142,0.0,1,14,1000,0.55,237,hoeffding,0.00038359999598469585,1.0
1.0,0.2857142857142857,0.0,4,14,1000,0.55,237,holm,0.0005901000040466897,
1.0,0.6428571428571429,0.0,9,14,1000,0.55,238,pointwise,0.0007489000054192729,0.0
1.0,0.2857142857142857,0.0,4,14,1000,0.55,238,normal_bonferroni,0.0007072000007610768,1.0
1.0,0.2857142857142857,0.0,4,14,1000,0.55,238,multiplier,0.003613000000768807,1.0
1.0,0.2857142857142857,0.0,4,14,1000,0.55,238,exact_bonferroni,0.0009776000006240793,1.0
1.0,0.14285714285714285,0.0,2,14,1000,0.55,238,hoeffding,0.0003552999987732619,1.0
1.0,0.2857142857142857,0.0,4,14,1000,0.55,238,holm,0.0005687999946530908,
1.0,0.2857142857142857,0.0,4,14,1000,0.55,239,pointwise,0.0010206000006292015,1.0
1.0,0.07142857142857142,0.0,1,14,1000,0.55,239,normal_bonferroni,0.0008645999987493269,1.0
1.0,0.07142857142857142,0.0,1,14,1000,0.55,239,multiplier,0.0034958000032929704,1.0
1.0,0.0,0.0,0,14,1000,0.55,239,exact_bonferroni,0.0010337999992771074,1.0
1.0,0.0,0.0,0,14,1000,0.55,239,hoeffding,0.0003595000016503036,1.0
1.0,0.0,0.0,0,14,1000,0.55,239,holm,0.0005694999999832362,
1.0,0.35714285714285715,0.0,5,14,1000,0.55,240,pointwise,0.0006857999978819862,1.0
1.0,0.07142857142857142,0.0,1,14,1000,0.55,240,normal_bonferroni,0.0006187999970279634,1.0
1.0,0.07142857142857142,0.0,1,14,1000,0.55,240,multiplier,0.003233400006138254,1.0
1.0,0.07142857142857142,0.0,1,14,1000,0.55,240,exact_bonferroni,0.0012099000014131889,1.0
1.0,0.0,0.0,0,14,1000,0.55,240,hoeffding,0.0005856999996467493,1.0
1.0,0.07142857142857142,0.0,1,14,1000,0.55,240,holm,0.0004565999988699332,
1.0,0.35714285714285715,0.0,5,14,1000,0.55,241,pointwise,0.0007186999937403016,1.0
1.0,0.14285714285714285,0.0,2,14,1000,0.55,241,normal_bonferroni,0.0006359000035445206,1.0
1.0,0.21428571428571427,0.0,3,14,1000,0.55,241,multiplier,0.0033643999995547347,1.0
1.0,0.07142857142857142,0.0,1,14,1000,0.55,241,exact_bonferroni,0.001079600006050896,1.0
1.0,0.0,0.0,0,14,1000,0.55,241,hoeffding,0.000349300004018005,1.0
1.0,0.07142857142857142,0.0,1,14,1000,0.55,241,holm,0.0004951000009896234,
1.0,0.7857142857142857,0.0,11,14,1000,0.55,242,pointwise,0.0006865000032121316,0.0
1.0,0.35714285714285715,0.0,5,14,1000,0.55,242,normal_bonferroni,0.0006403000006685033,1.0
1.0,0.35714285714285715,0.0,5,14,1000,0.55,242,multiplier,0.0033572000029380433,1.0
1.0,0.35714285714285715,0.0,5,14,1000,0.55,242,exact_bonferroni,0.0011539000042830594,1.0
1.0,0.21428571428571427,0.0,3,14,1000,0.55,242,hoeffding,0.0004470999992918223,1.0
1.0,0.35714285714285715,0.0,5,14,1000,0.55,242,holm,0.0007092000014381483,
1.0,0.8571428571428571,0.0,12,14,1000,0.55,243,pointwise,0.0006843999944976531,0.0
1.0,0.35714285714285715,0.0,5,14,1000,0.55,243,normal_bonferroni,0.0006452000015997328,1.0
1.0,0.42857142857142855,0.0,6,14,1000,0.55,243,multiplier,0.0032646999970893376,0.0
1.0,0.14285714285714285,0.0,2,14,1000,0.55,243,exact_bonferroni,0.0009476999985054135,1.0
1.0,0.14285714285714285,0.0,2,14,1000,0.55,243,hoeffding,0.0003719000014825724,1.0
1.0,0.21428571428571427,0.0,3,14,1000,0.55,243,holm,0.000505299998621922,
1.0,0.42857142857142855,0.0,6,14,1000,0.55,244,pointwise,0.0005380000002332963,1.0
1.0,0.21428571428571427,0.0,3,14,1000,0.55,244,normal_bonferroni,0.0006276999993133359,1.0
1.0,0.21428571428571427,0.0,3,14,1000,0.55,244,multiplier,0.0033962999950745143,1.0
1.0,0.14285714285714285,0.0,2,14,1000,0.55,244,exact_bonferroni,0.0006847999975434504,1.0
1.0,0.14285714285714285,0.0,2,14,1000,0.55,244,hoeffding,0.00023599999985890463,1.0
1.0,0.21428571428571427,0.0,3,14,1000,0.55,244,holm,0.00033460000122431666,
1.0,0.7142857142857143,0.0,10,14,1000,0.55,245,pointwise,0.0007441000052494928,0.0
1.0,0.35714285714285715,0.0,5,14,1000,0.55,245,normal_bonferroni,0.0006473999965237454,1.0
1.0,0.42857142857142855,0.0,6,14,1000,0.55,245,multiplier,0.0037862000026507303,1.0
1.0,0.2857142857142857,0.0,4,14,1000,0.55,245,exact_bonferroni,0.0006613000005017966,1.0
1.0,0.21428571428571427,0.0,3,14,1000,0.55,245,hoeffding,0.00019240000256104395,1.0
1.0,0.2857142857142857,0.0,4,14,1000,0.55,245,holm,0.0003077000001212582,
1.0,0.5,0.0,7,14,1000,0.55,246,pointwise,0.0006763999990653247,0.0
1.0,0.2857142857142857,0.0,4,14,1000,0.55,246,normal_bonferroni,0.0006415000025299378,1.0
1.0,0.2857142857142857,0.0,4,14,1000,0.55,246,multiplier,0.003358900001330767,1.0
1.0,0.2857142857142857,0.0,4,14,1000,0.55,246,exact_bonferroni,0.0005736000020988286,1.0
1.0,0.21428571428571427,0.0,3,14,1000,0.55,246,hoeffding,0.00018819999968400225,1.0
1.0,0.2857142857142857,0.0,4,14,1000,0.55,246,holm,0.00028419999580364674,
1.0,0.5,0.0,7,14,1000,0.55,247,pointwise,0.0006607000032090582,1.0
1.0,0.14285714285714285,0.0,2,14,1000,0.55,247,normal_bonferroni,0.0008135000025504269,1.0
1.0,0.14285714285714285,0.0,2,14,1000,0.55,247,multiplier,0.0023232000021380372,1.0
1.0,0.07142857142857142,0.0,1,14,1000,0.55,247,exact_bonferroni,0.0009944000048562884,1.0
1.0,0.07142857142857142,0.0,1,14,1000,0.55,247,hoeffding,0.0003330999970785342,1.0
1.0,0.07142857142857142,0.0,1,14,1000,0.55,247,holm,0.0005013000045437366,
1.0,0.42857142857142855,0.0,6,14,1000,0.55,248,pointwise,0.0007390000027953647,1.0
1.0,0.2857142857142857,0.0,4,14,1000,0.55,248,normal_bonferroni,0.0006261999951675534,1.0
1.0,0.35714285714285715,0.0,5,14,1000,0.55,248,multiplier,0.003075900000112597,1.0
1.0,0.2857142857142857,0.0,4,14,1000,0.55,248,exact_bonferroni,0.0008948000031523407,1.0
1.0,0.14285714285714285,0.0,2,14,1000,0.55,248,hoeffding,0.000716800001100637,1.0
1.0,0.2857142857142857,0.0,4,14,1000,0.55,248,holm,0.0006533999985549599,
1.0,0.5714285714285714,0.0,8,14,1000,0.55,249,pointwise,0.0005081999988760799,0.0
1.0,0.2857142857142857,0.0,4,14,1000,0.55,249,normal_bonferroni,0.0005468999952427112,1.0
1.0,0.2857142857142857,0.0,4,14,1000,0.55,249,multiplier,0.0024774999983492307,1.0
1.0,0.21428571428571427,0.0,3,14,1000,0.55,249,exact_bonferroni,0.0008683999985805713,1.0
1.0,0.21428571428571427,0.0,3,14,1000,0.55,249,hoeffding,0.00035539999953471124,1.0
1.0,0.2857142857142857,0.0,4,14,1000,0.55,249,holm,0.0005029000021750107,
0.0,0.6428571428571429,0.1,10,14,1000,0.55,250,pointwise,0.0006206999969435856,0.0
1.0,0.42857142857142855,0.0,6,14,1000,0.55,250,normal_bonferroni,0.0006061000021873042,0.0
1.0,0.42857142857142855,0.0,6,14,1000,0.55,250,multiplier,0.0030336999989231117,0.0
1.0,0.42857142857142855,0.0,6,14,1000,0.55,250,exact_bonferroni,0.0010600000023259781,1.0
1.0,0.21428571428571427,0.0,3,14,1000,0.55,250,hoeffding,0.00036689999978989363,1.0
1.0,0.42857142857142855,0.0,6,14,1000,0.55,250,holm,0.0006434999959310517,
1.0,0.5714285714285714,0.0,8,14,1000,0.55,251,pointwise,0.00048160000005736947,1.0
1.0,0.14285714285714285,0.0,2,14,1000,0.55,251,normal_bonferroni,0.00033579999580979347,1.0
1.0,0.14285714285714285,0.0,2,14,1000,0.55,251,multiplier,0.003002699995704461,1.0
1.0,0.14285714285714285,0.0,2,14,1000,0.55,251,exact_bonferroni,0.0007794999983161688,1.0
1.0,0.07142857142857142,0.0,1,14,1000,0.55,251,hoeffding,0.00018179999460699037,1.0
1.0,0.14285714285714285,0.0,2,14,1000,0.55,251,holm,0.00026870000147027895,
1.0,0.5,0.0,7,14,1000,0.55,252,pointwise,0.000613599993812386,1.0
1.0,0.14285714285714285,0.0,2,14,1000,0.55,252,normal_bonferroni,0.000618500002019573,1.0
1.0,0.14285714285714285,0.0,2,14,1000,0.55,252,multiplier,0.0029867999983252957,1.0
1.0,0.14285714285714285,0.0,2,14,1000,0.55,252,exact_bonferroni,0.00102599999809172,1.0
1.0,0.07142857142857142,0.0,1,14,1000,0.55,252,hoeffding,0.0002018999948631972,1.0
1.0,0.14285714285714285,0.0,2,14,1000,0.55,252,holm,0.00026780000189319253,
1.0,0.5,0.0,7,14,1000,0.55,253,pointwise,0.000556800005142577,1.0
1.0,0.21428571428571427,0.0,3,14,1000,0.55,253,normal_bonferroni,0.0008862999966368079,1.0
1.0,0.21428571428571427,0.0,3,14,1000,0.55,253,multiplier,0.002348800000618212,1.0
1.0,0.21428571428571427,0.0,3,14,1000,0.55,253,exact_bonferroni,0.0008928999959607609,1.0
1.0,0.07142857142857142,0.0,1,14,1000,0.55,253,hoeffding,0.0003156000020680949,1.0
1.0,0.21428571428571427,0.0,3,14,1000,0.55,253,holm,0.00045959999988554046,
1.0,0.5,0.0,7,14,1000,0.55,254,pointwise,0.0006754000060027465,0.0
1.0,0.2857142857142857,0.0,4,14,1000,0.55,254,normal_bonferroni,0.0004561000023386441,1.0
1.0,0.2857142857142857,0.0,4,14,1000,0.55,254,multiplier,0.002241800000774674,1.0
1.0,0.14285714285714285,0.0,2,14,1000,0.55,254,exact_bonferroni,0.0010712000002968125,1.0
1.0,0.07142857142857142,0.0,1,14,1000,0.55,254,hoeffding,0.0003423000016482547,1.0
1.0,0.21428571428571427,0.0,3,14,1000,0.55,254,holm,0.0004560000015771948,
1.0,0.5,0.0,7,14,1000,0.55,255,pointwise,0.0006203000011737458,0.0
1.0,0.21428571428571427,0.0,3,14,1000,0.55,255,normal_bonferroni,0.0006023000023560598,1.0
1.0,0.2857142857142857,0.0,4,14,1000,0.55,255,multiplier,0.0035337000008439645,1.0
1.0,0.21428571428571427,0.0,3,14,1000,0.55,255,exact_bonferroni,0.0009524000051897019,1.0
1.0,0.14285714285714285,0.0,2,14,1000,0.55,255,hoeffding,0.0003290999957243912,1.0
1.0,0.21428571428571427,0.0,3,14,1000,0.55,255,holm,0.0004995999988750555,
1.0,0.42857142857142855,0.0,6,14,1000,0.55,256,pointwise,0.0006565000003320165,1.0
1.0,0.07142857142857142,0.0,1,14,1000,0.55,256,normal_bonferroni,0.000622800005658064,1.0
1.0,0.07142857142857142,0.0,1,14,1000,0.55,256,multiplier,0.0023639999999431893,1.0
1.0,0.07142857142857142,0.0,1,14,1000,0.55,256,exact_bonferroni,0.0008668999944347888,1.0
1.0,0.07142857142857142,0.0,1,14,1000,0.55,256,hoeffding,0.0003434000027482398,1.0
1.0,0.07142857142857142,0.0,1,14,1000,0.55,256,holm,0.0008687000008649193,
0.0,0.7142857142857143,0.09090909090909091,11,14,1000,0.55,257,pointwise,0.0006788999962736852,0.0
1.0,0.2857142857142857,0.0,4,14,1000,0.55,257,normal_bonferroni,0.000595899997279048,1.0
1.0,0.2857142857142857,0.0,4,14,1000,0.55,257,multiplier,0.0034582000007503666,1.0
1.0,0.2857142857142857,0.0,4,14,1000,0.55,257,exact_bonferroni,0.0006911999953445047,1.0
1.0,0.14285714285714285,0.0,2,14,1000,0.55,257,hoeffding,0.00020009999570902437,1.0
1.0,0.2857142857142857,0.0,4,14,1000,0.55,257,holm,0.0003085999996983446,
0.0,0.7142857142857143,0.09090909090909091,11,14,1000,0.55,258,pointwise,0.000821699999505654,0.0
1.0,0.42857142857142855,0.0,6,14,1000,0.55,258,normal_bonferroni,0.0007232999996631406,0.0
1.0,0.42857142857142855,0.0,6,14,1000,0.55,258,multiplier,0.0033429000031901523,0.0
1.0,0.42857142857142855,0.0,6,14,1000,0.55,258,exact_bonferroni,0.0009595000010449439,0.0
1.0,0.35714285714285715,0.0,5,14,1000,0.55,258,hoeffding,0.00033880000410135835,1.0
1.0,0.42857142857142855,0.0,6,14,1000,0.55,258,holm,0.0005259999961708672,
1.0,0.5,0.0,7,14,1000,0.55,259,pointwise,0.0006932000032975338,0.0
1.0,0.2857142857142857,0.0,4,14,1000,0.55,259,normal_bonferroni,0.0006278000000747852,1.0
1.0,0.2857142857142857,0.0,4,14,1000,0.55,259,multiplier,0.0022809000001871027,1.0
1.0,0.21428571428571427,0.0,3,14,1000,0.55,259,exact_bonferroni,0.0009848000045167282,1.0
1.0,0.21428571428571427,0.0,3,14,1000,0.55,259,hoeffding,0.0006017999985488132,1.0
1.0,0.2857142857142857,0.0,4,14,1000,0.55,259,holm,0.0005078999965917319,
1.0,0.42857142857142855,0.0,6,14,1000,0.55,260,pointwise,0.00037149999843677506,1.0
1.0,0.35714285714285715,0.0,5,14,1000,0.55,260,normal_bonferroni,0.0006262999959290028,1.0
1.0,0.35714285714285715,0.0,5,14,1000,0.55,260,multiplier,0.0031127000038395636,1.0
1.0,0.2857142857142857,0.0,4,14,1000,0.55,260,exact_bonferroni,0.0009390000050188974,1.0
1.0,0.07142857142857142,0.0,1,14,1000,0.55,260,hoeffding,0.00018370000179857016,1.0
1.0,0.35714285714285715,0.0,5,14,1000,0.55,260,holm,0.00026760000037029386,
1.0,0.5714285714285714,0.0,8,14,1000,0.55,261,pointwise,0.0006385000015143305,1.0
1.0,0.2857142857142857,0.0,4,14,1000,0.55,261,normal_bonferroni,0.0005861000026925467,1.0
1.0,0.35714285714285715,0.0,5,14,1000,0.55,261,multiplier,0.003860999997414183,1.0
1.0,0.2857142857142857,0.0,4,14,1000,0.55,261,exact_bonferroni,0.0015268999995896593,1.0
1.0,0.07142857142857142,0.0,1,14,1000,0.55,261,hoeffding,0.00035370000114198774,1.0
1.0,0.2857142857142857,0.0,4,14,1000,0.55,261,holm,0.0005344999954104424,
1.0,0.5714285714285714,0.0,8,14,1000,0.55,262,pointwise,0.0006676999983028509,1.0
1.0,0.2857142857142857,0.0,4,14,1000,0.55,262,normal_bonferroni,0.0006388999972841702,1.0
1.0,0.2857142857142857,0.0,4,14,1000,0.55,262,multiplier,0.0031634999977541156,1.0
1.0,0.2857142857142857,0.0,4,14,1000,0.55,262,exact_bonferroni,0.0010756999981822446,1.0
1.0,0.14285714285714285,0.0,2,14,1000,0.55,262,hoeffding,0.00030929999775253236,1.0
1.0,0.2857142857142857,0.0,4,14,1000,0.55,262,holm,0.0002840999950421974,
1.0,0.42857142857142855,0.0,6,14,1000,0.55,263,pointwise,0.0006263999966904521,1.0
1.0,0.14285714285714285,0.0,2,14,1000,0.55,263,normal_bonferroni,0.0006414000017684884,1.0
1.0,0.14285714285714285,0.0,2,14,1000,0.55,263,multiplier,0.0032608000037726015,1.0
1.0,0.14285714285714285,0.0,2,14,1000,0.55,263,exact_bonferroni,0.001068700003088452,1.0
1.0,0.14285714285714285,0.0,2,14,1000,0.55,263,hoeffding,0.0003460000007180497,1.0
1.0,0.14285714285714285,0.0,2,14,1000,0.55,263,holm,0.0005091999992146157,
1.0,0.35714285714285715,0.0,5,14,1000,0.55,264,pointwise,0.0006884000031277537,1.0
1.0,0.14285714285714285,0.0,2,14,1000,0.55,264,normal_bonferroni,0.0006224999960977584,1.0
1.0,0.21428571428571427,0.0,3,14,1000,0.55,264,multiplier,0.0032668999992893077,1.0
1.0,0.14285714285714285,0.0,2,14,1000,0.55,264,exact_bonferroni,0.0009216000034939498,1.0
1.0,0.07142857142857142,0.0,1,14,1000,0.55,264,hoeffding,0.0003341999981785193,1.0
1.0,0.14285714285714285,0.0,2,14,1000,0.55,264,holm,0.0005163000023458153,
1.0,0.35714285714285715,0.0,5,14,1000,0.55,265,pointwise,0.0008435999989160337,1.0
1.0,0.07142857142857142,0.0,1,14,1000,0.55,265,normal_bonferroni,0.0006518000009236857,1.0
1.0,0.07142857142857142,0.0,1,14,1000,0.55,265,multiplier,0.003410299999814015,1.0
1.0,0.07142857142857142,0.0,1,14,1000,0.55,265,exact_bonferroni,0.0009867999979178421,1.0
1.0,0.07142857142857142,0.0,1,14,1000,0.55,265,hoeffding,0.00035969999589724466,1.0
1.0,0.07142857142857142,0.0,1,14,1000,0.55,265,holm,0.0005433000042103231,
1.0,0.5,0.0,7,14,1000,0.55,266,pointwise,0.0006848999983048998,0.0
1.0,0.42857142857142855,0.0,6,14,1000,0.55,266,normal_bonferroni,0.0006437999982153997,1.0
1.0,0.42857142857142855,0.0,6,14,1000,0.55,266,multiplier,0.0030196000006981194,1.0
1.0,0.42857142857142855,0.0,6,14,1000,0.55,266,exact_bonferroni,0.0008491999979014508,1.0
1.0,0.2857142857142857,0.0,4,14,1000,0.55,266,hoeffding,0.000363799998012837,1.0
1.0,0.42857142857142855,0.0,6,14,1000,0.55,266,holm,0.0005340999996406026,
1.0,0.2857142857142857,0.0,4,14,1000,0.55,267,pointwise,0.0007140999950934201,1.0
1.0,0.21428571428571427,0.0,3,14,1000,0.55,267,normal_bonferroni,0.0007047000035527162,1.0
1.0,0.21428571428571427,0.0,3,14,1000,0.55,267,multiplier,0.0034338000041316263,1.0
1.0,0.21428571428571427,0.0,3,14,1000,0.55,267,exact_bonferroni,0.0010066000031656586,1.0
1.0,0.14285714285714285,0.0,2,14,1000,0.55,267,hoeffding,0.0003530999965732917,1.0
1.0,0.21428571428571427,0.0,3,14,1000,0.55,267,holm,0.0005074000000604428,
1.0,0.21428571428571427,0.0,3,14,1000,0.55,268,pointwise,0.0007173000049078837,1.0
1.0,0.07142857142857142,0.0,1,14,1000,0.55,268,normal_bonferroni,0.0006479999938164838,1.0
1.0,0.14285714285714285,0.0,2,14,1000,0.55,268,multiplier,0.0035102000038023107,1.0
1.0,0.07142857142857142,0.0,1,14,1000,0.55,268,exact_bonferroni,0.0009649999992689118,1.0
1.0,0.0,0.0,0,14,1000,0.55,268,hoeffding,0.00035909999860450625,1.0
1.0,0.07142857142857142,0.0,1,14,1000,0.55,268,holm,0.0005423999973572791,
1.0,0.42857142857142855,0.0,6,14,1000,0.55,269,pointwise,0.000653899995086249,1.0
1.0,0.14285714285714285,0.0,2,14,1000,0.55,269,normal_bonferroni,0.0004337999998824671,1.0
1.0,0.14285714285714285,0.0,2,14,1000,0.55,269,multiplier,0.003042600001208484,1.0
1.0,0.14285714285714285,0.0,2,14,1000,0.55,269,exact_bonferroni,0.001122899993788451,1.0
1.0,0.07142857142857142,0.0,1,14,1000,0.55,269,hoeffding,0.00038530000165337697,1.0
1.0,0.14285714285714285,0.0,2,14,1000,0.55,269,holm,0.0005549999987124465,
1.0,0.5714285714285714,0.0,8,14,1000,0.55,270,pointwise,0.0006865999966976233,1.0
1.0,0.2857142857142857,0.0,4,14,1000,0.55,270,normal_bonferroni,0.0006830999991507269,1.0
1.0,0.2857142857142857,0.0,4,14,1000,0.55,270,multiplier,0.0032393000001320615,1.0
1.0,0.2857142857142857,0.0,4,14,1000,0.55,270,exact_bonferroni,0.0009308000007877126,1.0
1.0,0.07142857142857142,0.0,1,14,1000,0.55,270,hoeffding,0.00032839999767020345,1.0
1.0,0.2857142857142857,0.0,4,14,1000,0.55,270,holm,0.00048749999405117705,
1.0,0.6428571428571429,0.0,9,14,1000,0.55,271,pointwise,0.0006752999979653396,0.0
1.0,0.42857142857142855,0.0,6,14,1000,0.55,271,normal_bonferroni,0.0006017999985488132,1.0
1.0,0.42857142857142855,0.0,6,14,1000,0.55,271,multiplier,0.0032835000019986182,1.0
1.0,0.35714285714285715,0.0,5,14,1000,0.55,271,exact_bonferroni,0.0009090000021387823,1.0
1.0,0.2857142857142857,0.0,4,14,1000,0.55,271,hoeffding,0.000316099998599384,1.0
1.0,0.42857142857142855,0.0,6,14,1000,0.55,271,holm,0.0004650000046240166,
1.0,0.5714285714285714,0.0,8,14,1000,0.55,272,pointwise,0.0006309000018518418,0.0
1.0,0.35714285714285715,0.0,5,14,1000,0.55,272,normal_bonferroni,0.0006167000028654002,1.0
1.0,0.35714285714285715,0.0,5,14,1000,0.55,272,multiplier,0.0031422999963979237,1.0
1.0,0.2857142857142857,0.0,4,14,1000,0.55,272,exact_bonferroni,0.0008703999992576428,1.0
1.0,0.14285714285714285,0.0,2,14,1000,0.55,272,hoeffding,0.0003001000004587695,1.0
1.0,0.35714285714285715,0.0,5,14,1000,0.55,272,holm,0.0004365999993751757,
1.0,0.5,0.0,7,14,1000,0.55,273,pointwise,0.00044239999988349155,1.0
1.0,0.35714285714285715,0.0,5,14,1000,0.55,273,normal_bonferroni,0.0005874000053154305,1.0
1.0,0.42857142857142855,0.0,6,14,1000,0.55,273,multiplier,0.0032471999948029406,1.0
1.0,0.35714285714285715,0.0,5,14,1000,0.55,273,exact_bonferroni,0.0009174000006169081,1.0
1.0,0.14285714285714285,0.0,2,14,1000,0.55,273,hoeffding,0.0003249000001233071,1.0
1.0,0.35714285714285715,0.0,5,14,1000,0.55,273,holm,0.00047839999751886353,
1.0,0.42857142857142855,0.0,6,14,1000,0.55,274,pointwise,0.0006037999992258847,1.0
1.0,0.21428571428571427,0.0,3,14,1000,0.55,274,normal_bonferroni,0.0005501999985426664,1.0
1.0,0.21428571428571427,0.0,3,14,1000,0.55,274,multiplier,0.0029070000018691644,1.0
1.0,0.14285714285714285,0.0,2,14,1000,0.55,274,exact_bonferroni,0.0008570999998482876,1.0
1.0,0.07142857142857142,0.0,1,14,1000,0.55,274,hoeffding,0.00031099999614525586,1.0
1.0,0.14285714285714285,0.0,2,14,1000,0.55,274,holm,0.000480200003948994,
1.0,0.6428571428571429,0.0,9,14,1000,0.55,275,pointwise,0.0006696999989799224,0.0
1.0,0.42857142857142855,0.0,6,14,1000,0.55,275,normal_bonferroni,0.0010318999993614852,1.0
1.0,0.42857142857142855,0.0,6,14,1000,0.55,275,multiplier,0.003219900005206,1.0
1.0,0.42857142857142855,0.0,6,14,1000,0.55,275,exact_bonferroni,0.0010154000046895817,1.0
1.0,0.21428571428571427,0.0,3,14,1000,0.55,275,hoeffding,0.0003469000002951361,1.0
1.0,0.42857142857142855,0.0,6,14,1000,0.55,275,holm,0.0005184999972698279,
1.0,0.5,0.0,7,14,1000,0.55,276,pointwise,0.0011109999977634288,1.0
1.0,0.2857142857142857,0.0,4,14,1000,0.55,276,normal_bonferroni,0.0007814999989932403,1.0
1.0,0.2857142857142857,0.0,4,14,1000,0.55,276,multiplier,0.003568000000086613,1.0
1.0,0.2857142857142857,0.0,4,14,1000,0.55,276,exact_bonferroni,0.000966899999184534,1.0
1.0,0.21428571428571427,0.0,3,14,1000,0.55,276,hoeffding,0.00031830000079935417,1.0
1.0,0.2857142857142857,0.0,4,14,1000,0.55,276,holm,0.0005552000002353452,
1.0,0.5,0.0,7,14,1000,0.55,277,pointwise,0.0005298000032780692,1.0
1.0,0.2857142857142857,0.0,4,14,1000,0.55,277,normal_bonferroni,0.0010645000002114102,1.0
1.0,0.2857142857142857,0.0,4,14,1000,0.55,277,multiplier,0.0033925000025192276,1.0
1.0,0.21428571428571427,0.0,3,14,1000,0.55,277,exact_bonferroni,0.0009518000006210059,1.0
1.0,0.14285714285714285,0.0,2,14,1000,0.55,277,hoeffding,0.0003388999975868501,1.0
1.0,0.21428571428571427,0.0,3,14,1000,0.55,277,holm,0.0007371000028797425,
1.0,0.8571428571428571,0.0,12,14,1000,0.55,278,pointwise,0.0007289000059245154,0.0
1.0,0.5714285714285714,0.0,8,14,1000,0.55,278,normal_bonferroni,0.0006662999949185178,1.0
1.0,0.5714285714285714,0.0,8,14,1000,0.55,278,multiplier,0.003136799998173956,1.0
1.0,0.42857142857142855,0.0,6,14,1000,0.55,278,exact_bonferroni,0.000960900004429277,1.0
1.0,0.21428571428571427,0.0,3,14,1000,0.55,278,hoeffding,0.00033819999953266233,1.0
1.0,0.5714285714285714,0.0,8,14,1000,0.55,278,holm,0.00044440000056056306,
1.0,0.42857142857142855,0.0,6,14,1000,0.55,279,pointwise,0.00037180000072112307,0.0
1.0,0.35714285714285715,0.0,5,14,1000,0.55,279,normal_bonferroni,0.000338099998771213,1.0
1.0,0.35714285714285715,0.0,5,14,1000,0.55,279,multiplier,0.0031989999988581985,1.0
1.0,0.2857142857142857,0.0,4,14,1000,0.55,279,exact_bonferroni,0.0005467000009957701,1.0
1.0,0.14285714285714285,0.0,2,14,1000,0.55,279,hoeffding,0.00018049999926006421,1.0
1.0,0.35714285714285715,0.0,5,14,1000,0.55,279,holm,0.00037790000351378694,
0.0,0.7857142857142857,0.08333333333333333,12,14,1000,0.55,280,pointwise,0.0006708000000799075,0.0
0.0,0.5714285714285714,0.1111111111111111,9,14,1000,0.55,280,normal_bonferroni,0.0006113999988883734,0.0
0.0,0.5714285714285714,0.1111111111111111,9,14,1000,0.55,280,multiplier,0.0034227999931317754,0.0
1.0,0.5714285714285714,0.0,8,14,1000,0.55,280,exact_bonferroni,0.000966899999184534,0.0
1.0,0.2857142857142857,0.0,4,14,1000,0.55,280,hoeffding,0.00031989999843062833,1.0
0.0,0.5714285714285714,0.1111111111111111,9,14,1000,0.55,280,holm,0.0007787000067764893,
1.0,0.2857142857142857,0.0,4,14,1000,0.55,281,pointwise,0.0007444000002578832,0.0
1.0,0.14285714285714285,0.0,2,14,1000,0.55,281,normal_bonferroni,0.000519900000654161,1.0
1.0,0.14285714285714285,0.0,2,14,1000,0.55,281,multiplier,0.0033888999969349243,1.0
1.0,0.14285714285714285,0.0,2,14,1000,0.55,281,exact_bonferroni,0.0009931000022334047,1.0
1.0,0.07142857142857142,0.0,1,14,1000,0.55,281,hoeffding,0.00033620000613154843,1.0
1.0,0.14285714285714285,0.0,2,14,1000,0.55,281,holm,0.0005156999977771193,
1.0,0.5,0.0,7,14,1000,0.55,282,pointwise,0.0006514999986393377,1.0
1.0,0.35714285714285715,0.0,5,14,1000,0.55,282,normal_bonferroni,0.000640500002191402,1.0
1.0,0.35714285714285715,0.0,5,14,1000,0.55,282,multiplier,0.0031018999943626113,1.0
1.0,0.35714285714285715,0.0,5,14,1000,0.55,282,exact_bonferroni,0.0008984000014606863,1.0
1.0,0.2857142857142857,0.0,4,14,1000,0.55,282,hoeffding,0.0004402999984449707,1.0
1.0,0.35714285714285715,0.0,5,14,1000,0.55,282,holm,0.0005968999976175837,
1.0,0.42857142857142855,0.0,6,14,1000,0.55,283,pointwise,0.0004234000007272698,1.0
1.0,0.35714285714285715,0.0,5,14,1000,0.55,283,normal_bonferroni,0.0004912000003969297,1.0
1.0,0.35714285714285715,0.0,5,14,1000,0.55,283,multiplier,0.002620700004626997,1.0
1.0,0.35714285714285715,0.0,5,14,1000,0.55,283,exact_bonferroni,0.0009739000015542842,1.0
1.0,0.14285714285714285,0.0,2,14,1000,0.55,283,hoeffding,0.00033509999775560573,1.0
1.0,0.35714285714285715,0.0,5,14,1000,0.55,283,holm,0.0005119000052218325,
1.0,0.5,0.0,7,14,1000,0.55,284,pointwise,0.0006171999993966892,1.0
1.0,0.14285714285714285,0.0,2,14,1000,0.55,284,normal_bonferroni,0.0006036999984644353,1.0
1.0,0.14285714285714285,0.0,2,14,1000,0.55,284,multiplier,0.003052100000786595,1.0
1.0,0.14285714285714285,0.0,2,14,1000,0.55,284,exact_bonferroni,0.0009387999962200411,1.0
1.0,0.0,0.0,0,14,1000,0.55,284,hoeffding,0.0003043999968213029,1.0
1.0,0.14285714285714285,0.0,2,14,1000,0.55,284,holm,0.00026819999766303226,
1.0,0.7142857142857143,0.0,10,14,1000,0.55,285,pointwise,0.0006460000004153699,0.0
1.0,0.42857142857142855,0.0,6,14,1000,0.55,285,normal_bonferroni,0.0006099000020185485,1.0
1.0,0.42857142857142855,0.0,6,14,1000,0.55,285,multiplier,0.003217400000721682,1.0
1.0,0.2857142857142857,0.0,4,14,1000,0.55,285,exact_bonferroni,0.0009080000018002465,1.0
1.0,0.14285714285714285,0.0,2,14,1000,0.55,285,hoeffding,0.0003149999974993989,1.0
1.0,0.35714285714285715,0.0,5,14,1000,0.55,285,holm,0.0004757999995490536,
1.0,0.35714285714285715,0.0,5,14,1000,0.55,286,pointwise,0.0006846000032965094,0.0
1.0,0.35714285714285715,0.0,5,14,1000,0.55,286,normal_bonferroni,0.0005988999982946552,1.0
1.0,0.35714285714285715,0.0,5,14,1000,0.55,286,multiplier,0.0028968999977223575,1.0
1.0,0.35714285714285715,0.0,5,14,1000,0.55,286,exact_bonferroni,0.000527299998793751,1.0
1.0,0.14285714285714285,0.0,2,14,1000,0.55,286,hoeffding,0.0001832999987527728,1.0
1.0,0.35714285714285715,0.0,5,14,1000,0.55,286,holm,0.00040019999869400635,
1.0,0.5,0.0,7,14,1000,0.55,287,pointwise,0.0007108999998308718,0.0
1.0,0.2857142857142857,0.0,4,14,1000,0.55,287,normal_bonferroni,0.0006073999975342304,1.0
1.0,0.2857142857142857,0.0,4,14,1000,0.55,287,multiplier,0.0032924000042839907,1.0
1.0,0.2857142857142857,0.0,4,14,1000,0.55,287,exact_bonferroni,0.0009472000019741245,1.0
1.0,0.07142857142857142,0.0,1,14,1000,0.55,287,hoeffding,0.0003308000013930723,1.0
1.0,0.2857142857142857,0.0,4,14,1000,0.55,287,holm,0.0005067000020062551,
1.0,0.2857142857142857,0.0,4,14,1000,0.55,288,pointwise,0.0006549000027007423,1.0
1.0,0.21428571428571427,0.0,3,14,1000,0.55,288,normal_bonferroni,0.0006321000037132762,1.0
1.0,0.21428571428571427,0.0,3,14,1000,0.55,288,multiplier,0.0035174999939044937,1.0
1.0,0.14285714285714285,0.0,2,14,1000,0.55,288,exact_bonferroni,0.0009724999981699511,1.0
1.0,0.07142857142857142,0.0,1,14,1000,0.55,288,hoeffding,0.00033799999800976366,1.0
1.0,0.14285714285714285,0.0,2,14,1000,0.55,288,holm,0.0005213999975239858,
1.0,0.35714285714285715,0.0,5,14,1000,0.55,289,pointwise,0.0009264999971492216,1.0
1.0,0.21428571428571427,0.0,3,14,1000,0.55,289,normal_bonferroni,0.000639599995338358,1.0
1.0,0.21428571428571427,0.0,3,14,1000,0.55,289,multiplier,0.003239099998609163,1.0
1.0,0.21428571428571427,0.0,3,14,1000,0.55,289,exact_bonferroni,0.00093120000383351,1.0
1.0,0.14285714285714285,0.0,2,14,1000,0.55,289,hoeffding,0.0003589999978430569,1.0
1.0,0.21428571428571427,0.0,3,14,1000,0.55,289,holm,0.0005487000016728416,
1.0,0.6428571428571429,0.0,9,14,1000,0.55,290,pointwise,0.0004441999990376644,0.0
1.0,0.2857142857142857,0.0,4,14,1000,0.55,290,normal_bonferroni,0.0006902000022819266,1.0
1.0,0.35714285714285715,0.0,5,14,1000,0.55,290,multiplier,0.0034287000016774982,1.0
1.0,0.2857142857142857,0.0,4,14,1000,0.55,290,exact_bonferroni,0.0009571000045980327,1.0
1.0,0.14285714285714285,0.0,2,14,1000,0.55,290,hoeffding,0.0003519000019878149,1.0
1.0,0.2857142857142857,0.0,4,14,1000,0.55,290,holm,0.000491600003442727,
1.0,0.7142857142857143,0.0,10,14,1000,0.55,291,pointwise,0.0006267999997362494,0.0
1.0,0.42857142857142855,0.0,6,14,1000,0.55,291,normal_bonferroni,0.000628800000413321,1.0
1.0,0.42857142857142855,0.0,6,14,1000,0.55,291,multiplier,0.0031860000017331913,1.0
1.0,0.42857142857142855,0.0,6,14,1000,0.55,291,exact_bonferroni,0.0005262999984552152,1.0
1.0,0.21428571428571427,0.0,3,14,1000,0.55,291,hoeffding,0.000192599996807985,1.0
1.0,0.42857142857142855,0.0,6,14,1000,0.55,291,holm,0.0003704999980982393,
1.0,0.8571428571428571,0.0,12,14,1000,0.55,292,pointwise,0.0006131999980425462,0.0
1.0,0.35714285714285715,0.0,5,14,1000,0.55,292,normal_bonferroni,0.0005976000029477291,1.0
1.0,0.42857142857142855,0.0,6,14,1000,0.55,292,multiplier,0.0031410999945364892,1.0
1.0,0.2857142857142857,0.0,4,14,1000,0.55,292,exact_bonferroni,0.0008846999990055338,1.0
1.0,0.21428571428571427,0.0,3,14,1000,0.55,292,hoeffding,0.0003161000058753416,1.0
1.0,0.2857142857142857,0.0,4,14,1000,0.55,292,holm,0.00048009999591158703,
1.0,0.35714285714285715,0.0,5,14,1000,0.55,293,pointwise,0.0009328000014647841,1.0
1.0,0.14285714285714285,0.0,2,14,1000,0.55,293,normal_bonferroni,0.0005979999987175688,1.0
1.0,0.14285714285714285,0.0,2,14,1000,0.55,293,multiplier,0.003336699999636039,1.0
1.0,0.14285714285714285,0.0,2,14,1000,0.55,293,exact_bonferroni,0.0009598999968147837,1.0
1.0,0.0,0.0,0,14,1000,0.55,293,hoeffding,0.00036610000097425655,1.0
1.0,0.14285714285714285,0.0,2,14,1000,0.55,293,holm,0.0005088000034447759,
1.0,0.2857142857142857,0.0,4,14,1000,0.55,294,pointwise,0.0006865000032121316,1.0
1.0,0.21428571428571427,0.0,3,14,1000,0.55,294,normal_bonferroni,0.0006443999955081381,1.0
1.0,0.2857142857142857,0.0,4,14,1000,0.55,294,multiplier,0.0034071000045514666,1.0
1.0,0.21428571428571427,0.0,3,14,1000,0.55,294,exact_bonferroni,0.0010001999980886467,1.0
1.0,0.0,0.0,0,14,1000,0.55,294,hoeffding,0.0003544999999576248,1.0
1.0,0.21428571428571427,0.0,3,14,1000,0.55,294,holm,0.0005289000037009828,
1.0,0.5714285714285714,0.0,8,14,1000,0.55,295,pointwise,0.0004939999998896383,0.0
1.0,0.2857142857142857,0.0,4,14,1000,0.55,295,normal_bonferroni,0.00038869999843882397,1.0
1.0,0.2857142857142857,0.0,4,14,1000,0.55,295,multiplier,0.0038931000017328188,1.0
1.0,0.2857142857142857,0.0,4,14,1000,0.55,295,exact_bonferroni,0.0010817000002134591,1.0
1.0,0.14285714285714285,0.0,2,14,1000,0.55,295,hoeffding,0.0003620000061346218,1.0
1.0,0.2857142857142857,0.0,4,14,1000,0.55,295,holm,0.0005227000001468696,
1.0,0.7142857142857143,0.0,10,14,1000,0.55,296,pointwise,0.0007410999969579279,0.0
1.0,0.5,0.0,7,14,1000,0.55,296,normal_bonferroni,0.0006559000030392781,1.0
1.0,0.5714285714285714,0.0,8,14,1000,0.55,296,multiplier,0.0035414000012679026,1.0
1.0,0.5,0.0,7,14,1000,0.55,296,exact_bonferroni,0.0010188999949605204,1.0
1.0,0.21428571428571427,0.0,3,14,1000,0.55,296,hoeffding,0.00034929999674204737,1.0
1.0,0.5,0.0,7,14,1000,0.55,296,holm,0.0006370000046445057,
0.0,0.7857142857142857,0.08333333333333333,12,14,1000,0.55,297,pointwise,0.00037570000131381676,0.0
1.0,0.5714285714285714,0.0,8,14,1000,0.55,297,normal_bonferroni,0.0003741999971680343,1.0
1.0,0.6428571428571429,0.0,9,14,1000,0.55,297,multiplier,0.003412899997783825,1.0
1.0,0.5714285714285714,0.0,8,14,1000,0.55,297,exact_bonferroni,0.0009990999969886616,1.0
1.0,0.2857142857142857,0.0,4,14,1000,0.55,297,hoeffding,0.00035170000046491623,1.0
1.0,0.5714285714285714,0.0,8,14,1000,0.55,297,holm,0.0005055000001448207,
1.0,0.42857142857142855,0.0,6,14,1000,0.55,298,pointwise,0.0006972999981371686,1.0
1.0,0.14285714285714285,0.0,2,14,1000,0.55,298,normal_bonferroni,0.00035349999961908907,1.0
1.0,0.14285714285714285,0.0,2,14,1000,0.55,298,multiplier,0.0027603999988059513,1.0
1.0,0.14285714285714285,0.0,2,14,1000,0.55,298,exact_bonferroni,0.0009806999951251782,1.0
1.0,0.07142857142857142,0.0,1,14,1000,0.55,298,hoeffding,0.00033350000012433156,1.0
1.0,0.14285714285714285,0.0,2,14,1000,0.55,298,holm,0.0010604000053717755,
1.0,0.35714285714285715,0.0,5,14,1000,0.55,299,pointwise,0.00040859999717213213,1.0
1.0,0.21428571428571427,0.0,3,14,1000,0.55,299,normal_bonferroni,0.00040209999860962853,1.0
1.0,0.21428571428571427,0.0,3,14,1000,0.55,299,multiplier,0.003267699998104945,1.0
1.0,0.21428571428571427,0.0,3,14,1000,0.55,299,exact_bonferroni,0.0009479000000283122,1.0
1.0,0.07142857142857142,0.0,1,14,1000,0.55,299,hoeffding,0.0003352999992785044,1.0
1.0,0.21428571428571427,0.0,3,14,1000,0.55,299,holm,0.0005368999991333112,
1.0,0.5714285714285714,0.0,8,14,5000,0.55,0,pointwise,0.002078799996525049,1.0
1.0,0.35714285714285715,0.0,5,14,5000,0.55,0,normal_bonferroni,0.0026911999957519583,1.0
1.0,0.35714285714285715,0.0,5,14,5000,0.55,0,multiplier,0.008312500001920853,1.0
1.0,0.35714285714285715,0.0,5,14,5000,0.55,0,exact_bonferroni,0.004120199999306351,1.0
1.0,0.35714285714285715,0.0,5,14,5000,0.55,0,hoeffding,0.0023231999948620796,1.0
1.0,0.35714285714285715,0.0,5,14,5000,0.55,0,holm,0.000857699997141026,
1.0,0.8571428571428571,0.0,12,14,5000,0.55,1,pointwise,0.0019384999977773987,0.0
1.0,0.6428571428571429,0.0,9,14,5000,0.55,1,normal_bonferroni,0.0017332999996142462,1.0
1.0,0.6428571428571429,0.0,9,14,5000,0.55,1,multiplier,0.00924440000380855,1.0
1.0,0.6428571428571429,0.0,9,14,5000,0.55,1,exact_bonferroni,0.0027237000031163916,1.0
1.0,0.5714285714285714,0.0,8,14,5000,0.55,1,hoeffding,0.0012688999995589256,1.0
1.0,0.6428571428571429,0.0,9,14,5000,0.55,1,holm,0.0008021999965421855,
1.0,0.7142857142857143,0.0,10,14,5000,0.55,2,pointwise,0.002814599996781908,1.0
1.0,0.5714285714285714,0.0,8,14,5000,0.55,2,normal_bonferroni,0.0027002999995602295,1.0
1.0,0.5714285714285714,0.0,8,14,5000,0.55,2,multiplier,0.008302300004288554,1.0
1.0,0.5714285714285714,0.0,8,14,5000,0.55,2,exact_bonferroni,0.0025657000005594455,1.0
1.0,0.42857142857142855,0.0,6,14,5000,0.55,2,hoeffding,0.002446300000883639,1.0
1.0,0.5714285714285714,0.0,8,14,5000,0.55,2,holm,0.000844000001961831,
1.0,0.7142857142857143,0.0,10,14,5000,0.55,3,pointwise,0.0015602999992552213,1.0
1.0,0.5,0.0,7,14,5000,0.55,3,normal_bonferroni,0.0015427000034833327,1.0
1.0,0.5,0.0,7,14,5000,0.55,3,multiplier,0.00769659999787109,1.0
1.0,0.5,0.0,7,14,5000,0.55,3,exact_bonferroni,0.0026870000001508743,1.0
1.0,0.42857142857142855,0.0,6,14,5000,0.55,3,hoeffding,0.0012421999999787658,1.0
1.0,0.5,0.0,7,14,5000,0.55,3,holm,0.0008229000013670884,
1.0,0.7142857142857143,0.0,10,14,5000,0.55,4,pointwise,0.0027413999996497296,0.0
1.0,0.6428571428571429,0.0,9,14,5000,0.55,4,normal_bonferroni,0.002090000001771841,1.0
1.0,0.6428571428571429,0.0,9,14,5000,0.55,4,multiplier,0.008660899999085814,1.0
1.0,0.6428571428571429,0.0,9,14,5000,0.55,4,exact_bonferroni,0.0033708999981172383,1.0
1.0,0.5714285714285714,0.0,8,14,5000,0.55,4,hoeffding,0.0022829000008641742,1.0
1.0,0.6428571428571429,0.0,9,14,5000,0.55,4,holm,0.0008932999990065582,
1.0,0.8571428571428571,0.0,12,14,5000,0.55,5,pointwise,0.0014518000025418587,0.0
1.0,0.6428571428571429,0.0,9,14,5000,0.55,5,normal_bonferroni,0.001517299999250099,1.0
1.0,0.6428571428571429,0.0,9,14,5000,0.55,5,multiplier,0.007337600000028033,1.0
1.0,0.5714285714285714,0.0,8,14,5000,0.55,5,exact_bonferroni,0.002220299997134134,1.0
1.0,0.5,0.0,7,14,5000,0.55,5,hoeffding,0.0011366000035195611,1.0
1.0,0.6428571428571429,0.0,9,14,5000,0.55,5,holm,0.0007848000022931956,
1.0,0.5714285714285714,0.0,8,14,5000,0.55,6,pointwise,0.002568500000052154,1.0
1.0,0.5714285714285714,0.0,8,14,5000,0.55,6,normal_bonferroni,0.002591999997093808,1.0
1.0,0.5714285714285714,0.0,8,14,5000,0.55,6,multiplier,0.008405800006585196,1.0
1.0,0.5714285714285714,0.0,8,14,5000,0.55,6,exact_bonferroni,0.003375899999809917,1.0
1.0,0.42857142857142855,0.0,6,14,5000,0.55,6,hoeffding,0.002205800003139302,1.0
1.0,0.5714285714285714,0.0,8,14,5000,0.55,6,holm,0.0007400000031339005,
1.0,0.7142857142857143,0.0,10,14,5000,0.55,7,pointwise,0.0015716999987489544,0.0
1.0,0.7142857142857143,0.0,10,14,5000,0.55,7,normal_bonferroni,0.0014038000008440576,1.0
1.0,0.7142857142857143,0.0,10,14,5000,0.55,7,multiplier,0.0072902999963844195,1.0
1.0,0.7142857142857143,0.0,10,14,5000,0.55,7,exact_bonferroni,0.0019971999936387874,1.0
1.0,0.5714285714285714,0.0,8,14,5000,0.55,7,hoeffding,0.0014057000007596798,1.0
1.0,0.7142857142857143,0.0,10,14,5000,0.55,7,holm,0.0006983999992371537,
1.0,0.7857142857142857,0.0,11,14,5000,0.55,8,pointwise,0.002780399998300709,1.0
1.0,0.5,0.0,7,14,5000,0.55,8,normal_bonferroni,0.0025763000012375414,1.0
1.0,0.5,0.0,7,14,5000,0.55,8,multiplier,0.008854300001985393,1.0
1.0,0.5,0.0,7,14,5000,0.55,8,exact_bonferroni,0.003583099998650141,1.0
1.0,0.5,0.0,7,14,5000,0.55,8,hoeffding,0.0022338999988278374,1.0
1.0,0.5,0.0,7,14,5000,0.55,8,holm,0.0007599999953527004,
1.0,0.5714285714285714,0.0,8,14,5000,0.55,9,pointwise,0.001508999994257465,1.0
1.0,0.42857142857142855,0.0,6,14,5000,0.55,9,normal_bonferroni,0.0014396999977179803,1.0
1.0,0.42857142857142855,0.0,6,14,5000,0.55,9,multiplier,0.006979300000239164,1.0
1.0,0.42857142857142855,0.0,6,14,5000,0.55,9,exact_bonferroni,0.0020164000015938655,1.0
1.0,0.42857142857142855,0.0,6,14,5000,0.55,9,hoeffding,0.0010508000050322153,1.0
1.0,0.42857142857142855,0.0,6,14,5000,0.55,9,holm,0.0006965000065974891,
1.0,0.7857142857142857,0.0,11,14,5000,0.55,10,pointwise,0.0019871999975293875,0.0
1.0,0.5714285714285714,0.0,8,14,5000,0.55,10,normal_bonferroni,0.0025198000003001653,1.0
1.0,0.5714285714285714,0.0,8,14,5000,0.55,10,multiplier,0.008259700000053272,1.0
1.0,0.5714285714285714,0.0,8,14,5000,0.55,10,exact_bonferroni,0.003698900000017602,1.0
1.0,0.42857142857142855,0.0,6,14,5000,0.55,10,hoeffding,0.002196899993577972,1.0
1.0,0.5714285714285714,0.0,8,14,5000,0.55,10,holm,0.0007478999978047796,
1.0,0.7142857142857143,0.0,10,14,5000,0.55,11,pointwise,0.001462699998228345,1.0
1.0,0.5,0.0,7,14,5000,0.55,11,normal_bonferroni,0.001331799998297356,1.0
1.0,0.5714285714285714,0.0,8,14,5000,0.55,11,multiplier,0.006963799998629838,1.0
1.0,0.5,0.0,7,14,5000,0.55,11,exact_bonferroni,0.002242199996544514,1.0
1.0,0.42857142857142855,0.0,6,14,5000,0.55,11,hoeffding,0.0011027000000467524,1.0
1.0,0.5714285714285714,0.0,8,14,5000,0.55,11,holm,0.0007125000047381036,
1.0,0.7142857142857143,0.0,10,14,5000,0.55,12,pointwise,0.0024249999987659976,1.0
1.0,0.5714285714285714,0.0,8,14,5000,0.55,12,normal_bonferroni,0.003026099999260623,1.0
1.0,0.5714285714285714,0.0,8,14,5000,0.55,12,multiplier,0.00901259999955073,1.0
1.0,0.5714285714285714,0.0,8,14,5000,0.55,12,exact_bonferroni,0.004040899999381509,1.0
1.0,0.42857142857142855,0.0,6,14,5000,0.55,12,hoeffding,0.0024131000027409755,1.0
1.0,0.5714285714285714,0.0,8,14,5000,0.55,12,holm,0.0008342000000993721,
1.0,0.7142857142857143,0.0,10,14,5000,0.55,13,pointwise,0.0014334000006783754,0.0
1.0,0.5,0.0,7,14,5000,0.55,13,normal_bonferroni,0.001480200000514742,1.0
1.0,0.5,0.0,7,14,5000,0.55,13,multiplier,0.007554299998446368,1.0
1.0,0.5,0.0,7,14,5000,0.55,13,exact_bonferroni,0.002442299999529496,1.0
1.0,0.42857142857142855,0.0,6,14,5000,0.55,13,hoeffding,0.001160299994808156,1.0
1.0,0.5,0.0,7,14,5000,0.55,13,holm,0.00073819999670377,
1.0,0.7857142857142857,0.0,11,14,5000,0.55,14,pointwise,0.0027645000009215437,0.0
1.0,0.5714285714285714,0.0,8,14,5000,0.55,14,normal_bonferroni,0.0027790000021923333,1.0
1.0,0.7142857142857143,0.0,10,14,5000,0.55,14,multiplier,0.009010500005388167,1.0
1.0,0.5714285714285714,0.0,8,14,5000,0.55,14,exact_bonferroni,0.0032759999958216213,1.0
1.0,0.42857142857142855,0.0,6,14,5000,0.55,14,hoeffding,0.0014411000011023134,1.0
1.0,0.7142857142857143,0.0,10,14,5000,0.55,14,holm,0.0007706999967922457,
1.0,0.6428571428571429,0.0,9,14,5000,0.55,15,pointwise,0.0015495000043301843,1.0
1.0,0.5714285714285714,0.0,8,14,5000,0.55,15,normal_bonferroni,0.0014263000048231333,1.0
1.0,0.5714285714285714,0.0,8,14,5000,0.55,15,multiplier,0.006812100000388455,1.0
1.0,0.5714285714285714,0.0,8,14,5000,0.55,15,exact_bonferroni,0.0024685000025783665,1.0
1.0,0.42857142857142855,0.0,6,14,5000,0.55,15,hoeffding,0.0011739999972633086,1.0
1.0,0.5714285714285714,0.0,8,14,5000,0.55,15,holm,0.0007573999973828904,
1.0,0.7142857142857143,0.0,10,14,5000,0.55,16,pointwise,0.002318899998499546,1.0
1.0,0.6428571428571429,0.0,9,14,5000,0.55,16,normal_bonferroni,0.0024172999983420596,1.0
1.0,0.6428571428571429,0.0,9,14,5000,0.55,16,multiplier,0.007913599998573773,1.0
1.0,0.6428571428571429,0.0,9,14,5000,0.55,16,exact_bonferroni,0.003867699997499585,1.0
1.0,0.6428571428571429,0.0,9,14,5000,0.55,16,hoeffding,0.002360200000111945,1.0
1.0,0.6428571428571429,0.0,9,14,5000,0.55,16,holm,0.0005436000064946711,
1.0,0.8571428571428571,0.0,12,14,5000,0.55,17,pointwise,0.0017079000026569702,0.0
1.0,0.7857142857142857,0.0,11,14,5000,0.55,17,normal_bonferroni,0.0015467999983229674,1.0
1.0,0.7857142857142857,0.0,11,14,5000,0.55,17,multiplier,0.0074097999968216754,1.0
1.0,0.7857142857142857,0.0,11,14,5000,0.55,17,exact_bonferroni,0.002425400001811795,1.0
1.0,0.6428571428571429,0.0,9,14,5000,0.55,17,hoeffding,0.0011768000040319748,1.0
1.0,0.7857142857142857,0.0,11,14,5000,0.55,17,holm,0.0007814999989932403,
1.0,0.7142857142857143,0.0,10,14,5000,0.55,18,pointwise,0.002646100001584273,1.0
1.0,0.5,0.0,7,14,5000,0.55,18,normal_bonferroni,0.002677899996342603,1.0
1.0,0.5,0.0,7,14,5000,0.55,18,multiplier,0.008721599995624274,1.0
1.0,0.5,0.0,7,14,5000,0.55,18,exact_bonferroni,0.0034287000016774982,1.0
1.0,0.42857142857142855,0.0,6,14,5000,0.55,18,hoeffding,0.002063599997200072,1.0
1.0,0.5,0.0,7,14,5000,0.55,18,holm,0.00043369999912101775,
1.0,0.7857142857142857,0.0,11,14,5000,0.55,19,pointwise,0.0014152000003377907,1.0
1.0,0.6428571428571429,0.0,9,14,5000,0.55,19,normal_bonferroni,0.0014201000012690201,1.0
1.0,0.6428571428571429,0.0,9,14,5000,0.55,19,multiplier,0.007529700000304729,1.0
1.0,0.6428571428571429,0.0,9,14,5000,0.55,19,exact_bonferroni,0.002382699996815063,1.0
1.0,0.5714285714285714,0.0,8,14,5000,0.55,19,hoeffding,0.0010344999973312952,1.0
1.0,0.6428571428571429,0.0,9,14,5000,0.55,19,holm,0.0006980999969528057,
1.0,0.7142857142857143,0.0,10,14,5000,0.55,20,pointwise,0.0028705000004265457,1.0
1.0,0.6428571428571429,0.0,9,14,5000,0.55,20,normal_bonferroni,0.0024733000027481467,1.0
1.0,0.6428571428571429,0.0,9,14,5000,0.55,20,multiplier,0.0074317999969935045,1.0
1.0,0.6428571428571429,0.0,9,14,5000,0.55,20,exact_bonferroni,0.0034798999986378476,1.0
1.0,0.5,0.0,7,14,5000,0.55,20,hoeffding,0.002670800000487361,1.0
1.0,0.6428571428571429,0.0,9,14,5000,0.55,20,holm,0.0008572999940952286,
1.0,0.7142857142857143,0.0,10,14,5000,0.55,21,pointwise,0.0015664000020478852,0.0
1.0,0.5714285714285714,0.0,8,14,5000,0.55,21,normal_bonferroni,0.0015175999942584895,1.0
1.0,0.5714285714285714,0.0,8,14,5000,0.55,21,multiplier,0.007307599997147918,1.0
1.0,0.5714285714285714,0.0,8,14,5000,0.55,21,exact_bonferroni,0.0025400000013178214,1.0
1.0,0.42857142857142855,0.0,6,14,5000,0.55,21,hoeffding,0.0010959999999613501,1.0
1.0,0.5714285714285714,0.0,8,14,5000,0.55,21,holm,0.0007507000045734458,
1.0,0.6428571428571429,0.0,9,14,5000,0.55,22,pointwise,0.002673399998457171,1.0
1.0,0.5,0.0,7,14,5000,0.55,22,normal_bonferroni,0.002150100001017563,1.0
1.0,0.5714285714285714,0.0,8,14,5000,0.55,22,multiplier,0.008663699998578522,1.0
1.0,0.5,0.0,7,14,5000,0.55,22,exact_bonferroni,0.0033213000060641207,1.0
1.0,0.35714285714285715,0.0,5,14,5000,0.55,22,hoeffding,0.002310099996975623,1.0
1.0,0.5714285714285714,0.0,8,14,5000,0.55,22,holm,0.0006943999978830107,
1.0,0.6428571428571429,0.0,9,14,5000,0.55,23,pointwise,0.001629099999263417,1.0
1.0,0.5,0.0,7,14,5000,0.55,23,normal_bonferroni,0.0008570999998482876,1.0
1.0,0.5,0.0,7,14,5000,0.55,23,multiplier,0.006739100004779175,1.0
1.0,0.5,0.0,7,14,5000,0.55,23,exact_bonferroni,0.0019857000006595626,1.0
1.0,0.2857142857142857,0.0,4,14,5000,0.55,23,hoeffding,0.0006161999990581535,1.0
1.0,0.5,0.0,7,14,5000,0.55,23,holm,0.0006653000018559396,
1.0,0.6428571428571429,0.0,9,14,5000,0.55,24,pointwise,0.0024759999942034483,1.0
1.0,0.6428571428571429,0.0,9,14,5000,0.55,24,normal_bonferroni,0.0024451999997836538,1.0
1.0,0.6428571428571429,0.0,9,14,5000,0.55,24,multiplier,0.007867600004829,1.0
1.0,0.6428571428571429,0.0,9,14,5000,0.55,24,exact_bonferroni,0.0036595999990822747,1.0
1.0,0.35714285714285715,0.0,5,14,5000,0.55,24,hoeffding,0.0017835000035120174,1.0
1.0,0.6428571428571429,0.0,9,14,5000,0.55,24,holm,0.0006547000011778437,
1.0,0.7142857142857143,0.0,10,14,5000,0.55,25,pointwise,0.0013766999982181005,0.0
1.0,0.6428571428571429,0.0,9,14,5000,0.55,25,normal_bonferroni,0.0013117999988025986,1.0
1.0,0.6428571428571429,0.0,9,14,5000,0.55,25,multiplier,0.00684470000123838,1.0
1.0,0.6428571428571429,0.0,9,14,5000,0.55,25,exact_bonferroni,0.002206299999670591,1.0
1.0,0.6428571428571429,0.0,9,14,5000,0.55,25,hoeffding,0.0010536000045249239,1.0
1.0,0.6428571428571429,0.0,9,14,5000,0.55,25,holm,0.0006857999978819862,
1.0,0.7857142857142857,0.0,11,14,5000,0.55,26,pointwise,0.002231000005849637,0.0
1.0,0.5714285714285714,0.0,8,14,5000,0.55,26,normal_bonferroni,0.0019358999998075888,1.0
1.0,0.5714285714285714,0.0,8,14,5000,0.55,26,multiplier,0.008251599996583536,1.0
1.0,0.5714285714285714,0.0,8,14,5000,0.55,26,exact_bonferroni,0.003744699999515433,1.0
1.0,0.5714285714285714,0.0,8,14,5000,0.55,26,hoeffding,0.002437299997836817,1.0
1.0,0.5714285714285714,0.0,8,14,5000,0.55,26,holm,0.0009902000019792467,
1.0,0.7857142857142857,0.0,11,14,5000,0.55,27,pointwise,0.001637299996218644,0.0
1.0,0.5714285714285714,0.0,8,14,5000,0.55,27,normal_bonferroni,0.0014158999983919784,1.0
1.0,0.5714285714285714,0.0,8,14,5000,0.55,27,multiplier,0.0068977000046288595,1.0
1.0,0.5714285714285714,0.0,8,14,5000,0.55,27,exact_bonferroni,0.0015119000017875805,1.0
1.0,0.5,0.0,7,14,5000,0.55,27,hoeffding,0.0006802999996580184,1.0
1.0,0.5714285714285714,0.0,8,14,5000,0.55,27,holm,0.0009758999949553981,
1.0,0.6428571428571429,0.0,9,14,5000,0.55,28,pointwise,0.0020374000014271587,1.0
1.0,0.5,0.0,7,14,5000,0.55,28,normal_bonferroni,0.0024377000008826144,1.0
1.0,0.5,0.0,7,14,5000,0.55,28,multiplier,0.007092799998645205,1.0
1.0,0.5,0.0,7,14,5000,0.55,28,exact_bonferroni,0.002693300004466437,1.0
1.0,0.42857142857142855,0.0,6,14,5000,0.55,28,hoeffding,0.0020775999946636148,1.0
1.0,0.5,0.0,7,14,5000,0.55,28,holm,0.0006935999990673736,
1.0,0.7142857142857143,0.0,10,14,5000,0.55,29,pointwise,0.0016754000025684945,1.0
1.0,0.5,0.0,7,14,5000,0.55,29,normal_bonferroni,0.0018314000044483691,1.0
1.0,0.5,0.0,7,14,5000,0.55,29,multiplier,0.007448399999702815,1.0
1.0,0.5,0.0,7,14,5000,0.55,29,exact_bonferroni,0.0021150000029592775,1.0
1.0,0.35714285714285715,0.0,5,14,5000,0.55,29,hoeffding,0.0011108000035164878,1.0
1.0,0.5,0.0,7,14,5000,0.55,29,holm,0.0007075999965309165,
1.0,0.7857142857142857,0.0,11,14,5000,0.55,30,pointwise,0.002666000000317581,1.0
1.0,0.5,0.0,7,14,5000,0.55,30,normal_bonferroni,0.0025300000052084215,1.0
1.0,0.5,0.0,7,14,5000,0.55,30,multiplier,0.00858400000288384,1.0
1.0,0.5,0.0,7,14,5000,0.55,30,exact_bonferroni,0.0033669999975245446,1.0
1.0,0.42857142857142855,0.0,6,14,5000,0.55,30,hoeffding,0.0022014000060153194,1.0
1.0,0.5,0.0,7,14,5000,0.55,30,holm,0.0007643999997526407,
1.0,0.6428571428571429,0.0,9,14,5000,0.55,31,pointwise,0.0014221000019460917,1.0
1.0,0.5714285714285714,0.0,8,14,5000,0.55,31,normal_bonferroni,0.0015150999970501289,1.0
1.0,0.5714285714285714,0.0,8,14,5000,0.55,31,multiplier,0.007031900000583846,1.0
1.0,0.5714285714285714,0.0,8,14,5000,0.55,31,exact_bonferroni,0.0022100999995018356,1.0
1.0,0.5714285714285714,0.0,8,14,5000,0.55,31,hoeffding,0.0011444999981904402,1.0
1.0,0.5714285714285714,0.0,8,14,5000,0.55,31,holm,0.0007222999993246049,
1.0,0.6428571428571429,0.0,9,14,5000,0.55,32,pointwise,0.002394700000877492,1.0
1.0,0.35714285714285715,0.0,5,14,5000,0.55,32,normal_bonferroni,0.0025935000012395903,1.0
1.0,0.42857142857142855,0.0,6,14,5000,0.55,32,multiplier,0.008306499999889638,1.0
1.0,0.35714285714285715,0.0,5,14,5000,0.55,32,exact_bonferroni,0.0030576999997720122,1.0
1.0,0.35714285714285715,0.0,5,14,5000,0.55,32,hoeffding,0.002111400004650932,1.0
1.0,0.35714285714285715,0.0,5,14,5000,0.55,32,holm,0.0007036000024527311,
1.0,0.6428571428571429,0.0,9,14,5000,0.55,33,pointwise,0.0014551999993273057,1.0
1.0,0.5,0.0,7,14,5000,0.55,33,normal_bonferroni,0.001430700001947116,1.0
1.0,0.5,0.0,7,14,5000,0.55,33,multiplier,0.007045399994240142,1.0
1.0,0.42857142857142855,0.0,6,14,5000,0.55,33,exact_bonferroni,0.0019547000047168694,1.0
1.0,0.35714285714285715,0.0,5,14,5000,0.55,33,hoeffding,0.0012900000001536682,1.0
1.0,0.5,0.0,7,14,5000,0.55,33,holm,0.0007629000028828159,
1.0,0.7142857142857143,0.0,10,14,5000,0.55,34,pointwise,0.0025986000036937185,1.0
1.0,0.6428571428571429,0.0,9,14,5000,0.55,34,normal_bonferroni,0.0027549000005819835,1.0
1.0,0.6428571428571429,0.0,9,14,5000,0.55,34,multiplier,0.009021799996844493,1.0
1.0,0.6428571428571429,0.0,9,14,5000,0.55,34,exact_bonferroni,0.0036799000008613802,1.0
1.0,0.5,0.0,7,14,5000,0.55,34,hoeffding,0.002210200000263285,1.0
1.0,0.6428571428571429,0.0,9,14,5000,0.55,34,holm,0.0005655000059050508,
1.0,0.6428571428571429,0.0,9,14,5000,0.55,35,pointwise,0.0014547999962815084,0.0
1.0,0.6428571428571429,0.0,9,14,5000,0.55,35,normal_bonferroni,0.001415499995346181,1.0
1.0,0.6428571428571429,0.0,9,14,5000,0.55,35,multiplier,0.00625910000235308,1.0
1.0,0.6428571428571429,0.0,9,14,5000,0.55,35,exact_bonferroni,0.0023413000017171726,1.0
1.0,0.5,0.0,7,14,5000,0.55,35,hoeffding,0.0011339999982737936,1.0
1.0,0.6428571428571429,0.0,9,14,5000,0.55,35,holm,0.0007545999978901818,
1.0,0.6428571428571429,0.0,9,14,5000,0.55,36,pointwise,0.0028477999949245714,0.0
1.0,0.5714285714285714,0.0,8,14,5000,0.55,36,normal_bonferroni,0.0025569999997969717,1.0
1.0,0.5714285714285714,0.0,8,14,5000,0.55,36,multiplier,0.008505899997544475,1.0
1.0,0.5714285714285714,0.0,8,14,5000,0.55,36,exact_bonferroni,0.003321299998788163,1.0
1.0,0.5,0.0,7,14,5000,0.55,36,hoeffding,0.002191699997638352,1.0
1.0,0.5714285714285714,0.0,8,14,5000,0.55,36,holm,0.0007581000027130358,
1.0,0.7142857142857143,0.0,10,14,5000,0.55,37,pointwise,0.0018808999957400374,1.0
1.0,0.5,0.0,7,14,5000,0.55,37,normal_bonferroni,0.0015551999968010932,1.0
1.0,0.5,0.0,7,14,5000,0.55,37,multiplier,0.007372799998847768,1.0
1.0,0.5,0.0,7,14,5000,0.55,37,exact_bonferroni,0.0021954999974695966,1.0
1.0,0.42857142857142855,0.0,6,14,5000,0.55,37,hoeffding,0.001130899996496737,1.0
1.0,0.5,0.0,7,14,5000,0.55,37,holm,0.0007279999990714714,
1.0,0.7142857142857143,0.0,10,14,5000,0.55,38,pointwise,0.002650200003699865,1.0
1.0,0.6428571428571429,0.0,9,14,5000,0.55,38,normal_bonferroni,0.0026060000018333085,1.0
1.0,0.6428571428571429,0.0,9,14,5000,0.55,38,multiplier,0.009020600002259016,1.0
1.0,0.6428571428571429,0.0,9,14,5000,0.55,38,exact_bonferroni,0.0035397999963606708,1.0
1.0,0.42857142857142855,0.0,6,14,5000,0.55,38,hoeffding,0.0022083000003476627,1.0
1.0,0.6428571428571429,0.0,9,14,5000,0.55,38,holm,0.0011811000003945082,
1.0,0.7857142857142857,0.0,11,14,5000,0.55,39,pointwise,0.001559099997393787,0.0
1.0,0.7857142857142857,0.0,11,14,5000,0.55,39,normal_bonferroni,0.0014459000012720935,0.0
1.0,0.7857142857142857,0.0,11,14,5000,0.55,39,multiplier,0.0069264999983715825,0.0
1.0,0.7857142857142857,0.0,11,14,5000,0.55,39,exact_bonferroni,0.002274299993587192,0.0
1.0,0.6428571428571429,0.0,9,14,5000,0.55,39,hoeffding,0.0011019000012311153,1.0
1.0,0.7857142857142857,0.0,11,14,5000,0.55,39,holm,0.0007096999979694374,
1.0,0.7142857142857143,0.0,10,14,5000,0.55,40,pointwise,0.002412699999695178,1.0
1.0,0.5714285714285714,0.0,8,14,5000,0.55,40,normal_bonferroni,0.0027812999978777952,1.0
1.0,0.5714285714285714,0.0,8,14,5000,0.55,40,multiplier,0.008725500003492925,1.0
1.0,0.5714285714285714,0.0,8,14,5000,0.55,40,exact_bonferroni,0.002586199996585492,1.0
1.0,0.42857142857142855,0.0,6,14,5000,0.55,40,hoeffding,0.002538799999456387,1.0
1.0,0.5714285714285714,0.0,8,14,5000,0.55,40,holm,0.0008276000007754192,
1.0,0.8571428571428571,0.0,12,14,5000,0.55,41,pointwise,0.0012817000024369918,0.0
1.0,0.8571428571428571,0.0,12,14,5000,0.55,41,normal_bonferroni,0.0012848999976995401,1.0
1.0,0.8571428571428571,0.0,12,14,5000,0.55,41,multiplier,0.007327100000111386,1.0
1.0,0.8571428571428571,0.0,12,14,5000,0.55,41,exact_bonferroni,0.002304800000274554,1.0
1.0,0.6428571428571429,0.0,9,14,5000,0.55,41,hoeffding,0.0010184999991906807,1.0
1.0,0.8571428571428571,0.0,12,14,5000,0.55,41,holm,0.0007117999994079582,
1.0,0.7142857142857143,0.0,10,14,5000,0.55,42,pointwise,0.001927500001329463,1.0
1.0,0.6428571428571429,0.0,9,14,5000,0.55,42,normal_bonferroni,0.0026786000016727485,1.0
1.0,0.6428571428571429,0.0,9,14,5000,0.55,42,multiplier,0.007664299999305513,1.0
1.0,0.6428571428571429,0.0,9,14,5000,0.55,42,exact_bonferroni,0.0030981000018073246,1.0
1.0,0.5,0.0,7,14,5000,0.55,42,hoeffding,0.002115600000252016,1.0
1.0,0.6428571428571429,0.0,9,14,5000,0.55,42,holm,0.0010777999996207654,
1.0,0.7142857142857143,0.0,10,14,5000,0.55,43,pointwise,0.0014459000012720935,0.0
1.0,0.5714285714285714,0.0,8,14,5000,0.55,43,normal_bonferroni,0.001352399995084852,1.0
1.0,0.5714285714285714,0.0,8,14,5000,0.55,43,multiplier,0.006813500003772788,1.0
1.0,0.5714285714285714,0.0,8,14,5000,0.55,43,exact_bonferroni,0.0022240999969653785,1.0
1.0,0.42857142857142855,0.0,6,14,5000,0.55,43,hoeffding,0.0010667999958968721,1.0
1.0,0.5714285714285714,0.0,8,14,5000,0.55,43,holm,0.000691400004143361,
1.0,0.6428571428571429,0.0,9,14,5000,0.55,44,pointwise,0.0026262000028509647,0.0
1.0,0.5714285714285714,0.0,8,14,5000,0.55,44,normal_bonferroni,0.0025359999999636784,1.0
1.0,0.5714285714285714,0.0,8,14,5000,0.55,44,multiplier,0.008409399997617584,1.0
1.0,0.5714285714285714,0.0,8,14,5000,0.55,44,exact_bonferroni,0.003360499998962041,1.0
1.0,0.5,0.0,7,14,5000,0.55,44,hoeffding,0.0021844000002602115,1.0
1.0,0.5714285714285714,0.0,8,14,5000,0.55,44,holm,0.0007385000062640756,
1.0,0.7142857142857143,0.0,10,14,5000,0.55,45,pointwise,0.0016363999966415577,1.0
1.0,0.6428571428571429,0.0,9,14,5000,0.55,45,normal_bonferroni,0.001461899999412708,1.0
1.0,0.6428571428571429,0.0,9,14,5000,0.55,45,multiplier,0.007127500000933651,1.0
1.0,0.6428571428571429,0.0,9,14,5000,0.55,45,exact_bonferroni,0.0021191999985603616,1.0
1.0,0.5,0.0,7,14,5000,0.55,45,hoeffding,0.0011467000003904104,1.0
1.0,0.6428571428571429,0.0,9,14,5000,0.55,45,holm,0.0006245000040507875,
1.0,0.7857142857142857,0.0,11,14,5000,0.55,46,pointwise,0.0024465999958920293,1.0
1.0,0.5714285714285714,0.0,8,14,5000,0.55,46,normal_bonferroni,0.0024089999933494255,1.0
1.0,0.5714285714285714,0.0,8,14,5000,0.55,46,multiplier,0.008040400003665127,1.0
1.0,0.5714285714285714,0.0,8,14,5000,0.55,46,exact_bonferroni,0.003144599999359343,1.0
1.0,0.5714285714285714,0.0,8,14,5000,0.55,46,hoeffding,0.002117999996698927,1.0
1.0,0.5714285714285714,0.0,8,14,5000,0.55,46,holm,0.000723099998140242,
1.0,0.7857142857142857,0.0,11,14,5000,0.55,47,pointwise,0.001836900002672337,0.0
1.0,0.6428571428571429,0.0,9,14,5000,0.55,47,normal_bonferroni,0.001719699997920543,1.0
1.0,0.6428571428571429,0.0,9,14,5000,0.55,47,multiplier,0.007917199996882118,1.0
1.0,0.6428571428571429,0.0,9,14,5000,0.55,47,exact_bonferroni,0.002892999997129664,1.0
1.0,0.6428571428571429,0.0,9,14,5000,0.55,47,hoeffding,0.0013763999959337525,1.0
1.0,0.6428571428571429,0.0,9,14,5000,0.55,47,holm,0.0008248000012827106,
1.0,0.5714285714285714,0.0,8,14,5000,0.55,48,pointwise,0.002877200000511948,1.0
1.0,0.35714285714285715,0.0,5,14,5000,0.55,48,normal_bonferroni,0.0031831000014790334,1.0
1.0,0.35714285714285715,0.0,5,14,5000,0.55,48,multiplier,0.009504800000286195,1.0
1.0,0.35714285714285715,0.0,5,14,5000,0.55,48,exact_bonferroni,0.003433899997617118,1.0
1.0,0.35714285714285715,0.0,5,14,5000,0.55,48,hoeffding,0.0022871999972267076,1.0
1.0,0.35714285714285715,0.0,5,14,5000,0.55,48,holm,0.0007773000033921562,
1.0,0.5714285714285714,0.0,8,14,5000,0.55,49,pointwise,0.001568200001202058,1.0
1.0,0.5,0.0,7,14,5000,0.55,49,normal_bonferroni,0.0014788999978918582,1.0
1.0,0.5,0.0,7,14,5000,0.55,49,multiplier,0.007234700002300087,1.0
1.0,0.5,0.0,7,14,5000,0.55,49,exact_bonferroni,0.0024431999991065823,1.0
1.0,0.35714285714285715,0.0,5,14,5000,0.55,49,hoeffding,0.0018124999987776391,1.0
1.0,0.5,0.0,7,14,5000,0.55,49,holm,0.0007745999973849393,
1.0,0.7857142857142857,0.0,11,14,5000,0.55,50,pointwise,0.0025901000044541433,1.0
1.0,0.5,0.0,7,14,5000,0.55,50,normal_bonferroni,0.0025202000033459626,1.0
1.0,0.5,0.0,7,14,5000,0.55,50,multiplier,0.007912100001703948,1.0
1.0,0.5,0.0,7,14,5000,0.55,50,exact_bonferroni,0.0033441999985370785,1.0
1.0,0.42857142857142855,0.0,6,14,5000,0.55,50,hoeffding,0.002304600006027613,1.0
1.0,0.5,0.0,7,14,5000,0.55,50,holm,0.0008060999971348792,
1.0,0.7857142857142857,0.0,11,14,5000,0.55,51,pointwise,0.001149199997598771,0.0
1.0,0.5714285714285714,0.0,8,14,5000,0.55,51,normal_bonferroni,0.0014096000013523735,1.0
1.0,0.5714285714285714,0.0,8,14,5000,0.55,51,multiplier,0.007003399994573556,1.0
1.0,0.5714285714285714,0.0,8,14,5000,0.55,51,exact_bonferroni,0.0024884999947971664,1.0
1.0,0.5714285714285714,0.0,8,14,5000,0.55,51,hoeffding,0.0011004999978467822,1.0
1.0,0.5714285714285714,0.0,8,14,5000,0.55,51,holm,0.0007410000034724362,
1.0,0.8571428571428571,0.0,12,14,5000,0.55,52,pointwise,0.0029687999995076098,0.0
1.0,0.5714285714285714,0.0,8,14,5000,0.55,52,normal_bonferroni,0.0023416999974870123,1.0
1.0,0.5714285714285714,0.0,8,14,5000,0.55,52,multiplier,0.008256799999799114,1.0
1.0,0.5714285714285714,0.0,8,14,5000,0.55,52,exact_bonferroni,0.0027905000024475157,1.0
1.0,0.42857142857142855,0.0,6,14,5000,0.55,52,hoeffding,0.002589399999123998,1.0
1.0,0.5714285714285714,0.0,8,14,5000,0.55,52,holm,0.0008634000041638501,
1.0,0.7857142857142857,0.0,11,14,5000,0.55,53,pointwise,0.001455300000088755,1.0
1.0,0.6428571428571429,0.0,9,14,5000,0.55,53,normal_bonferroni,0.001406499999575317,1.0
1.0,0.6428571428571429,0.0,9,14,5000,0.55,53,multiplier,0.006043699999281671,1.0
1.0,0.6428571428571429,0.0,9,14,5000,0.55,53,exact_bonferroni,0.002336499994271435,1.0
1.0,0.6428571428571429,0.0,9,14,5000,0.55,53,hoeffding,0.0010456000018166378,1.0
1.0,0.6428571428571429,0.0,9,14,5000,0.55,53,holm,0.0007069999992381781,
1.0,0.7142857142857143,0.0,10,14,5000,0.55,54,pointwise,0.0022525000022142194,1.0
1.0,0.5,0.0,7,14,5000,0.55,54,normal_bonferroni,0.0020045000055688433,1.0
1.0,0.5,0.0,7,14,5000,0.55,54,multiplier,0.008234300003095996,1.0
1.0,0.5,0.0,7,14,5000,0.55,54,exact_bonferroni,0.002912399999331683,1.0
1.0,0.35714285714285715,0.0,5,14,5000,0.55,54,hoeffding,0.001685100003669504,1.0
1.0,0.5,0.0,7,14,5000,0.55,54,holm,0.0007525000037276186,
1.0,0.6428571428571429,0.0,9,14,5000,0.55,55,pointwise,0.0013659000032930635,1.0
1.0,0.42857142857142855,0.0,6,14,5000,0.55,55,normal_bonferroni,0.0015416000023833476,1.0
1.0,0.42857142857142855,0.0,6,14,5000,0.55,55,multiplier,0.006193699999130331,1.0
1.0,0.42857142857142855,0.0,6,14,5000,0.55,55,exact_bonferroni,0.0021667000037268735,1.0
1.0,0.42857142857142855,0.0,6,14,5000,0.55,55,hoeffding,0.0012168999965069816,1.0
1.0,0.42857142857142855,0.0,6,14,5000,0.55,55,holm,0.0004802999974344857,
1.0,0.8571428571428571,0.0,12,14,5000,0.55,56,pointwise,0.002223999996203929,0.0
1.0,0.6428571428571429,0.0,9,14,5000,0.55,56,normal_bonferroni,0.002082300001347903,1.0
1.0,0.6428571428571429,0.0,9,14,5000,0.55,56,multiplier,0.008028999996895436,1.0
1.0,0.6428571428571429,0.0,9,14,5000,0.55,56,exact_bonferroni,0.0035384000002522953,1.0
1.0,0.42857142857142855,0.0,6,14,5000,0.55,56,hoeffding,0.002325800000107847,1.0
1.0,0.6428571428571429,0.0,9,14,5000,0.55,56,holm,0.0007601000033901073,
1.0,0.6428571428571429,0.0,9,14,5000,0.55,57,pointwise,0.001441000000340864,1.0
1.0,0.5714285714285714,0.0,8,14,5000,0.55,57,normal_bonferroni,0.0015614000003552064,1.0
1.0,0.5714285714285714,0.0,8,14,5000,0.55,57,multiplier,0.005950399994617328,1.0
1.0,0.5714285714285714,0.0,8,14,5000,0.55,57,exact_bonferroni,0.0025251999977626838,1.0
1.0,0.42857142857142855,0.0,6,14,5000,0.55,57,hoeffding,0.001113199999963399,1.0
1.0,0.5714285714285714,0.0,8,14,5000,0.55,57,holm,0.0007970000006025657,
1.0,0.7142857142857143,0.0,10,14,5000,0.55,58,pointwise,0.002974099996208679,0.0
1.0,0.5,0.0,7,14,5000,0.55,58,normal_bonferroni,0.002338500002224464,1.0
1.0,0.5,0.0,7,14,5000,0.55,58,multiplier,0.009248099995602388,1.0
1.0,0.5,0.0,7,14,5000,0.55,58,exact_bonferroni,0.004076099998201244,1.0
1.0,0.42857142857142855,0.0,6,14,5000,0.55,58,hoeffding,0.0026294000053894706,1.0
1.0,0.5,0.0,7,14,5000,0.55,58,holm,0.0009241999941878021,
1.0,0.6428571428571429,0.0,9,14,5000,0.55,59,pointwise,0.0015684000027249567,1.0
1.0,0.5,0.0,7,14,5000,0.55,59,normal_bonferroni,0.0010389000017312355,1.0
1.0,0.5,0.0,7,14,5000,0.55,59,multiplier,0.007555100004537962,1.0
1.0,0.5,0.0,7,14,5000,0.55,59,exact_bonferroni,0.0027442999999038875,1.0
1.0,0.5,0.0,7,14,5000,0.55,59,hoeffding,0.00123899999744026,1.0
1.0,0.5,0.0,7,14,5000,0.55,59,holm,0.0007810000024619512,
1.0,0.7857142857142857,0.0,11,14,5000,0.55,60,pointwise,0.0028104999946663156,0.0
1.0,0.6428571428571429,0.0,9,14,5000,0.55,60,normal_bonferroni,0.002226700002211146,1.0
1.0,0.7142857142857143,0.0,10,14,5000,0.55,60,multiplier,0.009037499999976717,1.0
1.0,0.6428571428571429,0.0,9,14,5000,0.55,60,exact_bonferroni,0.002752599997620564,1.0
1.0,0.5714285714285714,0.0,8,14,5000,0.55,60,hoeffding,0.0020031000021845102,1.0
1.0,0.7142857142857143,0.0,10,14,5000,0.55,60,holm,0.0009625000020605512,
1.0,0.7857142857142857,0.0,11,14,5000,0.55,61,pointwise,0.0016905000011320226,0.0
1.0,0.42857142857142855,0.0,6,14,5000,0.55,61,normal_bonferroni,0.0016089999990072101,1.0
1.0,0.42857142857142855,0.0,6,14,5000,0.55,61,multiplier,0.007773199999064673,1.0
1.0,0.42857142857142855,0.0,6,14,5000,0.55,61,exact_bonferroni,0.002485600001818966,1.0
1.0,0.42857142857142855,0.0,6,14,5000,0.55,61,hoeffding,0.001201500002935063,1.0
1.0,0.42857142857142855,0.0,6,14,5000,0.55,61,holm,0.0009576000011293218,
1.0,0.7857142857142857,0.0,11,14,5000,0.55,62,pointwise,0.0026365000012447126,1.0
1.0,0.6428571428571429,0.0,9,14,5000,0.55,62,normal_bonferroni,0.00267389999498846,1.0
1.0,0.7142857142857143,0.0,10,14,5000,0.55,62,multiplier,0.008453900001768488,1.0
1.0,0.6428571428571429,0.0,9,14,5000,0.55,62,exact_bonferroni,0.0033684000009088777,1.0
1.0,0.5,0.0,7,14,5000,0.55,62,hoeffding,0.002189900005760137,1.0
1.0,0.7142857142857143,0.0,10,14,5000,0.55,62,holm,0.0007285000028787181,
1.0,0.8571428571428571,0.0,12,14,5000,0.55,63,pointwise,0.0015312000032281503,0.0
1.0,0.7142857142857143,0.0,10,14,5000,0.55,63,normal_bonferroni,0.001403400005074218,1.0
1.0,0.7857142857142857,0.0,11,14,5000,0.55,63,multiplier,0.007159000000683591,1.0
1.0,0.7142857142857143,0.0,10,14,5000,0.55,63,exact_bonferroni,0.0022371000013663433,1.0
1.0,0.6428571428571429,0.0,9,14,5000,0.55,63,hoeffding,0.0010906999959843233,1.0
1.0,0.7857142857142857,0.0,11,14,5000,0.55,63,holm,0.0007148000004235655,
1.0,0.7142857142857143,0.0,10,14,5000,0.55,64,pointwise,0.0027513999957591295,1.0
1.0,0.6428571428571429,0.0,9,14,5000,0.55,64,normal_bonferroni,0.0025441999969189055,1.0
1.0,0.6428571428571429,0.0,9,14,5000,0.55,64,multiplier,0.008291300000564661,1.0
1.0,0.5714285714285714,0.0,8,14,5000,0.55,64,exact_bonferroni,0.003064900003664661,1.0
1.0,0.42857142857142855,0.0,6,14,5000,0.55,64,hoeffding,0.0022437000006902963,1.0
1.0,0.6428571428571429,0.0,9,14,5000,0.55,64,holm,0.0007507999980589375,
1.0,0.5714285714285714,0.0,8,14,5000,0.55,65,pointwise,0.0013664999933098443,1.0
1.0,0.5,0.0,7,14,5000,0.55,65,normal_bonferroni,0.0013212000048952177,1.0
1.0,0.5,0.0,7,14,5000,0.55,65,multiplier,0.006630200005020015,1.0
1.0,0.5,0.0,7,14,5000,0.55,65,exact_bonferroni,0.002500900001905393,1.0
1.0,0.35714285714285715,0.0,5,14,5000,0.55,65,hoeffding,0.001138400002673734,1.0
1.0,0.5,0.0,7,14,5000,0.55,65,holm,0.0007916000031400472,
1.0,0.8571428571428571,0.0,12,14,5000,0.55,66,pointwise,0.0026836000033654273,0.0
1.0,0.6428571428571429,0.0,9,14,5000,0.55,66,normal_bonferroni,0.00259869999717921,1.0
1.0,0.7142857142857143,0.0,10,14,5000,0.55,66,multiplier,0.008113700001558755,1.0
1.0,0.6428571428571429,0.0,9,14,5000,0.55,66,exact_bonferroni,0.003863500001898501,1.0
1.0,0.5714285714285714,0.0,8,14,5000,0.55,66,hoeffding,0.0021773999978904612,1.0
1.0,0.7142857142857143,0.0,10,14,5000,0.55,66,holm,0.0009914000038406812,
1.0,0.7142857142857143,0.0,10,14,5000,0.55,67,pointwise,0.0014556999958585948,1.0
1.0,0.5,0.0,7,14,5000,0.55,67,normal_bonferroni,0.0015925999978207983,1.0
1.0,0.5,0.0,7,14,5000,0.55,67,multiplier,0.006903100002091378,1.0
1.0,0.5,0.0,7,14,5000,0.55,67,exact_bonferroni,0.002724799996940419,1.0
1.0,0.42857142857142855,0.0,6,14,5000,0.55,67,hoeffding,0.0009361999982502311,1.0
1.0,0.5,0.0,7,14,5000,0.55,67,holm,0.0006422000005841255,
1.0,0.7142857142857143,0.0,10,14,5000,0.55,68,pointwise,0.0027043000009143725,1.0
1.0,0.5714285714285714,0.0,8,14,5000,0.55,68,normal_bonferroni,0.0025393999967491254,1.0
1.0,0.6428571428571429,0.0,9,14,5000,0.55,68,multiplier,0.008590899997216184,1.0
1.0,0.5714285714285714,0.0,8,14,5000,0.55,68,exact_bonferroni,0.003306500002508983,1.0
1.0,0.42857142857142855,0.0,6,14,5000,0.55,68,hoeffding,0.0022128000055090524,1.0
1.0,0.6428571428571429,0.0,9,14,5000,0.55,68,holm,0.0007401999973808415,
1.0,0.6428571428571429,0.0,9,14,5000,0.55,69,pointwise,0.0010903000002144836,1.0
1.0,0.5714285714285714,0.0,8,14,5000,0.55,69,normal_bonferroni,0.001451799995265901,1.0
1.0,0.5714285714285714,0.0,8,14,5000,0.55,69,multiplier,0.0071237000011024065,1.0
1.0,0.5714285714285714,0.0,8,14,5000,0.55,69,exact_bonferroni,0.0021286999981384724,1.0
1.0,0.35714285714285715,0.0,5,14,5000,0.55,69,hoeffding,0.0011473999984445982,1.0
1.0,0.5714285714285714,0.0,8,14,5000,0.55,69,holm,0.0007202000051620416,
1.0,0.7857142857142857,0.0,11,14,5000,0.55,70,pointwise,0.0027092999953310937,1.0
1.0,0.5714285714285714,0.0,8,14,5000,0.55,70,normal_bonferroni,0.002522599999792874,1.0
1.0,0.5714285714285714,0.0,8,14,5000,0.55,70,multiplier,0.008212399996409658,1.0
1.0,0.5714285714285714,0.0,8,14,5000,0.55,70,exact_bonferroni,0.003267000000050757,1.0
1.0,0.42857142857142855,0.0,6,14,5000,0.55,70,hoeffding,0.002109300003212411,1.0
1.0,0.5714285714285714,0.0,8,14,5000,0.55,70,holm,0.0007066000034683384,
1.0,0.7142857142857143,0.0,10,14,5000,0.55,71,pointwise,0.0014392000011866912,0.0
1.0,0.6428571428571429,0.0,9,14,5000,0.55,71,normal_bonferroni,0.0014511999979731627,1.0
1.0,0.6428571428571429,0.0,9,14,5000,0.55,71,multiplier,0.007142700000258628,1.0
1.0,0.6428571428571429,0.0,9,14,5000,0.55,71,exact_bonferroni,0.002236200001789257,1.0
1.0,0.6428571428571429,0.0,9,14,5000,0.55,71,hoeffding,0.0010698999976739287,1.0
1.0,0.6428571428571429,0.0,9,14,5000,0.55,71,holm,0.0007268999979714863,
1.0,0.6428571428571429,0.0,9,14,5000,0.55,72,pointwise,0.0024476999969920143,1.0
1.0,0.6428571428571429,0.0,9,14,5000,0.55,72,normal_bonferroni,0.0026221000007353723,1.0
1.0,0.6428571428571429,0.0,9,14,5000,0.55,72,multiplier,0.008273200000985526,1.0
1.0,0.6428571428571429,0.0,9,14,5000,0.55,72,exact_bonferroni,0.0030134999979054555,1.0
1.0,0.42857142857142855,0.0,6,14,5000,0.55,72,hoeffding,0.0022995000035734847,1.0
1.0,0.6428571428571429,0.0,9,14,5000,0.55,72,holm,0.0007793000040692277,
1.0,0.7142857142857143,0.0,10,14,5000,0.55,73,pointwise,0.0014774000010220334,0.0
1.0,0.5714285714285714,0.0,8,14,5000,0.55,73,normal_bonferroni,0.0013978000060888007,1.0
1.0,0.6428571428571429,0.0,9,14,5000,0.55,73,multiplier,0.0070100000011734664,1.0
1.0,0.5714285714285714,0.0,8,14,5000,0.55,73,exact_bonferroni,0.0022379000001819804,1.0
1.0,0.42857142857142855,0.0,6,14,5000,0.55,73,hoeffding,0.0010143000035895966,1.0
1.0,0.6428571428571429,0.0,9,14,5000,0.55,73,holm,0.0007000999976298772,
1.0,0.7142857142857143,0.0,10,14,5000,0.55,74,pointwise,0.0025738999975146726,0.0
1.0,0.6428571428571429,0.0,9,14,5000,0.55,74,normal_bonferroni,0.0028700999973807484,1.0
1.0,0.6428571428571429,0.0,9,14,5000,0.55,74,multiplier,0.010390399998868816,1.0
1.0,0.6428571428571429,0.0,9,14,5000,0.55,74,exact_bonferroni,0.0035906999983126298,1.0
1.0,0.6428571428571429,0.0,9,14,5000,0.55,74,hoeffding,0.002643800005898811,1.0
1.0,0.6428571428571429,0.0,9,14,5000,0.55,74,holm,0.0010034000006271526,
1.0,0.5714285714285714,0.0,8,14,5000,0.55,75,pointwise,0.0010094999961438589,1.0
1.0,0.5,0.0,7,14,5000,0.55,75,normal_bonferroni,0.0013847999944118783,1.0
1.0,0.5,0.0,7,14,5000,0.55,75,multiplier,0.0069733999989693984,1.0
1.0,0.5,0.0,7,14,5000,0.55,75,exact_bonferroni,0.002689400003873743,1.0
1.0,0.2857142857142857,0.0,4,14,5000,0.55,75,hoeffding,0.0013842999978805892,1.0
1.0,0.5,0.0,7,14,5000,0.55,75,holm,0.0008608999996795319,
1.0,0.8571428571428571,0.0,12,14,5000,0.55,76,pointwise,0.0031785999963176437,0.0
1.0,0.6428571428571429,0.0,9,14,5000,0.55,76,normal_bonferroni,0.0032868999987840652,1.0
1.0,0.6428571428571429,0.0,9,14,5000,0.55,76,multiplier,0.009476400002313312,1.0
1.0,0.6428571428571429,0.0,9,14,5000,0.55,76,exact_bonferroni,0.003724100002727937,1.0
1.0,0.5,0.0,7,14,5000,0.55,76,hoeffding,0.00168350000603823,1.0
1.0,0.6428571428571429,0.0,9,14,5000,0.55,76,holm,0.0007210000039776787,
1.0,0.8571428571428571,0.0,12,14,5000,0.55,77,pointwise,0.0016106999973999336,0.0
1.0,0.7142857142857143,0.0,10,14,5000,0.55,77,normal_bonferroni,0.004522499999438878,1.0
1.0,0.7142857142857143,0.0,10,14,5000,0.55,77,multiplier,0.005995999999868218,0.0
1.0,0.7142857142857143,0.0,10,14,5000,0.55,77,exact_bonferroni,0.0019192000036127865,1.0
1.0,0.5714285714285714,0.0,8,14,5000,0.55,77,hoeffding,0.0011852000025101006,1.0
1.0,0.7142857142857143,0.0,10,14,5000,0.55,77,holm,0.0007870999979786575,
1.0,0.6428571428571429,0.0,9,14,5000,0.55,78,pointwise,0.002755499997874722,1.0
1.0,0.42857142857142855,0.0,6,14,5000,0.55,78,normal_bonferroni,0.003065600001718849,1.0
1.0,0.42857142857142855,0.0,6,14,5000,0.55,78,multiplier,0.009973700005502906,1.0
1.0,0.42857142857142855,0.0,6,14,5000,0.55,78,exact_bonferroni,0.003789000002143439,1.0
1.0,0.35714285714285715,0.0,5,14,5000,0.55,78,hoeffding,0.002322199994523544,1.0
1.0,0.42857142857142855,0.0,6,14,5000,0.55,78,holm,0.0008383000022149645,
1.0,0.6428571428571429,0.0,9,14,5000,0.55,79,pointwise,0.001498999998148065,1.0
1.0,0.5,0.0,7,14,5000,0.55,79,normal_bonferroni,0.0016051999991759658,1.0
1.0,0.5,0.0,7,14,5000,0.55,79,multiplier,0.00759950000065146,1.0
1.0,0.5,0.0,7,14,5000,0.55,79,exact_bonferroni,0.002485900004103314,1.0
1.0,0.35714285714285715,0.0,5,14,5000,0.55,79,hoeffding,0.0011749999976018444,1.0
1.0,0.5,0.0,7,14,5000,0.55,79,holm,0.0008480999968014657,
1.0,0.7857142857142857,0.0,11,14,5000,0.55,80,pointwise,0.002895999998145271,0.0
1.0,0.5,0.0,7,14,5000,0.55,80,normal_bonferroni,0.002780800001346506,1.0
1.0,0.5,0.0,7,14,5000,0.55,80,multiplier,0.0077592999950866215,1.0
1.0,0.5,0.0,7,14,5000,0.55,80,exact_bonferroni,0.0035538000011001714,1.0
1.0,0.42857142857142855,0.0,6,14,5000,0.55,80,hoeffding,0.0023680000012973323,1.0
1.0,0.5714285714285714,0.0,8,14,5000,0.55,80,holm,0.0008822000017971732,
1.0,0.7142857142857143,0.0,10,14,5000,0.55,81,pointwise,0.0016504000013810582,0.0
1.0,0.6428571428571429,0.0,9,14,5000,0.55,81,normal_bonferroni,0.0014633999962825328,1.0
1.0,0.6428571428571429,0.0,9,14,5000,0.55,81,multiplier,0.00791649999882793,1.0
1.0,0.6428571428571429,0.0,9,14,5000,0.55,81,exact_bonferroni,0.0023242999959620647,1.0
1.0,0.5,0.0,7,14,5000,0.55,81,hoeffding,0.0012812000059057027,1.0
1.0,0.6428571428571429,0.0,9,14,5000,0.55,81,holm,0.0007794000048306771,
1.0,0.7142857142857143,0.0,10,14,5000,0.55,82,pointwise,0.0020431000011740252,0.0
1.0,0.5,0.0,7,14,5000,0.55,82,normal_bonferroni,0.0026515999998082407,1.0
1.0,0.5714285714285714,0.0,8,14,5000,0.55,82,multiplier,0.009028100001160055,1.0
1.0,0.5,0.0,7,14,5000,0.55,82,exact_bonferroni,0.0030237000028137118,1.0
1.0,0.5,0.0,7,14,5000,0.55,82,hoeffding,0.002587499999208376,1.0
1.0,0.5714285714285714,0.0,8,14,5000,0.55,82,holm,0.0009561999977449887,
1.0,0.7857142857142857,0.0,11,14,5000,0.55,83,pointwise,0.0018980000022565946,0.0
1.0,0.7142857142857143,0.0,10,14,5000,0.55,83,normal_bonferroni,0.001186900000902824,1.0
1.0,0.7142857142857143,0.0,10,14,5000,0.55,83,multiplier,0.008007399999769405,1.0
1.0,0.7142857142857143,0.0,10,14,5000,0.55,83,exact_bonferroni,0.00162570000247797,1.0
1.0,0.5714285714285714,0.0,8,14,5000,0.55,83,hoeffding,0.001414199999999255,1.0
1.0,0.7142857142857143,0.0,10,14,5000,0.55,83,holm,0.0009053000030689873,
1.0,0.6428571428571429,0.0,9,14,5000,0.55,84,pointwise,0.003400199995667208,1.0
1.0,0.5,0.0,7,14,5000,0.55,84,normal_bonferroni,0.0030994000044302084,1.0
1.0,0.5714285714285714,0.0,8,14,5000,0.55,84,multiplier,0.010727200002293102,1.0
1.0,0.5,0.0,7,14,5000,0.55,84,exact_bonferroni,0.0030379000018001534,1.0
1.0,0.42857142857142855,0.0,6,14,5000,0.55,84,hoeffding,0.002939199999673292,1.0
1.0,0.5,0.0,7,14,5000,0.55,84,holm,0.000909399997908622,
1.0,0.9285714285714286,0.0,13,14,5000,0.55,85,pointwise,0.0021170999971218407,0.0
1.0,0.6428571428571429,0.0,9,14,5000,0.55,85,normal_bonferroni,0.001622300005692523,1.0
1.0,0.6428571428571429,0.0,9,14,5000,0.55,85,multiplier,0.008830200000375044,1.0
1.0,0.6428571428571429,0.0,9,14,5000,0.55,85,exact_bonferroni,0.0019143999961670488,1.0
1.0,0.5714285714285714,0.0,8,14,5000,0.55,85,hoeffding,0.0006856999971205369,1.0
1.0,0.6428571428571429,0.0,9,14,5000,0.55,85,holm,0.0005318000039551407,
1.0,0.8571428571428571,0.0,12,14,5000,0.55,86,pointwise,0.0030074000023887493,0.0
1.0,0.6428571428571429,0.0,9,14,5000,0.55,86,normal_bonferroni,0.0029532999978982843,0.0
1.0,0.6428571428571429,0.0,9,14,5000,0.55,86,multiplier,0.007863899998483248,0.0
1.0,0.6428571428571429,0.0,9,14,5000,0.55,86,exact_bonferroni,0.0037796000033267774,0.0
1.0,0.5,0.0,7,14,5000,0.55,86,hoeffding,0.002365000000281725,1.0
1.0,0.6428571428571429,0.0,9,14,5000,0.55,86,holm,0.0008887000003596768,
1.0,0.7857142857142857,0.0,11,14,5000,0.55,87,pointwise,0.0016564999968977645,0.0
1.0,0.6428571428571429,0.0,9,14,5000,0.55,87,normal_bonferroni,0.0015203000002657063,1.0
1.0,0.6428571428571429,0.0,9,14,5000,0.55,87,multiplier,0.006857399996079039,1.0
1.0,0.6428571428571429,0.0,9,14,5000,0.55,87,exact_bonferroni,0.002130099994246848,1.0
1.0,0.5714285714285714,0.0,8,14,5000,0.55,87,hoeffding,0.0012262000018381514,1.0
1.0,0.6428571428571429,0.0,9,14,5000,0.55,87,holm,0.0007818000012775883,
1.0,0.6428571428571429,0.0,9,14,5000,0.55,88,pointwise,0.0028948000035597943,1.0
1.0,0.5,0.0,7,14,5000,0.55,88,normal_bonferroni,0.0029826000027242117,1.0
1.0,0.5,0.0,7,14,5000,0.55,88,multiplier,0.009841300001426134,1.0
1.0,0.5,0.0,7,14,5000,0.55,88,exact_bonferroni,0.0031208000000333413,1.0
1.0,0.5,0.0,7,14,5000,0.55,88,hoeffding,0.002620100000058301,1.0
1.0,0.5,0.0,7,14,5000,0.55,88,holm,0.000978100004431326,
1.0,0.7142857142857143,0.0,10,14,5000,0.55,89,pointwise,0.001418500003637746,1.0
1.0,0.5,0.0,7,14,5000,0.55,89,normal_bonferroni,0.0008126999964588322,1.0
1.0,0.5714285714285714,0.0,8,14,5000,0.55,89,multiplier,0.008146000000124332,1.0
1.0,0.5,0.0,7,14,5000,0.55,89,exact_bonferroni,0.002652800001669675,1.0
1.0,0.42857142857142855,0.0,6,14,5000,0.55,89,hoeffding,0.001286399994569365,1.0
1.0,0.5714285714285714,0.0,8,14,5000,0.55,89,holm,0.0005435999992187135,
1.0,0.7857142857142857,0.0,11,14,5000,0.55,90,pointwise,0.001969700002518948,0.0
1.0,0.6428571428571429,0.0,9,14,5000,0.55,90,normal_bonferroni,0.0029198000047472306,1.0
1.0,0.6428571428571429,0.0,9,14,5000,0.55,90,multiplier,0.008863199996994808,1.0
1.0,0.6428571428571429,0.0,9,14,5000,0.55,90,exact_bonferroni,0.003079599999182392,1.0
1.0,0.5714285714285714,0.0,8,14,5000,0.55,90,hoeffding,0.002369300003920216,1.0
1.0,0.6428571428571429,0.0,9,14,5000,0.55,90,holm,0.0008803999953670427,
1.0,0.8571428571428571,0.0,12,14,5000,0.55,91,pointwise,0.0015299999940907583,0.0
1.0,0.6428571428571429,0.0,9,14,5000,0.55,91,normal_bonferroni,0.0015024000022094697,1.0
1.0,0.6428571428571429,0.0,9,14,5000,0.55,91,multiplier,0.007771099997626152,1.0
1.0,0.6428571428571429,0.0,9,14,5000,0.55,91,exact_bonferroni,0.0016969999996945262,1.0
1.0,0.5714285714285714,0.0,8,14,5000,0.55,91,hoeffding,0.001098299995646812,1.0
1.0,0.6428571428571429,0.0,9,14,5000,0.55,91,holm,0.0007603999983984977,
1.0,0.7857142857142857,0.0,11,14,5000,0.55,92,pointwise,0.00238540000282228,0.0
1.0,0.6428571428571429,0.0,9,14,5000,0.55,92,normal_bonferroni,0.0030049999986658804,1.0
1.0,0.6428571428571429,0.0,9,14,5000,0.55,92,multiplier,0.007637800001248252,1.0
1.0,0.6428571428571429,0.0,9,14,5000,0.55,92,exact_bonferroni,0.0030280999999376945,1.0
1.0,0.5714285714285714,0.0,8,14,5000,0.55,92,hoeffding,0.0018603999997139908,1.0
1.0,0.6428571428571429,0.0,9,14,5000,0.55,92,holm,0.0006214000022737309,
1.0,0.7857142857142857,0.0,11,14,5000,0.55,93,pointwise,0.001697699997748714,1.0
1.0,0.6428571428571429,0.0,9,14,5000,0.55,93,normal_bonferroni,0.0015746999997645617,1.0
1.0,0.6428571428571429,0.0,9,14,5000,0.55,93,multiplier,0.006606800001463853,1.0
1.0,0.6428571428571429,0.0,9,14,5000,0.55,93,exact_bonferroni,0.002652800001669675,1.0
1.0,0.5,0.0,7,14,5000,0.55,93,hoeffding,0.0013510999997379258,1.0
1.0,0.6428571428571429,0.0,9,14,5000,0.55,93,holm,0.0009082000033231452,
1.0,0.8571428571428571,0.0,12,14,5000,0.55,94,pointwise,0.0026116000008187257,1.0
1.0,0.42857142857142855,0.0,6,14,5000,0.55,94,normal_bonferroni,0.0017741999981808476,1.0
1.0,0.42857142857142855,0.0,6,14,5000,0.55,94,multiplier,0.008588200005760882,1.0
1.0,0.42857142857142855,0.0,6,14,5000,0.55,94,exact_bonferroni,0.002980100005515851,1.0
1.0,0.42857142857142855,0.0,6,14,5000,0.55,94,hoeffding,0.002024199995503295,1.0
1.0,0.42857142857142855,0.0,6,14,5000,0.55,94,holm,0.0007552000024588779,
1.0,0.7857142857142857,0.0,11,14,5000,0.55,95,pointwise,0.0014345000017783605,1.0
1.0,0.6428571428571429,0.0,9,14,5000,0.55,95,normal_bonferroni,0.0013888999965274706,1.0
1.0,0.6428571428571429,0.0,9,14,5000,0.55,95,multiplier,0.006900100001075771,1.0
1.0,0.6428571428571429,0.0,9,14,5000,0.55,95,exact_bonferroni,0.0020541000048979186,1.0
1.0,0.6428571428571429,0.0,9,14,5000,0.55,95,hoeffding,0.0010957000049529597,1.0
1.0,0.6428571428571429,0.0,9,14,5000,0.55,95,holm,0.0007138999935705215,
1.0,0.7857142857142857,0.0,11,14,5000,0.55,96,pointwise,0.002555300001404248,0.0
1.0,0.5714285714285714,0.0,8,14,5000,0.55,96,normal_bonferroni,0.0023871000012150034,1.0
1.0,0.5714285714285714,0.0,8,14,5000,0.55,96,multiplier,0.008228999999118969,1.0
1.0,0.5714285714285714,0.0,8,14,5000,0.55,96,exact_bonferroni,0.003042800002731383,1.0
1.0,0.42857142857142855,0.0,6,14,5000,0.55,96,hoeffding,0.002010700001846999,1.0
1.0,0.5714285714285714,0.0,8,14,5000,0.55,96,holm,0.000734199995349627,
1.0,0.6428571428571429,0.0,9,14,5000,0.55,97,pointwise,0.001106100004108157,0.0
1.0,0.5,0.0,7,14,5000,0.55,97,normal_bonferroni,0.0014549000043189153,1.0
1.0,0.5714285714285714,0.0,8,14,5000,0.55,97,multiplier,0.007535400000051595,1.0
1.0,0.5,0.0,7,14,5000,0.55,97,exact_bonferroni,0.0020868999999947846,1.0
1.0,0.42857142857142855,0.0,6,14,5000,0.55,97,hoeffding,0.001315299996349495,1.0
1.0,0.5,0.0,7,14,5000,0.55,97,holm,0.0008133000010275282,
1.0,0.7857142857142857,0.0,11,14,5000,0.55,98,pointwise,0.0024466999966534786,0.0
1.0,0.6428571428571429,0.0,9,14,5000,0.55,98,normal_bonferroni,0.00232279999909224,1.0
1.0,0.7142857142857143,0.0,10,14,5000,0.55,98,multiplier,0.007492400000046473,1.0
1.0,0.6428571428571429,0.0,9,14,5000,0.55,98,exact_bonferroni,0.0033097999985329807,1.0
1.0,0.5,0.0,7,14,5000,0.55,98,hoeffding,0.0014797999974689446,1.0
1.0,0.7142857142857143,0.0,10,14,5000,0.55,98,holm,0.0008262000046670437,
1.0,0.7857142857142857,0.0,11,14,5000,0.55,99,pointwise,0.0013257999962661415,0.0
1.0,0.6428571428571429,0.0,9,14,5000,0.55,99,normal_bonferroni,0.0018741000021691434,1.0
1.0,0.6428571428571429,0.0,9,14,5000,0.55,99,multiplier,0.006612800003495067,1.0
1.0,0.6428571428571429,0.0,9,14,5000,0.55,99,exact_bonferroni,0.0018254000024171546,1.0
1.0,0.5714285714285714,0.0,8,14,5000,0.55,99,hoeffding,0.001031799998600036,1.0
1.0,0.6428571428571429,0.0,9,14,5000,0.55,99,holm,0.0005797999983769841,
1.0,0.7142857142857143,0.0,10,14,5000,0.55,100,pointwise,0.0026111999977729283,1.0
1.0,0.5,0.0,7,14,5000,0.55,100,normal_bonferroni,0.002382999999099411,1.0
1.0,0.5,0.0,7,14,5000,0.55,100,multiplier,0.007336999995459337,1.0
1.0,0.5,0.0,7,14,5000,0.55,100,exact_bonferroni,0.002942299994174391,1.0
1.0,0.42857142857142855,0.0,6,14,5000,0.55,100,hoeffding,0.002332099997147452,1.0
1.0,0.5,0.0,7,14,5000,0.55,100,holm,0.000870000003487803,
1.0,0.5,0.0,7,14,5000,0.55,101,pointwise,0.002007800001592841,1.0
1.0,0.35714285714285715,0.0,5,14,5000,0.55,101,normal_bonferroni,0.001872599998023361,1.0
1.0,0.35714285714285715,0.0,5,14,5000,0.55,101,multiplier,0.009265100001357496,1.0
1.0,0.35714285714285715,0.0,5,14,5000,0.55,101,exact_bonferroni,0.002020699997956399,1.0
1.0,0.35714285714285715,0.0,5,14,5000,0.55,101,hoeffding,0.0017928000015672296,1.0
1.0,0.35714285714285715,0.0,5,14,5000,0.55,101,holm,0.0005606999984593131,
1.0,0.7142857142857143,0.0,10,14,5000,0.55,102,pointwise,0.0027595000065048225,0.0
1.0,0.5714285714285714,0.0,8,14,5000,0.55,102,normal_bonferroni,0.003076399996643886,1.0
1.0,0.5714285714285714,0.0,8,14,5000,0.55,102,multiplier,0.008075799996731803,1.0
1.0,0.5714285714285714,0.0,8,14,5000,0.55,102,exact_bonferroni,0.003670799997053109,1.0
1.0,0.5,0.0,7,14,5000,0.55,102,hoeffding,0.0015220999994198792,1.0
1.0,0.5714285714285714,0.0,8,14,5000,0.55,102,holm,0.00047030000132508576,
1.0,0.7142857142857143,0.0,10,14,5000,0.55,103,pointwise,0.0018801999976858497,1.0
1.0,0.42857142857142855,0.0,6,14,5000,0.55,103,normal_bonferroni,0.001562799996463582,1.0
1.0,0.42857142857142855,0.0,6,14,5000,0.55,103,multiplier,0.006253799998376053,1.0
1.0,0.42857142857142855,0.0,6,14,5000,0.55,103,exact_bonferroni,0.0020265000057406723,1.0
1.0,0.35714285714285715,0.0,5,14,5000,0.55,103,hoeffding,0.0006376999954227358,1.0
1.0,0.42857142857142855,0.0,6,14,5000,0.55,103,holm,0.0008661999963806011,
1.0,0.7142857142857143,0.0,10,14,5000,0.55,104,pointwise,0.002616999998281244,0.0
1.0,0.5714285714285714,0.0,8,14,5000,0.55,104,normal_bonferroni,0.002602200002002064,1.0
1.0,0.5714285714285714,0.0,8,14,5000,0.55,104,multiplier,0.007828900001186412,1.0
1.0,0.5714285714285714,0.0,8,14,5000,0.55,104,exact_bonferroni,0.003078900001128204,1.0
1.0,0.5714285714285714,0.0,8,14,5000,0.55,104,hoeffding,0.002762000003713183,1.0
1.0,0.5714285714285714,0.0,8,14,5000,0.55,104,holm,0.0009955999994417652,
1.0,0.7142857142857143,0.0,10,14,5000,0.55,105,pointwise,0.0019061999992118217,1.0
1.0,0.42857142857142855,0.0,6,14,5000,0.55,105,normal_bonferroni,0.0019312999938847497,1.0
1.0,0.42857142857142855,0.0,6,14,5000,0.55,105,multiplier,0.007138599998143036,1.0
1.0,0.42857142857142855,0.0,6,14,5000,0.55,105,exact_bonferroni,0.002474900000379421,1.0
1.0,0.42857142857142855,0.0,6,14,5000,0.55,105,hoeffding,0.0010153000039281324,1.0
1.0,0.42857142857142855,0.0,6,14,5000,0.55,105,holm,0.0004968000066583045,
1.0,0.7142857142857143,0.0,10,14,5000,0.55,106,pointwise,0.002977399999508634,1.0
1.0,0.6428571428571429,0.0,9,14,5000,0.55,106,normal_bonferroni,0.0029941999964648858,1.0
1.0,0.6428571428571429,0.0,9,14,5000,0.55,106,multiplier,0.007464400005119387,1.0
1.0,0.6428571428571429,0.0,9,14,5000,0.55,106,exact_bonferroni,0.0034470000027795322,1.0
1.0,0.42857142857142855,0.0,6,14,5000,0.55,106,hoeffding,0.002482700001564808,1.0
1.0,0.6428571428571429,0.0,9,14,5000,0.55,106,holm,0.000952900001720991,
1.0,0.6428571428571429,0.0,9,14,5000,0.55,107,pointwise,0.0019175999987055548,1.0
1.0,0.5714285714285714,0.0,8,14,5000,0.55,107,normal_bonferroni,0.0018406999952276237,1.0
1.0,0.5714285714285714,0.0,8,14,5000,0.55,107,multiplier,0.006940400002349634,1.0
1.0,0.5714285714285714,0.0,8,14,5000,0.55,107,exact_bonferroni,0.0021025000023655593,1.0
1.0,0.5,0.0,7,14,5000,0.55,107,hoeffding,0.001454699995520059,1.0
1.0,0.5714285714285714,0.0,8,14,5000,0.55,107,holm,0.0007203999994089827,
1.0,0.7857142857142857,0.0,11,14,5000,0.55,108,pointwise,0.0030614999996032566,0.0
1.0,0.6428571428571429,0.0,9,14,5000,0.55,108,normal_bonferroni,0.0029884000032325275,1.0
1.0,0.6428571428571429,0.0,9,14,5000,0.55,108,multiplier,0.009084700002858881,1.0
1.0,0.6428571428571429,0.0,9,14,5000,0.55,108,exact_bonferroni,0.0027638999963528477,1.0
1.0,0.5,0.0,7,14,5000,0.55,108,hoeffding,0.002246299998660106,1.0
1.0,0.6428571428571429,0.0,9,14,5000,0.55,108,holm,0.0006594999940716662,
1.0,0.7857142857142857,0.0,11,14,5000,0.55,109,pointwise,0.0016605999990133569,0.0
1.0,0.7142857142857143,0.0,10,14,5000,0.55,109,normal_bonferroni,0.0015018000049167313,0.0
1.0,0.7142857142857143,0.0,10,14,5000,0.55,109,multiplier,0.00765289999981178,0.0
1.0,0.7142857142857143,0.0,10,14,5000,0.55,109,exact_bonferroni,0.002435000002151355,0.0
1.0,0.6428571428571429,0.0,9,14,5000,0.55,109,hoeffding,0.001152400000137277,1.0
1.0,0.7142857142857143,0.0,10,14,5000,0.55,109,holm,0.0011096000016550533,
1.0,0.6428571428571429,0.0,9,14,5000,0.55,110,pointwise,0.0022943000003579073,1.0
1.0,0.5,0.0,7,14,5000,0.55,110,normal_bonferroni,0.002856799997971393,1.0
1.0,0.5,0.0,7,14,5000,0.55,110,multiplier,0.009303300001192838,1.0
1.0,0.5,0.0,7,14,5000,0.55,110,exact_bonferroni,0.0036374999981489964,1.0
1.0,0.42857142857142855,0.0,6,14,5000,0.55,110,hoeffding,0.00240979999944102,1.0
1.0,0.5,0.0,7,14,5000,0.55,110,holm,0.0008472999979858287,
1.0,0.7142857142857143,0.0,10,14,5000,0.55,111,pointwise,0.0016687000024830922,1.0
1.0,0.6428571428571429,0.0,9,14,5000,0.55,111,normal_bonferroni,0.0015752000035718083,1.0
1.0,0.6428571428571429,0.0,9,14,5000,0.55,111,multiplier,0.007124499999918044,1.0
1.0,0.5714285714285714,0.0,8,14,5000,0.55,111,exact_bonferroni,0.001629599995794706,1.0
1.0,0.5,0.0,7,14,5000,0.55,111,hoeffding,0.0013265999950817786,1.0
1.0,0.6428571428571429,0.0,9,14,5000,0.55,111,holm,0.0008530999984941445,
1.0,0.5714285714285714,0.0,8,14,5000,0.55,112,pointwise,0.002005299997108523,1.0
1.0,0.42857142857142855,0.0,6,14,5000,0.55,112,normal_bonferroni,0.0023622000007890165,1.0
1.0,0.5,0.0,7,14,5000,0.55,112,multiplier,0.008658700004161801,1.0
1.0,0.42857142857142855,0.0,6,14,5000,0.55,112,exact_bonferroni,0.003578299998480361,1.0
1.0,0.42857142857142855,0.0,6,14,5000,0.55,112,hoeffding,0.001980799999728333,1.0
1.0,0.42857142857142855,0.0,6,14,5000,0.55,112,holm,0.0009141999980784021,
1.0,0.7857142857142857,0.0,11,14,5000,0.55,113,pointwise,0.0015847000031499192,1.0
1.0,0.5,0.0,7,14,5000,0.55,113,normal_bonferroni,0.0014586000033887103,1.0
1.0,0.5,0.0,7,14,5000,0.55,113,multiplier,0.005968099998426624,1.0
1.0,0.5,0.0,7,14,5000,0.55,113,exact_bonferroni,0.0019513000006554648,1.0
1.0,0.42857142857142855,0.0,6,14,5000,0.55,113,hoeffding,0.0005909999963478185,1.0
1.0,0.5,0.0,7,14,5000,0.55,113,holm,0.0006165000013425015,
1.0,0.8571428571428571,0.0,12,14,5000,0.55,114,pointwise,0.00260060000437079,0.0
1.0,0.7142857142857143,0.0,10,14,5000,0.55,114,normal_bonferroni,0.002559200001996942,1.0
1.0,0.7142857142857143,0.0,10,14,5000,0.55,114,multiplier,0.008566699994844384,0.0
1.0,0.7142857142857143,0.0,10,14,5000,0.55,114,exact_bonferroni,0.0036473000000114553,1.0
1.0,0.6428571428571429,0.0,9,14,5000,0.55,114,hoeffding,0.002271899997140281,1.0
1.0,0.7142857142857143,0.0,10,14,5000,0.55,114,holm,0.0008589999997639097,
1.0,0.6428571428571429,0.0,9,14,5000,0.55,115,pointwise,0.0015043000021250919,1.0
1.0,0.5,0.0,7,14,5000,0.55,115,normal_bonferroni,0.000887399997736793,1.0
1.0,0.5714285714285714,0.0,8,14,5000,0.55,115,multiplier,0.0077961999995750375,1.0
1.0,0.5,0.0,7,14,5000,0.55,115,exact_bonferroni,0.0028109000049880706,1.0
1.0,0.42857142857142855,0.0,6,14,5000,0.55,115,hoeffding,0.001488399997469969,1.0
1.0,0.5,0.0,7,14,5000,0.55,115,holm,0.0005517999961739406,
1.0,0.7142857142857143,0.0,10,14,5000,0.55,116,pointwise,0.002869800002372358,1.0
1.0,0.5,0.0,7,14,5000,0.55,116,normal_bonferroni,0.002333700002054684,1.0
1.0,0.5,0.0,7,14,5000,0.55,116,multiplier,0.008749900000111666,1.0
1.0,0.5,0.0,7,14,5000,0.55,116,exact_bonferroni,0.0036689000044134445,1.0
1.0,0.5,0.0,7,14,5000,0.55,116,hoeffding,0.00242719999369001,1.0
1.0,0.5,0.0,7,14,5000,0.55,116,holm,0.0008444000050076284,
1.0,0.7142857142857143,0.0,10,14,5000,0.55,117,pointwise,0.001797099997929763,0.0
1.0,0.7142857142857143,0.0,10,14,5000,0.55,117,normal_bonferroni,0.0017243999973288737,1.0
1.0,0.7142857142857143,0.0,10,14,5000,0.55,117,multiplier,0.008129800000460818,1.0
1.0,0.7142857142857143,0.0,10,14,5000,0.55,117,exact_bonferroni,0.0024850000045262277,1.0
1.0,0.5,0.0,7,14,5000,0.55,117,hoeffding,0.001269999993382953,1.0
1.0,0.7142857142857143,0.0,10,14,5000,0.55,117,holm,0.0008968999973149039,
1.0,0.9285714285714286,0.0,13,14,5000,0.55,118,pointwise,0.003215299999283161,0.0
1.0,0.7142857142857143,0.0,10,14,5000,0.55,118,normal_bonferroni,0.0023325000001932494,1.0
1.0,0.7142857142857143,0.0,10,14,5000,0.55,118,multiplier,0.009996299995691516,1.0
1.0,0.7142857142857143,0.0,10,14,5000,0.55,118,exact_bonferroni,0.003692600002977997,1.0
1.0,0.7142857142857143,0.0,10,14,5000,0.55,118,hoeffding,0.0027792999972007237,1.0
1.0,0.7142857142857143,0.0,10,14,5000,0.55,118,holm,0.0010008999961428344,
1.0,0.7142857142857143,0.0,10,14,5000,0.55,119,pointwise,0.0019147999992128462,0.0
1.0,0.6428571428571429,0.0,9,14,5000,0.55,119,normal_bonferroni,0.0018295999980182387,1.0
1.0,0.6428571428571429,0.0,9,14,5000,0.55,119,multiplier,0.008496000002196524,1.0
1.0,0.6428571428571429,0.0,9,14,5000,0.55,119,exact_bonferroni,0.002782600000500679,1.0
1.0,0.5,0.0,7,14,5000,0.55,119,hoeffding,0.001324200005910825,1.0
1.0,0.6428571428571429,0.0,9,14,5000,0.55,119,holm,0.0009343000056105666,
1.0,0.7857142857142857,0.0,11,14,5000,0.55,120,pointwise,0.003002600002218969,0.0
1.0,0.5714285714285714,0.0,8,14,5000,0.55,120,normal_bonferroni,0.003029300001799129,1.0
1.0,0.5714285714285714,0.0,8,14,5000,0.55,120,multiplier,0.008590700002969243,1.0
1.0,0.5714285714285714,0.0,8,14,5000,0.55,120,exact_bonferroni,0.0033414000063203275,1.0
1.0,0.5714285714285714,0.0,8,14,5000,0.55,120,hoeffding,0.002519600006053224,1.0
1.0,0.5714285714285714,0.0,8,14,5000,0.55,120,holm,0.0008703999992576428,
1.0,0.7142857142857143,0.0,10,14,5000,0.55,121,pointwise,0.001388199998473283,1.0
1.0,0.5714285714285714,0.0,8,14,5000,0.55,121,normal_bonferroni,0.0021276999977999367,1.0
1.0,0.5714285714285714,0.0,8,14,5000,0.55,121,multiplier,0.007852700000512414,1.0
1.0,0.5714285714285714,0.0,8,14,5000,0.55,121,exact_bonferroni,0.0024997000000439584,1.0
1.0,0.42857142857142855,0.0,6,14,5000,0.55,121,hoeffding,0.001237199998286087,1.0
1.0,0.5714285714285714,0.0,8,14,5000,0.55,121,holm,0.0007192999983089976,
1.0,0.7857142857142857,0.0,11,14,5000,0.55,122,pointwise,0.002762399999483023,0.0
1.0,0.6428571428571429,0.0,9,14,5000,0.55,122,normal_bonferroni,0.0026707999932114035,1.0
1.0,0.6428571428571429,0.0,9,14,5000,0.55,122,multiplier,0.007429600002069492,1.0
1.0,0.6428571428571429,0.0,9,14,5000,0.55,122,exact_bonferroni,0.003953700004785787,1.0
1.0,0.6428571428571429,0.0,9,14,5000,0.55,122,hoeffding,0.0025814999971771613,1.0
1.0,0.6428571428571429,0.0,9,14,5000,0.55,122,holm,0.000978299998678267,
1.0,0.7142857142857143,0.0,10,14,5000,0.55,123,pointwise,0.0015186000018729828,0.0
1.0,0.6428571428571429,0.0,9,14,5000,0.55,123,normal_bonferroni,0.0019759000060730614,1.0
1.0,0.6428571428571429,0.0,9,14,5000,0.55,123,multiplier,0.008048900002904702,1.0
1.0,0.6428571428571429,0.0,9,14,5000,0.55,123,exact_bonferroni,0.0018271000008098781,1.0
1.0,0.42857142857142855,0.0,6,14,5000,0.55,123,hoeffding,0.0011266000001342036,1.0
1.0,0.6428571428571429,0.0,9,14,5000,0.55,123,holm,0.0008684999993420206,
1.0,0.6428571428571429,0.0,9,14,5000,0.55,124,pointwise,0.003150700002152007,1.0
1.0,0.6428571428571429,0.0,9,14,5000,0.55,124,normal_bonferroni,0.003043799995793961,1.0
1.0,0.6428571428571429,0.0,9,14,5000,0.55,124,multiplier,0.01013519999833079,1.0
1.0,0.6428571428571429,0.0,9,14,5000,0.55,124,exact_bonferroni,0.0034702999982982874,1.0
1.0,0.5,0.0,7,14,5000,0.55,124,hoeffding,0.0023380999991786666,1.0
1.0,0.6428571428571429,0.0,9,14,5000,0.55,124,holm,0.0008013999977265485,
1.0,0.7857142857142857,0.0,11,14,5000,0.55,125,pointwise,0.0017078000018955208,0.0
1.0,0.6428571428571429,0.0,9,14,5000,0.55,125,normal_bonferroni,0.0013644000064232387,1.0
1.0,0.6428571428571429,0.0,9,14,5000,0.55,125,multiplier,0.007220699997560587,1.0
1.0,0.6428571428571429,0.0,9,14,5000,0.55,125,exact_bonferroni,0.002272199999424629,1.0
1.0,0.5714285714285714,0.0,8,14,5000,0.55,125,hoeffding,0.0011468999946373515,1.0
1.0,0.6428571428571429,0.0,9,14,5000,0.55,125,holm,0.0007590000022901222,
1.0,0.7142857142857143,0.0,10,14,5000,0.55,126,pointwise,0.002628400005050935,1.0
1.0,0.5714285714285714,0.0,8,14,5000,0.55,126,normal_bonferroni,0.0028186999988975003,1.0
1.0,0.5714285714285714,0.0,8,14,5000,0.55,126,multiplier,0.008402400002523791,1.0
1.0,0.5714285714285714,0.0,8,14,5000,0.55,126,exact_bonferroni,0.0027961999949184246,1.0
1.0,0.42857142857142855,0.0,6,14,5000,0.55,126,hoeffding,0.0015061000012792647,1.0
1.0,0.5714285714285714,0.0,8,14,5000,0.55,126,holm,0.0006064000044716522,
1.0,0.7142857142857143,0.0,10,14,5000,0.55,127,pointwise,0.001796799995645415,0.0
1.0,0.6428571428571429,0.0,9,14,5000,0.55,127,normal_bonferroni,0.0017590999996173196,1.0
1.0,0.6428571428571429,0.0,9,14,5000,0.55,127,multiplier,0.008659399994940031,1.0
1.0,0.6428571428571429,0.0,9,14,5000,0.55,127,exact_bonferroni,0.0019078000041190535,1.0
1.0,0.42857142857142855,0.0,6,14,5000,0.55,127,hoeffding,0.0009260999941034243,1.0
1.0,0.6428571428571429,0.0,9,14,5000,0.55,127,holm,0.00045980000140843913,
1.0,0.6428571428571429,0.0,9,14,5000,0.55,128,pointwise,0.0030860999977448955,1.0
1.0,0.5714285714285714,0.0,8,14,5000,0.55,128,normal_bonferroni,0.0030234999940148555,1.0
1.0,0.6428571428571429,0.0,9,14,5000,0.55,128,multiplier,0.009418699999514502,1.0
1.0,0.5,0.0,7,14,5000,0.55,128,exact_bonferroni,0.0034516000014264137,1.0
1.0,0.35714285714285715,0.0,5,14,5000,0.55,128,hoeffding,0.002415900002233684,1.0
1.0,0.6428571428571429,0.0,9,14,5000,0.55,128,holm,0.0007896999959484674,
1.0,0.8571428571428571,0.0,12,14,5000,0.55,129,pointwise,0.0016227000014623627,1.0
1.0,0.42857142857142855,0.0,6,14,5000,0.55,129,normal_bonferroni,0.0013971000007586554,1.0
1.0,0.42857142857142855,0.0,6,14,5000,0.55,129,multiplier,0.008388800000830088,1.0
1.0,0.42857142857142855,0.0,6,14,5000,0.55,129,exact_bonferroni,0.0024616000009700656,1.0
1.0,0.35714285714285715,0.0,5,14,5000,0.55,129,hoeffding,0.0011391999942134134,1.0
1.0,0.42857142857142855,0.0,6,14,5000,0.55,129,holm,0.0007668000034755096,
1.0,0.7857142857142857,0.0,11,14,5000,0.55,130,pointwise,0.0030014000003575347,1.0
1.0,0.6428571428571429,0.0,9,14,5000,0.55,130,normal_bonferroni,0.0028986999968765303,1.0
1.0,0.6428571428571429,0.0,9,14,5000,0.55,130,multiplier,0.009787599999981467,1.0
1.0,0.6428571428571429,0.0,9,14,5000,0.55,130,exact_bonferroni,0.003619700000854209,1.0
1.0,0.5,0.0,7,14,5000,0.55,130,hoeffding,0.0023864999966463074,1.0
1.0,0.6428571428571429,0.0,9,14,5000,0.55,130,holm,0.0008577000044169836,
1.0,0.8571428571428571,0.0,12,14,5000,0.55,131,pointwise,0.002391000001807697,0.0
1.0,0.6428571428571429,0.0,9,14,5000,0.55,131,normal_bonferroni,0.0014242000033846125,1.0
1.0,0.6428571428571429,0.0,9,14,5000,0.55,131,multiplier,0.008267899997008499,1.0
1.0,0.6428571428571429,0.0,9,14,5000,0.55,131,exact_bonferroni,0.0025828000070760027,1.0
1.0,0.5714285714285714,0.0,8,14,5000,0.55,131,hoeffding,0.0013030999980401248,1.0
1.0,0.6428571428571429,0.0,9,14,5000,0.55,131,holm,0.0007828999951016158,
1.0,0.7857142857142857,0.0,11,14,5000,0.55,132,pointwise,0.0029294999985722825,0.0
1.0,0.6428571428571429,0.0,9,14,5000,0.55,132,normal_bonferroni,0.0028887000007671304,1.0
1.0,0.7142857142857143,0.0,10,14,5000,0.55,132,multiplier,0.010403499996755272,0.0
1.0,0.6428571428571429,0.0,9,14,5000,0.55,132,exact_bonferroni,0.0037684999988414347,1.0
1.0,0.5,0.0,7,14,5000,0.55,132,hoeffding,0.002319200000783894,1.0
1.0,0.7142857142857143,0.0,10,14,5000,0.55,132,holm,0.000836600003822241,
1.0,0.5714285714285714,0.0,8,14,5000,0.55,133,pointwise,0.001973300000827294,1.0
1.0,0.42857142857142855,0.0,6,14,5000,0.55,133,normal_bonferroni,0.001778799996827729,1.0
1.0,0.5,0.0,7,14,5000,0.55,133,multiplier,0.009467900003073737,1.0
1.0,0.42857142857142855,0.0,6,14,5000,0.55,133,exact_bonferroni,0.002741100004641339,1.0
1.0,0.35714285714285715,0.0,5,14,5000,0.55,133,hoeffding,0.0013401000032899901,1.0
1.0,0.42857142857142855,0.0,6,14,5000,0.55,133,holm,0.0008553000006941147,
1.0,0.8571428571428571,0.0,12,14,5000,0.55,134,pointwise,0.0027465000021038577,0.0
1.0,0.7142857142857143,0.0,10,14,5000,0.55,134,normal_bonferroni,0.002667599997948855,0.0
1.0,0.7142857142857143,0.0,10,14,5000,0.55,134,multiplier,0.008503700002620462,0.0
1.0,0.7142857142857143,0.0,10,14,5000,0.55,134,exact_bonferroni,0.00349399999686284,0.0
1.0,0.42857142857142855,0.0,6,14,5000,0.55,134,hoeffding,0.0020550999979604967,1.0
1.0,0.7142857142857143,0.0,10,14,5000,0.55,134,holm,0.00047810000251047313,
1.0,0.8571428571428571,0.0,12,14,5000,0.55,135,pointwise,0.0017480000024079345,1.0
1.0,0.5714285714285714,0.0,8,14,5000,0.55,135,normal_bonferroni,0.0015878999984124675,1.0
1.0,0.6428571428571429,0.0,9,14,5000,0.55,135,multiplier,0.006965100001252722,1.0
1.0,0.5714285714285714,0.0,8,14,5000,0.55,135,exact_bonferroni,0.002134200003638398,1.0
1.0,0.5714285714285714,0.0,8,14,5000,0.55,135,hoeffding,0.0012442000006558374,1.0
1.0,0.5714285714285714,0.0,8,14,5000,0.55,135,holm,0.0008479999960400164,
1.0,0.7857142857142857,0.0,11,14,5000,0.55,136,pointwise,0.0027648999966913834,0.0
1.0,0.6428571428571429,0.0,9,14,5000,0.55,136,normal_bonferroni,0.002562900001066737,1.0
1.0,0.6428571428571429,0.0,9,14,5000,0.55,136,multiplier,0.009673500004282687,1.0
1.0,0.6428571428571429,0.0,9,14,5000,0.55,136,exact_bonferroni,0.003641099996457342,1.0
1.0,0.5714285714285714,0.0,8,14,5000,0.55,136,hoeffding,0.002400800003670156,1.0
1.0,0.6428571428571429,0.0,9,14,5000,0.55,136,holm,0.0008606000046711415,
1.0,0.6428571428571429,0.0,9,14,5000,0.55,137,pointwise,0.0017145000019809231,1.0
1.0,0.35714285714285715,0.0,5,14,5000,0.55,137,normal_bonferroni,0.0018734999976004474,1.0
1.0,0.42857142857142855,0.0,6,14,5000,0.55,137,multiplier,0.008999899997434113,1.0
1.0,0.35714285714285715,0.0,5,14,5000,0.55,137,exact_bonferroni,0.0020644000032916665,1.0
1.0,0.35714285714285715,0.0,5,14,5000,0.55,137,hoeffding,0.0010920999993686564,1.0
1.0,0.42857142857142855,0.0,6,14,5000,0.55,137,holm,0.0011063999991165474,
1.0,0.7857142857142857,0.0,11,14,5000,0.55,138,pointwise,0.0029246999984025024,0.0
1.0,0.6428571428571429,0.0,9,14,5000,0.55,138,normal_bonferroni,0.002976800002215896,1.0
1.0,0.6428571428571429,0.0,9,14,5000,0.55,138,multiplier,0.00956449999648612,1.0
1.0,0.6428571428571429,0.0,9,14,5000,0.55,138,exact_bonferroni,0.002967799999169074,1.0
1.0,0.5714285714285714,0.0,8,14,5000,0.55,138,hoeffding,0.0020800000056624413,1.0
1.0,0.7142857142857143,0.0,10,14,5000,0.55,138,holm,0.0007041999997454695,
1.0,0.5714285714285714,0.0,8,14,5000,0.55,139,pointwise,0.0014640999943367206,1.0
1.0,0.42857142857142855,0.0,6,14,5000,0.55,139,normal_bonferroni,0.001399400003720075,1.0
1.0,0.42857142857142855,0.0,6,14,5000,0.55,139,multiplier,0.007671300001675263,1.0
1.0,0.42857142857142855,0.0,6,14,5000,0.55,139,exact_bonferroni,0.002013299999816809,1.0
1.0,0.35714285714285715,0.0,5,14,5000,0.55,139,hoeffding,0.0010546999983489513,1.0
1.0,0.42857142857142855,0.0,6,14,5000,0.55,139,holm,0.0007045000020298176,
1.0,0.5714285714285714,0.0,8,14,5000,0.55,140,pointwise,0.002503999996406492,1.0
1.0,0.5,0.0,7,14,5000,0.55,140,normal_bonferroni,0.002449300001899246,1.0
1.0,0.5,0.0,7,14,5000,0.55,140,multiplier,0.008422699997026939,1.0
1.0,0.42857142857142855,0.0,6,14,5000,0.55,140,exact_bonferroni,0.0033148000002256595,1.0
1.0,0.35714285714285715,0.0,5,14,5000,0.55,140,hoeffding,0.0021577999941655435,1.0
1.0,0.5,0.0,7,14,5000,0.55,140,holm,0.0007315999973798171,
1.0,0.7142857142857143,0.0,10,14,5000,0.55,141,pointwise,0.001429600000847131,1.0
1.0,0.5714285714285714,0.0,8,14,5000,0.55,141,normal_bonferroni,0.0015077999996719882,1.0
1.0,0.5714285714285714,0.0,8,14,5000,0.55,141,multiplier,0.007507900001655798,1.0
1.0,0.5714285714285714,0.0,8,14,5000,0.55,141,exact_bonferroni,0.0019090999994659796,1.0
1.0,0.5,0.0,7,14,5000,0.55,141,hoeffding,0.0010588000004645437,1.0
1.0,0.5714285714285714,0.0,8,14,5000,0.55,141,holm,0.0007334999972954392,
1.0,0.7142857142857143,0.0,10,14,5000,0.55,142,pointwise,0.002557899999374058,1.0
1.0,0.42857142857142855,0.0,6,14,5000,0.55,142,normal_bonferroni,0.0025103000007220544,1.0
1.0,0.5,0.0,7,14,5000,0.55,142,multiplier,0.009011999994982034,1.0
1.0,0.42857142857142855,0.0,6,14,5000,0.55,142,exact_bonferroni,0.0032764000061433762,1.0
1.0,0.42857142857142855,0.0,6,14,5000,0.55,142,hoeffding,0.00216280000313418,1.0
1.0,0.42857142857142855,0.0,6,14,5000,0.55,142,holm,0.0006964999993215315,
1.0,0.6428571428571429,0.0,9,14,5000,0.55,143,pointwise,0.0011143999945488758,1.0
1.0,0.42857142857142855,0.0,6,14,5000,0.55,143,normal_bonferroni,0.001388199998473283,1.0
1.0,0.42857142857142855,0.0,6,14,5000,0.55,143,multiplier,0.007740200002444908,1.0
1.0,0.42857142857142855,0.0,6,14,5000,0.55,143,exact_bonferroni,0.002209400001447648,1.0
1.0,0.35714285714285715,0.0,5,14,5000,0.55,143,hoeffding,0.0010536000045249239,1.0
1.0,0.42857142857142855,0.0,6,14,5000,0.55,143,holm,0.0007977999994182028,
1.0,0.7857142857142857,0.0,11,14,5000,0.55,144,pointwise,0.002563699999882374,1.0
1.0,0.6428571428571429,0.0,9,14,5000,0.55,144,normal_bonferroni,0.0024172999983420596,1.0
1.0,0.6428571428571429,0.0,9,14,5000,0.55,144,multiplier,0.009069300002011005,1.0
1.0,0.6428571428571429,0.0,9,14,5000,0.55,144,exact_bonferroni,0.0036129000000073574,1.0
1.0,0.5,0.0,7,14,5000,0.55,144,hoeffding,0.0022514000011142343,1.0
1.0,0.6428571428571429,0.0,9,14,5000,0.55,144,holm,0.000851099997817073,
1.0,0.6428571428571429,0.0,9,14,5000,0.55,145,pointwise,0.0011041000034310855,1.0
1.0,0.6428571428571429,0.0,9,14,5000,0.55,145,normal_bonferroni,0.0011610000001383014,1.0
1.0,0.6428571428571429,0.0,9,14,5000,0.55,145,multiplier,0.009189600001263898,1.0
1.0,0.6428571428571429,0.0,9,14,5000,0.55,145,exact_bonferroni,0.002712200002861209,1.0
1.0,0.5,0.0,7,14,5000,0.55,145,hoeffding,0.0009800999978324398,1.0
1.0,0.6428571428571429,0.0,9,14,5000,0.55,145,holm,0.0005002999969292432,
1.0,0.6428571428571429,0.0,9,14,5000,0.55,146,pointwise,0.0026500999956624582,1.0
1.0,0.5714285714285714,0.0,8,14,5000,0.55,146,normal_bonferroni,0.0027549000005819835,1.0
1.0,0.6428571428571429,0.0,9,14,5000,0.55,146,multiplier,0.007778899998811539,1.0
1.0,0.5714285714285714,0.0,8,14,5000,0.55,146,exact_bonferroni,0.003673500003060326,1.0
1.0,0.42857142857142855,0.0,6,14,5000,0.55,146,hoeffding,0.002394500006630551,1.0
1.0,0.6428571428571429,0.0,9,14,5000,0.55,146,holm,0.0008827999990899116,
1.0,0.8571428571428571,0.0,12,14,5000,0.55,147,pointwise,0.0014454999982262962,0.0
1.0,0.6428571428571429,0.0,9,14,5000,0.55,147,normal_bonferroni,0.0014976000020396896,1.0
1.0,0.6428571428571429,0.0,9,14,5000,0.55,147,multiplier,0.008186799997929484,1.0
1.0,0.5714285714285714,0.0,8,14,5000,0.55,147,exact_bonferroni,0.002588600000308361,1.0
1.0,0.5,0.0,7,14,5000,0.55,147,hoeffding,0.0013362000026972964,1.0
1.0,0.6428571428571429,0.0,9,14,5000,0.55,147,holm,0.000853999998071231,
1.0,0.7857142857142857,0.0,11,14,5000,0.55,148,pointwise,0.002887300004658755,0.0
1.0,0.6428571428571429,0.0,9,14,5000,0.55,148,normal_bonferroni,0.0025100999991991557,1.0
1.0,0.6428571428571429,0.0,9,14,5000,0.55,148,multiplier,0.00842469999770401,1.0
1.0,0.6428571428571429,0.0,9,14,5000,0.55,148,exact_bonferroni,0.004053100004966836,1.0
1.0,0.5714285714285714,0.0,8,14,5000,0.55,148,hoeffding,0.002325499997823499,1.0
1.0,0.6428571428571429,0.0,9,14,5000,0.55,148,holm,0.0009578999961377122,
1.0,0.5714285714285714,0.0,8,14,5000,0.55,149,pointwise,0.001984399998036679,1.0
1.0,0.5,0.0,7,14,5000,0.55,149,normal_bonferroni,0.0017857999991974793,1.0
1.0,0.5714285714285714,0.0,8,14,5000,0.55,149,multiplier,0.0046575000014854595,1.0
1.0,0.5,0.0,7,14,5000,0.55,149,exact_bonferroni,0.0025639999948907644,1.0
1.0,0.42857142857142855,0.0,6,14,5000,0.55,149,hoeffding,0.0012647000039578415,1.0
1.0,0.5714285714285714,0.0,8,14,5000,0.55,149,holm,0.0008988999979919754,
1.0,0.7142857142857143,0.0,10,14,5000,0.55,150,pointwise,0.0020300000032875687,1.0
1.0,0.5,0.0,7,14,5000,0.55,150,normal_bonferroni,0.002540900000894908,1.0
1.0,0.5714285714285714,0.0,8,14,5000,0.55,150,multiplier,0.008692499999597203,1.0
1.0,0.5,0.0,7,14,5000,0.55,150,exact_bonferroni,0.0031029999954625964,1.0
1.0,0.42857142857142855,0.0,6,14,5000,0.55,150,hoeffding,0.002599200000986457,1.0
1.0,0.5,0.0,7,14,5000,0.55,150,holm,0.0008343000008608215,
1.0,0.7857142857142857,0.0,11,14,5000,0.55,151,pointwise,0.0014420000006793998,0.0
1.0,0.7142857142857143,0.0,10,14,5000,0.55,151,normal_bonferroni,0.0015811999983270653,1.0
1.0,0.7142857142857143,0.0,10,14,5000,0.55,151,multiplier,0.007648999999219086,1.0
1.0,0.7142857142857143,0.0,10,14,5000,0.55,151,exact_bonferroni,0.0025621000022511,1.0
1.0,0.5714285714285714,0.0,8,14,5000,0.55,151,hoeffding,0.0012897000051452778,1.0
1.0,0.7142857142857143,0.0,10,14,5000,0.55,151,holm,0.0009598000033292919,
1.0,0.5714285714285714,0.0,8,14,5000,0.55,152,pointwise,0.002882200002204627,1.0
1.0,0.5,0.0,7,14,5000,0.55,152,normal_bonferroni,0.0031171000009635463,1.0
1.0,0.5,0.0,7,14,5000,0.55,152,multiplier,0.00985890000447398,1.0
1.0,0.5,0.0,7,14,5000,0.55,152,exact_bonferroni,0.004205400000500958,1.0
1.0,0.42857142857142855,0.0,6,14,5000,0.55,152,hoeffding,0.0029071000026306137,1.0
1.0,0.5,0.0,7,14,5000,0.55,152,holm,0.0010456000018166378,
1.0,0.7142857142857143,0.0,10,14,5000,0.55,153,pointwise,0.002140800002962351,1.0
1.0,0.5714285714285714,0.0,8,14,5000,0.55,153,normal_bonferroni,0.0018569000021670945,1.0
1.0,0.5714285714285714,0.0,8,14,5000,0.55,153,multiplier,0.009178799999062903,1.0
1.0,0.5714285714285714,0.0,8,14,5000,0.55,153,exact_bonferroni,0.002845600000000559,1.0
1.0,0.42857142857142855,0.0,6,14,5000,0.55,153,hoeffding,0.001410199998645112,1.0
1.0,0.5714285714285714,0.0,8,14,5000,0.55,153,holm,0.0009304000050178729,
1.0,0.7857142857142857,0.0,11,14,5000,0.55,154,pointwise,0.002913999996962957,1.0
1.0,0.5714285714285714,0.0,8,14,5000,0.55,154,normal_bonferroni,0.002853400001185946,1.0
1.0,0.5714285714285714,0.0,8,14,5000,0.55,154,multiplier,0.008553799998480827,1.0
1.0,0.5714285714285714,0.0,8,14,5000,0.55,154,exact_bonferroni,0.0033706999965943396,1.0
1.0,0.42857142857142855,0.0,6,14,5000,0.55,154,hoeffding,0.002506800003175158,1.0
1.0,0.5714285714285714,0.0,8,14,5000,0.55,154,holm,0.0009964999990188517,
1.0,0.7857142857142857,0.0,11,14,5000,0.55,155,pointwise,0.0011378999988664873,0.0
1.0,0.7142857142857143,0.0,10,14,5000,0.55,155,normal_bonferroni,0.001615900000615511,1.0
1.0,0.7142857142857143,0.0,10,14,5000,0.55,155,multiplier,0.009940299998561386,1.0
1.0,0.6428571428571429,0.0,9,14,5000,0.55,155,exact_bonferroni,0.003172700002323836,1.0
1.0,0.5714285714285714,0.0,8,14,5000,0.55,155,hoeffding,0.0014246000064304098,1.0
1.0,0.7142857142857143,0.0,10,14,5000,0.55,155,holm,0.0009161000052699819,
1.0,0.5714285714285714,0.0,8,14,5000,0.55,156,pointwise,0.0033702000000630505,1.0
1.0,0.5714285714285714,0.0,8,14,5000,0.55,156,normal_bonferroni,0.003220299993699882,1.0
1.0,0.5714285714285714,0.0,8,14,5000,0.55,156,multiplier,0.009243399996194057,1.0
1.0,0.5714285714285714,0.0,8,14,5000,0.55,156,exact_bonferroni,0.003709500000695698,1.0
1.0,0.42857142857142855,0.0,6,14,5000,0.55,156,hoeffding,0.0024304999969899654,1.0
1.0,0.5714285714285714,0.0,8,14,5000,0.55,156,holm,0.0007670999984839,
1.0,0.6428571428571429,0.0,9,14,5000,0.55,157,pointwise,0.001534800001536496,1.0
1.0,0.42857142857142855,0.0,6,14,5000,0.55,157,normal_bonferroni,0.0014807999978074804,1.0
1.0,0.5714285714285714,0.0,8,14,5000,0.55,157,multiplier,0.007508199996664189,1.0
1.0,0.42857142857142855,0.0,6,14,5000,0.55,157,exact_bonferroni,0.0021325000052456744,1.0
1.0,0.2857142857142857,0.0,4,14,5000,0.55,157,hoeffding,0.001095800005714409,1.0
1.0,0.5714285714285714,0.0,8,14,5000,0.55,157,holm,0.0007044000012683682,
1.0,0.7857142857142857,0.0,11,14,5000,0.55,158,pointwise,0.0026107000012416393,0.0
1.0,0.5714285714285714,0.0,8,14,5000,0.55,158,normal_bonferroni,0.0025095000019064173,1.0
1.0,0.5714285714285714,0.0,8,14,5000,0.55,158,multiplier,0.008138299999700394,1.0
1.0,0.5714285714285714,0.0,8,14,5000,0.55,158,exact_bonferroni,0.0034115000016754493,1.0
1.0,0.35714285714285715,0.0,5,14,5000,0.55,158,hoeffding,0.002438099996652454,1.0
1.0,0.5714285714285714,0.0,8,14,5000,0.55,158,holm,0.0007951000006869435,
1.0,0.9285714285714286,0.0,13,14,5000,0.55,159,pointwise,0.0014461000027949922,0.0
1.0,0.7142857142857143,0.0,10,14,5000,0.55,159,normal_bonferroni,0.001392500002111774,1.0
1.0,0.7857142857142857,0.0,11,14,5000,0.55,159,multiplier,0.006330500000331085,1.0
1.0,0.7142857142857143,0.0,10,14,5000,0.55,159,exact_bonferroni,0.0029667999988305382,1.0
1.0,0.6428571428571429,0.0,9,14,5000,0.55,159,hoeffding,0.0017649000001256354,1.0
1.0,0.7857142857142857,0.0,11,14,5000,0.55,159,holm,0.000854799996886868,
1.0,0.6428571428571429,0.0,9,14,5000,0.55,160,pointwise,0.002813499995681923,1.0
1.0,0.42857142857142855,0.0,6,14,5000,0.55,160,normal_bonferroni,0.00288169999839738,1.0
1.0,0.42857142857142855,0.0,6,14,5000,0.55,160,multiplier,0.008454700000584126,1.0
1.0,0.42857142857142855,0.0,6,14,5000,0.55,160,exact_bonferroni,0.0037888000006205402,1.0
1.0,0.42857142857142855,0.0,6,14,5000,0.55,160,hoeffding,0.002525600000808481,1.0
1.0,0.42857142857142855,0.0,6,14,5000,0.55,160,holm,0.0007410000034724362,
1.0,0.9285714285714286,0.0,13,14,5000,0.55,161,pointwise,0.0015103999976417981,0.0
1.0,0.5714285714285714,0.0,8,14,5000,0.55,161,normal_bonferroni,0.0014408999995794147,1.0
1.0,0.5714285714285714,0.0,8,14,5000,0.55,161,multiplier,0.007671600003959611,1.0
1.0,0.5714285714285714,0.0,8,14,5000,0.55,161,exact_bonferroni,0.002227400000265334,1.0
1.0,0.5714285714285714,0.0,8,14,5000,0.55,161,hoeffding,0.0010779000003822148,1.0
1.0,0.5714285714285714,0.0,8,14,5000,0.55,161,holm,0.0007422999988193624,
1.0,0.7857142857142857,0.0,11,14,5000,0.55,162,pointwise,0.0028175999977975152,0.0
1.0,0.6428571428571429,0.0,9,14,5000,0.55,162,normal_bonferroni,0.002536399995733518,1.0
1.0,0.7142857142857143,0.0,10,14,5000,0.55,162,multiplier,0.008444599996437319,1.0
1.0,0.6428571428571429,0.0,9,14,5000,0.55,162,exact_bonferroni,0.0035035000037169084,1.0
1.0,0.5,0.0,7,14,5000,0.55,162,hoeffding,0.002645799999299925,1.0
1.0,0.6428571428571429,0.0,9,14,5000,0.55,162,holm,0.0008368999988306314,
1.0,0.7142857142857143,0.0,10,14,5000,0.55,163,pointwise,0.0010663000066415407,0.0
1.0,0.6428571428571429,0.0,9,14,5000,0.55,163,normal_bonferroni,0.0008315000013681129,1.0
1.0,0.6428571428571429,0.0,9,14,5000,0.55,163,multiplier,0.007368599995970726,1.0
1.0,0.6428571428571429,0.0,9,14,5000,0.55,163,exact_bonferroni,0.002020300002186559,1.0
1.0,0.6428571428571429,0.0,9,14,5000,0.55,163,hoeffding,0.0010246000019833446,1.0
1.0,0.6428571428571429,0.0,9,14,5000,0.55,163,holm,0.0007177000006777234,
1.0,0.7142857142857143,0.0,10,14,5000,0.55,164,pointwise,0.0025833999970927835,0.0
1.0,0.7142857142857143,0.0,10,14,5000,0.55,164,normal_bonferroni,0.0027463999940664507,1.0
1.0,0.7142857142857143,0.0,10,14,5000,0.55,164,multiplier,0.009889900000416674,1.0
1.0,0.7142857142857143,0.0,10,14,5000,0.55,164,exact_bonferroni,0.0033923999944818206,1.0
1.0,0.5,0.0,7,14,5000,0.55,164,hoeffding,0.003457200000411831,1.0
1.0,0.7142857142857143,0.0,10,14,5000,0.55,164,holm,0.0005300999982864596,
1.0,0.7142857142857143,0.0,10,14,5000,0.55,165,pointwise,0.0016351000012946315,1.0
1.0,0.6428571428571429,0.0,9,14,5000,0.55,165,normal_bonferroni,0.0015290999945136718,1.0
1.0,0.6428571428571429,0.0,9,14,5000,0.55,165,multiplier,0.006908900002599694,1.0
1.0,0.6428571428571429,0.0,9,14,5000,0.55,165,exact_bonferroni,0.0024561000027460977,1.0
1.0,0.35714285714285715,0.0,5,14,5000,0.55,165,hoeffding,0.0010887000025832094,1.0
1.0,0.6428571428571429,0.0,9,14,5000,0.55,165,holm,0.0007476999962818809,
1.0,0.6428571428571429,0.0,9,14,5000,0.55,166,pointwise,0.0024583999984315597,1.0
1.0,0.35714285714285715,0.0,5,14,5000,0.55,166,normal_bonferroni,0.0016193999981624074,1.0
1.0,0.35714285714285715,0.0,5,14,5000,0.55,166,multiplier,0.007823200001439545,1.0
1.0,0.35714285714285715,0.0,5,14,5000,0.55,166,exact_bonferroni,0.003163200002745725,1.0
1.0,0.35714285714285715,0.0,5,14,5000,0.55,166,hoeffding,0.0014235000053304248,1.0
1.0,0.35714285714285715,0.0,5,14,5000,0.55,166,holm,0.0009322999976575375,
1.0,0.8571428571428571,0.0,12,14,5000,0.55,167,pointwise,0.001560800003062468,0.0
1.0,0.6428571428571429,0.0,9,14,5000,0.55,167,normal_bonferroni,0.0017073999988497235,1.0
1.0,0.7142857142857143,0.0,10,14,5000,0.55,167,multiplier,0.007032599998638034,1.0
1.0,0.6428571428571429,0.0,9,14,5000,0.55,167,exact_bonferroni,0.002548499993281439,1.0
1.0,0.5714285714285714,0.0,8,14,5000,0.55,167,hoeffding,0.0011436999993748032,1.0
1.0,0.7142857142857143,0.0,10,14,5000,0.55,167,holm,0.0007509999995818362,
1.0,0.7142857142857143,0.0,10,14,5000,0.55,168,pointwise,0.00258390000090003,1.0
1.0,0.5714285714285714,0.0,8,14,5000,0.55,168,normal_bonferroni,0.0025994999959948473,1.0
1.0,0.6428571428571429,0.0,9,14,5000,0.55,168,multiplier,0.008016799998586066,1.0
1.0,0.5714285714285714,0.0,8,14,5000,0.55,168,exact_bonferroni,0.003333799999381881,1.0
1.0,0.42857142857142855,0.0,6,14,5000,0.55,168,hoeffding,0.002591100004792679,1.0
1.0,0.6428571428571429,0.0,9,14,5000,0.55,168,holm,0.0008264999996754341,
1.0,0.7142857142857143,0.0,10,14,5000,0.55,169,pointwise,0.0017508999953861348,1.0
1.0,0.5,0.0,7,14,5000,0.55,169,normal_bonferroni,0.0008358000050066039,1.0
1.0,0.5714285714285714,0.0,8,14,5000,0.55,169,multiplier,0.006875300001411233,1.0
1.0,0.5,0.0,7,14,5000,0.55,169,exact_bonferroni,0.002150799999071751,1.0
1.0,0.5,0.0,7,14,5000,0.55,169,hoeffding,0.0009337999945273623,1.0
1.0,0.5,0.0,7,14,5000,0.55,169,holm,0.0006893999961903319,
1.0,0.8571428571428571,0.0,12,14,5000,0.55,170,pointwise,0.002563699999882374,0.0
1.0,0.5,0.0,7,14,5000,0.55,170,normal_bonferroni,0.002473900000040885,1.0
1.0,0.5,0.0,7,14,5000,0.55,170,multiplier,0.00794809999933932,1.0
1.0,0.5,0.0,7,14,5000,0.55,170,exact_bonferroni,0.003129000004264526,1.0
1.0,0.5,0.0,7,14,5000,0.55,170,hoeffding,0.00255759999708971,1.0
1.0,0.5,0.0,7,14,5000,0.55,170,holm,0.0007179000022006221,
1.0,0.5714285714285714,0.0,8,14,5000,0.55,171,pointwise,0.001527100001112558,1.0
1.0,0.5,0.0,7,14,5000,0.55,171,normal_bonferroni,0.0014221000019460917,1.0
1.0,0.5,0.0,7,14,5000,0.55,171,multiplier,0.00731209999503335,1.0
1.0,0.5,0.0,7,14,5000,0.55,171,exact_bonferroni,0.002103000006172806,1.0
1.0,0.35714285714285715,0.0,5,14,5000,0.55,171,hoeffding,0.0011101999989477918,1.0
1.0,0.5,0.0,7,14,5000,0.55,171,holm,0.0007084000026225112,
1.0,0.6428571428571429,0.0,9,14,5000,0.55,172,pointwise,0.002340300001378637,1.0
1.0,0.5714285714285714,0.0,8,14,5000,0.55,172,normal_bonferroni,0.0024937000052887015,1.0
1.0,0.5714285714285714,0.0,8,14,5000,0.55,172,multiplier,0.008338300001923926,1.0
1.0,0.5714285714285714,0.0,8,14,5000,0.55,172,exact_bonferroni,0.003800400001637172,1.0
1.0,0.42857142857142855,0.0,6,14,5000,0.55,172,hoeffding,0.0020865999977104366,1.0
1.0,0.5714285714285714,0.0,8,14,5000,0.55,172,holm,0.0007067000042297877,
1.0,0.8571428571428571,0.0,12,14,5000,0.55,173,pointwise,0.0020124000002397224,0.0
1.0,0.6428571428571429,0.0,9,14,5000,0.55,173,normal_bonferroni,0.0016663999995216727,1.0
1.0,0.6428571428571429,0.0,9,14,5000,0.55,173,multiplier,0.007548599998699501,1.0
1.0,0.6428571428571429,0.0,9,14,5000,0.55,173,exact_bonferroni,0.002523399998608511,1.0
1.0,0.5714285714285714,0.0,8,14,5000,0.55,173,hoeffding,0.0011115999950561672,1.0
1.0,0.6428571428571429,0.0,9,14,5000,0.55,173,holm,0.0007229999973787926,
1.0,0.7857142857142857,0.0,11,14,5000,0.55,174,pointwise,0.0027134999982081354,1.0
1.0,0.5714285714285714,0.0,8,14,5000,0.55,174,normal_bonferroni,0.002613299999211449,1.0
1.0,0.5714285714285714,0.0,8,14,5000,0.55,174,multiplier,0.00817069999902742,1.0
1.0,0.5714285714285714,0.0,8,14,5000,0.55,174,exact_bonferroni,0.0029119999962858856,1.0
1.0,0.5,0.0,7,14,5000,0.55,174,hoeffding,0.0024032000001170672,1.0
1.0,0.5714285714285714,0.0,8,14,5000,0.55,174,holm,0.0008192000022972934,
1.0,0.6428571428571429,0.0,9,14,5000,0.55,175,pointwise,0.001443400004063733,1.0
1.0,0.42857142857142855,0.0,6,14,5000,0.55,175,normal_bonferroni,0.0019417000003159046,1.0
1.0,0.42857142857142855,0.0,6,14,5000,0.55,175,multiplier,0.007871399997384287,1.0
1.0,0.42857142857142855,0.0,6,14,5000,0.55,175,exact_bonferroni,0.0024883000005502254,1.0
1.0,0.35714285714285715,0.0,5,14,5000,0.55,175,hoeffding,0.0011625999977695756,1.0
1.0,0.42857142857142855,0.0,6,14,5000,0.55,175,holm,0.0007264000014401972,
1.0,0.7857142857142857,0.0,11,14,5000,0.55,176,pointwise,0.00289100000372855,0.0
1.0,0.6428571428571429,0.0,9,14,5000,0.55,176,normal_bonferroni,0.002715499998885207,1.0
1.0,0.6428571428571429,0.0,9,14,5000,0.55,176,multiplier,0.008408900001086295,1.0
1.0,0.6428571428571429,0.0,9,14,5000,0.55,176,exact_bonferroni,0.003250400004617404,1.0
1.0,0.5714285714285714,0.0,8,14,5000,0.55,176,hoeffding,0.0021744999976363033,1.0
1.0,0.7142857142857143,0.0,10,14,5000,0.55,176,holm,0.0007544999971287325,
1.0,0.6428571428571429,0.0,9,14,5000,0.55,177,pointwise,0.0013920999990659766,0.0
1.0,0.6428571428571429,0.0,9,14,5000,0.55,177,normal_bonferroni,0.0013527999981306493,1.0
1.0,0.6428571428571429,0.0,9,14,5000,0.55,177,multiplier,0.0062752000012551434,1.0
1.0,0.6428571428571429,0.0,9,14,5000,0.55,177,exact_bonferroni,0.0026641999938874505,1.0
1.0,0.42857142857142855,0.0,6,14,5000,0.55,177,hoeffding,0.0011057999945478514,1.0
1.0,0.6428571428571429,0.0,9,14,5000,0.55,177,holm,0.0007247999965329655,
1.0,0.8571428571428571,0.0,12,14,5000,0.55,178,pointwise,0.002641400002175942,0.0
1.0,0.6428571428571429,0.0,9,14,5000,0.55,178,normal_bonferroni,0.002754499997536186,1.0
1.0,0.6428571428571429,0.0,9,14,5000,0.55,178,multiplier,0.008270500002254266,1.0
1.0,0.6428571428571429,0.0,9,14,5000,0.55,178,exact_bonferroni,0.003034599998500198,1.0
1.0,0.5,0.0,7,14,5000,0.55,178,hoeffding,0.0024668999976711348,1.0
1.0,0.6428571428571429,0.0,9,14,5000,0.55,178,holm,0.0008008000004338101,
1.0,0.7142857142857143,0.0,10,14,5000,0.55,179,pointwise,0.0014698000013595447,0.0
1.0,0.5714285714285714,0.0,8,14,5000,0.55,179,normal_bonferroni,0.0013980000003357418,1.0
1.0,0.5714285714285714,0.0,8,14,5000,0.55,179,multiplier,0.007095499997376464,1.0
1.0,0.5714285714285714,0.0,8,14,5000,0.55,179,exact_bonferroni,0.002482900003087707,1.0
1.0,0.35714285714285715,0.0,5,14,5000,0.55,179,hoeffding,0.0011759000044548884,1.0
1.0,0.5714285714285714,0.0,8,14,5000,0.55,179,holm,0.0007438000029651448,
1.0,0.7142857142857143,0.0,10,14,5000,0.55,180,pointwise,0.0025738999975146726,1.0
1.0,0.42857142857142855,0.0,6,14,5000,0.55,180,normal_bonferroni,0.002503299998352304,1.0
1.0,0.42857142857142855,0.0,6,14,5000,0.55,180,multiplier,0.008332199999131262,1.0
1.0,0.42857142857142855,0.0,6,14,5000,0.55,180,exact_bonferroni,0.0032693000030121766,1.0
1.0,0.42857142857142855,0.0,6,14,5000,0.55,180,hoeffding,0.002144199999747798,1.0
1.0,0.42857142857142855,0.0,6,14,5000,0.55,180,holm,0.0007140000016079284,
1.0,0.6428571428571429,0.0,9,14,5000,0.55,181,pointwise,0.0019401000026846305,1.0
1.0,0.5,0.0,7,14,5000,0.55,181,normal_bonferroni,0.0015950000015436672,1.0
1.0,0.5,0.0,7,14,5000,0.55,181,multiplier,0.0071119999993243255,1.0
1.0,0.5,0.0,7,14,5000,0.55,181,exact_bonferroni,0.0021157000010134652,1.0
1.0,0.2857142857142857,0.0,4,14,5000,0.55,181,hoeffding,0.0014467000000877306,1.0
1.0,0.5,0.0,7,14,5000,0.55,181,holm,0.0012076999992132187,
1.0,0.8571428571428571,0.0,12,14,5000,0.55,182,pointwise,0.003134699996735435,0.0
1.0,0.7142857142857143,0.0,10,14,5000,0.55,182,normal_bonferroni,0.0031490000037592836,1.0
1.0,0.7142857142857143,0.0,10,14,5000,0.55,182,multiplier,0.009206700000504497,1.0
1.0,0.7142857142857143,0.0,10,14,5000,0.55,182,exact_bonferroni,0.00365550000424264,1.0
1.0,0.5,0.0,7,14,5000,0.55,182,hoeffding,0.0024451999997836538,1.0
1.0,0.7142857142857143,0.0,10,14,5000,0.55,182,holm,0.0008173000023816712,
1.0,0.8571428571428571,0.0,12,14,5000,0.55,183,pointwise,0.0014784999948460609,0.0
1.0,0.6428571428571429,0.0,9,14,5000,0.55,183,normal_bonferroni,0.0014107000024523586,1.0
1.0,0.7142857142857143,0.0,10,14,5000,0.55,183,multiplier,0.007356099995377008,1.0
1.0,0.6428571428571429,0.0,9,14,5000,0.55,183,exact_bonferroni,0.002450499996484723,1.0
1.0,0.42857142857142855,0.0,6,14,5000,0.55,183,hoeffding,0.0011763000002247281,1.0
1.0,0.7142857142857143,0.0,10,14,5000,0.55,183,holm,0.000756800000090152,
1.0,0.6428571428571429,0.0,9,14,5000,0.55,184,pointwise,0.0025796000045374967,0.0
1.0,0.6428571428571429,0.0,9,14,5000,0.55,184,normal_bonferroni,0.002649599999131169,1.0
1.0,0.6428571428571429,0.0,9,14,5000,0.55,184,multiplier,0.008048000003327616,1.0
1.0,0.6428571428571429,0.0,9,14,5000,0.55,184,exact_bonferroni,0.0031684000059613027,1.0
1.0,0.5,0.0,7,14,5000,0.55,184,hoeffding,0.0020981999987270683,1.0
1.0,0.6428571428571429,0.0,9,14,5000,0.55,184,holm,0.0007232999996631406,
1.0,0.7142857142857143,0.0,10,14,5000,0.55,185,pointwise,0.001355899999907706,0.0
1.0,0.5714285714285714,0.0,8,14,5000,0.55,185,normal_bonferroni,0.0014155999961076304,1.0
1.0,0.5714285714285714,0.0,8,14,5000,0.55,185,multiplier,0.007013299997197464,1.0
1.0,0.5714285714285714,0.0,8,14,5000,0.55,185,exact_bonferroni,0.0020511000038823113,1.0
1.0,0.42857142857142855,0.0,6,14,5000,0.55,185,hoeffding,0.0010312000013072975,1.0
1.0,0.5714285714285714,0.0,8,14,5000,0.55,185,holm,0.0008738999968045391,
1.0,0.8571428571428571,0.0,12,14,5000,0.55,186,pointwise,0.0026607999971020035,0.0
1.0,0.6428571428571429,0.0,9,14,5000,0.55,186,normal_bonferroni,0.0025316000028396957,1.0
1.0,0.6428571428571429,0.0,9,14,5000,0.55,186,multiplier,0.008268500001577195,1.0
1.0,0.6428571428571429,0.0,9,14,5000,0.55,186,exact_bonferroni,0.0033075000028475188,1.0
1.0,0.6428571428571429,0.0,9,14,5000,0.55,186,hoeffding,0.0021855000013601966,1.0
1.0,0.6428571428571429,0.0,9,14,5000,0.55,186,holm,0.0007226000016089529,
1.0,0.7857142857142857,0.0,11,14,5000,0.55,187,pointwise,0.0009541000035824254,1.0
1.0,0.5714285714285714,0.0,8,14,5000,0.55,187,normal_bonferroni,0.0014984000008553267,1.0
1.0,0.6428571428571429,0.0,9,14,5000,0.55,187,multiplier,0.007318600000871811,1.0
1.0,0.5714285714285714,0.0,8,14,5000,0.55,187,exact_bonferroni,0.0020069000020157546,1.0
1.0,0.5,0.0,7,14,5000,0.55,187,hoeffding,0.0011202000023331493,1.0
1.0,0.5714285714285714,0.0,8,14,5000,0.55,187,holm,0.0006888999996590428,
1.0,0.7142857142857143,0.0,10,14,5000,0.55,188,pointwise,0.0026943000048049726,0.0
1.0,0.7142857142857143,0.0,10,14,5000,0.55,188,normal_bonferroni,0.002532599995902274,1.0
1.0,0.7142857142857143,0.0,10,14,5000,0.55,188,multiplier,0.009393799999088515,1.0
1.0,0.7142857142857143,0.0,10,14,5000,0.55,188,exact_bonferroni,0.00364619999891147,1.0
1.0,0.5714285714285714,0.0,8,14,5000,0.55,188,hoeffding,0.0023648999995202757,1.0
1.0,0.7142857142857143,0.0,10,14,5000,0.55,188,holm,0.0008390000002691522,
1.0,0.7857142857142857,0.0,11,14,5000,0.55,189,pointwise,0.0015438999980688095,0.0
1.0,0.6428571428571429,0.0,9,14,5000,0.55,189,normal_bonferroni,0.001768000001902692,1.0
1.0,0.6428571428571429,0.0,9,14,5000,0.55,189,multiplier,0.007506900001317263,1.0
1.0,0.6428571428571429,0.0,9,14,5000,0.55,189,exact_bonferroni,0.0023718000011285767,1.0
1.0,0.5714285714285714,0.0,8,14,5000,0.55,189,hoeffding,0.0011474999992060475,1.0
1.0,0.6428571428571429,0.0,9,14,5000,0.55,189,holm,0.0007209999967017211,
1.0,0.9285714285714286,0.0,13,14,5000,0.55,190,pointwise,0.0029680000006919727,0.0
1.0,0.7142857142857143,0.0,10,14,5000,0.55,190,normal_bonferroni,0.0026746000003186055,1.0
1.0,0.7142857142857143,0.0,10,14,5000,0.55,190,multiplier,0.007977799999935087,1.0
1.0,0.7142857142857143,0.0,10,14,5000,0.55,190,exact_bonferroni,0.0035429999988991767,1.0
1.0,0.7142857142857143,0.0,10,14,5000,0.55,190,hoeffding,0.002413000001979526,1.0
1.0,0.7142857142857143,0.0,10,14,5000,0.55,190,holm,0.0007415000000037253,
1.0,0.8571428571428571,0.0,12,14,5000,0.55,191,pointwise,0.001708600000711158,0.0
1.0,0.5714285714285714,0.0,8,14,5000,0.55,191,normal_bonferroni,0.0017451000021537766,1.0
1.0,0.5714285714285714,0.0,8,14,5000,0.55,191,multiplier,0.008890100005373824,1.0
1.0,0.5,0.0,7,14,5000,0.55,191,exact_bonferroni,0.0031619000001228414,1.0
1.0,0.42857142857142855,0.0,6,14,5000,0.55,191,hoeffding,0.0015303000036510639,1.0
1.0,0.5714285714285714,0.0,8,14,5000,0.55,191,holm,0.0009862999941105954,
1.0,0.8571428571428571,0.0,12,14,5000,0.55,192,pointwise,0.0032407000035163946,0.0
1.0,0.7857142857142857,0.0,11,14,5000,0.55,192,normal_bonferroni,0.0029379999978118576,1.0
1.0,0.7857142857142857,0.0,11,14,5000,0.55,192,multiplier,0.008999300000141375,1.0
1.0,0.7857142857142857,0.0,11,14,5000,0.55,192,exact_bonferroni,0.0032974000059766695,1.0
1.0,0.6428571428571429,0.0,9,14,5000,0.55,192,hoeffding,0.0021104999977978878,1.0
1.0,0.7857142857142857,0.0,11,14,5000,0.55,192,holm,0.0007639999967068434,
1.0,0.7142857142857143,0.0,10,14,5000,0.55,193,pointwise,0.0015059999932418577,1.0
1.0,0.5714285714285714,0.0,8,14,5000,0.55,193,normal_bonferroni,0.0015339000019594096,1.0
1.0,0.6428571428571429,0.0,9,14,5000,0.55,193,multiplier,0.0070204999938141555,1.0
1.0,0.5714285714285714,0.0,8,14,5000,0.55,193,exact_bonferroni,0.002176499998313375,1.0
1.0,0.35714285714285715,0.0,5,14,5000,0.55,193,hoeffding,0.0010837000008905306,1.0
1.0,0.6428571428571429,0.0,9,14,5000,0.55,193,holm,0.0007038999974611215,
1.0,0.6428571428571429,0.0,9,14,5000,0.55,194,pointwise,0.0035270000007585622,1.0
1.0,0.5714285714285714,0.0,8,14,5000,0.55,194,normal_bonferroni,0.002436800001305528,1.0
1.0,0.5714285714285714,0.0,8,14,5000,0.55,194,multiplier,0.006648200003837701,1.0
1.0,0.5714285714285714,0.0,8,14,5000,0.55,194,exact_bonferroni,0.0032565000001341105,1.0
1.0,0.42857142857142855,0.0,6,14,5000,0.55,194,hoeffding,0.0023714999988442287,1.0
1.0,0.5714285714285714,0.0,8,14,5000,0.55,194,holm,0.0008981999999377877,
1.0,0.7142857142857143,0.0,10,14,5000,0.55,195,pointwise,0.0017348000037600286,1.0
1.0,0.6428571428571429,0.0,9,14,5000,0.55,195,normal_bonferroni,0.0014062999980524182,1.0
1.0,0.6428571428571429,0.0,9,14,5000,0.55,195,multiplier,0.0075893000030191615,1.0
1.0,0.6428571428571429,0.0,9,14,5000,0.55,195,exact_bonferroni,0.0024275999967358075,1.0
1.0,0.5,0.0,7,14,5000,0.55,195,hoeffding,0.001165200003015343,1.0
1.0,0.6428571428571429,0.0,9,14,5000,0.55,195,holm,0.0007845000000088476,
1.0,0.8571428571428571,0.0,12,14,5000,0.55,196,pointwise,0.003604100005759392,0.0
1.0,0.6428571428571429,0.0,9,14,5000,0.55,196,normal_bonferroni,0.0024029999985941686,1.0
1.0,0.6428571428571429,0.0,9,14,5000,0.55,196,multiplier,0.00803950000408804,1.0
1.0,0.6428571428571429,0.0,9,14,5000,0.55,196,exact_bonferroni,0.0030397000009543262,1.0
1.0,0.6428571428571429,0.0,9,14,5000,0.55,196,hoeffding,0.002062899999145884,1.0
1.0,0.6428571428571429,0.0,9,14,5000,0.55,196,holm,0.0007884000006015413,
1.0,0.7142857142857143,0.0,10,14,5000,0.55,197,pointwise,0.001415799997630529,1.0
1.0,0.6428571428571429,0.0,9,14,5000,0.55,197,normal_bonferroni,0.0014326000018627383,1.0
1.0,0.6428571428571429,0.0,9,14,5000,0.55,197,multiplier,0.006962399995245505,1.0
1.0,0.6428571428571429,0.0,9,14,5000,0.55,197,exact_bonferroni,0.002176900001359172,1.0
1.0,0.42857142857142855,0.0,6,14,5000,0.55,197,hoeffding,0.0010381000029155985,1.0
1.0,0.6428571428571429,0.0,9,14,5000,0.55,197,holm,0.0006903999965288676,
1.0,0.7857142857142857,0.0,11,14,5000,0.55,198,pointwise,0.002193199994508177,0.0
1.0,0.7142857142857143,0.0,10,14,5000,0.55,198,normal_bonferroni,0.003821099999186117,1.0
1.0,0.7142857142857143,0.0,10,14,5000,0.55,198,multiplier,0.008379399994737469,1.0
1.0,0.7142857142857143,0.0,10,14,5000,0.55,198,exact_bonferroni,0.0031826000049477443,1.0
1.0,0.42857142857142855,0.0,6,14,5000,0.55,198,hoeffding,0.002169400002458133,1.0
1.0,0.7142857142857143,0.0,10,14,5000,0.55,198,holm,0.0008240999959525652,
1.0,0.6428571428571429,0.0,9,14,5000,0.55,199,pointwise,0.0014830999934929423,1.0
1.0,0.6428571428571429,0.0,9,14,5000,0.55,199,normal_bonferroni,0.0014407999988179654,1.0
1.0,0.6428571428571429,0.0,9,14,5000,0.55,199,multiplier,0.007279099998413585,1.0
1.0,0.5714285714285714,0.0,8,14,5000,0.55,199,exact_bonferroni,0.0024542000028304756,1.0
1.0,0.5,0.0,7,14,5000,0.55,199,hoeffding,0.0011690000028465874,1.0
1.0,0.6428571428571429,0.0,9,14,5000,0.55,199,holm,0.0007855000003473833,
1.0,0.5714285714285714,0.0,8,14,5000,0.55,200,pointwise,0.0024182999986805953,0.0
1.0,0.5714285714285714,0.0,8,14,5000,0.55,200,normal_bonferroni,0.003311500004201662,1.0
1.0,0.5714285714285714,0.0,8,14,5000,0.55,200,multiplier,0.008837400004267693,1.0
1.0,0.5714285714285714,0.0,8,14,5000,0.55,200,exact_bonferroni,0.0031244999991031364,1.0
1.0,0.5,0.0,7,14,5000,0.55,200,hoeffding,0.0020355000015115365,1.0
1.0,0.5714285714285714,0.0,8,14,5000,0.55,200,holm,0.0005878000010852702,
1.0,0.8571428571428571,0.0,12,14,5000,0.55,201,pointwise,0.0015578999955323525,0.0
1.0,0.6428571428571429,0.0,9,14,5000,0.55,201,normal_bonferroni,0.0014292000050772913,1.0
1.0,0.6428571428571429,0.0,9,14,5000,0.55,201,multiplier,0.007096799999999348,1.0
1.0,0.6428571428571429,0.0,9,14,5000,0.55,201,exact_bonferroni,0.00236389999918174,1.0
1.0,0.5714285714285714,0.0,8,14,5000,0.55,201,hoeffding,0.0013070999993942678,1.0
1.0,0.6428571428571429,0.0,9,14,5000,0.55,201,holm,0.0007299999997485429,
1.0,0.9285714285714286,0.0,13,14,5000,0.55,202,pointwise,0.0025393999967491254,0.0
1.0,0.6428571428571429,0.0,9,14,5000,0.55,202,normal_bonferroni,0.0025450000030105002,1.0
1.0,0.6428571428571429,0.0,9,14,5000,0.55,202,multiplier,0.008620500004326459,1.0
1.0,0.6428571428571429,0.0,9,14,5000,0.55,202,exact_bonferroni,0.0033121000014944,1.0
1.0,0.5,0.0,7,14,5000,0.55,202,hoeffding,0.0022926999954506755,1.0
1.0,0.6428571428571429,0.0,9,14,5000,0.55,202,holm,0.0007448999967891723,
1.0,0.6428571428571429,0.0,9,14,5000,0.55,203,pointwise,0.0015012000003480352,1.0
1.0,0.5,0.0,7,14,5000,0.55,203,normal_bonferroni,0.0015105999991646968,1.0
1.0,0.5,0.0,7,14,5000,0.55,203,multiplier,0.007739499997114763,1.0
1.0,0.5,0.0,7,14,5000,0.55,203,exact_bonferroni,0.002315700003236998,1.0
1.0,0.42857142857142855,0.0,6,14,5000,0.55,203,hoeffding,0.0011573000010685064,1.0
1.0,0.5,0.0,7,14,5000,0.55,203,holm,0.000756600005843211,
1.0,0.7857142857142857,0.0,11,14,5000,0.55,204,pointwise,0.0026542999985395,0.0
1.0,0.7142857142857143,0.0,10,14,5000,0.55,204,normal_bonferroni,0.0027536000052350573,1.0
1.0,0.7142857142857143,0.0,10,14,5000,0.55,204,multiplier,0.008733900001971051,1.0
1.0,0.7142857142857143,0.0,10,14,5000,0.55,204,exact_bonferroni,0.0031588000056217425,1.0
1.0,0.42857142857142855,0.0,6,14,5000,0.55,204,hoeffding,0.002275099999678787,1.0
1.0,0.7142857142857143,0.0,10,14,5000,0.55,204,holm,0.0007589000015286729,
1.0,0.7857142857142857,0.0,11,14,5000,0.55,205,pointwise,0.0014000000010128133,0.0
1.0,0.6428571428571429,0.0,9,14,5000,0.55,205,normal_bonferroni,0.0013322000013431534,1.0
1.0,0.6428571428571429,0.0,9,14,5000,0.55,205,multiplier,0.007294200004253071,1.0
1.0,0.6428571428571429,0.0,9,14,5000,0.55,205,exact_bonferroni,0.002196899993577972,1.0
1.0,0.42857142857142855,0.0,6,14,5000,0.55,205,hoeffding,0.0011305000007268973,1.0
1.0,0.6428571428571429,0.0,9,14,5000,0.55,205,holm,0.0007815999997546896,
1.0,0.7142857142857143,0.0,10,14,5000,0.55,206,pointwise,0.0026481000022613443,0.0
1.0,0.6428571428571429,0.0,9,14,5000,0.55,206,normal_bonferroni,0.002581500004453119,1.0
1.0,0.6428571428571429,0.0,9,14,5000,0.55,206,multiplier,0.007579600001918152,1.0
1.0,0.6428571428571429,0.0,9,14,5000,0.55,206,exact_bonferroni,0.003382000002602581,1.0
1.0,0.5,0.0,7,14,5000,0.55,206,hoeffding,0.0021568000011029653,1.0
1.0,0.6428571428571429,0.0,9,14,5000,0.55,206,holm,0.0008262999981525354,
1.0,0.8571428571428571,0.0,12,14,5000,0.55,207,pointwise,0.0014711999974679202,0.0
1.0,0.6428571428571429,0.0,9,14,5000,0.55,207,normal_bonferroni,0.0014476000069407746,1.0
1.0,0.6428571428571429,0.0,9,14,5000,0.55,207,multiplier,0.006904400004714262,1.0
1.0,0.6428571428571429,0.0,9,14,5000,0.55,207,exact_bonferroni,0.001994600002944935,1.0
1.0,0.5714285714285714,0.0,8,14,5000,0.55,207,hoeffding,0.0012822999997297302,1.0
1.0,0.6428571428571429,0.0,9,14,5000,0.55,207,holm,0.0007669999977224506,
1.0,0.7857142857142857,0.0,11,14,5000,0.55,208,pointwise,0.0026192000004812144,0.0
1.0,0.6428571428571429,0.0,9,14,5000,0.55,208,normal_bonferroni,0.002446400001645088,1.0
1.0,0.6428571428571429,0.0,9,14,5000,0.55,208,multiplier,0.007998199995199684,1.0
1.0,0.6428571428571429,0.0,9,14,5000,0.55,208,exact_bonferroni,0.0033332999955746345,1.0
1.0,0.5714285714285714,0.0,8,14,5000,0.55,208,hoeffding,0.0023417999982484616,1.0
1.0,0.6428571428571429,0.0,9,14,5000,0.55,208,holm,0.0007827000008546747,
1.0,0.6428571428571429,0.0,9,14,5000,0.55,209,pointwise,0.001450800002203323,0.0
1.0,0.5714285714285714,0.0,8,14,5000,0.55,209,normal_bonferroni,0.0014053999984753318,1.0
1.0,0.5714285714285714,0.0,8,14,5000,0.55,209,multiplier,0.006444599996029865,1.0
1.0,0.5714285714285714,0.0,8,14,5000,0.55,209,exact_bonferroni,0.0035066999989794567,1.0
1.0,0.42857142857142855,0.0,6,14,5000,0.55,209,hoeffding,0.0012843000004068017,1.0
1.0,0.5714285714285714,0.0,8,14,5000,0.55,209,holm,0.0007270000060088933,
1.0,0.7142857142857143,0.0,10,14,5000,0.55,210,pointwise,0.002343000000109896,1.0
1.0,0.5714285714285714,0.0,8,14,5000,0.55,210,normal_bonferroni,0.002909499999077525,1.0
1.0,0.6428571428571429,0.0,9,14,5000,0.55,210,multiplier,0.008058100000198465,1.0
1.0,0.5714285714285714,0.0,8,14,5000,0.55,210,exact_bonferroni,0.0029522999975597486,1.0
1.0,0.42857142857142855,0.0,6,14,5000,0.55,210,hoeffding,0.003035599998838734,1.0
1.0,0.5714285714285714,0.0,8,14,5000,0.55,210,holm,0.0009674999964772724,
1.0,0.7142857142857143,0.0,10,14,5000,0.55,211,pointwise,0.001793399998859968,1.0
1.0,0.5714285714285714,0.0,8,14,5000,0.55,211,normal_bonferroni,0.0016079999986686744,1.0
1.0,0.5714285714285714,0.0,8,14,5000,0.55,211,multiplier,0.00693429999955697,1.0
1.0,0.5714285714285714,0.0,8,14,5000,0.55,211,exact_bonferroni,0.0021940000005997717,1.0
1.0,0.35714285714285715,0.0,5,14,5000,0.55,211,hoeffding,0.0012464999963412993,1.0
1.0,0.5714285714285714,0.0,8,14,5000,0.55,211,holm,0.0008225999990827404,
1.0,0.8571428571428571,0.0,12,14,5000,0.55,212,pointwise,0.002907399997639004,0.0
1.0,0.6428571428571429,0.0,9,14,5000,0.55,212,normal_bonferroni,0.0027286999975331128,1.0
1.0,0.6428571428571429,0.0,9,14,5000,0.55,212,multiplier,0.008103899999696296,1.0
1.0,0.6428571428571429,0.0,9,14,5000,0.55,212,exact_bonferroni,0.003263300000980962,1.0
1.0,0.5,0.0,7,14,5000,0.55,212,hoeffding,0.0023581999994348735,1.0
1.0,0.6428571428571429,0.0,9,14,5000,0.55,212,holm,0.0008086999951046892,
1.0,0.6428571428571429,0.0,9,14,5000,0.55,213,pointwise,0.0015464999960386194,1.0
1.0,0.5,0.0,7,14,5000,0.55,213,normal_bonferroni,0.0014448000001721084,1.0
1.0,0.5714285714285714,0.0,8,14,5000,0.55,213,multiplier,0.0074471999978413805,1.0
1.0,0.5,0.0,7,14,5000,0.55,213,exact_bonferroni,0.0021675999960280024,1.0
1.0,0.42857142857142855,0.0,6,14,5000,0.55,213,hoeffding,0.0011213999969186261,1.0
1.0,0.5,0.0,7,14,5000,0.55,213,holm,0.0007415000000037253,
1.0,0.5714285714285714,0.0,8,14,5000,0.55,214,pointwise,0.0024527999994461425,1.0
1.0,0.5,0.0,7,14,5000,0.55,214,normal_bonferroni,0.0025980999998864718,1.0
1.0,0.5,0.0,7,14,5000,0.55,214,multiplier,0.008822600000712555,1.0
1.0,0.42857142857142855,0.0,6,14,5000,0.55,214,exact_bonferroni,0.003263399994466454,1.0
1.0,0.2857142857142857,0.0,4,14,5000,0.55,214,hoeffding,0.0021707999985665083,1.0
1.0,0.5,0.0,7,14,5000,0.55,214,holm,0.0007378000009339303,
1.0,0.7142857142857143,0.0,10,14,5000,0.55,215,pointwise,0.0016728000045986846,0.0
1.0,0.5714285714285714,0.0,8,14,5000,0.55,215,normal_bonferroni,0.001531900001282338,1.0
1.0,0.5714285714285714,0.0,8,14,5000,0.55,215,multiplier,0.00698990000091726,1.0
1.0,0.5714285714285714,0.0,8,14,5000,0.55,215,exact_bonferroni,0.0013514000020222738,1.0
1.0,0.5,0.0,7,14,5000,0.55,215,hoeffding,0.0008623999965493567,1.0
1.0,0.5714285714285714,0.0,8,14,5000,0.55,215,holm,0.0007323000027099624,
1.0,0.6428571428571429,0.0,9,14,5000,0.55,216,pointwise,0.002099999997881241,1.0
1.0,0.5,0.0,7,14,5000,0.55,216,normal_bonferroni,0.002038200000242796,1.0
1.0,0.5,0.0,7,14,5000,0.55,216,multiplier,0.008624500005680602,1.0
1.0,0.5,0.0,7,14,5000,0.55,216,exact_bonferroni,0.0032542000044486485,1.0
1.0,0.35714285714285715,0.0,5,14,5000,0.55,216,hoeffding,0.0015811999983270653,1.0
1.0,0.5,0.0,7,14,5000,0.55,216,holm,0.0005498000027728267,
1.0,0.7142857142857143,0.0,10,14,5000,0.55,217,pointwise,0.0012782999983755872,1.0
1.0,0.6428571428571429,0.0,9,14,5000,0.55,217,normal_bonferroni,0.0008960999984992668,1.0
1.0,0.6428571428571429,0.0,9,14,5000,0.55,217,multiplier,0.005809099995531142,1.0
1.0,0.6428571428571429,0.0,9,14,5000,0.55,217,exact_bonferroni,0.0019820000015897676,1.0
1.0,0.42857142857142855,0.0,6,14,5000,0.55,217,hoeffding,0.0006130000037956052,1.0
1.0,0.6428571428571429,0.0,9,14,5000,0.55,217,holm,0.0006424000021070242,
1.0,0.7857142857142857,0.0,11,14,5000,0.55,218,pointwise,0.002994599999510683,0.0
1.0,0.7142857142857143,0.0,10,14,5000,0.55,218,normal_bonferroni,0.0024293000024044886,1.0
1.0,0.7857142857142857,0.0,11,14,5000,0.55,218,multiplier,0.007797000005666632,1.0
1.0,0.7142857142857143,0.0,10,14,5000,0.55,218,exact_bonferroni,0.0030038999975658953,1.0
1.0,0.7142857142857143,0.0,10,14,5000,0.55,218,hoeffding,0.002065000000584405,1.0
1.0,0.7857142857142857,0.0,11,14,5000,0.55,218,holm,0.0007254000011016615,
1.0,0.8571428571428571,0.0,12,14,5000,0.55,219,pointwise,0.0013107999984640628,0.0
1.0,0.7142857142857143,0.0,10,14,5000,0.55,219,normal_bonferroni,0.001254700000572484,1.0
1.0,0.7142857142857143,0.0,10,14,5000,0.55,219,multiplier,0.006824899995990563,1.0
1.0,0.7142857142857143,0.0,10,14,5000,0.55,219,exact_bonferroni,0.0024220999985118397,1.0
1.0,0.5,0.0,7,14,5000,0.55,219,hoeffding,0.0011126999961561523,1.0
1.0,0.7142857142857143,0.0,10,14,5000,0.55,219,holm,0.0007149000011850148,
1.0,0.7142857142857143,0.0,10,14,5000,0.55,220,pointwise,0.0025462000048719347,0.0
1.0,0.6428571428571429,0.0,9,14,5000,0.55,220,normal_bonferroni,0.0025075999947148375,1.0
1.0,0.6428571428571429,0.0,9,14,5000,0.55,220,multiplier,0.007929799998237286,1.0
1.0,0.5714285714285714,0.0,8,14,5000,0.55,220,exact_bonferroni,0.0037647999997716397,1.0
1.0,0.42857142857142855,0.0,6,14,5000,0.55,220,hoeffding,0.0022506000022985972,1.0
1.0,0.6428571428571429,0.0,9,14,5000,0.55,220,holm,0.0007834999996703118,
1.0,0.7142857142857143,0.0,10,14,5000,0.55,221,pointwise,0.0015618999968864955,0.0
1.0,0.5714285714285714,0.0,8,14,5000,0.55,221,normal_bonferroni,0.0014689000017824583,1.0
1.0,0.5714285714285714,0.0,8,14,5000,0.55,221,multiplier,0.006851799997093622,1.0
1.0,0.5714285714285714,0.0,8,14,5000,0.55,221,exact_bonferroni,0.002990700006193947,1.0
1.0,0.5714285714285714,0.0,8,14,5000,0.55,221,hoeffding,0.0010579000008874573,1.0
1.0,0.5714285714285714,0.0,8,14,5000,0.55,221,holm,0.0007444000002578832,
1.0,0.7857142857142857,0.0,11,14,5000,0.55,222,pointwise,0.002562200003012549,0.0
1.0,0.6428571428571429,0.0,9,14,5000,0.55,222,normal_bonferroni,0.0025533000007271767,1.0
1.0,0.6428571428571429,0.0,9,14,5000,0.55,222,multiplier,0.008513000000675675,1.0
1.0,0.6428571428571429,0.0,9,14,5000,0.55,222,exact_bonferroni,0.003264300001319498,1.0
1.0,0.5714285714285714,0.0,8,14,5000,0.55,222,hoeffding,0.002212499995948747,1.0
1.0,0.6428571428571429,0.0,9,14,5000,0.55,222,holm,0.0007423999995808117,
1.0,0.7142857142857143,0.0,10,14,5000,0.55,223,pointwise,0.0015430999992531724,1.0
1.0,0.5,0.0,7,14,5000,0.55,223,normal_bonferroni,0.0013797999999951571,1.0
1.0,0.5,0.0,7,14,5000,0.55,223,multiplier,0.006706599997414742,1.0
1.0,0.5,0.0,7,14,5000,0.55,223,exact_bonferroni,0.0020006999984616414,1.0
1.0,0.42857142857142855,0.0,6,14,5000,0.55,223,hoeffding,0.0010372999968240038,1.0
1.0,0.5,0.0,7,14,5000,0.55,223,holm,0.000708499996108003,
1.0,0.6428571428571429,0.0,9,14,5000,0.55,224,pointwise,0.002554200000304263,1.0
1.0,0.6428571428571429,0.0,9,14,5000,0.55,224,normal_bonferroni,0.00251429999480024,1.0
1.0,0.6428571428571429,0.0,9,14,5000,0.55,224,multiplier,0.008269099998869933,1.0
1.0,0.6428571428571429,0.0,9,14,5000,0.55,224,exact_bonferroni,0.0032409000050392933,1.0
1.0,0.42857142857142855,0.0,6,14,5000,0.55,224,hoeffding,0.0023311999975703657,1.0
1.0,0.6428571428571429,0.0,9,14,5000,0.55,224,holm,0.0007987999997567385,
1.0,0.5714285714285714,0.0,8,14,5000,0.55,225,pointwise,0.001369899997371249,1.0
1.0,0.35714285714285715,0.0,5,14,5000,0.55,225,normal_bonferroni,0.0014072000049054623,1.0
1.0,0.35714285714285715,0.0,5,14,5000,0.55,225,multiplier,0.006953699994483031,1.0
1.0,0.35714285714285715,0.0,5,14,5000,0.55,225,exact_bonferroni,0.002205500000854954,1.0
1.0,0.35714285714285715,0.0,5,14,5000,0.55,225,hoeffding,0.0010648000024957582,1.0
1.0,0.35714285714285715,0.0,5,14,5000,0.55,225,holm,0.0006854999955976382,
1.0,0.7857142857142857,0.0,11,14,5000,0.55,226,pointwise,0.003850000000966247,1.0
1.0,0.6428571428571429,0.0,9,14,5000,0.55,226,normal_bonferroni,0.003118299995549023,1.0
1.0,0.7142857142857143,0.0,10,14,5000,0.55,226,multiplier,0.009518000006210059,1.0
1.0,0.6428571428571429,0.0,9,14,5000,0.55,226,exact_bonferroni,0.0037694999991799705,1.0
1.0,0.6428571428571429,0.0,9,14,5000,0.55,226,hoeffding,0.0024543999970774166,1.0
1.0,0.7142857142857143,0.0,10,14,5000,0.55,226,holm,0.0008240000024670735,
1.0,0.7142857142857143,0.0,10,14,5000,0.55,227,pointwise,0.0017656999989412725,0.0
1.0,0.6428571428571429,0.0,9,14,5000,0.55,227,normal_bonferroni,0.0015842000066186301,1.0
1.0,0.6428571428571429,0.0,9,14,5000,0.55,227,multiplier,0.008049099997151643,1.0
1.0,0.6428571428571429,0.0,9,14,5000,0.55,227,exact_bonferroni,0.0028620000011869706,1.0
1.0,0.5,0.0,7,14,5000,0.55,227,hoeffding,0.0013403000048128888,1.0
1.0,0.6428571428571429,0.0,9,14,5000,0.55,227,holm,0.0008582000009482726,
1.0,0.6428571428571429,0.0,9,14,5000,0.55,228,pointwise,0.004041299995151348,1.0
1.0,0.5714285714285714,0.0,8,14,5000,0.55,228,normal_bonferroni,0.004097799996088725,1.0
1.0,0.5714285714285714,0.0,8,14,5000,0.55,228,multiplier,0.012382599998090882,1.0
1.0,0.5714285714285714,0.0,8,14,5000,0.55,228,exact_bonferroni,0.004227600002195686,1.0
1.0,0.5714285714285714,0.0,8,14,5000,0.55,228,hoeffding,0.0026193000012426637,1.0
1.0,0.5714285714285714,0.0,8,14,5000,0.55,228,holm,0.0008528999969712459,
1.0,0.5,0.0,7,14,5000,0.55,229,pointwise,0.0016028999962145463,1.0
1.0,0.42857142857142855,0.0,6,14,5000,0.55,229,normal_bonferroni,0.0015348999950219877,1.0
1.0,0.42857142857142855,0.0,6,14,5000,0.55,229,multiplier,0.00933680000161985,1.0
1.0,0.42857142857142855,0.0,6,14,5000,0.55,229,exact_bonferroni,0.00259800000640098,1.0
1.0,0.2857142857142857,0.0,4,14,5000,0.55,229,hoeffding,0.0012743000042974018,1.0
1.0,0.42857142857142855,0.0,6,14,5000,0.55,229,holm,0.000778499997977633,
1.0,0.7857142857142857,0.0,11,14,5000,0.55,230,pointwise,0.0028850000016973354,0.0
1.0,0.7857142857142857,0.0,11,14,5000,0.55,230,normal_bonferroni,0.002576200000476092,0.0
1.0,0.7857142857142857,0.0,11,14,5000,0.55,230,multiplier,0.00819019999471493,0.0
1.0,0.7142857142857143,0.0,10,14,5000,0.55,230,exact_bonferroni,0.003934699998353608,0.0
1.0,0.5714285714285714,0.0,8,14,5000,0.55,230,hoeffding,0.002222399998572655,0.0
1.0,0.7857142857142857,0.0,11,14,5000,0.55,230,holm,0.0007362000033026561,
1.0,0.7857142857142857,0.0,11,14,5000,0.55,231,pointwise,0.0017083000057027675,1.0
1.0,0.5714285714285714,0.0,8,14,5000,0.55,231,normal_bonferroni,0.0015124000055948272,1.0
1.0,0.5714285714285714,0.0,8,14,5000,0.55,231,multiplier,0.007406000004266389,1.0
1.0,0.5714285714285714,0.0,8,14,5000,0.55,231,exact_bonferroni,0.0021415000010165386,1.0
1.0,0.5714285714285714,0.0,8,14,5000,0.55,231,hoeffding,0.001147200004197657,1.0
1.0,0.5714285714285714,0.0,8,14,5000,0.55,231,holm,0.0006979999961913563,
0.0,0.7857142857142857,0.08333333333333333,12,14,5000,0.55,232,pointwise,0.002591999997093808,0.0
1.0,0.7857142857142857,0.0,11,14,5000,0.55,232,normal_bonferroni,0.0025525000019115396,0.0
1.0,0.7857142857142857,0.0,11,14,5000,0.55,232,multiplier,0.007817900004738476,0.0
1.0,0.7142857142857143,0.0,10,14,5000,0.55,232,exact_bonferroni,0.0024186000009649433,1.0
1.0,0.7142857142857143,0.0,10,14,5000,0.55,232,hoeffding,0.0020740999971167184,1.0
1.0,0.7857142857142857,0.0,11,14,5000,0.55,232,holm,0.0007159000015235506,
1.0,0.6428571428571429,0.0,9,14,5000,0.55,233,pointwise,0.001396800005750265,1.0
1.0,0.5714285714285714,0.0,8,14,5000,0.55,233,normal_bonferroni,0.001343000003544148,1.0
1.0,0.5714285714285714,0.0,8,14,5000,0.55,233,multiplier,0.00775949999660952,1.0
1.0,0.5714285714285714,0.0,8,14,5000,0.55,233,exact_bonferroni,0.002993999994941987,1.0
1.0,0.5,0.0,7,14,5000,0.55,233,hoeffding,0.0011488000018289313,1.0
1.0,0.5714285714285714,0.0,8,14,5000,0.55,233,holm,0.0007875000010244548,
1.0,0.5714285714285714,0.0,8,14,5000,0.55,234,pointwise,0.0032070999950519763,1.0
1.0,0.5,0.0,7,14,5000,0.55,234,normal_bonferroni,0.0026456000050529838,1.0
1.0,0.5,0.0,7,14,5000,0.55,234,multiplier,0.008817200003250036,1.0
1.0,0.42857142857142855,0.0,6,14,5000,0.55,234,exact_bonferroni,0.0035277999995741993,1.0
1.0,0.42857142857142855,0.0,6,14,5000,0.55,234,hoeffding,0.002182700001867488,1.0
1.0,0.5,0.0,7,14,5000,0.55,234,holm,0.0005147999982000329,
1.0,0.7857142857142857,0.0,11,14,5000,0.55,235,pointwise,0.0014579999988200143,0.0
1.0,0.5714285714285714,0.0,8,14,5000,0.55,235,normal_bonferroni,0.0014217999996617436,1.0
1.0,0.5714285714285714,0.0,8,14,5000,0.55,235,multiplier,0.007526200002757832,1.0
1.0,0.5714285714285714,0.0,8,14,5000,0.55,235,exact_bonferroni,0.002483300006133504,1.0
1.0,0.5714285714285714,0.0,8,14,5000,0.55,235,hoeffding,0.0011819999999715947,1.0
1.0,0.5714285714285714,0.0,8,14,5000,0.55,235,holm,0.0007469999982276931,
1.0,0.7142857142857143,0.0,10,14,5000,0.55,236,pointwise,0.002437999995891005,1.0
1.0,0.6428571428571429,0.0,9,14,5000,0.55,236,normal_bonferroni,0.002616800004034303,1.0
1.0,0.6428571428571429,0.0,9,14,5000,0.55,236,multiplier,0.008058199993683957,1.0
1.0,0.6428571428571429,0.0,9,14,5000,0.55,236,exact_bonferroni,0.003266699997766409,1.0
1.0,0.42857142857142855,0.0,6,14,5000,0.55,236,hoeffding,0.0021561000030487776,1.0
1.0,0.6428571428571429,0.0,9,14,5000,0.55,236,holm,0.0008139999990817159,
1.0,0.7857142857142857,0.0,11,14,5000,0.55,237,pointwise,0.0016546000042581,0.0
1.0,0.6428571428571429,0.0,9,14,5000,0.55,237,normal_bonferroni,0.0016050999984145164,1.0
1.0,0.6428571428571429,0.0,9,14,5000,0.55,237,multiplier,0.0074247000011382625,0.0
1.0,0.6428571428571429,0.0,9,14,5000,0.55,237,exact_bonferroni,0.002536200001486577,1.0
1.0,0.5714285714285714,0.0,8,14,5000,0.55,237,hoeffding,0.001253900001756847,1.0
1.0,0.6428571428571429,0.0,9,14,5000,0.55,237,holm,0.0008209000006900169,
1.0,0.6428571428571429,0.0,9,14,5000,0.55,238,pointwise,0.0025270000041928142,1.0
1.0,0.5714285714285714,0.0,8,14,5000,0.55,238,normal_bonferroni,0.002727999999478925,1.0
1.0,0.5714285714285714,0.0,8,14,5000,0.55,238,multiplier,0.008228499995311722,1.0
1.0,0.5714285714285714,0.0,8,14,5000,0.55,238,exact_bonferroni,0.00326620000123512,1.0
1.0,0.5714285714285714,0.0,8,14,5000,0.55,238,hoeffding,0.002041699997789692,1.0
1.0,0.5714285714285714,0.0,8,14,5000,0.55,238,holm,0.0007175000064307824,
1.0,0.7857142857142857,0.0,11,14,5000,0.55,239,pointwise,0.002086200001940597,1.0
1.0,0.6428571428571429,0.0,9,14,5000,0.55,239,normal_bonferroni,0.0015490000005229376,1.0
1.0,0.6428571428571429,0.0,9,14,5000,0.55,239,multiplier,0.0075488000002224,1.0
1.0,0.6428571428571429,0.0,9,14,5000,0.55,239,exact_bonferroni,0.0023647999987588264,1.0
1.0,0.5,0.0,7,14,5000,0.55,239,hoeffding,0.001280899996345397,1.0
1.0,0.6428571428571429,0.0,9,14,5000,0.55,239,holm,0.0007593999980599619,
1.0,0.6428571428571429,0.0,9,14,5000,0.55,240,pointwise,0.002891800002544187,1.0
1.0,0.42857142857142855,0.0,6,14,5000,0.55,240,normal_bonferroni,0.0024726999981794506,1.0
1.0,0.5,0.0,7,14,5000,0.55,240,multiplier,0.008792900000116788,1.0
1.0,0.42857142857142855,0.0,6,14,5000,0.55,240,exact_bonferroni,0.0033939000059035607,1.0
1.0,0.35714285714285715,0.0,5,14,5000,0.55,240,hoeffding,0.0021466000034706667,1.0
1.0,0.5,0.0,7,14,5000,0.55,240,holm,0.000793700004578568,
1.0,0.6428571428571429,0.0,9,14,5000,0.55,241,pointwise,0.0016424999994342215,1.0
1.0,0.5714285714285714,0.0,8,14,5000,0.55,241,normal_bonferroni,0.0016704000008758157,1.0
1.0,0.5714285714285714,0.0,8,14,5000,0.55,241,multiplier,0.007548100002168212,1.0
1.0,0.5714285714285714,0.0,8,14,5000,0.55,241,exact_bonferroni,0.0021359000020311214,1.0
1.0,0.42857142857142855,0.0,6,14,5000,0.55,241,hoeffding,0.0013515000027837232,1.0
1.0,0.5714285714285714,0.0,8,14,5000,0.55,241,holm,0.0007036999959382229,
1.0,0.7142857142857143,0.0,10,14,5000,0.55,242,pointwise,0.0027681999999913387,1.0
1.0,0.5,0.0,7,14,5000,0.55,242,normal_bonferroni,0.0026378000038675964,1.0
1.0,0.5714285714285714,0.0,8,14,5000,0.55,242,multiplier,0.007110099999408703,1.0
1.0,0.5,0.0,7,14,5000,0.55,242,exact_bonferroni,0.0029657999984920025,1.0
1.0,0.35714285714285715,0.0,5,14,5000,0.55,242,hoeffding,0.001973300000827294,1.0
1.0,0.5714285714285714,0.0,8,14,5000,0.55,242,holm,0.0007148999939090572,
1.0,0.6428571428571429,0.0,9,14,5000,0.55,243,pointwise,0.0014891999962856062,1.0
1.0,0.5714285714285714,0.0,8,14,5000,0.55,243,normal_bonferroni,0.0014383000016096048,1.0
1.0,0.5714285714285714,0.0,8,14,5000,0.55,243,multiplier,0.006779000003007241,1.0
1.0,0.5714285714285714,0.0,8,14,5000,0.55,243,exact_bonferroni,0.00205650000134483,1.0
1.0,0.35714285714285715,0.0,5,14,5000,0.55,243,hoeffding,0.0010743000020738691,1.0
1.0,0.5714285714285714,0.0,8,14,5000,0.55,243,holm,0.0007159000015235506,
1.0,0.7857142857142857,0.0,11,14,5000,0.55,244,pointwise,0.0030264999950304627,1.0
1.0,0.6428571428571429,0.0,9,14,5000,0.55,244,normal_bonferroni,0.003417800005991012,1.0
1.0,0.6428571428571429,0.0,9,14,5000,0.55,244,multiplier,0.009191599994665012,1.0
1.0,0.6428571428571429,0.0,9,14,5000,0.55,244,exact_bonferroni,0.0035618000038084574,1.0
1.0,0.5,0.0,7,14,5000,0.55,244,hoeffding,0.002309799994691275,1.0
1.0,0.6428571428571429,0.0,9,14,5000,0.55,244,holm,0.0008680999962962233,
1.0,0.6428571428571429,0.0,9,14,5000,0.55,245,pointwise,0.0016267000028165057,1.0
1.0,0.5714285714285714,0.0,8,14,5000,0.55,245,normal_bonferroni,0.001470099996367935,1.0
1.0,0.5714285714285714,0.0,8,14,5000,0.55,245,multiplier,0.007853400005842559,1.0
1.0,0.5714285714285714,0.0,8,14,5000,0.55,245,exact_bonferroni,0.0020626999976229854,1.0
1.0,0.5714285714285714,0.0,8,14,5000,0.55,245,hoeffding,0.0014418999999179505,1.0
1.0,0.5714285714285714,0.0,8,14,5000,0.55,245,holm,0.0008378999991691671,
1.0,0.6428571428571429,0.0,9,14,5000,0.55,246,pointwise,0.0031183999963104725,1.0
1.0,0.5714285714285714,0.0,8,14,5000,0.55,246,normal_bonferroni,0.0028527000031317584,1.0
1.0,0.5714285714285714,0.0,8,14,5000,0.55,246,multiplier,0.006957300000067335,1.0
1.0,0.5,0.0,7,14,5000,0.55,246,exact_bonferroni,0.004121000005397946,1.0
1.0,0.35714285714285715,0.0,5,14,5000,0.55,246,hoeffding,0.0025576000043656677,1.0
1.0,0.5714285714285714,0.0,8,14,5000,0.55,246,holm,0.0008765000020503066,
1.0,0.8571428571428571,0.0,12,14,5000,0.55,247,pointwise,0.0016928999975789338,0.0
1.0,0.6428571428571429,0.0,9,14,5000,0.55,247,normal_bonferroni,0.0015258999992511235,1.0
1.0,0.6428571428571429,0.0,9,14,5000,0.55,247,multiplier,0.006796900001063477,1.0
1.0,0.6428571428571429,0.0,9,14,5000,0.55,247,exact_bonferroni,0.0026741000037873164,1.0
1.0,0.5,0.0,7,14,5000,0.55,247,hoeffding,0.000796499996795319,1.0
1.0,0.6428571428571429,0.0,9,14,5000,0.55,247,holm,0.00045110000064596534,
1.0,0.7142857142857143,0.0,10,14,5000,0.55,248,pointwise,0.002620699997351039,0.0
1.0,0.6428571428571429,0.0,9,14,5000,0.55,248,normal_bonferroni,0.0019342000014148653,1.0
1.0,0.6428571428571429,0.0,9,14,5000,0.55,248,multiplier,0.008478299998387229,1.0
1.0,0.6428571428571429,0.0,9,14,5000,0.55,248,exact_bonferroni,0.003386699994734954,1.0
1.0,0.5714285714285714,0.0,8,14,5000,0.55,248,hoeffding,0.001304999997955747,1.0
1.0,0.6428571428571429,0.0,9,14,5000,0.55,248,holm,0.0006165999948279932,
1.0,0.9285714285714286,0.0,13,14,5000,0.55,249,pointwise,0.0018358999950578436,0.0
1.0,0.6428571428571429,0.0,9,14,5000,0.55,249,normal_bonferroni,0.0016541000004508533,0.0
1.0,0.6428571428571429,0.0,9,14,5000,0.55,249,multiplier,0.007455899998603854,0.0
1.0,0.5714285714285714,0.0,8,14,5000,0.55,249,exact_bonferroni,0.002449500003422145,0.0
1.0,0.5714285714285714,0.0,8,14,5000,0.55,249,hoeffding,0.0014350999990710989,1.0
1.0,0.6428571428571429,0.0,9,14,5000,0.55,249,holm,0.0007948000056785531,
1.0,0.7142857142857143,0.0,10,14,5000,0.55,250,pointwise,0.0026981999981217086,0.0
1.0,0.5714285714285714,0.0,8,14,5000,0.55,250,normal_bonferroni,0.0025521999996271916,1.0
1.0,0.5714285714285714,0.0,8,14,5000,0.55,250,multiplier,0.008710200003406499,1.0
1.0,0.5714285714285714,0.0,8,14,5000,0.55,250,exact_bonferroni,0.003523699997458607,1.0
1.0,0.42857142857142855,0.0,6,14,5000,0.55,250,hoeffding,0.0022552999944309704,1.0
1.0,0.5714285714285714,0.0,8,14,5000,0.55,250,holm,0.0008617000057711266,
1.0,0.8571428571428571,0.0,12,14,5000,0.55,251,pointwise,0.0021228999976301566,0.0
1.0,0.7142857142857143,0.0,10,14,5000,0.55,251,normal_bonferroni,0.0018024000019067898,1.0
1.0,0.7142857142857143,0.0,10,14,5000,0.55,251,multiplier,0.008009500001207925,1.0
1.0,0.7142857142857143,0.0,10,14,5000,0.55,251,exact_bonferroni,0.00294690000009723,1.0
1.0,0.5,0.0,7,14,5000,0.55,251,hoeffding,0.0012337000007391907,1.0
1.0,0.7142857142857143,0.0,10,14,5000,0.55,251,holm,0.0008484999998472631,
1.0,0.7857142857142857,0.0,11,14,5000,0.55,252,pointwise,0.0026363000069977716,0.0
1.0,0.5714285714285714,0.0,8,14,5000,0.55,252,normal_bonferroni,0.0025693999996292405,1.0
1.0,0.5714285714285714,0.0,8,14,5000,0.55,252,multiplier,0.007498200000554789,1.0
1.0,0.5714285714285714,0.0,8,14,5000,0.55,252,exact_bonferroni,0.0032446000041090883,1.0
1.0,0.5714285714285714,0.0,8,14,5000,0.55,252,hoeffding,0.002144900005077943,1.0
1.0,0.5714285714285714,0.0,8,14,5000,0.55,252,holm,0.000855400001455564,
1.0,0.7142857142857143,0.0,10,14,5000,0.55,253,pointwise,0.0017291999974986538,0.0
1.0,0.6428571428571429,0.0,9,14,5000,0.55,253,normal_bonferroni,0.001625099997909274,1.0
1.0,0.6428571428571429,0.0,9,14,5000,0.55,253,multiplier,0.007641099997272249,1.0
1.0,0.6428571428571429,0.0,9,14,5000,0.55,253,exact_bonferroni,0.0025460999968345277,1.0
1.0,0.42857142857142855,0.0,6,14,5000,0.55,253,hoeffding,0.0012530000021797605,1.0
1.0,0.6428571428571429,0.0,9,14,5000,0.55,253,holm,0.0005993000013404526,
1.0,0.7857142857142857,0.0,11,14,5000,0.55,254,pointwise,0.0025921999986167066,0.0
1.0,0.6428571428571429,0.0,9,14,5000,0.55,254,normal_bonferroni,0.002446400001645088,1.0
1.0,0.6428571428571429,0.0,9,14,5000,0.55,254,multiplier,0.0069735999932163395,1.0
1.0,0.6428571428571429,0.0,9,14,5000,0.55,254,exact_bonferroni,0.003089800004090648,1.0
1.0,0.5714285714285714,0.0,8,14,5000,0.55,254,hoeffding,0.001916900000651367,1.0
1.0,0.6428571428571429,0.0,9,14,5000,0.55,254,holm,0.0007706000033067539,
1.0,0.6428571428571429,0.0,9,14,5000,0.55,255,pointwise,0.0014327000026241876,1.0
1.0,0.6428571428571429,0.0,9,14,5000,0.55,255,normal_bonferroni,0.0014478000011877157,1.0
1.0,0.6428571428571429,0.0,9,14,5000,0.55,255,multiplier,0.007078999995428603,1.0
1.0,0.6428571428571429,0.0,9,14,5000,0.55,255,exact_bonferroni,0.002213100000517443,1.0
1.0,0.42857142857142855,0.0,6,14,5000,0.55,255,hoeffding,0.0011071000044466928,1.0
1.0,0.6428571428571429,0.0,9,14,5000,0.55,255,holm,0.0008080999978119507,
0.0,0.7142857142857143,0.09090909090909091,11,14,5000,0.55,256,pointwise,0.002311500000359956,0.0
1.0,0.5714285714285714,0.0,8,14,5000,0.55,256,normal_bonferroni,0.0018415000013192184,0.0
1.0,0.5714285714285714,0.0,8,14,5000,0.55,256,multiplier,0.007451999998011161,0.0
1.0,0.5714285714285714,0.0,8,14,5000,0.55,256,exact_bonferroni,0.0032399999981862493,0.0
1.0,0.5714285714285714,0.0,8,14,5000,0.55,256,hoeffding,0.0023300999964703806,1.0
1.0,0.5714285714285714,0.0,8,14,5000,0.55,256,holm,0.0009330000029876828,
1.0,0.7857142857142857,0.0,11,14,5000,0.55,257,pointwise,0.001877700000477489,1.0
1.0,0.6428571428571429,0.0,9,14,5000,0.55,257,normal_bonferroni,0.0015525999988312833,1.0
1.0,0.6428571428571429,0.0,9,14,5000,0.55,257,multiplier,0.0070727999991504475,1.0
1.0,0.6428571428571429,0.0,9,14,5000,0.55,257,exact_bonferroni,0.002205000004323665,1.0
1.0,0.35714285714285715,0.0,5,14,5000,0.55,257,hoeffding,0.0012258999995538034,1.0
1.0,0.6428571428571429,0.0,9,14,5000,0.55,257,holm,0.0007463000001735054,
0.0,0.9285714285714286,0.07142857142857142,14,14,5000,0.55,258,pointwise,0.0026969000027747825,0.0
1.0,0.7857142857142857,0.0,11,14,5000,0.55,258,normal_bonferroni,0.002551300000050105,1.0
1.0,0.7857142857142857,0.0,11,14,5000,0.55,258,multiplier,0.007878900003561284,1.0
1.0,0.7857142857142857,0.0,11,14,5000,0.55,258,exact_bonferroni,0.003560299999662675,1.0
1.0,0.7142857142857143,0.0,10,14,5000,0.55,258,hoeffding,0.0019463999997242354,1.0
1.0,0.7857142857142857,0.0,11,14,5000,0.55,258,holm,0.000822000001790002,
1.0,0.7142857142857143,0.0,10,14,5000,0.55,259,pointwise,0.0015514999977312982,1.0
1.0,0.5714285714285714,0.0,8,14,5000,0.55,259,normal_bonferroni,0.0014164999956847169,1.0
1.0,0.5714285714285714,0.0,8,14,5000,0.55,259,multiplier,0.0068538999985321425,1.0
1.0,0.5714285714285714,0.0,8,14,5000,0.55,259,exact_bonferroni,0.002774900000076741,1.0
1.0,0.42857142857142855,0.0,6,14,5000,0.55,259,hoeffding,0.0011972000065725297,1.0
1.0,0.5714285714285714,0.0,8,14,5000,0.55,259,holm,0.000723099998140242,
1.0,0.5714285714285714,0.0,8,14,5000,0.55,260,pointwise,0.0029032999955234118,0.0
1.0,0.5,0.0,7,14,5000,0.55,260,normal_bonferroni,0.003108500000962522,1.0
1.0,0.5,0.0,7,14,5000,0.55,260,multiplier,0.0075637999980244786,1.0
1.0,0.5,0.0,7,14,5000,0.55,260,exact_bonferroni,0.0033159999948111363,1.0
1.0,0.35714285714285715,0.0,5,14,5000,0.55,260,hoeffding,0.0023595000020577572,1.0
1.0,0.5,0.0,7,14,5000,0.55,260,holm,0.0007642000055056997,
1.0,0.5714285714285714,0.0,8,14,5000,0.55,261,pointwise,0.001557600000523962,1.0
1.0,0.42857142857142855,0.0,6,14,5000,0.55,261,normal_bonferroni,0.0014134999946691096,1.0
1.0,0.42857142857142855,0.0,6,14,5000,0.55,261,multiplier,0.0050688999981503,1.0
1.0,0.42857142857142855,0.0,6,14,5000,0.55,261,exact_bonferroni,0.0021436000024550594,1.0
1.0,0.35714285714285715,0.0,5,14,5000,0.55,261,hoeffding,0.0010548000063863583,1.0
1.0,0.42857142857142855,0.0,6,14,5000,0.55,261,holm,0.0012266000048839487,
1.0,0.7857142857142857,0.0,11,14,5000,0.55,262,pointwise,0.0019563000023481436,0.0
1.0,0.6428571428571429,0.0,9,14,5000,0.55,262,normal_bonferroni,0.0026743999987957068,1.0
1.0,0.6428571428571429,0.0,9,14,5000,0.55,262,multiplier,0.007196799997473136,1.0
1.0,0.6428571428571429,0.0,9,14,5000,0.55,262,exact_bonferroni,0.002870699994673487,1.0
1.0,0.5,0.0,7,14,5000,0.55,262,hoeffding,0.002356999997573439,1.0
1.0,0.6428571428571429,0.0,9,14,5000,0.55,262,holm,0.0007814999989932403,
1.0,0.7142857142857143,0.0,10,14,5000,0.55,263,pointwise,0.0007775999984005466,1.0
1.0,0.5714285714285714,0.0,8,14,5000,0.55,263,normal_bonferroni,0.0009777999948710203,1.0
1.0,0.5714285714285714,0.0,8,14,5000,0.55,263,multiplier,0.006074600001738872,1.0
1.0,0.5714285714285714,0.0,8,14,5000,0.55,263,exact_bonferroni,0.002057300000160467,1.0
1.0,0.5,0.0,7,14,5000,0.55,263,hoeffding,0.0010275000022375025,1.0
1.0,0.5714285714285714,0.0,8,14,5000,0.55,263,holm,0.000708199993823655,
1.0,0.7857142857142857,0.0,11,14,5000,0.55,264,pointwise,0.00270019999879878,1.0
1.0,0.5,0.0,7,14,5000,0.55,264,normal_bonferroni,0.002648000001499895,1.0
1.0,0.5714285714285714,0.0,8,14,5000,0.55,264,multiplier,0.008071700001892168,1.0
1.0,0.5,0.0,7,14,5000,0.55,264,exact_bonferroni,0.00320099999953527,1.0
1.0,0.35714285714285715,0.0,5,14,5000,0.55,264,hoeffding,0.00230349999765167,1.0
1.0,0.5,0.0,7,14,5000,0.55,264,holm,0.0006959000020287931,
1.0,0.7857142857142857,0.0,11,14,5000,0.55,265,pointwise,0.0013767000054940581,0.0
1.0,0.6428571428571429,0.0,9,14,5000,0.55,265,normal_bonferroni,0.0014501000041491352,1.0
1.0,0.6428571428571429,0.0,9,14,5000,0.55,265,multiplier,0.00532750000274973,0.0
1.0,0.6428571428571429,0.0,9,14,5000,0.55,265,exact_bonferroni,0.00140530000498984,1.0
1.0,0.5714285714285714,0.0,8,14,5000,0.55,265,hoeffding,0.0008622999957879074,1.0
1.0,0.6428571428571429,0.0,9,14,5000,0.55,265,holm,0.0007077000045683235,
1.0,0.7857142857142857,0.0,11,14,5000,0.55,266,pointwise,0.001934100000653416,0.0
1.0,0.6428571428571429,0.0,9,14,5000,0.55,266,normal_bonferroni,0.0023135000010370277,1.0
1.0,0.6428571428571429,0.0,9,14,5000,0.55,266,multiplier,0.008012700003746431,1.0
1.0,0.5714285714285714,0.0,8,14,5000,0.55,266,exact_bonferroni,0.0023610999996890314,1.0
1.0,0.42857142857142855,0.0,6,14,5000,0.55,266,hoeffding,0.0019465000004856847,1.0
1.0,0.6428571428571429,0.0,9,14,5000,0.55,266,holm,0.0007681999995838851,
1.0,0.7857142857142857,0.0,11,14,5000,0.55,267,pointwise,0.0017818999986047857,1.0
1.0,0.5714285714285714,0.0,8,14,5000,0.55,267,normal_bonferroni,0.0016851999971549958,1.0
1.0,0.5714285714285714,0.0,8,14,5000,0.55,267,multiplier,0.00637540000025183,1.0
1.0,0.5714285714285714,0.0,8,14,5000,0.55,267,exact_bonferroni,0.002026100002694875,1.0
1.0,0.35714285714285715,0.0,5,14,5000,0.55,267,hoeffding,0.001051699997333344,1.0
1.0,0.5714285714285714,0.0,8,14,5000,0.55,267,holm,0.0006914999976288527,
1.0,0.7142857142857143,0.0,10,14,5000,0.55,268,pointwise,0.002267500000016298,1.0
1.0,0.42857142857142855,0.0,6,14,5000,0.55,268,normal_bonferroni,0.002377000004344154,1.0
1.0,0.42857142857142855,0.0,6,14,5000,0.55,268,multiplier,0.007319600001210347,1.0
1.0,0.42857142857142855,0.0,6,14,5000,0.55,268,exact_bonferroni,0.002435200003674254,1.0
1.0,0.42857142857142855,0.0,6,14,5000,0.55,268,hoeffding,0.002042200001596939,1.0
1.0,0.42857142857142855,0.0,6,14,5000,0.55,268,holm,0.0013371999957598746,
1.0,0.7142857142857143,0.0,10,14,5000,0.55,269,pointwise,0.0013992000021971762,1.0
1.0,0.6428571428571429,0.0,9,14,5000,0.55,269,normal_bonferroni,0.0013752999948337674,1.0
1.0,0.6428571428571429,0.0,9,14,5000,0.55,269,multiplier,0.005870100001629908,1.0
1.0,0.6428571428571429,0.0,9,14,5000,0.55,269,exact_bonferroni,0.0020747000016854145,1.0
1.0,0.5714285714285714,0.0,8,14,5000,0.55,269,hoeffding,0.0011412999956519343,1.0
1.0,0.6428571428571429,0.0,9,14,5000,0.55,269,holm,0.000712799999746494,
1.0,0.7857142857142857,0.0,11,14,5000,0.55,270,pointwise,0.002370199996221345,0.0
1.0,0.7142857142857143,0.0,10,14,5000,0.55,270,normal_bonferroni,0.002530300000216812,1.0
1.0,0.7142857142857143,0.0,10,14,5000,0.55,270,multiplier,0.00810809999529738,1.0
1.0,0.7142857142857143,0.0,10,14,5000,0.55,270,exact_bonferroni,0.003197600002749823,1.0
1.0,0.5714285714285714,0.0,8,14,5000,0.55,270,hoeffding,0.002111100002366584,1.0
1.0,0.7142857142857143,0.0,10,14,5000,0.55,270,holm,0.0007218000027933158,
1.0,0.7142857142857143,0.0,10,14,5000,0.55,271,pointwise,0.0014984000008553267,0.0
1.0,0.6428571428571429,0.0,9,14,5000,0.55,271,normal_bonferroni,0.0014181000005919486,1.0
1.0,0.6428571428571429,0.0,9,14,5000,0.55,271,multiplier,0.006964200001675636,1.0
1.0,0.6428571428571429,0.0,9,14,5000,0.55,271,exact_bonferroni,0.0021026000031270087,1.0
1.0,0.5714285714285714,0.0,8,14,5000,0.55,271,hoeffding,0.0013848999951733276,1.0
1.0,0.6428571428571429,0.0,9,14,5000,0.55,271,holm,0.00047930000437190756,
1.0,0.6428571428571429,0.0,9,14,5000,0.55,272,pointwise,0.0027196000010007992,1.0
1.0,0.5714285714285714,0.0,8,14,5000,0.55,272,normal_bonferroni,0.002632400006405078,1.0
1.0,0.5714285714285714,0.0,8,14,5000,0.55,272,multiplier,0.007589400003780611,1.0
1.0,0.5714285714285714,0.0,8,14,5000,0.55,272,exact_bonferroni,0.003381700000318233,1.0
1.0,0.42857142857142855,0.0,6,14,5000,0.55,272,hoeffding,0.00218719999975292,1.0
1.0,0.5714285714285714,0.0,8,14,5000,0.55,272,holm,0.0007000999976298772,
1.0,0.7142857142857143,0.0,10,14,5000,0.55,273,pointwise,0.001988399999390822,0.0
1.0,0.6428571428571429,0.0,9,14,5000,0.55,273,normal_bonferroni,0.0015606000015395693,1.0
1.0,0.6428571428571429,0.0,9,14,5000,0.55,273,multiplier,0.007145199997466989,1.0
1.0,0.6428571428571429,0.0,9,14,5000,0.55,273,exact_bonferroni,0.002030100004049018,1.0
1.0,0.5,0.0,7,14,5000,0.55,273,hoeffding,0.0006716000061715022,1.0
1.0,0.6428571428571429,0.0,9,14,5000,0.55,273,holm,0.0004965999978594482,
1.0,0.7142857142857143,0.0,10,14,5000,0.55,274,pointwise,0.0029433000017888844,1.0
1.0,0.5714285714285714,0.0,8,14,5000,0.55,274,normal_bonferroni,0.003005000005941838,1.0
1.0,0.5714285714285714,0.0,8,14,5000,0.55,274,multiplier,0.01009630000044126,1.0
1.0,0.5714285714285714,0.0,8,14,5000,0.55,274,exact_bonferroni,0.004090299997187685,1.0
1.0,0.42857142857142855,0.0,6,14,5000,0.55,274,hoeffding,0.004437499999767169,1.0
1.0,0.5714285714285714,0.0,8,14,5000,0.55,274,holm,0.0008712000053492375,
1.0,0.6428571428571429,0.0,9,14,5000,0.55,275,pointwise,0.0016284000012092292,1.0
1.0,0.5,0.0,7,14,5000,0.55,275,normal_bonferroni,0.0011513999997987412,1.0
1.0,0.5714285714285714,0.0,8,14,5000,0.55,275,multiplier,0.0072589000046718866,1.0
1.0,0.5,0.0,7,14,5000,0.55,275,exact_bonferroni,0.002718700001423713,1.0
1.0,0.42857142857142855,0.0,6,14,5000,0.55,275,hoeffding,0.0013214999999036081,1.0
1.0,0.5,0.0,7,14,5000,0.55,275,holm,0.0007685999953537248,
1.0,0.6428571428571429,0.0,9,14,5000,0.55,276,pointwise,0.002676600000995677,1.0
1.0,0.5714285714285714,0.0,8,14,5000,0.55,276,normal_bonferroni,0.002605100002256222,1.0
1.0,0.5714285714285714,0.0,8,14,5000,0.55,276,multiplier,0.00848000000405591,1.0
1.0,0.5714285714285714,0.0,8,14,5000,0.55,276,exact_bonferroni,0.0038034000026527792,1.0
1.0,0.5,0.0,7,14,5000,0.55,276,hoeffding,0.002199599999585189,1.0
1.0,0.5714285714285714,0.0,8,14,5000,0.55,276,holm,0.0007047000035527162,
1.0,0.7142857142857143,0.0,10,14,5000,0.55,277,pointwise,0.0016124999965541065,0.0
1.0,0.6428571428571429,0.0,9,14,5000,0.55,277,normal_bonferroni,0.001441000000340864,1.0
1.0,0.6428571428571429,0.0,9,14,5000,0.55,277,multiplier,0.006910900003276765,1.0
1.0,0.6428571428571429,0.0,9,14,5000,0.55,277,exact_bonferroni,0.0028873999981442466,1.0
1.0,0.5714285714285714,0.0,8,14,5000,0.55,277,hoeffding,0.0012047999989590608,1.0
1.0,0.6428571428571429,0.0,9,14,5000,0.55,277,holm,0.0007664000004297122,
1.0,0.7142857142857143,0.0,10,14,5000,0.55,278,pointwise,0.0026754000064102,1.0
1.0,0.6428571428571429,0.0,9,14,5000,0.55,278,normal_bonferroni,0.002493399995728396,1.0
1.0,0.6428571428571429,0.0,9,14,5000,0.55,278,multiplier,0.008219500006816816,1.0
1.0,0.6428571428571429,0.0,9,14,5000,0.55,278,exact_bonferroni,0.0037239000012050383,1.0
1.0,0.5,0.0,7,14,5000,0.55,278,hoeffding,0.0027418999961810187,1.0
1.0,0.6428571428571429,0.0,9,14,5000,0.55,278,holm,0.000977800002146978,
1.0,0.7857142857142857,0.0,11,14,5000,0.55,279,pointwise,0.0018565999998827465,1.0
1.0,0.6428571428571429,0.0,9,14,5000,0.55,279,normal_bonferroni,0.0015463000017916784,1.0
1.0,0.6428571428571429,0.0,9,14,5000,0.55,279,multiplier,0.007861599995521829,1.0
1.0,0.6428571428571429,0.0,9,14,5000,0.55,279,exact_bonferroni,0.002260900000692345,1.0
1.0,0.6428571428571429,0.0,9,14,5000,0.55,279,hoeffding,0.0012920000008307397,1.0
1.0,0.6428571428571429,0.0,9,14,5000,0.55,279,holm,0.0010330000004614703,
1.0,0.6428571428571429,0.0,9,14,5000,0.55,280,pointwise,0.0027213000066694804,1.0
1.0,0.6428571428571429,0.0,9,14,5000,0.55,280,normal_bonferroni,0.00275800000235904,1.0
1.0,0.6428571428571429,0.0,9,14,5000,0.55,280,multiplier,0.008097899997665081,1.0
1.0,0.6428571428571429,0.0,9,14,5000,0.55,280,exact_bonferroni,0.003700199995364528,1.0
1.0,0.5714285714285714,0.0,8,14,5000,0.55,280,hoeffding,0.002350200004002545,1.0
1.0,0.6428571428571429,0.0,9,14,5000,0.55,280,holm,0.0007643999997526407,
1.0,0.7142857142857143,0.0,10,14,5000,0.55,281,pointwise,0.0015801000045030378,0.0
1.0,0.5714285714285714,0.0,8,14,5000,0.55,281,normal_bonferroni,0.0014200000005075708,1.0
1.0,0.6428571428571429,0.0,9,14,5000,0.55,281,multiplier,0.006985600004554726,1.0
1.0,0.5714285714285714,0.0,8,14,5000,0.55,281,exact_bonferroni,0.002389599998423364,1.0
1.0,0.5714285714285714,0.0,8,14,5000,0.55,281,hoeffding,0.001166699999885168,1.0
1.0,0.6428571428571429,0.0,9,14,5000,0.55,281,holm,0.0005075000008218922,
1.0,0.7142857142857143,0.0,10,14,5000,0.55,282,pointwise,0.0030478999979095533,1.0
1.0,0.5,0.0,7,14,5000,0.55,282,normal_bonferroni,0.0024778000006335787,1.0
1.0,0.5,0.0,7,14,5000,0.55,282,multiplier,0.00877300000138348,1.0
1.0,0.5,0.0,7,14,5000,0.55,282,exact_bonferroni,0.003717699997650925,1.0
1.0,0.5,0.0,7,14,5000,0.55,282,hoeffding,0.0023127999957068823,1.0
1.0,0.5,0.0,7,14,5000,0.55,282,holm,0.0007555999982287176,
1.0,0.7857142857142857,0.0,11,14,5000,0.55,283,pointwise,0.001639699999941513,1.0
1.0,0.5,0.0,7,14,5000,0.55,283,normal_bonferroni,0.001745399997162167,1.0
1.0,0.5,0.0,7,14,5000,0.55,283,multiplier,0.005896700000448618,1.0
1.0,0.5,0.0,7,14,5000,0.55,283,exact_bonferroni,0.0015150000035646372,1.0
1.0,0.42857142857142855,0.0,6,14,5000,0.55,283,hoeffding,0.00075970000034431,1.0
1.0,0.5,0.0,7,14,5000,0.55,283,holm,0.0007002999991527759,
1.0,0.6428571428571429,0.0,9,14,5000,0.55,284,pointwise,0.002911900002800394,1.0
1.0,0.6428571428571429,0.0,9,14,5000,0.55,284,normal_bonferroni,0.0026864999963436276,1.0
1.0,0.6428571428571429,0.0,9,14,5000,0.55,284,multiplier,0.00807360000180779,1.0
1.0,0.6428571428571429,0.0,9,14,5000,0.55,284,exact_bonferroni,0.0033655000006547198,1.0
1.0,0.5,0.0,7,14,5000,0.55,284,hoeffding,0.0029782999990857206,1.0
1.0,0.6428571428571429,0.0,9,14,5000,0.55,284,holm,0.0009270000009564683,
1.0,0.7857142857142857,0.0,11,14,5000,0.55,285,pointwise,0.0018924999967566691,0.0
1.0,0.6428571428571429,0.0,9,14,5000,0.55,285,normal_bonferroni,0.0016579000002820976,1.0
1.0,0.6428571428571429,0.0,9,14,5000,0.55,285,multiplier,0.007828399997379165,1.0
1.0,0.6428571428571429,0.0,9,14,5000,0.55,285,exact_bonferroni,0.0021316999991540797,1.0
1.0,0.5714285714285714,0.0,8,14,5000,0.55,285,hoeffding,0.0008683999985805713,1.0
1.0,0.6428571428571429,0.0,9,14,5000,0.55,285,holm,0.0007826000000932254,
1.0,0.7857142857142857,0.0,11,14,5000,0.55,286,pointwise,0.0025861000031000003,0.0
1.0,0.5714285714285714,0.0,8,14,5000,0.55,286,normal_bonferroni,0.0025097999969148077,1.0
1.0,0.7142857142857143,0.0,10,14,5000,0.55,286,multiplier,0.0073272000008728355,1.0
1.0,0.5714285714285714,0.0,8,14,5000,0.55,286,exact_bonferroni,0.003282300000137184,1.0
1.0,0.42857142857142855,0.0,6,14,5000,0.55,286,hoeffding,0.002053100004559383,1.0
1.0,0.7142857142857143,0.0,10,14,5000,0.55,286,holm,0.0009560999969835393,
1.0,0.6428571428571429,0.0,9,14,5000,0.55,287,pointwise,0.0017222000024048612,1.0
1.0,0.5714285714285714,0.0,8,14,5000,0.55,287,normal_bonferroni,0.0015809999968041666,1.0
1.0,0.5714285714285714,0.0,8,14,5000,0.55,287,multiplier,0.007316999995964579,1.0
1.0,0.5714285714285714,0.0,8,14,5000,0.55,287,exact_bonferroni,0.002548099997511599,1.0
1.0,0.5714285714285714,0.0,8,14,5000,0.55,287,hoeffding,0.0011794000020017847,1.0
1.0,0.5714285714285714,0.0,8,14,5000,0.55,287,holm,0.000753700005589053,
1.0,0.7142857142857143,0.0,10,14,5000,0.55,288,pointwise,0.002866599999833852,1.0
1.0,0.5714285714285714,0.0,8,14,5000,0.55,288,normal_bonferroni,0.0028765000024577603,1.0
1.0,0.5714285714285714,0.0,8,14,5000,0.55,288,multiplier,0.008128900000883732,1.0
1.0,0.5714285714285714,0.0,8,14,5000,0.55,288,exact_bonferroni,0.003199899998435285,1.0
1.0,0.5,0.0,7,14,5000,0.55,288,hoeffding,0.0023068000009516254,1.0
1.0,0.5714285714285714,0.0,8,14,5000,0.55,288,holm,0.0007502000007661991,
1.0,0.7857142857142857,0.0,11,14,5000,0.55,289,pointwise,0.0013430999970296398,0.0
1.0,0.5714285714285714,0.0,8,14,5000,0.55,289,normal_bonferroni,0.0013890999980503693,1.0
1.0,0.5714285714285714,0.0,8,14,5000,0.55,289,multiplier,0.00750030000199331,1.0
1.0,0.5714285714285714,0.0,8,14,5000,0.55,289,exact_bonferroni,0.002389599998423364,1.0
1.0,0.5714285714285714,0.0,8,14,5000,0.55,289,hoeffding,0.0010930999997071922,1.0
1.0,0.5714285714285714,0.0,8,14,5000,0.55,289,holm,0.0007134999978006817,
1.0,0.5714285714285714,0.0,8,14,5000,0.55,290,pointwise,0.002835100000083912,1.0
1.0,0.5,0.0,7,14,5000,0.55,290,normal_bonferroni,0.002623599997605197,1.0
1.0,0.5,0.0,7,14,5000,0.55,290,multiplier,0.008467899999232031,1.0
1.0,0.5,0.0,7,14,5000,0.55,290,exact_bonferroni,0.003422999994654674,1.0
1.0,0.5,0.0,7,14,5000,0.55,290,hoeffding,0.00248979999742005,1.0
1.0,0.5,0.0,7,14,5000,0.55,290,holm,0.0008044999995036051,
1.0,0.7857142857142857,0.0,11,14,5000,0.55,291,pointwise,0.001498800003901124,1.0
1.0,0.5714285714285714,0.0,8,14,5000,0.55,291,normal_bonferroni,0.0014436999990721233,1.0
1.0,0.6428571428571429,0.0,9,14,5000,0.55,291,multiplier,0.006678099998680409,1.0
1.0,0.5714285714285714,0.0,8,14,5000,0.55,291,exact_bonferroni,0.002019500003370922,1.0
1.0,0.5,0.0,7,14,5000,0.55,291,hoeffding,0.0010594000050332397,1.0
1.0,0.6428571428571429,0.0,9,14,5000,0.55,291,holm,0.0006759000025340356,
1.0,0.7142857142857143,0.0,10,14,5000,0.55,292,pointwise,0.0026342000055592507,0.0
1.0,0.5714285714285714,0.0,8,14,5000,0.55,292,normal_bonferroni,0.0023940000028233044,1.0
1.0,0.5714285714285714,0.0,8,14,5000,0.55,292,multiplier,0.008339100000739563,1.0
1.0,0.5714285714285714,0.0,8,14,5000,0.55,292,exact_bonferroni,0.00348400000075344,1.0
1.0,0.42857142857142855,0.0,6,14,5000,0.55,292,hoeffding,0.0024402999988524243,1.0
1.0,0.5714285714285714,0.0,8,14,5000,0.55,292,holm,0.0009504999979981221,
1.0,0.7142857142857143,0.0,10,14,5000,0.55,293,pointwise,0.0015144999997573905,1.0
1.0,0.6428571428571429,0.0,9,14,5000,0.55,293,normal_bonferroni,0.0013785999981337227,1.0
1.0,0.6428571428571429,0.0,9,14,5000,0.55,293,multiplier,0.006451300003391225,1.0
1.0,0.6428571428571429,0.0,9,14,5000,0.55,293,exact_bonferroni,0.002621999999973923,1.0
1.0,0.5,0.0,7,14,5000,0.55,293,hoeffding,0.0012384000001475215,1.0
1.0,0.6428571428571429,0.0,9,14,5000,0.55,293,holm,0.000741399999242276,
1.0,0.7142857142857143,0.0,10,14,5000,0.55,294,pointwise,0.0030731000006198883,0.0
1.0,0.5714285714285714,0.0,8,14,5000,0.55,294,normal_bonferroni,0.0026877999989665113,1.0
1.0,0.5714285714285714,0.0,8,14,5000,0.55,294,multiplier,0.008859699999447912,1.0
1.0,0.5714285714285714,0.0,8,14,5000,0.55,294,exact_bonferroni,0.0031967000031727366,1.0
1.0,0.42857142857142855,0.0,6,14,5000,0.55,294,hoeffding,0.0023117999953683466,1.0
1.0,0.5714285714285714,0.0,8,14,5000,0.55,294,holm,0.0007689999983995222,
1.0,0.8571428571428571,0.0,12,14,5000,0.55,295,pointwise,0.0018096999992849305,0.0
1.0,0.6428571428571429,0.0,9,14,5000,0.55,295,normal_bonferroni,0.0013834999990649521,1.0
1.0,0.7142857142857143,0.0,10,14,5000,0.55,295,multiplier,0.006049299998267088,1.0
1.0,0.6428571428571429,0.0,9,14,5000,0.55,295,exact_bonferroni,0.001865199999883771,1.0
1.0,0.6428571428571429,0.0,9,14,5000,0.55,295,hoeffding,0.0012161999984527938,1.0
1.0,0.7142857142857143,0.0,10,14,5000,0.55,295,holm,0.0006852000005892478,
1.0,0.7142857142857143,0.0,10,14,5000,0.55,296,pointwise,0.0025613999969209544,1.0
1.0,0.5,0.0,7,14,5000,0.55,296,normal_bonferroni,0.0024997000000439584,1.0
1.0,0.5,0.0,7,14,5000,0.55,296,multiplier,0.00841740000032587,1.0
1.0,0.5,0.0,7,14,5000,0.55,296,exact_bonferroni,0.003717399995366577,1.0
1.0,0.5,0.0,7,14,5000,0.55,296,hoeffding,0.0023016000050120056,1.0
1.0,0.5,0.0,7,14,5000,0.55,296,holm,0.0007441999987349845,
1.0,0.9285714285714286,0.0,13,14,5000,0.55,297,pointwise,0.0017081999976653606,0.0
1.0,0.7142857142857143,0.0,10,14,5000,0.55,297,normal_bonferroni,0.0016933000006247312,1.0
1.0,0.7142857142857143,0.0,10,14,5000,0.55,297,multiplier,0.007538600002590101,1.0
1.0,0.7142857142857143,0.0,10,14,5000,0.55,297,exact_bonferroni,0.001915499997267034,1.0
1.0,0.5714285714285714,0.0,8,14,5000,0.55,297,hoeffding,0.0010382999971625395,1.0
1.0,0.7142857142857143,0.0,10,14,5000,0.55,297,holm,0.0007146999996621162,
1.0,0.7857142857142857,0.0,11,14,5000,0.55,298,pointwise,0.002882300002966076,0.0
1.0,0.6428571428571429,0.0,9,14,5000,0.55,298,normal_bonferroni,0.0030105999976512976,1.0
1.0,0.6428571428571429,0.0,9,14,5000,0.55,298,multiplier,0.007640199997695163,1.0
1.0,0.6428571428571429,0.0,9,14,5000,0.55,298,exact_bonferroni,0.004304599999159109,1.0
1.0,0.5,0.0,7,14,5000,0.55,298,hoeffding,0.002017400001932401,1.0
1.0,0.6428571428571429,0.0,9,14,5000,0.55,298,holm,0.000956600000790786,
1.0,0.8571428571428571,0.0,12,14,5000,0.55,299,pointwise,0.0015751999962958507,0.0
1.0,0.5714285714285714,0.0,8,14,5000,0.55,299,normal_bonferroni,0.0008131000067805871,1.0
1.0,0.6428571428571429,0.0,9,14,5000,0.55,299,multiplier,0.006765400001313537,1.0
1.0,0.5714285714285714,0.0,8,14,5000,0.55,299,exact_bonferroni,0.0021389000030467287,1.0
1.0,0.5,0.0,7,14,5000,0.55,299,hoeffding,0.0010878999964916147,1.0
1.0,0.6428571428571429,0.0,9,14,5000,0.55,299,holm,0.0007220999978017062,
1.0,0.5,0.0,7,14,1000,0.1,0,pointwise,0.0007941000003484078,0.0
1.0,0.21428571428571427,0.0,3,14,1000,0.1,0,normal_bonferroni,0.0006846000032965094,1.0
1.0,0.21428571428571427,0.0,3,14,1000,0.1,0,multiplier,0.0034410000007483177,1.0
1.0,0.14285714285714285,0.0,2,14,1000,0.1,0,exact_bonferroni,0.001040299997839611,1.0
1.0,0.07142857142857142,0.0,1,14,1000,0.1,0,hoeffding,0.00036019999970449135,1.0
1.0,0.14285714285714285,0.0,2,14,1000,0.1,0,holm,0.0005449000018415973,
1.0,0.7857142857142857,0.0,11,14,1000,0.1,1,pointwise,0.0006726999999955297,0.0
1.0,0.35714285714285715,0.0,5,14,1000,0.1,1,normal_bonferroni,0.0006387999965227209,1.0
1.0,0.35714285714285715,0.0,5,14,1000,0.1,1,multiplier,0.0032402999931946397,1.0
1.0,0.35714285714285715,0.0,5,14,1000,0.1,1,exact_bonferroni,0.0008855000050971285,1.0
1.0,0.21428571428571427,0.0,3,14,1000,0.1,1,hoeffding,0.00031379999563796446,1.0
1.0,0.35714285714285715,0.0,5,14,1000,0.1,1,holm,0.0004637000020011328,
1.0,0.42857142857142855,0.0,6,14,1000,0.1,2,pointwise,0.0007024000005912967,1.0
1.0,0.07142857142857142,0.0,1,14,1000,0.1,2,normal_bonferroni,0.000414699999964796,1.0
1.0,0.07142857142857142,0.0,1,14,1000,0.1,2,multiplier,0.0033247999963350594,1.0
1.0,0.07142857142857142,0.0,1,14,1000,0.1,2,exact_bonferroni,0.0007936000038171187,1.0
1.0,0.07142857142857142,0.0,1,14,1000,0.1,2,hoeffding,0.00027889999910257757,1.0
1.0,0.07142857142857142,0.0,1,14,1000,0.1,2,holm,0.0005834000039612874,
1.0,0.5714285714285714,0.0,8,14,1000,0.1,3,pointwise,0.00043880000157514587,1.0
1.0,0.21428571428571427,0.0,3,14,1000,0.1,3,normal_bonferroni,0.0003882000019075349,1.0
1.0,0.21428571428571427,0.0,3,14,1000,0.1,3,multiplier,0.003519199999573175,1.0
1.0,0.21428571428571427,0.0,3,14,1000,0.1,3,exact_bonferroni,0.0010575999986031093,1.0
1.0,0.0,0.0,0,14,1000,0.1,3,hoeffding,0.00022259999968810007,1.0
1.0,0.21428571428571427,0.0,3,14,1000,0.1,3,holm,0.0006376999954227358,
1.0,0.5714285714285714,0.0,8,14,1000,0.1,4,pointwise,0.0006995000003371388,0.0
1.0,0.14285714285714285,0.0,2,14,1000,0.1,4,normal_bonferroni,0.0006456999981310219,1.0
1.0,0.14285714285714285,0.0,2,14,1000,0.1,4,multiplier,0.003489499998977408,1.0
1.0,0.14285714285714285,0.0,2,14,1000,0.1,4,exact_bonferroni,0.0010352000026614405,1.0
1.0,0.14285714285714285,0.0,2,14,1000,0.1,4,hoeffding,0.00035490000300342217,1.0
1.0,0.14285714285714285,0.0,2,14,1000,0.1,4,holm,0.0005250000031082891,
1.0,0.5714285714285714,0.0,8,14,1000,0.1,5,pointwise,0.0007053999943309464,0.0
1.0,0.14285714285714285,0.0,2,14,1000,0.1,5,normal_bonferroni,0.0006572000056621619,1.0
1.0,0.14285714285714285,0.0,2,14,1000,0.1,5,multiplier,0.0033741000006557442,1.0
1.0,0.14285714285714285,0.0,2,14,1000,0.1,5,exact_bonferroni,0.0005803999956697226,1.0
1.0,0.14285714285714285,0.0,2,14,1000,0.1,5,hoeffding,0.00030109999352134764,1.0
1.0,0.14285714285714285,0.0,2,14,1000,0.1,5,holm,0.00029550000181188807,
1.0,0.5714285714285714,0.0,8,14,1000,0.1,6,pointwise,0.0006634000019403175,0.0
1.0,0.2857142857142857,0.0,4,14,1000,0.1,6,normal_bonferroni,0.000640500002191402,1.0
1.0,0.2857142857142857,0.0,4,14,1000,0.1,6,multiplier,0.0032477999993716367,1.0
1.0,0.2857142857142857,0.0,4,14,1000,0.1,6,exact_bonferroni,0.0009508000002824701,1.0
1.0,0.14285714285714285,0.0,2,14,1000,0.1,6,hoeffding,0.0003935999993700534,1.0
1.0,0.2857142857142857,0.0,4,14,1000,0.1,6,holm,0.0005506000015884638,
1.0,0.7142857142857143,0.0,10,14,1000,0.1,7,pointwise,0.0006922999964444898,0.0
1.0,0.2857142857142857,0.0,4,14,1000,0.1,7,normal_bonferroni,0.0006451000008382834,0.0
1.0,0.2857142857142857,0.0,4,14,1000,0.1,7,multiplier,0.0033961000008275732,0.0
1.0,0.2857142857142857,0.0,4,14,1000,0.1,7,exact_bonferroni,0.0009315999996033497,0.0
1.0,0.14285714285714285,0.0,2,14,1000,0.1,7,hoeffding,0.0003578999967430718,0.0
1.0,0.2857142857142857,0.0,4,14,1000,0.1,7,holm,0.00047790000098757446,
1.0,0.42857142857142855,0.0,6,14,1000,0.1,8,pointwise,0.0007326000049943104,0.0
1.0,0.21428571428571427,0.0,3,14,1000,0.1,8,normal_bonferroni,0.0006511999963549897,1.0
1.0,0.21428571428571427,0.0,3,14,1000,0.1,8,multiplier,0.0033148000002256595,1.0
1.0,0.21428571428571427,0.0,3,14,1000,0.1,8,exact_bonferroni,0.0009715999985928647,1.0
1.0,0.07142857142857142,0.0,1,14,1000,0.1,8,hoeffding,0.000338700003339909,1.0
1.0,0.21428571428571427,0.0,3,14,1000,0.1,8,holm,0.00050560000090627,
1.0,0.42857142857142855,0.0,6,14,1000,0.1,9,pointwise,0.0006648999988101423,0.0
1.0,0.35714285714285715,0.0,5,14,1000,0.1,9,normal_bonferroni,0.0006475000045611523,1.0
1.0,0.35714285714285715,0.0,5,14,1000,0.1,9,multiplier,0.00355400000262307,1.0
1.0,0.2857142857142857,0.0,4,14,1000,0.1,9,exact_bonferroni,0.000995199996395968,1.0
1.0,0.21428571428571427,0.0,3,14,1000,0.1,9,hoeffding,0.0003448999996180646,1.0
1.0,0.2857142857142857,0.0,4,14,1000,0.1,9,holm,0.0005232000039541163,
1.0,0.42857142857142855,0.0,6,14,1000,0.1,10,pointwise,0.0006683000028715469,0.0
1.0,0.35714285714285715,0.0,5,14,1000,0.1,10,normal_bonferroni,0.0006303999980445951,1.0
1.0,0.35714285714285715,0.0,5,14,1000,0.1,10,multiplier,0.003314599998702761,1.0
1.0,0.35714285714285715,0.0,5,14,1000,0.1,10,exact_bonferroni,0.0009479000000283122,1.0
1.0,0.21428571428571427,0.0,3,14,1000,0.1,10,hoeffding,0.00035149999894201756,1.0
1.0,0.35714285714285715,0.0,5,14,1000,0.1,10,holm,0.000495000000228174,
0.0,0.6428571428571429,0.1,10,14,1000,0.1,11,pointwise,0.0006505999990622513,0.0
1.0,0.35714285714285715,0.0,5,14,1000,0.1,11,normal_bonferroni,0.0005879000018467195,0.0
1.0,0.35714285714285715,0.0,5,14,1000,0.1,11,multiplier,0.0030991000021458603,0.0
1.0,0.35714285714285715,0.0,5,14,1000,0.1,11,exact_bonferroni,0.0008866999996826053,0.0
1.0,0.21428571428571427,0.0,3,14,1000,0.1,11,hoeffding,0.000334399999701418,1.0
1.0,0.35714285714285715,0.0,5,14,1000,0.1,11,holm,0.00046770000335527584,
1.0,0.5,0.0,7,14,1000,0.1,12,pointwise,0.0006125999934738502,1.0
1.0,0.21428571428571427,0.0,3,14,1000,0.1,12,normal_bonferroni,0.0006031999946571887,1.0
1.0,0.21428571428571427,0.0,3,14,1000,0.1,12,multiplier,0.0029799000039929524,1.0
1.0,0.21428571428571427,0.0,3,14,1000,0.1,12,exact_bonferroni,0.0008502999990014359,1.0
1.0,0.07142857142857142,0.0,1,14,1000,0.1,12,hoeffding,0.0002998999989358708,1.0
1.0,0.21428571428571427,0.0,3,14,1000,0.1,12,holm,0.0004502000010688789,
1.0,0.5,0.0,7,14,1000,0.1,13,pointwise,0.0007591999965370633,0.0
1.0,0.2857142857142857,0.0,4,14,1000,0.1,13,normal_bonferroni,0.0005846000058227219,1.0
1.0,0.2857142857142857,0.0,4,14,1000,0.1,13,multiplier,0.002936600001703482,1.0
1.0,0.2857142857142857,0.0,4,14,1000,0.1,13,exact_bonferroni,0.0005722000059904531,1.0
1.0,0.21428571428571427,0.0,3,14,1000,0.1,13,hoeffding,0.0001936999979079701,1.0
1.0,0.2857142857142857,0.0,4,14,1000,0.1,13,holm,0.00028780000138795003,
1.0,0.6428571428571429,0.0,9,14,1000,0.1,14,pointwise,0.0010191999972448684,0.0
1.0,0.35714285714285715,0.0,5,14,1000,0.1,14,normal_bonferroni,0.0006684000036329962,1.0
1.0,0.35714285714285715,0.0,5,14,1000,0.1,14,multiplier,0.0035996000005980022,1.0
1.0,0.35714285714285715,0.0,5,14,1000,0.1,14,exact_bonferroni,0.0010269999984302558,1.0
1.0,0.21428571428571427,0.0,3,14,1000,0.1,14,hoeffding,0.00036869999894406646,1.0
1.0,0.35714285714285715,0.0,5,14,1000,0.1,14,holm,0.0005811000009998679,
1.0,0.5,0.0,7,14,1000,0.1,15,pointwise,0.0006828000041423365,1.0
1.0,0.42857142857142855,0.0,6,14,1000,0.1,15,normal_bonferroni,0.0008503999997628853,1.0
1.0,0.42857142857142855,0.0,6,14,1000,0.1,15,multiplier,0.002532999998948071,1.0
1.0,0.35714285714285715,0.0,5,14,1000,0.1,15,exact_bonferroni,0.0009370000043418258,1.0
1.0,0.07142857142857142,0.0,1,14,1000,0.1,15,hoeffding,0.00033209999673999846,1.0
1.0,0.35714285714285715,0.0,5,14,1000,0.1,15,holm,0.0004891000062343664,
1.0,0.42857142857142855,0.0,6,14,1000,0.1,16,pointwise,0.0006751000037183985,1.0
1.0,0.2857142857142857,0.0,4,14,1000,0.1,16,normal_bonferroni,0.0006113999988883734,1.0
1.0,0.2857142857142857,0.0,4,14,1000,0.1,16,multiplier,0.0031794000024092384,1.0
1.0,0.21428571428571427,0.0,3,14,1000,0.1,16,exact_bonferroni,0.0006139999968581833,1.0
1.0,0.07142857142857142,0.0,1,14,1000,0.1,16,hoeffding,0.00022219999664230272,1.0
1.0,0.21428571428571427,0.0,3,14,1000,0.1,16,holm,0.0004839999965042807,
1.0,0.42857142857142855,0.0,6,14,1000,0.1,17,pointwise,0.0006686999986413866,1.0
1.0,0.21428571428571427,0.0,3,14,1000,0.1,17,normal_bonferroni,0.0006772999986424111,1.0
1.0,0.21428571428571427,0.0,3,14,1000,0.1,17,multiplier,0.0032991999978548847,1.0
1.0,0.21428571428571427,0.0,3,14,1000,0.1,17,exact_bonferroni,0.000963999998930376,1.0
1.0,0.14285714285714285,0.0,2,14,1000,0.1,17,hoeffding,0.0003372999999555759,1.0
1.0,0.21428571428571427,0.0,3,14,1000,0.1,17,holm,0.00047400000039488077,
1.0,0.5714285714285714,0.0,8,14,1000,0.1,18,pointwise,0.0005985000025248155,0.0
1.0,0.14285714285714285,0.0,2,14,1000,0.1,18,normal_bonferroni,0.0005931999985477887,1.0
1.0,0.21428571428571427,0.0,3,14,1000,0.1,18,multiplier,0.002953800001705531,1.0
1.0,0.14285714285714285,0.0,2,14,1000,0.1,18,exact_bonferroni,0.0009008999986690469,1.0
1.0,0.07142857142857142,0.0,1,14,1000,0.1,18,hoeffding,0.0003395000021555461,1.0
1.0,0.14285714285714285,0.0,2,14,1000,0.1,18,holm,0.00047569999878760427,
1.0,0.5714285714285714,0.0,8,14,1000,0.1,19,pointwise,0.0006310000026132911,0.0
1.0,0.2857142857142857,0.0,4,14,1000,0.1,19,normal_bonferroni,0.0007362999967881478,1.0
1.0,0.2857142857142857,0.0,4,14,1000,0.1,19,multiplier,0.003392900005565025,1.0
1.0,0.21428571428571427,0.0,3,14,1000,0.1,19,exact_bonferroni,0.0010231000051135197,1.0
1.0,0.21428571428571427,0.0,3,14,1000,0.1,19,hoeffding,0.0003552999987732619,1.0
1.0,0.2857142857142857,0.0,4,14,1000,0.1,19,holm,0.0005281999983708374,
1.0,0.42857142857142855,0.0,6,14,1000,0.1,20,pointwise,0.0007022999998298474,1.0
1.0,0.21428571428571427,0.0,3,14,1000,0.1,20,normal_bonferroni,0.0006642000007559545,1.0
1.0,0.21428571428571427,0.0,3,14,1000,0.1,20,multiplier,0.0034000999949057586,1.0
1.0,0.21428571428571427,0.0,3,14,1000,0.1,20,exact_bonferroni,0.0009656000038376078,1.0
1.0,0.0,0.0,0,14,1000,0.1,20,hoeffding,0.00034669999877223745,1.0
1.0,0.21428571428571427,0.0,3,14,1000,0.1,20,holm,0.0004894000012427568,
1.0,0.6428571428571429,0.0,9,14,1000,0.1,21,pointwise,0.0007411999977193773,0.0
1.0,0.42857142857142855,0.0,6,14,1000,0.1,21,normal_bonferroni,0.0006312000041361898,1.0
1.0,0.42857142857142855,0.0,6,14,1000,0.1,21,multiplier,0.0033130000010714866,1.0
1.0,0.35714285714285715,0.0,5,14,1000,0.1,21,exact_bonferroni,0.0009521000029053539,1.0
1.0,0.21428571428571427,0.0,3,14,1000,0.1,21,hoeffding,0.0003341999981785193,1.0
1.0,0.42857142857142855,0.0,6,14,1000,0.1,21,holm,0.0005163000023458153,
1.0,0.5,0.0,7,14,1000,0.1,22,pointwise,0.0006771999978809617,1.0
1.0,0.21428571428571427,0.0,3,14,1000,0.1,22,normal_bonferroni,0.0006016999977873638,1.0
1.0,0.21428571428571427,0.0,3,14,1000,0.1,22,multiplier,0.003176400001393631,1.0
1.0,0.21428571428571427,0.0,3,14,1000,0.1,22,exact_bonferroni,0.000931399998080451,1.0
1.0,0.21428571428571427,0.0,3,14,1000,0.1,22,hoeffding,0.00033120000443886966,1.0
1.0,0.21428571428571427,0.0,3,14,1000,0.1,22,holm,0.0005103000003146008,
1.0,0.42857142857142855,0.0,6,14,1000,0.1,23,pointwise,0.0005127000040374696,0.0
1.0,0.14285714285714285,0.0,2,14,1000,0.1,23,normal_bonferroni,0.00035539999953471124,1.0
1.0,0.21428571428571427,0.0,3,14,1000,0.1,23,multiplier,0.0029099000021233223,1.0
1.0,0.14285714285714285,0.0,2,14,1000,0.1,23,exact_bonferroni,0.0009544999993522651,1.0
1.0,0.07142857142857142,0.0,1,14,1000,0.1,23,hoeffding,0.0003510000024107285,1.0
1.0,0.14285714285714285,0.0,2,14,1000,0.1,23,holm,0.0004932000010740012,
1.0,0.42857142857142855,0.0,6,14,1000,0.1,24,pointwise,0.0007474000012734905,1.0
1.0,0.14285714285714285,0.0,2,14,1000,0.1,24,normal_bonferroni,0.0006224000026122667,1.0
1.0,0.14285714285714285,0.0,2,14,1000,0.1,24,multiplier,0.003231099995900877,1.0
1.0,0.14285714285714285,0.0,2,14,1000,0.1,24,exact_bonferroni,0.0009103999982471578,1.0
1.0,0.0,0.0,0,14,1000,0.1,24,hoeffding,0.00048779999633552507,1.0
1.0,0.14285714285714285,0.0,2,14,1000,0.1,24,holm,0.00036949999775970355,
1.0,0.6428571428571429,0.0,9,14,1000,0.1,25,pointwise,0.0004394999996293336,0.0
1.0,0.35714285714285715,0.0,5,14,1000,0.1,25,normal_bonferroni,0.0005984000017633662,1.0
1.0,0.35714285714285715,0.0,5,14,1000,0.1,25,multiplier,0.003312799999548588,1.0
1.0,0.35714285714285715,0.0,5,14,1000,0.1,25,exact_bonferroni,0.00097749999986263,1.0
1.0,0.21428571428571427,0.0,3,14,1000,0.1,25,hoeffding,0.00033819999953266233,1.0
1.0,0.35714285714285715,0.0,5,14,1000,0.1,25,holm,0.0005014999987906776,
1.0,0.5,0.0,7,14,1000,0.1,26,pointwise,0.0006499999944935553,0.0
1.0,0.35714285714285715,0.0,5,14,1000,0.1,26,normal_bonferroni,0.0006468000065069646,0.0
1.0,0.35714285714285715,0.0,5,14,1000,0.1,26,multiplier,0.003267000000050757,0.0
1.0,0.35714285714285715,0.0,5,14,1000,0.1,26,exact_bonferroni,0.0010122000021510758,1.0
1.0,0.35714285714285715,0.0,5,14,1000,0.1,26,hoeffding,0.000349300004018005,1.0
1.0,0.35714285714285715,0.0,5,14,1000,0.1,26,holm,0.0004962000020896085,
1.0,0.5714285714285714,0.0,8,14,1000,0.1,27,pointwise,0.0007322000019485131,1.0
1.0,0.07142857142857142,0.0,1,14,1000,0.1,27,normal_bonferroni,0.0006499000010080636,1.0
1.0,0.07142857142857142,0.0,1,14,1000,0.1,27,multiplier,0.0034032999974442646,1.0
1.0,0.07142857142857142,0.0,1,14,1000,0.1,27,exact_bonferroni,0.0009700000009615906,1.0
1.0,0.07142857142857142,0.0,1,14,1000,0.1,27,hoeffding,0.00034949999826494604,1.0
1.0,0.07142857142857142,0.0,1,14,1000,0.1,27,holm,0.0005381000009947456,
1.0,0.42857142857142855,0.0,6,14,1000,0.1,28,pointwise,0.0007082000010996126,1.0
1.0,0.2857142857142857,0.0,4,14,1000,0.1,28,normal_bonferroni,0.0006784999932278879,1.0
1.0,0.2857142857142857,0.0,4,14,1000,0.1,28,multiplier,0.003443000001425389,1.0
1.0,0.2857142857142857,0.0,4,14,1000,0.1,28,exact_bonferroni,0.0010170999958063476,1.0
1.0,0.14285714285714285,0.0,2,14,1000,0.1,28,hoeffding,0.00033120000443886966,1.0
1.0,0.2857142857142857,0.0,4,14,1000,0.1,28,holm,0.0004852999991271645,
1.0,0.5,0.0,7,14,1000,0.1,29,pointwise,0.0006861000001663342,1.0
1.0,0.21428571428571427,0.0,3,14,1000,0.1,29,normal_bonferroni,0.0006492999964393675,1.0
1.0,0.21428571428571427,0.0,3,14,1000,0.1,29,multiplier,0.003281299999798648,1.0
1.0,0.21428571428571427,0.0,3,14,1000,0.1,29,exact_bonferroni,0.000979399999778252,1.0
1.0,0.07142857142857142,0.0,1,14,1000,0.1,29,hoeffding,0.00033379999513272196,1.0
1.0,0.21428571428571427,0.0,3,14,1000,0.1,29,holm,0.0004933999953209423,
1.0,0.5714285714285714,0.0,8,14,1000,0.1,30,pointwise,0.0006648000053246506,0.0
1.0,0.21428571428571427,0.0,3,14,1000,0.1,30,normal_bonferroni,0.0005856999996467493,1.0
1.0,0.21428571428571427,0.0,3,14,1000,0.1,30,multiplier,0.0026695999986259267,1.0
1.0,0.21428571428571427,0.0,3,14,1000,0.1,30,exact_bonferroni,0.0010110000002896413,1.0
1.0,0.07142857142857142,0.0,1,14,1000,0.1,30,hoeffding,0.0003397000036784448,1.0
1.0,0.21428571428571427,0.0,3,14,1000,0.1,30,holm,0.0005025999998906627,
1.0,0.42857142857142855,0.0,6,14,1000,0.1,31,pointwise,0.0006926000060047954,1.0
1.0,0.14285714285714285,0.0,2,14,1000,0.1,31,normal_bonferroni,0.0007788999937474728,1.0
1.0,0.14285714285714285,0.0,2,14,1000,0.1,31,multiplier,0.0036364999978104606,1.0
1.0,0.07142857142857142,0.0,1,14,1000,0.1,31,exact_bonferroni,0.0010261999996146187,1.0
1.0,0.07142857142857142,0.0,1,14,1000,0.1,31,hoeffding,0.0003393000006326474,1.0
1.0,0.07142857142857142,0.0,1,14,1000,0.1,31,holm,0.0005111999998916872,
1.0,0.5,0.0,7,14,1000,0.1,32,pointwise,0.0006876999977976084,1.0
1.0,0.14285714285714285,0.0,2,14,1000,0.1,32,normal_bonferroni,0.0006160999982967041,1.0
1.0,0.14285714285714285,0.0,2,14,1000,0.1,32,multiplier,0.0026436000043759122,1.0
1.0,0.14285714285714285,0.0,2,14,1000,0.1,32,exact_bonferroni,0.0008339999985764734,1.0
1.0,0.07142857142857142,0.0,1,14,1000,0.1,32,hoeffding,0.00036869999894406646,1.0
1.0,0.14285714285714285,0.0,2,14,1000,0.1,32,holm,0.0005134000020916574,
1.0,0.5,0.0,7,14,1000,0.1,33,pointwise,0.0004019999978481792,1.0
1.0,0.21428571428571427,0.0,3,14,1000,0.1,33,normal_bonferroni,0.00035149999894201756,1.0
1.0,0.21428571428571427,0.0,3,14,1000,0.1,33,multiplier,0.0027608000018517487,1.0
1.0,0.14285714285714285,0.0,2,14,1000,0.1,33,exact_bonferroni,0.0009223000015481375,1.0
1.0,0.14285714285714285,0.0,2,14,1000,0.1,33,hoeffding,0.0003208999987691641,1.0
1.0,0.14285714285714285,0.0,2,14,1000,0.1,33,holm,0.00048039999819593504,
1.0,0.7142857142857143,0.0,10,14,1000,0.1,34,pointwise,0.0006308000010903925,0.0
1.0,0.2857142857142857,0.0,4,14,1000,0.1,34,normal_bonferroni,0.0005586000042967498,1.0
1.0,0.2857142857142857,0.0,4,14,1000,0.1,34,multiplier,0.0031835999980103225,1.0
1.0,0.2857142857142857,0.0,4,14,1000,0.1,34,exact_bonferroni,0.0008509999970556237,1.0
1.0,0.14285714285714285,0.0,2,14,1000,0.1,34,hoeffding,0.0005563000013353303,1.0
1.0,0.2857142857142857,0.0,4,14,1000,0.1,34,holm,0.0003265000050305389,
1.0,0.6428571428571429,0.0,9,14,1000,0.1,35,pointwise,0.00036920000275131315,0.0
1.0,0.35714285714285715,0.0,5,14,1000,0.1,35,normal_bonferroni,0.0005434999984572642,1.0
1.0,0.35714285714285715,0.0,5,14,1000,0.1,35,multiplier,0.002344100001209881,1.0
1.0,0.2857142857142857,0.0,4,14,1000,0.1,35,exact_bonferroni,0.0008338000043295324,1.0
1.0,0.21428571428571427,0.0,3,14,1000,0.1,35,hoeffding,0.0003358999965712428,1.0
1.0,0.35714285714285715,0.0,5,14,1000,0.1,35,holm,0.00044320000597508624,
1.0,0.6428571428571429,0.0,9,14,1000,0.1,36,pointwise,0.0005822999955853447,0.0
1.0,0.21428571428571427,0.0,3,14,1000,0.1,36,normal_bonferroni,0.0005689000026904978,1.0
1.0,0.21428571428571427,0.0,3,14,1000,0.1,36,multiplier,0.0028708000027108938,1.0
1.0,0.21428571428571427,0.0,3,14,1000,0.1,36,exact_bonferroni,0.0008742999998503365,1.0
1.0,0.14285714285714285,0.0,2,14,1000,0.1,36,hoeffding,0.0005984999952488579,1.0
1.0,0.21428571428571427,0.0,3,14,1000,0.1,36,holm,0.0005673999985447153,
1.0,0.5,0.0,7,14,1000,0.1,37,pointwise,0.0005056999943917617,0.0
1.0,0.2857142857142857,0.0,4,14,1000,0.1,37,normal_bonferroni,0.0006052000026102178,1.0
1.0,0.2857142857142857,0.0,4,14,1000,0.1,37,multiplier,0.003052599997317884,1.0
1.0,0.2857142857142857,0.0,4,14,1000,0.1,37,exact_bonferroni,0.0007928000050014816,1.0
1.0,0.21428571428571427,0.0,3,14,1000,0.1,37,hoeffding,0.0001838000025600195,1.0
1.0,0.2857142857142857,0.0,4,14,1000,0.1,37,holm,0.0002706000013859011,
1.0,0.2857142857142857,0.0,4,14,1000,0.1,38,pointwise,0.0006302999972831458,1.0
1.0,0.21428571428571427,0.0,3,14,1000,0.1,38,normal_bonferroni,0.0005942999996477738,1.0
1.0,0.21428571428571427,0.0,3,14,1000,0.1,38,multiplier,0.00292319999425672,1.0
1.0,0.21428571428571427,0.0,3,14,1000,0.1,38,exact_bonferroni,0.0009552999981679022,1.0
1.0,0.07142857142857142,0.0,1,14,1000,0.1,38,hoeffding,0.00020209999638609588,1.0
1.0,0.21428571428571427,0.0,3,14,1000,0.1,38,holm,0.0002716999952099286,
1.0,0.2857142857142857,0.0,4,14,1000,0.1,39,pointwise,0.00047479999921051785,1.0
1.0,0.2857142857142857,0.0,4,14,1000,0.1,39,normal_bonferroni,0.00041319999581901357,1.0
1.0,0.2857142857142857,0.0,4,14,1000,0.1,39,multiplier,0.0030380999960470945,1.0
1.0,0.2857142857142857,0.0,4,14,1000,0.1,39,exact_bonferroni,0.0008863999973982573,1.0
1.0,0.14285714285714285,0.0,2,14,1000,0.1,39,hoeffding,0.000393300004361663,1.0
1.0,0.2857142857142857,0.0,4,14,1000,0.1,39,holm,0.0005029000021750107,
0.0,0.6428571428571429,0.1,10,14,1000,0.1,40,pointwise,0.0006581000052392483,0.0
1.0,0.35714285714285715,0.0,5,14,1000,0.1,40,normal_bonferroni,0.0006133999995654449,1.0
1.0,0.35714285714285715,0.0,5,14,1000,0.1,40,multiplier,0.0033057999971788377,1.0
1.0,0.2857142857142857,0.0,4,14,1000,0.1,40,exact_bonferroni,0.0010264999946230091,1.0
1.0,0.14285714285714285,0.0,2,14,1000,0.1,40,hoeffding,0.00035480000224197283,1.0
1.0,0.2857142857142857,0.0,4,14,1000,0.1,40,holm,0.0005229000016697682,
1.0,0.42857142857142855,0.0,6,14,1000,0.1,41,pointwise,0.0006880000000819564,0.0
1.0,0.21428571428571427,0.0,3,14,1000,0.1,41,normal_bonferroni,0.0006827000033808872,1.0
1.0,0.21428571428571427,0.0,3,14,1000,0.1,41,multiplier,0.0033575000052223913,1.0
1.0,0.21428571428571427,0.0,3,14,1000,0.1,41,exact_bonferroni,0.0010012999991886318,1.0
1.0,0.14285714285714285,0.0,2,14,1000,0.1,41,hoeffding,0.00035260000004200265,1.0
1.0,0.21428571428571427,0.0,3,14,1000,0.1,41,holm,0.0005098000037833117,
1.0,0.42857142857142855,0.0,6,14,1000,0.1,42,pointwise,0.00036300000647315755,0.0
1.0,0.2857142857142857,0.0,4,14,1000,0.1,42,normal_bonferroni,0.00033009999606292695,1.0
1.0,0.2857142857142857,0.0,4,14,1000,0.1,42,multiplier,0.0028703999996650964,1.0
1.0,0.2857142857142857,0.0,4,14,1000,0.1,42,exact_bonferroni,0.0009983999989344738,1.0
1.0,0.21428571428571427,0.0,3,14,1000,0.1,42,hoeffding,0.00035000000207219273,1.0
1.0,0.2857142857142857,0.0,4,14,1000,0.1,42,holm,0.0005147999982000329,
1.0,0.5,0.0,7,14,1000,0.1,43,pointwise,0.00044019999768352136,0.0
1.0,0.2857142857142857,0.0,4,14,1000,0.1,43,normal_bonferroni,0.000341199993272312,1.0
1.0,0.2857142857142857,0.0,4,14,1000,0.1,43,multiplier,0.0033228999964194372,1.0
1.0,0.2857142857142857,0.0,4,14,1000,0.1,43,exact_bonferroni,0.001018299997667782,1.0
1.0,0.14285714285714285,0.0,2,14,1000,0.1,43,hoeffding,0.0007187000010162592,1.0
1.0,0.2857142857142857,0.0,4,14,1000,0.1,43,holm,0.0006458999996539205,
1.0,0.7142857142857143,0.0,10,14,1000,0.1,44,pointwise,0.0004105000043637119,0.0
1.0,0.35714285714285715,0.0,5,14,1000,0.1,44,normal_bonferroni,0.0003584000005503185,1.0
1.0,0.35714285714285715,0.0,5,14,1000,0.1,44,multiplier,0.003281900004367344,1.0
1.0,0.2857142857142857,0.0,4,14,1000,0.1,44,exact_bonferroni,0.0010172000038437545,1.0
1.0,0.07142857142857142,0.0,1,14,1000,0.1,44,hoeffding,0.0005175000042072497,1.0
1.0,0.35714285714285715,0.0,5,14,1000,0.1,44,holm,0.0005347999976947904,
1.0,0.2857142857142857,0.0,4,14,1000,0.1,45,pointwise,0.0006792999993194826,1.0
1.0,0.14285714285714285,0.0,2,14,1000,0.1,45,normal_bonferroni,0.0006590999983018264,1.0
1.0,0.14285714285714285,0.0,2,14,1000,0.1,45,multiplier,0.0024744999973336235,1.0
1.0,0.14285714285714285,0.0,2,14,1000,0.1,45,exact_bonferroni,0.0009576000011293218,1.0
1.0,0.07142857142857142,0.0,1,14,1000,0.1,45,hoeffding,0.0003349999969941564,1.0
1.0,0.14285714285714285,0.0,2,14,1000,0.1,45,holm,0.000508699995407369,
1.0,0.5,0.0,7,14,1000,0.1,46,pointwise,0.0006502000032924116,1.0
1.0,0.2857142857142857,0.0,4,14,1000,0.1,46,normal_bonferroni,0.0007190999967860989,1.0
1.0,0.2857142857142857,0.0,4,14,1000,0.1,46,multiplier,0.0022223000050871633,1.0
1.0,0.2857142857142857,0.0,4,14,1000,0.1,46,exact_bonferroni,0.000891200004843995,1.0
1.0,0.07142857142857142,0.0,1,14,1000,0.1,46,hoeffding,0.00031749999470775947,1.0
1.0,0.2857142857142857,0.0,4,14,1000,0.1,46,holm,0.00047539999650325626,
1.0,0.5,0.0,7,14,1000,0.1,47,pointwise,0.000905399996554479,1.0
1.0,0.14285714285714285,0.0,2,14,1000,0.1,47,normal_bonferroni,0.0003432000012253411,1.0
1.0,0.14285714285714285,0.0,2,14,1000,0.1,47,multiplier,0.0029108999951859005,1.0
1.0,0.14285714285714285,0.0,2,14,1000,0.1,47,exact_bonferroni,0.0009050000007846393,1.0
1.0,0.14285714285714285,0.0,2,14,1000,0.1,47,hoeffding,0.00031909999961499125,1.0
1.0,0.14285714285714285,0.0,2,14,1000,0.1,47,holm,0.000490999998874031,
1.0,0.6428571428571429,0.0,9,14,1000,0.1,48,pointwise,0.0006225999968592077,0.0
1.0,0.42857142857142855,0.0,6,14,1000,0.1,48,normal_bonferroni,0.000552199999219738,1.0
1.0,0.42857142857142855,0.0,6,14,1000,0.1,48,multiplier,0.0023816000029910356,1.0
1.0,0.35714285714285715,0.0,5,14,1000,0.1,48,exact_bonferroni,0.0006252000021049753,1.0
1.0,0.2857142857142857,0.0,4,14,1000,0.1,48,hoeffding,0.00032410000130767,1.0
1.0,0.42857142857142855,0.0,6,14,1000,0.1,48,holm,0.00044270000216783956,
1.0,0.5,0.0,7,14,1000,0.1,49,pointwise,0.0007955000037327409,0.0
1.0,0.2857142857142857,0.0,4,14,1000,0.1,49,normal_bonferroni,0.00046609999844804406,1.0
1.0,0.2857142857142857,0.0,4,14,1000,0.1,49,multiplier,0.0026962999982060865,1.0
1.0,0.2857142857142857,0.0,4,14,1000,0.1,49,exact_bonferroni,0.0009993999992730096,1.0
1.0,0.2857142857142857,0.0,4,14,1000,0.1,49,hoeffding,0.00034299999970244244,1.0
1.0,0.2857142857142857,0.0,4,14,1000,0.1,49,holm,0.0004904999950667843,
1.0,0.35714285714285715,0.0,5,14,1000,0.1,50,pointwise,0.0006192000000737607,1.0
1.0,0.14285714285714285,0.0,2,14,1000,0.1,50,normal_bonferroni,0.0005832999959238805,1.0
1.0,0.14285714285714285,0.0,2,14,1000,0.1,50,multiplier,0.0030504000023938715,1.0
1.0,0.14285714285714285,0.0,2,14,1000,0.1,50,exact_bonferroni,0.0010024999937741086,1.0
1.0,0.07142857142857142,0.0,1,14,1000,0.1,50,hoeffding,0.00021739999647252262,1.0
1.0,0.14285714285714285,0.0,2,14,1000,0.1,50,holm,0.0002884999994421378,
1.0,0.5714285714285714,0.0,8,14,1000,0.1,51,pointwise,0.0004360000020824373,1.0
1.0,0.35714285714285715,0.0,5,14,1000,0.1,51,normal_bonferroni,0.0003679000001284294,1.0
1.0,0.35714285714285715,0.0,5,14,1000,0.1,51,multiplier,0.003100299996731337,1.0
1.0,0.2857142857142857,0.0,4,14,1000,0.1,51,exact_bonferroni,0.0008769999985815957,1.0
1.0,0.14285714285714285,0.0,2,14,1000,0.1,51,hoeffding,0.00030730000435141847,1.0
1.0,0.2857142857142857,0.0,4,14,1000,0.1,51,holm,0.00046319999819388613,
1.0,0.5,0.0,7,14,1000,0.1,52,pointwise,0.0005966000026091933,0.0
1.0,0.2857142857142857,0.0,4,14,1000,0.1,52,normal_bonferroni,0.0005334999950719066,1.0
1.0,0.2857142857142857,0.0,4,14,1000,0.1,52,multiplier,0.0030256999962148257,1.0
1.0,0.2857142857142857,0.0,4,14,1000,0.1,52,exact_bonferroni,0.0008612999954493716,1.0
1.0,0.21428571428571427,0.0,3,14,1000,0.1,52,hoeffding,0.00031939999462338164,1.0
1.0,0.2857142857142857,0.0,4,14,1000,0.1,52,holm,0.00044579999666893855,
1.0,0.42857142857142855,0.0,6,14,1000,0.1,53,pointwise,0.00041400000191060826,1.0
1.0,0.21428571428571427,0.0,3,14,1000,0.1,53,normal_bonferroni,0.0004358000005595386,1.0
1.0,0.21428571428571427,0.0,3,14,1000,0.1,53,multiplier,0.0032589000038569793,1.0
1.0,0.21428571428571427,0.0,3,14,1000,0.1,53,exact_bonferroni,0.00091969999630237,1.0
1.0,0.07142857142857142,0.0,1,14,1000,0.1,53,hoeffding,0.00032079999800771475,1.0
1.0,0.21428571428571427,0.0,3,14,1000,0.1,53,holm,0.00047449999692616984,
1.0,0.5714285714285714,0.0,8,14,1000,0.1,54,pointwise,0.0005836999989696778,1.0
1.0,0.21428571428571427,0.0,3,14,1000,0.1,54,normal_bonferroni,0.0005580000070040114,1.0
1.0,0.2857142857142857,0.0,4,14,1000,0.1,54,multiplier,0.002689199995074887,1.0
1.0,0.14285714285714285,0.0,2,14,1000,0.1,54,exact_bonferroni,0.0008846999990055338,1.0
1.0,0.14285714285714285,0.0,2,14,1000,0.1,54,hoeffding,0.0003141999986837618,1.0
1.0,0.14285714285714285,0.0,2,14,1000,0.1,54,holm,0.0004888000039500184,
1.0,0.42857142857142855,0.0,6,14,1000,0.1,55,pointwise,0.0006512000036309473,1.0
1.0,0.21428571428571427,0.0,3,14,1000,0.1,55,normal_bonferroni,0.0005851999958395027,1.0
1.0,0.21428571428571427,0.0,3,14,1000,0.1,55,multiplier,0.00360960000398336,1.0
1.0,0.14285714285714285,0.0,2,14,1000,0.1,55,exact_bonferroni,0.0011479999957373366,1.0
1.0,0.07142857142857142,0.0,1,14,1000,0.1,55,hoeffding,0.0003584000005503185,1.0
1.0,0.14285714285714285,0.0,2,14,1000,0.1,55,holm,0.0005223000043770298,
1.0,0.5,0.0,7,14,1000,0.1,56,pointwise,0.00039090000063879415,0.0
1.0,0.2857142857142857,0.0,4,14,1000,0.1,56,normal_bonferroni,0.00035480000224197283,1.0
1.0,0.2857142857142857,0.0,4,14,1000,0.1,56,multiplier,0.0037966000018059276,1.0
1.0,0.2857142857142857,0.0,4,14,1000,0.1,56,exact_bonferroni,0.00123380000150064,1.0
1.0,0.2857142857142857,0.0,4,14,1000,0.1,56,hoeffding,0.0004025000016554259,1.0
1.0,0.2857142857142857,0.0,4,14,1000,0.1,56,holm,0.0005842000027769245,
1.0,0.5714285714285714,0.0,8,14,1000,0.1,57,pointwise,0.0006485999983851798,0.0
1.0,0.35714285714285715,0.0,5,14,1000,0.1,57,normal_bonferroni,0.00041909999708877876,1.0
1.0,0.35714285714285715,0.0,5,14,1000,0.1,57,multiplier,0.0031815000038477592,1.0
1.0,0.35714285714285715,0.0,5,14,1000,0.1,57,exact_bonferroni,0.0007249000045703724,1.0
1.0,0.2857142857142857,0.0,4,14,1000,0.1,57,hoeffding,0.0003084999989368953,1.0
1.0,0.35714285714285715,0.0,5,14,1000,0.1,57,holm,0.0005680999965989031,
1.0,0.7142857142857143,0.0,10,14,1000,0.1,58,pointwise,0.0007430999976349995,0.0
1.0,0.42857142857142855,0.0,6,14,1000,0.1,58,normal_bonferroni,0.0006567000018549152,1.0
1.0,0.42857142857142855,0.0,6,14,1000,0.1,58,multiplier,0.0034442000032868236,1.0
1.0,0.35714285714285715,0.0,5,14,1000,0.1,58,exact_bonferroni,0.0009539000020595267,1.0
1.0,0.0,0.0,0,14,1000,0.1,58,hoeffding,0.00033319999783998355,1.0
1.0,0.42857142857142855,0.0,6,14,1000,0.1,58,holm,0.0005174000034458004,
1.0,0.5714285714285714,0.0,8,14,1000,0.1,59,pointwise,0.00048209999658865854,1.0
1.0,0.2857142857142857,0.0,4,14,1000,0.1,59,normal_bonferroni,0.0003729999953065999,1.0
1.0,0.2857142857142857,0.0,4,14,1000,0.1,59,multiplier,0.00309729999571573,1.0
1.0,0.21428571428571427,0.0,3,14,1000,0.1,59,exact_bonferroni,0.0009837000034167431,1.0
1.0,0.14285714285714285,0.0,2,14,1000,0.1,59,hoeffding,0.0003626000034273602,1.0
1.0,0.2857142857142857,0.0,4,14,1000,0.1,59,holm,0.0005699000030290335,
0.0,0.42857142857142855,0.14285714285714285,7,14,1000,0.1,60,pointwise,0.0006502999967779033,0.0
1.0,0.14285714285714285,0.0,2,14,1000,0.1,60,normal_bonferroni,0.0006091999966884032,1.0
1.0,0.14285714285714285,0.0,2,14,1000,0.1,60,multiplier,0.003189600000041537,1.0
1.0,0.14285714285714285,0.0,2,14,1000,0.1,60,exact_bonferroni,0.0009386000019731,1.0
1.0,0.07142857142857142,0.0,1,14,1000,0.1,60,hoeffding,0.00024249999842140824,1.0
1.0,0.14285714285714285,0.0,2,14,1000,0.1,60,holm,0.0005060999974375591,
0.0,0.5714285714285714,0.1111111111111111,9,14,1000,0.1,61,pointwise,0.0007811000032234006,0.0
1.0,0.2857142857142857,0.0,4,14,1000,0.1,61,normal_bonferroni,0.0006348999959300272,1.0
1.0,0.2857142857142857,0.0,4,14,1000,0.1,61,multiplier,0.003263499995227903,1.0
1.0,0.21428571428571427,0.0,3,14,1000,0.1,61,exact_bonferroni,0.0009114999993471429,1.0
1.0,0.21428571428571427,0.0,3,14,1000,0.1,61,hoeffding,0.0003369000041857362,1.0
1.0,0.21428571428571427,0.0,3,14,1000,0.1,61,holm,0.000520099994901102,
1.0,0.42857142857142855,0.0,6,14,1000,0.1,62,pointwise,0.000635899996268563,0.0
1.0,0.21428571428571427,0.0,3,14,1000,0.1,62,normal_bonferroni,0.0005669000020134263,1.0
1.0,0.21428571428571427,0.0,3,14,1000,0.1,62,multiplier,0.002931499999249354,1.0
1.0,0.21428571428571427,0.0,3,14,1000,0.1,62,exact_bonferroni,0.0010503000012249686,1.0
1.0,0.14285714285714285,0.0,2,14,1000,0.1,62,hoeffding,0.00035260000004200265,1.0
1.0,0.21428571428571427,0.0,3,14,1000,0.1,62,holm,0.0003628999984357506,
1.0,0.5,0.0,7,14,1000,0.1,63,pointwise,0.0006451000008382834,0.0
1.0,0.42857142857142855,0.0,6,14,1000,0.1,63,normal_bonferroni,0.0006279000008362345,1.0
1.0,0.42857142857142855,0.0,6,14,1000,0.1,63,multiplier,0.003110400000878144,1.0
1.0,0.42857142857142855,0.0,6,14,1000,0.1,63,exact_bonferroni,0.0009580999976606108,1.0
1.0,0.14285714285714285,0.0,2,14,1000,0.1,63,hoeffding,0.0003544999999576248,1.0
1.0,0.42857142857142855,0.0,6,14,1000,0.1,63,holm,0.0005190000010770746,
1.0,0.5,0.0,7,14,1000,0.1,64,pointwise,0.0006343999993987381,0.0
1.0,0.2857142857142857,0.0,4,14,1000,0.1,64,normal_bonferroni,0.0005658000009134412,1.0
1.0,0.2857142857142857,0.0,4,14,1000,0.1,64,multiplier,0.0031124000015552156,1.0
1.0,0.21428571428571427,0.0,3,14,1000,0.1,64,exact_bonferroni,0.0008961999992607161,1.0
1.0,0.07142857142857142,0.0,1,14,1000,0.1,64,hoeffding,0.00031850000232225284,1.0
1.0,0.21428571428571427,0.0,3,14,1000,0.1,64,holm,0.00046409999777097255,
1.0,0.5714285714285714,0.0,8,14,1000,0.1,65,pointwise,0.000629400004982017,0.0
1.0,0.35714285714285715,0.0,5,14,1000,0.1,65,normal_bonferroni,0.0005833999966853298,1.0
1.0,0.35714285714285715,0.0,5,14,1000,0.1,65,multiplier,0.0031135000026552007,1.0
1.0,0.2857142857142857,0.0,4,14,1000,0.1,65,exact_bonferroni,0.0008737999960430898,1.0
1.0,0.14285714285714285,0.0,2,14,1000,0.1,65,hoeffding,0.0003147000024910085,1.0
1.0,0.2857142857142857,0.0,4,14,1000,0.1,65,holm,0.000491300001158379,
1.0,0.5,0.0,7,14,1000,0.1,66,pointwise,0.0006420000063371845,1.0
1.0,0.14285714285714285,0.0,2,14,1000,0.1,66,normal_bonferroni,0.0006130999972810969,1.0
1.0,0.14285714285714285,0.0,2,14,1000,0.1,66,multiplier,0.003320499999972526,1.0
1.0,0.14285714285714285,0.0,2,14,1000,0.1,66,exact_bonferroni,0.0008716999946045689,1.0
1.0,0.14285714285714285,0.0,2,14,1000,0.1,66,hoeffding,0.00033260000054724514,1.0
1.0,0.14285714285714285,0.0,2,14,1000,0.1,66,holm,0.000504699994053226,
1.0,0.5714285714285714,0.0,8,14,1000,0.1,67,pointwise,0.0006605000016861595,0.0
1.0,0.35714285714285715,0.0,5,14,1000,0.1,67,normal_bonferroni,0.0005845999985467643,1.0
1.0,0.35714285714285715,0.0,5,14,1000,0.1,67,multiplier,0.003258500000811182,1.0
1.0,0.35714285714285715,0.0,5,14,1000,0.1,67,exact_bonferroni,0.0012794000067515299,1.0
1.0,0.14285714285714285,0.0,2,14,1000,0.1,67,hoeffding,0.00039120000292314216,1.0
1.0,0.35714285714285715,0.0,5,14,1000,0.1,67,holm,0.0004974999974365346,
1.0,0.5714285714285714,0.0,8,14,1000,0.1,68,pointwise,0.0006967000008444302,0.0
1.0,0.35714285714285715,0.0,5,14,1000,0.1,68,normal_bonferroni,0.0006198999981279485,1.0
1.0,0.35714285714285715,0.0,5,14,1000,0.1,68,multiplier,0.0031230000022333115,1.0
1.0,0.21428571428571427,0.0,3,14,1000,0.1,68,exact_bonferroni,0.0008741000056033954,1.0
1.0,0.14285714285714285,0.0,2,14,1000,0.1,68,hoeffding,0.0003167999966535717,1.0
1.0,0.21428571428571427,0.0,3,14,1000,0.1,68,holm,0.000698499999998603,
1.0,0.35714285714285715,0.0,5,14,1000,0.1,69,pointwise,0.0006642999942414463,0.0
1.0,0.14285714285714285,0.0,2,14,1000,0.1,69,normal_bonferroni,0.000618800004303921,1.0
1.0,0.14285714285714285,0.0,2,14,1000,0.1,69,multiplier,0.0032221000001300126,1.0
1.0,0.14285714285714285,0.0,2,14,1000,0.1,69,exact_bonferroni,0.0009274999974877574,1.0
1.0,0.07142857142857142,0.0,1,14,1000,0.1,69,hoeffding,0.0003536000003805384,1.0
1.0,0.14285714285714285,0.0,2,14,1000,0.1,69,holm,0.00047620000259485096,
1.0,0.5,0.0,7,14,1000,0.1,70,pointwise,0.0006169000043882988,0.0
1.0,0.14285714285714285,0.0,2,14,1000,0.1,70,normal_bonferroni,0.0005969999983790331,1.0
1.0,0.14285714285714285,0.0,2,14,1000,0.1,70,multiplier,0.0030776999992667697,1.0
1.0,0.14285714285714285,0.0,2,14,1000,0.1,70,exact_bonferroni,0.0008496000009472482,1.0
1.0,0.0,0.0,0,14,1000,0.1,70,hoeffding,0.00033260000054724514,1.0
1.0,0.14285714285714285,0.0,2,14,1000,0.1,70,holm,0.000843099995108787,
1.0,0.5714285714285714,0.0,8,14,1000,0.1,71,pointwise,0.0008427000066149049,0.0
1.0,0.14285714285714285,0.0,2,14,1000,0.1,71,normal_bonferroni,0.0007089000064297579,1.0
1.0,0.14285714285714285,0.0,2,14,1000,0.1,71,multiplier,0.0038845000017317943,1.0
1.0,0.14285714285714285,0.0,2,14,1000,0.1,71,exact_bonferroni,0.0010524999961489812,1.0
1.0,0.07142857142857142,0.0,1,14,1000,0.1,71,hoeffding,0.0003409999990253709,1.0
1.0,0.14285714285714285,0.0,2,14,1000,0.1,71,holm,0.0005511000053957105,
1.0,0.35714285714285715,0.0,5,14,1000,0.1,72,pointwise,0.0006606999959331006,0.0
1.0,0.2857142857142857,0.0,4,14,1000,0.1,72,normal_bonferroni,0.0006171999993966892,1.0
1.0,0.2857142857142857,0.0,4,14,1000,0.1,72,multiplier,0.003973400001996197,1.0
1.0,0.14285714285714285,0.0,2,14,1000,0.1,72,exact_bonferroni,0.0011756000021705404,1.0
1.0,0.0,0.0,0,14,1000,0.1,72,hoeffding,0.0003679000001284294,1.0
1.0,0.14285714285714285,0.0,2,14,1000,0.1,72,holm,0.0005663000047206879,
1.0,0.5,0.0,7,14,1000,0.1,73,pointwise,0.0006990999972913414,1.0
1.0,0.35714285714285715,0.0,5,14,1000,0.1,73,normal_bonferroni,0.0006293000042205676,1.0
1.0,0.35714285714285715,0.0,5,14,1000,0.1,73,multiplier,0.003237799995986279,1.0
1.0,0.35714285714285715,0.0,5,14,1000,0.1,73,exact_bonferroni,0.0010363000037614256,1.0
1.0,0.07142857142857142,0.0,1,14,1000,0.1,73,hoeffding,0.00035850000131176785,1.0
1.0,0.35714285714285715,0.0,5,14,1000,0.1,73,holm,0.0005182999957469292,
1.0,0.5714285714285714,0.0,8,14,1000,0.1,74,pointwise,0.0009303000042564236,0.0
1.0,0.07142857142857142,0.0,1,14,1000,0.1,74,normal_bonferroni,0.001047199999447912,1.0
1.0,0.07142857142857142,0.0,1,14,1000,0.1,74,multiplier,0.0033346999989589676,1.0
1.0,0.07142857142857142,0.0,1,14,1000,0.1,74,exact_bonferroni,0.0009688999998616055,1.0
1.0,0.07142857142857142,0.0,1,14,1000,0.1,74,hoeffding,0.0003400999994482845,1.0
1.0,0.07142857142857142,0.0,1,14,1000,0.1,74,holm,0.0004996999996365048,
1.0,0.5714285714285714,0.0,8,14,1000,0.1,75,pointwise,0.0006848000048194081,0.0
1.0,0.2857142857142857,0.0,4,14,1000,0.1,75,normal_bonferroni,0.0005999999993946403,1.0
1.0,0.2857142857142857,0.0,4,14,1000,0.1,75,multiplier,0.0033361999958287925,1.0
1.0,0.2857142857142857,0.0,4,14,1000,0.1,75,exact_bonferroni,0.000988599997072015,1.0
1.0,0.14285714285714285,0.0,2,14,1000,0.1,75,hoeffding,0.00032980000105453655,1.0
1.0,0.2857142857142857,0.0,4,14,1000,0.1,75,holm,0.00047790000098757446,
0.0,0.6428571428571429,0.1,10,14,1000,0.1,76,pointwise,0.0004830999969271943,0.0
1.0,0.2857142857142857,0.0,4,14,1000,0.1,76,normal_bonferroni,0.0006597000028705224,1.0
1.0,0.2857142857142857,0.0,4,14,1000,0.1,76,multiplier,0.003332899999804795,1.0
1.0,0.2857142857142857,0.0,4,14,1000,0.1,76,exact_bonferroni,0.0009590999979991466,1.0
1.0,0.07142857142857142,0.0,1,14,1000,0.1,76,hoeffding,0.00033569999504834414,1.0
1.0,0.2857142857142857,0.0,4,14,1000,0.1,76,holm,0.0004941999941365793,
1.0,0.5,0.0,7,14,1000,0.1,77,pointwise,0.0007120000009308569,0.0
1.0,0.14285714285714285,0.0,2,14,1000,0.1,77,normal_bonferroni,0.0006148999964352697,1.0
1.0,0.14285714285714285,0.0,2,14,1000,0.1,77,multiplier,0.003342800002428703,1.0
1.0,0.14285714285714285,0.0,2,14,1000,0.1,77,exact_bonferroni,0.0009282000028179027,1.0
1.0,0.07142857142857142,0.0,1,14,1000,0.1,77,hoeffding,0.0003372999999555759,1.0
1.0,0.14285714285714285,0.0,2,14,1000,0.1,77,holm,0.0004888000039500184,
1.0,0.5714285714285714,0.0,8,14,1000,0.1,78,pointwise,0.0006723999977111816,0.0
1.0,0.35714285714285715,0.0,5,14,1000,0.1,78,normal_bonferroni,0.0006337000013445504,1.0
1.0,0.35714285714285715,0.0,5,14,1000,0.1,78,multiplier,0.003255100004025735,1.0
1.0,0.2857142857142857,0.0,4,14,1000,0.1,78,exact_bonferroni,0.0009413000007043593,1.0
1.0,0.07142857142857142,0.0,1,14,1000,0.1,78,hoeffding,0.0003491000024951063,1.0
1.0,0.35714285714285715,0.0,5,14,1000,0.1,78,holm,0.0005399000001489185,
1.0,0.42857142857142855,0.0,6,14,1000,0.1,79,pointwise,0.0006855000028735958,0.0
1.0,0.2857142857142857,0.0,4,14,1000,0.1,79,normal_bonferroni,0.0006142000056570396,0.0
1.0,0.2857142857142857,0.0,4,14,1000,0.1,79,multiplier,0.003107699994870927,0.0
1.0,0.2857142857142857,0.0,4,14,1000,0.1,79,exact_bonferroni,0.0008646999995107763,0.0
1.0,0.21428571428571427,0.0,3,14,1000,0.1,79,hoeffding,0.00031670000316808,1.0
1.0,0.2857142857142857,0.0,4,14,1000,0.1,79,holm,0.000458399998024106,
1.0,0.6428571428571429,0.0,9,14,1000,0.1,80,pointwise,0.0006512000036309473,0.0
1.0,0.5,0.0,7,14,1000,0.1,80,normal_bonferroni,0.0005877999938093126,0.0
1.0,0.5,0.0,7,14,1000,0.1,80,multiplier,0.0031549999985145405,0.0
1.0,0.5,0.0,7,14,1000,0.1,80,exact_bonferroni,0.0009253000025637448,0.0
1.0,0.14285714285714285,0.0,2,14,1000,0.1,80,hoeffding,0.000316400000883732,1.0
1.0,0.5,0.0,7,14,1000,0.1,80,holm,0.0004687999971793033,
1.0,0.6428571428571429,0.0,9,14,1000,0.1,81,pointwise,0.0006484999976237305,0.0
1.0,0.5,0.0,7,14,1000,0.1,81,normal_bonferroni,0.0005860000019310974,1.0
1.0,0.5,0.0,7,14,1000,0.1,81,multiplier,0.0029402999934973195,1.0
1.0,0.5,0.0,7,14,1000,0.1,81,exact_bonferroni,0.0008581000001868233,1.0
1.0,0.2857142857142857,0.0,4,14,1000,0.1,81,hoeffding,0.00030310000147437677,1.0
1.0,0.5,0.0,7,14,1000,0.1,81,holm,0.00043620000360533595,
1.0,0.35714285714285715,0.0,5,14,1000,0.1,82,pointwise,0.00057820000074571,1.0
1.0,0.21428571428571427,0.0,3,14,1000,0.1,82,normal_bonferroni,0.0006167999963508919,1.0
1.0,0.21428571428571427,0.0,3,14,1000,0.1,82,multiplier,0.003052999993087724,1.0
1.0,0.21428571428571427,0.0,3,14,1000,0.1,82,exact_bonferroni,0.0008938000028138049,1.0
1.0,0.07142857142857142,0.0,1,14,1000,0.1,82,hoeffding,0.00032530000316910446,1.0
1.0,0.21428571428571427,0.0,3,14,1000,0.1,82,holm,0.00046039999870117754,
1.0,0.5,0.0,7,14,1000,0.1,83,pointwise,0.0006100999962654896,1.0
1.0,0.35714285714285715,0.0,5,14,1000,0.1,83,normal_bonferroni,0.0005517000026884489,1.0
1.0,0.35714285714285715,0.0,5,14,1000,0.1,83,multiplier,0.00287209999805782,1.0
1.0,0.35714285714285715,0.0,5,14,1000,0.1,83,exact_bonferroni,0.0008177999989129603,1.0
1.0,0.21428571428571427,0.0,3,14,1000,0.1,83,hoeffding,0.0002983999947900884,1.0
1.0,0.35714285714285715,0.0,5,14,1000,0.1,83,holm,0.00047649999760324135,
1.0,0.42857142857142855,0.0,6,14,1000,0.1,84,pointwise,0.000600200000917539,0.0
1.0,0.21428571428571427,0.0,3,14,1000,0.1,84,normal_bonferroni,0.0005430000019259751,1.0
1.0,0.21428571428571427,0.0,3,14,1000,0.1,84,multiplier,0.00237129999732133,1.0
1.0,0.21428571428571427,0.0,3,14,1000,0.1,84,exact_bonferroni,0.000991799999610521,1.0
1.0,0.21428571428571427,0.0,3,14,1000,0.1,84,hoeffding,0.0003440000000409782,1.0
1.0,0.21428571428571427,0.0,3,14,1000,0.1,84,holm,0.0005164999965927564,
1.0,0.7142857142857143,0.0,10,14,1000,0.1,85,pointwise,0.0007193999990704469,0.0
1.0,0.35714285714285715,0.0,5,14,1000,0.1,85,normal_bonferroni,0.0005995000028633513,1.0
1.0,0.42857142857142855,0.0,6,14,1000,0.1,85,multiplier,0.00538570000207983,1.0
1.0,0.35714285714285715,0.0,5,14,1000,0.1,85,exact_bonferroni,0.0010697000034269877,1.0
1.0,0.21428571428571427,0.0,3,14,1000,0.1,85,hoeffding,0.0005982000002404675,1.0
1.0,0.35714285714285715,0.0,5,14,1000,0.1,85,holm,0.0005682999981218018,
1.0,0.6428571428571429,0.0,9,14,1000,0.1,86,pointwise,0.000734799999918323,1.0
1.0,0.2857142857142857,0.0,4,14,1000,0.1,86,normal_bonferroni,0.0006705999985570088,1.0
1.0,0.2857142857142857,0.0,4,14,1000,0.1,86,multiplier,0.003356499997607898,1.0
1.0,0.2857142857142857,0.0,4,14,1000,0.1,86,exact_bonferroni,0.0009724999981699511,1.0
1.0,0.21428571428571427,0.0,3,14,1000,0.1,86,hoeffding,0.00034130000130971894,1.0
1.0,0.2857142857142857,0.0,4,14,1000,0.1,86,holm,0.0005271000045468099,
1.0,0.5714285714285714,0.0,8,14,1000,0.1,87,pointwise,0.0007019999975454994,0.0
1.0,0.2857142857142857,0.0,4,14,1000,0.1,87,normal_bonferroni,0.0006246000048122369,1.0
1.0,0.2857142857142857,0.0,4,14,1000,0.1,87,multiplier,0.0031747000030009076,1.0
1.0,0.2857142857142857,0.0,4,14,1000,0.1,87,exact_bonferroni,0.0009477999992668629,1.0
1.0,0.14285714285714285,0.0,2,14,1000,0.1,87,hoeffding,0.00034639999648788944,1.0
1.0,0.2857142857142857,0.0,4,14,1000,0.1,87,holm,0.00048639999295119196,
1.0,0.42857142857142855,0.0,6,14,1000,0.1,88,pointwise,0.0006886999981361441,0.0
1.0,0.21428571428571427,0.0,3,14,1000,0.1,88,normal_bonferroni,0.0006159999975352548,1.0
1.0,0.21428571428571427,0.0,3,14,1000,0.1,88,multiplier,0.0034020000020973384,1.0
1.0,0.21428571428571427,0.0,3,14,1000,0.1,88,exact_bonferroni,0.0010507999977562577,1.0
1.0,0.07142857142857142,0.0,1,14,1000,0.1,88,hoeffding,0.00035090000164927915,1.0
1.0,0.21428571428571427,0.0,3,14,1000,0.1,88,holm,0.0005038999952375889,
1.0,0.5,0.0,7,14,1000,0.1,89,pointwise,0.0006460000004153699,1.0
1.0,0.21428571428571427,0.0,3,14,1000,0.1,89,normal_bonferroni,0.0012223000012454577,1.0
1.0,0.14285714285714285,0.0,2,14,1000,0.1,89,multiplier,0.003940000002330635,1.0
1.0,0.14285714285714285,0.0,2,14,1000,0.1,89,exact_bonferroni,0.0010726000036811456,1.0
1.0,0.14285714285714285,0.0,2,14,1000,0.1,89,hoeffding,0.0005186999987927265,1.0
1.0,0.14285714285714285,0.0,2,14,1000,0.1,89,holm,0.0008472000045003369,
0.0,0.5,0.125,8,14,1000,0.1,90,pointwise,0.0007715000028838404,0.0
1.0,0.21428571428571427,0.0,3,14,1000,0.1,90,normal_bonferroni,0.000705099999322556,0.0
1.0,0.21428571428571427,0.0,3,14,1000,0.1,90,multiplier,0.003977100001065992,0.0
1.0,0.21428571428571427,0.0,3,14,1000,0.1,90,exact_bonferroni,0.0010183999984292313,1.0
1.0,0.0,0.0,0,14,1000,0.1,90,hoeffding,0.0003513999981805682,1.0
1.0,0.21428571428571427,0.0,3,14,1000,0.1,90,holm,0.0005050000036135316,
1.0,0.35714285714285715,0.0,5,14,1000,0.1,91,pointwise,0.0008837000059429556,0.0
1.0,0.21428571428571427,0.0,3,14,1000,0.1,91,normal_bonferroni,0.000603299995418638,1.0
1.0,0.21428571428571427,0.0,3,14,1000,0.1,91,multiplier,0.003820199999609031,1.0
1.0,0.21428571428571427,0.0,3,14,1000,0.1,91,exact_bonferroni,0.0011201000015717,1.0
1.0,0.07142857142857142,0.0,1,14,1000,0.1,91,hoeffding,0.00037000000156695023,1.0
1.0,0.21428571428571427,0.0,3,14,1000,0.1,91,holm,0.0005308999971020967,
1.0,0.5714285714285714,0.0,8,14,1000,0.1,92,pointwise,0.0007040000054985285,0.0
1.0,0.42857142857142855,0.0,6,14,1000,0.1,92,normal_bonferroni,0.00064340000244556,1.0
1.0,0.42857142857142855,0.0,6,14,1000,0.1,92,multiplier,0.0032799000036902726,1.0
1.0,0.42857142857142855,0.0,6,14,1000,0.1,92,exact_bonferroni,0.0009733000042615458,1.0
1.0,0.14285714285714285,0.0,2,14,1000,0.1,92,hoeffding,0.00036440000258153304,1.0
1.0,0.42857142857142855,0.0,6,14,1000,0.1,92,holm,0.0008091999989119358,
1.0,0.7142857142857143,0.0,10,14,1000,0.1,93,pointwise,0.000731100000848528,0.0
1.0,0.35714285714285715,0.0,5,14,1000,0.1,93,normal_bonferroni,0.000640500002191402,1.0
1.0,0.35714285714285715,0.0,5,14,1000,0.1,93,multiplier,0.0037145999958738685,1.0
1.0,0.2857142857142857,0.0,4,14,1000,0.1,93,exact_bonferroni,0.0010117999991052784,1.0
1.0,0.21428571428571427,0.0,3,14,1000,0.1,93,hoeffding,0.0003502999970805831,1.0
1.0,0.35714285714285715,0.0,5,14,1000,0.1,93,holm,0.0005490000039571896,
1.0,0.5,0.0,7,14,1000,0.1,94,pointwise,0.0006772999986424111,0.0
1.0,0.35714285714285715,0.0,5,14,1000,0.1,94,normal_bonferroni,0.0006272000027820468,1.0
1.0,0.35714285714285715,0.0,5,14,1000,0.1,94,multiplier,0.004145799997786526,1.0
1.0,0.35714285714285715,0.0,5,14,1000,0.1,94,exact_bonferroni,0.0011947000020882115,1.0
1.0,0.2857142857142857,0.0,4,14,1000,0.1,94,hoeffding,0.0004811999970115721,1.0
1.0,0.35714285714285715,0.0,5,14,1000,0.1,94,holm,0.0005603000026894733,
1.0,0.42857142857142855,0.0,6,14,1000,0.1,95,pointwise,0.0006846999967820011,1.0
1.0,0.2857142857142857,0.0,4,14,1000,0.1,95,normal_bonferroni,0.0006257999993977137,1.0
1.0,0.2857142857142857,0.0,4,14,1000,0.1,95,multiplier,0.0033650000041234307,1.0
1.0,0.21428571428571427,0.0,3,14,1000,0.1,95,exact_bonferroni,0.0011844000036944635,1.0
1.0,0.07142857142857142,0.0,1,14,1000,0.1,95,hoeffding,0.0003119999964837916,1.0
1.0,0.21428571428571427,0.0,3,14,1000,0.1,95,holm,0.0003622999938670546,
1.0,0.42857142857142855,0.0,6,14,1000,0.1,96,pointwise,0.0006719000011798926,0.0
1.0,0.14285714285714285,0.0,2,14,1000,0.1,96,normal_bonferroni,0.0009723999974085018,1.0
1.0,0.14285714285714285,0.0,2,14,1000,0.1,96,multiplier,0.0031649000011384487,1.0
1.0,0.14285714285714285,0.0,2,14,1000,0.1,96,exact_bonferroni,0.0009513000040897168,1.0
1.0,0.07142857142857142,0.0,1,14,1000,0.1,96,hoeffding,0.0003243999963160604,1.0
1.0,0.14285714285714285,0.0,2,14,1000,0.1,96,holm,0.0004693999944720417,
1.0,0.6428571428571429,0.0,9,14,1000,0.1,97,pointwise,0.0007031999994069338,1.0
1.0,0.21428571428571427,0.0,3,14,1000,0.1,97,normal_bonferroni,0.0006825000018579885,1.0
1.0,0.21428571428571427,0.0,3,14,1000,0.1,97,multiplier,0.00298060000204714,1.0
1.0,0.14285714285714285,0.0,2,14,1000,0.1,97,exact_bonferroni,0.0010817999936989509,1.0
1.0,0.14285714285714285,0.0,2,14,1000,0.1,97,hoeffding,0.0003587000028346665,1.0
1.0,0.21428571428571427,0.0,3,14,1000,0.1,97,holm,0.0005124999952386133,
1.0,0.6428571428571429,0.0,9,14,1000,0.1,98,pointwise,0.0009557000012136996,0.0
1.0,0.35714285714285715,0.0,5,14,1000,0.1,98,normal_bonferroni,0.0006744999991497025,1.0
1.0,0.35714285714285715,0.0,5,14,1000,0.1,98,multiplier,0.003100100002484396,1.0
1.0,0.35714285714285715,0.0,5,14,1000,0.1,98,exact_bonferroni,0.0008911999975680374,1.0
1.0,0.21428571428571427,0.0,3,14,1000,0.1,98,hoeffding,0.00032310000096913427,1.0
1.0,0.35714285714285715,0.0,5,14,1000,0.1,98,holm,0.0004944000029354356,
1.0,0.42857142857142855,0.0,6,14,1000,0.1,99,pointwise,0.0005337999973562546,0.0
1.0,0.35714285714285715,0.0,5,14,1000,0.1,99,normal_bonferroni,0.000610499999311287,1.0
1.0,0.35714285714285715,0.0,5,14,1000,0.1,99,multiplier,0.0032503999973414466,1.0
1.0,0.35714285714285715,0.0,5,14,1000,0.1,99,exact_bonferroni,0.000911999995878432,1.0
1.0,0.21428571428571427,0.0,3,14,1000,0.1,99,hoeffding,0.00033180000173160806,1.0
1.0,0.35714285714285715,0.0,5,14,1000,0.1,99,holm,0.0004788000005646609,
1.0,0.42857142857142855,0.0,6,14,1000,0.1,100,pointwise,0.0009789999967324547,1.0
1.0,0.14285714285714285,0.0,2,14,1000,0.1,100,normal_bonferroni,0.0006491999956779182,1.0
1.0,0.14285714285714285,0.0,2,14,1000,0.1,100,multiplier,0.0033335999978589825,1.0
1.0,0.14285714285714285,0.0,2,14,1000,0.1,100,exact_bonferroni,0.001061499999195803,1.0
1.0,0.14285714285714285,0.0,2,14,1000,0.1,100,hoeffding,0.0003510999958962202,1.0
1.0,0.14285714285714285,0.0,2,14,1000,0.1,100,holm,0.0005227999936323613,
1.0,0.6428571428571429,0.0,9,14,1000,0.1,101,pointwise,0.0006856999971205369,0.0
1.0,0.2857142857142857,0.0,4,14,1000,0.1,101,normal_bonferroni,0.0006551999977091327,1.0
1.0,0.2857142857142857,0.0,4,14,1000,0.1,101,multiplier,0.0032179000045289285,1.0
1.0,0.2857142857142857,0.0,4,14,1000,0.1,101,exact_bonferroni,0.0008803999953670427,1.0
1.0,0.21428571428571427,0.0,3,14,1000,0.1,101,hoeffding,0.0003789000038523227,1.0
1.0,0.2857142857142857,0.0,4,14,1000,0.1,101,holm,0.0005757000035373494,
1.0,0.7142857142857143,0.0,10,14,1000,0.1,102,pointwise,0.001094899998861365,0.0
1.0,0.42857142857142855,0.0,6,14,1000,0.1,102,normal_bonferroni,0.0006128000022727065,1.0
1.0,0.42857142857142855,0.0,6,14,1000,0.1,102,multiplier,0.0033958999993046746,1.0
1.0,0.2857142857142857,0.0,4,14,1000,0.1,102,exact_bonferroni,0.0009429999990970828,1.0
1.0,0.21428571428571427,0.0,3,14,1000,0.1,102,hoeffding,0.00037000000156695023,1.0
1.0,0.35714285714285715,0.0,5,14,1000,0.1,102,holm,0.0005095000014989637,
1.0,0.6428571428571429,0.0,9,14,1000,0.1,103,pointwise,0.0006833999941591173,0.0
1.0,0.35714285714285715,0.0,5,14,1000,0.1,103,normal_bonferroni,0.0006137000018497929,0.0
1.0,0.35714285714285715,0.0,5,14,1000,0.1,103,multiplier,0.004102999999304302,0.0
1.0,0.2857142857142857,0.0,4,14,1000,0.1,103,exact_bonferroni,0.001273800000490155,0.0
1.0,0.14285714285714285,0.0,2,14,1000,0.1,103,hoeffding,0.00037039999733678997,1.0
1.0,0.35714285714285715,0.0,5,14,1000,0.1,103,holm,0.0005640000017592683,
1.0,0.5,0.0,7,14,1000,0.1,104,pointwise,0.0006762999983038753,0.0
1.0,0.14285714285714285,0.0,2,14,1000,0.1,104,normal_bonferroni,0.0006554999999934807,1.0
1.0,0.14285714285714285,0.0,2,14,1000,0.1,104,multiplier,0.0030936000039218925,1.0
1.0,0.14285714285714285,0.0,2,14,1000,0.1,104,exact_bonferroni,0.0009633000008761883,1.0
1.0,0.07142857142857142,0.0,1,14,1000,0.1,104,hoeffding,0.00030870000045979396,1.0
1.0,0.14285714285714285,0.0,2,14,1000,0.1,104,holm,0.0003409999990253709,
1.0,0.5,0.0,7,14,1000,0.1,105,pointwise,0.0006590999983018264,1.0
1.0,0.14285714285714285,0.0,2,14,1000,0.1,105,normal_bonferroni,0.0006139999968581833,1.0
1.0,0.14285714285714285,0.0,2,14,1000,0.1,105,multiplier,0.0023119000034057535,1.0
1.0,0.14285714285714285,0.0,2,14,1000,0.1,105,exact_bonferroni,0.0013877000019419938,1.0
1.0,0.07142857142857142,0.0,1,14,1000,0.1,105,hoeffding,0.0004047999973408878,1.0
1.0,0.14285714285714285,0.0,2,14,1000,0.1,105,holm,0.0005347999976947904,
1.0,0.5,0.0,7,14,1000,0.1,106,pointwise,0.000731100000848528,0.0
1.0,0.35714285714285715,0.0,5,14,1000,0.1,106,normal_bonferroni,0.0006782999989809468,1.0
1.0,0.35714285714285715,0.0,5,14,1000,0.1,106,multiplier,0.0035769000023719855,1.0
1.0,0.2857142857142857,0.0,4,14,1000,0.1,106,exact_bonferroni,0.001044299999193754,1.0
1.0,0.14285714285714285,0.0,2,14,1000,0.1,106,hoeffding,0.0003847999978461303,1.0
1.0,0.35714285714285715,0.0,5,14,1000,0.1,106,holm,0.0006385999949998222,
1.0,0.5,0.0,7,14,1000,0.1,107,pointwise,0.0007760999942547642,0.0
1.0,0.21428571428571427,0.0,3,14,1000,0.1,107,normal_bonferroni,0.0008219000010285527,1.0
1.0,0.21428571428571427,0.0,3,14,1000,0.1,107,multiplier,0.004237900000589434,1.0
1.0,0.21428571428571427,0.0,3,14,1000,0.1,107,exact_bonferroni,0.0012528999941423535,1.0
1.0,0.21428571428571427,0.0,3,14,1000,0.1,107,hoeffding,0.00042750000284286216,1.0
1.0,0.21428571428571427,0.0,3,14,1000,0.1,107,holm,0.0005897999944863841,
1.0,0.6428571428571429,0.0,9,14,1000,0.1,108,pointwise,0.0007399000023724511,0.0
1.0,0.2857142857142857,0.0,4,14,1000,0.1,108,normal_bonferroni,0.0007190000033006072,1.0
1.0,0.21428571428571427,0.0,3,14,1000,0.1,108,multiplier,0.002512799997930415,1.0
1.0,0.21428571428571427,0.0,3,14,1000,0.1,108,exact_bonferroni,0.0009038999996846542,1.0
1.0,0.21428571428571427,0.0,3,14,1000,0.1,108,hoeffding,0.00046860000293236226,1.0
1.0,0.21428571428571427,0.0,3,14,1000,0.1,108,holm,0.00033039999834727496,
1.0,0.42857142857142855,0.0,6,14,1000,0.1,109,pointwise,0.0005846999993082136,1.0
1.0,0.21428571428571427,0.0,3,14,1000,0.1,109,normal_bonferroni,0.0006852000005892478,1.0
1.0,0.2857142857142857,0.0,4,14,1000,0.1,109,multiplier,0.0035518000004231,1.0
1.0,0.21428571428571427,0.0,3,14,1000,0.1,109,exact_bonferroni,0.0010044000009656884,1.0
1.0,0.14285714285714285,0.0,2,14,1000,0.1,109,hoeffding,0.0003615000023273751,1.0
1.0,0.21428571428571427,0.0,3,14,1000,0.1,109,holm,0.0005365000033634715,
1.0,0.5,0.0,7,14,1000,0.1,110,pointwise,0.0009488999930908903,0.0
1.0,0.35714285714285715,0.0,5,14,1000,0.1,110,normal_bonferroni,0.0007144000046537258,1.0
1.0,0.35714285714285715,0.0,5,14,1000,0.1,110,multiplier,0.0034541999993962236,1.0
1.0,0.35714285714285715,0.0,5,14,1000,0.1,110,exact_bonferroni,0.0009812000062083825,1.0
1.0,0.2857142857142857,0.0,4,14,1000,0.1,110,hoeffding,0.0003493999975034967,1.0
1.0,0.35714285714285715,0.0,5,14,1000,0.1,110,holm,0.0004985999985365197,
1.0,0.5,0.0,7,14,1000,0.1,111,pointwise,0.0007039999982225709,1.0
1.0,0.2857142857142857,0.0,4,14,1000,0.1,111,normal_bonferroni,0.0006386999957612716,1.0
1.0,0.2857142857142857,0.0,4,14,1000,0.1,111,multiplier,0.003387100005056709,1.0
1.0,0.21428571428571427,0.0,3,14,1000,0.1,111,exact_bonferroni,0.0006070999952498823,1.0
1.0,0.07142857142857142,0.0,1,14,1000,0.1,111,hoeffding,0.00019910000264644623,1.0
1.0,0.21428571428571427,0.0,3,14,1000,0.1,111,holm,0.00041969999438151717,
1.0,0.6428571428571429,0.0,9,14,1000,0.1,112,pointwise,0.0006848999983048998,0.0
1.0,0.2857142857142857,0.0,4,14,1000,0.1,112,normal_bonferroni,0.0006464000034611672,1.0
1.0,0.2857142857142857,0.0,4,14,1000,0.1,112,multiplier,0.003363899995747488,1.0
1.0,0.2857142857142857,0.0,4,14,1000,0.1,112,exact_bonferroni,0.0009109000020544045,1.0
1.0,0.14285714285714285,0.0,2,14,1000,0.1,112,hoeffding,0.0003242999955546111,1.0
1.0,0.2857142857142857,0.0,4,14,1000,0.1,112,holm,0.00047700000141048804,
1.0,0.5714285714285714,0.0,8,14,1000,0.1,113,pointwise,0.0007037000032141805,0.0
1.0,0.2857142857142857,0.0,4,14,1000,0.1,113,normal_bonferroni,0.0006509000013465993,1.0
1.0,0.2857142857142857,0.0,4,14,1000,0.1,113,multiplier,0.003315500005555805,1.0
1.0,0.2857142857142857,0.0,4,14,1000,0.1,113,exact_bonferroni,0.0009370000043418258,1.0
1.0,0.21428571428571427,0.0,3,14,1000,0.1,113,hoeffding,0.00032869999995455146,1.0
1.0,0.2857142857142857,0.0,4,14,1000,0.1,113,holm,0.0005021999968448654,
1.0,0.42857142857142855,0.0,6,14,1000,0.1,114,pointwise,0.000647100001515355,1.0
1.0,0.35714285714285715,0.0,5,14,1000,0.1,114,normal_bonferroni,0.0005977000037091784,1.0
1.0,0.35714285714285715,0.0,5,14,1000,0.1,114,multiplier,0.00302689999807626,1.0
1.0,0.35714285714285715,0.0,5,14,1000,0.1,114,exact_bonferroni,0.0008633999968878925,1.0
1.0,0.0,0.0,0,14,1000,0.1,114,hoeffding,0.0003068000005441718,1.0
1.0,0.35714285714285715,0.0,5,14,1000,0.1,114,holm,0.00045849999878555536,
1.0,0.5714285714285714,0.0,8,14,1000,0.1,115,pointwise,0.0007334000038099475,0.0
1.0,0.2857142857142857,0.0,4,14,1000,0.1,115,normal_bonferroni,0.0006064000044716522,1.0
1.0,0.2857142857142857,0.0,4,14,1000,0.1,115,multiplier,0.003133400001388509,1.0
1.0,0.21428571428571427,0.0,3,14,1000,0.1,115,exact_bonferroni,0.0009175999948638491,1.0
1.0,0.07142857142857142,0.0,1,14,1000,0.1,115,hoeffding,0.00032389999978477135,1.0
1.0,0.21428571428571427,0.0,3,14,1000,0.1,115,holm,0.00046779999684076756,
1.0,0.7142857142857143,0.0,10,14,1000,0.1,116,pointwise,0.0005907000013394281,0.0
1.0,0.5,0.0,7,14,1000,0.1,116,normal_bonferroni,0.0005919000032008626,0.0
1.0,0.5,0.0,7,14,1000,0.1,116,multiplier,0.0030428999962168746,0.0
1.0,0.5,0.0,7,14,1000,0.1,116,exact_bonferroni,0.0008756000024732202,1.0
1.0,0.2857142857142857,0.0,4,14,1000,0.1,116,hoeffding,0.00032110000029206276,1.0
1.0,0.5,0.0,7,14,1000,0.1,116,holm,0.00046350000047823414,
1.0,0.42857142857142855,0.0,6,14,1000,0.1,117,pointwise,0.0004887999966740608,0.0
1.0,0.21428571428571427,0.0,3,14,1000,0.1,117,normal_bonferroni,0.00037629999860655516,1.0
1.0,0.21428571428571427,0.0,3,14,1000,0.1,117,multiplier,0.00279910000244854,1.0
1.0,0.21428571428571427,0.0,3,14,1000,0.1,117,exact_bonferroni,0.0009619999982533045,1.0
1.0,0.21428571428571427,0.0,3,14,1000,0.1,117,hoeffding,0.0003295999995316379,1.0
1.0,0.21428571428571427,0.0,3,14,1000,0.1,117,holm,0.00048230000538751483,
1.0,0.5,0.0,7,14,1000,0.1,118,pointwise,0.0006205999961821362,1.0
1.0,0.2857142857142857,0.0,4,14,1000,0.1,118,normal_bonferroni,0.00057080000260612,1.0
1.0,0.2857142857142857,0.0,4,14,1000,0.1,118,multiplier,0.0029463000028044917,1.0
1.0,0.2857142857142857,0.0,4,14,1000,0.1,118,exact_bonferroni,0.0009026999978232197,1.0
1.0,0.21428571428571427,0.0,3,14,1000,0.1,118,hoeffding,0.00030759999935980886,1.0
1.0,0.2857142857142857,0.0,4,14,1000,0.1,118,holm,0.00045540000428445637,
1.0,0.42857142857142855,0.0,6,14,1000,0.1,119,pointwise,0.0006021000008331612,1.0
1.0,0.14285714285714285,0.0,2,14,1000,0.1,119,normal_bonferroni,0.0005929000035393983,1.0
1.0,0.14285714285714285,0.0,2,14,1000,0.1,119,multiplier,0.003068199999688659,1.0
1.0,0.14285714285714285,0.0,2,14,1000,0.1,119,exact_bonferroni,0.0008630999946035445,1.0
1.0,0.07142857142857142,0.0,1,14,1000,0.1,119,hoeffding,0.00030750000587431714,1.0
1.0,0.14285714285714285,0.0,2,14,1000,0.1,119,holm,0.00045759999920846894,
1.0,0.42857142857142855,0.0,6,14,1000,0.1,120,pointwise,0.0006261000016820617,1.0
1.0,0.2857142857142857,0.0,4,14,1000,0.1,120,normal_bonferroni,0.0005557999975280836,1.0
1.0,0.2857142857142857,0.0,4,14,1000,0.1,120,multiplier,0.003205399996659253,1.0
1.0,0.21428571428571427,0.0,3,14,1000,0.1,120,exact_bonferroni,0.0008961999992607161,1.0
1.0,0.07142857142857142,0.0,1,14,1000,0.1,120,hoeffding,0.00032529999589314684,1.0
1.0,0.21428571428571427,0.0,3,14,1000,0.1,120,holm,0.0004606000002240762,
1.0,0.42857142857142855,0.0,6,14,1000,0.1,121,pointwise,0.0006542999981320463,1.0
1.0,0.21428571428571427,0.0,3,14,1000,0.1,121,normal_bonferroni,0.0006046999988029711,1.0
1.0,0.21428571428571427,0.0,3,14,1000,0.1,121,multiplier,0.002960899997560773,1.0
1.0,0.21428571428571427,0.0,3,14,1000,0.1,121,exact_bonferroni,0.0011903000049642287,1.0
1.0,0.07142857142857142,0.0,1,14,1000,0.1,121,hoeffding,0.0003580000047804788,1.0
1.0,0.21428571428571427,0.0,3,14,1000,0.1,121,holm,0.0004093000025022775,
1.0,0.5,0.0,7,14,1000,0.1,122,pointwise,0.0005041999975219369,0.0
1.0,0.2857142857142857,0.0,4,14,1000,0.1,122,normal_bonferroni,0.0006905000045662746,1.0
1.0,0.2857142857142857,0.0,4,14,1000,0.1,122,multiplier,0.003270899993367493,1.0
1.0,0.21428571428571427,0.0,3,14,1000,0.1,122,exact_bonferroni,0.0009121000039158389,1.0
1.0,0.0,0.0,0,14,1000,0.1,122,hoeffding,0.00032529999589314684,1.0
1.0,0.21428571428571427,0.0,3,14,1000,0.1,122,holm,0.0004853000064031221,
1.0,0.5714285714285714,0.0,8,14,1000,0.1,123,pointwise,0.0006560000038007274,0.0
1.0,0.21428571428571427,0.0,3,14,1000,0.1,123,normal_bonferroni,0.0008192999957827851,1.0
1.0,0.21428571428571427,0.0,3,14,1000,0.1,123,multiplier,0.0031817999988561496,1.0
1.0,0.21428571428571427,0.0,3,14,1000,0.1,123,exact_bonferroni,0.0011106999954790808,1.0
1.0,0.14285714285714285,0.0,2,14,1000,0.1,123,hoeffding,0.00114900000335183,1.0
1.0,0.21428571428571427,0.0,3,14,1000,0.1,123,holm,0.000774300002376549,
1.0,0.7142857142857143,0.0,10,14,1000,0.1,124,pointwise,0.0007085999968694523,0.0
1.0,0.5,0.0,7,14,1000,0.1,124,normal_bonferroni,0.0006506999998237006,0.0
1.0,0.5,0.0,7,14,1000,0.1,124,multiplier,0.0034538999971118756,0.0
1.0,0.5,0.0,7,14,1000,0.1,124,exact_bonferroni,0.0007022999998298474,0.0
1.0,0.35714285714285715,0.0,5,14,1000,0.1,124,hoeffding,0.00019460000476101413,1.0
1.0,0.5,0.0,7,14,1000,0.1,124,holm,0.00028810000367229804,
1.0,0.35714285714285715,0.0,5,14,1000,0.1,125,pointwise,0.0006860000066808425,0.0
1.0,0.2857142857142857,0.0,4,14,1000,0.1,125,normal_bonferroni,0.0006208000049809925,1.0
1.0,0.2857142857142857,0.0,4,14,1000,0.1,125,multiplier,0.002216799999587238,1.0
1.0,0.2857142857142857,0.0,4,14,1000,0.1,125,exact_bonferroni,0.0009335999930044636,1.0
1.0,0.14285714285714285,0.0,2,14,1000,0.1,125,hoeffding,0.0003606000027502887,1.0
1.0,0.2857142857142857,0.0,4,14,1000,0.1,125,holm,0.0004971000016666949,
1.0,0.5714285714285714,0.0,8,14,1000,0.1,126,pointwise,0.0006412000002455898,1.0
1.0,0.2857142857142857,0.0,4,14,1000,0.1,126,normal_bonferroni,0.0005914999928791076,1.0
1.0,0.2857142857142857,0.0,4,14,1000,0.1,126,multiplier,0.002958799996122252,1.0
1.0,0.2857142857142857,0.0,4,14,1000,0.1,126,exact_bonferroni,0.0010525000034249388,1.0
1.0,0.14285714285714285,0.0,2,14,1000,0.1,126,hoeffding,0.00037540000630542636,1.0
1.0,0.2857142857142857,0.0,4,14,1000,0.1,126,holm,0.000822199996036943,
1.0,0.35714285714285715,0.0,5,14,1000,0.1,127,pointwise,0.0005701999980374239,1.0
1.0,0.07142857142857142,0.0,1,14,1000,0.1,127,normal_bonferroni,0.0006417999975383282,1.0
1.0,0.07142857142857142,0.0,1,14,1000,0.1,127,multiplier,0.0036642999984906055,1.0
1.0,0.07142857142857142,0.0,1,14,1000,0.1,127,exact_bonferroni,0.001164900000730995,1.0
1.0,0.07142857142857142,0.0,1,14,1000,0.1,127,hoeffding,0.00038610000046901405,1.0
1.0,0.07142857142857142,0.0,1,14,1000,0.1,127,holm,0.0005208000002312474,
1.0,0.6428571428571429,0.0,9,14,1000,0.1,128,pointwise,0.0006783999997423962,0.0
1.0,0.2857142857142857,0.0,4,14,1000,0.1,128,normal_bonferroni,0.0006724000049871393,1.0
1.0,0.2857142857142857,0.0,4,14,1000,0.1,128,multiplier,0.0034140000061597675,1.0
1.0,0.2857142857142857,0.0,4,14,1000,0.1,128,exact_bonferroni,0.001046700002916623,1.0
1.0,0.14285714285714285,0.0,2,14,1000,0.1,128,hoeffding,0.000371000001905486,1.0
1.0,0.2857142857142857,0.0,4,14,1000,0.1,128,holm,0.0005453999983728863,
1.0,0.5,0.0,7,14,1000,0.1,129,pointwise,0.0007369000013568439,0.0
1.0,0.35714285714285715,0.0,5,14,1000,0.1,129,normal_bonferroni,0.0006626000031246804,1.0
1.0,0.35714285714285715,0.0,5,14,1000,0.1,129,multiplier,0.0034592000010889024,1.0
1.0,0.35714285714285715,0.0,5,14,1000,0.1,129,exact_bonferroni,0.0010210000036749989,1.0
1.0,0.14285714285714285,0.0,2,14,1000,0.1,129,hoeffding,0.00036099999852012843,1.0
1.0,0.35714285714285715,0.0,5,14,1000,0.1,129,holm,0.0005593000023509376,
1.0,0.5,0.0,7,14,1000,0.1,130,pointwise,0.0006953999982215464,0.0
1.0,0.21428571428571427,0.0,3,14,1000,0.1,130,normal_bonferroni,0.0006556000007549301,1.0
1.0,0.21428571428571427,0.0,3,14,1000,0.1,130,multiplier,0.00318400000105612,1.0
1.0,0.21428571428571427,0.0,3,14,1000,0.1,130,exact_bonferroni,0.000720000003639143,1.0
1.0,0.07142857142857142,0.0,1,14,1000,0.1,130,hoeffding,0.00040530000114813447,1.0
1.0,0.21428571428571427,0.0,3,14,1000,0.1,130,holm,0.0005333999943104573,
1.0,0.6428571428571429,0.0,9,14,1000,0.1,131,pointwise,0.0007059000054141507,0.0
1.0,0.2857142857142857,0.0,4,14,1000,0.1,131,normal_bonferroni,0.0007815999997546896,1.0
1.0,0.2857142857142857,0.0,4,14,1000,0.1,131,multiplier,0.002702900004805997,1.0
1.0,0.21428571428571427,0.0,3,14,1000,0.1,131,exact_bonferroni,0.0009160000045085326,1.0
1.0,0.14285714285714285,0.0,2,14,1000,0.1,131,hoeffding,0.0003738000013981946,1.0
1.0,0.21428571428571427,0.0,3,14,1000,0.1,131,holm,0.0005388999998103827,
1.0,0.5714285714285714,0.0,8,14,1000,0.1,132,pointwise,0.000702000004821457,0.0
1.0,0.5,0.0,7,14,1000,0.1,132,normal_bonferroni,0.0006999999968684278,1.0
1.0,0.5,0.0,7,14,1000,0.1,132,multiplier,0.003420200002437923,1.0
1.0,0.5,0.0,7,14,1000,0.1,132,exact_bonferroni,0.0010084000023198314,1.0
1.0,0.35714285714285715,0.0,5,14,1000,0.1,132,hoeffding,0.00035689999640453607,1.0
1.0,0.5,0.0,7,14,1000,0.1,132,holm,0.0005107000033603981,
1.0,0.35714285714285715,0.0,5,14,1000,0.1,133,pointwise,0.0009214000019710511,1.0
1.0,0.2857142857142857,0.0,4,14,1000,0.1,133,normal_bonferroni,0.000708799998392351,1.0
1.0,0.2857142857142857,0.0,4,14,1000,0.1,133,multiplier,0.0034034999989671633,1.0
1.0,0.2857142857142857,0.0,4,14,1000,0.1,133,exact_bonferroni,0.0010355999984312803,1.0
1.0,0.07142857142857142,0.0,1,14,1000,0.1,133,hoeffding,0.00036779999936698005,1.0
1.0,0.2857142857142857,0.0,4,14,1000,0.1,133,holm,0.0005243000050541013,
1.0,0.42857142857142855,0.0,6,14,1000,0.1,134,pointwise,0.0007317999989027157,0.0
1.0,0.35714285714285715,0.0,5,14,1000,0.1,134,normal_bonferroni,0.0006520000024465844,1.0
1.0,0.35714285714285715,0.0,5,14,1000,0.1,134,multiplier,0.003385399999388028,1.0
1.0,0.2857142857142857,0.0,4,14,1000,0.1,134,exact_bonferroni,0.0011419000002206303,1.0
1.0,0.07142857142857142,0.0,1,14,1000,0.1,134,hoeffding,0.00037349999911384657,1.0
1.0,0.35714285714285715,0.0,5,14,1000,0.1,134,holm,0.0005740000051446259,
1.0,0.5,0.0,7,14,1000,0.1,135,pointwise,0.0006979000027058646,0.0
1.0,0.2857142857142857,0.0,4,14,1000,0.1,135,normal_bonferroni,0.0006261999951675534,1.0
1.0,0.2857142857142857,0.0,4,14,1000,0.1,135,multiplier,0.0032738000008976087,1.0
1.0,0.2857142857142857,0.0,4,14,1000,0.1,135,exact_bonferroni,0.0009417999972356483,1.0
1.0,0.07142857142857142,0.0,1,14,1000,0.1,135,hoeffding,0.0003398000044398941,1.0
1.0,0.2857142857142857,0.0,4,14,1000,0.1,135,holm,0.0005213999975239858,
0.0,0.6428571428571429,0.18181818181818182,11,14,1000,0.1,136,pointwise,0.0004819000023417175,0.0
0.0,0.21428571428571427,0.25,4,14,1000,0.1,136,normal_bonferroni,0.00040669999725650996,0.0
0.0,0.21428571428571427,0.25,4,14,1000,0.1,136,multiplier,0.00232500000129221,0.0
1.0,0.21428571428571427,0.0,3,14,1000,0.1,136,exact_bonferroni,0.0009666999976616353,0.0
1.0,0.14285714285714285,0.0,2,14,1000,0.1,136,hoeffding,0.0003453999961493537,1.0
0.0,0.21428571428571427,0.25,4,14,1000,0.1,136,holm,0.0005277000018395483,
1.0,0.5,0.0,7,14,1000,0.1,137,pointwise,0.0006712000031257048,0.0
1.0,0.2857142857142857,0.0,4,14,1000,0.1,137,normal_bonferroni,0.000661599995510187,1.0
1.0,0.2857142857142857,0.0,4,14,1000,0.1,137,multiplier,0.00345730000117328,1.0
1.0,0.2857142857142857,0.0,4,14,1000,0.1,137,exact_bonferroni,0.0009894999966491014,1.0
1.0,0.21428571428571427,0.0,3,14,1000,0.1,137,hoeffding,0.00033460000122431666,1.0
1.0,0.2857142857142857,0.0,4,14,1000,0.1,137,holm,0.0004743000026792288,
1.0,0.5714285714285714,0.0,8,14,1000,0.1,138,pointwise,0.0006523999982164241,0.0
1.0,0.35714285714285715,0.0,5,14,1000,0.1,138,normal_bonferroni,0.0006613000005017966,1.0
1.0,0.35714285714285715,0.0,5,14,1000,0.1,138,multiplier,0.0034167999983765185,1.0
1.0,0.2857142857142857,0.0,4,14,1000,0.1,138,exact_bonferroni,0.0009535999997751787,1.0
1.0,0.2857142857142857,0.0,4,14,1000,0.1,138,hoeffding,0.0003208999987691641,1.0
1.0,0.35714285714285715,0.0,5,14,1000,0.1,138,holm,0.00046120000479277223,
1.0,0.5714285714285714,0.0,8,14,1000,0.1,139,pointwise,0.0006234999964362942,0.0
1.0,0.2857142857142857,0.0,4,14,1000,0.1,139,normal_bonferroni,0.00062189999880502,1.0
1.0,0.2857142857142857,0.0,4,14,1000,0.1,139,multiplier,0.003194700002495665,1.0
1.0,0.14285714285714285,0.0,2,14,1000,0.1,139,exact_bonferroni,0.0006737000003340654,1.0
1.0,0.07142857142857142,0.0,1,14,1000,0.1,139,hoeffding,0.00023599999985890463,1.0
1.0,0.21428571428571427,0.0,3,14,1000,0.1,139,holm,0.00031370000215247273,
1.0,0.5714285714285714,0.0,8,14,1000,0.1,140,pointwise,0.0006554999999934807,0.0
1.0,0.35714285714285715,0.0,5,14,1000,0.1,140,normal_bonferroni,0.0003758000020752661,1.0
1.0,0.35714285714285715,0.0,5,14,1000,0.1,140,multiplier,0.003141200002573896,1.0
1.0,0.2857142857142857,0.0,4,14,1000,0.1,140,exact_bonferroni,0.000901699997484684,1.0
1.0,0.07142857142857142,0.0,1,14,1000,0.1,140,hoeffding,0.0003219999998691492,1.0
1.0,0.35714285714285715,0.0,5,14,1000,0.1,140,holm,0.0005082999996375293,
1.0,0.5714285714285714,0.0,8,14,1000,0.1,141,pointwise,0.0006364000000758097,0.0
1.0,0.07142857142857142,0.0,1,14,1000,0.1,141,normal_bonferroni,0.0006147000021883287,1.0
1.0,0.07142857142857142,0.0,1,14,1000,0.1,141,multiplier,0.003031200001714751,1.0
1.0,0.07142857142857142,0.0,1,14,1000,0.1,141,exact_bonferroni,0.000895099998160731,1.0
1.0,0.0,0.0,0,14,1000,0.1,141,hoeffding,0.0003318999952170998,1.0
1.0,0.07142857142857142,0.0,1,14,1000,0.1,141,holm,0.0004988000000594184,
1.0,0.6428571428571429,0.0,9,14,1000,0.1,142,pointwise,0.0010419999962323345,0.0
1.0,0.35714285714285715,0.0,5,14,1000,0.1,142,normal_bonferroni,0.0006450000000768341,1.0
1.0,0.35714285714285715,0.0,5,14,1000,0.1,142,multiplier,0.003275099996244535,1.0
1.0,0.35714285714285715,0.0,5,14,1000,0.1,142,exact_bonferroni,0.0008935000005294569,1.0
1.0,0.14285714285714285,0.0,2,14,1000,0.1,142,hoeffding,0.0003519999954733066,1.0
1.0,0.35714285714285715,0.0,5,14,1000,0.1,142,holm,0.0004562999965855852,
1.0,0.5,0.0,7,14,1000,0.1,143,pointwise,0.0006464999969466589,1.0
1.0,0.21428571428571427,0.0,3,14,1000,0.1,143,normal_bonferroni,0.0005984000017633662,1.0
1.0,0.21428571428571427,0.0,3,14,1000,0.1,143,multiplier,0.0030827000009594485,1.0
1.0,0.21428571428571427,0.0,3,14,1000,0.1,143,exact_bonferroni,0.0008368000053451397,1.0
1.0,0.14285714285714285,0.0,2,14,1000,0.1,143,hoeffding,0.00032249999640043825,1.0
1.0,0.21428571428571427,0.0,3,14,1000,0.1,143,holm,0.00048349999997299165,
1.0,0.6428571428571429,0.0,9,14,1000,0.1,144,pointwise,0.0006026000046404079,1.0
1.0,0.21428571428571427,0.0,3,14,1000,0.1,144,normal_bonferroni,0.0005813999960082583,1.0
1.0,0.21428571428571427,0.0,3,14,1000,0.1,144,multiplier,0.0033315000036964193,1.0
1.0,0.21428571428571427,0.0,3,14,1000,0.1,144,exact_bonferroni,0.0012757000004057772,1.0
1.0,0.07142857142857142,0.0,1,14,1000,0.1,144,hoeffding,0.0002350000067963265,1.0
1.0,0.21428571428571427,0.0,3,14,1000,0.1,144,holm,0.0004585999995470047,
1.0,0.35714285714285715,0.0,5,14,1000,0.1,145,pointwise,0.0009190999990096316,1.0
1.0,0.2857142857142857,0.0,4,14,1000,0.1,145,normal_bonferroni,0.0008268000019597821,1.0
1.0,0.2857142857142857,0.0,4,14,1000,0.1,145,multiplier,0.003154799996991642,1.0
1.0,0.21428571428571427,0.0,3,14,1000,0.1,145,exact_bonferroni,0.0008884999988367781,1.0
1.0,0.14285714285714285,0.0,2,14,1000,0.1,145,hoeffding,0.00031290000333683565,1.0
1.0,0.21428571428571427,0.0,3,14,1000,0.1,145,holm,0.0007431000049109571,
1.0,0.5714285714285714,0.0,8,14,1000,0.1,146,pointwise,0.000803099996119272,0.0
1.0,0.14285714285714285,0.0,2,14,1000,0.1,146,normal_bonferroni,0.0006758000017725863,1.0
1.0,0.14285714285714285,0.0,2,14,1000,0.1,146,multiplier,0.0034540999986347742,1.0
1.0,0.14285714285714285,0.0,2,14,1000,0.1,146,exact_bonferroni,0.000949200002651196,1.0
1.0,0.14285714285714285,0.0,2,14,1000,0.1,146,hoeffding,0.00034189999860245734,1.0
1.0,0.14285714285714285,0.0,2,14,1000,0.1,146,holm,0.0005362000010791235,
1.0,0.5714285714285714,0.0,8,14,1000,0.1,147,pointwise,0.0006979999961913563,1.0
1.0,0.21428571428571427,0.0,3,14,1000,0.1,147,normal_bonferroni,0.0005940000046393834,1.0
1.0,0.21428571428571427,0.0,3,14,1000,0.1,147,multiplier,0.003372699997271411,1.0
1.0,0.21428571428571427,0.0,3,14,1000,0.1,147,exact_bonferroni,0.0010142000028281473,1.0
1.0,0.14285714285714285,0.0,2,14,1000,0.1,147,hoeffding,0.00035180000122636557,1.0
1.0,0.21428571428571427,0.0,3,14,1000,0.1,147,holm,0.0005141000001458451,
1.0,0.5,0.0,7,14,1000,0.1,148,pointwise,0.0006777000016882084,0.0
1.0,0.2857142857142857,0.0,4,14,1000,0.1,148,normal_bonferroni,0.0006601999994018115,1.0
1.0,0.2857142857142857,0.0,4,14,1000,0.1,148,multiplier,0.0031233000045176595,1.0
1.0,0.2857142857142857,0.0,4,14,1000,0.1,148,exact_bonferroni,0.0009072000029846095,1.0
1.0,0.14285714285714285,0.0,2,14,1000,0.1,148,hoeffding,0.0003254999974160455,1.0
1.0,0.2857142857142857,0.0,4,14,1000,0.1,148,holm,0.00045989999489393085,
1.0,0.5,0.0,7,14,1000,0.1,149,pointwise,0.0006350000039674342,1.0
1.0,0.21428571428571427,0.0,3,14,1000,0.1,149,normal_bonferroni,0.0006457999988924712,1.0
1.0,0.21428571428571427,0.0,3,14,1000,0.1,149,multiplier,0.0034527999960118905,1.0
1.0,0.14285714285714285,0.0,2,14,1000,0.1,149,exact_bonferroni,0.000970599998254329,1.0
1.0,0.0,0.0,0,14,1000,0.1,149,hoeffding,0.0003507000001263805,1.0
1.0,0.21428571428571427,0.0,3,14,1000,0.1,149,holm,0.0005411000020103529,
1.0,0.5,0.0,7,14,1000,0.1,150,pointwise,0.0007022000063443556,1.0
1.0,0.21428571428571427,0.0,3,14,1000,0.1,150,normal_bonferroni,0.0006198999981279485,1.0
1.0,0.21428571428571427,0.0,3,14,1000,0.1,150,multiplier,0.0030841999978292733,1.0
1.0,0.14285714285714285,0.0,2,14,1000,0.1,150,exact_bonferroni,0.0008775999958743341,1.0
1.0,0.14285714285714285,0.0,2,14,1000,0.1,150,hoeffding,0.0003226000044378452,1.0
1.0,0.14285714285714285,0.0,2,14,1000,0.1,150,holm,0.0004611999975168146,
1.0,0.35714285714285715,0.0,5,14,1000,0.1,151,pointwise,0.000414399997680448,0.0
1.0,0.21428571428571427,0.0,3,14,1000,0.1,151,normal_bonferroni,0.00048349999997299165,1.0
1.0,0.21428571428571427,0.0,3,14,1000,0.1,151,multiplier,0.003118900000117719,1.0
1.0,0.21428571428571427,0.0,3,14,1000,0.1,151,exact_bonferroni,0.000967699998000171,1.0
1.0,0.07142857142857142,0.0,1,14,1000,0.1,151,hoeffding,0.0003431000004638918,1.0
1.0,0.21428571428571427,0.0,3,14,1000,0.1,151,holm,0.0005019999953219667,
0.0,0.42857142857142855,0.14285714285714285,7,14,1000,0.1,152,pointwise,0.000654499999654945,0.0
1.0,0.21428571428571427,0.0,3,14,1000,0.1,152,normal_bonferroni,0.0006595000013476238,1.0
1.0,0.21428571428571427,0.0,3,14,1000,0.1,152,multiplier,0.0030655000009573996,1.0
1.0,0.14285714285714285,0.0,2,14,1000,0.1,152,exact_bonferroni,0.0011643000034382567,1.0
1.0,0.14285714285714285,0.0,2,14,1000,0.1,152,hoeffding,0.0004112999959033914,1.0
1.0,0.14285714285714285,0.0,2,14,1000,0.1,152,holm,0.00048400000378023833,
1.0,0.5714285714285714,0.0,8,14,1000,0.1,153,pointwise,0.0006704999977955595,0.0
1.0,0.2857142857142857,0.0,4,14,1000,0.1,153,normal_bonferroni,0.0005964000010862947,1.0
1.0,0.2857142857142857,0.0,4,14,1000,0.1,153,multiplier,0.0024344999983441085,1.0
1.0,0.2857142857142857,0.0,4,14,1000,0.1,153,exact_bonferroni,0.0009385999946971424,1.0
1.0,0.14285714285714285,0.0,2,14,1000,0.1,153,hoeffding,0.0003282000034232624,1.0
1.0,0.2857142857142857,0.0,4,14,1000,0.1,153,holm,0.0004802999974344857,
1.0,0.2857142857142857,0.0,4,14,1000,0.1,154,pointwise,0.0004439999975147657,1.0
1.0,0.21428571428571427,0.0,3,14,1000,0.1,154,normal_bonferroni,0.0004561000023386441,1.0
1.0,0.21428571428571427,0.0,3,14,1000,0.1,154,multiplier,0.0030332000023918226,1.0
1.0,0.21428571428571427,0.0,3,14,1000,0.1,154,exact_bonferroni,0.0005526000022655353,1.0
1.0,0.07142857142857142,0.0,1,14,1000,0.1,154,hoeffding,0.00020470000163186342,1.0
1.0,0.21428571428571427,0.0,3,14,1000,0.1,154,holm,0.00045759999920846894,
1.0,0.6428571428571429,0.0,9,14,1000,0.1,155,pointwise,0.0006607999966945499,1.0
1.0,0.21428571428571427,0.0,3,14,1000,0.1,155,normal_bonferroni,0.0005921000047237612,1.0
1.0,0.21428571428571427,0.0,3,14,1000,0.1,155,multiplier,0.0037818999990122393,1.0
1.0,0.21428571428571427,0.0,3,14,1000,0.1,155,exact_bonferroni,0.0010709999987739138,1.0
1.0,0.14285714285714285,0.0,2,14,1000,0.1,155,hoeffding,0.00035370000114198774,1.0
1.0,0.21428571428571427,0.0,3,14,1000,0.1,155,holm,0.0005143000016687438,
1.0,0.5,0.0,7,14,1000,0.1,156,pointwise,0.0006904000038048252,0.0
1.0,0.21428571428571427,0.0,3,14,1000,0.1,156,normal_bonferroni,0.00038930000300752,1.0
1.0,0.21428571428571427,0.0,3,14,1000,0.1,156,multiplier,0.0027703000014298595,1.0
1.0,0.21428571428571427,0.0,3,14,1000,0.1,156,exact_bonferroni,0.0009522000036668032,1.0
1.0,0.21428571428571427,0.0,3,14,1000,0.1,156,hoeffding,0.00031820000003790483,1.0
1.0,0.21428571428571427,0.0,3,14,1000,0.1,156,holm,0.0004791999963345006,
0.0,0.7142857142857143,0.09090909090909091,11,14,1000,0.1,157,pointwise,0.0006240000002435409,0.0
1.0,0.5,0.0,7,14,1000,0.1,157,normal_bonferroni,0.0006231000006664544,0.0
1.0,0.5,0.0,7,14,1000,0.1,157,multiplier,0.0035128000017721206,0.0
1.0,0.5,0.0,7,14,1000,0.1,157,exact_bonferroni,0.0009952999971574172,1.0
1.0,0.2857142857142857,0.0,4,14,1000,0.1,157,hoeffding,0.0005744999943999574,1.0
1.0,0.5,0.0,7,14,1000,0.1,157,holm,0.0004609000025084242,
0.0,0.6428571428571429,0.1,10,14,1000,0.1,158,pointwise,0.0003941000031773001,0.0
1.0,0.42857142857142855,0.0,6,14,1000,0.1,158,normal_bonferroni,0.00045900000259280205,1.0
1.0,0.42857142857142855,0.0,6,14,1000,0.1,158,multiplier,0.0023531999977421947,1.0
1.0,0.42857142857142855,0.0,6,14,1000,0.1,158,exact_bonferroni,0.0008474999995087273,1.0
1.0,0.14285714285714285,0.0,2,14,1000,0.1,158,hoeffding,0.0003293999980087392,1.0
1.0,0.42857142857142855,0.0,6,14,1000,0.1,158,holm,0.0004706999970949255,
1.0,0.5,0.0,7,14,1000,0.1,159,pointwise,0.0006515000059152953,0.0
1.0,0.21428571428571427,0.0,3,14,1000,0.1,159,normal_bonferroni,0.0005947999961790629,0.0
1.0,0.21428571428571427,0.0,3,14,1000,0.1,159,multiplier,0.002497500005119946,0.0
1.0,0.21428571428571427,0.0,3,14,1000,0.1,159,exact_bonferroni,0.0006939000013517216,0.0
1.0,0.21428571428571427,0.0,3,14,1000,0.1,159,hoeffding,0.0003432000012253411,1.0
1.0,0.21428571428571427,0.0,3,14,1000,0.1,159,holm,0.0006818999972892925,
0.0,0.5,0.125,8,14,1000,0.1,160,pointwise,0.0006472000022768043,0.0
1.0,0.21428571428571427,0.0,3,14,1000,0.1,160,normal_bonferroni,0.0005927000020164996,1.0
1.0,0.21428571428571427,0.0,3,14,1000,0.1,160,multiplier,0.002960099998745136,1.0
1.0,0.21428571428571427,0.0,3,14,1000,0.1,160,exact_bonferroni,0.0008040999964578077,1.0
1.0,0.14285714285714285,0.0,2,14,1000,0.1,160,hoeffding,0.0001923000017995946,1.0
1.0,0.21428571428571427,0.0,3,14,1000,0.1,160,holm,0.00028700000257231295,
1.0,0.2857142857142857,0.0,4,14,1000,0.1,161,pointwise,0.0006374000004143454,1.0
1.0,0.21428571428571427,0.0,3,14,1000,0.1,161,normal_bonferroni,0.0005768999981228262,1.0
1.0,0.21428571428571427,0.0,3,14,1000,0.1,161,multiplier,0.003445900001679547,1.0
1.0,0.14285714285714285,0.0,2,14,1000,0.1,161,exact_bonferroni,0.0005406999989645556,1.0
1.0,0.07142857142857142,0.0,1,14,1000,0.1,161,hoeffding,0.00018450000061420724,1.0
1.0,0.21428571428571427,0.0,3,14,1000,0.1,161,holm,0.00028750000637955964,
1.0,0.5,0.0,7,14,1000,0.1,162,pointwise,0.0006375999946612865,0.0
1.0,0.21428571428571427,0.0,3,14,1000,0.1,162,normal_bonferroni,0.0005890000029467046,1.0
1.0,0.21428571428571427,0.0,3,14,1000,0.1,162,multiplier,0.003006500002811663,1.0
1.0,0.21428571428571427,0.0,3,14,1000,0.1,162,exact_bonferroni,0.0008441999962087721,1.0
1.0,0.14285714285714285,0.0,2,14,1000,0.1,162,hoeffding,0.00032270000519929454,1.0
1.0,0.21428571428571427,0.0,3,14,1000,0.1,162,holm,0.00043819999700644985,
1.0,0.5,0.0,7,14,1000,0.1,163,pointwise,0.00045900000259280205,0.0
1.0,0.2857142857142857,0.0,4,14,1000,0.1,163,normal_bonferroni,0.00033399999665562063,1.0
1.0,0.2857142857142857,0.0,4,14,1000,0.1,163,multiplier,0.0027121999955852516,1.0
1.0,0.2857142857142857,0.0,4,14,1000,0.1,163,exact_bonferroni,0.0005909999963478185,1.0
1.0,0.07142857142857142,0.0,1,14,1000,0.1,163,hoeffding,0.00018509999790694565,1.0
1.0,0.2857142857142857,0.0,4,14,1000,0.1,163,holm,0.0007736999978078529,
1.0,0.42857142857142855,0.0,6,14,1000,0.1,164,pointwise,0.000654800001939293,0.0
1.0,0.42857142857142855,0.0,6,14,1000,0.1,164,normal_bonferroni,0.0005960999988019466,1.0
1.0,0.42857142857142855,0.0,6,14,1000,0.1,164,multiplier,0.0030770999946980737,1.0
1.0,0.35714285714285715,0.0,5,14,1000,0.1,164,exact_bonferroni,0.0008508000028086826,1.0
1.0,0.14285714285714285,0.0,2,14,1000,0.1,164,hoeffding,0.00030810000316705555,1.0
1.0,0.42857142857142855,0.0,6,14,1000,0.1,164,holm,0.00047389999963343143,
1.0,0.14285714285714285,0.0,2,14,1000,0.1,165,pointwise,0.0006034999969415367,0.0
1.0,0.14285714285714285,0.0,2,14,1000,0.1,165,normal_bonferroni,0.0005616999987978488,0.0
1.0,0.14285714285714285,0.0,2,14,1000,0.1,165,multiplier,0.0023746000006212853,0.0
1.0,0.14285714285714285,0.0,2,14,1000,0.1,165,exact_bonferroni,0.0012319000015850179,0.0
1.0,0.0,0.0,0,14,1000,0.1,165,hoeffding,0.00026870000147027895,1.0
1.0,0.14285714285714285,0.0,2,14,1000,0.1,165,holm,0.00028949999978067353,
1.0,0.5714285714285714,0.0,8,14,1000,0.1,166,pointwise,0.00041929999861167744,0.0
1.0,0.5,0.0,7,14,1000,0.1,166,normal_bonferroni,0.0005431999961729161,1.0
1.0,0.5,0.0,7,14,1000,0.1,166,multiplier,0.0031302999996114522,1.0
1.0,0.42857142857142855,0.0,6,14,1000,0.1,166,exact_bonferroni,0.0009270000009564683,1.0
1.0,0.21428571428571427,0.0,3,14,1000,0.1,166,hoeffding,0.00032640000426908955,1.0
1.0,0.5,0.0,7,14,1000,0.1,166,holm,0.0004894000012427568,
1.0,0.5,0.0,7,14,1000,0.1,167,pointwise,0.0009012000009533949,0.0
1.0,0.35714285714285715,0.0,5,14,1000,0.1,167,normal_bonferroni,0.0004276000036043115,1.0
1.0,0.35714285714285715,0.0,5,14,1000,0.1,167,multiplier,0.002617500002088491,1.0
1.0,0.2857142857142857,0.0,4,14,1000,0.1,167,exact_bonferroni,0.0005626999991363846,1.0
1.0,0.14285714285714285,0.0,2,14,1000,0.1,167,hoeffding,0.00018519999866839498,1.0
1.0,0.35714285714285715,0.0,5,14,1000,0.1,167,holm,0.0002733000001171604,
1.0,0.7142857142857143,0.0,10,14,1000,0.1,168,pointwise,0.0004417999953147955,0.0
1.0,0.35714285714285715,0.0,5,14,1000,0.1,168,normal_bonferroni,0.0003647999983513728,1.0
1.0,0.35714285714285715,0.0,5,14,1000,0.1,168,multiplier,0.0030075000031501986,1.0
1.0,0.35714285714285715,0.0,5,14,1000,0.1,168,exact_bonferroni,0.0008889999953680672,1.0
1.0,0.21428571428571427,0.0,3,14,1000,0.1,168,hoeffding,0.00032080000528367236,1.0
1.0,0.35714285714285715,0.0,5,14,1000,0.1,168,holm,0.0009981999974115752,
1.0,0.5,0.0,7,14,1000,0.1,169,pointwise,0.0007397999943350442,1.0
1.0,0.35714285714285715,0.0,5,14,1000,0.1,169,normal_bonferroni,0.0006084999986342154,1.0
1.0,0.35714285714285715,0.0,5,14,1000,0.1,169,multiplier,0.003290700005891267,1.0
1.0,0.35714285714285715,0.0,5,14,1000,0.1,169,exact_bonferroni,0.0009435000029043294,1.0
1.0,0.14285714285714285,0.0,2,14,1000,0.1,169,hoeffding,0.0003324999997857958,1.0
1.0,0.35714285714285715,0.0,5,14,1000,0.1,169,holm,0.00048319999768864363,
0.0,0.5714285714285714,0.1111111111111111,9,14,1000,0.1,170,pointwise,0.0007161000030464493,0.0
1.0,0.2857142857142857,0.0,4,14,1000,0.1,170,normal_bonferroni,0.0006025999973644502,1.0
1.0,0.2857142857142857,0.0,4,14,1000,0.1,170,multiplier,0.003122900001471862,1.0
1.0,0.2857142857142857,0.0,4,14,1000,0.1,170,exact_bonferroni,0.0009517999933450483,1.0
1.0,0.21428571428571427,0.0,3,14,1000,0.1,170,hoeffding,0.00032419999479316175,1.0
1.0,0.2857142857142857,0.0,4,14,1000,0.1,170,holm,0.0004797000001417473,
1.0,0.2857142857142857,0.0,4,14,1000,0.1,171,pointwise,0.0006665999972028658,0.0
1.0,0.21428571428571427,0.0,3,14,1000,0.1,171,normal_bonferroni,0.0005952999999863096,1.0
1.0,0.21428571428571427,0.0,3,14,1000,0.1,171,multiplier,0.002998900003149174,1.0
1.0,0.14285714285714285,0.0,2,14,1000,0.1,171,exact_bonferroni,0.0008615000042482279,1.0
1.0,0.14285714285714285,0.0,2,14,1000,0.1,171,hoeffding,0.0003108000018983148,1.0
1.0,0.21428571428571427,0.0,3,14,1000,0.1,171,holm,0.0004668000037781894,
1.0,0.5,0.0,7,14,1000,0.1,172,pointwise,0.0006158000032883137,0.0
1.0,0.2857142857142857,0.0,4,14,1000,0.1,172,normal_bonferroni,0.0007245000015245751,1.0
1.0,0.2857142857142857,0.0,4,14,1000,0.1,172,multiplier,0.0039021999982651323,1.0
1.0,0.2857142857142857,0.0,4,14,1000,0.1,172,exact_bonferroni,0.0009892999951262027,1.0
1.0,0.21428571428571427,0.0,3,14,1000,0.1,172,hoeffding,0.0003440000000409782,1.0
1.0,0.2857142857142857,0.0,4,14,1000,0.1,172,holm,0.0005521000057342462,
1.0,0.5714285714285714,0.0,8,14,1000,0.1,173,pointwise,0.0008387999987462536,1.0
1.0,0.21428571428571427,0.0,3,14,1000,0.1,173,normal_bonferroni,0.0006052000026102178,1.0
1.0,0.21428571428571427,0.0,3,14,1000,0.1,173,multiplier,0.0035073999970336445,1.0
1.0,0.14285714285714285,0.0,2,14,1000,0.1,173,exact_bonferroni,0.0011232000033487566,1.0
1.0,0.14285714285714285,0.0,2,14,1000,0.1,173,hoeffding,0.00038689999928465113,1.0
1.0,0.14285714285714285,0.0,2,14,1000,0.1,173,holm,0.0005081999988760799,
1.0,0.5714285714285714,0.0,8,14,1000,0.1,174,pointwise,0.0007126999989850447,0.0
1.0,0.21428571428571427,0.0,3,14,1000,0.1,174,normal_bonferroni,0.0007225000008475035,1.0
1.0,0.21428571428571427,0.0,3,14,1000,0.1,174,multiplier,0.003465699999651406,1.0
1.0,0.21428571428571427,0.0,3,14,1000,0.1,174,exact_bonferroni,0.0009690000006230548,1.0
1.0,0.07142857142857142,0.0,1,14,1000,0.1,174,hoeffding,0.00033850000181701034,1.0
1.0,0.21428571428571427,0.0,3,14,1000,0.1,174,holm,0.0004837000014958903,
1.0,0.7142857142857143,0.0,10,14,1000,0.1,175,pointwise,0.0006243999960133806,0.0
1.0,0.2857142857142857,0.0,4,14,1000,0.1,175,normal_bonferroni,0.0006412000002455898,1.0
1.0,0.2857142857142857,0.0,4,14,1000,0.1,175,multiplier,0.0022153999962029047,1.0
1.0,0.2857142857142857,0.0,4,14,1000,0.1,175,exact_bonferroni,0.0007665999946766533,1.0
1.0,0.21428571428571427,0.0,3,14,1000,0.1,175,hoeffding,0.0003515999997034669,1.0
1.0,0.2857142857142857,0.0,4,14,1000,0.1,175,holm,0.0008317999963765033,
1.0,0.5,0.0,7,14,1000,0.1,176,pointwise,0.0006744000056642108,0.0
1.0,0.42857142857142855,0.0,6,14,1000,0.1,176,normal_bonferroni,0.0006742999976268038,0.0
1.0,0.42857142857142855,0.0,6,14,1000,0.1,176,multiplier,0.003242799997678958,0.0
1.0,0.42857142857142855,0.0,6,14,1000,0.1,176,exact_bonferroni,0.0009381999989273027,1.0
1.0,0.2857142857142857,0.0,4,14,1000,0.1,176,hoeffding,0.0003512999974191189,1.0
1.0,0.42857142857142855,0.0,6,14,1000,0.1,176,holm,0.0006156000017654151,
1.0,0.5,0.0,7,14,1000,0.1,177,pointwise,0.0008386000044993125,1.0
1.0,0.2857142857142857,0.0,4,14,1000,0.1,177,normal_bonferroni,0.0006453999958466738,1.0
1.0,0.2857142857142857,0.0,4,14,1000,0.1,177,multiplier,0.0031402000022353604,1.0
1.0,0.21428571428571427,0.0,3,14,1000,0.1,177,exact_bonferroni,0.0009253999960492365,1.0
1.0,0.21428571428571427,0.0,3,14,1000,0.1,177,hoeffding,0.0003252000024076551,1.0
1.0,0.21428571428571427,0.0,3,14,1000,0.1,177,holm,0.0004741000011563301,
1.0,0.5,0.0,7,14,1000,0.1,178,pointwise,0.000712499997462146,1.0
1.0,0.21428571428571427,0.0,3,14,1000,0.1,178,normal_bonferroni,0.0006038000065018423,1.0
1.0,0.21428571428571427,0.0,3,14,1000,0.1,178,multiplier,0.003118499997071922,1.0
1.0,0.21428571428571427,0.0,3,14,1000,0.1,178,exact_bonferroni,0.001084299998183269,1.0
1.0,0.14285714285714285,0.0,2,14,1000,0.1,178,hoeffding,0.0004133000038564205,1.0
1.0,0.21428571428571427,0.0,3,14,1000,0.1,178,holm,0.0005346000034478493,
1.0,0.42857142857142855,0.0,6,14,1000,0.1,179,pointwise,0.000735700006771367,1.0
1.0,0.21428571428571427,0.0,3,14,1000,0.1,179,normal_bonferroni,0.0006085000059101731,1.0
1.0,0.21428571428571427,0.0,3,14,1000,0.1,179,multiplier,0.003139799999189563,1.0
1.0,0.21428571428571427,0.0,3,14,1000,0.1,179,exact_bonferroni,0.0009301000027335249,1.0
1.0,0.14285714285714285,0.0,2,14,1000,0.1,179,hoeffding,0.00032579999970039353,1.0
1.0,0.21428571428571427,0.0,3,14,1000,0.1,179,holm,0.00047590000031050295,
1.0,0.35714285714285715,0.0,5,14,1000,0.1,180,pointwise,0.000717100003384985,1.0
1.0,0.07142857142857142,0.0,1,14,1000,0.1,180,normal_bonferroni,0.0007138000000850298,1.0
1.0,0.07142857142857142,0.0,1,14,1000,0.1,180,multiplier,0.003441299995756708,1.0
1.0,0.07142857142857142,0.0,1,14,1000,0.1,180,exact_bonferroni,0.0010962000014842488,1.0
1.0,0.0,0.0,0,14,1000,0.1,180,hoeffding,0.0003536000003805384,1.0
1.0,0.07142857142857142,0.0,1,14,1000,0.1,180,holm,0.0005110000056447461,
1.0,0.5714285714285714,0.0,8,14,1000,0.1,181,pointwise,0.0006800999981351197,1.0
1.0,0.14285714285714285,0.0,2,14,1000,0.1,181,normal_bonferroni,0.0006630999996559694,1.0
1.0,0.14285714285714285,0.0,2,14,1000,0.1,181,multiplier,0.0036368000000948086,1.0
1.0,0.14285714285714285,0.0,2,14,1000,0.1,181,exact_bonferroni,0.0010572999963187613,1.0
1.0,0.14285714285714285,0.0,2,14,1000,0.1,181,hoeffding,0.00042099999700440094,1.0
1.0,0.14285714285714285,0.0,2,14,1000,0.1,181,holm,0.0006913000033819117,
1.0,0.6428571428571429,0.0,9,14,1000,0.1,182,pointwise,0.0007831000039004721,0.0
1.0,0.2857142857142857,0.0,4,14,1000,0.1,182,normal_bonferroni,0.0007088000056683086,1.0
1.0,0.2857142857142857,0.0,4,14,1000,0.1,182,multiplier,0.003744699999515433,1.0
1.0,0.2857142857142857,0.0,4,14,1000,0.1,182,exact_bonferroni,0.0011529999974300154,1.0
1.0,0.14285714285714285,0.0,2,14,1000,0.1,182,hoeffding,0.00039399999513989314,1.0
1.0,0.2857142857142857,0.0,4,14,1000,0.1,182,holm,0.0005668000012519769,
1.0,0.5,0.0,7,14,1000,0.1,183,pointwise,0.0011043000049539842,0.0
1.0,0.21428571428571427,0.0,3,14,1000,0.1,183,normal_bonferroni,0.0006099000020185485,1.0
1.0,0.21428571428571427,0.0,3,14,1000,0.1,183,multiplier,0.003931600003852509,1.0
1.0,0.21428571428571427,0.0,3,14,1000,0.1,183,exact_bonferroni,0.0013397000002441928,1.0
1.0,0.07142857142857142,0.0,1,14,1000,0.1,183,hoeffding,0.0004675999953178689,1.0
1.0,0.21428571428571427,0.0,3,14,1000,0.1,183,holm,0.0006372999996528961,
1.0,0.5,0.0,7,14,1000,0.1,184,pointwise,0.0007215000005089678,0.0
1.0,0.21428571428571427,0.0,3,14,1000,0.1,184,normal_bonferroni,0.0006594000005861744,1.0
1.0,0.21428571428571427,0.0,3,14,1000,0.1,184,multiplier,0.00347920000058366,1.0
1.0,0.21428571428571427,0.0,3,14,1000,0.1,184,exact_bonferroni,0.000993699999526143,1.0
1.0,0.07142857142857142,0.0,1,14,1000,0.1,184,hoeffding,0.0005067000020062551,1.0
1.0,0.21428571428571427,0.0,3,14,1000,0.1,184,holm,0.00038389999826904386,
1.0,0.35714285714285715,0.0,5,14,1000,0.1,185,pointwise,0.0005955000015092082,0.0
1.0,0.14285714285714285,0.0,2,14,1000,0.1,185,normal_bonferroni,0.0006681000013486482,1.0
1.0,0.14285714285714285,0.0,2,14,1000,0.1,185,multiplier,0.0035518000004231,1.0
1.0,0.14285714285714285,0.0,2,14,1000,0.1,185,exact_bonferroni,0.000996599999780301,1.0
1.0,0.14285714285714285,0.0,2,14,1000,0.1,185,hoeffding,0.0003910000014002435,1.0
1.0,0.14285714285714285,0.0,2,14,1000,0.1,185,holm,0.0004962000020896085,
1.0,0.5714285714285714,0.0,8,14,1000,0.1,186,pointwise,0.0006537000008393079,0.0
1.0,0.42857142857142855,0.0,6,14,1000,0.1,186,normal_bonferroni,0.0006242000017664395,1.0
1.0,0.42857142857142855,0.0,6,14,1000,0.1,186,multiplier,0.003249199995480012,1.0
1.0,0.42857142857142855,0.0,6,14,1000,0.1,186,exact_bonferroni,0.0009245999972335994,1.0
1.0,0.21428571428571427,0.0,3,14,1000,0.1,186,hoeffding,0.000367300002835691,1.0
1.0,0.42857142857142855,0.0,6,14,1000,0.1,186,holm,0.000501299997267779,
1.0,0.6428571428571429,0.0,9,14,1000,0.1,187,pointwise,0.0006608000039705075,0.0
1.0,0.21428571428571427,0.0,3,14,1000,0.1,187,normal_bonferroni,0.0006162999998196028,0.0
1.0,0.21428571428571427,0.0,3,14,1000,0.1,187,multiplier,0.003381200003786944,0.0
1.0,0.21428571428571427,0.0,3,14,1000,0.1,187,exact_bonferroni,0.00093120000383351,0.0
1.0,0.07142857142857142,0.0,1,14,1000,0.1,187,hoeffding,0.00037090000114403665,1.0
1.0,0.21428571428571427,0.0,3,14,1000,0.1,187,holm,0.0004970999943907373,
0.0,0.5714285714285714,0.1111111111111111,9,14,1000,0.1,188,pointwise,0.0003559000033419579,0.0
1.0,0.42857142857142855,0.0,6,14,1000,0.1,188,normal_bonferroni,0.0003575000009732321,0.0
1.0,0.42857142857142855,0.0,6,14,1000,0.1,188,multiplier,0.0032285000052070245,0.0
1.0,0.42857142857142855,0.0,6,14,1000,0.1,188,exact_bonferroni,0.000920600003155414,0.0
1.0,0.2857142857142857,0.0,4,14,1000,0.1,188,hoeffding,0.00033689999690977857,1.0
1.0,0.42857142857142855,0.0,6,14,1000,0.1,188,holm,0.00048209999658865854,
1.0,0.6428571428571429,0.0,9,14,1000,0.1,189,pointwise,0.0006926000060047954,0.0
1.0,0.42857142857142855,0.0,6,14,1000,0.1,189,normal_bonferroni,0.0006167999963508919,1.0
1.0,0.35714285714285715,0.0,5,14,1000,0.1,189,multiplier,0.003526100001181476,1.0
1.0,0.35714285714285715,0.0,5,14,1000,0.1,189,exact_bonferroni,0.0009853000010480173,1.0
1.0,0.21428571428571427,0.0,3,14,1000,0.1,189,hoeffding,0.0003330999970785342,1.0
1.0,0.35714285714285715,0.0,5,14,1000,0.1,189,holm,0.000541299996257294,
1.0,0.5,0.0,7,14,1000,0.1,190,pointwise,0.0006591999990632758,1.0
1.0,0.2857142857142857,0.0,4,14,1000,0.1,190,normal_bonferroni,0.0005878000010852702,1.0
1.0,0.2857142857142857,0.0,4,14,1000,0.1,190,multiplier,0.003104100003838539,1.0
1.0,0.21428571428571427,0.0,3,14,1000,0.1,190,exact_bonferroni,0.0008770999993430451,1.0
1.0,0.14285714285714285,0.0,2,14,1000,0.1,190,hoeffding,0.000320099999953527,1.0
1.0,0.2857142857142857,0.0,4,14,1000,0.1,190,holm,0.0007220999978017062,
1.0,0.6428571428571429,0.0,9,14,1000,0.1,191,pointwise,0.0007269999987329356,0.0
1.0,0.35714285714285715,0.0,5,14,1000,0.1,191,normal_bonferroni,0.0006605000016861595,1.0
1.0,0.35714285714285715,0.0,5,14,1000,0.1,191,multiplier,0.003383299997949507,1.0
1.0,0.35714285714285715,0.0,5,14,1000,0.1,191,exact_bonferroni,0.0010008999961428344,1.0
1.0,0.14285714285714285,0.0,2,14,1000,0.1,191,hoeffding,0.00034830000367946923,1.0
1.0,0.35714285714285715,0.0,5,14,1000,0.1,191,holm,0.0005109999983687885,
1.0,0.5,0.0,7,14,1000,0.1,192,pointwise,0.0006526999932248145,0.0
1.0,0.21428571428571427,0.0,3,14,1000,0.1,192,normal_bonferroni,0.0006506999998237006,1.0
1.0,0.21428571428571427,0.0,3,14,1000,0.1,192,multiplier,0.0030868999965605326,1.0
1.0,0.14285714285714285,0.0,2,14,1000,0.1,192,exact_bonferroni,0.0014102999994065613,1.0
1.0,0.07142857142857142,0.0,1,14,1000,0.1,192,hoeffding,0.00047500000073341653,1.0
1.0,0.21428571428571427,0.0,3,14,1000,0.1,192,holm,0.0005792000010842457,
1.0,0.5714285714285714,0.0,8,14,1000,0.1,193,pointwise,0.0007497999977204017,0.0
1.0,0.21428571428571427,0.0,3,14,1000,0.1,193,normal_bonferroni,0.0006982999984757043,1.0
1.0,0.21428571428571427,0.0,3,14,1000,0.1,193,multiplier,0.003499599995848257,1.0
1.0,0.21428571428571427,0.0,3,14,1000,0.1,193,exact_bonferroni,0.0009720000016386621,1.0
1.0,0.07142857142857142,0.0,1,14,1000,0.1,193,hoeffding,0.0003437999985180795,1.0
1.0,0.21428571428571427,0.0,3,14,1000,0.1,193,holm,0.0004858999964199029,
1.0,0.2857142857142857,0.0,4,14,1000,0.1,194,pointwise,0.0006810999984736554,1.0
1.0,0.21428571428571427,0.0,3,14,1000,0.1,194,normal_bonferroni,0.0006273999970289879,1.0
1.0,0.21428571428571427,0.0,3,14,1000,0.1,194,multiplier,0.003470499999821186,1.0
1.0,0.14285714285714285,0.0,2,14,1000,0.1,194,exact_bonferroni,0.000985699996817857,1.0
1.0,0.14285714285714285,0.0,2,14,1000,0.1,194,hoeffding,0.00035710000520339236,1.0
1.0,0.14285714285714285,0.0,2,14,1000,0.1,194,holm,0.0005527999965124764,
1.0,0.5714285714285714,0.0,8,14,1000,0.1,195,pointwise,0.0006917999999132007,0.0
1.0,0.5,0.0,7,14,1000,0.1,195,normal_bonferroni,0.0006179999982123263,1.0
1.0,0.5,0.0,7,14,1000,0.1,195,multiplier,0.0032654999959049746,1.0
1.0,0.42857142857142855,0.0,6,14,1000,0.1,195,exact_bonferroni,0.0009353999994345941,1.0
1.0,0.07142857142857142,0.0,1,14,1000,0.1,195,hoeffding,0.00033990000520134345,1.0
1.0,0.5,0.0,7,14,1000,0.1,195,holm,0.0005463999987114221,
1.0,0.5,0.0,7,14,1000,0.1,196,pointwise,0.0006597000028705224,1.0
1.0,0.35714285714285715,0.0,5,14,1000,0.1,196,normal_bonferroni,0.0006720000019413419,1.0
1.0,0.35714285714285715,0.0,5,14,1000,0.1,196,multiplier,0.003434000005654525,1.0
1.0,0.2857142857142857,0.0,4,14,1000,0.1,196,exact_bonferroni,0.0010382000036770478,1.0
1.0,0.07142857142857142,0.0,1,14,1000,0.1,196,hoeffding,0.00039629999810131267,1.0
1.0,0.35714285714285715,0.0,5,14,1000,0.1,196,holm,0.0005334000015864149,
1.0,0.5714285714285714,0.0,8,14,1000,0.1,197,pointwise,0.0006549999961862341,0.0
1.0,0.35714285714285715,0.0,5,14,1000,0.1,197,normal_bonferroni,0.0006136000010883436,1.0
1.0,0.35714285714285715,0.0,5,14,1000,0.1,197,multiplier,0.003300399999716319,1.0
1.0,0.2857142857142857,0.0,4,14,1000,0.1,197,exact_bonferroni,0.0009777000013855286,1.0
1.0,0.21428571428571427,0.0,3,14,1000,0.1,197,hoeffding,0.00034109999978682026,1.0
1.0,0.35714285714285715,0.0,5,14,1000,0.1,197,holm,0.0004963999963365495,
1.0,0.7142857142857143,0.0,10,14,1000,0.1,198,pointwise,0.0006796000016038306,0.0
1.0,0.35714285714285715,0.0,5,14,1000,0.1,198,normal_bonferroni,0.0006419999990612268,1.0
1.0,0.35714285714285715,0.0,5,14,1000,0.1,198,multiplier,0.0031784999955561943,1.0
1.0,0.35714285714285715,0.0,5,14,1000,0.1,198,exact_bonferroni,0.0008961999992607161,1.0
1.0,0.14285714285714285,0.0,2,14,1000,0.1,198,hoeffding,0.00032189999910769984,1.0
1.0,0.35714285714285715,0.0,5,14,1000,0.1,198,holm,0.00045810000301571563,
1.0,0.6428571428571429,0.0,9,14,1000,0.1,199,pointwise,0.0006424000021070242,0.0
1.0,0.21428571428571427,0.0,3,14,1000,0.1,199,normal_bonferroni,0.000592500000493601,1.0
1.0,0.21428571428571427,0.0,3,14,1000,0.1,199,multiplier,0.0031143000014708377,1.0
1.0,0.21428571428571427,0.0,3,14,1000,0.1,199,exact_bonferroni,0.0008937999955378473,1.0
1.0,0.14285714285714285,0.0,2,14,1000,0.1,199,hoeffding,0.0003555000002961606,1.0
1.0,0.21428571428571427,0.0,3,14,1000,0.1,199,holm,0.0004891999997198582,
1.0,0.35714285714285715,0.0,5,14,1000,0.1,200,pointwise,0.0007154000049922615,0.0
1.0,0.14285714285714285,0.0,2,14,1000,0.1,200,normal_bonferroni,0.0007117999994079582,1.0
1.0,0.14285714285714285,0.0,2,14,1000,0.1,200,multiplier,0.003640599999926053,1.0
1.0,0.14285714285714285,0.0,2,14,1000,0.1,200,exact_bonferroni,0.00110599999607075,1.0
1.0,0.14285714285714285,0.0,2,14,1000,0.1,200,hoeffding,0.00038159999530762434,1.0
1.0,0.14285714285714285,0.0,2,14,1000,0.1,200,holm,0.0005877000003238209,
1.0,0.5714285714285714,0.0,8,14,1000,0.1,201,pointwise,0.000756800000090152,1.0
1.0,0.21428571428571427,0.0,3,14,1000,0.1,201,normal_bonferroni,0.0006945999994059093,1.0
1.0,0.21428571428571427,0.0,3,14,1000,0.1,201,multiplier,0.0035940999950980768,1.0
1.0,0.21428571428571427,0.0,3,14,1000,0.1,201,exact_bonferroni,0.001033200001984369,1.0
1.0,0.21428571428571427,0.0,3,14,1000,0.1,201,hoeffding,0.00039250000554602593,1.0
1.0,0.21428571428571427,0.0,3,14,1000,0.1,201,holm,0.00090970000019297,
1.0,0.5,0.0,7,14,1000,0.1,202,pointwise,0.000781399998231791,0.0
1.0,0.35714285714285715,0.0,5,14,1000,0.1,202,normal_bonferroni,0.0007053999943309464,1.0
1.0,0.35714285714285715,0.0,5,14,1000,0.1,202,multiplier,0.003544200000760611,1.0
1.0,0.35714285714285715,0.0,5,14,1000,0.1,202,exact_bonferroni,0.0010159999947063625,1.0
1.0,0.21428571428571427,0.0,3,14,1000,0.1,202,hoeffding,0.0003448999996180646,1.0
1.0,0.35714285714285715,0.0,5,14,1000,0.1,202,holm,0.0005094999942230061,
1.0,0.42857142857142855,0.0,6,14,1000,0.1,203,pointwise,0.0006586999952560291,0.0
1.0,0.14285714285714285,0.0,2,14,1000,0.1,203,normal_bonferroni,0.0006536000000778586,1.0
1.0,0.14285714285714285,0.0,2,14,1000,0.1,203,multiplier,0.0034988999977940693,1.0
1.0,0.07142857142857142,0.0,1,14,1000,0.1,203,exact_bonferroni,0.0010197000010521151,1.0
1.0,0.0,0.0,0,14,1000,0.1,203,hoeffding,0.000356399999873247,1.0
1.0,0.07142857142857142,0.0,1,14,1000,0.1,203,holm,0.0005075999943073839,
1.0,0.5,0.0,7,14,1000,0.1,204,pointwise,0.0006976000004215166,1.0
1.0,0.21428571428571427,0.0,3,14,1000,0.1,204,normal_bonferroni,0.0006538000016007572,1.0
1.0,0.21428571428571427,0.0,3,14,1000,0.1,204,multiplier,0.003264799997850787,1.0
1.0,0.21428571428571427,0.0,3,14,1000,0.1,204,exact_bonferroni,0.0009296999996877275,1.0
1.0,0.14285714285714285,0.0,2,14,1000,0.1,204,hoeffding,0.0003205999964848161,1.0
1.0,0.21428571428571427,0.0,3,14,1000,0.1,204,holm,0.00048609999794280156,
1.0,0.5714285714285714,0.0,8,14,1000,0.1,205,pointwise,0.0006892000019433908,0.0
1.0,0.35714285714285715,0.0,5,14,1000,0.1,205,normal_bonferroni,0.0006349999966914766,1.0
1.0,0.35714285714285715,0.0,5,14,1000,0.1,205,multiplier,0.003681700000015553,1.0
1.0,0.2857142857142857,0.0,4,14,1000,0.1,205,exact_bonferroni,0.0011221999957342632,1.0
1.0,0.21428571428571427,0.0,3,14,1000,0.1,205,hoeffding,0.00036810000165132806,1.0
1.0,0.35714285714285715,0.0,5,14,1000,0.1,205,holm,0.0005440999957500026,
1.0,0.42857142857142855,0.0,6,14,1000,0.1,206,pointwise,0.0007595999995828606,0.0
1.0,0.21428571428571427,0.0,3,14,1000,0.1,206,normal_bonferroni,0.0006762999983038753,1.0
1.0,0.21428571428571427,0.0,3,14,1000,0.1,206,multiplier,0.003614900000684429,1.0
1.0,0.21428571428571427,0.0,3,14,1000,0.1,206,exact_bonferroni,0.0012281999952392653,1.0
1.0,0.21428571428571427,0.0,3,14,1000,0.1,206,hoeffding,0.00045030000183032826,1.0
1.0,0.21428571428571427,0.0,3,14,1000,0.1,206,holm,0.0003524999992805533,
1.0,0.5714285714285714,0.0,8,14,1000,0.1,207,pointwise,0.0008343000008608215,1.0
1.0,0.21428571428571427,0.0,3,14,1000,0.1,207,normal_bonferroni,0.0007703000010224059,1.0
1.0,0.21428571428571427,0.0,3,14,1000,0.1,207,multiplier,0.0038383000064641237,1.0
1.0,0.21428571428571427,0.0,3,14,1000,0.1,207,exact_bonferroni,0.0010540000002947636,1.0
1.0,0.14285714285714285,0.0,2,14,1000,0.1,207,hoeffding,0.0003728000010596588,1.0
1.0,0.21428571428571427,0.0,3,14,1000,0.1,207,holm,0.0005297999960021116,
1.0,0.35714285714285715,0.0,5,14,1000,0.1,208,pointwise,0.0007426000011037104,0.0
1.0,0.14285714285714285,0.0,2,14,1000,0.1,208,normal_bonferroni,0.000665899999148678,1.0
1.0,0.14285714285714285,0.0,2,14,1000,0.1,208,multiplier,0.004193100001430139,1.0
1.0,0.14285714285714285,0.0,2,14,1000,0.1,208,exact_bonferroni,0.0011551999996299855,1.0
1.0,0.07142857142857142,0.0,1,14,1000,0.1,208,hoeffding,0.0003814000010606833,1.0
1.0,0.14285714285714285,0.0,2,14,1000,0.1,208,holm,0.0005553000009967946,
1.0,0.5714285714285714,0.0,8,14,1000,0.1,209,pointwise,0.0008330000055138953,1.0
1.0,0.21428571428571427,0.0,3,14,1000,0.1,209,normal_bonferroni,0.0007436000014422461,1.0
1.0,0.21428571428571427,0.0,3,14,1000,0.1,209,multiplier,0.0036238000029698014,1.0
1.0,0.21428571428571427,0.0,3,14,1000,0.1,209,exact_bonferroni,0.0011469999953988008,1.0
1.0,0.14285714285714285,0.0,2,14,1000,0.1,209,hoeffding,0.00041590000182623044,1.0
1.0,0.21428571428571427,0.0,3,14,1000,0.1,209,holm,0.0005748999974457547,
1.0,0.7142857142857143,0.0,10,14,1000,0.1,210,pointwise,0.0007398000016110018,0.0
1.0,0.2857142857142857,0.0,4,14,1000,0.1,210,normal_bonferroni,0.0007097999987308867,1.0
1.0,0.2857142857142857,0.0,4,14,1000,0.1,210,multiplier,0.0033642000053077936,1.0
1.0,0.2857142857142857,0.0,4,14,1000,0.1,210,exact_bonferroni,0.0010700999991968274,1.0
1.0,0.21428571428571427,0.0,3,14,1000,0.1,210,hoeffding,0.0003802999999606982,1.0
1.0,0.2857142857142857,0.0,4,14,1000,0.1,210,holm,0.0005439000015030615,
1.0,0.42857142857142855,0.0,6,14,1000,0.1,211,pointwise,0.0007999000008567236,0.0
1.0,0.2857142857142857,0.0,4,14,1000,0.1,211,normal_bonferroni,0.0007003999999142252,1.0
1.0,0.2857142857142857,0.0,4,14,1000,0.1,211,multiplier,0.0036432999986573122,1.0
1.0,0.2857142857142857,0.0,4,14,1000,0.1,211,exact_bonferroni,0.0009757000007084571,1.0
1.0,0.14285714285714285,0.0,2,14,1000,0.1,211,hoeffding,0.00035570000181905925,1.0
1.0,0.2857142857142857,0.0,4,14,1000,0.1,211,holm,0.0005435999992187135,
1.0,0.5,0.0,7,14,1000,0.1,212,pointwise,0.0006974999996600673,0.0
1.0,0.2857142857142857,0.0,4,14,1000,0.1,212,normal_bonferroni,0.0006903000030433759,1.0
1.0,0.2857142857142857,0.0,4,14,1000,0.1,212,multiplier,0.0037775999953737482,1.0
1.0,0.2857142857142857,0.0,4,14,1000,0.1,212,exact_bonferroni,0.0011522999993758276,1.0
1.0,0.14285714285714285,0.0,2,14,1000,0.1,212,hoeffding,0.000374399998690933,1.0
1.0,0.2857142857142857,0.0,4,14,1000,0.1,212,holm,0.0005431999961729161,
0.0,0.5714285714285714,0.1111111111111111,9,14,1000,0.1,213,pointwise,0.0007666000019526109,0.0
1.0,0.5,0.0,7,14,1000,0.1,213,normal_bonferroni,0.0007149999946705066,1.0
1.0,0.42857142857142855,0.0,6,14,1000,0.1,213,multiplier,0.003551900001184549,1.0
1.0,0.42857142857142855,0.0,6,14,1000,0.1,213,exact_bonferroni,0.0010146999993594363,1.0
1.0,0.14285714285714285,0.0,2,14,1000,0.1,213,hoeffding,0.0004064999957336113,1.0
1.0,0.5,0.0,7,14,1000,0.1,213,holm,0.0005944000004092231,
1.0,0.35714285714285715,0.0,5,14,1000,0.1,214,pointwise,0.0007192999983089976,1.0
1.0,0.21428571428571427,0.0,3,14,1000,0.1,214,normal_bonferroni,0.0006987000015215017,1.0
1.0,0.21428571428571427,0.0,3,14,1000,0.1,214,multiplier,0.003659699999843724,1.0
1.0,0.14285714285714285,0.0,2,14,1000,0.1,214,exact_bonferroni,0.0011001000020769425,1.0
1.0,0.0,0.0,0,14,1000,0.1,214,hoeffding,0.0003727000002982095,1.0
1.0,0.21428571428571427,0.0,3,14,1000,0.1,214,holm,0.0005386000048019923,
1.0,0.5714285714285714,0.0,8,14,1000,0.1,215,pointwise,0.0007390000027953647,0.0
1.0,0.35714285714285715,0.0,5,14,1000,0.1,215,normal_bonferroni,0.000701599994499702,1.0
1.0,0.35714285714285715,0.0,5,14,1000,0.1,215,multiplier,0.003610400002798997,1.0
1.0,0.2857142857142857,0.0,4,14,1000,0.1,215,exact_bonferroni,0.0010418000019853935,1.0
1.0,0.14285714285714285,0.0,2,14,1000,0.1,215,hoeffding,0.00036759999784408137,1.0
1.0,0.2857142857142857,0.0,4,14,1000,0.1,215,holm,0.0005619000003207475,
1.0,0.5,0.0,7,14,1000,0.1,216,pointwise,0.000698499999998603,0.0
1.0,0.35714285714285715,0.0,5,14,1000,0.1,216,normal_bonferroni,0.0006502999967779033,1.0
1.0,0.35714285714285715,0.0,5,14,1000,0.1,216,multiplier,0.003487399997538887,1.0
1.0,0.35714285714285715,0.0,5,14,1000,0.1,216,exact_bonferroni,0.0009625999955460429,1.0
1.0,0.14285714285714285,0.0,2,14,1000,0.1,216,hoeffding,0.0003851000001304783,1.0
1.0,0.35714285714285715,0.0,5,14,1000,0.1,216,holm,0.0005098999972688034,
1.0,0.35714285714285715,0.0,5,14,1000,0.1,217,pointwise,0.0007030999986454844,0.0
1.0,0.2857142857142857,0.0,4,14,1000,0.1,217,normal_bonferroni,0.0006367000023601577,1.0
1.0,0.2857142857142857,0.0,4,14,1000,0.1,217,multiplier,0.0035168999966117553,1.0
1.0,0.2857142857142857,0.0,4,14,1000,0.1,217,exact_bonferroni,0.000945500003581401,1.0
1.0,0.21428571428571427,0.0,3,14,1000,0.1,217,hoeffding,0.00034100000630132854,1.0
1.0,0.2857142857142857,0.0,4,14,1000,0.1,217,holm,0.0004891999997198582,
1.0,0.35714285714285715,0.0,5,14,1000,0.1,218,pointwise,0.0006453000023611821,1.0
1.0,0.21428571428571427,0.0,3,14,1000,0.1,218,normal_bonferroni,0.0006464999969466589,1.0
1.0,0.21428571428571427,0.0,3,14,1000,0.1,218,multiplier,0.0033308000056422316,1.0
1.0,0.21428571428571427,0.0,3,14,1000,0.1,218,exact_bonferroni,0.0009582999991835095,1.0
1.0,0.21428571428571427,0.0,3,14,1000,0.1,218,hoeffding,0.00033819999953266233,1.0
1.0,0.21428571428571427,0.0,3,14,1000,0.1,218,holm,0.0004885999951511621,
1.0,0.2857142857142857,0.0,4,14,1000,0.1,219,pointwise,0.0006637999977101572,1.0
1.0,0.14285714285714285,0.0,2,14,1000,0.1,219,normal_bonferroni,0.0006799999973736703,1.0
1.0,0.14285714285714285,0.0,2,14,1000,0.1,219,multiplier,0.0031864000047789887,1.0
1.0,0.14285714285714285,0.0,2,14,1000,0.1,219,exact_bonferroni,0.0009018000055220909,1.0
1.0,0.14285714285714285,0.0,2,14,1000,0.1,219,hoeffding,0.0003327000013086945,1.0
1.0,0.14285714285714285,0.0,2,14,1000,0.1,219,holm,0.00046409999777097255,
1.0,0.42857142857142855,0.0,6,14,1000,0.1,220,pointwise,0.0006228999991435558,1.0
1.0,0.21428571428571427,0.0,3,14,1000,0.1,220,normal_bonferroni,0.0006471999950008467,1.0
1.0,0.21428571428571427,0.0,3,14,1000,0.1,220,multiplier,0.0029642000008607283,1.0
1.0,0.21428571428571427,0.0,3,14,1000,0.1,220,exact_bonferroni,0.0009588000029907562,1.0
1.0,0.07142857142857142,0.0,1,14,1000,0.1,220,hoeffding,0.0003412000005482696,1.0
1.0,0.21428571428571427,0.0,3,14,1000,0.1,220,holm,0.0004953999959980138,
1.0,0.42857142857142855,0.0,6,14,1000,0.1,221,pointwise,0.0008063999994192272,1.0
1.0,0.14285714285714285,0.0,2,14,1000,0.1,221,normal_bonferroni,0.0006012000012560748,1.0
1.0,0.14285714285714285,0.0,2,14,1000,0.1,221,multiplier,0.002370800000790041,1.0
1.0,0.14285714285714285,0.0,2,14,1000,0.1,221,exact_bonferroni,0.0010557999994489364,1.0
1.0,0.07142857142857142,0.0,1,14,1000,0.1,221,hoeffding,0.0003544999999576248,1.0
1.0,0.14285714285714285,0.0,2,14,1000,0.1,221,holm,0.0005426999996416271,
1.0,0.35714285714285715,0.0,5,14,1000,0.1,222,pointwise,0.0007024000005912967,0.0
1.0,0.2857142857142857,0.0,4,14,1000,0.1,222,normal_bonferroni,0.0006347000016830862,1.0
1.0,0.2857142857142857,0.0,4,14,1000,0.1,222,multiplier,0.003344499993545469,1.0
1.0,0.2857142857142857,0.0,4,14,1000,0.1,222,exact_bonferroni,0.0009467999989283271,1.0
1.0,0.21428571428571427,0.0,3,14,1000,0.1,222,hoeffding,0.0003732999975909479,1.0
1.0,0.2857142857142857,0.0,4,14,1000,0.1,222,holm,0.0004958999998052604,
1.0,0.42857142857142855,0.0,6,14,1000,0.1,223,pointwise,0.0005185000045457855,0.0
1.0,0.14285714285714285,0.0,2,14,1000,0.1,223,normal_bonferroni,0.0004917999976896681,1.0
1.0,0.14285714285714285,0.0,2,14,1000,0.1,223,multiplier,0.003167599999869708,1.0
1.0,0.14285714285714285,0.0,2,14,1000,0.1,223,exact_bonferroni,0.000726799997210037,1.0
1.0,0.07142857142857142,0.0,1,14,1000,0.1,223,hoeffding,0.00022280000121099874,1.0
1.0,0.14285714285714285,0.0,2,14,1000,0.1,223,holm,0.00032639999699313194,
1.0,0.42857142857142855,0.0,6,14,1000,0.1,224,pointwise,0.000662500002363231,1.0
1.0,0.2857142857142857,0.0,4,14,1000,0.1,224,normal_bonferroni,0.0005905999933020212,1.0
1.0,0.2857142857142857,0.0,4,14,1000,0.1,224,multiplier,0.0030332999958773144,1.0
1.0,0.2857142857142857,0.0,4,14,1000,0.1,224,exact_bonferroni,0.000865399997564964,1.0
1.0,0.14285714285714285,0.0,2,14,1000,0.1,224,hoeffding,0.0003059999944525771,1.0
1.0,0.2857142857142857,0.0,4,14,1000,0.1,224,holm,0.0004377000004751608,
1.0,0.5714285714285714,0.0,8,14,1000,0.1,225,pointwise,0.0005918000024394132,0.0
1.0,0.21428571428571427,0.0,3,14,1000,0.1,225,normal_bonferroni,0.0005942999996477738,1.0
1.0,0.21428571428571427,0.0,3,14,1000,0.1,225,multiplier,0.0025048000024980865,1.0
1.0,0.21428571428571427,0.0,3,14,1000,0.1,225,exact_bonferroni,0.0005916000009165145,1.0
1.0,0.14285714285714285,0.0,2,14,1000,0.1,225,hoeffding,0.0003212000010535121,1.0
1.0,0.21428571428571427,0.0,3,14,1000,0.1,225,holm,0.0004886000024271198,
1.0,0.5,0.0,7,14,1000,0.1,226,pointwise,0.0007512999945902266,0.0
1.0,0.2857142857142857,0.0,4,14,1000,0.1,226,normal_bonferroni,0.000564500005566515,1.0
1.0,0.2857142857142857,0.0,4,14,1000,0.1,226,multiplier,0.0028582000013557263,1.0
1.0,0.21428571428571427,0.0,3,14,1000,0.1,226,exact_bonferroni,0.0008508000028086826,1.0
1.0,0.21428571428571427,0.0,3,14,1000,0.1,226,hoeffding,0.00030500000138999894,1.0
1.0,0.21428571428571427,0.0,3,14,1000,0.1,226,holm,0.00043790000199805945,
1.0,0.42857142857142855,0.0,6,14,1000,0.1,227,pointwise,0.0005646999998134561,1.0
1.0,0.21428571428571427,0.0,3,14,1000,0.1,227,normal_bonferroni,0.0005824000036227517,1.0
1.0,0.21428571428571427,0.0,3,14,1000,0.1,227,multiplier,0.002848799995263107,1.0
1.0,0.21428571428571427,0.0,3,14,1000,0.1,227,exact_bonferroni,0.0010368000002927147,1.0
1.0,0.07142857142857142,0.0,1,14,1000,0.1,227,hoeffding,0.00036249999538995326,1.0
1.0,0.21428571428571427,0.0,3,14,1000,0.1,227,holm,0.0005187999995541759,
1.0,0.5,0.0,7,14,1000,0.1,228,pointwise,0.000662200000078883,1.0
1.0,0.21428571428571427,0.0,3,14,1000,0.1,228,normal_bonferroni,0.0006531000035465695,1.0
1.0,0.21428571428571427,0.0,3,14,1000,0.1,228,multiplier,0.0031244999991031364,1.0
1.0,0.14285714285714285,0.0,2,14,1000,0.1,228,exact_bonferroni,0.0009067000064533204,1.0
1.0,0.14285714285714285,0.0,2,14,1000,0.1,228,hoeffding,0.00032420000206911936,1.0
1.0,0.21428571428571427,0.0,3,14,1000,0.1,228,holm,0.00045730000420007855,
1.0,0.5,0.0,7,14,1000,0.1,229,pointwise,0.0006137999953352846,1.0
1.0,0.35714285714285715,0.0,5,14,1000,0.1,229,normal_bonferroni,0.0006022000015946105,1.0
1.0,0.35714285714285715,0.0,5,14,1000,0.1,229,multiplier,0.0027105999979539774,1.0
1.0,0.2857142857142857,0.0,4,14,1000,0.1,229,exact_bonferroni,0.0005717000021832064,1.0
1.0,0.14285714285714285,0.0,2,14,1000,0.1,229,hoeffding,0.00032080000528367236,1.0
1.0,0.2857142857142857,0.0,4,14,1000,0.1,229,holm,0.0004822999981115572,
1.0,0.5,0.0,7,14,1000,0.1,230,pointwise,0.0006292000034591183,1.0
1.0,0.35714285714285715,0.0,5,14,1000,0.1,230,normal_bonferroni,0.0007182999979704618,1.0
1.0,0.35714285714285715,0.0,5,14,1000,0.1,230,multiplier,0.00308210000366671,1.0
1.0,0.35714285714285715,0.0,5,14,1000,0.1,230,exact_bonferroni,0.0008860000016284175,1.0
1.0,0.21428571428571427,0.0,3,14,1000,0.1,230,hoeffding,0.0005796999976155348,1.0
1.0,0.35714285714285715,0.0,5,14,1000,0.1,230,holm,0.00049080000462709,
1.0,0.42857142857142855,0.0,6,14,1000,0.1,231,pointwise,0.000658500001009088,0.0
1.0,0.2857142857142857,0.0,4,14,1000,0.1,231,normal_bonferroni,0.0006804000004194677,1.0
1.0,0.2857142857142857,0.0,4,14,1000,0.1,231,multiplier,0.0035470000002533197,1.0
1.0,0.2857142857142857,0.0,4,14,1000,0.1,231,exact_bonferroni,0.0009800000043469481,1.0
1.0,0.21428571428571427,0.0,3,14,1000,0.1,231,hoeffding,0.00033379999513272196,1.0
1.0,0.2857142857142857,0.0,4,14,1000,0.1,231,holm,0.0004727000050479546,
1.0,0.5714285714285714,0.0,8,14,1000,0.1,232,pointwise,0.0006286999996518716,1.0
1.0,0.2857142857142857,0.0,4,14,1000,0.1,232,normal_bonferroni,0.0006214000022737309,1.0
1.0,0.2857142857142857,0.0,4,14,1000,0.1,232,multiplier,0.002865300004486926,1.0
1.0,0.2857142857142857,0.0,4,14,1000,0.1,232,exact_bonferroni,0.000778800000261981,1.0
1.0,0.14285714285714285,0.0,2,14,1000,0.1,232,hoeffding,0.00034919999598059803,1.0
1.0,0.2857142857142857,0.0,4,14,1000,0.1,232,holm,0.0004716000039479695,
1.0,0.5,0.0,7,14,1000,0.1,233,pointwise,0.0006300999957602471,1.0
1.0,0.2857142857142857,0.0,4,14,1000,0.1,233,normal_bonferroni,0.0005697000015061349,1.0
1.0,0.2857142857142857,0.0,4,14,1000,0.1,233,multiplier,0.003601099997467827,1.0
1.0,0.2857142857142857,0.0,4,14,1000,0.1,233,exact_bonferroni,0.0010819000017363578,1.0
1.0,0.14285714285714285,0.0,2,14,1000,0.1,233,hoeffding,0.0005841000020154752,1.0
1.0,0.2857142857142857,0.0,4,14,1000,0.1,233,holm,0.0006381999992299825,
1.0,0.7857142857142857,0.0,11,14,1000,0.1,234,pointwise,0.0006238999994820915,0.0
1.0,0.35714285714285715,0.0,5,14,1000,0.1,234,normal_bonferroni,0.0005164999965927564,1.0
1.0,0.35714285714285715,0.0,5,14,1000,0.1,234,multiplier,0.0037709999960497953,1.0
1.0,0.2857142857142857,0.0,4,14,1000,0.1,234,exact_bonferroni,0.000996599999780301,1.0
1.0,0.07142857142857142,0.0,1,14,1000,0.1,234,hoeffding,0.00038350000249920413,1.0
1.0,0.2857142857142857,0.0,4,14,1000,0.1,234,holm,0.0005038999952375889,
1.0,0.5,0.0,7,14,1000,0.1,235,pointwise,0.0006697999997413717,1.0
1.0,0.21428571428571427,0.0,3,14,1000,0.1,235,normal_bonferroni,0.0006293999977060594,1.0
1.0,0.14285714285714285,0.0,2,14,1000,0.1,235,multiplier,0.003713199999765493,1.0
1.0,0.14285714285714285,0.0,2,14,1000,0.1,235,exact_bonferroni,0.0010930999997071922,1.0
1.0,0.07142857142857142,0.0,1,14,1000,0.1,235,hoeffding,0.0003571999986888841,1.0
1.0,0.14285714285714285,0.0,2,14,1000,0.1,235,holm,0.0005137000043760054,
1.0,0.42857142857142855,0.0,6,14,1000,0.1,236,pointwise,0.0006695000047329813,0.0
1.0,0.2857142857142857,0.0,4,14,1000,0.1,236,normal_bonferroni,0.0006598000036319718,1.0
1.0,0.2857142857142857,0.0,4,14,1000,0.1,236,multiplier,0.0030820000029052608,1.0
1.0,0.2857142857142857,0.0,4,14,1000,0.1,236,exact_bonferroni,0.0009371000051032752,1.0
1.0,0.21428571428571427,0.0,3,14,1000,0.1,236,hoeffding,0.0003273999973316677,1.0
1.0,0.2857142857142857,0.0,4,14,1000,0.1,236,holm,0.00046770000335527584,
1.0,0.42857142857142855,0.0,6,14,1000,0.1,237,pointwise,0.0011335000017425045,0.0
1.0,0.2857142857142857,0.0,4,14,1000,0.1,237,normal_bonferroni,0.0007057999973767437,1.0
1.0,0.2857142857142857,0.0,4,14,1000,0.1,237,multiplier,0.0035120000029564835,1.0
1.0,0.2857142857142857,0.0,4,14,1000,0.1,237,exact_bonferroni,0.0009553000054438598,1.0
1.0,0.14285714285714285,0.0,2,14,1000,0.1,237,hoeffding,0.000374700000975281,1.0
1.0,0.2857142857142857,0.0,4,14,1000,0.1,237,holm,0.000513300001330208,
1.0,0.42857142857142855,0.0,6,14,1000,0.1,238,pointwise,0.0006247000055736862,0.0
1.0,0.35714285714285715,0.0,5,14,1000,0.1,238,normal_bonferroni,0.0005878999945707619,1.0
1.0,0.35714285714285715,0.0,5,14,1000,0.1,238,multiplier,0.0029642000008607283,1.0
1.0,0.35714285714285715,0.0,5,14,1000,0.1,238,exact_bonferroni,0.0009444000024814159,1.0
1.0,0.07142857142857142,0.0,1,14,1000,0.1,238,hoeffding,0.00023230000078910962,1.0
1.0,0.35714285714285715,0.0,5,14,1000,0.1,238,holm,0.00029039999935775995,
1.0,0.2857142857142857,0.0,4,14,1000,0.1,239,pointwise,0.0006245000040507875,1.0
1.0,0.2857142857142857,0.0,4,14,1000,0.1,239,normal_bonferroni,0.000621299994236324,1.0
1.0,0.2857142857142857,0.0,4,14,1000,0.1,239,multiplier,0.0030763000031583942,1.0
1.0,0.2857142857142857,0.0,4,14,1000,0.1,239,exact_bonferroni,0.0010660999978426844,1.0
1.0,0.2857142857142857,0.0,4,14,1000,0.1,239,hoeffding,0.00035740000021178275,1.0
1.0,0.2857142857142857,0.0,4,14,1000,0.1,239,holm,0.0005575000031967647,
1.0,0.42857142857142855,0.0,6,14,1000,0.1,240,pointwise,0.0006827000033808872,1.0
1.0,0.21428571428571427,0.0,3,14,1000,0.1,240,normal_bonferroni,0.0006298000007518567,1.0
1.0,0.21428571428571427,0.0,3,14,1000,0.1,240,multiplier,0.003293099995062221,1.0
1.0,0.21428571428571427,0.0,3,14,1000,0.1,240,exact_bonferroni,0.000822000001790002,1.0
1.0,0.14285714285714285,0.0,2,14,1000,0.1,240,hoeffding,0.000345199994626455,1.0
1.0,0.21428571428571427,0.0,3,14,1000,0.1,240,holm,0.0005183999965083785,
1.0,0.42857142857142855,0.0,6,14,1000,0.1,241,pointwise,0.0007903000005171634,1.0
1.0,0.21428571428571427,0.0,3,14,1000,0.1,241,normal_bonferroni,0.0010409999958937988,1.0
1.0,0.21428571428571427,0.0,3,14,1000,0.1,241,multiplier,0.0023607000039191917,1.0
1.0,0.21428571428571427,0.0,3,14,1000,0.1,241,exact_bonferroni,0.0009512999968137592,1.0
1.0,0.14285714285714285,0.0,2,14,1000,0.1,241,hoeffding,0.00036499999987427145,1.0
1.0,0.21428571428571427,0.0,3,14,1000,0.1,241,holm,0.0004845000003115274,
1.0,0.35714285714285715,0.0,5,14,1000,0.1,242,pointwise,0.0006512000036309473,1.0
1.0,0.2857142857142857,0.0,4,14,1000,0.1,242,normal_bonferroni,0.0006424999955925159,1.0
1.0,0.2857142857142857,0.0,4,14,1000,0.1,242,multiplier,0.003130800003418699,1.0
1.0,0.2857142857142857,0.0,4,14,1000,0.1,242,exact_bonferroni,0.000879399995028507,1.0
1.0,0.07142857142857142,0.0,1,14,1000,0.1,242,hoeffding,0.0003218000056222081,1.0
1.0,0.2857142857142857,0.0,4,14,1000,0.1,242,holm,0.0004945999971823767,
1.0,0.5714285714285714,0.0,8,14,1000,0.1,243,pointwise,0.0006489999941550195,0.0
1.0,0.21428571428571427,0.0,3,14,1000,0.1,243,normal_bonferroni,0.0005603000026894733,1.0
1.0,0.21428571428571427,0.0,3,14,1000,0.1,243,multiplier,0.0036590000017895363,1.0
1.0,0.21428571428571427,0.0,3,14,1000,0.1,243,exact_bonferroni,0.0010363999972469173,1.0
1.0,0.07142857142857142,0.0,1,14,1000,0.1,243,hoeffding,0.0003724999987753108,1.0
1.0,0.21428571428571427,0.0,3,14,1000,0.1,243,holm,0.0005820000005769543,
1.0,0.5714285714285714,0.0,8,14,1000,0.1,244,pointwise,0.0006705000050715171,0.0
1.0,0.42857142857142855,0.0,6,14,1000,0.1,244,normal_bonferroni,0.000622200001089368,1.0
1.0,0.42857142857142855,0.0,6,14,1000,0.1,244,multiplier,0.003224100000807084,1.0
1.0,0.35714285714285715,0.0,5,14,1000,0.1,244,exact_bonferroni,0.000894600001629442,1.0
1.0,0.14285714285714285,0.0,2,14,1000,0.1,244,hoeffding,0.00045759999920846894,1.0
1.0,0.35714285714285715,0.0,5,14,1000,0.1,244,holm,0.0005017000003135763,
1.0,0.42857142857142855,0.0,6,14,1000,0.1,245,pointwise,0.0006311999968602322,1.0
1.0,0.21428571428571427,0.0,3,14,1000,0.1,245,normal_bonferroni,0.0015765999996801838,1.0
1.0,0.21428571428571427,0.0,3,14,1000,0.1,245,multiplier,0.0037387999982456677,1.0
1.0,0.21428571428571427,0.0,3,14,1000,0.1,245,exact_bonferroni,0.00120009999955073,1.0
1.0,0.0,0.0,0,14,1000,0.1,245,hoeffding,0.00037989999691490084,1.0
1.0,0.21428571428571427,0.0,3,14,1000,0.1,245,holm,0.0005729000040446408,
1.0,0.5,0.0,7,14,1000,0.1,246,pointwise,0.0007538000063505024,0.0
1.0,0.2857142857142857,0.0,4,14,1000,0.1,246,normal_bonferroni,0.0007118000066839159,1.0
1.0,0.2857142857142857,0.0,4,14,1000,0.1,246,multiplier,0.0035237000047345646,1.0
1.0,0.2857142857142857,0.0,4,14,1000,0.1,246,exact_bonferroni,0.0010712000002968125,1.0
1.0,0.14285714285714285,0.0,2,14,1000,0.1,246,hoeffding,0.0006496999994851649,1.0
1.0,0.2857142857142857,0.0,4,14,1000,0.1,246,holm,0.0005406999989645556,
1.0,0.5,0.0,7,14,1000,0.1,247,pointwise,0.0010113000025739893,0.0
1.0,0.14285714285714285,0.0,2,14,1000,0.1,247,normal_bonferroni,0.0007553999967058189,1.0
1.0,0.14285714285714285,0.0,2,14,1000,0.1,247,multiplier,0.003913799999281764,1.0
1.0,0.14285714285714285,0.0,2,14,1000,0.1,247,exact_bonferroni,0.0011789000054704957,1.0
1.0,0.14285714285714285,0.0,2,14,1000,0.1,247,hoeffding,0.00040609999996377155,1.0
1.0,0.14285714285714285,0.0,2,14,1000,0.1,247,holm,0.0005999000059091486,
1.0,0.42857142857142855,0.0,6,14,1000,0.1,248,pointwise,0.0008183999962056987,1.0
1.0,0.2857142857142857,0.0,4,14,1000,0.1,248,normal_bonferroni,0.0006919000006746501,1.0
1.0,0.2857142857142857,0.0,4,14,1000,0.1,248,multiplier,0.004598300001816824,1.0
1.0,0.21428571428571427,0.0,3,14,1000,0.1,248,exact_bonferroni,0.0014865999983157963,1.0
1.0,0.07142857142857142,0.0,1,14,1000,0.1,248,hoeffding,0.0005748999974457547,1.0
1.0,0.2857142857142857,0.0,4,14,1000,0.1,248,holm,0.0007560000012745149,
1.0,0.5714285714285714,0.0,8,14,1000,0.1,249,pointwise,0.0008577000044169836,0.0
1.0,0.42857142857142855,0.0,6,14,1000,0.1,249,normal_bonferroni,0.0008369999995920807,1.0
1.0,0.42857142857142855,0.0,6,14,1000,0.1,249,multiplier,0.004070299997692928,1.0
1.0,0.42857142857142855,0.0,6,14,1000,0.1,249,exact_bonferroni,0.0017215999978361651,1.0
1.0,0.14285714285714285,0.0,2,14,1000,0.1,249,hoeffding,0.00047679999988758937,1.0
1.0,0.42857142857142855,0.0,6,14,1000,0.1,249,holm,0.0007587000000057742,
0.0,0.5714285714285714,0.1111111111111111,9,14,1000,0.1,250,pointwise,0.0011329999979352579,0.0
1.0,0.35714285714285715,0.0,5,14,1000,0.1,250,normal_bonferroni,0.0006830999991507269,0.0
1.0,0.35714285714285715,0.0,5,14,1000,0.1,250,multiplier,0.0039961000002222136,0.0
1.0,0.35714285714285715,0.0,5,14,1000,0.1,250,exact_bonferroni,0.0012843000004068017,0.0
1.0,0.21428571428571427,0.0,3,14,1000,0.1,250,hoeffding,0.00040520000038668513,1.0
1.0,0.35714285714285715,0.0,5,14,1000,0.1,250,holm,0.0006412000002455898,
1.0,0.5,0.0,7,14,1000,0.1,251,pointwise,0.0008434999981545843,1.0
1.0,0.2857142857142857,0.0,4,14,1000,0.1,251,normal_bonferroni,0.0007081000003381632,1.0
1.0,0.2857142857142857,0.0,4,14,1000,0.1,251,multiplier,0.003420699998969212,1.0
1.0,0.2857142857142857,0.0,4,14,1000,0.1,251,exact_bonferroni,0.0011290999973425642,1.0
1.0,0.21428571428571427,0.0,3,14,1000,0.1,251,hoeffding,0.00039230000402312726,1.0
1.0,0.2857142857142857,0.0,4,14,1000,0.1,251,holm,0.00047899999481160194,
1.0,0.6428571428571429,0.0,9,14,1000,0.1,252,pointwise,0.0011082999990321696,0.0
1.0,0.2857142857142857,0.0,4,14,1000,0.1,252,normal_bonferroni,0.0009565000000293367,1.0
1.0,0.2857142857142857,0.0,4,14,1000,0.1,252,multiplier,0.004464199999347329,1.0
1.0,0.2857142857142857,0.0,4,14,1000,0.1,252,exact_bonferroni,0.0013455000007525086,1.0
1.0,0.14285714285714285,0.0,2,14,1000,0.1,252,hoeffding,0.00046740000107092783,1.0
1.0,0.2857142857142857,0.0,4,14,1000,0.1,252,holm,0.0006819999980507419,
1.0,0.42857142857142855,0.0,6,14,1000,0.1,253,pointwise,0.0009527000001980923,1.0
1.0,0.21428571428571427,0.0,3,14,1000,0.1,253,normal_bonferroni,0.0008211999956984073,1.0
1.0,0.21428571428571427,0.0,3,14,1000,0.1,253,multiplier,0.004272799997124821,1.0
1.0,0.21428571428571427,0.0,3,14,1000,0.1,253,exact_bonferroni,0.0013274000011733733,1.0
1.0,0.14285714285714285,0.0,2,14,1000,0.1,253,hoeffding,0.00047470000572502613,1.0
1.0,0.21428571428571427,0.0,3,14,1000,0.1,253,holm,0.0007129000005079433,
1.0,0.6428571428571429,0.0,9,14,1000,0.1,254,pointwise,0.0008459000018774532,0.0
1.0,0.2857142857142857,0.0,4,14,1000,0.1,254,normal_bonferroni,0.00083710000035353,1.0
1.0,0.2857142857142857,0.0,4,14,1000,0.1,254,multiplier,0.005200699997658376,1.0
1.0,0.2857142857142857,0.0,4,14,1000,0.1,254,exact_bonferroni,0.001443100001779385,1.0
1.0,0.2857142857142857,0.0,4,14,1000,0.1,254,hoeffding,0.0004716000039479695,1.0
1.0,0.2857142857142857,0.0,4,14,1000,0.1,254,holm,0.0006352999989758246,
1.0,0.5714285714285714,0.0,8,14,1000,0.1,255,pointwise,0.0008054999998421408,0.0
1.0,0.14285714285714285,0.0,2,14,1000,0.1,255,normal_bonferroni,0.0008020999957807362,1.0
1.0,0.14285714285714285,0.0,2,14,1000,0.1,255,multiplier,0.0039047000027494505,1.0
1.0,0.14285714285714285,0.0,2,14,1000,0.1,255,exact_bonferroni,0.0010283000010531396,1.0
1.0,0.07142857142857142,0.0,1,14,1000,0.1,255,hoeffding,0.00030929999775253236,1.0
1.0,0.14285714285714285,0.0,2,14,1000,0.1,255,holm,0.0006279000008362345,
1.0,0.42857142857142855,0.0,6,14,1000,0.1,256,pointwise,0.0007554000039817765,1.0
1.0,0.2857142857142857,0.0,4,14,1000,0.1,256,normal_bonferroni,0.0006959999955142848,1.0
1.0,0.2857142857142857,0.0,4,14,1000,0.1,256,multiplier,0.003705100003571715,1.0
1.0,0.21428571428571427,0.0,3,14,1000,0.1,256,exact_bonferroni,0.0011546999958227389,1.0
1.0,0.14285714285714285,0.0,2,14,1000,0.1,256,hoeffding,0.00039039999683154747,1.0
1.0,0.2857142857142857,0.0,4,14,1000,0.1,256,holm,0.0005554000017582439,
1.0,0.5714285714285714,0.0,8,14,1000,0.1,257,pointwise,0.0008135999960359186,0.0
1.0,0.35714285714285715,0.0,5,14,1000,0.1,257,normal_bonferroni,0.0007017999960226007,1.0
1.0,0.35714285714285715,0.0,5,14,1000,0.1,257,multiplier,0.003126800002064556,1.0
1.0,0.35714285714285715,0.0,5,14,1000,0.1,257,exact_bonferroni,0.0009015999967232347,1.0
1.0,0.14285714285714285,0.0,2,14,1000,0.1,257,hoeffding,0.000392399997508619,1.0
1.0,0.35714285714285715,0.0,5,14,1000,0.1,257,holm,0.0005740999986301176,
1.0,0.7857142857142857,0.0,11,14,1000,0.1,258,pointwise,0.0007801000028848648,0.0
1.0,0.2857142857142857,0.0,4,14,1000,0.1,258,normal_bonferroni,0.0006962000043131411,1.0
1.0,0.2857142857142857,0.0,4,14,1000,0.1,258,multiplier,0.004082300001755357,1.0
1.0,0.2857142857142857,0.0,4,14,1000,0.1,258,exact_bonferroni,0.0013703000004170462,1.0
1.0,0.14285714285714285,0.0,2,14,1000,0.1,258,hoeffding,0.00046570000267820433,1.0
1.0,0.2857142857142857,0.0,4,14,1000,0.1,258,holm,0.0006814000007580034,
1.0,0.5,0.0,7,14,1000,0.1,259,pointwise,0.0010245000012218952,1.0
1.0,0.2857142857142857,0.0,4,14,1000,0.1,259,normal_bonferroni,0.0009150999976554886,1.0
1.0,0.2857142857142857,0.0,4,14,1000,0.1,259,multiplier,0.0042824999982258305,1.0
1.0,0.2857142857142857,0.0,4,14,1000,0.1,259,exact_bonferroni,0.0013340000004973263,1.0
1.0,0.0,0.0,0,14,1000,0.1,259,hoeffding,0.0004425000006449409,1.0
1.0,0.2857142857142857,0.0,4,14,1000,0.1,259,holm,0.000654499999654945,
1.0,0.35714285714285715,0.0,5,14,1000,0.1,260,pointwise,0.0008570999998482876,1.0
1.0,0.21428571428571427,0.0,3,14,1000,0.1,260,normal_bonferroni,0.0008075999940047041,1.0
1.0,0.21428571428571427,0.0,3,14,1000,0.1,260,multiplier,0.004421500001626555,1.0
1.0,0.21428571428571427,0.0,3,14,1000,0.1,260,exact_bonferroni,0.0014701999971293844,1.0
1.0,0.14285714285714285,0.0,2,14,1000,0.1,260,hoeffding,0.0004916999969282188,1.0
1.0,0.21428571428571427,0.0,3,14,1000,0.1,260,holm,0.000719700001354795,
1.0,0.35714285714285715,0.0,5,14,1000,0.1,261,pointwise,0.0008769999985815957,0.0
1.0,0.21428571428571427,0.0,3,14,1000,0.1,261,normal_bonferroni,0.0007511000003432855,1.0
1.0,0.21428571428571427,0.0,3,14,1000,0.1,261,multiplier,0.00393620000249939,1.0
1.0,0.21428571428571427,0.0,3,14,1000,0.1,261,exact_bonferroni,0.0011838999998872168,1.0
1.0,0.14285714285714285,0.0,2,14,1000,0.1,261,hoeffding,0.00038660000427626073,1.0
1.0,0.21428571428571427,0.0,3,14,1000,0.1,261,holm,0.0005711999983759597,
1.0,0.42857142857142855,0.0,6,14,1000,0.1,262,pointwise,0.0009428999983356334,0.0
1.0,0.35714285714285715,0.0,5,14,1000,0.1,262,normal_bonferroni,0.000523900002008304,1.0
1.0,0.35714285714285715,0.0,5,14,1000,0.1,262,multiplier,0.004064599997946061,1.0
1.0,0.35714285714285715,0.0,5,14,1000,0.1,262,exact_bonferroni,0.0012218000047141686,1.0
1.0,0.07142857142857142,0.0,1,14,1000,0.1,262,hoeffding,0.00041450000571785495,1.0
1.0,0.35714285714285715,0.0,5,14,1000,0.1,262,holm,0.0006142999991425313,
1.0,0.5714285714285714,0.0,8,14,1000,0.1,263,pointwise,0.0008311999990837649,0.0
1.0,0.2857142857142857,0.0,4,14,1000,0.1,263,normal_bonferroni,0.000708799998392351,1.0
1.0,0.2857142857142857,0.0,4,14,1000,0.1,263,multiplier,0.00419069999770727,1.0
1.0,0.2857142857142857,0.0,4,14,1000,0.1,263,exact_bonferroni,0.0019750999999814667,1.0
1.0,0.14285714285714285,0.0,2,14,1000,0.1,263,hoeffding,0.00030270000570453703,1.0
1.0,0.2857142857142857,0.0,4,14,1000,0.1,263,holm,0.00039010000182315707,
1.0,0.35714285714285715,0.0,5,14,1000,0.1,264,pointwise,0.0007919999989098869,1.0
1.0,0.14285714285714285,0.0,2,14,1000,0.1,264,normal_bonferroni,0.0007651999985682778,1.0
1.0,0.14285714285714285,0.0,2,14,1000,0.1,264,multiplier,0.0038571999975829385,1.0
1.0,0.14285714285714285,0.0,2,14,1000,0.1,264,exact_bonferroni,0.0012174000003142282,1.0
1.0,0.07142857142857142,0.0,1,14,1000,0.1,264,hoeffding,0.000709100000676699,1.0
1.0,0.14285714285714285,0.0,2,14,1000,0.1,264,holm,0.0003394999948795885,
1.0,0.5714285714285714,0.0,8,14,1000,0.1,265,pointwise,0.0010170999958063476,0.0
1.0,0.2857142857142857,0.0,4,14,1000,0.1,265,normal_bonferroni,0.0010433999996166676,1.0
1.0,0.2857142857142857,0.0,4,14,1000,0.1,265,multiplier,0.003806399996392429,1.0
1.0,0.2857142857142857,0.0,4,14,1000,0.1,265,exact_bonferroni,0.001170399998954963,1.0
1.0,0.14285714285714285,0.0,2,14,1000,0.1,265,hoeffding,0.0004087000052095391,1.0
1.0,0.2857142857142857,0.0,4,14,1000,0.1,265,holm,0.0005868000007467344,
1.0,0.42857142857142855,0.0,6,14,1000,0.1,266,pointwise,0.000785700001870282,0.0
1.0,0.21428571428571427,0.0,3,14,1000,0.1,266,normal_bonferroni,0.0010946999973384663,1.0
1.0,0.21428571428571427,0.0,3,14,1000,0.1,266,multiplier,0.004092099996341858,1.0
1.0,0.21428571428571427,0.0,3,14,1000,0.1,266,exact_bonferroni,0.0011888000008184463,1.0
1.0,0.21428571428571427,0.0,3,14,1000,0.1,266,hoeffding,0.00040940000326372683,1.0
1.0,0.21428571428571427,0.0,3,14,1000,0.1,266,holm,0.0006063999971956946,
1.0,0.42857142857142855,0.0,6,14,1000,0.1,267,pointwise,0.000835999999253545,0.0
1.0,0.2857142857142857,0.0,4,14,1000,0.1,267,normal_bonferroni,0.0007210999974631704,1.0
1.0,0.2857142857142857,0.0,4,14,1000,0.1,267,multiplier,0.003925899996829685,1.0
1.0,0.2857142857142857,0.0,4,14,1000,0.1,267,exact_bonferroni,0.0011632999958237633,1.0
1.0,0.14285714285714285,0.0,2,14,1000,0.1,267,hoeffding,0.00038979999953880906,1.0
1.0,0.2857142857142857,0.0,4,14,1000,0.1,267,holm,0.0005620999945676886,
0.0,0.42857142857142855,0.14285714285714285,7,14,1000,0.1,268,pointwise,0.0007536000048276037,0.0
1.0,0.14285714285714285,0.0,2,14,1000,0.1,268,normal_bonferroni,0.0006970000031287782,1.0
1.0,0.14285714285714285,0.0,2,14,1000,0.1,268,multiplier,0.00409139999828767,1.0
1.0,0.14285714285714285,0.0,2,14,1000,0.1,268,exact_bonferroni,0.0015296999990823679,1.0
1.0,0.14285714285714285,0.0,2,14,1000,0.1,268,hoeffding,0.0005909999963478185,1.0
1.0,0.14285714285714285,0.0,2,14,1000,0.1,268,holm,0.0006704999977955595,
1.0,0.35714285714285715,0.0,5,14,1000,0.1,269,pointwise,0.0008566999968024902,1.0
1.0,0.2857142857142857,0.0,4,14,1000,0.1,269,normal_bonferroni,0.0009500000014668331,1.0
1.0,0.2857142857142857,0.0,4,14,1000,0.1,269,multiplier,0.005178600004001055,1.0
1.0,0.21428571428571427,0.0,3,14,1000,0.1,269,exact_bonferroni,0.0012301999959163368,1.0
1.0,0.07142857142857142,0.0,1,14,1000,0.1,269,hoeffding,0.00043250000453554094,1.0
1.0,0.21428571428571427,0.0,3,14,1000,0.1,269,holm,0.0006431000001612119,
1.0,0.42857142857142855,0.0,6,14,1000,0.1,270,pointwise,0.000970599998254329,1.0
1.0,0.2857142857142857,0.0,4,14,1000,0.1,270,normal_bonferroni,0.0008392999952775426,1.0
1.0,0.2857142857142857,0.0,4,14,1000,0.1,270,multiplier,0.003914300003089011,1.0
1.0,0.2857142857142857,0.0,4,14,1000,0.1,270,exact_bonferroni,0.0011805999965872616,1.0
1.0,0.14285714285714285,0.0,2,14,1000,0.1,270,hoeffding,0.00041709999641170725,1.0
1.0,0.2857142857142857,0.0,4,14,1000,0.1,270,holm,0.0006170999986352399,
1.0,0.42857142857142855,0.0,6,14,1000,0.1,271,pointwise,0.0009556000004522502,1.0
1.0,0.07142857142857142,0.0,1,14,1000,0.1,271,normal_bonferroni,0.0004025999951409176,1.0
1.0,0.07142857142857142,0.0,1,14,1000,0.1,271,multiplier,0.002509599995391909,1.0
1.0,0.07142857142857142,0.0,1,14,1000,0.1,271,exact_bonferroni,0.0009860999998636544,1.0
1.0,0.07142857142857142,0.0,1,14,1000,0.1,271,hoeffding,0.0004079999998793937,1.0
1.0,0.07142857142857142,0.0,1,14,1000,0.1,271,holm,0.0006263999966904521,
1.0,0.5714285714285714,0.0,8,14,1000,0.1,272,pointwise,0.0007735999970464036,0.0
1.0,0.35714285714285715,0.0,5,14,1000,0.1,272,normal_bonferroni,0.0007501000000047497,1.0
1.0,0.35714285714285715,0.0,5,14,1000,0.1,272,multiplier,0.0037636999986716546,1.0
1.0,0.35714285714285715,0.0,5,14,1000,0.1,272,exact_bonferroni,0.0011458999942988157,1.0
1.0,0.21428571428571427,0.0,3,14,1000,0.1,272,hoeffding,0.000269199998001568,1.0
1.0,0.35714285714285715,0.0,5,14,1000,0.1,272,holm,0.0003026999984285794,
1.0,0.6428571428571429,0.0,9,14,1000,0.1,273,pointwise,0.0007729999997536652,0.0
1.0,0.21428571428571427,0.0,3,14,1000,0.1,273,normal_bonferroni,0.0007946000041556545,1.0
1.0,0.21428571428571427,0.0,3,14,1000,0.1,273,multiplier,0.0030698999980813824,1.0
1.0,0.21428571428571427,0.0,3,14,1000,0.1,273,exact_bonferroni,0.0005948999969405122,1.0
1.0,0.14285714285714285,0.0,2,14,1000,0.1,273,hoeffding,0.00019869999960064888,1.0
1.0,0.21428571428571427,0.0,3,14,1000,0.1,273,holm,0.00042519999988144264,
1.0,0.6428571428571429,0.0,9,14,1000,0.1,274,pointwise,0.0011503999994602054,0.0
1.0,0.2857142857142857,0.0,4,14,1000,0.1,274,normal_bonferroni,0.0008309999975608662,1.0
1.0,0.2857142857142857,0.0,4,14,1000,0.1,274,multiplier,0.003515199998219032,1.0
1.0,0.2857142857142857,0.0,4,14,1000,0.1,274,exact_bonferroni,0.0011591000002226792,1.0
1.0,0.07142857142857142,0.0,1,14,1000,0.1,274,hoeffding,0.00039319999632425606,1.0
1.0,0.2857142857142857,0.0,4,14,1000,0.1,274,holm,0.0006133000060799532,
1.0,0.5,0.0,7,14,1000,0.1,275,pointwise,0.0007180000029620714,0.0
1.0,0.35714285714285715,0.0,5,14,1000,0.1,275,normal_bonferroni,0.0006884999966132455,0.0
1.0,0.35714285714285715,0.0,5,14,1000,0.1,275,multiplier,0.003419900000153575,0.0
1.0,0.35714285714285715,0.0,5,14,1000,0.1,275,exact_bonferroni,0.0010273999942000955,1.0
1.0,0.35714285714285715,0.0,5,14,1000,0.1,275,hoeffding,0.000363799998012837,1.0
1.0,0.35714285714285715,0.0,5,14,1000,0.1,275,holm,0.0005308999971020967,
1.0,0.35714285714285715,0.0,5,14,1000,0.1,276,pointwise,0.0006493000037153251,0.0
1.0,0.14285714285714285,0.0,2,14,1000,0.1,276,normal_bonferroni,0.0006633999946643598,1.0
1.0,0.14285714285714285,0.0,2,14,1000,0.1,276,multiplier,0.0031683000051998533,1.0
1.0,0.14285714285714285,0.0,2,14,1000,0.1,276,exact_bonferroni,0.0009520000021439046,1.0
1.0,0.07142857142857142,0.0,1,14,1000,0.1,276,hoeffding,0.00033940000139409676,1.0
1.0,0.14285714285714285,0.0,2,14,1000,0.1,276,holm,0.0004856000014115125,
1.0,0.5714285714285714,0.0,8,14,1000,0.1,277,pointwise,0.0006575000006705523,0.0
1.0,0.35714285714285715,0.0,5,14,1000,0.1,277,normal_bonferroni,0.0006519000016851351,1.0
1.0,0.35714285714285715,0.0,5,14,1000,0.1,277,multiplier,0.003121800000371877,1.0
1.0,0.35714285714285715,0.0,5,14,1000,0.1,277,exact_bonferroni,0.0009608999971533194,1.0
1.0,0.14285714285714285,0.0,2,14,1000,0.1,277,hoeffding,0.00034070000401698053,1.0
1.0,0.35714285714285715,0.0,5,14,1000,0.1,277,holm,0.0004883000001427718,
1.0,0.7142857142857143,0.0,10,14,1000,0.1,278,pointwise,0.0006481000018538907,0.0
1.0,0.42857142857142855,0.0,6,14,1000,0.1,278,normal_bonferroni,0.0011736999949789606,0.0
1.0,0.42857142857142855,0.0,6,14,1000,0.1,278,multiplier,0.0022717999963788316,0.0
1.0,0.42857142857142855,0.0,6,14,1000,0.1,278,exact_bonferroni,0.000502099996083416,0.0
1.0,0.35714285714285715,0.0,5,14,1000,0.1,278,hoeffding,0.00017189999925903976,1.0
1.0,0.42857142857142855,0.0,6,14,1000,0.1,278,holm,0.000222400005441159,
1.0,0.6428571428571429,0.0,9,14,1000,0.1,279,pointwise,0.0003330000035930425,0.0
1.0,0.42857142857142855,0.0,6,14,1000,0.1,279,normal_bonferroni,0.00027940000290982425,1.0
1.0,0.42857142857142855,0.0,6,14,1000,0.1,279,multiplier,0.001753899996401742,1.0
1.0,0.42857142857142855,0.0,6,14,1000,0.1,279,exact_bonferroni,0.0004470000058063306,1.0
1.0,0.21428571428571427,0.0,3,14,1000,0.1,279,hoeffding,0.00016989999858196825,1.0
1.0,0.42857142857142855,0.0,6,14,1000,0.1,279,holm,0.0012687999987974763,
0.0,0.6428571428571429,0.1,10,14,1000,0.1,280,pointwise,0.0007839999962016009,0.0
1.0,0.35714285714285715,0.0,5,14,1000,0.1,280,normal_bonferroni,0.0006672000017715618,0.0
1.0,0.35714285714285715,0.0,5,14,1000,0.1,280,multiplier,0.003376900000148453,0.0
1.0,0.35714285714285715,0.0,5,14,1000,0.1,280,exact_bonferroni,0.000923999999940861,0.0
1.0,0.14285714285714285,0.0,2,14,1000,0.1,280,hoeffding,0.0003243999963160604,1.0
1.0,0.35714285714285715,0.0,5,14,1000,0.1,280,holm,0.0004988000000594184,
1.0,0.5,0.0,7,14,1000,0.1,281,pointwise,0.0006422000005841255,0.0
1.0,0.2857142857142857,0.0,4,14,1000,0.1,281,normal_bonferroni,0.0005900999967707321,1.0
1.0,0.2857142857142857,0.0,4,14,1000,0.1,281,multiplier,0.002711799999815412,1.0
1.0,0.2857142857142857,0.0,4,14,1000,0.1,281,exact_bonferroni,0.0005130000063218176,1.0
1.0,0.21428571428571427,0.0,3,14,1000,0.1,281,hoeffding,0.00018460000137565657,1.0
1.0,0.2857142857142857,0.0,4,14,1000,0.1,281,holm,0.0004456000024219975,
1.0,0.42857142857142855,0.0,6,14,1000,0.1,282,pointwise,0.00038979999953880906,0.0
1.0,0.2857142857142857,0.0,4,14,1000,0.1,282,normal_bonferroni,0.0005645999990520068,1.0
1.0,0.2857142857142857,0.0,4,14,1000,0.1,282,multiplier,0.0031003000040072948,1.0
1.0,0.2857142857142857,0.0,4,14,1000,0.1,282,exact_bonferroni,0.0009794999932637438,1.0
1.0,0.07142857142857142,0.0,1,14,1000,0.1,282,hoeffding,0.00031429999944521114,1.0
1.0,0.2857142857142857,0.0,4,14,1000,0.1,282,holm,0.0004678999976022169,
1.0,0.5714285714285714,0.0,8,14,1000,0.1,283,pointwise,0.000629599999228958,0.0
1.0,0.2857142857142857,0.0,4,14,1000,0.1,283,normal_bonferroni,0.0005717000021832064,1.0
1.0,0.2857142857142857,0.0,4,14,1000,0.1,283,multiplier,0.0031520999982603826,1.0
1.0,0.21428571428571427,0.0,3,14,1000,0.1,283,exact_bonferroni,0.0008679000020492822,1.0
1.0,0.14285714285714285,0.0,2,14,1000,0.1,283,hoeffding,0.00030980000155977905,1.0
1.0,0.2857142857142857,0.0,4,14,1000,0.1,283,holm,0.00043929999810643494,
1.0,0.35714285714285715,0.0,5,14,1000,0.1,284,pointwise,0.000894600001629442,0.0
1.0,0.2857142857142857,0.0,4,14,1000,0.1,284,normal_bonferroni,0.00038109999877633527,1.0
1.0,0.2857142857142857,0.0,4,14,1000,0.1,284,multiplier,0.0022430999961216003,1.0
1.0,0.2857142857142857,0.0,4,14,1000,0.1,284,exact_bonferroni,0.001232399998116307,1.0
1.0,0.14285714285714285,0.0,2,14,1000,0.1,284,hoeffding,0.0009054999973159283,1.0
1.0,0.2857142857142857,0.0,4,14,1000,0.1,284,holm,0.000545599999895785,
1.0,0.42857142857142855,0.0,6,14,1000,0.1,285,pointwise,0.0007073000015225261,0.0
1.0,0.14285714285714285,0.0,2,14,1000,0.1,285,normal_bonferroni,0.0006032000019331463,1.0
1.0,0.14285714285714285,0.0,2,14,1000,0.1,285,multiplier,0.003112999998847954,1.0
1.0,0.07142857142857142,0.0,1,14,1000,0.1,285,exact_bonferroni,0.0009043000027304515,1.0
1.0,0.07142857142857142,0.0,1,14,1000,0.1,285,hoeffding,0.0003071999963140115,1.0
1.0,0.07142857142857142,0.0,1,14,1000,0.1,285,holm,0.0004381000035209581,
1.0,0.5,0.0,7,14,1000,0.1,286,pointwise,0.0005553000009967946,1.0
1.0,0.14285714285714285,0.0,2,14,1000,0.1,286,normal_bonferroni,0.0004386999935377389,1.0
1.0,0.14285714285714285,0.0,2,14,1000,0.1,286,multiplier,0.002609900002426002,1.0
1.0,0.14285714285714285,0.0,2,14,1000,0.1,286,exact_bonferroni,0.0011513999997987412,1.0
1.0,0.07142857142857142,0.0,1,14,1000,0.1,286,hoeffding,0.0004715000031865202,1.0
1.0,0.14285714285714285,0.0,2,14,1000,0.1,286,holm,0.0005814999967697076,
1.0,0.5,0.0,7,14,1000,0.1,287,pointwise,0.000683599995682016,1.0
1.0,0.21428571428571427,0.0,3,14,1000,0.1,287,normal_bonferroni,0.0006642000007559545,1.0
1.0,0.21428571428571427,0.0,3,14,1000,0.1,287,multiplier,0.003096100001130253,1.0
1.0,0.21428571428571427,0.0,3,14,1000,0.1,287,exact_bonferroni,0.000915699994948227,1.0
1.0,0.07142857142857142,0.0,1,14,1000,0.1,287,hoeffding,0.00032270000519929454,1.0
1.0,0.21428571428571427,0.0,3,14,1000,0.1,287,holm,0.0004552999962470494,
1.0,0.7142857142857143,0.0,10,14,1000,0.1,288,pointwise,0.0004341999956523068,1.0
1.0,0.07142857142857142,0.0,1,14,1000,0.1,288,normal_bonferroni,0.00037859999429201707,1.0
1.0,0.07142857142857142,0.0,1,14,1000,0.1,288,multiplier,0.003071999999519903,1.0
1.0,0.07142857142857142,0.0,1,14,1000,0.1,288,exact_bonferroni,0.0009758999949553981,1.0
1.0,0.0,0.0,0,14,1000,0.1,288,hoeffding,0.00034749999758787453,1.0
1.0,0.07142857142857142,0.0,1,14,1000,0.1,288,holm,0.0005059999966761097,
1.0,0.5,0.0,7,14,1000,0.1,289,pointwise,0.0006776000009267591,1.0
1.0,0.35714285714285715,0.0,5,14,1000,0.1,289,normal_bonferroni,0.0006031000011716969,1.0
1.0,0.35714285714285715,0.0,5,14,1000,0.1,289,multiplier,0.002976799994939938,1.0
1.0,0.2857142857142857,0.0,4,14,1000,0.1,289,exact_bonferroni,0.0008572000006097369,1.0
1.0,0.14285714285714285,0.0,2,14,1000,0.1,289,hoeffding,0.0003074000051128678,1.0
1.0,0.2857142857142857,0.0,4,14,1000,0.1,289,holm,0.0004365999993751757,
1.0,0.42857142857142855,0.0,6,14,1000,0.1,290,pointwise,0.0009694000036688522,1.0
1.0,0.21428571428571427,0.0,3,14,1000,0.1,290,normal_bonferroni,0.0006189000050653704,1.0
1.0,0.21428571428571427,0.0,3,14,1000,0.1,290,multiplier,0.0031017000001156703,1.0
1.0,0.21428571428571427,0.0,3,14,1000,0.1,290,exact_bonferroni,0.000865099995280616,1.0
1.0,0.07142857142857142,0.0,1,14,1000,0.1,290,hoeffding,0.00032189999910769984,1.0
1.0,0.21428571428571427,0.0,3,14,1000,0.1,290,holm,0.0005038999952375889,
1.0,0.5,0.0,7,14,1000,0.1,291,pointwise,0.0006394000010914169,1.0
1.0,0.14285714285714285,0.0,2,14,1000,0.1,291,normal_bonferroni,0.0005779999992228113,1.0
1.0,0.14285714285714285,0.0,2,14,1000,0.1,291,multiplier,0.00291319999814732,1.0
1.0,0.07142857142857142,0.0,1,14,1000,0.1,291,exact_bonferroni,0.000797400003648363,1.0
1.0,0.07142857142857142,0.0,1,14,1000,0.1,291,hoeffding,0.0002906000008806586,1.0
1.0,0.07142857142857142,0.0,1,14,1000,0.1,291,holm,0.0007170000026235357,
1.0,0.35714285714285715,0.0,5,14,1000,0.1,292,pointwise,0.0006606999959331006,0.0
1.0,0.21428571428571427,0.0,3,14,1000,0.1,292,normal_bonferroni,0.0005799999998998828,1.0
1.0,0.21428571428571427,0.0,3,14,1000,0.1,292,multiplier,0.003061600000364706,1.0
1.0,0.21428571428571427,0.0,3,14,1000,0.1,292,exact_bonferroni,0.0008834000036586076,1.0
1.0,0.21428571428571427,0.0,3,14,1000,0.1,292,hoeffding,0.0003144999936921522,1.0
1.0,0.21428571428571427,0.0,3,14,1000,0.1,292,holm,0.0004731999943032861,
1.0,0.35714285714285715,0.0,5,14,1000,0.1,293,pointwise,0.0006387999965227209,0.0
1.0,0.2857142857142857,0.0,4,14,1000,0.1,293,normal_bonferroni,0.0005670000027748756,1.0
1.0,0.2857142857142857,0.0,4,14,1000,0.1,293,multiplier,0.0030585999993490987,1.0
1.0,0.2857142857142857,0.0,4,14,1000,0.1,293,exact_bonferroni,0.0006196000031195581,1.0
1.0,0.14285714285714285,0.0,2,14,1000,0.1,293,hoeffding,0.00022340000577969477,1.0
1.0,0.2857142857142857,0.0,4,14,1000,0.1,293,holm,0.000312700001813937,
1.0,0.5,0.0,7,14,1000,0.1,294,pointwise,0.0006272999962675385,1.0
1.0,0.21428571428571427,0.0,3,14,1000,0.1,294,normal_bonferroni,0.0005757000035373494,1.0
1.0,0.21428571428571427,0.0,3,14,1000,0.1,294,multiplier,0.0030764999974053353,1.0
1.0,0.14285714285714285,0.0,2,14,1000,0.1,294,exact_bonferroni,0.0008373000018764287,1.0
1.0,0.07142857142857142,0.0,1,14,1000,0.1,294,hoeffding,0.0003060000017285347,1.0
1.0,0.21428571428571427,0.0,3,14,1000,0.1,294,holm,0.0004360000020824373,
1.0,0.35714285714285715,0.0,5,14,1000,0.1,295,pointwise,0.0004712000009021722,1.0
1.0,0.21428571428571427,0.0,3,14,1000,0.1,295,normal_bonferroni,0.00044210000487510115,1.0
1.0,0.21428571428571427,0.0,3,14,1000,0.1,295,multiplier,0.0033651999983703718,1.0
1.0,0.21428571428571427,0.0,3,14,1000,0.1,295,exact_bonferroni,0.0009319999953731894,1.0
1.0,0.07142857142857142,0.0,1,14,1000,0.1,295,hoeffding,0.00031859999580774456,1.0
1.0,0.21428571428571427,0.0,3,14,1000,0.1,295,holm,0.0004642000058083795,
1.0,0.35714285714285715,0.0,5,14,1000,0.1,296,pointwise,0.0006013000020175241,0.0
1.0,0.2857142857142857,0.0,4,14,1000,0.1,296,normal_bonferroni,0.0005890999964321963,1.0
1.0,0.2857142857142857,0.0,4,14,1000,0.1,296,multiplier,0.0031677000006311573,1.0
1.0,0.21428571428571427,0.0,3,14,1000,0.1,296,exact_bonferroni,0.0009183000001939945,1.0
1.0,0.21428571428571427,0.0,3,14,1000,0.1,296,hoeffding,0.00032980000105453655,1.0
1.0,0.21428571428571427,0.0,3,14,1000,0.1,296,holm,0.0005002999969292432,
1.0,0.5,0.0,7,14,1000,0.1,297,pointwise,0.0008674000055179931,0.0
1.0,0.2857142857142857,0.0,4,14,1000,0.1,297,normal_bonferroni,0.0004117999997106381,1.0
1.0,0.2857142857142857,0.0,4,14,1000,0.1,297,multiplier,0.002338699996471405,1.0
1.0,0.2857142857142857,0.0,4,14,1000,0.1,297,exact_bonferroni,0.0008694999996805564,1.0
1.0,0.2857142857142857,0.0,4,14,1000,0.1,297,hoeffding,0.00031009999656816944,1.0
1.0,0.2857142857142857,0.0,4,14,1000,0.1,297,holm,0.0004425000006449409,
1.0,0.5,0.0,7,14,1000,0.1,298,pointwise,0.000589600000239443,1.0
1.0,0.21428571428571427,0.0,3,14,1000,0.1,298,normal_bonferroni,0.0005575999966822565,1.0
1.0,0.21428571428571427,0.0,3,14,1000,0.1,298,multiplier,0.0034934999930555932,1.0
1.0,0.21428571428571427,0.0,3,14,1000,0.1,298,exact_bonferroni,0.0010779000003822148,1.0
1.0,0.14285714285714285,0.0,2,14,1000,0.1,298,hoeffding,0.00023769999825162813,1.0
1.0,0.21428571428571427,0.0,3,14,1000,0.1,298,holm,0.0003336000008857809,
1.0,0.35714285714285715,0.0,5,14,1000,0.1,299,pointwise,0.0006773999994038604,0.0
1.0,0.2857142857142857,0.0,4,14,1000,0.1,299,normal_bonferroni,0.0006896999984746799,1.0
1.0,0.2857142857142857,0.0,4,14,1000,0.1,299,multiplier,0.0033324999967589974,1.0
1.0,0.2857142857142857,0.0,4,14,1000,0.1,299,exact_bonferroni,0.0009611999994376674,1.0
1.0,0.14285714285714285,0.0,2,14,1000,0.1,299,hoeffding,0.0003406000032555312,1.0
1.0,0.2857142857142857,0.0,4,14,1000,0.1,299,holm,0.00047339999582618475,
1.0,0.5714285714285714,0.0,8,14,1000,0.9,0,pointwise,0.000647599998046644,1.0
1.0,0.21428571428571427,0.0,3,14,1000,0.9,0,normal_bonferroni,0.0005901999975321814,1.0
1.0,0.35714285714285715,0.0,5,14,1000,0.9,0,multiplier,0.003014000001712702,1.0
1.0,0.21428571428571427,0.0,3,14,1000,0.9,0,exact_bonferroni,0.0013006000008317642,1.0
1.0,0.21428571428571427,0.0,3,14,1000,0.9,0,hoeffding,0.00035909999860450625,1.0
1.0,0.21428571428571427,0.0,3,14,1000,0.9,0,holm,0.0005479999963426962,
1.0,0.6428571428571429,0.0,9,14,1000,0.9,1,pointwise,0.0007445000010193326,0.0
1.0,0.42857142857142855,0.0,6,14,1000,0.9,1,normal_bonferroni,0.0006499000010080636,1.0
1.0,0.5714285714285714,0.0,8,14,1000,0.9,1,multiplier,0.003643500000180211,1.0
1.0,0.42857142857142855,0.0,6,14,1000,0.9,1,exact_bonferroni,0.0010590000019874424,1.0
1.0,0.14285714285714285,0.0,2,14,1000,0.9,1,hoeffding,0.0004017999963252805,1.0
1.0,0.42857142857142855,0.0,6,14,1000,0.9,1,holm,0.0005487000016728416,
1.0,0.42857142857142855,0.0,6,14,1000,0.9,2,pointwise,0.001205200002004858,1.0
1.0,0.2857142857142857,0.0,4,14,1000,0.9,2,normal_bonferroni,0.0009012999944388866,1.0
1.0,0.2857142857142857,0.0,4,14,1000,0.9,2,multiplier,0.004230500002449844,1.0
1.0,0.21428571428571427,0.0,3,14,1000,0.9,2,exact_bonferroni,0.0012159000034444034,1.0
1.0,0.21428571428571427,0.0,3,14,1000,0.9,2,hoeffding,0.0005585999970207922,1.0
1.0,0.2857142857142857,0.0,4,14,1000,0.9,2,holm,0.0006738000010955147,
1.0,0.2857142857142857,0.0,4,14,1000,0.9,3,pointwise,0.000662800004647579,1.0
1.0,0.14285714285714285,0.0,2,14,1000,0.9,3,normal_bonferroni,0.0007515000033890828,1.0
1.0,0.14285714285714285,0.0,2,14,1000,0.9,3,multiplier,0.004089899994141888,1.0
1.0,0.07142857142857142,0.0,1,14,1000,0.9,3,exact_bonferroni,0.0011889000015798956,1.0
1.0,0.0,0.0,0,14,1000,0.9,3,hoeffding,0.000411300003179349,1.0
1.0,0.07142857142857142,0.0,1,14,1000,0.9,3,holm,0.0005829000001540408,
1.0,0.35714285714285715,0.0,5,14,1000,0.9,4,pointwise,0.0007903000005171634,1.0
1.0,0.14285714285714285,0.0,2,14,1000,0.9,4,normal_bonferroni,0.0006960999962757342,1.0
1.0,0.14285714285714285,0.0,2,14,1000,0.9,4,multiplier,0.003535700001521036,1.0
1.0,0.14285714285714285,0.0,2,14,1000,0.9,4,exact_bonferroni,0.0014140999992378056,1.0
1.0,0.07142857142857142,0.0,1,14,1000,0.9,4,hoeffding,0.0004470999992918223,1.0
1.0,0.14285714285714285,0.0,2,14,1000,0.9,4,holm,0.0006999000033829361,
1.0,0.5714285714285714,0.0,8,14,1000,0.9,5,pointwise,0.000727099999494385,0.0
1.0,0.42857142857142855,0.0,6,14,1000,0.9,5,normal_bonferroni,0.0007237999961944297,1.0
1.0,0.42857142857142855,0.0,6,14,1000,0.9,5,multiplier,0.003542900005413685,0.0
1.0,0.35714285714285715,0.0,5,14,1000,0.9,5,exact_bonferroni,0.0010437000019010156,1.0
1.0,0.21428571428571427,0.0,3,14,1000,0.9,5,hoeffding,0.00034749999758787453,1.0
1.0,0.35714285714285715,0.0,5,14,1000,0.9,5,holm,0.0005023000048822723,
1.0,0.5714285714285714,0.0,8,14,1000,0.9,6,pointwise,0.0007005999941611663,1.0
1.0,0.21428571428571427,0.0,3,14,1000,0.9,6,normal_bonferroni,0.0007086000041454099,1.0
1.0,0.21428571428571427,0.0,3,14,1000,0.9,6,multiplier,0.003299400006653741,1.0
1.0,0.21428571428571427,0.0,3,14,1000,0.9,6,exact_bonferroni,0.0009744999988470227,1.0
1.0,0.14285714285714285,0.0,2,14,1000,0.9,6,hoeffding,0.0003404000017326325,1.0
1.0,0.21428571428571427,0.0,3,14,1000,0.9,6,holm,0.0004932000010740012,
1.0,0.35714285714285715,0.0,5,14,1000,0.9,7,pointwise,0.000654800001939293,1.0
1.0,0.21428571428571427,0.0,3,14,1000,0.9,7,normal_bonferroni,0.0010461999991093762,1.0
1.0,0.21428571428571427,0.0,3,14,1000,0.9,7,multiplier,0.0036407000006875023,1.0
1.0,0.21428571428571427,0.0,3,14,1000,0.9,7,exact_bonferroni,0.0011169999997946434,1.0
1.0,0.14285714285714285,0.0,2,14,1000,0.9,7,hoeffding,0.00037169999995967373,1.0
1.0,0.21428571428571427,0.0,3,14,1000,0.9,7,holm,0.0005858000004081987,
1.0,0.42857142857142855,0.0,6,14,1000,0.9,8,pointwise,0.0006977999946684577,1.0
1.0,0.21428571428571427,0.0,3,14,1000,0.9,8,normal_bonferroni,0.0007917000039014965,1.0
1.0,0.21428571428571427,0.0,3,14,1000,0.9,8,multiplier,0.0033835999929578975,1.0
1.0,0.21428571428571427,0.0,3,14,1000,0.9,8,exact_bonferroni,0.0009591000052751042,1.0
1.0,0.07142857142857142,0.0,1,14,1000,0.9,8,hoeffding,0.00034049999521812424,1.0
1.0,0.21428571428571427,0.0,3,14,1000,0.9,8,holm,0.0004957000055583194,
1.0,0.35714285714285715,0.0,5,14,1000,0.9,9,pointwise,0.0007102999952621758,1.0
1.0,0.14285714285714285,0.0,2,14,1000,0.9,9,normal_bonferroni,0.0007219000035547651,1.0
1.0,0.14285714285714285,0.0,2,14,1000,0.9,9,multiplier,0.0034677000003284775,1.0
1.0,0.14285714285714285,0.0,2,14,1000,0.9,9,exact_bonferroni,0.0010164999985136092,1.0
1.0,0.07142857142857142,0.0,1,14,1000,0.9,9,hoeffding,0.00035650000063469633,1.0
1.0,0.14285714285714285,0.0,2,14,1000,0.9,9,holm,0.0005174000034458004,
1.0,0.35714285714285715,0.0,5,14,1000,0.9,10,pointwise,0.0006723999977111816,1.0
1.0,0.21428571428571427,0.0,3,14,1000,0.9,10,normal_bonferroni,0.0006190999993123114,1.0
1.0,0.35714285714285715,0.0,5,14,1000,0.9,10,multiplier,0.0031822999953874387,1.0
1.0,0.14285714285714285,0.0,2,14,1000,0.9,10,exact_bonferroni,0.0008200000011129305,1.0
1.0,0.07142857142857142,0.0,1,14,1000,0.9,10,hoeffding,0.0002469000028213486,1.0
1.0,0.14285714285714285,0.0,2,14,1000,0.9,10,holm,0.0007273000010172836,
1.0,0.6428571428571429,0.0,9,14,1000,0.9,11,pointwise,0.0007922000004327856,1.0
1.0,0.35714285714285715,0.0,5,14,1000,0.9,11,normal_bonferroni,0.000686799998220522,1.0
1.0,0.35714285714285715,0.0,5,14,1000,0.9,11,multiplier,0.0035635999956866726,1.0
1.0,0.35714285714285715,0.0,5,14,1000,0.9,11,exact_bonferroni,0.0011651999957393855,1.0
1.0,0.14285714285714285,0.0,2,14,1000,0.9,11,hoeffding,0.0003519000019878149,1.0
1.0,0.35714285714285715,0.0,5,14,1000,0.9,11,holm,0.0005145000031916425,
1.0,0.5,0.0,7,14,1000,0.9,12,pointwise,0.0006556000007549301,0.0
1.0,0.35714285714285715,0.0,5,14,1000,0.9,12,normal_bonferroni,0.0006550999969476834,1.0
1.0,0.35714285714285715,0.0,5,14,1000,0.9,12,multiplier,0.003394800005480647,1.0
1.0,0.35714285714285715,0.0,5,14,1000,0.9,12,exact_bonferroni,0.0010494000016478822,1.0
1.0,0.21428571428571427,0.0,3,14,1000,0.9,12,hoeffding,0.00034559999767225236,1.0
1.0,0.35714285714285715,0.0,5,14,1000,0.9,12,holm,0.0005070000042906031,
1.0,0.2857142857142857,0.0,4,14,1000,0.9,13,pointwise,0.0006644000022788532,1.0
1.0,0.14285714285714285,0.0,2,14,1000,0.9,13,normal_bonferroni,0.0006484999976237305,1.0
1.0,0.21428571428571427,0.0,3,14,1000,0.9,13,multiplier,0.003180899999279063,1.0
1.0,0.14285714285714285,0.0,2,14,1000,0.9,13,exact_bonferroni,0.0009471000012126751,1.0
1.0,0.07142857142857142,0.0,1,14,1000,0.9,13,hoeffding,0.0003388999975868501,1.0
1.0,0.14285714285714285,0.0,2,14,1000,0.9,13,holm,0.000465600001916755,
1.0,0.5714285714285714,0.0,8,14,1000,0.9,14,pointwise,0.0006498000002466142,1.0
1.0,0.21428571428571427,0.0,3,14,1000,0.9,14,normal_bonferroni,0.000643599996692501,1.0
1.0,0.42857142857142855,0.0,6,14,1000,0.9,14,multiplier,0.0031443999978364445,1.0
1.0,0.21428571428571427,0.0,3,14,1000,0.9,14,exact_bonferroni,0.0009619999982533045,1.0
1.0,0.07142857142857142,0.0,1,14,1000,0.9,14,hoeffding,0.00034070000401698053,1.0
1.0,0.21428571428571427,0.0,3,14,1000,0.9,14,holm,0.0004923000014969148,
0.0,1.0,0.06666666666666667,15,14,1000,0.9,15,pointwise,0.0006606000024476089,0.0
1.0,0.6428571428571429,0.0,9,14,1000,0.9,15,normal_bonferroni,0.0006117999946582131,0.0
1.0,0.7142857142857143,0.0,10,14,1000,0.9,15,multiplier,0.003152800003590528,0.0
1.0,0.6428571428571429,0.0,9,14,1000,0.9,15,exact_bonferroni,0.0009404000011272728,0.0
1.0,0.42857142857142855,0.0,6,14,1000,0.9,15,hoeffding,0.00032250000367639586,1.0
1.0,0.6428571428571429,0.0,9,14,1000,0.9,15,holm,0.000490999998874031,
1.0,0.5714285714285714,0.0,8,14,1000,0.9,16,pointwise,0.000614800002949778,1.0
1.0,0.21428571428571427,0.0,3,14,1000,0.9,16,normal_bonferroni,0.0006098000012570992,1.0
1.0,0.35714285714285715,0.0,5,14,1000,0.9,16,multiplier,0.0030442999996012077,1.0
1.0,0.21428571428571427,0.0,3,14,1000,0.9,16,exact_bonferroni,0.0009224000023095869,1.0
1.0,0.14285714285714285,0.0,2,14,1000,0.9,16,hoeffding,0.00037180000072112307,1.0
1.0,0.21428571428571427,0.0,3,14,1000,0.9,16,holm,0.000509299999976065,
1.0,0.5,0.0,7,14,1000,0.9,17,pointwise,0.0007880999983171932,1.0
1.0,0.14285714285714285,0.0,2,14,1000,0.9,17,normal_bonferroni,0.0006978000019444153,1.0
1.0,0.21428571428571427,0.0,3,14,1000,0.9,17,multiplier,0.003562800004146993,1.0
1.0,0.14285714285714285,0.0,2,14,1000,0.9,17,exact_bonferroni,0.0010039000044343993,1.0
1.0,0.07142857142857142,0.0,1,14,1000,0.9,17,hoeffding,0.00036249999538995326,1.0
1.0,0.14285714285714285,0.0,2,14,1000,0.9,17,holm,0.0005615000045509078,
0.0,0.9285714285714286,0.07142857142857142,14,14,1000,0.9,18,pointwise,0.0006628999981330708,0.0
1.0,0.5714285714285714,0.0,8,14,1000,0.9,18,normal_bonferroni,0.0006210999999893829,1.0
1.0,0.6428571428571429,0.0,9,14,1000,0.9,18,multiplier,0.0035783999992418103,0.0
1.0,0.5714285714285714,0.0,8,14,1000,0.9,18,exact_bonferroni,0.0005624999976134859,1.0
1.0,0.35714285714285715,0.0,5,14,1000,0.9,18,hoeffding,0.0001847000021371059,1.0
1.0,0.5714285714285714,0.0,8,14,1000,0.9,18,holm,0.000276400001894217,
1.0,0.5714285714285714,0.0,8,14,1000,0.9,19,pointwise,0.0007079000060912222,0.0
1.0,0.21428571428571427,0.0,3,14,1000,0.9,19,normal_bonferroni,0.0007464999944204465,1.0
1.0,0.21428571428571427,0.0,3,14,1000,0.9,19,multiplier,0.0033020999981090426,1.0
1.0,0.21428571428571427,0.0,3,14,1000,0.9,19,exact_bonferroni,0.0009290000016335398,1.0
1.0,0.07142857142857142,0.0,1,14,1000,0.9,19,hoeffding,0.000337799996486865,1.0
1.0,0.21428571428571427,0.0,3,14,1000,0.9,19,holm,0.0004937999983667396,
1.0,0.21428571428571427,0.0,3,14,1000,0.9,20,pointwise,0.00064820000261534,1.0
1.0,0.0,0.0,0,14,1000,0.9,20,normal_bonferroni,0.000585299996600952,1.0
1.0,0.07142857142857142,0.0,1,14,1000,0.9,20,multiplier,0.003028999999514781,1.0
1.0,0.0,0.0,0,14,1000,0.9,20,exact_bonferroni,0.0008424999978160486,1.0
1.0,0.0,0.0,0,14,1000,0.9,20,hoeffding,0.00021099999867146835,1.0
1.0,0.0,0.0,0,14,1000,0.9,20,holm,0.0003040000010514632,
1.0,0.21428571428571427,0.0,3,14,1000,0.9,21,pointwise,0.0006819000045652501,1.0
1.0,0.07142857142857142,0.0,1,14,1000,0.9,21,normal_bonferroni,0.0006903999965288676,1.0
1.0,0.14285714285714285,0.0,2,14,1000,0.9,21,multiplier,0.003340099996421486,1.0
1.0,0.0,0.0,0,14,1000,0.9,21,exact_bonferroni,0.0009540000028209761,1.0
1.0,0.0,0.0,0,14,1000,0.9,21,hoeffding,0.0003403999944566749,1.0
1.0,0.0,0.0,0,14,1000,0.9,21,holm,0.0004797000001417473,
1.0,0.7142857142857143,0.0,10,14,1000,0.9,22,pointwise,0.0006120999969425611,0.0
1.0,0.35714285714285715,0.0,5,14,1000,0.9,22,normal_bonferroni,0.000610999995842576,1.0
1.0,0.5,0.0,7,14,1000,0.9,22,multiplier,0.0030684000012115575,1.0
1.0,0.35714285714285715,0.0,5,14,1000,0.9,22,exact_bonferroni,0.0009045999977388419,1.0
1.0,0.21428571428571427,0.0,3,14,1000,0.9,22,hoeffding,0.00034640000376384705,1.0
1.0,0.35714285714285715,0.0,5,14,1000,0.9,22,holm,0.0005248000015853904,
1.0,0.7142857142857143,0.0,10,14,1000,0.9,23,pointwise,0.000742500000342261,1.0
1.0,0.2857142857142857,0.0,4,14,1000,0.9,23,normal_bonferroni,0.000659100005577784,1.0
1.0,0.35714285714285715,0.0,5,14,1000,0.9,23,multiplier,0.0033310999933746643,1.0
1.0,0.2857142857142857,0.0,4,14,1000,0.9,23,exact_bonferroni,0.0009649999992689118,1.0
1.0,0.21428571428571427,0.0,3,14,1000,0.9,23,hoeffding,0.00033799999800976366,1.0
1.0,0.2857142857142857,0.0,4,14,1000,0.9,23,holm,0.0004905999958282337,
0.0,0.9285714285714286,0.07142857142857142,14,14,1000,0.9,24,pointwise,0.0006676000048173591,0.0
1.0,0.6428571428571429,0.0,9,14,1000,0.9,24,normal_bonferroni,0.0006464999969466589,1.0
1.0,0.7857142857142857,0.0,11,14,1000,0.9,24,multiplier,0.0032055999981821515,1.0
1.0,0.6428571428571429,0.0,9,14,1000,0.9,24,exact_bonferroni,0.0012238999988767318,1.0
1.0,0.42857142857142855,0.0,6,14,1000,0.9,24,hoeffding,0.000342100000125356,1.0
1.0,0.6428571428571429,0.0,9,14,1000,0.9,24,holm,0.0004847999953199178,
1.0,0.35714285714285715,0.0,5,14,1000,0.9,25,pointwise,0.0007285999963642098,1.0
1.0,0.14285714285714285,0.0,2,14,1000,0.9,25,normal_bonferroni,0.0006271000020205975,1.0
1.0,0.14285714285714285,0.0,2,14,1000,0.9,25,multiplier,0.00341360000311397,1.0
1.0,0.14285714285714285,0.0,2,14,1000,0.9,25,exact_bonferroni,0.0009180999986710958,1.0
1.0,0.07142857142857142,0.0,1,14,1000,0.9,25,hoeffding,0.0003327999947941862,1.0
1.0,0.14285714285714285,0.0,2,14,1000,0.9,25,holm,0.0005246000000624917,
1.0,0.21428571428571427,0.0,3,14,1000,0.9,26,pointwise,0.0006608999974559993,1.0
1.0,0.21428571428571427,0.0,3,14,1000,0.9,26,normal_bonferroni,0.0005872999972780235,1.0
1.0,0.21428571428571427,0.0,3,14,1000,0.9,26,multiplier,0.00344030000269413,1.0
1.0,0.14285714285714285,0.0,2,14,1000,0.9,26,exact_bonferroni,0.000952299997152295,1.0
1.0,0.07142857142857142,0.0,1,14,1000,0.9,26,hoeffding,0.0003815000018221326,1.0
1.0,0.14285714285714285,0.0,2,14,1000,0.9,26,holm,0.0004943000021739863,
1.0,0.5,0.0,7,14,1000,0.9,27,pointwise,0.0006961999970371835,0.0
1.0,0.2857142857142857,0.0,4,14,1000,0.9,27,normal_bonferroni,0.0006950000024517067,1.0
1.0,0.35714285714285715,0.0,5,14,1000,0.9,27,multiplier,0.003369499994732905,1.0
1.0,0.2857142857142857,0.0,4,14,1000,0.9,27,exact_bonferroni,0.0009647999977460131,1.0
1.0,0.14285714285714285,0.0,2,14,1000,0.9,27,hoeffding,0.0003417000043555163,1.0
1.0,0.2857142857142857,0.0,4,14,1000,0.9,27,holm,0.0004888999974355102,
0.0,0.8571428571428571,0.07692307692307693,13,14,1000,0.9,28,pointwise,0.0006190000058268197,0.0
1.0,0.5,0.0,7,14,1000,0.9,28,normal_bonferroni,0.0006118999954196624,1.0
1.0,0.5714285714285714,0.0,8,14,1000,0.9,28,multiplier,0.0030928000051062554,0.0
1.0,0.5,0.0,7,14,1000,0.9,28,exact_bonferroni,0.0009363000062876381,1.0
1.0,0.35714285714285715,0.0,5,14,1000,0.9,28,hoeffding,0.0003448999996180646,1.0
1.0,0.5,0.0,7,14,1000,0.9,28,holm,0.0005338000046322122,
1.0,0.5714285714285714,0.0,8,14,1000,0.9,29,pointwise,0.0007117999994079582,1.0
1.0,0.2857142857142857,0.0,4,14,1000,0.9,29,normal_bonferroni,0.0006825999953434803,1.0
1.0,0.35714285714285715,0.0,5,14,1000,0.9,29,multiplier,0.003267799998866394,1.0
1.0,0.21428571428571427,0.0,3,14,1000,0.9,29,exact_bonferroni,0.0009484000038355589,1.0
1.0,0.07142857142857142,0.0,1,14,1000,0.9,29,hoeffding,0.00033659999462543055,1.0
1.0,0.2857142857142857,0.0,4,14,1000,0.9,29,holm,0.00048270000115735456,
1.0,0.5,0.0,7,14,1000,0.9,30,pointwise,0.0006110000031185336,1.0
1.0,0.2857142857142857,0.0,4,14,1000,0.9,30,normal_bonferroni,0.0007191999975475483,1.0
1.0,0.2857142857142857,0.0,4,14,1000,0.9,30,multiplier,0.002918999998655636,1.0
1.0,0.2857142857142857,0.0,4,14,1000,0.9,30,exact_bonferroni,0.0007857999953557737,1.0
1.0,0.07142857142857142,0.0,1,14,1000,0.9,30,hoeffding,0.0003328000020701438,1.0
1.0,0.2857142857142857,0.0,4,14,1000,0.9,30,holm,0.0004813999985344708,
1.0,0.7857142857142857,0.0,11,14,1000,0.9,31,pointwise,0.0006470000007539056,0.0
1.0,0.7142857142857143,0.0,10,14,1000,0.9,31,normal_bonferroni,0.0005909999963478185,0.0
1.0,0.7857142857142857,0.0,11,14,1000,0.9,31,multiplier,0.0030803000045125373,0.0
1.0,0.7142857142857143,0.0,10,14,1000,0.9,31,exact_bonferroni,0.0008371999938390218,0.0
1.0,0.5714285714285714,0.0,8,14,1000,0.9,31,hoeffding,0.00033489999623270705,1.0
1.0,0.7142857142857143,0.0,10,14,1000,0.9,31,holm,0.00044100000377511606,
1.0,0.42857142857142855,0.0,6,14,1000,0.9,32,pointwise,0.0005997999978717417,1.0
1.0,0.21428571428571427,0.0,3,14,1000,0.9,32,normal_bonferroni,0.0006360000043059699,1.0
1.0,0.21428571428571427,0.0,3,14,1000,0.9,32,multiplier,0.003071500002988614,1.0
1.0,0.21428571428571427,0.0,3,14,1000,0.9,32,exact_bonferroni,0.0007247000030474737,1.0
1.0,0.14285714285714285,0.0,2,14,1000,0.9,32,hoeffding,0.00024680000205989927,1.0
1.0,0.21428571428571427,0.0,3,14,1000,0.9,32,holm,0.0005490999974426813,
1.0,0.35714285714285715,0.0,5,14,1000,0.9,33,pointwise,0.0007693000006838702,1.0
1.0,0.07142857142857142,0.0,1,14,1000,0.9,33,normal_bonferroni,0.000628800000413321,1.0
1.0,0.14285714285714285,0.0,2,14,1000,0.9,33,multiplier,0.0034837999992305413,1.0
1.0,0.07142857142857142,0.0,1,14,1000,0.9,33,exact_bonferroni,0.0009857999975793064,1.0
1.0,0.0,0.0,0,14,1000,0.9,33,hoeffding,0.00035790000401902944,1.0
1.0,0.07142857142857142,0.0,1,14,1000,0.9,33,holm,0.0005240000027697533,
1.0,0.42857142857142855,0.0,6,14,1000,0.9,34,pointwise,0.0006960000027902424,1.0
1.0,0.2857142857142857,0.0,4,14,1000,0.9,34,normal_bonferroni,0.0006931999960215762,1.0
1.0,0.2857142857142857,0.0,4,14,1000,0.9,34,multiplier,0.0033653999998932704,1.0
1.0,0.21428571428571427,0.0,3,14,1000,0.9,34,exact_bonferroni,0.001017800001136493,1.0
1.0,0.07142857142857142,0.0,1,14,1000,0.9,34,hoeffding,0.00036610000097425655,1.0
1.0,0.21428571428571427,0.0,3,14,1000,0.9,34,holm,0.0005640000017592683,
1.0,0.5,0.0,7,14,1000,0.9,35,pointwise,0.0007469000047422014,1.0
1.0,0.2857142857142857,0.0,4,14,1000,0.9,35,normal_bonferroni,0.0006563999995705672,1.0
1.0,0.35714285714285715,0.0,5,14,1000,0.9,35,multiplier,0.0029617999971378595,1.0
1.0,0.2857142857142857,0.0,4,14,1000,0.9,35,exact_bonferroni,0.0010971000010613352,1.0
1.0,0.21428571428571427,0.0,3,14,1000,0.9,35,hoeffding,0.0003896999987773597,1.0
1.0,0.2857142857142857,0.0,4,14,1000,0.9,35,holm,0.0005583000020124018,
1.0,0.5714285714285714,0.0,8,14,1000,0.9,36,pointwise,0.0007397000008495525,1.0
1.0,0.21428571428571427,0.0,3,14,1000,0.9,36,normal_bonferroni,0.0006571999983862042,1.0
1.0,0.2857142857142857,0.0,4,14,1000,0.9,36,multiplier,0.0036221999980625696,1.0
1.0,0.21428571428571427,0.0,3,14,1000,0.9,36,exact_bonferroni,0.0012170999980298802,1.0
1.0,0.14285714285714285,0.0,2,14,1000,0.9,36,hoeffding,0.0004456999959074892,1.0
1.0,0.21428571428571427,0.0,3,14,1000,0.9,36,holm,0.0014891000028001145,
1.0,0.42857142857142855,0.0,6,14,1000,0.9,37,pointwise,0.0007917999973869883,1.0
1.0,0.21428571428571427,0.0,3,14,1000,0.9,37,normal_bonferroni,0.0007015000010142103,1.0
1.0,0.35714285714285715,0.0,5,14,1000,0.9,37,multiplier,0.003660499998659361,1.0
1.0,0.21428571428571427,0.0,3,14,1000,0.9,37,exact_bonferroni,0.0009934999980032444,1.0
1.0,0.07142857142857142,0.0,1,14,1000,0.9,37,hoeffding,0.0003471000018180348,1.0
1.0,0.21428571428571427,0.0,3,14,1000,0.9,37,holm,0.0005258999954094179,
1.0,0.5,0.0,7,14,1000,0.9,38,pointwise,0.0007149000011850148,1.0
1.0,0.21428571428571427,0.0,3,14,1000,0.9,38,normal_bonferroni,0.0006704999977955595,1.0
1.0,0.42857142857142855,0.0,6,14,1000,0.9,38,multiplier,0.003589500003727153,1.0
1.0,0.21428571428571427,0.0,3,14,1000,0.9,38,exact_bonferroni,0.0010301000002073124,1.0
1.0,0.21428571428571427,0.0,3,14,1000,0.9,38,hoeffding,0.00035290000232635066,1.0
1.0,0.21428571428571427,0.0,3,14,1000,0.9,38,holm,0.0005116000029374845,
1.0,0.6428571428571429,0.0,9,14,1000,0.9,39,pointwise,0.0006731999965268187,1.0
1.0,0.35714285714285715,0.0,5,14,1000,0.9,39,normal_bonferroni,0.0006599999978789128,1.0
1.0,0.42857142857142855,0.0,6,14,1000,0.9,39,multiplier,0.0031933999998727813,1.0
1.0,0.2857142857142857,0.0,4,14,1000,0.9,39,exact_bonferroni,0.0009131000042543747,1.0
1.0,0.07142857142857142,0.0,1,14,1000,0.9,39,hoeffding,0.0003276999996160157,1.0
1.0,0.2857142857142857,0.0,4,14,1000,0.9,39,holm,0.0004895000020042062,
1.0,0.42857142857142855,0.0,6,14,1000,0.9,40,pointwise,0.0004630999974324368,1.0
1.0,0.2857142857142857,0.0,4,14,1000,0.9,40,normal_bonferroni,0.0006718000004184432,1.0
1.0,0.2857142857142857,0.0,4,14,1000,0.9,40,multiplier,0.003400999994482845,1.0
1.0,0.21428571428571427,0.0,3,14,1000,0.9,40,exact_bonferroni,0.0009560000034980476,1.0
1.0,0.07142857142857142,0.0,1,14,1000,0.9,40,hoeffding,0.0003418000051169656,1.0
1.0,0.21428571428571427,0.0,3,14,1000,0.9,40,holm,0.0006396000026143156,
1.0,0.7142857142857143,0.0,10,14,1000,0.9,41,pointwise,0.000669599998218473,1.0
1.0,0.2857142857142857,0.0,4,14,1000,0.9,41,normal_bonferroni,0.0005898999952478334,1.0
1.0,0.5,0.0,7,14,1000,0.9,41,multiplier,0.0031869999947957695,1.0
1.0,0.2857142857142857,0.0,4,14,1000,0.9,41,exact_bonferroni,0.0007760000007692724,1.0
1.0,0.14285714285714285,0.0,2,14,1000,0.9,41,hoeffding,0.0002586999980849214,1.0
1.0,0.2857142857142857,0.0,4,14,1000,0.9,41,holm,0.00047030000132508576,
1.0,0.42857142857142855,0.0,6,14,1000,0.9,42,pointwise,0.0006518000009236857,1.0
1.0,0.35714285714285715,0.0,5,14,1000,0.9,42,normal_bonferroni,0.0005832000024383888,1.0
1.0,0.42857142857142855,0.0,6,14,1000,0.9,42,multiplier,0.0030560000013792887,1.0
1.0,0.35714285714285715,0.0,5,14,1000,0.9,42,exact_bonferroni,0.000872299999173265,1.0
1.0,0.14285714285714285,0.0,2,14,1000,0.9,42,hoeffding,0.0003195000026607886,1.0
1.0,0.35714285714285715,0.0,5,14,1000,0.9,42,holm,0.0004661999992094934,
1.0,0.6428571428571429,0.0,9,14,1000,0.9,43,pointwise,0.0006457999988924712,1.0
1.0,0.2857142857142857,0.0,4,14,1000,0.9,43,normal_bonferroni,0.0006092999974498525,1.0
1.0,0.42857142857142855,0.0,6,14,1000,0.9,43,multiplier,0.0023666999986744486,1.0
1.0,0.21428571428571427,0.0,3,14,1000,0.9,43,exact_bonferroni,0.0008310999983223155,1.0
1.0,0.21428571428571427,0.0,3,14,1000,0.9,43,hoeffding,0.0003510000024107285,1.0
1.0,0.21428571428571427,0.0,3,14,1000,0.9,43,holm,0.00047199999971780926,
1.0,0.35714285714285715,0.0,5,14,1000,0.9,44,pointwise,0.0004139000011491589,1.0
1.0,0.14285714285714285,0.0,2,14,1000,0.9,44,normal_bonferroni,0.000429600004281383,1.0
1.0,0.14285714285714285,0.0,2,14,1000,0.9,44,multiplier,0.003303299999970477,1.0
1.0,0.07142857142857142,0.0,1,14,1000,0.9,44,exact_bonferroni,0.0009356999944429845,1.0
1.0,0.0,0.0,0,14,1000,0.9,44,hoeffding,0.00037149999843677506,1.0
1.0,0.07142857142857142,0.0,1,14,1000,0.9,44,holm,0.0004958999998052604,
1.0,0.5714285714285714,0.0,8,14,1000,0.9,45,pointwise,0.0006227000048966147,0.0
1.0,0.2857142857142857,0.0,4,14,1000,0.9,45,normal_bonferroni,0.00036640000325860456,1.0
1.0,0.35714285714285715,0.0,5,14,1000,0.9,45,multiplier,0.0030053000009502284,1.0
1.0,0.2857142857142857,0.0,4,14,1000,0.9,45,exact_bonferroni,0.0009026999978232197,1.0
1.0,0.07142857142857142,0.0,1,14,1000,0.9,45,hoeffding,0.00032140000257641077,1.0
1.0,0.2857142857142857,0.0,4,14,1000,0.9,45,holm,0.0004998000003979541,
1.0,0.35714285714285715,0.0,5,14,1000,0.9,46,pointwise,0.000414699999964796,1.0
1.0,0.14285714285714285,0.0,2,14,1000,0.9,46,normal_bonferroni,0.0003555000002961606,1.0
1.0,0.14285714285714285,0.0,2,14,1000,0.9,46,multiplier,0.003108000004431233,1.0
1.0,0.14285714285714285,0.0,2,14,1000,0.9,46,exact_bonferroni,0.0008856999993440695,1.0
1.0,0.07142857142857142,0.0,1,14,1000,0.9,46,hoeffding,0.0003569999971659854,1.0
1.0,0.14285714285714285,0.0,2,14,1000,0.9,46,holm,0.0005029000021750107,
1.0,0.42857142857142855,0.0,6,14,1000,0.9,47,pointwise,0.0006260999944061041,1.0
1.0,0.21428571428571427,0.0,3,14,1000,0.9,47,normal_bonferroni,0.000589100003708154,1.0
1.0,0.21428571428571427,0.0,3,14,1000,0.9,47,multiplier,0.0031380000000353903,1.0
1.0,0.14285714285714285,0.0,2,14,1000,0.9,47,exact_bonferroni,0.0008831000013742596,1.0
1.0,0.07142857142857142,0.0,1,14,1000,0.9,47,hoeffding,0.0003473999968264252,1.0
1.0,0.21428571428571427,0.0,3,14,1000,0.9,47,holm,0.0004680999991251156,
1.0,0.5,0.0,7,14,1000,0.9,48,pointwise,0.0006243999960133806,1.0
1.0,0.07142857142857142,0.0,1,14,1000,0.9,48,normal_bonferroni,0.0005817999990540557,1.0
1.0,0.07142857142857142,0.0,1,14,1000,0.9,48,multiplier,0.003086999997321982,1.0
1.0,0.07142857142857142,0.0,1,14,1000,0.9,48,exact_bonferroni,0.0005147000047145411,1.0
1.0,0.07142857142857142,0.0,1,14,1000,0.9,48,hoeffding,0.00018229999841423705,1.0
1.0,0.07142857142857142,0.0,1,14,1000,0.9,48,holm,0.00026649999927030876,
1.0,0.5714285714285714,0.0,8,14,1000,0.9,49,pointwise,0.000625900000159163,1.0
1.0,0.2857142857142857,0.0,4,14,1000,0.9,49,normal_bonferroni,0.0006168999971123412,1.0
1.0,0.2857142857142857,0.0,4,14,1000,0.9,49,multiplier,0.0029198999982327223,1.0
1.0,0.21428571428571427,0.0,3,14,1000,0.9,49,exact_bonferroni,0.0005153999954927713,1.0
1.0,0.14285714285714285,0.0,2,14,1000,0.9,49,hoeffding,0.00018979999731527641,1.0
1.0,0.21428571428571427,0.0,3,14,1000,0.9,49,holm,0.0004193999993731268,
1.0,0.6428571428571429,0.0,9,14,1000,0.9,50,pointwise,0.0006475000045611523,0.0
1.0,0.42857142857142855,0.0,6,14,1000,0.9,50,normal_bonferroni,0.0005856999996467493,1.0
1.0,0.42857142857142855,0.0,6,14,1000,0.9,50,multiplier,0.0036514999956125394,1.0
1.0,0.42857142857142855,0.0,6,14,1000,0.9,50,exact_bonferroni,0.0010216000009677373,1.0
1.0,0.21428571428571427,0.0,3,14,1000,0.9,50,hoeffding,0.0003730000025825575,1.0
1.0,0.42857142857142855,0.0,6,14,1000,0.9,50,holm,0.0005160000000614673,
1.0,0.5714285714285714,0.0,8,14,1000,0.9,51,pointwise,0.0006819999980507419,0.0
1.0,0.42857142857142855,0.0,6,14,1000,0.9,51,normal_bonferroni,0.0006313000048976392,1.0
1.0,0.5,0.0,7,14,1000,0.9,51,multiplier,0.0030544999972335063,1.0
1.0,0.42857142857142855,0.0,6,14,1000,0.9,51,exact_bonferroni,0.0009000999998534098,1.0
1.0,0.21428571428571427,0.0,3,14,1000,0.9,51,hoeffding,0.0003127999952994287,1.0
1.0,0.42857142857142855,0.0,6,14,1000,0.9,51,holm,0.0004703999948105775,
1.0,0.5,0.0,7,14,1000,0.9,52,pointwise,0.0005635000052279793,1.0
1.0,0.21428571428571427,0.0,3,14,1000,0.9,52,normal_bonferroni,0.0006608999974559993,1.0
1.0,0.2857142857142857,0.0,4,14,1000,0.9,52,multiplier,0.003349099999468308,1.0
1.0,0.21428571428571427,0.0,3,14,1000,0.9,52,exact_bonferroni,0.0009551999974064529,1.0
1.0,0.07142857142857142,0.0,1,14,1000,0.9,52,hoeffding,0.00046100000326987356,1.0
1.0,0.21428571428571427,0.0,3,14,1000,0.9,52,holm,0.0005390000005718321,
1.0,0.7142857142857143,0.0,10,14,1000,0.9,53,pointwise,0.0006829000049037859,1.0
1.0,0.2857142857142857,0.0,4,14,1000,0.9,53,normal_bonferroni,0.0005919999966863543,1.0
1.0,0.5,0.0,7,14,1000,0.9,53,multiplier,0.003047600002901163,1.0
1.0,0.2857142857142857,0.0,4,14,1000,0.9,53,exact_bonferroni,0.0008749999979045242,1.0
1.0,0.14285714285714285,0.0,2,14,1000,0.9,53,hoeffding,0.0005491999982041307,1.0
1.0,0.2857142857142857,0.0,4,14,1000,0.9,53,holm,0.00037480000173673034,
1.0,0.35714285714285715,0.0,5,14,1000,0.9,54,pointwise,0.0005975000021862797,1.0
1.0,0.14285714285714285,0.0,2,14,1000,0.9,54,normal_bonferroni,0.0006014999962644652,1.0
1.0,0.21428571428571427,0.0,3,14,1000,0.9,54,multiplier,0.0031718000027467497,1.0
1.0,0.14285714285714285,0.0,2,14,1000,0.9,54,exact_bonferroni,0.000836799998069182,1.0
1.0,0.07142857142857142,0.0,1,14,1000,0.9,54,hoeffding,0.00030449999758275226,1.0
1.0,0.14285714285714285,0.0,2,14,1000,0.9,54,holm,0.00046069999370956793,
1.0,0.5,0.0,7,14,1000,0.9,55,pointwise,0.0006228999991435558,1.0
1.0,0.21428571428571427,0.0,3,14,1000,0.9,55,normal_bonferroni,0.0005657000001519918,1.0
1.0,0.2857142857142857,0.0,4,14,1000,0.9,55,multiplier,0.0028549000053317286,1.0
1.0,0.21428571428571427,0.0,3,14,1000,0.9,55,exact_bonferroni,0.0008282999988296069,1.0
1.0,0.07142857142857142,0.0,1,14,1000,0.9,55,hoeffding,0.00029350000113481656,1.0
1.0,0.21428571428571427,0.0,3,14,1000,0.9,55,holm,0.00043000000005122274,
1.0,0.8571428571428571,0.0,12,14,1000,0.9,56,pointwise,0.0006060000014258549,0.0
1.0,0.42857142857142855,0.0,6,14,1000,0.9,56,normal_bonferroni,0.0005837000062456354,1.0
1.0,0.5714285714285714,0.0,8,14,1000,0.9,56,multiplier,0.0029910000012023374,1.0
1.0,0.42857142857142855,0.0,6,14,1000,0.9,56,exact_bonferroni,0.0010047000032500364,1.0
1.0,0.2857142857142857,0.0,4,14,1000,0.9,56,hoeffding,0.00031069999386090785,1.0
1.0,0.42857142857142855,0.0,6,14,1000,0.9,56,holm,0.00044239999988349155,
1.0,0.7142857142857143,0.0,10,14,1000,0.9,57,pointwise,0.0005908000021008775,0.0
1.0,0.5,0.0,7,14,1000,0.9,57,normal_bonferroni,0.00055669999710517,1.0
1.0,0.5,0.0,7,14,1000,0.9,57,multiplier,0.0029161999991629273,1.0
1.0,0.42857142857142855,0.0,6,14,1000,0.9,57,exact_bonferroni,0.000850600001285784,1.0
1.0,0.14285714285714285,0.0,2,14,1000,0.9,57,hoeffding,0.0003180999992764555,1.0
1.0,0.5,0.0,7,14,1000,0.9,57,holm,0.0004712000009021722,
0.0,0.9285714285714286,0.07142857142857142,14,14,1000,0.9,58,pointwise,0.0006156999952509068,0.0
1.0,0.6428571428571429,0.0,9,14,1000,0.9,58,normal_bonferroni,0.0005595000038738362,1.0
1.0,0.7142857142857143,0.0,10,14,1000,0.9,58,multiplier,0.003078100002312567,1.0
1.0,0.5714285714285714,0.0,8,14,1000,0.9,58,exact_bonferroni,0.0009425000025657937,1.0
1.0,0.35714285714285715,0.0,5,14,1000,0.9,58,hoeffding,0.0003212999945390038,1.0
1.0,0.6428571428571429,0.0,9,14,1000,0.9,58,holm,0.00046659999497933313,
1.0,0.5714285714285714,0.0,8,14,1000,0.9,59,pointwise,0.0006680999940726906,1.0
1.0,0.42857142857142855,0.0,6,14,1000,0.9,59,normal_bonferroni,0.0006400999991456047,1.0
1.0,0.42857142857142855,0.0,6,14,1000,0.9,59,multiplier,0.003071899998758454,1.0
1.0,0.35714285714285715,0.0,5,14,1000,0.9,59,exact_bonferroni,0.0008956999954534695,1.0
1.0,0.0,0.0,0,14,1000,0.9,59,hoeffding,0.0003215000033378601,1.0
1.0,0.35714285714285715,0.0,5,14,1000,0.9,59,holm,0.00046149999980116263,
1.0,0.5,0.0,7,14,1000,0.9,60,pointwise,0.0005840000012540258,1.0
1.0,0.14285714285714285,0.0,2,14,1000,0.9,60,normal_bonferroni,0.0005795000033685938,1.0
1.0,0.14285714285714285,0.0,2,14,1000,0.9,60,multiplier,0.0030225000009522773,1.0
1.0,0.14285714285714285,0.0,2,14,1000,0.9,60,exact_bonferroni,0.0007762999957776628,1.0
1.0,0.07142857142857142,0.0,1,14,1000,0.9,60,hoeffding,0.00033030000486178324,1.0
1.0,0.14285714285714285,0.0,2,14,1000,0.9,60,holm,0.0004853999998886138,
1.0,0.5,0.0,7,14,1000,0.9,61,pointwise,0.0006630999996559694,1.0
1.0,0.14285714285714285,0.0,2,14,1000,0.9,61,normal_bonferroni,0.0006269000004976988,1.0
1.0,0.2857142857142857,0.0,4,14,1000,0.9,61,multiplier,0.003100999994785525,1.0
1.0,0.14285714285714285,0.0,2,14,1000,0.9,61,exact_bonferroni,0.0009007999979075976,1.0
1.0,0.07142857142857142,0.0,1,14,1000,0.9,61,hoeffding,0.00031069999386090785,1.0
1.0,0.14285714285714285,0.0,2,14,1000,0.9,61,holm,0.0004377999939606525,
1.0,0.7142857142857143,0.0,10,14,1000,0.9,62,pointwise,0.0005987000040477142,1.0
1.0,0.35714285714285715,0.0,5,14,1000,0.9,62,normal_bonferroni,0.0005796999976155348,1.0
1.0,0.42857142857142855,0.0,6,14,1000,0.9,62,multiplier,0.0032465000040247105,1.0
1.0,0.35714285714285715,0.0,5,14,1000,0.9,62,exact_bonferroni,0.0010382999971625395,1.0
1.0,0.21428571428571427,0.0,3,14,1000,0.9,62,hoeffding,0.0003414000020711683,1.0
1.0,0.35714285714285715,0.0,5,14,1000,0.9,62,holm,0.000524200004292652,
0.0,1.0,0.17647058823529413,17,14,1000,0.9,63,pointwise,0.0006996000010985881,0.0
1.0,0.9285714285714286,0.0,13,14,1000,0.9,63,normal_bonferroni,0.0006213000015122816,0.0
1.0,0.9285714285714286,0.0,13,14,1000,0.9,63,multiplier,0.003214199998183176,0.0
1.0,0.7857142857142857,0.0,11,14,1000,0.9,63,exact_bonferroni,0.0008828999998513609,0.0
1.0,0.5,0.0,7,14,1000,0.9,63,hoeffding,0.0003236999982618727,0.0
1.0,0.9285714285714286,0.0,13,14,1000,0.9,63,holm,0.0004937999983667396,
1.0,0.5,0.0,7,14,1000,0.9,64,pointwise,0.0005962999930488877,1.0
1.0,0.35714285714285715,0.0,5,14,1000,0.9,64,normal_bonferroni,0.0005748999974457547,1.0
1.0,0.35714285714285715,0.0,5,14,1000,0.9,64,multiplier,0.003250800000387244,1.0
1.0,0.2857142857142857,0.0,4,14,1000,0.9,64,exact_bonferroni,0.0008047999945119955,1.0
1.0,0.21428571428571427,0.0,3,14,1000,0.9,64,hoeffding,0.00019549999706214294,1.0
1.0,0.2857142857142857,0.0,4,14,1000,0.9,64,holm,0.0003208999987691641,
1.0,0.35714285714285715,0.0,5,14,1000,0.9,65,pointwise,0.0006738000010955147,1.0
1.0,0.21428571428571427,0.0,3,14,1000,0.9,65,normal_bonferroni,0.0006505999990622513,1.0
1.0,0.2857142857142857,0.0,4,14,1000,0.9,65,multiplier,0.00326620000123512,1.0
1.0,0.14285714285714285,0.0,2,14,1000,0.9,65,exact_bonferroni,0.0009495999984210357,1.0
1.0,0.07142857142857142,0.0,1,14,1000,0.9,65,hoeffding,0.0003208999987691641,1.0
1.0,0.14285714285714285,0.0,2,14,1000,0.9,65,holm,0.00045930000487715006,
1.0,0.7142857142857143,0.0,10,14,1000,0.9,66,pointwise,0.0004169000021647662,0.0
1.0,0.5,0.0,7,14,1000,0.9,66,normal_bonferroni,0.0006021999943186529,1.0
1.0,0.6428571428571429,0.0,9,14,1000,0.9,66,multiplier,0.003434399994148407,1.0
1.0,0.5,0.0,7,14,1000,0.9,66,exact_bonferroni,0.0010037999963969924,1.0
1.0,0.21428571428571427,0.0,3,14,1000,0.9,66,hoeffding,0.00032860000646905974,1.0
1.0,0.5,0.0,7,14,1000,0.9,66,holm,0.0005307999963406473,
1.0,0.5714285714285714,0.0,8,14,1000,0.9,67,pointwise,0.0006962999977986328,1.0
1.0,0.35714285714285715,0.0,5,14,1000,0.9,67,normal_bonferroni,0.0006229999999050051,1.0
1.0,0.35714285714285715,0.0,5,14,1000,0.9,67,multiplier,0.003276999996160157,1.0
1.0,0.21428571428571427,0.0,3,14,1000,0.9,67,exact_bonferroni,0.001065000004018657,1.0
1.0,0.14285714285714285,0.0,2,14,1000,0.9,67,hoeffding,0.00035770000249613076,1.0
1.0,0.2857142857142857,0.0,4,14,1000,0.9,67,holm,0.0004822999981115572,
1.0,0.5,0.0,7,14,1000,0.9,68,pointwise,0.0006756000002496876,1.0
1.0,0.21428571428571427,0.0,3,14,1000,0.9,68,normal_bonferroni,0.000599599996348843,1.0
1.0,0.2857142857142857,0.0,4,14,1000,0.9,68,multiplier,0.0034079999968525954,1.0
1.0,0.21428571428571427,0.0,3,14,1000,0.9,68,exact_bonferroni,0.0009064999976544641,1.0
1.0,0.14285714285714285,0.0,2,14,1000,0.9,68,hoeffding,0.0003555000002961606,1.0
1.0,0.21428571428571427,0.0,3,14,1000,0.9,68,holm,0.00047569999878760427,
1.0,0.2857142857142857,0.0,4,14,1000,0.9,69,pointwise,0.0006779999966965988,1.0
1.0,0.07142857142857142,0.0,1,14,1000,0.9,69,normal_bonferroni,0.0006643000015174039,1.0
1.0,0.14285714285714285,0.0,2,14,1000,0.9,69,multiplier,0.0037039000017102808,1.0
1.0,0.0,0.0,0,14,1000,0.9,69,exact_bonferroni,0.0010630999968270771,1.0
1.0,0.0,0.0,0,14,1000,0.9,69,hoeffding,0.00035339999885763973,1.0
1.0,0.0,0.0,0,14,1000,0.9,69,holm,0.0005048000020906329,
1.0,0.14285714285714285,0.0,2,14,1000,0.9,70,pointwise,0.0006619999985559843,1.0
1.0,0.07142857142857142,0.0,1,14,1000,0.9,70,normal_bonferroni,0.000625700005912222,1.0
1.0,0.07142857142857142,0.0,1,14,1000,0.9,70,multiplier,0.003528199995344039,1.0
1.0,0.0,0.0,0,14,1000,0.9,70,exact_bonferroni,0.0010996999990311451,1.0
1.0,0.0,0.0,0,14,1000,0.9,70,hoeffding,0.0007382999974652193,1.0
1.0,0.0,0.0,0,14,1000,0.9,70,holm,0.0006060000014258549,
1.0,0.35714285714285715,0.0,5,14,1000,0.9,71,pointwise,0.0007107999990694225,1.0
1.0,0.21428571428571427,0.0,3,14,1000,0.9,71,normal_bonferroni,0.0006636999969487078,1.0
1.0,0.21428571428571427,0.0,3,14,1000,0.9,71,multiplier,0.0033041999995475635,1.0
1.0,0.14285714285714285,0.0,2,14,1000,0.9,71,exact_bonferroni,0.0010951000003842637,1.0
1.0,0.14285714285714285,0.0,2,14,1000,0.9,71,hoeffding,0.00034980000054929405,1.0
1.0,0.14285714285714285,0.0,2,14,1000,0.9,71,holm,0.0004915999961667694,
1.0,0.7857142857142857,0.0,11,14,1000,0.9,72,pointwise,0.0006791000050725415,0.0
1.0,0.42857142857142855,0.0,6,14,1000,0.9,72,normal_bonferroni,0.0008387000052607618,1.0
1.0,0.5,0.0,7,14,1000,0.9,72,multiplier,0.004051700001582503,1.0
1.0,0.35714285714285715,0.0,5,14,1000,0.9,72,exact_bonferroni,0.0010809999948833138,1.0
1.0,0.14285714285714285,0.0,2,14,1000,0.9,72,hoeffding,0.00033900000562425703,1.0
1.0,0.42857142857142855,0.0,6,14,1000,0.9,72,holm,0.0005154999962542206,
1.0,0.7142857142857143,0.0,10,14,1000,0.9,73,pointwise,0.0007186000002548099,0.0
1.0,0.5,0.0,7,14,1000,0.9,73,normal_bonferroni,0.0006337000013445504,1.0
1.0,0.5,0.0,7,14,1000,0.9,73,multiplier,0.003096999993431382,1.0
1.0,0.42857142857142855,0.0,6,14,1000,0.9,73,exact_bonferroni,0.0008894999991753139,1.0
1.0,0.2857142857142857,0.0,4,14,1000,0.9,73,hoeffding,0.0003370000049471855,1.0
1.0,0.5,0.0,7,14,1000,0.9,73,holm,0.0007493999946746044,
1.0,0.5,0.0,7,14,1000,0.9,74,pointwise,0.0003687999997055158,0.0
1.0,0.35714285714285715,0.0,5,14,1000,0.9,74,normal_bonferroni,0.00039670000114711,1.0
1.0,0.42857142857142855,0.0,6,14,1000,0.9,74,multiplier,0.003423400004976429,1.0
1.0,0.35714285714285715,0.0,5,14,1000,0.9,74,exact_bonferroni,0.0009988000019802712,1.0
1.0,0.14285714285714285,0.0,2,14,1000,0.9,74,hoeffding,0.00023839999630581588,1.0
1.0,0.35714285714285715,0.0,5,14,1000,0.9,74,holm,0.00027319999935571104,
1.0,0.7142857142857143,0.0,10,14,1000,0.9,75,pointwise,0.0006518000009236857,1.0
1.0,0.5,0.0,7,14,1000,0.9,75,normal_bonferroni,0.0005981000067549758,1.0
1.0,0.5714285714285714,0.0,8,14,1000,0.9,75,multiplier,0.0039660999973420985,1.0
1.0,0.42857142857142855,0.0,6,14,1000,0.9,75,exact_bonferroni,0.0006931999960215762,1.0
1.0,0.21428571428571427,0.0,3,14,1000,0.9,75,hoeffding,0.00019800000154646114,1.0
1.0,0.5,0.0,7,14,1000,0.9,75,holm,0.00029550000181188807,
1.0,0.6428571428571429,0.0,9,14,1000,0.9,76,pointwise,0.0006300999957602471,0.0
1.0,0.35714285714285715,0.0,5,14,1000,0.9,76,normal_bonferroni,0.0005881000033696182,1.0
1.0,0.42857142857142855,0.0,6,14,1000,0.9,76,multiplier,0.0036370000016177073,1.0
1.0,0.2857142857142857,0.0,4,14,1000,0.9,76,exact_bonferroni,0.0009887999985949136,1.0
1.0,0.14285714285714285,0.0,2,14,1000,0.9,76,hoeffding,0.0003432000012253411,1.0
1.0,0.35714285714285715,0.0,5,14,1000,0.9,76,holm,0.0004947000052197836,
1.0,0.5714285714285714,0.0,8,14,1000,0.9,77,pointwise,0.0004537999993772246,1.0
1.0,0.35714285714285715,0.0,5,14,1000,0.9,77,normal_bonferroni,0.0006293999977060594,1.0
1.0,0.5,0.0,7,14,1000,0.9,77,multiplier,0.002622300002258271,1.0
1.0,0.2857142857142857,0.0,4,14,1000,0.9,77,exact_bonferroni,0.0006872000012663193,1.0
1.0,0.2857142857142857,0.0,4,14,1000,0.9,77,hoeffding,0.0003369999976712279,1.0
1.0,0.35714285714285715,0.0,5,14,1000,0.9,77,holm,0.0005251000038697384,
1.0,0.5714285714285714,0.0,8,14,1000,0.9,78,pointwise,0.0006264000039664097,1.0
1.0,0.35714285714285715,0.0,5,14,1000,0.9,78,normal_bonferroni,0.0005883999983780086,1.0
1.0,0.5,0.0,7,14,1000,0.9,78,multiplier,0.0023317000013776124,1.0
1.0,0.2857142857142857,0.0,4,14,1000,0.9,78,exact_bonferroni,0.0008992000002763234,1.0
1.0,0.14285714285714285,0.0,2,14,1000,0.9,78,hoeffding,0.000319799997669179,1.0
1.0,0.35714285714285715,0.0,5,14,1000,0.9,78,holm,0.00045540000428445637,
1.0,0.21428571428571427,0.0,3,14,1000,0.9,79,pointwise,0.000717100003384985,1.0
1.0,0.07142857142857142,0.0,1,14,1000,0.9,79,normal_bonferroni,0.0008250000028056093,1.0
1.0,0.07142857142857142,0.0,1,14,1000,0.9,79,multiplier,0.0033290999999735504,1.0
1.0,0.07142857142857142,0.0,1,14,1000,0.9,79,exact_bonferroni,0.0009505999987595715,1.0
1.0,0.0,0.0,0,14,1000,0.9,79,hoeffding,0.00032530000316910446,1.0
1.0,0.07142857142857142,0.0,1,14,1000,0.9,79,holm,0.0005142000009072945,
1.0,0.42857142857142855,0.0,6,14,1000,0.9,80,pointwise,0.0006271000020205975,1.0
1.0,0.14285714285714285,0.0,2,14,1000,0.9,80,normal_bonferroni,0.0006279000008362345,1.0
1.0,0.2857142857142857,0.0,4,14,1000,0.9,80,multiplier,0.003689099998155143,1.0
1.0,0.14285714285714285,0.0,2,14,1000,0.9,80,exact_bonferroni,0.0009773999991011806,1.0
1.0,0.07142857142857142,0.0,1,14,1000,0.9,80,hoeffding,0.0003536000003805384,1.0
1.0,0.14285714285714285,0.0,2,14,1000,0.9,80,holm,0.0009644000019761734,
1.0,0.35714285714285715,0.0,5,14,1000,0.9,81,pointwise,0.0007259000049089082,1.0
1.0,0.2857142857142857,0.0,4,14,1000,0.9,81,normal_bonferroni,0.0006654999961028807,1.0
1.0,0.35714285714285715,0.0,5,14,1000,0.9,81,multiplier,0.0032366000014008023,1.0
1.0,0.2857142857142857,0.0,4,14,1000,0.9,81,exact_bonferroni,0.0009189999982481822,1.0
1.0,0.14285714285714285,0.0,2,14,1000,0.9,81,hoeffding,0.00032749999809311703,1.0
1.0,0.2857142857142857,0.0,4,14,1000,0.9,81,holm,0.0004650000046240166,
1.0,0.7857142857142857,0.0,11,14,1000,0.9,82,pointwise,0.0007908999978099018,0.0
1.0,0.42857142857142855,0.0,6,14,1000,0.9,82,normal_bonferroni,0.0007115999978850596,1.0
1.0,0.5714285714285714,0.0,8,14,1000,0.9,82,multiplier,0.002812300001096446,1.0
1.0,0.35714285714285715,0.0,5,14,1000,0.9,82,exact_bonferroni,0.0010386000067228451,1.0
1.0,0.21428571428571427,0.0,3,14,1000,0.9,82,hoeffding,0.0003521000035107136,1.0
1.0,0.35714285714285715,0.0,5,14,1000,0.9,82,holm,0.0005098999972688034,
1.0,0.5714285714285714,0.0,8,14,1000,0.9,83,pointwise,0.000647599998046644,0.0
1.0,0.35714285714285715,0.0,5,14,1000,0.9,83,normal_bonferroni,0.0007190000033006072,1.0
1.0,0.42857142857142855,0.0,6,14,1000,0.9,83,multiplier,0.002271199999086093,1.0
1.0,0.35714285714285715,0.0,5,14,1000,0.9,83,exact_bonferroni,0.0008832000021357089,1.0
1.0,0.2857142857142857,0.0,4,14,1000,0.9,83,hoeffding,0.0003428999989409931,1.0
1.0,0.35714285714285715,0.0,5,14,1000,0.9,83,holm,0.0004442999997991137,
1.0,0.6428571428571429,0.0,9,14,1000,0.9,84,pointwise,0.0007936999973026104,0.0
1.0,0.5,0.0,7,14,1000,0.9,84,normal_bonferroni,0.000454699998954311,1.0
1.0,0.5,0.0,7,14,1000,0.9,84,multiplier,0.0019082000071648508,1.0
1.0,0.35714285714285715,0.0,5,14,1000,0.9,84,exact_bonferroni,0.0005736999955843203,1.0
1.0,0.14285714285714285,0.0,2,14,1000,0.9,84,hoeffding,0.0003200000064680353,1.0
1.0,0.5,0.0,7,14,1000,0.9,84,holm,0.0004912000003969297,
0.0,0.9285714285714286,0.07142857142857142,14,14,1000,0.9,85,pointwise,0.0006193000008352101,0.0
1.0,0.6428571428571429,0.0,9,14,1000,0.9,85,normal_bonferroni,0.000560399996174965,1.0
1.0,0.7142857142857143,0.0,10,14,1000,0.9,85,multiplier,0.002845200004230719,1.0
1.0,0.6428571428571429,0.0,9,14,1000,0.9,85,exact_bonferroni,0.0012455999967642128,1.0
1.0,0.35714285714285715,0.0,5,14,1000,0.9,85,hoeffding,0.000356099997588899,1.0
1.0,0.6428571428571429,0.0,9,14,1000,0.9,85,holm,0.00044940000225324184,
1.0,0.14285714285714285,0.0,2,14,1000,0.9,86,pointwise,0.0009778999956324697,1.0
1.0,0.0,0.0,0,14,1000,0.9,86,normal_bonferroni,0.0005908999955863692,1.0
1.0,0.07142857142857142,0.0,1,14,1000,0.9,86,multiplier,0.003201600004103966,1.0
1.0,0.0,0.0,0,14,1000,0.9,86,exact_bonferroni,0.0009032000016304664,1.0
1.0,0.0,0.0,0,14,1000,0.9,86,hoeffding,0.0003521000035107136,1.0
1.0,0.0,0.0,0,14,1000,0.9,86,holm,0.00047820000327192247,
1.0,0.5714285714285714,0.0,8,14,1000,0.9,87,pointwise,0.0006396000026143156,1.0
1.0,0.35714285714285715,0.0,5,14,1000,0.9,87,normal_bonferroni,0.0005868000007467344,1.0
1.0,0.42857142857142855,0.0,6,14,1000,0.9,87,multiplier,0.003042699994693976,1.0
1.0,0.35714285714285715,0.0,5,14,1000,0.9,87,exact_bonferroni,0.0010967999987769872,1.0
1.0,0.14285714285714285,0.0,2,14,1000,0.9,87,hoeffding,0.00029200000426499173,1.0
1.0,0.35714285714285715,0.0,5,14,1000,0.9,87,holm,0.00039310000283876434,
1.0,0.5714285714285714,0.0,8,14,1000,0.9,88,pointwise,0.0004881999993813224,1.0
1.0,0.2857142857142857,0.0,4,14,1000,0.9,88,normal_bonferroni,0.0006644000022788532,1.0
1.0,0.2857142857142857,0.0,4,14,1000,0.9,88,multiplier,0.003434199999901466,1.0
1.0,0.2857142857142857,0.0,4,14,1000,0.9,88,exact_bonferroni,0.0010472999929334037,1.0
1.0,0.14285714285714285,0.0,2,14,1000,0.9,88,hoeffding,0.00035090000164927915,1.0
1.0,0.2857142857142857,0.0,4,14,1000,0.9,88,holm,0.0005090000049676746,
1.0,0.6428571428571429,0.0,9,14,1000,0.9,89,pointwise,0.0006706999993184581,1.0
1.0,0.42857142857142855,0.0,6,14,1000,0.9,89,normal_bonferroni,0.0010842000046977773,1.0
1.0,0.5,0.0,7,14,1000,0.9,89,multiplier,0.0026137000022572465,1.0
1.0,0.42857142857142855,0.0,6,14,1000,0.9,89,exact_bonferroni,0.0007184000060078688,1.0
1.0,0.21428571428571427,0.0,3,14,1000,0.9,89,hoeffding,0.00035120000393362716,1.0
1.0,0.42857142857142855,0.0,6,14,1000,0.9,89,holm,0.0005372000014176592,
1.0,0.35714285714285715,0.0,5,14,1000,0.9,90,pointwise,0.00040530000114813447,1.0
1.0,0.07142857142857142,0.0,1,14,1000,0.9,90,normal_bonferroni,0.000622800005658064,1.0
1.0,0.2857142857142857,0.0,4,14,1000,0.9,90,multiplier,0.003348499994899612,1.0
1.0,0.07142857142857142,0.0,1,14,1000,0.9,90,exact_bonferroni,0.0009547000008751638,1.0
1.0,0.0,0.0,0,14,1000,0.9,90,hoeffding,0.0003434999962337315,1.0
1.0,0.07142857142857142,0.0,1,14,1000,0.9,90,holm,0.0005233999982010573,
1.0,0.7142857142857143,0.0,10,14,1000,0.9,91,pointwise,0.0008842999959597364,0.0
1.0,0.42857142857142855,0.0,6,14,1000,0.9,91,normal_bonferroni,0.00043569999979808927,1.0
1.0,0.5714285714285714,0.0,8,14,1000,0.9,91,multiplier,0.002261100002215244,1.0
1.0,0.42857142857142855,0.0,6,14,1000,0.9,91,exact_bonferroni,0.0008957000027294271,1.0
1.0,0.35714285714285715,0.0,5,14,1000,0.9,91,hoeffding,0.0003181000065524131,1.0
1.0,0.42857142857142855,0.0,6,14,1000,0.9,91,holm,0.0004864000002271496,
1.0,0.6428571428571429,0.0,9,14,1000,0.9,92,pointwise,0.0006290999954217114,0.0
1.0,0.5,0.0,7,14,1000,0.9,92,normal_bonferroni,0.0003388999975868501,1.0
1.0,0.5,0.0,7,14,1000,0.9,92,multiplier,0.0025191000022459775,1.0
1.0,0.35714285714285715,0.0,5,14,1000,0.9,92,exact_bonferroni,0.0011793000012403354,1.0
1.0,0.14285714285714285,0.0,2,14,1000,0.9,92,hoeffding,0.0003206000037607737,1.0
1.0,0.35714285714285715,0.0,5,14,1000,0.9,92,holm,0.0004518999994616024,
1.0,0.5,0.0,7,14,1000,0.9,93,pointwise,0.0006898999999975786,1.0
1.0,0.2857142857142857,0.0,4,14,1000,0.9,93,normal_bonferroni,0.0006073999975342304,1.0
1.0,0.2857142857142857,0.0,4,14,1000,0.9,93,multiplier,0.003009700005350169,1.0
1.0,0.21428571428571427,0.0,3,14,1000,0.9,93,exact_bonferroni,0.0008770999993430451,1.0
1.0,0.07142857142857142,0.0,1,14,1000,0.9,93,hoeffding,0.00030899999546818435,1.0
1.0,0.21428571428571427,0.0,3,14,1000,0.9,93,holm,0.0004521999944699928,
0.0,0.9285714285714286,0.1875,16,14,1000,0.9,94,pointwise,0.0005877000003238209,0.0
0.0,0.6428571428571429,0.1,10,14,1000,0.9,94,normal_bonferroni,0.0005842999962624162,0.0
0.0,0.7857142857142857,0.08333333333333333,12,14,1000,0.9,94,multiplier,0.0030786999996053055,0.0
0.0,0.6428571428571429,0.1,10,14,1000,0.9,94,exact_bonferroni,0.0009735000057844445,0.0
1.0,0.42857142857142855,0.0,6,14,1000,0.9,94,hoeffding,0.0004841999980271794,1.0
0.0,0.7142857142857143,0.09090909090909091,11,14,1000,0.9,94,holm,0.00038139999378472567,
1.0,0.5714285714285714,0.0,8,14,1000,0.9,95,pointwise,0.000716499998816289,1.0
1.0,0.42857142857142855,0.0,6,14,1000,0.9,95,normal_bonferroni,0.0006302999972831458,1.0
1.0,0.42857142857142855,0.0,6,14,1000,0.9,95,multiplier,0.003304900004877709,1.0
1.0,0.35714285714285715,0.0,5,14,1000,0.9,95,exact_bonferroni,0.0008965000015450642,1.0
1.0,0.14285714285714285,0.0,2,14,1000,0.9,95,hoeffding,0.0003541999976732768,1.0
1.0,0.42857142857142855,0.0,6,14,1000,0.9,95,holm,0.00046750000183237717,
1.0,0.21428571428571427,0.0,3,14,1000,0.9,96,pointwise,0.0006195000023581088,1.0
1.0,0.07142857142857142,0.0,1,14,1000,0.9,96,normal_bonferroni,0.0005856999996467493,1.0
1.0,0.14285714285714285,0.0,2,14,1000,0.9,96,multiplier,0.003195599994796794,1.0
1.0,0.0,0.0,0,14,1000,0.9,96,exact_bonferroni,0.0006838000044808723,1.0
1.0,0.0,0.0,0,14,1000,0.9,96,hoeffding,0.00021189999824855477,1.0
1.0,0.0,0.0,0,14,1000,0.9,96,holm,0.0003301999968243763,
1.0,0.7142857142857143,0.0,10,14,1000,0.9,97,pointwise,0.0006796000016038306,0.0
1.0,0.42857142857142855,0.0,6,14,1000,0.9,97,normal_bonferroni,0.0005948000034550205,1.0
1.0,0.5,0.0,7,14,1000,0.9,97,multiplier,0.0031069000033312477,1.0
1.0,0.35714285714285715,0.0,5,14,1000,0.9,97,exact_bonferroni,0.0009098000009544194,1.0
1.0,0.2857142857142857,0.0,4,14,1000,0.9,97,hoeffding,0.0003276999996160157,1.0
1.0,0.42857142857142855,0.0,6,14,1000,0.9,97,holm,0.00045259999751579016,
1.0,0.5,0.0,7,14,1000,0.9,98,pointwise,0.0006114999996498227,1.0
1.0,0.21428571428571427,0.0,3,14,1000,0.9,98,normal_bonferroni,0.0006530000027851202,1.0
1.0,0.35714285714285715,0.0,5,14,1000,0.9,98,multiplier,0.0030740000001969747,1.0
1.0,0.21428571428571427,0.0,3,14,1000,0.9,98,exact_bonferroni,0.0013538999992306344,1.0
1.0,0.07142857142857142,0.0,1,14,1000,0.9,98,hoeffding,0.0003409999990253709,1.0
1.0,0.21428571428571427,0.0,3,14,1000,0.9,98,holm,0.00048719999904278666,
1.0,0.6428571428571429,0.0,9,14,1000,0.9,99,pointwise,0.000694800000928808,1.0
1.0,0.42857142857142855,0.0,6,14,1000,0.9,99,normal_bonferroni,0.0005948999969405122,1.0
1.0,0.42857142857142855,0.0,6,14,1000,0.9,99,multiplier,0.0030551000018022023,1.0
1.0,0.42857142857142855,0.0,6,14,1000,0.9,99,exact_bonferroni,0.0008975000018835999,1.0
1.0,0.14285714285714285,0.0,2,14,1000,0.9,99,hoeffding,0.00033909999910974875,1.0
1.0,0.42857142857142855,0.0,6,14,1000,0.9,99,holm,0.00047510000149486586,
1.0,0.21428571428571427,0.0,3,14,1000,0.9,100,pointwise,0.0006198000046424568,1.0
1.0,0.07142857142857142,0.0,1,14,1000,0.9,100,normal_bonferroni,0.0006167999963508919,1.0
1.0,0.07142857142857142,0.0,1,14,1000,0.9,100,multiplier,0.0030583000043407083,1.0
1.0,0.07142857142857142,0.0,1,14,1000,0.9,100,exact_bonferroni,0.0016364000039175153,1.0
1.0,0.0,0.0,0,14,1000,0.9,100,hoeffding,0.0002961999998660758,1.0
1.0,0.07142857142857142,0.0,1,14,1000,0.9,100,holm,0.00035229999775765464,
1.0,0.35714285714285715,0.0,5,14,1000,0.9,101,pointwise,0.0006997999953455292,1.0
1.0,0.21428571428571427,0.0,3,14,1000,0.9,101,normal_bonferroni,0.000709100000676699,1.0
1.0,0.21428571428571427,0.0,3,14,1000,0.9,101,multiplier,0.003144100002828054,1.0
1.0,0.21428571428571427,0.0,3,14,1000,0.9,101,exact_bonferroni,0.0007650999978068285,1.0
1.0,0.07142857142857142,0.0,1,14,1000,0.9,101,hoeffding,0.00032980000105453655,1.0
1.0,0.21428571428571427,0.0,3,14,1000,0.9,101,holm,0.0004794999986188486,
1.0,0.14285714285714285,0.0,2,14,1000,0.9,102,pointwise,0.0006237999987206422,1.0
1.0,0.0,0.0,0,14,1000,0.9,102,normal_bonferroni,0.0005856999996467493,1.0
1.0,0.0,0.0,0,14,1000,0.9,102,multiplier,0.00316729999758536,1.0
1.0,0.0,0.0,0,14,1000,0.9,102,exact_bonferroni,0.0008382999949390069,1.0
1.0,0.0,0.0,0,14,1000,0.9,102,hoeffding,0.0006177999966894276,1.0
1.0,0.0,0.0,0,14,1000,0.9,102,holm,0.0005956000022706576,
1.0,0.8571428571428571,0.0,12,14,1000,0.9,103,pointwise,0.0008591999940108508,0.0
1.0,0.5,0.0,7,14,1000,0.9,103,normal_bonferroni,0.0006722000034642406,1.0
1.0,0.5714285714285714,0.0,8,14,1000,0.9,103,multiplier,0.003148199997667689,1.0
1.0,0.42857142857142855,0.0,6,14,1000,0.9,103,exact_bonferroni,0.000931099995796103,1.0
1.0,0.2857142857142857,0.0,4,14,1000,0.9,103,hoeffding,0.00032669999927747995,1.0
1.0,0.5,0.0,7,14,1000,0.9,103,holm,0.0004740999938803725,
1.0,0.2857142857142857,0.0,4,14,1000,0.9,104,pointwise,0.0006024000031175092,1.0
1.0,0.07142857142857142,0.0,1,14,1000,0.9,104,normal_bonferroni,0.0005846999993082136,1.0
1.0,0.14285714285714285,0.0,2,14,1000,0.9,104,multiplier,0.002906299996539019,1.0
1.0,0.07142857142857142,0.0,1,14,1000,0.9,104,exact_bonferroni,0.000832900004752446,1.0
1.0,0.07142857142857142,0.0,1,14,1000,0.9,104,hoeffding,0.00033260000054724514,1.0
1.0,0.07142857142857142,0.0,1,14,1000,0.9,104,holm,0.00045029999455437064,
1.0,0.5714285714285714,0.0,8,14,1000,0.9,105,pointwise,0.000632999996014405,1.0
1.0,0.21428571428571427,0.0,3,14,1000,0.9,105,normal_bonferroni,0.0006076999998185784,1.0
1.0,0.2857142857142857,0.0,4,14,1000,0.9,105,multiplier,0.003044099998078309,1.0
1.0,0.21428571428571427,0.0,3,14,1000,0.9,105,exact_bonferroni,0.0008779999989201315,1.0
1.0,0.07142857142857142,0.0,1,14,1000,0.9,105,hoeffding,0.0003128000025753863,1.0
1.0,0.21428571428571427,0.0,3,14,1000,0.9,105,holm,0.00044329999946057796,
1.0,0.6428571428571429,0.0,9,14,1000,0.9,106,pointwise,0.0005882999976165593,1.0
1.0,0.2857142857142857,0.0,4,14,1000,0.9,106,normal_bonferroni,0.0005870000022696331,1.0
1.0,0.35714285714285715,0.0,5,14,1000,0.9,106,multiplier,0.0035499000005074777,1.0
1.0,0.2857142857142857,0.0,4,14,1000,0.9,106,exact_bonferroni,0.0011986000026809052,1.0
1.0,0.14285714285714285,0.0,2,14,1000,0.9,106,hoeffding,0.00034050000249408185,1.0
1.0,0.2857142857142857,0.0,4,14,1000,0.9,106,holm,0.000495000000228174,
1.0,0.21428571428571427,0.0,3,14,1000,0.9,107,pointwise,0.0006720999954268336,1.0
1.0,0.07142857142857142,0.0,1,14,1000,0.9,107,normal_bonferroni,0.0010609000019030645,1.0
1.0,0.07142857142857142,0.0,1,14,1000,0.9,107,multiplier,0.00390730000071926,1.0
1.0,0.07142857142857142,0.0,1,14,1000,0.9,107,exact_bonferroni,0.0009129999962169677,1.0
1.0,0.0,0.0,0,14,1000,0.9,107,hoeffding,0.00032780000037746504,1.0
1.0,0.07142857142857142,0.0,1,14,1000,0.9,107,holm,0.0013336000047274865,
1.0,0.35714285714285715,0.0,5,14,1000,0.9,108,pointwise,0.0007792000033077784,1.0
1.0,0.07142857142857142,0.0,1,14,1000,0.9,108,normal_bonferroni,0.0006694999974570237,1.0
1.0,0.14285714285714285,0.0,2,14,1000,0.9,108,multiplier,0.003350500002852641,1.0
1.0,0.07142857142857142,0.0,1,14,1000,0.9,108,exact_bonferroni,0.0010972000018227845,1.0
1.0,0.07142857142857142,0.0,1,14,1000,0.9,108,hoeffding,0.00034610000147949904,1.0
1.0,0.07142857142857142,0.0,1,14,1000,0.9,108,holm,0.0005018999945605174,
1.0,0.9285714285714286,0.0,13,14,1000,0.9,109,pointwise,0.0006343999993987381,0.0
1.0,0.5,0.0,7,14,1000,0.9,109,normal_bonferroni,0.0006243000025278889,1.0
1.0,0.6428571428571429,0.0,9,14,1000,0.9,109,multiplier,0.0031718000027467497,0.0
1.0,0.42857142857142855,0.0,6,14,1000,0.9,109,exact_bonferroni,0.0007029999978840351,1.0
1.0,0.35714285714285715,0.0,5,14,1000,0.9,109,hoeffding,0.0003226999979233369,1.0
1.0,0.5,0.0,7,14,1000,0.9,109,holm,0.0005002000034437515,
1.0,0.7142857142857143,0.0,10,14,1000,0.9,110,pointwise,0.00065080000058515,0.0
1.0,0.5,0.0,7,14,1000,0.9,110,normal_bonferroni,0.0005851000023540109,1.0
1.0,0.5714285714285714,0.0,8,14,1000,0.9,110,multiplier,0.003016599999682512,1.0
1.0,0.5,0.0,7,14,1000,0.9,110,exact_bonferroni,0.0008572000006097369,1.0
1.0,0.2857142857142857,0.0,4,14,1000,0.9,110,hoeffding,0.00031260000105248764,1.0
1.0,0.5,0.0,7,14,1000,0.9,110,holm,0.00046290000318549573,
1.0,0.5,0.0,7,14,1000,0.9,111,pointwise,0.0006846999967820011,1.0
1.0,0.5,0.0,7,14,1000,0.9,111,normal_bonferroni,0.0006352999989758246,1.0
1.0,0.5,0.0,7,14,1000,0.9,111,multiplier,0.0032296999997925013,1.0
1.0,0.42857142857142855,0.0,6,14,1000,0.9,111,exact_bonferroni,0.0009513999975752085,1.0
1.0,0.2857142857142857,0.0,4,14,1000,0.9,111,hoeffding,0.00032220000139204785,1.0
1.0,0.5,0.0,7,14,1000,0.9,111,holm,0.0004668000037781894,
1.0,0.35714285714285715,0.0,5,14,1000,0.9,112,pointwise,0.0006723999977111816,1.0
1.0,0.14285714285714285,0.0,2,14,1000,0.9,112,normal_bonferroni,0.0003400999994482845,1.0
1.0,0.14285714285714285,0.0,2,14,1000,0.9,112,multiplier,0.0026992999992216937,1.0
1.0,0.0,0.0,0,14,1000,0.9,112,exact_bonferroni,0.0009408999976585619,1.0
1.0,0.0,0.0,0,14,1000,0.9,112,hoeffding,0.0003228000059607439,1.0
1.0,0.0,0.0,0,14,1000,0.9,112,holm,0.0004670999987865798,
1.0,0.14285714285714285,0.0,2,14,1000,0.9,113,pointwise,0.0004236999957356602,1.0
1.0,0.07142857142857142,0.0,1,14,1000,0.9,113,normal_bonferroni,0.0005400000009103678,1.0
1.0,0.07142857142857142,0.0,1,14,1000,0.9,113,multiplier,0.0034109999978682026,1.0
1.0,0.07142857142857142,0.0,1,14,1000,0.9,113,exact_bonferroni,0.0009274999974877574,1.0
1.0,0.0,0.0,0,14,1000,0.9,113,hoeffding,0.0003291000030003488,1.0
1.0,0.07142857142857142,0.0,1,14,1000,0.9,113,holm,0.0004743999961647205,
1.0,0.2857142857142857,0.0,4,14,1000,0.9,114,pointwise,0.0004933000018354505,1.0
1.0,0.14285714285714285,0.0,2,14,1000,0.9,114,normal_bonferroni,0.00035819999902741984,1.0
1.0,0.14285714285714285,0.0,2,14,1000,0.9,114,multiplier,0.0027150999958394095,1.0
1.0,0.07142857142857142,0.0,1,14,1000,0.9,114,exact_bonferroni,0.0009403000003658235,1.0
1.0,0.0,0.0,0,14,1000,0.9,114,hoeffding,0.00033009999606292695,1.0
1.0,0.07142857142857142,0.0,1,14,1000,0.9,114,holm,0.00046130000555422157,
1.0,0.2857142857142857,0.0,4,14,1000,0.9,115,pointwise,0.0006364000000758097,1.0
1.0,0.14285714285714285,0.0,2,14,1000,0.9,115,normal_bonferroni,0.0006685999978799373,1.0
1.0,0.21428571428571427,0.0,3,14,1000,0.9,115,multiplier,0.0030791999961365946,1.0
1.0,0.14285714285714285,0.0,2,14,1000,0.9,115,exact_bonferroni,0.0009003000013763085,1.0
1.0,0.07142857142857142,0.0,1,14,1000,0.9,115,hoeffding,0.0003224000029149465,1.0
1.0,0.14285714285714285,0.0,2,14,1000,0.9,115,holm,0.00045959999988554046,
1.0,0.6428571428571429,0.0,9,14,1000,0.9,116,pointwise,0.000585299996600952,1.0
1.0,0.07142857142857142,0.0,1,14,1000,0.9,116,normal_bonferroni,0.0005904999998165295,1.0
1.0,0.35714285714285715,0.0,5,14,1000,0.9,116,multiplier,0.003030400002899114,1.0
1.0,0.07142857142857142,0.0,1,14,1000,0.9,116,exact_bonferroni,0.0009264000036637299,1.0
1.0,0.0,0.0,0,14,1000,0.9,116,hoeffding,0.00032339999597752467,1.0
1.0,0.07142857142857142,0.0,1,14,1000,0.9,116,holm,0.00046579999616369605,
1.0,0.8571428571428571,0.0,12,14,1000,0.9,117,pointwise,0.0006212000007508323,1.0
1.0,0.42857142857142855,0.0,6,14,1000,0.9,117,normal_bonferroni,0.0005832000024383888,1.0
1.0,0.6428571428571429,0.0,9,14,1000,0.9,117,multiplier,0.003097200002230238,1.0
1.0,0.42857142857142855,0.0,6,14,1000,0.9,117,exact_bonferroni,0.0008258999951067381,1.0
1.0,0.07142857142857142,0.0,1,14,1000,0.9,117,hoeffding,0.00030250000418163836,1.0
1.0,0.42857142857142855,0.0,6,14,1000,0.9,117,holm,0.00046470000233966857,
1.0,0.42857142857142855,0.0,6,14,1000,0.9,118,pointwise,0.0006066999994800426,1.0
1.0,0.2857142857142857,0.0,4,14,1000,0.9,118,normal_bonferroni,0.000578800005314406,1.0
1.0,0.2857142857142857,0.0,4,14,1000,0.9,118,multiplier,0.0036983999962103553,1.0
1.0,0.21428571428571427,0.0,3,14,1000,0.9,118,exact_bonferroni,0.0010203999991063029,1.0
1.0,0.07142857142857142,0.0,1,14,1000,0.9,118,hoeffding,0.0003510000024107285,1.0
1.0,0.21428571428571427,0.0,3,14,1000,0.9,118,holm,0.0005459999956656247,
1.0,0.6428571428571429,0.0,9,14,1000,0.9,119,pointwise,0.0006543999988934956,0.0
1.0,0.42857142857142855,0.0,6,14,1000,0.9,119,normal_bonferroni,0.0005987000040477142,1.0
1.0,0.5,0.0,7,14,1000,0.9,119,multiplier,0.0031281999981729314,1.0
1.0,0.42857142857142855,0.0,6,14,1000,0.9,119,exact_bonferroni,0.0008999999990919605,1.0
1.0,0.21428571428571427,0.0,3,14,1000,0.9,119,hoeffding,0.0003501999963191338,1.0
1.0,0.42857142857142855,0.0,6,14,1000,0.9,119,holm,0.0007946000041556545,
1.0,0.2857142857142857,0.0,4,14,1000,0.9,120,pointwise,0.0005106000025989488,1.0
1.0,0.07142857142857142,0.0,1,14,1000,0.9,120,normal_bonferroni,0.0006456999981310219,1.0
1.0,0.14285714285714285,0.0,2,14,1000,0.9,120,multiplier,0.003619700000854209,1.0
1.0,0.07142857142857142,0.0,1,14,1000,0.9,120,exact_bonferroni,0.0010050999990198761,1.0
1.0,0.0,0.0,0,14,1000,0.9,120,hoeffding,0.00034720000257948413,1.0
1.0,0.07142857142857142,0.0,1,14,1000,0.9,120,holm,0.0005391000013332814,
1.0,0.5714285714285714,0.0,8,14,1000,0.9,121,pointwise,0.0006756000002496876,0.0
1.0,0.42857142857142855,0.0,6,14,1000,0.9,121,normal_bonferroni,0.0007296999974641949,1.0
1.0,0.42857142857142855,0.0,6,14,1000,0.9,121,multiplier,0.0029877000051783398,1.0
1.0,0.42857142857142855,0.0,6,14,1000,0.9,121,exact_bonferroni,0.0006007999982102774,1.0
1.0,0.21428571428571427,0.0,3,14,1000,0.9,121,hoeffding,0.0003193000011378899,1.0
1.0,0.42857142857142855,0.0,6,14,1000,0.9,121,holm,0.000500999994983431,
1.0,0.7142857142857143,0.0,10,14,1000,0.9,122,pointwise,0.000625100001343526,0.0
1.0,0.2857142857142857,0.0,4,14,1000,0.9,122,normal_bonferroni,0.0006253999963519163,1.0
1.0,0.5,0.0,7,14,1000,0.9,122,multiplier,0.003012700006365776,1.0
1.0,0.21428571428571427,0.0,3,14,1000,0.9,122,exact_bonferroni,0.0008526000019628555,1.0
1.0,0.21428571428571427,0.0,3,14,1000,0.9,122,hoeffding,0.00030720000358996913,1.0
1.0,0.21428571428571427,0.0,3,14,1000,0.9,122,holm,0.00043369999912101775,
1.0,0.5,0.0,7,14,1000,0.9,123,pointwise,0.0005923999997321516,1.0
1.0,0.35714285714285715,0.0,5,14,1000,0.9,123,normal_bonferroni,0.0005688000019290484,1.0
1.0,0.42857142857142855,0.0,6,14,1000,0.9,123,multiplier,0.003441100001509767,1.0
1.0,0.35714285714285715,0.0,5,14,1000,0.9,123,exact_bonferroni,0.0009619000047678128,1.0
1.0,0.0,0.0,0,14,1000,0.9,123,hoeffding,0.00032750000536907464,1.0
1.0,0.35714285714285715,0.0,5,14,1000,0.9,123,holm,0.0004746999984490685,
1.0,0.42857142857142855,0.0,6,14,1000,0.9,124,pointwise,0.0006253000028664246,1.0
1.0,0.2857142857142857,0.0,4,14,1000,0.9,124,normal_bonferroni,0.0009594000002834946,1.0
1.0,0.35714285714285715,0.0,5,14,1000,0.9,124,multiplier,0.003122100002656225,1.0
1.0,0.2857142857142857,0.0,4,14,1000,0.9,124,exact_bonferroni,0.0009151999984169379,1.0
1.0,0.14285714285714285,0.0,2,14,1000,0.9,124,hoeffding,0.0003329999963170849,1.0
1.0,0.2857142857142857,0.0,4,14,1000,0.9,124,holm,0.00048540000716457143,
1.0,0.5,0.0,7,14,1000,0.9,125,pointwise,0.000709100000676699,1.0
1.0,0.2857142857142857,0.0,4,14,1000,0.9,125,normal_bonferroni,0.0006044000037945807,1.0
1.0,0.42857142857142855,0.0,6,14,1000,0.9,125,multiplier,0.0031047000011312775,1.0
1.0,0.21428571428571427,0.0,3,14,1000,0.9,125,exact_bonferroni,0.0008987999972305261,1.0
1.0,0.07142857142857142,0.0,1,14,1000,0.9,125,hoeffding,0.00031709999893791974,1.0
1.0,0.21428571428571427,0.0,3,14,1000,0.9,125,holm,0.0005205999987083487,
1.0,0.35714285714285715,0.0,5,14,1000,0.9,126,pointwise,0.000967200001468882,1.0
1.0,0.14285714285714285,0.0,2,14,1000,0.9,126,normal_bonferroni,0.00040240000089397654,1.0
1.0,0.21428571428571427,0.0,3,14,1000,0.9,126,multiplier,0.0024208999966504052,1.0
1.0,0.14285714285714285,0.0,2,14,1000,0.9,126,exact_bonferroni,0.0005526000022655353,1.0
1.0,0.0,0.0,0,14,1000,0.9,126,hoeffding,0.00019789999350905418,1.0
1.0,0.14285714285714285,0.0,2,14,1000,0.9,126,holm,0.00028809999639634043,
1.0,0.5,0.0,7,14,1000,0.9,127,pointwise,0.000629100002697669,1.0
1.0,0.21428571428571427,0.0,3,14,1000,0.9,127,normal_bonferroni,0.0005889000021852553,1.0
1.0,0.2857142857142857,0.0,4,14,1000,0.9,127,multiplier,0.0030775999985053204,1.0
1.0,0.21428571428571427,0.0,3,14,1000,0.9,127,exact_bonferroni,0.0008349999989150092,1.0
1.0,0.07142857142857142,0.0,1,14,1000,0.9,127,hoeffding,0.0003042999960598536,1.0
1.0,0.21428571428571427,0.0,3,14,1000,0.9,127,holm,0.00046799999836366624,
1.0,0.5714285714285714,0.0,8,14,1000,0.9,128,pointwise,0.0006200000061653554,1.0
1.0,0.2857142857142857,0.0,4,14,1000,0.9,128,normal_bonferroni,0.0005596999981207773,1.0
1.0,0.35714285714285715,0.0,5,14,1000,0.9,128,multiplier,0.003014000001712702,1.0
1.0,0.21428571428571427,0.0,3,14,1000,0.9,128,exact_bonferroni,0.0010948000053758733,1.0
1.0,0.07142857142857142,0.0,1,14,1000,0.9,128,hoeffding,0.0003789000038523227,1.0
1.0,0.21428571428571427,0.0,3,14,1000,0.9,128,holm,0.0005582000012509525,
1.0,0.42857142857142855,0.0,6,14,1000,0.9,129,pointwise,0.0007516999976360239,1.0
1.0,0.14285714285714285,0.0,2,14,1000,0.9,129,normal_bonferroni,0.000720500000170432,1.0
1.0,0.21428571428571427,0.0,3,14,1000,0.9,129,multiplier,0.0036652999988291413,1.0
1.0,0.14285714285714285,0.0,2,14,1000,0.9,129,exact_bonferroni,0.0010967999987769872,1.0
1.0,0.07142857142857142,0.0,1,14,1000,0.9,129,hoeffding,0.0003892999957315624,1.0
1.0,0.14285714285714285,0.0,2,14,1000,0.9,129,holm,0.0005620000010821968,
1.0,0.7142857142857143,0.0,10,14,1000,0.9,130,pointwise,0.00046209999709390104,1.0
1.0,0.42857142857142855,0.0,6,14,1000,0.9,130,normal_bonferroni,0.0007620000033057295,1.0
1.0,0.42857142857142855,0.0,6,14,1000,0.9,130,multiplier,0.0040473000044585206,1.0
1.0,0.42857142857142855,0.0,6,14,1000,0.9,130,exact_bonferroni,0.0012456999975256622,1.0
1.0,0.2857142857142857,0.0,4,14,1000,0.9,130,hoeffding,0.0004006000017398037,1.0
1.0,0.42857142857142855,0.0,6,14,1000,0.9,130,holm,0.000577899998461362,
1.0,0.7857142857142857,0.0,11,14,1000,0.9,131,pointwise,0.0007368000005953945,0.0
1.0,0.5,0.0,7,14,1000,0.9,131,normal_bonferroni,0.0006585999944945797,1.0
1.0,0.5714285714285714,0.0,8,14,1000,0.9,131,multiplier,0.0034564000015961938,1.0
1.0,0.5,0.0,7,14,1000,0.9,131,exact_bonferroni,0.0009810999981709756,1.0
1.0,0.14285714285714285,0.0,2,14,1000,0.9,131,hoeffding,0.000411000000895001,1.0
1.0,0.5,0.0,7,14,1000,0.9,131,holm,0.0005444999987957999,
1.0,0.5,0.0,7,14,1000,0.9,132,pointwise,0.0006931999960215762,1.0
1.0,0.2857142857142857,0.0,4,14,1000,0.9,132,normal_bonferroni,0.0006558000022778288,1.0
1.0,0.35714285714285715,0.0,5,14,1000,0.9,132,multiplier,0.0033642999987932853,1.0
1.0,0.21428571428571427,0.0,3,14,1000,0.9,132,exact_bonferroni,0.0009953999979188666,1.0
1.0,0.14285714285714285,0.0,2,14,1000,0.9,132,hoeffding,0.0003647999983513728,1.0
1.0,0.2857142857142857,0.0,4,14,1000,0.9,132,holm,0.0005721999987144955,
1.0,0.5714285714285714,0.0,8,14,1000,0.9,133,pointwise,0.0007896000024629757,1.0
1.0,0.35714285714285715,0.0,5,14,1000,0.9,133,normal_bonferroni,0.0007022999998298474,1.0
1.0,0.5,0.0,7,14,1000,0.9,133,multiplier,0.0034839999934774823,1.0
1.0,0.35714285714285715,0.0,5,14,1000,0.9,133,exact_bonferroni,0.000938900004257448,1.0
1.0,0.21428571428571427,0.0,3,14,1000,0.9,133,hoeffding,0.00035149999894201756,1.0
1.0,0.35714285714285715,0.0,5,14,1000,0.9,133,holm,0.0005254999996395782,
1.0,0.5714285714285714,0.0,8,14,1000,0.9,134,pointwise,0.000661700003547594,1.0
1.0,0.35714285714285715,0.0,5,14,1000,0.9,134,normal_bonferroni,0.0006483999968622811,1.0
1.0,0.42857142857142855,0.0,6,14,1000,0.9,134,multiplier,0.003399000001081731,1.0
1.0,0.14285714285714285,0.0,2,14,1000,0.9,134,exact_bonferroni,0.000979099997493904,1.0
1.0,0.14285714285714285,0.0,2,14,1000,0.9,134,hoeffding,0.0003447999988566153,1.0
1.0,0.14285714285714285,0.0,2,14,1000,0.9,134,holm,0.00049820000276668,
1.0,0.5714285714285714,0.0,8,14,1000,0.9,135,pointwise,0.0006554999999934807,1.0
1.0,0.2857142857142857,0.0,4,14,1000,0.9,135,normal_bonferroni,0.0005979000052320771,1.0
1.0,0.35714285714285715,0.0,5,14,1000,0.9,135,multiplier,0.0034446999998181127,1.0
1.0,0.2857142857142857,0.0,4,14,1000,0.9,135,exact_bonferroni,0.0010830999963218346,1.0
1.0,0.14285714285714285,0.0,2,14,1000,0.9,135,hoeffding,0.00045730000420007855,1.0
1.0,0.2857142857142857,0.0,4,14,1000,0.9,135,holm,0.0005306000020937063,
1.0,0.5714285714285714,0.0,8,14,1000,0.9,136,pointwise,0.0006614000012632459,1.0
1.0,0.35714285714285715,0.0,5,14,1000,0.9,136,normal_bonferroni,0.0006497000067611225,1.0
1.0,0.35714285714285715,0.0,5,14,1000,0.9,136,multiplier,0.0032489999939571135,1.0
1.0,0.35714285714285715,0.0,5,14,1000,0.9,136,exact_bonferroni,0.0009141000045929104,1.0
1.0,0.2857142857142857,0.0,4,14,1000,0.9,136,hoeffding,0.0003217999983462505,1.0
1.0,0.35714285714285715,0.0,5,14,1000,0.9,136,holm,0.00046409999777097255,
1.0,0.7142857142857143,0.0,10,14,1000,0.9,137,pointwise,0.0006236000044737011,0.0
1.0,0.35714285714285715,0.0,5,14,1000,0.9,137,normal_bonferroni,0.0006084999986342154,1.0
1.0,0.35714285714285715,0.0,5,14,1000,0.9,137,multiplier,0.0030603999985032715,1.0
1.0,0.2857142857142857,0.0,4,14,1000,0.9,137,exact_bonferroni,0.0009544999993522651,1.0
1.0,0.21428571428571427,0.0,3,14,1000,0.9,137,hoeffding,0.00032919999648584053,1.0
1.0,0.2857142857142857,0.0,4,14,1000,0.9,137,holm,0.0005109000048832968,
1.0,0.2857142857142857,0.0,4,14,1000,0.9,138,pointwise,0.0006349000032059848,1.0
1.0,0.07142857142857142,0.0,1,14,1000,0.9,138,normal_bonferroni,0.000592199998209253,1.0
1.0,0.14285714285714285,0.0,2,14,1000,0.9,138,multiplier,0.002988500003993977,1.0
1.0,0.0,0.0,0,14,1000,0.9,138,exact_bonferroni,0.0008339000050909817,1.0
1.0,0.0,0.0,0,14,1000,0.9,138,hoeffding,0.0003056999994441867,1.0
1.0,0.0,0.0,0,14,1000,0.9,138,holm,0.00043120000191265717,
1.0,0.5,0.0,7,14,1000,0.9,139,pointwise,0.0006151999987196177,1.0
1.0,0.2857142857142857,0.0,4,14,1000,0.9,139,normal_bonferroni,0.0005575999966822565,1.0
1.0,0.35714285714285715,0.0,5,14,1000,0.9,139,multiplier,0.002876400001696311,1.0
1.0,0.14285714285714285,0.0,2,14,1000,0.9,139,exact_bonferroni,0.000927200002479367,1.0
1.0,0.14285714285714285,0.0,2,14,1000,0.9,139,hoeffding,0.0003262000027461909,1.0
1.0,0.21428571428571427,0.0,3,14,1000,0.9,139,holm,0.0004775000052177347,
1.0,0.2857142857142857,0.0,4,14,1000,0.9,140,pointwise,0.0006487999999080785,1.0
1.0,0.14285714285714285,0.0,2,14,1000,0.9,140,normal_bonferroni,0.0006498000002466142,1.0
1.0,0.2857142857142857,0.0,4,14,1000,0.9,140,multiplier,0.0031821999946259893,1.0
1.0,0.14285714285714285,0.0,2,14,1000,0.9,140,exact_bonferroni,0.0008933999997680075,1.0
1.0,0.14285714285714285,0.0,2,14,1000,0.9,140,hoeffding,0.00031989999843062833,1.0
1.0,0.14285714285714285,0.0,2,14,1000,0.9,140,holm,0.0004535999978543259,
1.0,0.2857142857142857,0.0,4,14,1000,0.9,141,pointwise,0.0005120999994687736,1.0
1.0,0.07142857142857142,0.0,1,14,1000,0.9,141,normal_bonferroni,0.0003685000046971254,1.0
1.0,0.21428571428571427,0.0,3,14,1000,0.9,141,multiplier,0.002900300001783762,1.0
1.0,0.07142857142857142,0.0,1,14,1000,0.9,141,exact_bonferroni,0.0009544000058667734,1.0
1.0,0.0,0.0,0,14,1000,0.9,141,hoeffding,0.0003406999967410229,1.0
1.0,0.07142857142857142,0.0,1,14,1000,0.9,141,holm,0.0005326000027707778,
1.0,0.6428571428571429,0.0,9,14,1000,0.9,142,pointwise,0.0006846000032965094,0.0
1.0,0.35714285714285715,0.0,5,14,1000,0.9,142,normal_bonferroni,0.0006151999987196177,1.0
1.0,0.42857142857142855,0.0,6,14,1000,0.9,142,multiplier,0.0030545999979949556,1.0
1.0,0.35714285714285715,0.0,5,14,1000,0.9,142,exact_bonferroni,0.0008674999990034848,1.0
1.0,0.21428571428571427,0.0,3,14,1000,0.9,142,hoeffding,0.0003203000014764257,1.0
1.0,0.35714285714285715,0.0,5,14,1000,0.9,142,holm,0.00046460000157821923,
1.0,0.2857142857142857,0.0,4,14,1000,0.9,143,pointwise,0.0006510000021080486,1.0
1.0,0.2857142857142857,0.0,4,14,1000,0.9,143,normal_bonferroni,0.000588999995670747,1.0
1.0,0.2857142857142857,0.0,4,14,1000,0.9,143,multiplier,0.0030763000031583942,1.0
1.0,0.14285714285714285,0.0,2,14,1000,0.9,143,exact_bonferroni,0.0009953000044333749,1.0
1.0,0.0,0.0,0,14,1000,0.9,143,hoeffding,0.0004888999974355102,1.0
1.0,0.14285714285714285,0.0,2,14,1000,0.9,143,holm,0.0007827999943401664,
1.0,0.2857142857142857,0.0,4,14,1000,0.9,144,pointwise,0.0009044999969773926,1.0
1.0,0.07142857142857142,0.0,1,14,1000,0.9,144,normal_bonferroni,0.0006796000016038306,1.0
1.0,0.21428571428571427,0.0,3,14,1000,0.9,144,multiplier,0.003629999999247957,1.0
1.0,0.07142857142857142,0.0,1,14,1000,0.9,144,exact_bonferroni,0.001058599998941645,1.0
1.0,0.0,0.0,0,14,1000,0.9,144,hoeffding,0.0003699000008055009,1.0
1.0,0.07142857142857142,0.0,1,14,1000,0.9,144,holm,0.0005385999975260347,
1.0,0.35714285714285715,0.0,5,14,1000,0.9,145,pointwise,0.00040360000275541097,1.0
1.0,0.2857142857142857,0.0,4,14,1000,0.9,145,normal_bonferroni,0.0010315000035916455,1.0
1.0,0.2857142857142857,0.0,4,14,1000,0.9,145,multiplier,0.0037174000026425347,1.0
1.0,0.14285714285714285,0.0,2,14,1000,0.9,145,exact_bonferroni,0.001068400000804104,1.0
1.0,0.0,0.0,0,14,1000,0.9,145,hoeffding,0.00043590000132098794,1.0
1.0,0.2857142857142857,0.0,4,14,1000,0.9,145,holm,0.0009466999981668778,
1.0,0.35714285714285715,0.0,5,14,1000,0.9,146,pointwise,0.0007331000015255995,1.0
1.0,0.21428571428571427,0.0,3,14,1000,0.9,146,normal_bonferroni,0.000697899995429907,1.0
1.0,0.21428571428571427,0.0,3,14,1000,0.9,146,multiplier,0.0034541999993962236,1.0
1.0,0.14285714285714285,0.0,2,14,1000,0.9,146,exact_bonferroni,0.0013428000020212494,1.0
1.0,0.14285714285714285,0.0,2,14,1000,0.9,146,hoeffding,0.0003876999981002882,1.0
1.0,0.21428571428571427,0.0,3,14,1000,0.9,146,holm,0.0005327999970177189,
1.0,0.2857142857142857,0.0,4,14,1000,0.9,147,pointwise,0.0007473999939975329,1.0
1.0,0.07142857142857142,0.0,1,14,1000,0.9,147,normal_bonferroni,0.0006898999999975786,1.0
1.0,0.14285714285714285,0.0,2,14,1000,0.9,147,multiplier,0.0037093999999342486,1.0
1.0,0.07142857142857142,0.0,1,14,1000,0.9,147,exact_bonferroni,0.001036299996485468,1.0
1.0,0.0,0.0,0,14,1000,0.9,147,hoeffding,0.00034640000376384705,1.0
1.0,0.07142857142857142,0.0,1,14,1000,0.9,147,holm,0.0005017000003135763,
1.0,0.7142857142857143,0.0,10,14,1000,0.9,148,pointwise,0.0007088999991538003,0.0
1.0,0.42857142857142855,0.0,6,14,1000,0.9,148,normal_bonferroni,0.0006266999989748001,1.0
1.0,0.5,0.0,7,14,1000,0.9,148,multiplier,0.003429399999731686,1.0
1.0,0.42857142857142855,0.0,6,14,1000,0.9,148,exact_bonferroni,0.0011003000035998411,1.0
1.0,0.2857142857142857,0.0,4,14,1000,0.9,148,hoeffding,0.0005541999998968095,1.0
1.0,0.42857142857142855,0.0,6,14,1000,0.9,148,holm,0.0005879000018467195,
1.0,0.5,0.0,7,14,1000,0.9,149,pointwise,0.0007837000011932105,1.0
1.0,0.35714285714285715,0.0,5,14,1000,0.9,149,normal_bonferroni,0.0007044000012683682,1.0
1.0,0.35714285714285715,0.0,5,14,1000,0.9,149,multiplier,0.003668899997137487,1.0
1.0,0.2857142857142857,0.0,4,14,1000,0.9,149,exact_bonferroni,0.0011037000003852881,1.0
1.0,0.14285714285714285,0.0,2,14,1000,0.9,149,hoeffding,0.00040330000047106296,1.0
1.0,0.2857142857142857,0.0,4,14,1000,0.9,149,holm,0.0006425000028684735,
1.0,0.5,0.0,7,14,1000,0.9,150,pointwise,0.0009236000041710213,1.0
1.0,0.14285714285714285,0.0,2,14,1000,0.9,150,normal_bonferroni,0.0007678000038140453,1.0
1.0,0.21428571428571427,0.0,3,14,1000,0.9,150,multiplier,0.003924800003005657,1.0
1.0,0.14285714285714285,0.0,2,14,1000,0.9,150,exact_bonferroni,0.0010874999934458174,1.0
1.0,0.07142857142857142,0.0,1,14,1000,0.9,150,hoeffding,0.00035930000012740493,1.0
1.0,0.14285714285714285,0.0,2,14,1000,0.9,150,holm,0.0005410000012489036,
1.0,0.42857142857142855,0.0,6,14,1000,0.9,151,pointwise,0.0007461999994120561,1.0
1.0,0.21428571428571427,0.0,3,14,1000,0.9,151,normal_bonferroni,0.0006711999958497472,1.0
1.0,0.21428571428571427,0.0,3,14,1000,0.9,151,multiplier,0.003792700001213234,1.0
1.0,0.14285714285714285,0.0,2,14,1000,0.9,151,exact_bonferroni,0.001097499996831175,1.0
1.0,0.07142857142857142,0.0,1,14,1000,0.9,151,hoeffding,0.0003832000002148561,1.0
1.0,0.21428571428571427,0.0,3,14,1000,0.9,151,holm,0.0005430000019259751,
1.0,0.21428571428571427,0.0,3,14,1000,0.9,152,pointwise,0.0007349000006797723,1.0
1.0,0.07142857142857142,0.0,1,14,1000,0.9,152,normal_bonferroni,0.000658800003293436,1.0
1.0,0.07142857142857142,0.0,1,14,1000,0.9,152,multiplier,0.0033255000016652048,1.0
1.0,0.07142857142857142,0.0,1,14,1000,0.9,152,exact_bonferroni,0.000931099995796103,1.0
1.0,0.0,0.0,0,14,1000,0.9,152,hoeffding,0.00034439999581081793,1.0
1.0,0.07142857142857142,0.0,1,14,1000,0.9,152,holm,0.0004881999993813224,
1.0,0.5714285714285714,0.0,8,14,1000,0.9,153,pointwise,0.0008874999984982423,0.0
1.0,0.2857142857142857,0.0,4,14,1000,0.9,153,normal_bonferroni,0.0007010999979684129,1.0
1.0,0.35714285714285715,0.0,5,14,1000,0.9,153,multiplier,0.003311000000394415,1.0
1.0,0.21428571428571427,0.0,3,14,1000,0.9,153,exact_bonferroni,0.0009701999952085316,1.0
1.0,0.21428571428571427,0.0,3,14,1000,0.9,153,hoeffding,0.0003412999940337613,1.0
1.0,0.21428571428571427,0.0,3,14,1000,0.9,153,holm,0.0004975000047124922,
1.0,0.7142857142857143,0.0,10,14,1000,0.9,154,pointwise,0.0006528999947477132,0.0
1.0,0.2857142857142857,0.0,4,14,1000,0.9,154,normal_bonferroni,0.0006226000041351654,1.0
1.0,0.5,0.0,7,14,1000,0.9,154,multiplier,0.0030922000005375594,1.0
1.0,0.2857142857142857,0.0,4,14,1000,0.9,154,exact_bonferroni,0.000930599999264814,1.0
1.0,0.21428571428571427,0.0,3,14,1000,0.9,154,hoeffding,0.0003221000006305985,1.0
1.0,0.2857142857142857,0.0,4,14,1000,0.9,154,holm,0.00046609999844804406,
1.0,0.42857142857142855,0.0,6,14,1000,0.9,155,pointwise,0.0006314999991445802,1.0
1.0,0.14285714285714285,0.0,2,14,1000,0.9,155,normal_bonferroni,0.0006158000032883137,1.0
1.0,0.21428571428571427,0.0,3,14,1000,0.9,155,multiplier,0.003132899997581262,1.0
1.0,0.14285714285714285,0.0,2,14,1000,0.9,155,exact_bonferroni,0.0009207999974023551,1.0
1.0,0.07142857142857142,0.0,1,14,1000,0.9,155,hoeffding,0.0003263000035076402,1.0
1.0,0.14285714285714285,0.0,2,14,1000,0.9,155,holm,0.00048160000005736947,
1.0,0.35714285714285715,0.0,5,14,1000,0.9,156,pointwise,0.0006504000048153102,1.0
1.0,0.21428571428571427,0.0,3,14,1000,0.9,156,normal_bonferroni,0.0006468999999924563,1.0
1.0,0.21428571428571427,0.0,3,14,1000,0.9,156,multiplier,0.0031302999996114522,1.0
1.0,0.14285714285714285,0.0,2,14,1000,0.9,156,exact_bonferroni,0.0009447999982512556,1.0
1.0,0.07142857142857142,0.0,1,14,1000,0.9,156,hoeffding,0.00033689999690977857,1.0
1.0,0.14285714285714285,0.0,2,14,1000,0.9,156,holm,0.0004680999991251156,
1.0,0.42857142857142855,0.0,6,14,1000,0.9,157,pointwise,0.0006253000028664246,1.0
1.0,0.35714285714285715,0.0,5,14,1000,0.9,157,normal_bonferroni,0.0006121999977040105,1.0
1.0,0.35714285714285715,0.0,5,14,1000,0.9,157,multiplier,0.0035168000031262636,1.0
1.0,0.2857142857142857,0.0,4,14,1000,0.9,157,exact_bonferroni,0.001541400000860449,1.0
1.0,0.14285714285714285,0.0,2,14,1000,0.9,157,hoeffding,0.0004606000002240762,1.0
1.0,0.2857142857142857,0.0,4,14,1000,0.9,157,holm,0.0008518000031472184,
1.0,0.5714285714285714,0.0,8,14,1000,0.9,158,pointwise,0.0007302000012714416,1.0
1.0,0.2857142857142857,0.0,4,14,1000,0.9,158,normal_bonferroni,0.0006322999979602173,1.0
1.0,0.2857142857142857,0.0,4,14,1000,0.9,158,multiplier,0.003327099999296479,1.0
1.0,0.2857142857142857,0.0,4,14,1000,0.9,158,exact_bonferroni,0.0009723999974085018,1.0
1.0,0.14285714285714285,0.0,2,14,1000,0.9,158,hoeffding,0.00034469999809516594,1.0
1.0,0.2857142857142857,0.0,4,14,1000,0.9,158,holm,0.0004894999947282486,
1.0,0.6428571428571429,0.0,9,14,1000,0.9,159,pointwise,0.0006358000027830712,1.0
1.0,0.2857142857142857,0.0,4,14,1000,0.9,159,normal_bonferroni,0.0005856999996467493,1.0
1.0,0.42857142857142855,0.0,6,14,1000,0.9,159,multiplier,0.003296099996077828,1.0
1.0,0.2857142857142857,0.0,4,14,1000,0.9,159,exact_bonferroni,0.000997399998595938,1.0
1.0,0.21428571428571427,0.0,3,14,1000,0.9,159,hoeffding,0.00034509999386500567,1.0
1.0,0.2857142857142857,0.0,4,14,1000,0.9,159,holm,0.0005267999949865043,
1.0,0.7142857142857143,0.0,10,14,1000,0.9,160,pointwise,0.0006998000026214868,0.0
1.0,0.5,0.0,7,14,1000,0.9,160,normal_bonferroni,0.0005850999950780533,1.0
1.0,0.5714285714285714,0.0,8,14,1000,0.9,160,multiplier,0.003183300003001932,1.0
1.0,0.42857142857142855,0.0,6,14,1000,0.9,160,exact_bonferroni,0.0008807999984128401,1.0
1.0,0.21428571428571427,0.0,3,14,1000,0.9,160,hoeffding,0.00031880000460660085,1.0
1.0,0.5,0.0,7,14,1000,0.9,160,holm,0.0004890999989584088,
1.0,0.42857142857142855,0.0,6,14,1000,0.9,161,pointwise,0.0005088000034447759,1.0
1.0,0.35714285714285715,0.0,5,14,1000,0.9,161,normal_bonferroni,0.00038889999996172264,1.0
1.0,0.35714285714285715,0.0,5,14,1000,0.9,161,multiplier,0.0024118000001180917,1.0
1.0,0.35714285714285715,0.0,5,14,1000,0.9,161,exact_bonferroni,0.0009996000007959083,1.0
1.0,0.21428571428571427,0.0,3,14,1000,0.9,161,hoeffding,0.00034830000367946923,1.0
1.0,0.35714285714285715,0.0,5,14,1000,0.9,161,holm,0.0005587999985436909,
1.0,0.42857142857142855,0.0,6,14,1000,0.9,162,pointwise,0.0006972999981371686,1.0
1.0,0.21428571428571427,0.0,3,14,1000,0.9,162,normal_bonferroni,0.0006264000039664097,1.0
1.0,0.2857142857142857,0.0,4,14,1000,0.9,162,multiplier,0.0032404999947175384,1.0
1.0,0.21428571428571427,0.0,3,14,1000,0.9,162,exact_bonferroni,0.0007880999983171932,1.0
1.0,0.14285714285714285,0.0,2,14,1000,0.9,162,hoeffding,0.0003586999955587089,1.0
1.0,0.21428571428571427,0.0,3,14,1000,0.9,162,holm,0.0004805999997188337,
1.0,0.5,0.0,7,14,1000,0.9,163,pointwise,0.0006637999977101572,1.0
1.0,0.35714285714285715,0.0,5,14,1000,0.9,163,normal_bonferroni,0.000619100006588269,1.0
1.0,0.42857142857142855,0.0,6,14,1000,0.9,163,multiplier,0.003019000003405381,1.0
1.0,0.2857142857142857,0.0,4,14,1000,0.9,163,exact_bonferroni,0.000593299999309238,1.0
1.0,0.14285714285714285,0.0,2,14,1000,0.9,163,hoeffding,0.00019669999892357737,1.0
1.0,0.35714285714285715,0.0,5,14,1000,0.9,163,holm,0.0004524000032688491,
1.0,0.2857142857142857,0.0,4,14,1000,0.9,164,pointwise,0.0007480999993276782,1.0
1.0,0.07142857142857142,0.0,1,14,1000,0.9,164,normal_bonferroni,0.0006781999982194975,1.0
1.0,0.14285714285714285,0.0,2,14,1000,0.9,164,multiplier,0.003209399998013396,1.0
1.0,0.07142857142857142,0.0,1,14,1000,0.9,164,exact_bonferroni,0.0008778999981586821,1.0
1.0,0.07142857142857142,0.0,1,14,1000,0.9,164,hoeffding,0.0003732999975909479,1.0
1.0,0.07142857142857142,0.0,1,14,1000,0.9,164,holm,0.000537899999471847,
1.0,0.42857142857142855,0.0,6,14,1000,0.9,165,pointwise,0.0006744999991497025,1.0
1.0,0.21428571428571427,0.0,3,14,1000,0.9,165,normal_bonferroni,0.0006567000018549152,1.0
1.0,0.2857142857142857,0.0,4,14,1000,0.9,165,multiplier,0.0026913000037893653,1.0
1.0,0.07142857142857142,0.0,1,14,1000,0.9,165,exact_bonferroni,0.0010567999997874722,1.0
1.0,0.0,0.0,0,14,1000,0.9,165,hoeffding,0.00035170000046491623,1.0
1.0,0.07142857142857142,0.0,1,14,1000,0.9,165,holm,0.0005594000031123869,
0.0,0.7857142857142857,0.08333333333333333,12,14,1000,0.9,166,pointwise,0.000632199997198768,0.0
1.0,0.35714285714285715,0.0,5,14,1000,0.9,166,normal_bonferroni,0.0006316999933915213,1.0
1.0,0.5714285714285714,0.0,8,14,1000,0.9,166,multiplier,0.0030276000034064054,1.0
1.0,0.35714285714285715,0.0,5,14,1000,0.9,166,exact_bonferroni,0.0008305000010295771,1.0
1.0,0.21428571428571427,0.0,3,14,1000,0.9,166,hoeffding,0.0003518999947118573,1.0
1.0,0.35714285714285715,0.0,5,14,1000,0.9,166,holm,0.0005068999962531962,
1.0,0.35714285714285715,0.0,5,14,1000,0.9,167,pointwise,0.0006804000004194677,1.0
1.0,0.14285714285714285,0.0,2,14,1000,0.9,167,normal_bonferroni,0.000662500002363231,1.0
1.0,0.21428571428571427,0.0,3,14,1000,0.9,167,multiplier,0.0033613999985391274,1.0
1.0,0.14285714285714285,0.0,2,14,1000,0.9,167,exact_bonferroni,0.001000600001134444,1.0
1.0,0.0,0.0,0,14,1000,0.9,167,hoeffding,0.00035290000232635066,1.0
1.0,0.14285714285714285,0.0,2,14,1000,0.9,167,holm,0.00046640000073239207,
1.0,0.5,0.0,7,14,1000,0.9,168,pointwise,0.0007250999988173135,1.0
1.0,0.07142857142857142,0.0,1,14,1000,0.9,168,normal_bonferroni,0.0006234000029508024,1.0
1.0,0.21428571428571427,0.0,3,14,1000,0.9,168,multiplier,0.003230399997846689,1.0
1.0,0.07142857142857142,0.0,1,14,1000,0.9,168,exact_bonferroni,0.00094600000011269,1.0
1.0,0.07142857142857142,0.0,1,14,1000,0.9,168,hoeffding,0.00033709999843267724,1.0
1.0,0.07142857142857142,0.0,1,14,1000,0.9,168,holm,0.00048319999768864363,
1.0,0.42857142857142855,0.0,6,14,1000,0.9,169,pointwise,0.0007846000007702969,1.0
1.0,0.21428571428571427,0.0,3,14,1000,0.9,169,normal_bonferroni,0.00037570000131381676,1.0
1.0,0.42857142857142855,0.0,6,14,1000,0.9,169,multiplier,0.002264299997477792,1.0
1.0,0.21428571428571427,0.0,3,14,1000,0.9,169,exact_bonferroni,0.0010198999952990562,1.0
1.0,0.14285714285714285,0.0,2,14,1000,0.9,169,hoeffding,0.00039250000554602593,1.0
1.0,0.21428571428571427,0.0,3,14,1000,0.9,169,holm,0.0005396999986260198,
1.0,0.42857142857142855,0.0,6,14,1000,0.9,170,pointwise,0.0006523999982164241,1.0
1.0,0.2857142857142857,0.0,4,14,1000,0.9,170,normal_bonferroni,0.0006386000022757798,1.0
1.0,0.35714285714285715,0.0,5,14,1000,0.9,170,multiplier,0.003236199998355005,1.0
1.0,0.21428571428571427,0.0,3,14,1000,0.9,170,exact_bonferroni,0.0009552999981679022,1.0
1.0,0.0,0.0,0,14,1000,0.9,170,hoeffding,0.0003397999971639365,1.0
1.0,0.21428571428571427,0.0,3,14,1000,0.9,170,holm,0.0004771000021719374,
1.0,0.5714285714285714,0.0,8,14,1000,0.9,171,pointwise,0.0006595000013476238,1.0
1.0,0.2857142857142857,0.0,4,14,1000,0.9,171,normal_bonferroni,0.00040070000250125304,1.0
1.0,0.2857142857142857,0.0,4,14,1000,0.9,171,multiplier,0.002814599996781908,1.0
1.0,0.21428571428571427,0.0,3,14,1000,0.9,171,exact_bonferroni,0.0009442000009585172,1.0
1.0,0.14285714285714285,0.0,2,14,1000,0.9,171,hoeffding,0.00032329999521607533,1.0
1.0,0.2857142857142857,0.0,4,14,1000,0.9,171,holm,0.0004780999952345155,
1.0,0.2857142857142857,0.0,4,14,1000,0.9,172,pointwise,0.000647700006084051,1.0
1.0,0.07142857142857142,0.0,1,14,1000,0.9,172,normal_bonferroni,0.0005917999951634556,1.0
1.0,0.14285714285714285,0.0,2,14,1000,0.9,172,multiplier,0.0030203000060282648,1.0
1.0,0.07142857142857142,0.0,1,14,1000,0.9,172,exact_bonferroni,0.0008790000065346248,1.0
1.0,0.07142857142857142,0.0,1,14,1000,0.9,172,hoeffding,0.00030509999487549067,1.0
1.0,0.07142857142857142,0.0,1,14,1000,0.9,172,holm,0.0004307999988668598,
1.0,0.7857142857142857,0.0,11,14,1000,0.9,173,pointwise,0.0006026999981258996,0.0
1.0,0.5714285714285714,0.0,8,14,1000,0.9,173,normal_bonferroni,0.0005929000035393983,1.0
1.0,0.5714285714285714,0.0,8,14,1000,0.9,173,multiplier,0.0030497999978251755,1.0
1.0,0.5714285714285714,0.0,8,14,1000,0.9,173,exact_bonferroni,0.0009086999998544343,1.0
1.0,0.42857142857142855,0.0,6,14,1000,0.9,173,hoeffding,0.00033879999682540074,1.0
1.0,0.5714285714285714,0.0,8,14,1000,0.9,173,holm,0.0005915000001550652,
0.0,0.9285714285714286,0.07142857142857142,14,14,1000,0.9,174,pointwise,0.0005387999990489334,0.0
1.0,0.5,0.0,7,14,1000,0.9,174,normal_bonferroni,0.0005786000037915073,1.0
1.0,0.7142857142857143,0.0,10,14,1000,0.9,174,multiplier,0.003026400001544971,1.0
1.0,0.5,0.0,7,14,1000,0.9,174,exact_bonferroni,0.0008693000054336153,1.0
1.0,0.35714285714285715,0.0,5,14,1000,0.9,174,hoeffding,0.0005780999999842606,1.0
1.0,0.5,0.0,7,14,1000,0.9,174,holm,0.0004126999992877245,
1.0,0.6428571428571429,0.0,9,14,1000,0.9,175,pointwise,0.0004448000036063604,1.0
1.0,0.21428571428571427,0.0,3,14,1000,0.9,175,normal_bonferroni,0.0005864999984623864,1.0
1.0,0.35714285714285715,0.0,5,14,1000,0.9,175,multiplier,0.0031366999974125065,1.0
1.0,0.21428571428571427,0.0,3,14,1000,0.9,175,exact_bonferroni,0.0005719999971915968,1.0
1.0,0.07142857142857142,0.0,1,14,1000,0.9,175,hoeffding,0.0002756000030785799,1.0
1.0,0.21428571428571427,0.0,3,14,1000,0.9,175,holm,0.0005339999988791533,
1.0,0.35714285714285715,0.0,5,14,1000,0.9,176,pointwise,0.0006719999946653843,1.0
1.0,0.21428571428571427,0.0,3,14,1000,0.9,176,normal_bonferroni,0.0006356000012601726,1.0
1.0,0.2857142857142857,0.0,4,14,1000,0.9,176,multiplier,0.003434000005654525,1.0
1.0,0.21428571428571427,0.0,3,14,1000,0.9,176,exact_bonferroni,0.0005747000031988136,1.0
1.0,0.07142857142857142,0.0,1,14,1000,0.9,176,hoeffding,0.00019249999604653567,1.0
1.0,0.21428571428571427,0.0,3,14,1000,0.9,176,holm,0.00029519999952754006,
1.0,0.21428571428571427,0.0,3,14,1000,0.9,177,pointwise,0.0006700000012642704,1.0
1.0,0.14285714285714285,0.0,2,14,1000,0.9,177,normal_bonferroni,0.0006213000015122816,1.0
1.0,0.14285714285714285,0.0,2,14,1000,0.9,177,multiplier,0.0032393000001320615,1.0
1.0,0.14285714285714285,0.0,2,14,1000,0.9,177,exact_bonferroni,0.0008844999974826351,1.0
1.0,0.0,0.0,0,14,1000,0.9,177,hoeffding,0.0006974999996600673,1.0
1.0,0.14285714285714285,0.0,2,14,1000,0.9,177,holm,0.0004907999973511323,
1.0,0.5,0.0,7,14,1000,0.9,178,pointwise,0.0006473999965237454,1.0
1.0,0.2857142857142857,0.0,4,14,1000,0.9,178,normal_bonferroni,0.0010180000026593916,1.0
1.0,0.35714285714285715,0.0,5,14,1000,0.9,178,multiplier,0.0033278000046266243,1.0
1.0,0.2857142857142857,0.0,4,14,1000,0.9,178,exact_bonferroni,0.0009869999994407408,1.0
1.0,0.14285714285714285,0.0,2,14,1000,0.9,178,hoeffding,0.00032839999767020345,1.0
1.0,0.2857142857142857,0.0,4,14,1000,0.9,178,holm,0.0004775000052177347,
1.0,0.35714285714285715,0.0,5,14,1000,0.9,179,pointwise,0.0006614999947487377,1.0
1.0,0.07142857142857142,0.0,1,14,1000,0.9,179,normal_bonferroni,0.0005989999990561046,1.0
1.0,0.14285714285714285,0.0,2,14,1000,0.9,179,multiplier,0.0029505000056815334,1.0
1.0,0.07142857142857142,0.0,1,14,1000,0.9,179,exact_bonferroni,0.0009714999978314154,1.0
1.0,0.0,0.0,0,14,1000,0.9,179,hoeffding,0.00033289999555563554,1.0
1.0,0.07142857142857142,0.0,1,14,1000,0.9,179,holm,0.00044070000149076805,
1.0,0.7857142857142857,0.0,11,14,1000,0.9,180,pointwise,0.00062189999880502,0.0
1.0,0.2857142857142857,0.0,4,14,1000,0.9,180,normal_bonferroni,0.0006151999987196177,1.0
1.0,0.6428571428571429,0.0,9,14,1000,0.9,180,multiplier,0.0030394999994314276,1.0
1.0,0.2857142857142857,0.0,4,14,1000,0.9,180,exact_bonferroni,0.0009017000047606416,1.0
1.0,0.21428571428571427,0.0,3,14,1000,0.9,180,hoeffding,0.0003209999995306134,1.0
1.0,0.2857142857142857,0.0,4,14,1000,0.9,180,holm,0.0004611999975168146,
1.0,0.2857142857142857,0.0,4,14,1000,0.9,181,pointwise,0.0005915000001550652,1.0
1.0,0.2857142857142857,0.0,4,14,1000,0.9,181,normal_bonferroni,0.0005552000002353452,1.0
1.0,0.2857142857142857,0.0,4,14,1000,0.9,181,multiplier,0.003214500000467524,1.0
1.0,0.14285714285714285,0.0,2,14,1000,0.9,181,exact_bonferroni,0.0006635000027017668,1.0
1.0,0.07142857142857142,0.0,1,14,1000,0.9,181,hoeffding,0.0002010000025620684,1.0
1.0,0.14285714285714285,0.0,2,14,1000,0.9,181,holm,0.00031090000265976414,
1.0,0.8571428571428571,0.0,12,14,1000,0.9,182,pointwise,0.000626500004727859,0.0
1.0,0.5,0.0,7,14,1000,0.9,182,normal_bonferroni,0.0006242000017664395,1.0
1.0,0.5714285714285714,0.0,8,14,1000,0.9,182,multiplier,0.003115599996817764,1.0
1.0,0.42857142857142855,0.0,6,14,1000,0.9,182,exact_bonferroni,0.0009094999986700714,1.0
1.0,0.21428571428571427,0.0,3,14,1000,0.9,182,hoeffding,0.00032189999910769984,1.0
1.0,0.5,0.0,7,14,1000,0.9,182,holm,0.000465299999632407,
1.0,0.2857142857142857,0.0,4,14,1000,0.9,183,pointwise,0.0005966000026091933,1.0
1.0,0.14285714285714285,0.0,2,14,1000,0.9,183,normal_bonferroni,0.0005851000023540109,1.0
1.0,0.14285714285714285,0.0,2,14,1000,0.9,183,multiplier,0.003199899998435285,1.0
1.0,0.14285714285714285,0.0,2,14,1000,0.9,183,exact_bonferroni,0.0009400999988429248,1.0
1.0,0.0,0.0,0,14,1000,0.9,183,hoeffding,0.00034389999927952886,1.0
1.0,0.14285714285714285,0.0,2,14,1000,0.9,183,holm,0.00047980000090319663,
1.0,0.2857142857142857,0.0,4,14,1000,0.9,184,pointwise,0.0006310000026132911,1.0
1.0,0.07142857142857142,0.0,1,14,1000,0.9,184,normal_bonferroni,0.0006123999992269091,1.0
1.0,0.14285714285714285,0.0,2,14,1000,0.9,184,multiplier,0.0029533999986597337,1.0
1.0,0.07142857142857142,0.0,1,14,1000,0.9,184,exact_bonferroni,0.0008469999957014807,1.0
1.0,0.0,0.0,0,14,1000,0.9,184,hoeffding,0.0003345000004628673,1.0
1.0,0.07142857142857142,0.0,1,14,1000,0.9,184,holm,0.000447600003099069,
1.0,0.35714285714285715,0.0,5,14,1000,0.9,185,pointwise,0.0006480000010924414,1.0
1.0,0.21428571428571427,0.0,3,14,1000,0.9,185,normal_bonferroni,0.0006089999951655045,1.0
1.0,0.2857142857142857,0.0,4,14,1000,0.9,185,multiplier,0.0030958999996073544,1.0
1.0,0.21428571428571427,0.0,3,14,1000,0.9,185,exact_bonferroni,0.0008863999973982573,1.0
1.0,0.07142857142857142,0.0,1,14,1000,0.9,185,hoeffding,0.0003294000052846968,1.0
1.0,0.21428571428571427,0.0,3,14,1000,0.9,185,holm,0.0005152999947313219,
1.0,0.42857142857142855,0.0,6,14,1000,0.9,186,pointwise,0.0006461000011768192,0.0
1.0,0.2857142857142857,0.0,4,14,1000,0.9,186,normal_bonferroni,0.0005831999951624312,1.0
1.0,0.42857142857142855,0.0,6,14,1000,0.9,186,multiplier,0.0029991999981575646,1.0
1.0,0.2857142857142857,0.0,4,14,1000,0.9,186,exact_bonferroni,0.0008205999984056689,1.0
1.0,0.07142857142857142,0.0,1,14,1000,0.9,186,hoeffding,0.0003068000005441718,1.0
1.0,0.2857142857142857,0.0,4,14,1000,0.9,186,holm,0.00046239999937824905,
1.0,0.2857142857142857,0.0,4,14,1000,0.9,187,pointwise,0.0006921999956830405,1.0
1.0,0.14285714285714285,0.0,2,14,1000,0.9,187,normal_bonferroni,0.0006054000041331165,1.0
1.0,0.14285714285714285,0.0,2,14,1000,0.9,187,multiplier,0.0031899999958113767,1.0
1.0,0.07142857142857142,0.0,1,14,1000,0.9,187,exact_bonferroni,0.0008650000017951243,1.0
1.0,0.07142857142857142,0.0,1,14,1000,0.9,187,hoeffding,0.00030870000045979396,1.0
1.0,0.07142857142857142,0.0,1,14,1000,0.9,187,holm,0.0005081000053905882,
1.0,0.21428571428571427,0.0,3,14,1000,0.9,188,pointwise,0.0006609999982174486,1.0
1.0,0.0,0.0,0,14,1000,0.9,188,normal_bonferroni,0.0005950999984634109,1.0
1.0,0.07142857142857142,0.0,1,14,1000,0.9,188,multiplier,0.00310620000527706,1.0
1.0,0.0,0.0,0,14,1000,0.9,188,exact_bonferroni,0.0009046000050147995,1.0
1.0,0.0,0.0,0,14,1000,0.9,188,hoeffding,0.000319799997669179,1.0
1.0,0.0,0.0,0,14,1000,0.9,188,holm,0.0004611000040313229,
1.0,0.35714285714285715,0.0,5,14,1000,0.9,189,pointwise,0.0006654999961028807,1.0
1.0,0.21428571428571427,0.0,3,14,1000,0.9,189,normal_bonferroni,0.0005922999989707023,1.0
1.0,0.2857142857142857,0.0,4,14,1000,0.9,189,multiplier,0.003041999996639788,1.0
1.0,0.21428571428571427,0.0,3,14,1000,0.9,189,exact_bonferroni,0.0008654000048409216,1.0
1.0,0.0,0.0,0,14,1000,0.9,189,hoeffding,0.0006584000002476387,1.0
1.0,0.21428571428571427,0.0,3,14,1000,0.9,189,holm,0.0004695000025094487,
1.0,0.2857142857142857,0.0,4,14,1000,0.9,190,pointwise,0.0006487000064225867,1.0
1.0,0.07142857142857142,0.0,1,14,1000,0.9,190,normal_bonferroni,0.0006112000046414323,1.0
1.0,0.07142857142857142,0.0,1,14,1000,0.9,190,multiplier,0.003348099999129772,1.0
1.0,0.07142857142857142,0.0,1,14,1000,0.9,190,exact_bonferroni,0.0009351999979116954,1.0
1.0,0.0,0.0,0,14,1000,0.9,190,hoeffding,0.00032810000266181305,1.0
1.0,0.07142857142857142,0.0,1,14,1000,0.9,190,holm,0.0009232000011252239,
1.0,0.8571428571428571,0.0,12,14,1000,0.9,191,pointwise,0.0006855000028735958,0.0
1.0,0.5,0.0,7,14,1000,0.9,191,normal_bonferroni,0.0007572999966214411,1.0
1.0,0.5714285714285714,0.0,8,14,1000,0.9,191,multiplier,0.0031204999977489933,1.0
1.0,0.42857142857142855,0.0,6,14,1000,0.9,191,exact_bonferroni,0.0010608000011416152,1.0
1.0,0.35714285714285715,0.0,5,14,1000,0.9,191,hoeffding,0.0002837000065483153,1.0
1.0,0.5,0.0,7,14,1000,0.9,191,holm,0.0003766000008909032,
1.0,0.5714285714285714,0.0,8,14,1000,0.9,192,pointwise,0.0006788999962736852,1.0
1.0,0.21428571428571427,0.0,3,14,1000,0.9,192,normal_bonferroni,0.0006563999995705672,1.0
1.0,0.21428571428571427,0.0,3,14,1000,0.9,192,multiplier,0.0031707000016467646,1.0
1.0,0.14285714285714285,0.0,2,14,1000,0.9,192,exact_bonferroni,0.0009123999989242293,1.0
1.0,0.14285714285714285,0.0,2,14,1000,0.9,192,hoeffding,0.00032440000359201804,1.0
1.0,0.14285714285714285,0.0,2,14,1000,0.9,192,holm,0.0004597000006469898,
1.0,0.35714285714285715,0.0,5,14,1000,0.9,193,pointwise,0.0006563999995705672,1.0
1.0,0.21428571428571427,0.0,3,14,1000,0.9,193,normal_bonferroni,0.0006023000023560598,1.0
1.0,0.21428571428571427,0.0,3,14,1000,0.9,193,multiplier,0.003135300001304131,1.0
1.0,0.21428571428571427,0.0,3,14,1000,0.9,193,exact_bonferroni,0.0012325999996392056,1.0
1.0,0.14285714285714285,0.0,2,14,1000,0.9,193,hoeffding,0.0007659000038984232,1.0
1.0,0.21428571428571427,0.0,3,14,1000,0.9,193,holm,0.0008222999967983924,
1.0,0.5,0.0,7,14,1000,0.9,194,pointwise,0.0007937999980640598,1.0
1.0,0.21428571428571427,0.0,3,14,1000,0.9,194,normal_bonferroni,0.0006767000013496727,1.0
1.0,0.21428571428571427,0.0,3,14,1000,0.9,194,multiplier,0.004479000002902467,1.0
1.0,0.14285714285714285,0.0,2,14,1000,0.9,194,exact_bonferroni,0.0013431999977910891,1.0
1.0,0.07142857142857142,0.0,1,14,1000,0.9,194,hoeffding,0.0003139000036753714,1.0
1.0,0.21428571428571427,0.0,3,14,1000,0.9,194,holm,0.000567600000067614,
1.0,0.6428571428571429,0.0,9,14,1000,0.9,195,pointwise,0.0008493999994243495,1.0
1.0,0.2857142857142857,0.0,4,14,1000,0.9,195,normal_bonferroni,0.0007733999955235049,1.0
1.0,0.2857142857142857,0.0,4,14,1000,0.9,195,multiplier,0.004002599998784717,1.0
1.0,0.2857142857142857,0.0,4,14,1000,0.9,195,exact_bonferroni,0.0010562999959802255,1.0
1.0,0.14285714285714285,0.0,2,14,1000,0.9,195,hoeffding,0.00036079999699722975,1.0
1.0,0.2857142857142857,0.0,4,14,1000,0.9,195,holm,0.0005238000012468547,
1.0,0.5,0.0,7,14,1000,0.9,196,pointwise,0.0007545000044046901,1.0
1.0,0.21428571428571427,0.0,3,14,1000,0.9,196,normal_bonferroni,0.0006506000063382089,1.0
1.0,0.2857142857142857,0.0,4,14,1000,0.9,196,multiplier,0.0034634999974514358,1.0
1.0,0.14285714285714285,0.0,2,14,1000,0.9,196,exact_bonferroni,0.000981999997748062,1.0
1.0,0.07142857142857142,0.0,1,14,1000,0.9,196,hoeffding,0.0005103000003146008,1.0
1.0,0.21428571428571427,0.0,3,14,1000,0.9,196,holm,0.00038919999497011304,
1.0,0.5,0.0,7,14,1000,0.9,197,pointwise,0.000748499995097518,1.0
1.0,0.21428571428571427,0.0,3,14,1000,0.9,197,normal_bonferroni,0.0006686999986413866,1.0
1.0,0.2857142857142857,0.0,4,14,1000,0.9,197,multiplier,0.003289300002506934,1.0
1.0,0.21428571428571427,0.0,3,14,1000,0.9,197,exact_bonferroni,0.0009839000049396418,1.0
1.0,0.07142857142857142,0.0,1,14,1000,0.9,197,hoeffding,0.00035570000181905925,1.0
1.0,0.21428571428571427,0.0,3,14,1000,0.9,197,holm,0.0005110999991302378,
1.0,0.14285714285714285,0.0,2,14,1000,0.9,198,pointwise,0.0006720000019413419,1.0
1.0,0.07142857142857142,0.0,1,14,1000,0.9,198,normal_bonferroni,0.0006590000048163347,1.0
1.0,0.14285714285714285,0.0,2,14,1000,0.9,198,multiplier,0.0032370999979320914,1.0
1.0,0.07142857142857142,0.0,1,14,1000,0.9,198,exact_bonferroni,0.0009260000006179325,1.0
1.0,0.0,0.0,0,14,1000,0.9,198,hoeffding,0.0003319999959785491,1.0
1.0,0.07142857142857142,0.0,1,14,1000,0.9,198,holm,0.00047730000369483605,
1.0,0.9285714285714286,0.0,13,14,1000,0.9,199,pointwise,0.0006573999999091029,0.0
1.0,0.6428571428571429,0.0,9,14,1000,0.9,199,normal_bonferroni,0.000650199996016454,1.0
1.0,0.6428571428571429,0.0,9,14,1000,0.9,199,multiplier,0.0032630000059725717,1.0
1.0,0.5714285714285714,0.0,8,14,1000,0.9,199,exact_bonferroni,0.0009444000024814159,1.0
1.0,0.2857142857142857,0.0,4,14,1000,0.9,199,hoeffding,0.0003434999962337315,1.0
1.0,0.6428571428571429,0.0,9,14,1000,0.9,199,holm,0.00047679999988758937,
1.0,0.21428571428571427,0.0,3,14,1000,0.9,200,pointwise,0.0006216999972821213,1.0
1.0,0.07142857142857142,0.0,1,14,1000,0.9,200,normal_bonferroni,0.0006162999998196028,1.0
1.0,0.21428571428571427,0.0,3,14,1000,0.9,200,multiplier,0.002967000000353437,1.0
1.0,0.07142857142857142,0.0,1,14,1000,0.9,200,exact_bonferroni,0.0009533999982522801,1.0
1.0,0.07142857142857142,0.0,1,14,1000,0.9,200,hoeffding,0.0003175000019837171,1.0
1.0,0.07142857142857142,0.0,1,14,1000,0.9,200,holm,0.0004426000014063902,
1.0,0.35714285714285715,0.0,5,14,1000,0.9,201,pointwise,0.0006276999993133359,1.0
1.0,0.21428571428571427,0.0,3,14,1000,0.9,201,normal_bonferroni,0.0005833000031998381,1.0
1.0,0.35714285714285715,0.0,5,14,1000,0.9,201,multiplier,0.003095799998845905,1.0
1.0,0.21428571428571427,0.0,3,14,1000,0.9,201,exact_bonferroni,0.0008634999976493418,1.0
1.0,0.14285714285714285,0.0,2,14,1000,0.9,201,hoeffding,0.00046149999980116263,1.0
1.0,0.21428571428571427,0.0,3,14,1000,0.9,201,holm,0.000465299999632407,
1.0,0.7857142857142857,0.0,11,14,1000,0.9,202,pointwise,0.0005902999982936308,1.0
1.0,0.42857142857142855,0.0,6,14,1000,0.9,202,normal_bonferroni,0.0005582000012509525,1.0
1.0,0.5714285714285714,0.0,8,14,1000,0.9,202,multiplier,0.0029008999990765005,1.0
1.0,0.42857142857142855,0.0,6,14,1000,0.9,202,exact_bonferroni,0.0008199000003514811,1.0
1.0,0.21428571428571427,0.0,3,14,1000,0.9,202,hoeffding,0.00030730000435141847,1.0
1.0,0.42857142857142855,0.0,6,14,1000,0.9,202,holm,0.0008191000015358441,
1.0,0.5714285714285714,0.0,8,14,1000,0.9,203,pointwise,0.0007076999972923659,1.0
1.0,0.14285714285714285,0.0,2,14,1000,0.9,203,normal_bonferroni,0.0006018999993102625,1.0
1.0,0.2857142857142857,0.0,4,14,1000,0.9,203,multiplier,0.0032113000052049756,1.0
1.0,0.14285714285714285,0.0,2,14,1000,0.9,203,exact_bonferroni,0.0008796000038273633,1.0
1.0,0.14285714285714285,0.0,2,14,1000,0.9,203,hoeffding,0.00034130000130971894,1.0
1.0,0.14285714285714285,0.0,2,14,1000,0.9,203,holm,0.00047539999650325626,
1.0,0.7142857142857143,0.0,10,14,1000,0.9,204,pointwise,0.0005931999985477887,1.0
1.0,0.2857142857142857,0.0,4,14,1000,0.9,204,normal_bonferroni,0.0005605999976978637,1.0
1.0,0.35714285714285715,0.0,5,14,1000,0.9,204,multiplier,0.0030001999984961003,1.0
1.0,0.2857142857142857,0.0,4,14,1000,0.9,204,exact_bonferroni,0.0009135000000242144,1.0
1.0,0.14285714285714285,0.0,2,14,1000,0.9,204,hoeffding,0.00034159999631810933,1.0
1.0,0.2857142857142857,0.0,4,14,1000,0.9,204,holm,0.0005322999932104722,
1.0,0.5714285714285714,0.0,8,14,1000,0.9,205,pointwise,0.0007471999997505918,0.0
1.0,0.21428571428571427,0.0,3,14,1000,0.9,205,normal_bonferroni,0.0006422000005841255,1.0
1.0,0.21428571428571427,0.0,3,14,1000,0.9,205,multiplier,0.00394139999843901,1.0
1.0,0.21428571428571427,0.0,3,14,1000,0.9,205,exact_bonferroni,0.0009838999976636842,1.0
1.0,0.14285714285714285,0.0,2,14,1000,0.9,205,hoeffding,0.0003339000031701289,1.0
1.0,0.21428571428571427,0.0,3,14,1000,0.9,205,holm,0.0004841999980271794,
1.0,1.0,0.0,14,14,1000,0.9,206,pointwise,0.0006547999946633354,0.0
1.0,0.5714285714285714,0.0,8,14,1000,0.9,206,normal_bonferroni,0.0006374000004143454,1.0
1.0,0.6428571428571429,0.0,9,14,1000,0.9,206,multiplier,0.004033199998957571,1.0
1.0,0.5,0.0,7,14,1000,0.9,206,exact_bonferroni,0.0014217999996617436,1.0
1.0,0.42857142857142855,0.0,6,14,1000,0.9,206,hoeffding,0.0004195000001345761,1.0
1.0,0.5714285714285714,0.0,8,14,1000,0.9,206,holm,0.0005262999984552152,
1.0,0.7142857142857143,0.0,10,14,1000,0.9,207,pointwise,0.0007072000007610768,0.0
1.0,0.42857142857142855,0.0,6,14,1000,0.9,207,normal_bonferroni,0.0006614000012632459,1.0
1.0,0.42857142857142855,0.0,6,14,1000,0.9,207,multiplier,0.0035428999981377274,1.0
1.0,0.42857142857142855,0.0,6,14,1000,0.9,207,exact_bonferroni,0.000832799996715039,1.0
1.0,0.35714285714285715,0.0,5,14,1000,0.9,207,hoeffding,0.0003693000035127625,1.0
1.0,0.42857142857142855,0.0,6,14,1000,0.9,207,holm,0.0005050999970990233,
1.0,0.35714285714285715,0.0,5,14,1000,0.9,208,pointwise,0.0006567000018549152,1.0
1.0,0.14285714285714285,0.0,2,14,1000,0.9,208,normal_bonferroni,0.0006195000023581088,1.0
1.0,0.21428571428571427,0.0,3,14,1000,0.9,208,multiplier,0.002495299995644018,1.0
1.0,0.07142857142857142,0.0,1,14,1000,0.9,208,exact_bonferroni,0.0009432000006199814,1.0
1.0,0.0,0.0,0,14,1000,0.9,208,hoeffding,0.00032929999724728987,1.0
1.0,0.07142857142857142,0.0,1,14,1000,0.9,208,holm,0.0002784999960567802,
1.0,0.7142857142857143,0.0,10,14,1000,0.9,209,pointwise,0.0006365999943227507,0.0
1.0,0.42857142857142855,0.0,6,14,1000,0.9,209,normal_bonferroni,0.0005903000055695884,1.0
1.0,0.5,0.0,7,14,1000,0.9,209,multiplier,0.003683499999169726,1.0
1.0,0.35714285714285715,0.0,5,14,1000,0.9,209,exact_bonferroni,0.0010379000013926998,1.0
1.0,0.2857142857142857,0.0,4,14,1000,0.9,209,hoeffding,0.00035599999682744965,1.0
1.0,0.35714285714285715,0.0,5,14,1000,0.9,209,holm,0.0005123000009916723,
1.0,0.8571428571428571,0.0,12,14,1000,0.9,210,pointwise,0.0006339999963529408,0.0
1.0,0.5,0.0,7,14,1000,0.9,210,normal_bonferroni,0.0006166000021039508,1.0
1.0,0.7857142857142857,0.0,11,14,1000,0.9,210,multiplier,0.002791400002024602,1.0
1.0,0.35714285714285715,0.0,5,14,1000,0.9,210,exact_bonferroni,0.0006353999997372739,1.0
1.0,0.2857142857142857,0.0,4,14,1000,0.9,210,hoeffding,0.00019590000010794029,1.0
1.0,0.35714285714285715,0.0,5,14,1000,0.9,210,holm,0.0002913999996962957,
1.0,0.7857142857142857,0.0,11,14,1000,0.9,211,pointwise,0.0007624999998370185,0.0
1.0,0.5,0.0,7,14,1000,0.9,211,normal_bonferroni,0.0006311999968602322,1.0
1.0,0.5714285714285714,0.0,8,14,1000,0.9,211,multiplier,0.003373500003363006,1.0
1.0,0.42857142857142855,0.0,6,14,1000,0.9,211,exact_bonferroni,0.0009055999980773777,1.0
1.0,0.2857142857142857,0.0,4,14,1000,0.9,211,hoeffding,0.0003212000010535121,1.0
1.0,0.5,0.0,7,14,1000,0.9,211,holm,0.00047340000310214236,
1.0,0.5714285714285714,0.0,8,14,1000,0.9,212,pointwise,0.0006529000020236708,1.0
1.0,0.2857142857142857,0.0,4,14,1000,0.9,212,normal_bonferroni,0.0005919000032008626,1.0
1.0,0.42857142857142855,0.0,6,14,1000,0.9,212,multiplier,0.003074599997489713,1.0
1.0,0.2857142857142857,0.0,4,14,1000,0.9,212,exact_bonferroni,0.0012266999983694404,1.0
1.0,0.14285714285714285,0.0,2,14,1000,0.9,212,hoeffding,0.0004470999992918223,1.0
1.0,0.2857142857142857,0.0,4,14,1000,0.9,212,holm,0.0007652999993297271,
1.0,0.6428571428571429,0.0,9,14,1000,0.9,213,pointwise,0.00045200000022305176,1.0
1.0,0.2857142857142857,0.0,4,14,1000,0.9,213,normal_bonferroni,0.0004422999991220422,1.0
1.0,0.2857142857142857,0.0,4,14,1000,0.9,213,multiplier,0.0030655000009573996,1.0
1.0,0.2857142857142857,0.0,4,14,1000,0.9,213,exact_bonferroni,0.0009175000013783574,1.0
1.0,0.14285714285714285,0.0,2,14,1000,0.9,213,hoeffding,0.00032669999927747995,1.0
1.0,0.2857142857142857,0.0,4,14,1000,0.9,213,holm,0.0004625000001396984,
1.0,0.42857142857142855,0.0,6,14,1000,0.9,214,pointwise,0.0006128999957581982,1.0
1.0,0.14285714285714285,0.0,2,14,1000,0.9,214,normal_bonferroni,0.0005611000015051104,1.0
1.0,0.2857142857142857,0.0,4,14,1000,0.9,214,multiplier,0.0028165000039734878,1.0
1.0,0.14285714285714285,0.0,2,14,1000,0.9,214,exact_bonferroni,0.0006837999972049147,1.0
1.0,0.07142857142857142,0.0,1,14,1000,0.9,214,hoeffding,0.00030469999910565093,1.0
1.0,0.14285714285714285,0.0,2,14,1000,0.9,214,holm,0.0004611999975168146,
1.0,0.42857142857142855,0.0,6,14,1000,0.9,215,pointwise,0.000628499998128973,1.0
1.0,0.14285714285714285,0.0,2,14,1000,0.9,215,normal_bonferroni,0.0005779000057373196,1.0
1.0,0.21428571428571427,0.0,3,14,1000,0.9,215,multiplier,0.0028942999997525476,1.0
1.0,0.14285714285714285,0.0,2,14,1000,0.9,215,exact_bonferroni,0.0008392000017920509,1.0
1.0,0.0,0.0,0,14,1000,0.9,215,hoeffding,0.00032130000181496143,1.0
1.0,0.14285714285714285,0.0,2,14,1000,0.9,215,holm,0.00043310000182827935,
1.0,0.5,0.0,7,14,1000,0.9,216,pointwise,0.0005793000018456951,1.0
1.0,0.2857142857142857,0.0,4,14,1000,0.9,216,normal_bonferroni,0.0007702000002609566,1.0
1.0,0.2857142857142857,0.0,4,14,1000,0.9,216,multiplier,0.0030981000018073246,1.0
1.0,0.2857142857142857,0.0,4,14,1000,0.9,216,exact_bonferroni,0.0009686000048532151,1.0
1.0,0.07142857142857142,0.0,1,14,1000,0.9,216,hoeffding,0.0003521999969962053,1.0
1.0,0.2857142857142857,0.0,4,14,1000,0.9,216,holm,0.000866300004418008,
1.0,0.2857142857142857,0.0,4,14,1000,0.9,217,pointwise,0.0007417999950121157,1.0
1.0,0.14285714285714285,0.0,2,14,1000,0.9,217,normal_bonferroni,0.0006355000004987232,1.0
1.0,0.21428571428571427,0.0,3,14,1000,0.9,217,multiplier,0.002484500000718981,1.0
1.0,0.07142857142857142,0.0,1,14,1000,0.9,217,exact_bonferroni,0.0009454999963054433,1.0
1.0,0.0,0.0,0,14,1000,0.9,217,hoeffding,0.00033689999690977857,1.0
1.0,0.07142857142857142,0.0,1,14,1000,0.9,217,holm,0.0005237000004854053,
1.0,0.8571428571428571,0.0,12,14,1000,0.9,218,pointwise,0.0003878999996231869,0.0
1.0,0.35714285714285715,0.0,5,14,1000,0.9,218,normal_bonferroni,0.0005520999984582886,1.0
1.0,0.5,0.0,7,14,1000,0.9,218,multiplier,0.0032018000056268647,1.0
1.0,0.35714285714285715,0.0,5,14,1000,0.9,218,exact_bonferroni,0.001465900000766851,1.0
1.0,0.21428571428571427,0.0,3,14,1000,0.9,218,hoeffding,0.00034610000147949904,1.0
1.0,0.35714285714285715,0.0,5,14,1000,0.9,218,holm,0.0005027999941376038,
1.0,0.6428571428571429,0.0,9,14,1000,0.9,219,pointwise,0.0006703000035486184,1.0
1.0,0.21428571428571427,0.0,3,14,1000,0.9,219,normal_bonferroni,0.0006088000009185635,1.0
1.0,0.21428571428571427,0.0,3,14,1000,0.9,219,multiplier,0.0032071999958134256,1.0
1.0,0.14285714285714285,0.0,2,14,1000,0.9,219,exact_bonferroni,0.0006217999980435707,1.0
1.0,0.14285714285714285,0.0,2,14,1000,0.9,219,hoeffding,0.00021079999714856967,1.0
1.0,0.21428571428571427,0.0,3,14,1000,0.9,219,holm,0.0002899999963119626,
1.0,0.7142857142857143,0.0,10,14,1000,0.9,220,pointwise,0.0006551999977091327,0.0
1.0,0.5,0.0,7,14,1000,0.9,220,normal_bonferroni,0.0006121000042185187,1.0
1.0,0.6428571428571429,0.0,9,14,1000,0.9,220,multiplier,0.003425700000661891,1.0
1.0,0.42857142857142855,0.0,6,14,1000,0.9,220,exact_bonferroni,0.0010098999991896562,1.0
1.0,0.2857142857142857,0.0,4,14,1000,0.9,220,hoeffding,0.00034410000080242753,1.0
1.0,0.5,0.0,7,14,1000,0.9,220,holm,0.0004534999970928766,
1.0,0.5,0.0,7,14,1000,0.9,221,pointwise,0.0006350999974529259,1.0
1.0,0.35714285714285715,0.0,5,14,1000,0.9,221,normal_bonferroni,0.0005941999988863245,1.0
1.0,0.42857142857142855,0.0,6,14,1000,0.9,221,multiplier,0.003259299999626819,1.0
1.0,0.35714285714285715,0.0,5,14,1000,0.9,221,exact_bonferroni,0.0008975000018835999,1.0
1.0,0.14285714285714285,0.0,2,14,1000,0.9,221,hoeffding,0.0003358000030857511,1.0
1.0,0.35714285714285715,0.0,5,14,1000,0.9,221,holm,0.0004989000008208677,
1.0,0.42857142857142855,0.0,6,14,1000,0.9,222,pointwise,0.0006260000009206124,1.0
1.0,0.21428571428571427,0.0,3,14,1000,0.9,222,normal_bonferroni,0.0005824000036227517,1.0
1.0,0.21428571428571427,0.0,3,14,1000,0.9,222,multiplier,0.0033621999973547645,1.0
1.0,0.14285714285714285,0.0,2,14,1000,0.9,222,exact_bonferroni,0.0009491999953752384,1.0
1.0,0.0,0.0,0,14,1000,0.9,222,hoeffding,0.00033370000164723024,1.0
1.0,0.21428571428571427,0.0,3,14,1000,0.9,222,holm,0.0005055000001448207,
1.0,0.14285714285714285,0.0,2,14,1000,0.9,223,pointwise,0.0006586000017705373,1.0
1.0,0.07142857142857142,0.0,1,14,1000,0.9,223,normal_bonferroni,0.0005989999990561046,1.0
1.0,0.07142857142857142,0.0,1,14,1000,0.9,223,multiplier,0.0030960000003688037,1.0
1.0,0.0,0.0,0,14,1000,0.9,223,exact_bonferroni,0.000887700000021141,1.0
1.0,0.0,0.0,0,14,1000,0.9,223,hoeffding,0.0003280000019003637,1.0
1.0,0.0,0.0,0,14,1000,0.9,223,holm,0.0005248999950708821,
1.0,0.7857142857142857,0.0,11,14,1000,0.9,224,pointwise,0.0006718000004184432,0.0
1.0,0.5714285714285714,0.0,8,14,1000,0.9,224,normal_bonferroni,0.0005946999954176135,1.0
1.0,0.6428571428571429,0.0,9,14,1000,0.9,224,multiplier,0.004299799998989329,1.0
1.0,0.5,0.0,7,14,1000,0.9,224,exact_bonferroni,0.0010660999978426844,1.0
1.0,0.2857142857142857,0.0,4,14,1000,0.9,224,hoeffding,0.0003541999976732768,1.0
1.0,0.5714285714285714,0.0,8,14,1000,0.9,224,holm,0.0005488999959197827,
1.0,0.14285714285714285,0.0,2,14,1000,0.9,225,pointwise,0.0006551999977091327,1.0
1.0,0.14285714285714285,0.0,2,14,1000,0.9,225,normal_bonferroni,0.0006034000034560449,1.0
1.0,0.14285714285714285,0.0,2,14,1000,0.9,225,multiplier,0.003175600002577994,1.0
1.0,0.14285714285714285,0.0,2,14,1000,0.9,225,exact_bonferroni,0.0009467000054428354,1.0
1.0,0.0,0.0,0,14,1000,0.9,225,hoeffding,0.0003504999986034818,1.0
1.0,0.14285714285714285,0.0,2,14,1000,0.9,225,holm,0.0005033000052208081,
1.0,0.5714285714285714,0.0,8,14,1000,0.9,226,pointwise,0.0006515999994007871,1.0
1.0,0.21428571428571427,0.0,3,14,1000,0.9,226,normal_bonferroni,0.0006556000007549301,1.0
1.0,0.2857142857142857,0.0,4,14,1000,0.9,226,multiplier,0.0032525999995414168,1.0
1.0,0.14285714285714285,0.0,2,14,1000,0.9,226,exact_bonferroni,0.0009314999988419004,1.0
1.0,0.14285714285714285,0.0,2,14,1000,0.9,226,hoeffding,0.0003502999970805831,1.0
1.0,0.21428571428571427,0.0,3,14,1000,0.9,226,holm,0.000473000000056345,
1.0,0.5714285714285714,0.0,8,14,1000,0.9,227,pointwise,0.0006319000021903776,0.0
1.0,0.42857142857142855,0.0,6,14,1000,0.9,227,normal_bonferroni,0.000592500000493601,1.0
1.0,0.42857142857142855,0.0,6,14,1000,0.9,227,multiplier,0.0029664999965461902,1.0
1.0,0.42857142857142855,0.0,6,14,1000,0.9,227,exact_bonferroni,0.0008281000045826659,1.0
1.0,0.2857142857142857,0.0,4,14,1000,0.9,227,hoeffding,0.0003121999980066903,1.0
1.0,0.42857142857142855,0.0,6,14,1000,0.9,227,holm,0.0006643000015174039,
1.0,0.7142857142857143,0.0,10,14,1000,0.9,228,pointwise,0.0007993000035639852,0.0
1.0,0.42857142857142855,0.0,6,14,1000,0.9,228,normal_bonferroni,0.0009288000001106411,1.0
1.0,0.6428571428571429,0.0,9,14,1000,0.9,228,multiplier,0.0030335000046761706,1.0
1.0,0.42857142857142855,0.0,6,14,1000,0.9,228,exact_bonferroni,0.0008683999985805713,1.0
1.0,0.35714285714285715,0.0,5,14,1000,0.9,228,hoeffding,0.0003099000023212284,1.0
1.0,0.42857142857142855,0.0,6,14,1000,0.9,228,holm,0.0004619999963324517,
1.0,0.5,0.0,7,14,1000,0.9,229,pointwise,0.0006007999982102774,1.0
1.0,0.21428571428571427,0.0,3,14,1000,0.9,229,normal_bonferroni,0.0005345000026864,1.0
1.0,0.35714285714285715,0.0,5,14,1000,0.9,229,multiplier,0.003026599995791912,1.0
1.0,0.21428571428571427,0.0,3,14,1000,0.9,229,exact_bonferroni,0.0008305000010295771,1.0
1.0,0.14285714285714285,0.0,2,14,1000,0.9,229,hoeffding,0.00032130000181496143,1.0
1.0,0.21428571428571427,0.0,3,14,1000,0.9,229,holm,0.0004426000014063902,
1.0,0.5714285714285714,0.0,8,14,1000,0.9,230,pointwise,0.0003589999978430569,1.0
1.0,0.35714285714285715,0.0,5,14,1000,0.9,230,normal_bonferroni,0.00033409999741706997,1.0
1.0,0.35714285714285715,0.0,5,14,1000,0.9,230,multiplier,0.0027773999972851016,1.0
1.0,0.35714285714285715,0.0,5,14,1000,0.9,230,exact_bonferroni,0.0013031999988015741,1.0
1.0,0.14285714285714285,0.0,2,14,1000,0.9,230,hoeffding,0.0002765000026556663,1.0
1.0,0.35714285714285715,0.0,5,14,1000,0.9,230,holm,0.00036109999928157777,
1.0,0.5,0.0,7,14,1000,0.9,231,pointwise,0.00048149999929592013,1.0
1.0,0.14285714285714285,0.0,2,14,1000,0.9,231,normal_bonferroni,0.0006561999980476685,1.0
1.0,0.2857142857142857,0.0,4,14,1000,0.9,231,multiplier,0.0027963000029558316,1.0
1.0,0.14285714285714285,0.0,2,14,1000,0.9,231,exact_bonferroni,0.0008076999947661534,1.0
1.0,0.07142857142857142,0.0,1,14,1000,0.9,231,hoeffding,0.00034360000427113846,1.0
1.0,0.14285714285714285,0.0,2,14,1000,0.9,231,holm,0.000523599999723956,
1.0,0.6428571428571429,0.0,9,14,1000,0.9,232,pointwise,0.0006227000048966147,1.0
1.0,0.2857142857142857,0.0,4,14,1000,0.9,232,normal_bonferroni,0.0007538999998359941,1.0
1.0,0.42857142857142855,0.0,6,14,1000,0.9,232,multiplier,0.0024616000009700656,1.0
1.0,0.2857142857142857,0.0,4,14,1000,0.9,232,exact_bonferroni,0.0010546999983489513,1.0
1.0,0.14285714285714285,0.0,2,14,1000,0.9,232,hoeffding,0.0001934000028995797,1.0
1.0,0.2857142857142857,0.0,4,14,1000,0.9,232,holm,0.00028110000130254775,
1.0,0.5714285714285714,0.0,8,14,1000,0.9,233,pointwise,0.0006456999981310219,1.0
1.0,0.2857142857142857,0.0,4,14,1000,0.9,233,normal_bonferroni,0.0006006999974488281,1.0
1.0,0.35714285714285715,0.0,5,14,1000,0.9,233,multiplier,0.0030045000021345913,1.0
1.0,0.21428571428571427,0.0,3,14,1000,0.9,233,exact_bonferroni,0.0009213000012096018,1.0
1.0,0.14285714285714285,0.0,2,14,1000,0.9,233,hoeffding,0.00032730000384617597,1.0
1.0,0.21428571428571427,0.0,3,14,1000,0.9,233,holm,0.0004698999982792884,
0.0,0.7857142857142857,0.08333333333333333,12,14,1000,0.9,234,pointwise,0.0005955000015092082,0.0
1.0,0.42857142857142855,0.0,6,14,1000,0.9,234,normal_bonferroni,0.000556999999389518,1.0
1.0,0.6428571428571429,0.0,9,14,1000,0.9,234,multiplier,0.003023199999006465,1.0
1.0,0.42857142857142855,0.0,6,14,1000,0.9,234,exact_bonferroni,0.0008963000000221655,1.0
1.0,0.2857142857142857,0.0,4,14,1000,0.9,234,hoeffding,0.00029229999927338213,1.0
1.0,0.42857142857142855,0.0,6,14,1000,0.9,234,holm,0.0005154000027687289,
1.0,0.42857142857142855,0.0,6,14,1000,0.9,235,pointwise,0.0006367000023601577,1.0
1.0,0.2857142857142857,0.0,4,14,1000,0.9,235,normal_bonferroni,0.0003721999964909628,1.0
1.0,0.2857142857142857,0.0,4,14,1000,0.9,235,multiplier,0.0028741999994963408,1.0
1.0,0.2857142857142857,0.0,4,14,1000,0.9,235,exact_bonferroni,0.00091229999816278,1.0
1.0,0.21428571428571427,0.0,3,14,1000,0.9,235,hoeffding,0.00032440000359201804,1.0
1.0,0.2857142857142857,0.0,4,14,1000,0.9,235,holm,0.0004973999966750853,
1.0,0.42857142857142855,0.0,6,14,1000,0.9,236,pointwise,0.0006114999996498227,1.0
1.0,0.21428571428571427,0.0,3,14,1000,0.9,236,normal_bonferroni,0.0007285000028787181,1.0
1.0,0.2857142857142857,0.0,4,14,1000,0.9,236,multiplier,0.00293989999772748,1.0
1.0,0.21428571428571427,0.0,3,14,1000,0.9,236,exact_bonferroni,0.0008362000007764436,1.0
1.0,0.14285714285714285,0.0,2,14,1000,0.9,236,hoeffding,0.0003088000012212433,1.0
1.0,0.21428571428571427,0.0,3,14,1000,0.9,236,holm,0.0004345999986981042,
1.0,0.35714285714285715,0.0,5,14,1000,0.9,237,pointwise,0.0006611999997403473,1.0
1.0,0.21428571428571427,0.0,3,14,1000,0.9,237,normal_bonferroni,0.000647299995762296,1.0
1.0,0.21428571428571427,0.0,3,14,1000,0.9,237,multiplier,0.003174500001478009,1.0
1.0,0.21428571428571427,0.0,3,14,1000,0.9,237,exact_bonferroni,0.0009425999960512854,1.0
1.0,0.14285714285714285,0.0,2,14,1000,0.9,237,hoeffding,0.00032929999724728987,1.0
1.0,0.21428571428571427,0.0,3,14,1000,0.9,237,holm,0.0004883000001427718,
1.0,0.42857142857142855,0.0,6,14,1000,0.9,238,pointwise,0.0005919000032008626,1.0
1.0,0.14285714285714285,0.0,2,14,1000,0.9,238,normal_bonferroni,0.000559899999643676,1.0
1.0,0.21428571428571427,0.0,3,14,1000,0.9,238,multiplier,0.002952300004835706,1.0
1.0,0.14285714285714285,0.0,2,14,1000,0.9,238,exact_bonferroni,0.0008488000021316111,1.0
1.0,0.0,0.0,0,14,1000,0.9,238,hoeffding,0.00033350000012433156,1.0
1.0,0.14285714285714285,0.0,2,14,1000,0.9,238,holm,0.00044579999666893855,
1.0,0.6428571428571429,0.0,9,14,1000,0.9,239,pointwise,0.0004628999959095381,0.0
1.0,0.35714285714285715,0.0,5,14,1000,0.9,239,normal_bonferroni,0.0005893999987165444,1.0
1.0,0.42857142857142855,0.0,6,14,1000,0.9,239,multiplier,0.0031780999997863546,1.0
1.0,0.35714285714285715,0.0,5,14,1000,0.9,239,exact_bonferroni,0.0009370999978273176,1.0
1.0,0.14285714285714285,0.0,2,14,1000,0.9,239,hoeffding,0.0003321000040159561,1.0
1.0,0.35714285714285715,0.0,5,14,1000,0.9,239,holm,0.00048129999777302146,
1.0,0.42857142857142855,0.0,6,14,1000,0.9,240,pointwise,0.0007216000012704171,1.0
1.0,0.21428571428571427,0.0,3,14,1000,0.9,240,normal_bonferroni,0.0006117000011727214,1.0
1.0,0.35714285714285715,0.0,5,14,1000,0.9,240,multiplier,0.0030526999980793335,1.0
1.0,0.21428571428571427,0.0,3,14,1000,0.9,240,exact_bonferroni,0.0008834999971440993,1.0
1.0,0.07142857142857142,0.0,1,14,1000,0.9,240,hoeffding,0.0003536000003805384,1.0
1.0,0.21428571428571427,0.0,3,14,1000,0.9,240,holm,0.000469600003270898,
1.0,0.7142857142857143,0.0,10,14,1000,0.9,241,pointwise,0.0006339999963529408,0.0
1.0,0.5,0.0,7,14,1000,0.9,241,normal_bonferroni,0.0005787000045529567,1.0
1.0,0.5,0.0,7,14,1000,0.9,241,multiplier,0.0029892999955336563,1.0
1.0,0.5,0.0,7,14,1000,0.9,241,exact_bonferroni,0.0008463000049232505,1.0
1.0,0.21428571428571427,0.0,3,14,1000,0.9,241,hoeffding,0.0003074999985983595,1.0
1.0,0.5,0.0,7,14,1000,0.9,241,holm,0.00046629999997094274,
1.0,0.14285714285714285,0.0,2,14,1000,0.9,242,pointwise,0.0006044999972800724,1.0
1.0,0.14285714285714285,0.0,2,14,1000,0.9,242,normal_bonferroni,0.00034979999327333644,1.0
1.0,0.14285714285714285,0.0,2,14,1000,0.9,242,multiplier,0.0022849000015412457,1.0
1.0,0.14285714285714285,0.0,2,14,1000,0.9,242,exact_bonferroni,0.0009131999977398664,1.0
1.0,0.07142857142857142,0.0,1,14,1000,0.9,242,hoeffding,0.0003141999986837618,1.0
1.0,0.14285714285714285,0.0,2,14,1000,0.9,242,holm,0.000447600003099069,
1.0,0.35714285714285715,0.0,5,14,1000,0.9,243,pointwise,0.000567299997783266,1.0
1.0,0.07142857142857142,0.0,1,14,1000,0.9,243,normal_bonferroni,0.0005856999996467493,1.0
1.0,0.14285714285714285,0.0,2,14,1000,0.9,243,multiplier,0.003384900002856739,1.0
1.0,0.07142857142857142,0.0,1,14,1000,0.9,243,exact_bonferroni,0.0010706999964895658,1.0
1.0,0.0,0.0,0,14,1000,0.9,243,hoeffding,0.0003636999972513877,1.0
1.0,0.07142857142857142,0.0,1,14,1000,0.9,243,holm,0.0008260999966296367,
1.0,0.7142857142857143,0.0,10,14,1000,0.9,244,pointwise,0.0005721000052290037,0.0
1.0,0.35714285714285715,0.0,5,14,1000,0.9,244,normal_bonferroni,0.0006297999934758991,1.0
1.0,0.42857142857142855,0.0,6,14,1000,0.9,244,multiplier,0.003205399996659253,1.0
1.0,0.21428571428571427,0.0,3,14,1000,0.9,244,exact_bonferroni,0.000923999999940861,1.0
1.0,0.21428571428571427,0.0,3,14,1000,0.9,244,hoeffding,0.00032389999978477135,1.0
1.0,0.21428571428571427,0.0,3,14,1000,0.9,244,holm,0.000469600003270898,
1.0,0.5714285714285714,0.0,8,14,1000,0.9,245,pointwise,0.0008115000018733554,1.0
1.0,0.2857142857142857,0.0,4,14,1000,0.9,245,normal_bonferroni,0.0005906000005779788,1.0
1.0,0.35714285714285715,0.0,5,14,1000,0.9,245,multiplier,0.003141599998343736,1.0
1.0,0.21428571428571427,0.0,3,14,1000,0.9,245,exact_bonferroni,0.0005405999982031062,1.0
1.0,0.14285714285714285,0.0,2,14,1000,0.9,245,hoeffding,0.00019869999960064888,1.0
1.0,0.2857142857142857,0.0,4,14,1000,0.9,245,holm,0.0004602000044542365,
0.0,0.7857142857142857,0.08333333333333333,12,14,1000,0.9,246,pointwise,0.0006319000021903776,0.0
1.0,0.5714285714285714,0.0,8,14,1000,0.9,246,normal_bonferroni,0.0006084999986342154,1.0
1.0,0.6428571428571429,0.0,9,14,1000,0.9,246,multiplier,0.0029672999953618273,1.0
1.0,0.5714285714285714,0.0,8,14,1000,0.9,246,exact_bonferroni,0.0008455000061076134,1.0
1.0,0.2857142857142857,0.0,4,14,1000,0.9,246,hoeffding,0.00030530000367434695,1.0
1.0,0.5714285714285714,0.0,8,14,1000,0.9,246,holm,0.00045590000081574544,
1.0,0.7857142857142857,0.0,11,14,1000,0.9,247,pointwise,0.0005842999962624162,0.0
1.0,0.2857142857142857,0.0,4,14,1000,0.9,247,normal_bonferroni,0.0005334000015864149,1.0
1.0,0.42857142857142855,0.0,6,14,1000,0.9,247,multiplier,0.003202100000635255,1.0
1.0,0.2857142857142857,0.0,4,14,1000,0.9,247,exact_bonferroni,0.0009047999992617406,1.0
1.0,0.14285714285714285,0.0,2,14,1000,0.9,247,hoeffding,0.0003195999961462803,1.0
1.0,0.2857142857142857,0.0,4,14,1000,0.9,247,holm,0.0004867999959969893,
1.0,0.6428571428571429,0.0,9,14,1000,0.9,248,pointwise,0.000676499999826774,0.0
1.0,0.42857142857142855,0.0,6,14,1000,0.9,248,normal_bonferroni,0.0005982000002404675,1.0
1.0,0.5,0.0,7,14,1000,0.9,248,multiplier,0.003241799997340422,1.0
1.0,0.42857142857142855,0.0,6,14,1000,0.9,248,exact_bonferroni,0.0009263000029022805,1.0
1.0,0.35714285714285715,0.0,5,14,1000,0.9,248,hoeffding,0.0003203000014764257,1.0
1.0,0.42857142857142855,0.0,6,14,1000,0.9,248,holm,0.0004957999990438111,
1.0,0.42857142857142855,0.0,6,14,1000,0.9,249,pointwise,0.0006849999990663491,1.0
1.0,0.35714285714285715,0.0,5,14,1000,0.9,249,normal_bonferroni,0.0006140999976196326,1.0
1.0,0.35714285714285715,0.0,5,14,1000,0.9,249,multiplier,0.0037121999994269572,1.0
1.0,0.2857142857142857,0.0,4,14,1000,0.9,249,exact_bonferroni,0.0010953000019071624,1.0
1.0,0.07142857142857142,0.0,1,14,1000,0.9,249,hoeffding,0.00033540000003995374,1.0
1.0,0.35714285714285715,0.0,5,14,1000,0.9,249,holm,0.00031090000265976414,
1.0,0.21428571428571427,0.0,3,14,1000,0.9,250,pointwise,0.0006607999966945499,1.0
1.0,0.21428571428571427,0.0,3,14,1000,0.9,250,normal_bonferroni,0.0006215000030351803,1.0
1.0,0.21428571428571427,0.0,3,14,1000,0.9,250,multiplier,0.0032829999981913716,1.0
1.0,0.21428571428571427,0.0,3,14,1000,0.9,250,exact_bonferroni,0.0013146999990567565,1.0
1.0,0.07142857142857142,0.0,1,14,1000,0.9,250,hoeffding,0.00039450000622309744,1.0
1.0,0.21428571428571427,0.0,3,14,1000,0.9,250,holm,0.0005070999977760948,
1.0,0.35714285714285715,0.0,5,14,1000,0.9,251,pointwise,0.0007083000018610619,1.0
1.0,0.21428571428571427,0.0,3,14,1000,0.9,251,normal_bonferroni,0.0006012000012560748,1.0
1.0,0.2857142857142857,0.0,4,14,1000,0.9,251,multiplier,0.003697700005432125,1.0
1.0,0.21428571428571427,0.0,3,14,1000,0.9,251,exact_bonferroni,0.0009857999975793064,1.0
1.0,0.07142857142857142,0.0,1,14,1000,0.9,251,hoeffding,0.000331300005200319,1.0
1.0,0.21428571428571427,0.0,3,14,1000,0.9,251,holm,0.00046270000166259706,
1.0,0.21428571428571427,0.0,3,14,1000,0.9,252,pointwise,0.0006719999946653843,1.0
1.0,0.07142857142857142,0.0,1,14,1000,0.9,252,normal_bonferroni,0.0006831000064266846,1.0
1.0,0.07142857142857142,0.0,1,14,1000,0.9,252,multiplier,0.0025000000023283064,1.0
1.0,0.07142857142857142,0.0,1,14,1000,0.9,252,exact_bonferroni,0.000938299999688752,1.0
1.0,0.07142857142857142,0.0,1,14,1000,0.9,252,hoeffding,0.00036240000190446153,1.0
1.0,0.07142857142857142,0.0,1,14,1000,0.9,252,holm,0.0004700999998021871,
1.0,0.7857142857142857,0.0,11,14,1000,0.9,253,pointwise,0.0006271000020205975,0.0
1.0,0.42857142857142855,0.0,6,14,1000,0.9,253,normal_bonferroni,0.0005946999954176135,1.0
1.0,0.42857142857142855,0.0,6,14,1000,0.9,253,multiplier,0.0030655999944428913,1.0
1.0,0.42857142857142855,0.0,6,14,1000,0.9,253,exact_bonferroni,0.0008441000027232803,1.0
1.0,0.14285714285714285,0.0,2,14,1000,0.9,253,hoeffding,0.00030590000096708536,1.0
1.0,0.42857142857142855,0.0,6,14,1000,0.9,253,holm,0.0004789000013261102,
1.0,0.6428571428571429,0.0,9,14,1000,0.9,254,pointwise,0.0007550000009359792,1.0
1.0,0.2857142857142857,0.0,4,14,1000,0.9,254,normal_bonferroni,0.0006095999997342005,1.0
1.0,0.35714285714285715,0.0,5,14,1000,0.9,254,multiplier,0.0032697999995434657,1.0
1.0,0.2857142857142857,0.0,4,14,1000,0.9,254,exact_bonferroni,0.000913399999262765,1.0
1.0,0.07142857142857142,0.0,1,14,1000,0.9,254,hoeffding,0.00032500000088475645,1.0
1.0,0.2857142857142857,0.0,4,14,1000,0.9,254,holm,0.00048719999904278666,
1.0,0.7142857142857143,0.0,10,14,1000,0.9,255,pointwise,0.0010216000009677373,1.0
1.0,0.35714285714285715,0.0,5,14,1000,0.9,255,normal_bonferroni,0.0006632000004174188,1.0
1.0,0.5714285714285714,0.0,8,14,1000,0.9,255,multiplier,0.003446099995926488,1.0
1.0,0.35714285714285715,0.0,5,14,1000,0.9,255,exact_bonferroni,0.001415600003383588,1.0
1.0,0.35714285714285715,0.0,5,14,1000,0.9,255,hoeffding,0.0004621999978553504,1.0
1.0,0.35714285714285715,0.0,5,14,1000,0.9,255,holm,0.0006626000031246804,
1.0,0.42857142857142855,0.0,6,14,1000,0.9,256,pointwise,0.0009319000018876977,1.0
1.0,0.21428571428571427,0.0,3,14,1000,0.9,256,normal_bonferroni,0.0008451999965473078,1.0
1.0,0.2857142857142857,0.0,4,14,1000,0.9,256,multiplier,0.004242299997713417,1.0
1.0,0.21428571428571427,0.0,3,14,1000,0.9,256,exact_bonferroni,0.0010525000034249388,1.0
1.0,0.14285714285714285,0.0,2,14,1000,0.9,256,hoeffding,0.0006698999932268634,1.0
1.0,0.21428571428571427,0.0,3,14,1000,0.9,256,holm,0.0007441999987349845,
1.0,0.42857142857142855,0.0,6,14,1000,0.9,257,pointwise,0.0011374000023351982,1.0
1.0,0.14285714285714285,0.0,2,14,1000,0.9,257,normal_bonferroni,0.0010840000031748787,1.0
1.0,0.21428571428571427,0.0,3,14,1000,0.9,257,multiplier,0.004092399998626206,1.0
1.0,0.14285714285714285,0.0,2,14,1000,0.9,257,exact_bonferroni,0.0010857000015676022,1.0
1.0,0.07142857142857142,0.0,1,14,1000,0.9,257,hoeffding,0.0003834000017377548,1.0
1.0,0.14285714285714285,0.0,2,14,1000,0.9,257,holm,0.0005490000039571896,
1.0,0.5714285714285714,0.0,8,14,1000,0.9,258,pointwise,0.0010089999996125698,1.0
1.0,0.2857142857142857,0.0,4,14,1000,0.9,258,normal_bonferroni,0.0007088999991538003,1.0
1.0,0.2857142857142857,0.0,4,14,1000,0.9,258,multiplier,0.0035789999965345487,1.0
1.0,0.2857142857142857,0.0,4,14,1000,0.9,258,exact_bonferroni,0.0010437999953865074,1.0
1.0,0.07142857142857142,0.0,1,14,1000,0.9,258,hoeffding,0.0003660000002128072,1.0
1.0,0.2857142857142857,0.0,4,14,1000,0.9,258,holm,0.0005361000003176741,
1.0,0.14285714285714285,0.0,2,14,1000,0.9,259,pointwise,0.0006792999993194826,1.0
1.0,0.14285714285714285,0.0,2,14,1000,0.9,259,normal_bonferroni,0.000672199996188283,1.0
1.0,0.14285714285714285,0.0,2,14,1000,0.9,259,multiplier,0.00329730000521522,1.0
1.0,0.14285714285714285,0.0,2,14,1000,0.9,259,exact_bonferroni,0.0009948000006261282,1.0
1.0,0.0,0.0,0,14,1000,0.9,259,hoeffding,0.0003589000043575652,1.0
1.0,0.14285714285714285,0.0,2,14,1000,0.9,259,holm,0.0005216999998083338,
1.0,0.35714285714285715,0.0,5,14,1000,0.9,260,pointwise,0.0007041999997454695,1.0
1.0,0.21428571428571427,0.0,3,14,1000,0.9,260,normal_bonferroni,0.0006966000000829808,1.0
1.0,0.2857142857142857,0.0,4,14,1000,0.9,260,multiplier,0.003437899998971261,1.0
1.0,0.14285714285714285,0.0,2,14,1000,0.9,260,exact_bonferroni,0.0009209999989252537,1.0
1.0,0.07142857142857142,0.0,1,14,1000,0.9,260,hoeffding,0.0003388999975868501,1.0
1.0,0.14285714285714285,0.0,2,14,1000,0.9,260,holm,0.00048129999777302146,
1.0,0.35714285714285715,0.0,5,14,1000,0.9,261,pointwise,0.00040359999547945336,1.0
1.0,0.07142857142857142,0.0,1,14,1000,0.9,261,normal_bonferroni,0.0003453999961493537,1.0
1.0,0.14285714285714285,0.0,2,14,1000,0.9,261,multiplier,0.0027098999998997897,1.0
1.0,0.07142857142857142,0.0,1,14,1000,0.9,261,exact_bonferroni,0.0010897000029217452,1.0
1.0,0.07142857142857142,0.0,1,14,1000,0.9,261,hoeffding,0.0003645000033429824,1.0
1.0,0.07142857142857142,0.0,1,14,1000,0.9,261,holm,0.0005182999957469292,
1.0,0.6428571428571429,0.0,9,14,1000,0.9,262,pointwise,0.000625599997874815,1.0
1.0,0.2857142857142857,0.0,4,14,1000,0.9,262,normal_bonferroni,0.0006290000019362196,1.0
1.0,0.2857142857142857,0.0,4,14,1000,0.9,262,multiplier,0.00306060000002617,1.0
1.0,0.2857142857142857,0.0,4,14,1000,0.9,262,exact_bonferroni,0.0008563000010326505,1.0
1.0,0.14285714285714285,0.0,2,14,1000,0.9,262,hoeffding,0.0003355000008014031,1.0
1.0,0.2857142857142857,0.0,4,14,1000,0.9,262,holm,0.0004985999985365197,
1.0,0.5,0.0,7,14,1000,0.9,263,pointwise,0.0006472000022768043,1.0
1.0,0.35714285714285715,0.0,5,14,1000,0.9,263,normal_bonferroni,0.0006060000014258549,1.0
1.0,0.35714285714285715,0.0,5,14,1000,0.9,263,multiplier,0.0030680999989272095,1.0
1.0,0.35714285714285715,0.0,5,14,1000,0.9,263,exact_bonferroni,0.0009270000009564683,1.0
1.0,0.07142857142857142,0.0,1,14,1000,0.9,263,hoeffding,0.00032869999995455146,1.0
1.0,0.35714285714285715,0.0,5,14,1000,0.9,263,holm,0.00045539999700849876,
1.0,0.6428571428571429,0.0,9,14,1000,0.9,264,pointwise,0.0006791999985580333,1.0
1.0,0.2857142857142857,0.0,4,14,1000,0.9,264,normal_bonferroni,0.0006623000008403324,1.0
1.0,0.2857142857142857,0.0,4,14,1000,0.9,264,multiplier,0.003338499998790212,1.0
1.0,0.2857142857142857,0.0,4,14,1000,0.9,264,exact_bonferroni,0.0009495999984210357,1.0
1.0,0.21428571428571427,0.0,3,14,1000,0.9,264,hoeffding,0.0003386000025784597,1.0
1.0,0.2857142857142857,0.0,4,14,1000,0.9,264,holm,0.0005184000037843361,
1.0,0.8571428571428571,0.0,12,14,1000,0.9,265,pointwise,0.0006890000004204921,0.0
1.0,0.5,0.0,7,14,1000,0.9,265,normal_bonferroni,0.0006353999997372739,1.0
1.0,0.5,0.0,7,14,1000,0.9,265,multiplier,0.00323729999945499,1.0
1.0,0.42857142857142855,0.0,6,14,1000,0.9,265,exact_bonferroni,0.0009445999967283569,1.0
1.0,0.35714285714285715,0.0,5,14,1000,0.9,265,hoeffding,0.00034440000308677554,1.0
1.0,0.5,0.0,7,14,1000,0.9,265,holm,0.0005288000029395334,
1.0,0.42857142857142855,0.0,6,14,1000,0.9,266,pointwise,0.0007041999997454695,1.0
1.0,0.2857142857142857,0.0,4,14,1000,0.9,266,normal_bonferroni,0.0006496000059996732,1.0
1.0,0.2857142857142857,0.0,4,14,1000,0.9,266,multiplier,0.0032751000035204925,1.0
1.0,0.2857142857142857,0.0,4,14,1000,0.9,266,exact_bonferroni,0.0009457999985897914,1.0
1.0,0.07142857142857142,0.0,1,14,1000,0.9,266,hoeffding,0.00033819999953266233,1.0
1.0,0.2857142857142857,0.0,4,14,1000,0.9,266,holm,0.0005090999984531663,
1.0,0.5,0.0,7,14,1000,0.9,267,pointwise,0.0006217000045580789,1.0
1.0,0.2857142857142857,0.0,4,14,1000,0.9,267,normal_bonferroni,0.0006061999956727959,1.0
1.0,0.35714285714285715,0.0,5,14,1000,0.9,267,multiplier,0.0030694000015500933,1.0
1.0,0.2857142857142857,0.0,4,14,1000,0.9,267,exact_bonferroni,0.0010275999957229942,1.0
1.0,0.07142857142857142,0.0,1,14,1000,0.9,267,hoeffding,0.0003536000003805384,1.0
1.0,0.2857142857142857,0.0,4,14,1000,0.9,267,holm,0.000513600003614556,
1.0,0.7857142857142857,0.0,11,14,1000,0.9,268,pointwise,0.0006843000010121614,0.0
1.0,0.42857142857142855,0.0,6,14,1000,0.9,268,normal_bonferroni,0.0006444999962695874,1.0
1.0,0.5714285714285714,0.0,8,14,1000,0.9,268,multiplier,0.0032934000046225265,1.0
1.0,0.42857142857142855,0.0,6,14,1000,0.9,268,exact_bonferroni,0.0009348000021418557,1.0
1.0,0.21428571428571427,0.0,3,14,1000,0.9,268,hoeffding,0.00033830000029411167,1.0
1.0,0.42857142857142855,0.0,6,14,1000,0.9,268,holm,0.0005050000036135316,
1.0,0.42857142857142855,0.0,6,14,1000,0.9,269,pointwise,0.0008468000014545396,1.0
1.0,0.14285714285714285,0.0,2,14,1000,0.9,269,normal_bonferroni,0.0006092999974498525,1.0
1.0,0.21428571428571427,0.0,3,14,1000,0.9,269,multiplier,0.004090000002179295,1.0
1.0,0.14285714285714285,0.0,2,14,1000,0.9,269,exact_bonferroni,0.0012174000003142282,1.0
1.0,0.07142857142857142,0.0,1,14,1000,0.9,269,hoeffding,0.0009369000035803765,1.0
1.0,0.14285714285714285,0.0,2,14,1000,0.9,269,holm,0.0005674999993061647,
1.0,0.07142857142857142,0.0,1,14,1000,0.9,270,pointwise,0.0006845999960205518,1.0
1.0,0.0,0.0,0,14,1000,0.9,270,normal_bonferroni,0.0006542999981320463,1.0
1.0,0.0,0.0,0,14,1000,0.9,270,multiplier,0.0032237000050372444,1.0
1.0,0.0,0.0,0,14,1000,0.9,270,exact_bonferroni,0.000942900005611591,1.0
1.0,0.0,0.0,0,14,1000,0.9,270,hoeffding,0.0006526999932248145,1.0
1.0,0.0,0.0,0,14,1000,0.9,270,holm,0.0005997000043862499,
1.0,0.5,0.0,7,14,1000,0.9,271,pointwise,0.0006883000023663044,1.0
1.0,0.21428571428571427,0.0,3,14,1000,0.9,271,normal_bonferroni,0.0006594000005861744,1.0
1.0,0.21428571428571427,0.0,3,14,1000,0.9,271,multiplier,0.002981900004670024,1.0
1.0,0.21428571428571427,0.0,3,14,1000,0.9,271,exact_bonferroni,0.0005873999980394728,1.0
1.0,0.07142857142857142,0.0,1,14,1000,0.9,271,hoeffding,0.0001866000020527281,1.0
1.0,0.21428571428571427,0.0,3,14,1000,0.9,271,holm,0.0005604000034509227,
1.0,0.5714285714285714,0.0,8,14,1000,0.9,272,pointwise,0.0006806000019423664,1.0
1.0,0.35714285714285715,0.0,5,14,1000,0.9,272,normal_bonferroni,0.000632999996014405,1.0
1.0,0.35714285714285715,0.0,5,14,1000,0.9,272,multiplier,0.0034127000035368837,1.0
1.0,0.35714285714285715,0.0,5,14,1000,0.9,272,exact_bonferroni,0.0009628000043448992,1.0
1.0,0.21428571428571427,0.0,3,14,1000,0.9,272,hoeffding,0.00034219999361084774,1.0
1.0,0.35714285714285715,0.0,5,14,1000,0.9,272,holm,0.0004920999999740161,
1.0,0.8571428571428571,0.0,12,14,1000,0.9,273,pointwise,0.0006265999982133508,0.0
1.0,0.5,0.0,7,14,1000,0.9,273,normal_bonferroni,0.0005881000033696182,1.0
1.0,0.5714285714285714,0.0,8,14,1000,0.9,273,multiplier,0.0036151999956928194,1.0
1.0,0.5,0.0,7,14,1000,0.9,273,exact_bonferroni,0.0010385999994468875,1.0
1.0,0.35714285714285715,0.0,5,14,1000,0.9,273,hoeffding,0.0003515999997034669,1.0
1.0,0.5,0.0,7,14,1000,0.9,273,holm,0.0005213999975239858,
1.0,0.35714285714285715,0.0,5,14,1000,0.9,274,pointwise,0.0007110999940778129,1.0
1.0,0.21428571428571427,0.0,3,14,1000,0.9,274,normal_bonferroni,0.0006224000026122667,1.0
1.0,0.2857142857142857,0.0,4,14,1000,0.9,274,multiplier,0.003205000000889413,1.0
1.0,0.21428571428571427,0.0,3,14,1000,0.9,274,exact_bonferroni,0.0009133000057772733,1.0
1.0,0.14285714285714285,0.0,2,14,1000,0.9,274,hoeffding,0.0003214999960619025,1.0
1.0,0.21428571428571427,0.0,3,14,1000,0.9,274,holm,0.00046600000496255234,
1.0,0.35714285714285715,0.0,5,14,1000,0.9,275,pointwise,0.0006610999989788979,1.0
1.0,0.07142857142857142,0.0,1,14,1000,0.9,275,normal_bonferroni,0.0006343999993987381,1.0
1.0,0.14285714285714285,0.0,2,14,1000,0.9,275,multiplier,0.0030881999991834164,1.0
1.0,0.07142857142857142,0.0,1,14,1000,0.9,275,exact_bonferroni,0.000982100005785469,1.0
1.0,0.07142857142857142,0.0,1,14,1000,0.9,275,hoeffding,0.0003445000038482249,1.0
1.0,0.07142857142857142,0.0,1,14,1000,0.9,275,holm,0.0004990000015823171,
1.0,0.5,0.0,7,14,1000,0.9,276,pointwise,0.0006528000012622215,1.0
1.0,0.21428571428571427,0.0,3,14,1000,0.9,276,normal_bonferroni,0.0006566999945789576,1.0
1.0,0.21428571428571427,0.0,3,14,1000,0.9,276,multiplier,0.0030329000001074746,1.0
1.0,0.14285714285714285,0.0,2,14,1000,0.9,276,exact_bonferroni,0.0009004000021377578,1.0
1.0,0.14285714285714285,0.0,2,14,1000,0.9,276,hoeffding,0.000323499996738974,1.0
1.0,0.14285714285714285,0.0,2,14,1000,0.9,276,holm,0.0004574999984470196,
1.0,0.42857142857142855,0.0,6,14,1000,0.9,277,pointwise,0.0006128999957581982,1.0
1.0,0.14285714285714285,0.0,2,14,1000,0.9,277,normal_bonferroni,0.0006060999949113466,1.0
1.0,0.2857142857142857,0.0,4,14,1000,0.9,277,multiplier,0.0034914999996544793,1.0
1.0,0.14285714285714285,0.0,2,14,1000,0.9,277,exact_bonferroni,0.0010216000009677373,1.0
1.0,0.0,0.0,0,14,1000,0.9,277,hoeffding,0.0003811999995377846,1.0
1.0,0.14285714285714285,0.0,2,14,1000,0.9,277,holm,0.0005213000040384941,
0.0,0.7857142857142857,0.08333333333333333,12,14,1000,0.9,278,pointwise,0.0006388999972841702,0.0
1.0,0.5714285714285714,0.0,8,14,1000,0.9,278,normal_bonferroni,0.0005902999982936308,1.0
1.0,0.7142857142857143,0.0,10,14,1000,0.9,278,multiplier,0.0030368000007001683,1.0
1.0,0.5714285714285714,0.0,8,14,1000,0.9,278,exact_bonferroni,0.0008556000029784627,1.0
1.0,0.42857142857142855,0.0,6,14,1000,0.9,278,hoeffding,0.0003084999989368953,1.0
1.0,0.5714285714285714,0.0,8,14,1000,0.9,278,holm,0.0004695000025094487,
1.0,0.6428571428571429,0.0,9,14,1000,0.9,279,pointwise,0.0006184000012581237,0.0
1.0,0.42857142857142855,0.0,6,14,1000,0.9,279,normal_bonferroni,0.0005811000009998679,1.0
1.0,0.5,0.0,7,14,1000,0.9,279,multiplier,0.0030996999994385988,1.0
1.0,0.42857142857142855,0.0,6,14,1000,0.9,279,exact_bonferroni,0.0008712999988347292,1.0
1.0,0.14285714285714285,0.0,2,14,1000,0.9,279,hoeffding,0.0003265999985160306,1.0
1.0,0.42857142857142855,0.0,6,14,1000,0.9,279,holm,0.0004969999936292879,
0.0,0.7857142857142857,0.08333333333333333,12,14,1000,0.9,280,pointwise,0.0006560999972862191,0.0
1.0,0.5714285714285714,0.0,8,14,1000,0.9,280,normal_bonferroni,0.0005789999995613471,1.0
1.0,0.5714285714285714,0.0,8,14,1000,0.9,280,multiplier,0.002872700002626516,0.0
1.0,0.5,0.0,7,14,1000,0.9,280,exact_bonferroni,0.0008746999956201762,1.0
1.0,0.35714285714285715,0.0,5,14,1000,0.9,280,hoeffding,0.00040979999903356656,1.0
1.0,0.5714285714285714,0.0,8,14,1000,0.9,280,holm,0.0003981000045314431,
1.0,0.5,0.0,7,14,1000,0.9,281,pointwise,0.0006901000015204772,1.0
1.0,0.21428571428571427,0.0,3,14,1000,0.9,281,normal_bonferroni,0.0006242999952519313,1.0
1.0,0.35714285714285715,0.0,5,14,1000,0.9,281,multiplier,0.003214000003936235,1.0
1.0,0.21428571428571427,0.0,3,14,1000,0.9,281,exact_bonferroni,0.000909399997908622,1.0
1.0,0.07142857142857142,0.0,1,14,1000,0.9,281,hoeffding,0.00032729999657021835,1.0
1.0,0.21428571428571427,0.0,3,14,1000,0.9,281,holm,0.0004887000031885691,
1.0,0.21428571428571427,0.0,3,14,1000,0.9,282,pointwise,0.0006219999995664693,1.0
1.0,0.0,0.0,0,14,1000,0.9,282,normal_bonferroni,0.0006050000010873191,1.0
1.0,0.07142857142857142,0.0,1,14,1000,0.9,282,multiplier,0.0029777000017929822,1.0
1.0,0.0,0.0,0,14,1000,0.9,282,exact_bonferroni,0.0008611999946879223,1.0
1.0,0.0,0.0,0,14,1000,0.9,282,hoeffding,0.00032720000308472663,1.0
1.0,0.0,0.0,0,14,1000,0.9,282,holm,0.00046209999709390104,
1.0,0.7857142857142857,0.0,11,14,1000,0.9,283,pointwise,0.0004306999981054105,0.0
1.0,0.2857142857142857,0.0,4,14,1000,0.9,283,normal_bonferroni,0.00037680000241380185,1.0
1.0,0.42857142857142855,0.0,6,14,1000,0.9,283,multiplier,0.002725799997278955,1.0
1.0,0.2857142857142857,0.0,4,14,1000,0.9,283,exact_bonferroni,0.0009073999972315505,1.0
1.0,0.14285714285714285,0.0,2,14,1000,0.9,283,hoeffding,0.00032359999750042334,1.0
1.0,0.2857142857142857,0.0,4,14,1000,0.9,283,holm,0.0004681999998865649,
1.0,0.35714285714285715,0.0,5,14,1000,0.9,284,pointwise,0.0006407000037143007,1.0
1.0,0.14285714285714285,0.0,2,14,1000,0.9,284,normal_bonferroni,0.0008957999962149188,1.0
1.0,0.21428571428571427,0.0,3,14,1000,0.9,284,multiplier,0.002140299999155104,1.0
1.0,0.14285714285714285,0.0,2,14,1000,0.9,284,exact_bonferroni,0.0009404000011272728,1.0
1.0,0.07142857142857142,0.0,1,14,1000,0.9,284,hoeffding,0.000319499995384831,1.0
1.0,0.14285714285714285,0.0,2,14,1000,0.9,284,holm,0.0004825000069104135,
1.0,0.14285714285714285,0.0,2,14,1000,0.9,285,pointwise,0.0007215999939944595,1.0
1.0,0.0,0.0,0,14,1000,0.9,285,normal_bonferroni,0.0006099000020185485,1.0
1.0,0.0,0.0,0,14,1000,0.9,285,multiplier,0.0031095000013010576,1.0
1.0,0.0,0.0,0,14,1000,0.9,285,exact_bonferroni,0.000894299999345094,1.0
1.0,0.0,0.0,0,14,1000,0.9,285,hoeffding,0.0003110999969067052,1.0
1.0,0.0,0.0,0,14,1000,0.9,285,holm,0.0004430999979376793,
1.0,0.35714285714285715,0.0,5,14,1000,0.9,286,pointwise,0.0007236000019474886,1.0
1.0,0.07142857142857142,0.0,1,14,1000,0.9,286,normal_bonferroni,0.0006425000028684735,1.0
1.0,0.14285714285714285,0.0,2,14,1000,0.9,286,multiplier,0.003384600000572391,1.0
1.0,0.07142857142857142,0.0,1,14,1000,0.9,286,exact_bonferroni,0.0009719000008772127,1.0
1.0,0.07142857142857142,0.0,1,14,1000,0.9,286,hoeffding,0.0003406999967410229,1.0
1.0,0.07142857142857142,0.0,1,14,1000,0.9,286,holm,0.001361300004646182,
1.0,0.35714285714285715,0.0,5,14,1000,0.9,287,pointwise,0.0006976000004215166,1.0
1.0,0.2857142857142857,0.0,4,14,1000,0.9,287,normal_bonferroni,0.0006367000023601577,1.0
1.0,0.2857142857142857,0.0,4,14,1000,0.9,287,multiplier,0.003458799998043105,1.0
1.0,0.2857142857142857,0.0,4,14,1000,0.9,287,exact_bonferroni,0.000986100007139612,1.0
1.0,0.07142857142857142,0.0,1,14,1000,0.9,287,hoeffding,0.00036019999970449135,1.0
1.0,0.2857142857142857,0.0,4,14,1000,0.9,287,holm,0.0005273000060697086,
1.0,0.42857142857142855,0.0,6,14,1000,0.9,288,pointwise,0.0006604000009247102,1.0
1.0,0.14285714285714285,0.0,2,14,1000,0.9,288,normal_bonferroni,0.0006122999984654598,1.0
1.0,0.2857142857142857,0.0,4,14,1000,0.9,288,multiplier,0.003106700001808349,1.0
1.0,0.14285714285714285,0.0,2,14,1000,0.9,288,exact_bonferroni,0.0010309999997843988,1.0
1.0,0.07142857142857142,0.0,1,14,1000,0.9,288,hoeffding,0.0004084999964106828,1.0
1.0,0.14285714285714285,0.0,2,14,1000,0.9,288,holm,0.0005563000013353303,
1.0,0.21428571428571427,0.0,3,14,1000,0.9,289,pointwise,0.000760499999159947,1.0
1.0,0.07142857142857142,0.0,1,14,1000,0.9,289,normal_bonferroni,0.0006450000000768341,1.0
1.0,0.21428571428571427,0.0,3,14,1000,0.9,289,multiplier,0.0036887000023853034,1.0
1.0,0.07142857142857142,0.0,1,14,1000,0.9,289,exact_bonferroni,0.0009552999981679022,1.0
1.0,0.0,0.0,0,14,1000,0.9,289,hoeffding,0.00019749999773921445,1.0
1.0,0.07142857142857142,0.0,1,14,1000,0.9,289,holm,0.00030339999648276716,
1.0,0.35714285714285715,0.0,5,14,1000,0.9,290,pointwise,0.000659100005577784,1.0
1.0,0.14285714285714285,0.0,2,14,1000,0.9,290,normal_bonferroni,0.0006384000007528812,1.0
1.0,0.14285714285714285,0.0,2,14,1000,0.9,290,multiplier,0.004109500005142763,1.0
1.0,0.14285714285714285,0.0,2,14,1000,0.9,290,exact_bonferroni,0.0009596000018063933,1.0
1.0,0.14285714285714285,0.0,2,14,1000,0.9,290,hoeffding,0.0002266000010422431,1.0
1.0,0.14285714285714285,0.0,2,14,1000,0.9,290,holm,0.00031070000113686547,
1.0,0.6428571428571429,0.0,9,14,1000,0.9,291,pointwise,0.0004346999994595535,0.0
1.0,0.21428571428571427,0.0,3,14,1000,0.9,291,normal_bonferroni,0.0003542000049492344,1.0
1.0,0.2857142857142857,0.0,4,14,1000,0.9,291,multiplier,0.002960099998745136,1.0
1.0,0.14285714285714285,0.0,2,14,1000,0.9,291,exact_bonferroni,0.0009533999982522801,1.0
1.0,0.07142857142857142,0.0,1,14,1000,0.9,291,hoeffding,0.0003452000019024126,1.0
1.0,0.21428571428571427,0.0,3,14,1000,0.9,291,holm,0.0010924000016530044,
1.0,0.35714285714285715,0.0,5,14,1000,0.9,292,pointwise,0.0004728999992948957,1.0
1.0,0.2857142857142857,0.0,4,14,1000,0.9,292,normal_bonferroni,0.0006244999967748299,1.0
1.0,0.2857142857142857,0.0,4,14,1000,0.9,292,multiplier,0.0037976000021444634,1.0
1.0,0.2857142857142857,0.0,4,14,1000,0.9,292,exact_bonferroni,0.0010678000035113655,1.0
1.0,0.07142857142857142,0.0,1,14,1000,0.9,292,hoeffding,0.00038409999979194254,1.0
1.0,0.2857142857142857,0.0,4,14,1000,0.9,292,holm,0.0005257000011624768,
1.0,0.6428571428571429,0.0,9,14,1000,0.9,293,pointwise,0.0007287000044016168,1.0
1.0,0.42857142857142855,0.0,6,14,1000,0.9,293,normal_bonferroni,0.0006912000026204623,1.0
1.0,0.6428571428571429,0.0,9,14,1000,0.9,293,multiplier,0.0032617999968351796,1.0
1.0,0.2857142857142857,0.0,4,14,1000,0.9,293,exact_bonferroni,0.0009452999947825447,1.0
1.0,0.21428571428571427,0.0,3,14,1000,0.9,293,hoeffding,0.0005519000042113476,1.0
1.0,0.35714285714285715,0.0,5,14,1000,0.9,293,holm,0.0006312000041361898,
1.0,0.5,0.0,7,14,1000,0.9,294,pointwise,0.0006935999990673736,1.0
1.0,0.2857142857142857,0.0,4,14,1000,0.9,294,normal_bonferroni,0.000639599995338358,1.0
1.0,0.2857142857142857,0.0,4,14,1000,0.9,294,multiplier,0.0034596000041346997,1.0
1.0,0.21428571428571427,0.0,3,14,1000,0.9,294,exact_bonferroni,0.0011260000028414652,1.0
1.0,0.14285714285714285,0.0,2,14,1000,0.9,294,hoeffding,0.0003915000052074902,1.0
1.0,0.21428571428571427,0.0,3,14,1000,0.9,294,holm,0.0005565999963437207,
1.0,0.2857142857142857,0.0,4,14,1000,0.9,295,pointwise,0.0007620999967912212,1.0
1.0,0.14285714285714285,0.0,2,14,1000,0.9,295,normal_bonferroni,0.0006674000032944605,1.0
1.0,0.21428571428571427,0.0,3,14,1000,0.9,295,multiplier,0.0035486999986460432,1.0
1.0,0.14285714285714285,0.0,2,14,1000,0.9,295,exact_bonferroni,0.0009996000007959083,1.0
1.0,0.0,0.0,0,14,1000,0.9,295,hoeffding,0.0003732000041054562,1.0
1.0,0.14285714285714285,0.0,2,14,1000,0.9,295,holm,0.0005740999986301176,
1.0,0.5714285714285714,0.0,8,14,1000,0.9,296,pointwise,0.0006943999978830107,0.0
1.0,0.35714285714285715,0.0,5,14,1000,0.9,296,normal_bonferroni,0.0006480000010924414,1.0
1.0,0.35714285714285715,0.0,5,14,1000,0.9,296,multiplier,0.00329730000521522,1.0
1.0,0.35714285714285715,0.0,5,14,1000,0.9,296,exact_bonferroni,0.0009232000011252239,1.0
1.0,0.21428571428571427,0.0,3,14,1000,0.9,296,hoeffding,0.0003369000041857362,1.0
1.0,0.35714285714285715,0.0,5,14,1000,0.9,296,holm,0.0005157999985385686,
0.0,1.0,0.06666666666666667,15,14,1000,0.9,297,pointwise,0.0006659999999101274,0.0
1.0,0.5714285714285714,0.0,8,14,1000,0.9,297,normal_bonferroni,0.0006236999979591928,0.0
1.0,0.7142857142857143,0.0,10,14,1000,0.9,297,multiplier,0.003230500005884096,0.0
1.0,0.5714285714285714,0.0,8,14,1000,0.9,297,exact_bonferroni,0.000884300003235694,0.0
1.0,0.42857142857142855,0.0,6,14,1000,0.9,297,hoeffding,0.000320099999953527,1.0
1.0,0.5714285714285714,0.0,8,14,1000,0.9,297,holm,0.0004908999981125817,
1.0,0.42857142857142855,0.0,6,14,1000,0.9,298,pointwise,0.0006332000048132613,1.0
1.0,0.35714285714285715,0.0,5,14,1000,0.9,298,normal_bonferroni,0.0006003000016789883,1.0
1.0,0.35714285714285715,0.0,5,14,1000,0.9,298,multiplier,0.0031709000031696633,1.0
1.0,0.35714285714285715,0.0,5,14,1000,0.9,298,exact_bonferroni,0.0008653000040794723,1.0
1.0,0.14285714285714285,0.0,2,14,1000,0.9,298,hoeffding,0.0003226999979233369,1.0
1.0,0.35714285714285715,0.0,5,14,1000,0.9,298,holm,0.0004975000047124922,
1.0,0.21428571428571427,0.0,3,14,1000,0.9,299,pointwise,0.0006510000021080486,1.0
1.0,0.07142857142857142,0.0,1,14,1000,0.9,299,normal_bonferroni,0.0005889000021852553,1.0
1.0,0.07142857142857142,0.0,1,14,1000,0.9,299,multiplier,0.0030323000028147362,1.0
1.0,0.07142857142857142,0.0,1,14,1000,0.9,299,exact_bonferroni,0.0008262999981525354,1.0
1.0,0.0,0.0,0,14,1000,0.9,299,hoeffding,0.00030729999707546085,1.0
1.0,0.07142857142857142,0.0,1,14,1000,0.9,299,holm,0.0004337999998824671,
