containment,ARR,UCP,n_certified,n_true_safe,rep,scenario,n,K,method,simultaneous_coverage
1.0,0.6428571428571429,0.0,9,14,0,bounded_continuous,500,25,pointwise,1.0
1.0,0.5,0.0,7,14,0,bounded_continuous,500,25,normal_bonferroni,1.0
1.0,0.5,0.0,7,14,0,bounded_continuous,500,25,multiplier,1.0
1.0,0.0,0.0,0,14,0,bounded_continuous,500,25,hoeffding,1.0
1.0,0.7857142857142857,0.0,11,14,1,bounded_continuous,500,25,pointwise,0.0
1.0,0.5,0.0,7,14,1,bounded_continuous,500,25,normal_bonferroni,1.0
1.0,0.5,0.0,7,14,1,bounded_continuous,500,25,multiplier,1.0
1.0,0.0,0.0,0,14,1,bounded_continuous,500,25,hoeffding,1.0
1.0,0.5714285714285714,0.0,8,14,2,bounded_continuous,500,25,pointwise,0.0
1.0,0.5,0.0,7,14,2,bounded_continuous,500,25,normal_bonferroni,1.0
1.0,0.5,0.0,7,14,2,bounded_continuous,500,25,multiplier,1.0
1.0,0.0,0.0,0,14,2,bounded_continuous,500,25,hoeffding,1.0
1.0,0.8571428571428571,0.0,12,14,3,bounded_continuous,500,25,pointwise,0.0
1.0,0.42857142857142855,0.0,6,14,3,bounded_continuous,500,25,normal_bonferroni,1.0
1.0,0.5,0.0,7,14,3,bounded_continuous,500,25,multiplier,1.0
1.0,0.0,0.0,0,14,3,bounded_continuous,500,25,hoeffding,1.0
1.0,0.5714285714285714,0.0,8,14,4,bounded_continuous,500,25,pointwise,0.0
1.0,0.5,0.0,7,14,4,bounded_continuous,500,25,normal_bonferroni,1.0
1.0,0.5,0.0,7,14,4,bounded_continuous,500,25,multiplier,1.0
1.0,0.0,0.0,0,14,4,bounded_continuous,500,25,hoeffding,1.0
1.0,0.5714285714285714,0.0,8,14,5,bounded_continuous,500,25,pointwise,0.0
1.0,0.5,0.0,7,14,5,bounded_continuous,500,25,normal_bonferroni,1.0
1.0,0.5,0.0,7,14,5,bounded_continuous,500,25,multiplier,1.0
1.0,0.0,0.0,0,14,5,bounded_continuous,500,25,hoeffding,1.0
1.0,0.7857142857142857,0.0,11,14,6,bounded_continuous,500,25,pointwise,0.0
1.0,0.5714285714285714,0.0,8,14,6,bounded_continuous,500,25,normal_bonferroni,1.0
1.0,0.5714285714285714,0.0,8,14,6,bounded_continuous,500,25,multiplier,1.0
1.0,0.07142857142857142,0.0,1,14,6,bounded_continuous,500,25,hoeffding,1.0
1.0,0.6428571428571429,0.0,9,14,7,bounded_continuous,500,25,pointwise,0.0
1.0,0.5,0.0,7,14,7,bounded_continuous,500,25,normal_bonferroni,1.0
1.0,0.5,0.0,7,14,7,bounded_continuous,500,25,multiplier,1.0
1.0,0.0,0.0,0,14,7,bounded_continuous,500,25,hoeffding,1.0
1.0,0.7142857142857143,0.0,10,14,8,bounded_continuous,500,25,pointwise,0.0
1.0,0.42857142857142855,0.0,6,14,8,bounded_continuous,500,25,normal_bonferroni,1.0
1.0,0.42857142857142855,0.0,6,14,8,bounded_continuous,500,25,multiplier,1.0
1.0,0.07142857142857142,0.0,1,14,8,bounded_continuous,500,25,hoeffding,1.0
1.0,0.5714285714285714,0.0,8,14,9,bounded_continuous,500,25,pointwise,1.0
1.0,0.5,0.0,7,14,9,bounded_continuous,500,25,normal_bonferroni,1.0
1.0,0.5,0.0,7,14,9,bounded_continuous,500,25,multiplier,1.0
1.0,0.0,0.0,0,14,9,bounded_continuous,500,25,hoeffding,1.0
1.0,0.5714285714285714,0.0,8,14,10,bounded_continuous,500,25,pointwise,1.0
1.0,0.35714285714285715,0.0,5,14,10,bounded_continuous,500,25,normal_bonferroni,1.0
1.0,0.35714285714285715,0.0,5,14,10,bounded_continuous,500,25,multiplier,1.0
1.0,0.0,0.0,0,14,10,bounded_continuous,500,25,hoeffding,1.0
1.0,0.6428571428571429,0.0,9,14,11,bounded_continuous,500,25,pointwise,0.0
1.0,0.5714285714285714,0.0,8,14,11,bounded_continuous,500,25,normal_bonferroni,1.0
1.0,0.5714285714285714,0.0,8,14,11,bounded_continuous,500,25,multiplier,1.0
1.0,0.0,0.0,0,14,11,bounded_continuous,500,25,hoeffding,1.0
1.0,0.6428571428571429,0.0,9,14,12,bounded_continuous,500,25,pointwise,0.0
1.0,0.5,0.0,7,14,12,bounded_continuous,500,25,normal_bonferroni,1.0
1.0,0.5,0.0,7,14,12,bounded_continuous,500,25,multiplier,1.0
1.0,0.07142857142857142,0.0,1,14,12,bounded_continuous,500,25,hoeffding,1.0
1.0,0.5714285714285714,0.0,8,14,13,bounded_continuous,500,25,pointwise,0.0
1.0,0.5,0.0,7,14,13,bounded_continuous,500,25,normal_bonferroni,0.0
1.0,0.5,0.0,7,14,13,bounded_continuous,500,25,multiplier,0.0
1.0,0.0,0.0,0,14,13,bounded_continuous,500,25,hoeffding,1.0
1.0,0.7142857142857143,0.0,10,14,14,bounded_continuous,500,25,pointwise,0.0
1.0,0.5714285714285714,0.0,8,14,14,bounded_continuous,500,25,normal_bonferroni,1.0
1.0,0.5714285714285714,0.0,8,14,14,bounded_continuous,500,25,multiplier,1.0
1.0,0.0,0.0,0,14,14,bounded_continuous,500,25,hoeffding,1.0
0.0,0.5714285714285714,0.1111111111111111,9,14,15,bounded_continuous,500,25,pointwise,0.0
1.0,0.42857142857142855,0.0,6,14,15,bounded_continuous,500,25,normal_bonferroni,0.0
1.0,0.5,0.0,7,14,15,bounded_continuous,500,25,multiplier,0.0
1.0,0.0,0.0,0,14,15,bounded_continuous,500,25,hoeffding,1.0
1.0,0.6428571428571429,0.0,9,14,16,bounded_continuous,500,25,pointwise,0.0
1.0,0.42857142857142855,0.0,6,14,16,bounded_continuous,500,25,normal_bonferroni,1.0
1.0,0.42857142857142855,0.0,6,14,16,bounded_continuous,500,25,multiplier,1.0
1.0,0.0,0.0,0,14,16,bounded_continuous,500,25,hoeffding,1.0
1.0,0.8571428571428571,0.0,12,14,17,bounded_continuous,500,25,pointwise,0.0
1.0,0.5,0.0,7,14,17,bounded_continuous,500,25,normal_bonferroni,1.0
1.0,0.5,0.0,7,14,17,bounded_continuous,500,25,multiplier,1.0
1.0,0.0,0.0,0,14,17,bounded_continuous,500,25,hoeffding,1.0
1.0,0.7857142857142857,0.0,11,14,18,bounded_continuous,500,25,pointwise,1.0
1.0,0.42857142857142855,0.0,6,14,18,bounded_continuous,500,25,normal_bonferroni,1.0
1.0,0.42857142857142855,0.0,6,14,18,bounded_continuous,500,25,multiplier,1.0
1.0,0.0,0.0,0,14,18,bounded_continuous,500,25,hoeffding,1.0
1.0,0.7142857142857143,0.0,10,14,19,bounded_continuous,500,25,pointwise,0.0
1.0,0.6428571428571429,0.0,9,14,19,bounded_continuous,500,25,normal_bonferroni,1.0
1.0,0.6428571428571429,0.0,9,14,19,bounded_continuous,500,25,multiplier,1.0
1.0,0.0,0.0,0,14,19,bounded_continuous,500,25,hoeffding,1.0
1.0,0.7142857142857143,0.0,10,14,20,bounded_continuous,500,25,pointwise,0.0
1.0,0.42857142857142855,0.0,6,14,20,bounded_continuous,500,25,normal_bonferroni,1.0
1.0,0.42857142857142855,0.0,6,14,20,bounded_continuous,500,25,multiplier,1.0
1.0,0.0,0.0,0,14,20,bounded_continuous,500,25,hoeffding,1.0
0.0,0.6428571428571429,0.1,10,14,21,bounded_continuous,500,25,pointwise,0.0
1.0,0.42857142857142855,0.0,6,14,21,bounded_continuous,500,25,normal_bonferroni,1.0
1.0,0.42857142857142855,0.0,6,14,21,bounded_continuous,500,25,multiplier,1.0
1.0,0.0,0.0,0,14,21,bounded_continuous,500,25,hoeffding,1.0
1.0,0.7142857142857143,0.0,10,14,22,bounded_continuous,500,25,pointwise,0.0
1.0,0.35714285714285715,0.0,5,14,22,bounded_continuous,500,25,normal_bonferroni,1.0
1.0,0.35714285714285715,0.0,5,14,22,bounded_continuous,500,25,multiplier,1.0
1.0,0.07142857142857142,0.0,1,14,22,bounded_continuous,500,25,hoeffding,1.0
1.0,0.7142857142857143,0.0,10,14,23,bounded_continuous,500,25,pointwise,0.0
1.0,0.42857142857142855,0.0,6,14,23,bounded_continuous,500,25,normal_bonferroni,1.0
1.0,0.42857142857142855,0.0,6,14,23,bounded_continuous,500,25,multiplier,1.0
1.0,0.0,0.0,0,14,23,bounded_continuous,500,25,hoeffding,1.0
1.0,0.5714285714285714,0.0,8,14,24,bounded_continuous,500,25,pointwise,0.0
1.0,0.5,0.0,7,14,24,bounded_continuous,500,25,normal_bonferroni,1.0
1.0,0.5,0.0,7,14,24,bounded_continuous,500,25,multiplier,1.0
1.0,0.0,0.0,0,14,24,bounded_continuous,500,25,hoeffding,1.0
1.0,0.5,0.0,7,14,25,bounded_continuous,500,25,pointwise,0.0
1.0,0.5,0.0,7,14,25,bounded_continuous,500,25,normal_bonferroni,1.0
1.0,0.5,0.0,7,14,25,bounded_continuous,500,25,multiplier,1.0
1.0,0.0,0.0,0,14,25,bounded_continuous,500,25,hoeffding,1.0
1.0,0.5714285714285714,0.0,8,14,26,bounded_continuous,500,25,pointwise,0.0
1.0,0.42857142857142855,0.0,6,14,26,bounded_continuous,500,25,normal_bonferroni,1.0
1.0,0.42857142857142855,0.0,6,14,26,bounded_continuous,500,25,multiplier,1.0
1.0,0.0,0.0,0,14,26,bounded_continuous,500,25,hoeffding,1.0
1.0,0.7142857142857143,0.0,10,14,27,bounded_continuous,500,25,pointwise,0.0
1.0,0.5714285714285714,0.0,8,14,27,bounded_continuous,500,25,normal_bonferroni,1.0
1.0,0.5714285714285714,0.0,8,14,27,bounded_continuous,500,25,multiplier,1.0
1.0,0.07142857142857142,0.0,1,14,27,bounded_continuous,500,25,hoeffding,1.0
1.0,0.6428571428571429,0.0,9,14,28,bounded_continuous,500,25,pointwise,0.0
1.0,0.5,0.0,7,14,28,bounded_continuous,500,25,normal_bonferroni,1.0
1.0,0.5,0.0,7,14,28,bounded_continuous,500,25,multiplier,1.0
1.0,0.0,0.0,0,14,28,bounded_continuous,500,25,hoeffding,1.0
1.0,0.7142857142857143,0.0,10,14,29,bounded_continuous,500,25,pointwise,0.0
1.0,0.5,0.0,7,14,29,bounded_continuous,500,25,normal_bonferroni,1.0
1.0,0.5,0.0,7,14,29,bounded_continuous,500,25,multiplier,1.0
1.0,0.0,0.0,0,14,29,bounded_continuous,500,25,hoeffding,1.0
1.0,0.6428571428571429,0.0,9,14,30,bounded_continuous,500,25,pointwise,0.0
1.0,0.5714285714285714,0.0,8,14,30,bounded_continuous,500,25,normal_bonferroni,0.0
1.0,0.5714285714285714,0.0,8,14,30,bounded_continuous,500,25,multiplier,0.0
1.0,0.07142857142857142,0.0,1,14,30,bounded_continuous,500,25,hoeffding,1.0
1.0,0.7857142857142857,0.0,11,14,31,bounded_continuous,500,25,pointwise,0.0
1.0,0.5,0.0,7,14,31,bounded_continuous,500,25,normal_bonferroni,1.0
1.0,0.5,0.0,7,14,31,bounded_continuous,500,25,multiplier,1.0
1.0,0.07142857142857142,0.0,1,14,31,bounded_continuous,500,25,hoeffding,1.0
1.0,0.6428571428571429,0.0,9,14,32,bounded_continuous,500,25,pointwise,0.0
1.0,0.35714285714285715,0.0,5,14,32,bounded_continuous,500,25,normal_bonferroni,1.0
1.0,0.35714285714285715,0.0,5,14,32,bounded_continuous,500,25,multiplier,1.0
1.0,0.0,0.0,0,14,32,bounded_continuous,500,25,hoeffding,1.0
1.0,0.7142857142857143,0.0,10,14,33,bounded_continuous,500,25,pointwise,1.0
1.0,0.5714285714285714,0.0,8,14,33,bounded_continuous,500,25,normal_bonferroni,1.0
1.0,0.5714285714285714,0.0,8,14,33,bounded_continuous,500,25,multiplier,1.0
1.0,0.0,0.0,0,14,33,bounded_continuous,500,25,hoeffding,1.0
1.0,0.6428571428571429,0.0,9,14,34,bounded_continuous,500,25,pointwise,0.0
1.0,0.5,0.0,7,14,34,bounded_continuous,500,25,normal_bonferroni,1.0
1.0,0.5,0.0,7,14,34,bounded_continuous,500,25,multiplier,1.0
1.0,0.0,0.0,0,14,34,bounded_continuous,500,25,hoeffding,1.0
1.0,0.6428571428571429,0.0,9,14,35,bounded_continuous,500,25,pointwise,0.0
1.0,0.42857142857142855,0.0,6,14,35,bounded_continuous,500,25,normal_bonferroni,1.0
1.0,0.42857142857142855,0.0,6,14,35,bounded_continuous,500,25,multiplier,1.0
1.0,0.07142857142857142,0.0,1,14,35,bounded_continuous,500,25,hoeffding,1.0
1.0,0.6428571428571429,0.0,9,14,36,bounded_continuous,500,25,pointwise,0.0
1.0,0.35714285714285715,0.0,5,14,36,bounded_continuous,500,25,normal_bonferroni,1.0
1.0,0.35714285714285715,0.0,5,14,36,bounded_continuous,500,25,multiplier,1.0
1.0,0.0,0.0,0,14,36,bounded_continuous,500,25,hoeffding,1.0
1.0,0.6428571428571429,0.0,9,14,37,bounded_continuous,500,25,pointwise,0.0
1.0,0.42857142857142855,0.0,6,14,37,bounded_continuous,500,25,normal_bonferroni,1.0
1.0,0.42857142857142855,0.0,6,14,37,bounded_continuous,500,25,multiplier,1.0
1.0,0.0,0.0,0,14,37,bounded_continuous,500,25,hoeffding,1.0
1.0,0.6428571428571429,0.0,9,14,38,bounded_continuous,500,25,pointwise,1.0
1.0,0.35714285714285715,0.0,5,14,38,bounded_continuous,500,25,normal_bonferroni,1.0
1.0,0.35714285714285715,0.0,5,14,38,bounded_continuous,500,25,multiplier,1.0
1.0,0.0,0.0,0,14,38,bounded_continuous,500,25,hoeffding,1.0
1.0,0.6428571428571429,0.0,9,14,39,bounded_continuous,500,25,pointwise,0.0
1.0,0.42857142857142855,0.0,6,14,39,bounded_continuous,500,25,normal_bonferroni,1.0
1.0,0.42857142857142855,0.0,6,14,39,bounded_continuous,500,25,multiplier,1.0
1.0,0.07142857142857142,0.0,1,14,39,bounded_continuous,500,25,hoeffding,1.0
1.0,0.6428571428571429,0.0,9,14,40,bounded_continuous,500,25,pointwise,0.0
1.0,0.42857142857142855,0.0,6,14,40,bounded_continuous,500,25,normal_bonferroni,1.0
1.0,0.42857142857142855,0.0,6,14,40,bounded_continuous,500,25,multiplier,1.0
1.0,0.0,0.0,0,14,40,bounded_continuous,500,25,hoeffding,1.0
1.0,0.6428571428571429,0.0,9,14,41,bounded_continuous,500,25,pointwise,0.0
1.0,0.5714285714285714,0.0,8,14,41,bounded_continuous,500,25,normal_bonferroni,1.0
1.0,0.5714285714285714,0.0,8,14,41,bounded_continuous,500,25,multiplier,1.0
1.0,0.0,0.0,0,14,41,bounded_continuous,500,25,hoeffding,1.0
1.0,0.5714285714285714,0.0,8,14,42,bounded_continuous,500,25,pointwise,0.0
1.0,0.5,0.0,7,14,42,bounded_continuous,500,25,normal_bonferroni,0.0
1.0,0.5,0.0,7,14,42,bounded_continuous,500,25,multiplier,0.0
1.0,0.0,0.0,0,14,42,bounded_continuous,500,25,hoeffding,1.0
1.0,0.6428571428571429,0.0,9,14,43,bounded_continuous,500,25,pointwise,0.0
1.0,0.5,0.0,7,14,43,bounded_continuous,500,25,normal_bonferroni,1.0
1.0,0.5,0.0,7,14,43,bounded_continuous,500,25,multiplier,1.0
1.0,0.0,0.0,0,14,43,bounded_continuous,500,25,hoeffding,1.0
1.0,0.7857142857142857,0.0,11,14,44,bounded_continuous,500,25,pointwise,0.0
1.0,0.35714285714285715,0.0,5,14,44,bounded_continuous,500,25,normal_bonferroni,1.0
1.0,0.35714285714285715,0.0,5,14,44,bounded_continuous,500,25,multiplier,1.0
1.0,0.0,0.0,0,14,44,bounded_continuous,500,25,hoeffding,1.0
1.0,0.5714285714285714,0.0,8,14,45,bounded_continuous,500,25,pointwise,1.0
1.0,0.5,0.0,7,14,45,bounded_continuous,500,25,normal_bonferroni,1.0
1.0,0.5,0.0,7,14,45,bounded_continuous,500,25,multiplier,1.0
1.0,0.0,0.0,0,14,45,bounded_continuous,500,25,hoeffding,1.0
1.0,0.5714285714285714,0.0,8,14,46,bounded_continuous,500,25,pointwise,1.0
1.0,0.42857142857142855,0.0,6,14,46,bounded_continuous,500,25,normal_bonferroni,1.0
1.0,0.42857142857142855,0.0,6,14,46,bounded_continuous,500,25,multiplier,1.0
1.0,0.0,0.0,0,14,46,bounded_continuous,500,25,hoeffding,1.0
1.0,0.5714285714285714,0.0,8,14,47,bounded_continuous,500,25,pointwise,0.0
1.0,0.42857142857142855,0.0,6,14,47,bounded_continuous,500,25,normal_bonferroni,1.0
1.0,0.42857142857142855,0.0,6,14,47,bounded_continuous,500,25,multiplier,1.0
1.0,0.0,0.0,0,14,47,bounded_continuous,500,25,hoeffding,1.0
1.0,0.7142857142857143,0.0,10,14,48,bounded_continuous,500,25,pointwise,0.0
1.0,0.21428571428571427,0.0,3,14,48,bounded_continuous,500,25,normal_bonferroni,1.0
1.0,0.2857142857142857,0.0,4,14,48,bounded_continuous,500,25,multiplier,1.0
1.0,0.0,0.0,0,14,48,bounded_continuous,500,25,hoeffding,1.0
1.0,0.5714285714285714,0.0,8,14,49,bounded_continuous,500,25,pointwise,0.0
1.0,0.5,0.0,7,14,49,bounded_continuous,500,25,normal_bonferroni,1.0
1.0,0.5,0.0,7,14,49,bounded_continuous,500,25,multiplier,1.0
1.0,0.0,0.0,0,14,49,bounded_continuous,500,25,hoeffding,1.0
1.0,0.42857142857142855,0.0,6,14,50,bounded_continuous,500,25,pointwise,1.0
1.0,0.2857142857142857,0.0,4,14,50,bounded_continuous,500,25,normal_bonferroni,1.0
1.0,0.2857142857142857,0.0,4,14,50,bounded_continuous,500,25,multiplier,1.0
1.0,0.0,0.0,0,14,50,bounded_continuous,500,25,hoeffding,1.0
1.0,0.5714285714285714,0.0,8,14,51,bounded_continuous,500,25,pointwise,0.0
1.0,0.42857142857142855,0.0,6,14,51,bounded_continuous,500,25,normal_bonferroni,1.0
1.0,0.42857142857142855,0.0,6,14,51,bounded_continuous,500,25,multiplier,1.0
1.0,0.07142857142857142,0.0,1,14,51,bounded_continuous,500,25,hoeffding,1.0
1.0,0.6428571428571429,0.0,9,14,52,bounded_continuous,500,25,pointwise,0.0
1.0,0.5,0.0,7,14,52,bounded_continuous,500,25,normal_bonferroni,1.0
1.0,0.5,0.0,7,14,52,bounded_continuous,500,25,multiplier,1.0
1.0,0.0,0.0,0,14,52,bounded_continuous,500,25,hoeffding,1.0
1.0,0.5714285714285714,0.0,8,14,53,bounded_continuous,500,25,pointwise,0.0
1.0,0.42857142857142855,0.0,6,14,53,bounded_continuous,500,25,normal_bonferroni,1.0
1.0,0.42857142857142855,0.0,6,14,53,bounded_continuous,500,25,multiplier,1.0
1.0,0.0,0.0,0,14,53,bounded_continuous,500,25,hoeffding,1.0
1.0,0.5714285714285714,0.0,8,14,54,bounded_continuous,500,25,pointwise,0.0
1.0,0.35714285714285715,0.0,5,14,54,bounded_continuous,500,25,normal_bonferroni,1.0
1.0,0.2857142857142857,0.0,4,14,54,bounded_continuous,500,25,multiplier,1.0
1.0,0.0,0.0,0,14,54,bounded_continuous,500,25,hoeffding,1.0
1.0,0.6428571428571429,0.0,9,14,55,bounded_continuous,500,25,pointwise,0.0
1.0,0.5714285714285714,0.0,8,14,55,bounded_continuous,500,25,normal_bonferroni,1.0
1.0,0.5714285714285714,0.0,8,14,55,bounded_continuous,500,25,multiplier,1.0
1.0,0.0,0.0,0,14,55,bounded_continuous,500,25,hoeffding,1.0
1.0,0.7142857142857143,0.0,10,14,56,bounded_continuous,500,25,pointwise,0.0
1.0,0.5,0.0,7,14,56,bounded_continuous,500,25,normal_bonferroni,1.0
1.0,0.5,0.0,7,14,56,bounded_continuous,500,25,multiplier,1.0
1.0,0.0,0.0,0,14,56,bounded_continuous,500,25,hoeffding,1.0
1.0,0.5,0.0,7,14,57,bounded_continuous,500,25,pointwise,0.0
1.0,0.35714285714285715,0.0,5,14,57,bounded_continuous,500,25,normal_bonferroni,1.0
1.0,0.35714285714285715,0.0,5,14,57,bounded_continuous,500,25,multiplier,1.0
1.0,0.0,0.0,0,14,57,bounded_continuous,500,25,hoeffding,1.0
1.0,0.6428571428571429,0.0,9,14,58,bounded_continuous,500,25,pointwise,1.0
1.0,0.42857142857142855,0.0,6,14,58,bounded_continuous,500,25,normal_bonferroni,1.0
1.0,0.42857142857142855,0.0,6,14,58,bounded_continuous,500,25,multiplier,1.0
1.0,0.0,0.0,0,14,58,bounded_continuous,500,25,hoeffding,1.0
1.0,0.6428571428571429,0.0,9,14,59,bounded_continuous,500,25,pointwise,1.0
1.0,0.5,0.0,7,14,59,bounded_continuous,500,25,normal_bonferroni,1.0
1.0,0.5,0.0,7,14,59,bounded_continuous,500,25,multiplier,1.0
1.0,0.0,0.0,0,14,59,bounded_continuous,500,25,hoeffding,1.0
1.0,0.5714285714285714,0.0,8,14,60,bounded_continuous,500,25,pointwise,1.0
1.0,0.5,0.0,7,14,60,bounded_continuous,500,25,normal_bonferroni,1.0
1.0,0.5,0.0,7,14,60,bounded_continuous,500,25,multiplier,1.0
1.0,0.0,0.0,0,14,60,bounded_continuous,500,25,hoeffding,1.0
1.0,0.5714285714285714,0.0,8,14,61,bounded_continuous,500,25,pointwise,1.0
1.0,0.35714285714285715,0.0,5,14,61,bounded_continuous,500,25,normal_bonferroni,1.0
1.0,0.35714285714285715,0.0,5,14,61,bounded_continuous,500,25,multiplier,1.0
1.0,0.0,0.0,0,14,61,bounded_continuous,500,25,hoeffding,1.0
1.0,0.7857142857142857,0.0,11,14,62,bounded_continuous,500,25,pointwise,1.0
1.0,0.42857142857142855,0.0,6,14,62,bounded_continuous,500,25,normal_bonferroni,1.0
1.0,0.42857142857142855,0.0,6,14,62,bounded_continuous,500,25,multiplier,1.0
1.0,0.0,0.0,0,14,62,bounded_continuous,500,25,hoeffding,1.0
1.0,0.6428571428571429,0.0,9,14,63,bounded_continuous,500,25,pointwise,1.0
1.0,0.35714285714285715,0.0,5,14,63,bounded_continuous,500,25,normal_bonferroni,1.0
1.0,0.35714285714285715,0.0,5,14,63,bounded_continuous,500,25,multiplier,1.0
1.0,0.0,0.0,0,14,63,bounded_continuous,500,25,hoeffding,1.0
1.0,0.7857142857142857,0.0,11,14,64,bounded_continuous,500,25,pointwise,0.0
1.0,0.42857142857142855,0.0,6,14,64,bounded_continuous,500,25,normal_bonferroni,1.0
1.0,0.42857142857142855,0.0,6,14,64,bounded_continuous,500,25,multiplier,1.0
1.0,0.0,0.0,0,14,64,bounded_continuous,500,25,hoeffding,1.0
1.0,0.7857142857142857,0.0,11,14,65,bounded_continuous,500,25,pointwise,0.0
1.0,0.5,0.0,7,14,65,bounded_continuous,500,25,normal_bonferroni,1.0
1.0,0.5,0.0,7,14,65,bounded_continuous,500,25,multiplier,1.0
1.0,0.0,0.0,0,14,65,bounded_continuous,500,25,hoeffding,1.0
1.0,0.5714285714285714,0.0,8,14,66,bounded_continuous,500,25,pointwise,0.0
1.0,0.35714285714285715,0.0,5,14,66,bounded_continuous,500,25,normal_bonferroni,0.0
1.0,0.35714285714285715,0.0,5,14,66,bounded_continuous,500,25,multiplier,0.0
1.0,0.0,0.0,0,14,66,bounded_continuous,500,25,hoeffding,1.0
1.0,0.6428571428571429,0.0,9,14,67,bounded_continuous,500,25,pointwise,0.0
1.0,0.42857142857142855,0.0,6,14,67,bounded_continuous,500,25,normal_bonferroni,1.0
1.0,0.42857142857142855,0.0,6,14,67,bounded_continuous,500,25,multiplier,1.0
1.0,0.0,0.0,0,14,67,bounded_continuous,500,25,hoeffding,1.0
1.0,0.7142857142857143,0.0,10,14,68,bounded_continuous,500,25,pointwise,1.0
1.0,0.5,0.0,7,14,68,bounded_continuous,500,25,normal_bonferroni,1.0
1.0,0.5,0.0,7,14,68,bounded_continuous,500,25,multiplier,1.0
1.0,0.0,0.0,0,14,68,bounded_continuous,500,25,hoeffding,1.0
1.0,0.7142857142857143,0.0,10,14,69,bounded_continuous,500,25,pointwise,0.0
1.0,0.42857142857142855,0.0,6,14,69,bounded_continuous,500,25,normal_bonferroni,1.0
1.0,0.42857142857142855,0.0,6,14,69,bounded_continuous,500,25,multiplier,1.0
1.0,0.0,0.0,0,14,69,bounded_continuous,500,25,hoeffding,1.0
1.0,0.5714285714285714,0.0,8,14,70,bounded_continuous,500,25,pointwise,1.0
1.0,0.35714285714285715,0.0,5,14,70,bounded_continuous,500,25,normal_bonferroni,1.0
1.0,0.35714285714285715,0.0,5,14,70,bounded_continuous,500,25,multiplier,1.0
1.0,0.0,0.0,0,14,70,bounded_continuous,500,25,hoeffding,1.0
1.0,0.6428571428571429,0.0,9,14,71,bounded_continuous,500,25,pointwise,0.0
1.0,0.35714285714285715,0.0,5,14,71,bounded_continuous,500,25,normal_bonferroni,1.0
1.0,0.35714285714285715,0.0,5,14,71,bounded_continuous,500,25,multiplier,1.0
1.0,0.07142857142857142,0.0,1,14,71,bounded_continuous,500,25,hoeffding,1.0
1.0,0.7142857142857143,0.0,10,14,72,bounded_continuous,500,25,pointwise,0.0
1.0,0.42857142857142855,0.0,6,14,72,bounded_continuous,500,25,normal_bonferroni,1.0
1.0,0.42857142857142855,0.0,6,14,72,bounded_continuous,500,25,multiplier,1.0
1.0,0.0,0.0,0,14,72,bounded_continuous,500,25,hoeffding,1.0
1.0,0.6428571428571429,0.0,9,14,73,bounded_continuous,500,25,pointwise,1.0
1.0,0.5714285714285714,0.0,8,14,73,bounded_continuous,500,25,normal_bonferroni,1.0
1.0,0.5714285714285714,0.0,8,14,73,bounded_continuous,500,25,multiplier,1.0
1.0,0.0,0.0,0,14,73,bounded_continuous,500,25,hoeffding,1.0
1.0,0.7142857142857143,0.0,10,14,74,bounded_continuous,500,25,pointwise,0.0
1.0,0.35714285714285715,0.0,5,14,74,bounded_continuous,500,25,normal_bonferroni,1.0
1.0,0.35714285714285715,0.0,5,14,74,bounded_continuous,500,25,multiplier,1.0
1.0,0.0,0.0,0,14,74,bounded_continuous,500,25,hoeffding,1.0
1.0,0.6428571428571429,0.0,9,14,75,bounded_continuous,500,25,pointwise,0.0
1.0,0.5,0.0,7,14,75,bounded_continuous,500,25,normal_bonferroni,1.0
1.0,0.5,0.0,7,14,75,bounded_continuous,500,25,multiplier,1.0
1.0,0.0,0.0,0,14,75,bounded_continuous,500,25,hoeffding,1.0
1.0,0.6428571428571429,0.0,9,14,76,bounded_continuous,500,25,pointwise,0.0
1.0,0.5,0.0,7,14,76,bounded_continuous,500,25,normal_bonferroni,1.0
1.0,0.5,0.0,7,14,76,bounded_continuous,500,25,multiplier,1.0
1.0,0.0,0.0,0,14,76,bounded_continuous,500,25,hoeffding,1.0
1.0,0.5714285714285714,0.0,8,14,77,bounded_continuous,500,25,pointwise,0.0
1.0,0.5,0.0,7,14,77,bounded_continuous,500,25,normal_bonferroni,1.0
1.0,0.5,0.0,7,14,77,bounded_continuous,500,25,multiplier,1.0
1.0,0.0,0.0,0,14,77,bounded_continuous,500,25,hoeffding,1.0
1.0,0.5714285714285714,0.0,8,14,78,bounded_continuous,500,25,pointwise,1.0
1.0,0.35714285714285715,0.0,5,14,78,bounded_continuous,500,25,normal_bonferroni,1.0
1.0,0.35714285714285715,0.0,5,14,78,bounded_continuous,500,25,multiplier,1.0
1.0,0.0,0.0,0,14,78,bounded_continuous,500,25,hoeffding,1.0
0.0,0.7857142857142857,0.08333333333333333,12,14,79,bounded_continuous,500,25,pointwise,0.0
1.0,0.5714285714285714,0.0,8,14,79,bounded_continuous,500,25,normal_bonferroni,1.0
1.0,0.5714285714285714,0.0,8,14,79,bounded_continuous,500,25,multiplier,1.0
1.0,0.0,0.0,0,14,79,bounded_continuous,500,25,hoeffding,1.0
1.0,0.6428571428571429,0.0,9,14,80,bounded_continuous,500,25,pointwise,1.0
1.0,0.5,0.0,7,14,80,bounded_continuous,500,25,normal_bonferroni,1.0
1.0,0.5,0.0,7,14,80,bounded_continuous,500,25,multiplier,1.0
1.0,0.0,0.0,0,14,80,bounded_continuous,500,25,hoeffding,1.0
1.0,0.7142857142857143,0.0,10,14,81,bounded_continuous,500,25,pointwise,0.0
1.0,0.42857142857142855,0.0,6,14,81,bounded_continuous,500,25,normal_bonferroni,1.0
1.0,0.42857142857142855,0.0,6,14,81,bounded_continuous,500,25,multiplier,1.0
1.0,0.0,0.0,0,14,81,bounded_continuous,500,25,hoeffding,1.0
1.0,0.6428571428571429,0.0,9,14,82,bounded_continuous,500,25,pointwise,1.0
1.0,0.5714285714285714,0.0,8,14,82,bounded_continuous,500,25,normal_bonferroni,1.0
1.0,0.5714285714285714,0.0,8,14,82,bounded_continuous,500,25,multiplier,1.0
1.0,0.0,0.0,0,14,82,bounded_continuous,500,25,hoeffding,1.0
1.0,0.5714285714285714,0.0,8,14,83,bounded_continuous,500,25,pointwise,1.0
1.0,0.5714285714285714,0.0,8,14,83,bounded_continuous,500,25,normal_bonferroni,1.0
1.0,0.5714285714285714,0.0,8,14,83,bounded_continuous,500,25,multiplier,1.0
1.0,0.0,0.0,0,14,83,bounded_continuous,500,25,hoeffding,1.0
1.0,0.7857142857142857,0.0,11,14,84,bounded_continuous,500,25,pointwise,0.0
1.0,0.35714285714285715,0.0,5,14,84,bounded_continuous,500,25,normal_bonferroni,1.0
1.0,0.2857142857142857,0.0,4,14,84,bounded_continuous,500,25,multiplier,1.0
1.0,0.0,0.0,0,14,84,bounded_continuous,500,25,hoeffding,1.0
1.0,0.7142857142857143,0.0,10,14,85,bounded_continuous,500,25,pointwise,0.0
1.0,0.5714285714285714,0.0,8,14,85,bounded_continuous,500,25,normal_bonferroni,1.0
1.0,0.5714285714285714,0.0,8,14,85,bounded_continuous,500,25,multiplier,1.0
1.0,0.0,0.0,0,14,85,bounded_continuous,500,25,hoeffding,1.0
1.0,0.5,0.0,7,14,86,bounded_continuous,500,25,pointwise,0.0
1.0,0.42857142857142855,0.0,6,14,86,bounded_continuous,500,25,normal_bonferroni,0.0
1.0,0.42857142857142855,0.0,6,14,86,bounded_continuous,500,25,multiplier,0.0
1.0,0.0,0.0,0,14,86,bounded_continuous,500,25,hoeffding,1.0
1.0,0.7857142857142857,0.0,11,14,87,bounded_continuous,500,25,pointwise,1.0
1.0,0.5,0.0,7,14,87,bounded_continuous,500,25,normal_bonferroni,1.0
1.0,0.5,0.0,7,14,87,bounded_continuous,500,25,multiplier,1.0
1.0,0.0,0.0,0,14,87,bounded_continuous,500,25,hoeffding,1.0
1.0,0.5714285714285714,0.0,8,14,88,bounded_continuous,500,25,pointwise,0.0
1.0,0.5,0.0,7,14,88,bounded_continuous,500,25,normal_bonferroni,1.0
1.0,0.5,0.0,7,14,88,bounded_continuous,500,25,multiplier,1.0
1.0,0.0,0.0,0,14,88,bounded_continuous,500,25,hoeffding,1.0
1.0,0.5714285714285714,0.0,8,14,89,bounded_continuous,500,25,pointwise,0.0
1.0,0.42857142857142855,0.0,6,14,89,bounded_continuous,500,25,normal_bonferroni,1.0
1.0,0.42857142857142855,0.0,6,14,89,bounded_continuous,500,25,multiplier,1.0
1.0,0.0,0.0,0,14,89,bounded_continuous,500,25,hoeffding,1.0
1.0,0.7142857142857143,0.0,10,14,90,bounded_continuous,500,25,pointwise,0.0
1.0,0.5,0.0,7,14,90,bounded_continuous,500,25,normal_bonferroni,1.0
1.0,0.5,0.0,7,14,90,bounded_continuous,500,25,multiplier,1.0
1.0,0.0,0.0,0,14,90,bounded_continuous,500,25,hoeffding,1.0
1.0,0.6428571428571429,0.0,9,14,91,bounded_continuous,500,25,pointwise,1.0
1.0,0.35714285714285715,0.0,5,14,91,bounded_continuous,500,25,normal_bonferroni,1.0
1.0,0.35714285714285715,0.0,5,14,91,bounded_continuous,500,25,multiplier,1.0
1.0,0.0,0.0,0,14,91,bounded_continuous,500,25,hoeffding,1.0
1.0,0.6428571428571429,0.0,9,14,92,bounded_continuous,500,25,pointwise,1.0
1.0,0.35714285714285715,0.0,5,14,92,bounded_continuous,500,25,normal_bonferroni,1.0
1.0,0.35714285714285715,0.0,5,14,92,bounded_continuous,500,25,multiplier,1.0
1.0,0.0,0.0,0,14,92,bounded_continuous,500,25,hoeffding,1.0
1.0,0.5,0.0,7,14,93,bounded_continuous,500,25,pointwise,0.0
1.0,0.42857142857142855,0.0,6,14,93,bounded_continuous,500,25,normal_bonferroni,1.0
1.0,0.42857142857142855,0.0,6,14,93,bounded_continuous,500,25,multiplier,1.0
1.0,0.0,0.0,0,14,93,bounded_continuous,500,25,hoeffding,1.0
1.0,0.7142857142857143,0.0,10,14,94,bounded_continuous,500,25,pointwise,0.0
1.0,0.5714285714285714,0.0,8,14,94,bounded_continuous,500,25,normal_bonferroni,0.0
1.0,0.5714285714285714,0.0,8,14,94,bounded_continuous,500,25,multiplier,0.0
1.0,0.0,0.0,0,14,94,bounded_continuous,500,25,hoeffding,1.0
1.0,0.6428571428571429,0.0,9,14,95,bounded_continuous,500,25,pointwise,0.0
1.0,0.5714285714285714,0.0,8,14,95,bounded_continuous,500,25,normal_bonferroni,1.0
1.0,0.5714285714285714,0.0,8,14,95,bounded_continuous,500,25,multiplier,1.0
1.0,0.07142857142857142,0.0,1,14,95,bounded_continuous,500,25,hoeffding,1.0
1.0,0.7142857142857143,0.0,10,14,96,bounded_continuous,500,25,pointwise,1.0
1.0,0.5714285714285714,0.0,8,14,96,bounded_continuous,500,25,normal_bonferroni,1.0
1.0,0.5714285714285714,0.0,8,14,96,bounded_continuous,500,25,multiplier,1.0
1.0,0.0,0.0,0,14,96,bounded_continuous,500,25,hoeffding,1.0
1.0,0.6428571428571429,0.0,9,14,97,bounded_continuous,500,25,pointwise,0.0
1.0,0.5714285714285714,0.0,8,14,97,bounded_continuous,500,25,normal_bonferroni,1.0
1.0,0.5714285714285714,0.0,8,14,97,bounded_continuous,500,25,multiplier,1.0
1.0,0.0,0.0,0,14,97,bounded_continuous,500,25,hoeffding,1.0
1.0,0.6428571428571429,0.0,9,14,98,bounded_continuous,500,25,pointwise,0.0
1.0,0.5,0.0,7,14,98,bounded_continuous,500,25,normal_bonferroni,1.0
1.0,0.5,0.0,7,14,98,bounded_continuous,500,25,multiplier,1.0
1.0,0.0,0.0,0,14,98,bounded_continuous,500,25,hoeffding,1.0
1.0,0.6428571428571429,0.0,9,14,99,bounded_continuous,500,25,pointwise,0.0
1.0,0.5,0.0,7,14,99,bounded_continuous,500,25,normal_bonferroni,1.0
1.0,0.5,0.0,7,14,99,bounded_continuous,500,25,multiplier,1.0
1.0,0.0,0.0,0,14,99,bounded_continuous,500,25,hoeffding,1.0
1.0,0.5714285714285714,0.0,8,14,100,bounded_continuous,500,25,pointwise,0.0
1.0,0.5,0.0,7,14,100,bounded_continuous,500,25,normal_bonferroni,1.0
1.0,0.5,0.0,7,14,100,bounded_continuous,500,25,multiplier,1.0
1.0,0.0,0.0,0,14,100,bounded_continuous,500,25,hoeffding,1.0
1.0,0.6428571428571429,0.0,9,14,101,bounded_continuous,500,25,pointwise,0.0
1.0,0.5714285714285714,0.0,8,14,101,bounded_continuous,500,25,normal_bonferroni,1.0
1.0,0.5714285714285714,0.0,8,14,101,bounded_continuous,500,25,multiplier,1.0
1.0,0.0,0.0,0,14,101,bounded_continuous,500,25,hoeffding,1.0
1.0,0.7142857142857143,0.0,10,14,102,bounded_continuous,500,25,pointwise,0.0
1.0,0.5714285714285714,0.0,8,14,102,bounded_continuous,500,25,normal_bonferroni,1.0
1.0,0.5714285714285714,0.0,8,14,102,bounded_continuous,500,25,multiplier,1.0
1.0,0.0,0.0,0,14,102,bounded_continuous,500,25,hoeffding,1.0
1.0,0.6428571428571429,0.0,9,14,103,bounded_continuous,500,25,pointwise,0.0
1.0,0.5,0.0,7,14,103,bounded_continuous,500,25,normal_bonferroni,1.0
1.0,0.5,0.0,7,14,103,bounded_continuous,500,25,multiplier,1.0
1.0,0.0,0.0,0,14,103,bounded_continuous,500,25,hoeffding,1.0
1.0,0.6428571428571429,0.0,9,14,104,bounded_continuous,500,25,pointwise,0.0
1.0,0.42857142857142855,0.0,6,14,104,bounded_continuous,500,25,normal_bonferroni,1.0
1.0,0.42857142857142855,0.0,6,14,104,bounded_continuous,500,25,multiplier,1.0
1.0,0.0,0.0,0,14,104,bounded_continuous,500,25,hoeffding,1.0
1.0,0.7142857142857143,0.0,10,14,105,bounded_continuous,500,25,pointwise,0.0
1.0,0.5714285714285714,0.0,8,14,105,bounded_continuous,500,25,normal_bonferroni,1.0
1.0,0.5714285714285714,0.0,8,14,105,bounded_continuous,500,25,multiplier,1.0
1.0,0.0,0.0,0,14,105,bounded_continuous,500,25,hoeffding,1.0
1.0,0.7142857142857143,0.0,10,14,106,bounded_continuous,500,25,pointwise,1.0
1.0,0.42857142857142855,0.0,6,14,106,bounded_continuous,500,25,normal_bonferroni,1.0
1.0,0.42857142857142855,0.0,6,14,106,bounded_continuous,500,25,multiplier,1.0
1.0,0.0,0.0,0,14,106,bounded_continuous,500,25,hoeffding,1.0
1.0,0.6428571428571429,0.0,9,14,107,bounded_continuous,500,25,pointwise,1.0
1.0,0.5,0.0,7,14,107,bounded_continuous,500,25,normal_bonferroni,1.0
1.0,0.5,0.0,7,14,107,bounded_continuous,500,25,multiplier,1.0
1.0,0.0,0.0,0,14,107,bounded_continuous,500,25,hoeffding,1.0
1.0,0.7857142857142857,0.0,11,14,108,bounded_continuous,500,25,pointwise,0.0
1.0,0.5714285714285714,0.0,8,14,108,bounded_continuous,500,25,normal_bonferroni,0.0
1.0,0.5714285714285714,0.0,8,14,108,bounded_continuous,500,25,multiplier,0.0
1.0,0.0,0.0,0,14,108,bounded_continuous,500,25,hoeffding,1.0
1.0,0.6428571428571429,0.0,9,14,109,bounded_continuous,500,25,pointwise,0.0
1.0,0.5,0.0,7,14,109,bounded_continuous,500,25,normal_bonferroni,0.0
1.0,0.5,0.0,7,14,109,bounded_continuous,500,25,multiplier,0.0
1.0,0.07142857142857142,0.0,1,14,109,bounded_continuous,500,25,hoeffding,1.0
1.0,0.6428571428571429,0.0,9,14,110,bounded_continuous,500,25,pointwise,1.0
1.0,0.5,0.0,7,14,110,bounded_continuous,500,25,normal_bonferroni,1.0
1.0,0.5,0.0,7,14,110,bounded_continuous,500,25,multiplier,1.0
1.0,0.0,0.0,0,14,110,bounded_continuous,500,25,hoeffding,1.0
1.0,0.7142857142857143,0.0,10,14,111,bounded_continuous,500,25,pointwise,0.0
1.0,0.5,0.0,7,14,111,bounded_continuous,500,25,normal_bonferroni,1.0
1.0,0.5,0.0,7,14,111,bounded_continuous,500,25,multiplier,1.0
1.0,0.0,0.0,0,14,111,bounded_continuous,500,25,hoeffding,1.0
0.0,0.5714285714285714,0.1111111111111111,9,14,112,bounded_continuous,500,25,pointwise,0.0
1.0,0.42857142857142855,0.0,6,14,112,bounded_continuous,500,25,normal_bonferroni,1.0
1.0,0.42857142857142855,0.0,6,14,112,bounded_continuous,500,25,multiplier,1.0
1.0,0.0,0.0,0,14,112,bounded_continuous,500,25,hoeffding,1.0
1.0,0.7142857142857143,0.0,10,14,113,bounded_continuous,500,25,pointwise,0.0
1.0,0.6428571428571429,0.0,9,14,113,bounded_continuous,500,25,normal_bonferroni,1.0
1.0,0.6428571428571429,0.0,9,14,113,bounded_continuous,500,25,multiplier,1.0
1.0,0.0,0.0,0,14,113,bounded_continuous,500,25,hoeffding,1.0
1.0,0.5,0.0,7,14,114,bounded_continuous,500,25,pointwise,0.0
1.0,0.5,0.0,7,14,114,bounded_continuous,500,25,normal_bonferroni,1.0
1.0,0.5,0.0,7,14,114,bounded_continuous,500,25,multiplier,1.0
1.0,0.0,0.0,0,14,114,bounded_continuous,500,25,hoeffding,1.0
1.0,0.7857142857142857,0.0,11,14,115,bounded_continuous,500,25,pointwise,0.0
1.0,0.5,0.0,7,14,115,bounded_continuous,500,25,normal_bonferroni,1.0
1.0,0.5,0.0,7,14,115,bounded_continuous,500,25,multiplier,1.0
1.0,0.0,0.0,0,14,115,bounded_continuous,500,25,hoeffding,1.0
1.0,0.7142857142857143,0.0,10,14,116,bounded_continuous,500,25,pointwise,0.0
1.0,0.35714285714285715,0.0,5,14,116,bounded_continuous,500,25,normal_bonferroni,1.0
1.0,0.35714285714285715,0.0,5,14,116,bounded_continuous,500,25,multiplier,1.0
1.0,0.0,0.0,0,14,116,bounded_continuous,500,25,hoeffding,1.0
1.0,0.6428571428571429,0.0,9,14,117,bounded_continuous,500,25,pointwise,0.0
1.0,0.35714285714285715,0.0,5,14,117,bounded_continuous,500,25,normal_bonferroni,1.0
1.0,0.35714285714285715,0.0,5,14,117,bounded_continuous,500,25,multiplier,1.0
1.0,0.0,0.0,0,14,117,bounded_continuous,500,25,hoeffding,1.0
1.0,0.7142857142857143,0.0,10,14,118,bounded_continuous,500,25,pointwise,0.0
1.0,0.35714285714285715,0.0,5,14,118,bounded_continuous,500,25,normal_bonferroni,1.0
1.0,0.35714285714285715,0.0,5,14,118,bounded_continuous,500,25,multiplier,1.0
1.0,0.07142857142857142,0.0,1,14,118,bounded_continuous,500,25,hoeffding,1.0
1.0,0.8571428571428571,0.0,12,14,119,bounded_continuous,500,25,pointwise,0.0
1.0,0.42857142857142855,0.0,6,14,119,bounded_continuous,500,25,normal_bonferroni,1.0
1.0,0.42857142857142855,0.0,6,14,119,bounded_continuous,500,25,multiplier,1.0
1.0,0.0,0.0,0,14,119,bounded_continuous,500,25,hoeffding,1.0
1.0,0.5714285714285714,0.0,8,14,120,bounded_continuous,500,25,pointwise,1.0
1.0,0.2857142857142857,0.0,4,14,120,bounded_continuous,500,25,normal_bonferroni,1.0
1.0,0.2857142857142857,0.0,4,14,120,bounded_continuous,500,25,multiplier,1.0
1.0,0.0,0.0,0,14,120,bounded_continuous,500,25,hoeffding,1.0
1.0,0.6428571428571429,0.0,9,14,121,bounded_continuous,500,25,pointwise,0.0
1.0,0.42857142857142855,0.0,6,14,121,bounded_continuous,500,25,normal_bonferroni,1.0
1.0,0.42857142857142855,0.0,6,14,121,bounded_continuous,500,25,multiplier,1.0
1.0,0.0,0.0,0,14,121,bounded_continuous,500,25,hoeffding,1.0
1.0,0.7142857142857143,0.0,10,14,122,bounded_continuous,500,25,pointwise,0.0
1.0,0.5,0.0,7,14,122,bounded_continuous,500,25,normal_bonferroni,1.0
1.0,0.5,0.0,7,14,122,bounded_continuous,500,25,multiplier,1.0
1.0,0.0,0.0,0,14,122,bounded_continuous,500,25,hoeffding,1.0
1.0,0.5714285714285714,0.0,8,14,123,bounded_continuous,500,25,pointwise,0.0
1.0,0.5714285714285714,0.0,8,14,123,bounded_continuous,500,25,normal_bonferroni,1.0
1.0,0.5714285714285714,0.0,8,14,123,bounded_continuous,500,25,multiplier,1.0
1.0,0.07142857142857142,0.0,1,14,123,bounded_continuous,500,25,hoeffding,1.0
1.0,0.7857142857142857,0.0,11,14,124,bounded_continuous,500,25,pointwise,0.0
1.0,0.42857142857142855,0.0,6,14,124,bounded_continuous,500,25,normal_bonferroni,1.0
1.0,0.42857142857142855,0.0,6,14,124,bounded_continuous,500,25,multiplier,1.0
1.0,0.0,0.0,0,14,124,bounded_continuous,500,25,hoeffding,1.0
1.0,0.6428571428571429,0.0,9,14,125,bounded_continuous,500,25,pointwise,0.0
1.0,0.5,0.0,7,14,125,bounded_continuous,500,25,normal_bonferroni,1.0
1.0,0.5,0.0,7,14,125,bounded_continuous,500,25,multiplier,1.0
1.0,0.0,0.0,0,14,125,bounded_continuous,500,25,hoeffding,1.0
1.0,0.6428571428571429,0.0,9,14,126,bounded_continuous,500,25,pointwise,1.0
1.0,0.42857142857142855,0.0,6,14,126,bounded_continuous,500,25,normal_bonferroni,1.0
1.0,0.42857142857142855,0.0,6,14,126,bounded_continuous,500,25,multiplier,1.0
1.0,0.0,0.0,0,14,126,bounded_continuous,500,25,hoeffding,1.0
1.0,0.7142857142857143,0.0,10,14,127,bounded_continuous,500,25,pointwise,1.0
1.0,0.5,0.0,7,14,127,bounded_continuous,500,25,normal_bonferroni,1.0
1.0,0.5,0.0,7,14,127,bounded_continuous,500,25,multiplier,1.0
1.0,0.0,0.0,0,14,127,bounded_continuous,500,25,hoeffding,1.0
1.0,0.5714285714285714,0.0,8,14,128,bounded_continuous,500,25,pointwise,1.0
1.0,0.42857142857142855,0.0,6,14,128,bounded_continuous,500,25,normal_bonferroni,1.0
1.0,0.42857142857142855,0.0,6,14,128,bounded_continuous,500,25,multiplier,1.0
1.0,0.0,0.0,0,14,128,bounded_continuous,500,25,hoeffding,1.0
1.0,0.5714285714285714,0.0,8,14,129,bounded_continuous,500,25,pointwise,0.0
1.0,0.42857142857142855,0.0,6,14,129,bounded_continuous,500,25,normal_bonferroni,1.0
1.0,0.42857142857142855,0.0,6,14,129,bounded_continuous,500,25,multiplier,1.0
1.0,0.0,0.0,0,14,129,bounded_continuous,500,25,hoeffding,1.0
1.0,0.6428571428571429,0.0,9,14,130,bounded_continuous,500,25,pointwise,1.0
1.0,0.5714285714285714,0.0,8,14,130,bounded_continuous,500,25,normal_bonferroni,1.0
1.0,0.5714285714285714,0.0,8,14,130,bounded_continuous,500,25,multiplier,1.0
1.0,0.0,0.0,0,14,130,bounded_continuous,500,25,hoeffding,1.0
1.0,0.7142857142857143,0.0,10,14,131,bounded_continuous,500,25,pointwise,0.0
1.0,0.5,0.0,7,14,131,bounded_continuous,500,25,normal_bonferroni,1.0
1.0,0.5,0.0,7,14,131,bounded_continuous,500,25,multiplier,1.0
1.0,0.07142857142857142,0.0,1,14,131,bounded_continuous,500,25,hoeffding,1.0
1.0,0.7857142857142857,0.0,11,14,132,bounded_continuous,500,25,pointwise,0.0
1.0,0.42857142857142855,0.0,6,14,132,bounded_continuous,500,25,normal_bonferroni,1.0
1.0,0.42857142857142855,0.0,6,14,132,bounded_continuous,500,25,multiplier,1.0
1.0,0.0,0.0,0,14,132,bounded_continuous,500,25,hoeffding,1.0
1.0,0.6428571428571429,0.0,9,14,133,bounded_continuous,500,25,pointwise,0.0
1.0,0.5714285714285714,0.0,8,14,133,bounded_continuous,500,25,normal_bonferroni,1.0
1.0,0.5714285714285714,0.0,8,14,133,bounded_continuous,500,25,multiplier,1.0
1.0,0.0,0.0,0,14,133,bounded_continuous,500,25,hoeffding,1.0
1.0,0.5714285714285714,0.0,8,14,134,bounded_continuous,500,25,pointwise,1.0
1.0,0.42857142857142855,0.0,6,14,134,bounded_continuous,500,25,normal_bonferroni,1.0
1.0,0.42857142857142855,0.0,6,14,134,bounded_continuous,500,25,multiplier,1.0
1.0,0.0,0.0,0,14,134,bounded_continuous,500,25,hoeffding,1.0
1.0,0.6428571428571429,0.0,9,14,135,bounded_continuous,500,25,pointwise,0.0
1.0,0.2857142857142857,0.0,4,14,135,bounded_continuous,500,25,normal_bonferroni,1.0
1.0,0.2857142857142857,0.0,4,14,135,bounded_continuous,500,25,multiplier,1.0
1.0,0.0,0.0,0,14,135,bounded_continuous,500,25,hoeffding,1.0
1.0,0.6428571428571429,0.0,9,14,136,bounded_continuous,500,25,pointwise,1.0
1.0,0.42857142857142855,0.0,6,14,136,bounded_continuous,500,25,normal_bonferroni,1.0
1.0,0.42857142857142855,0.0,6,14,136,bounded_continuous,500,25,multiplier,1.0
1.0,0.0,0.0,0,14,136,bounded_continuous,500,25,hoeffding,1.0
1.0,0.6428571428571429,0.0,9,14,137,bounded_continuous,500,25,pointwise,0.0
1.0,0.5714285714285714,0.0,8,14,137,bounded_continuous,500,25,normal_bonferroni,1.0
1.0,0.5714285714285714,0.0,8,14,137,bounded_continuous,500,25,multiplier,1.0
1.0,0.0,0.0,0,14,137,bounded_continuous,500,25,hoeffding,1.0
1.0,0.6428571428571429,0.0,9,14,138,bounded_continuous,500,25,pointwise,0.0
1.0,0.6428571428571429,0.0,9,14,138,bounded_continuous,500,25,normal_bonferroni,1.0
1.0,0.6428571428571429,0.0,9,14,138,bounded_continuous,500,25,multiplier,1.0
1.0,0.0,0.0,0,14,138,bounded_continuous,500,25,hoeffding,1.0
0.0,0.5714285714285714,0.1111111111111111,9,14,139,bounded_continuous,500,25,pointwise,0.0
1.0,0.35714285714285715,0.0,5,14,139,bounded_continuous,500,25,normal_bonferroni,0.0
1.0,0.35714285714285715,0.0,5,14,139,bounded_continuous,500,25,multiplier,0.0
1.0,0.0,0.0,0,14,139,bounded_continuous,500,25,hoeffding,1.0
1.0,0.6428571428571429,0.0,9,14,140,bounded_continuous,500,25,pointwise,0.0
1.0,0.42857142857142855,0.0,6,14,140,bounded_continuous,500,25,normal_bonferroni,1.0
1.0,0.42857142857142855,0.0,6,14,140,bounded_continuous,500,25,multiplier,1.0
1.0,0.0,0.0,0,14,140,bounded_continuous,500,25,hoeffding,1.0
1.0,0.6428571428571429,0.0,9,14,141,bounded_continuous,500,25,pointwise,0.0
1.0,0.5,0.0,7,14,141,bounded_continuous,500,25,normal_bonferroni,1.0
1.0,0.5,0.0,7,14,141,bounded_continuous,500,25,multiplier,1.0
1.0,0.0,0.0,0,14,141,bounded_continuous,500,25,hoeffding,1.0
1.0,0.7857142857142857,0.0,11,14,142,bounded_continuous,500,25,pointwise,0.0
1.0,0.5714285714285714,0.0,8,14,142,bounded_continuous,500,25,normal_bonferroni,1.0
1.0,0.5714285714285714,0.0,8,14,142,bounded_continuous,500,25,multiplier,1.0
1.0,0.0,0.0,0,14,142,bounded_continuous,500,25,hoeffding,1.0
1.0,0.7142857142857143,0.0,10,14,143,bounded_continuous,500,25,pointwise,0.0
1.0,0.5,0.0,7,14,143,bounded_continuous,500,25,normal_bonferroni,1.0
1.0,0.5,0.0,7,14,143,bounded_continuous,500,25,multiplier,1.0
1.0,0.0,0.0,0,14,143,bounded_continuous,500,25,hoeffding,1.0
1.0,0.7142857142857143,0.0,10,14,144,bounded_continuous,500,25,pointwise,1.0
1.0,0.5714285714285714,0.0,8,14,144,bounded_continuous,500,25,normal_bonferroni,1.0
1.0,0.5714285714285714,0.0,8,14,144,bounded_continuous,500,25,multiplier,1.0
1.0,0.0,0.0,0,14,144,bounded_continuous,500,25,hoeffding,1.0
1.0,0.7857142857142857,0.0,11,14,145,bounded_continuous,500,25,pointwise,1.0
1.0,0.42857142857142855,0.0,6,14,145,bounded_continuous,500,25,normal_bonferroni,1.0
1.0,0.42857142857142855,0.0,6,14,145,bounded_continuous,500,25,multiplier,1.0
1.0,0.0,0.0,0,14,145,bounded_continuous,500,25,hoeffding,1.0
1.0,0.5714285714285714,0.0,8,14,146,bounded_continuous,500,25,pointwise,0.0
1.0,0.5,0.0,7,14,146,bounded_continuous,500,25,normal_bonferroni,1.0
1.0,0.5,0.0,7,14,146,bounded_continuous,500,25,multiplier,1.0
1.0,0.07142857142857142,0.0,1,14,146,bounded_continuous,500,25,hoeffding,1.0
1.0,0.7857142857142857,0.0,11,14,147,bounded_continuous,500,25,pointwise,0.0
1.0,0.5,0.0,7,14,147,bounded_continuous,500,25,normal_bonferroni,1.0
1.0,0.5,0.0,7,14,147,bounded_continuous,500,25,multiplier,1.0
1.0,0.07142857142857142,0.0,1,14,147,bounded_continuous,500,25,hoeffding,1.0
1.0,0.7142857142857143,0.0,10,14,148,bounded_continuous,500,25,pointwise,0.0
1.0,0.5,0.0,7,14,148,bounded_continuous,500,25,normal_bonferroni,1.0
1.0,0.5,0.0,7,14,148,bounded_continuous,500,25,multiplier,1.0
1.0,0.0,0.0,0,14,148,bounded_continuous,500,25,hoeffding,1.0
1.0,0.6428571428571429,0.0,9,14,149,bounded_continuous,500,25,pointwise,0.0
1.0,0.5,0.0,7,14,149,bounded_continuous,500,25,normal_bonferroni,1.0
1.0,0.5,0.0,7,14,149,bounded_continuous,500,25,multiplier,1.0
1.0,0.0,0.0,0,14,149,bounded_continuous,500,25,hoeffding,1.0
1.0,0.7142857142857143,0.0,10,14,150,bounded_continuous,500,25,pointwise,0.0
1.0,0.42857142857142855,0.0,6,14,150,bounded_continuous,500,25,normal_bonferroni,1.0
1.0,0.42857142857142855,0.0,6,14,150,bounded_continuous,500,25,multiplier,1.0
1.0,0.0,0.0,0,14,150,bounded_continuous,500,25,hoeffding,1.0
1.0,0.6428571428571429,0.0,9,14,151,bounded_continuous,500,25,pointwise,0.0
1.0,0.42857142857142855,0.0,6,14,151,bounded_continuous,500,25,normal_bonferroni,1.0
1.0,0.42857142857142855,0.0,6,14,151,bounded_continuous,500,25,multiplier,1.0
1.0,0.0,0.0,0,14,151,bounded_continuous,500,25,hoeffding,1.0
1.0,0.6428571428571429,0.0,9,14,152,bounded_continuous,500,25,pointwise,1.0
1.0,0.35714285714285715,0.0,5,14,152,bounded_continuous,500,25,normal_bonferroni,1.0
1.0,0.35714285714285715,0.0,5,14,152,bounded_continuous,500,25,multiplier,1.0
1.0,0.0,0.0,0,14,152,bounded_continuous,500,25,hoeffding,1.0
1.0,0.6428571428571429,0.0,9,14,153,bounded_continuous,500,25,pointwise,1.0
1.0,0.6428571428571429,0.0,9,14,153,bounded_continuous,500,25,normal_bonferroni,1.0
1.0,0.6428571428571429,0.0,9,14,153,bounded_continuous,500,25,multiplier,1.0
1.0,0.0,0.0,0,14,153,bounded_continuous,500,25,hoeffding,1.0
1.0,0.8571428571428571,0.0,12,14,154,bounded_continuous,500,25,pointwise,0.0
1.0,0.5,0.0,7,14,154,bounded_continuous,500,25,normal_bonferroni,0.0
1.0,0.5,0.0,7,14,154,bounded_continuous,500,25,multiplier,0.0
1.0,0.07142857142857142,0.0,1,14,154,bounded_continuous,500,25,hoeffding,1.0
1.0,0.7857142857142857,0.0,11,14,155,bounded_continuous,500,25,pointwise,0.0
1.0,0.5,0.0,7,14,155,bounded_continuous,500,25,normal_bonferroni,1.0
1.0,0.5,0.0,7,14,155,bounded_continuous,500,25,multiplier,1.0
1.0,0.0,0.0,0,14,155,bounded_continuous,500,25,hoeffding,1.0
1.0,0.6428571428571429,0.0,9,14,156,bounded_continuous,500,25,pointwise,0.0
1.0,0.5,0.0,7,14,156,bounded_continuous,500,25,normal_bonferroni,1.0
1.0,0.5,0.0,7,14,156,bounded_continuous,500,25,multiplier,1.0
1.0,0.0,0.0,0,14,156,bounded_continuous,500,25,hoeffding,1.0
1.0,0.7142857142857143,0.0,10,14,157,bounded_continuous,500,25,pointwise,0.0
1.0,0.42857142857142855,0.0,6,14,157,bounded_continuous,500,25,normal_bonferroni,1.0
1.0,0.42857142857142855,0.0,6,14,157,bounded_continuous,500,25,multiplier,1.0
1.0,0.07142857142857142,0.0,1,14,157,bounded_continuous,500,25,hoeffding,1.0
1.0,0.6428571428571429,0.0,9,14,158,bounded_continuous,500,25,pointwise,0.0
1.0,0.5,0.0,7,14,158,bounded_continuous,500,25,normal_bonferroni,1.0
1.0,0.5,0.0,7,14,158,bounded_continuous,500,25,multiplier,1.0
1.0,0.0,0.0,0,14,158,bounded_continuous,500,25,hoeffding,1.0
1.0,0.6428571428571429,0.0,9,14,159,bounded_continuous,500,25,pointwise,0.0
1.0,0.5,0.0,7,14,159,bounded_continuous,500,25,normal_bonferroni,1.0
1.0,0.5,0.0,7,14,159,bounded_continuous,500,25,multiplier,1.0
1.0,0.0,0.0,0,14,159,bounded_continuous,500,25,hoeffding,1.0
1.0,0.5714285714285714,0.0,8,14,160,bounded_continuous,500,25,pointwise,0.0
1.0,0.35714285714285715,0.0,5,14,160,bounded_continuous,500,25,normal_bonferroni,1.0
1.0,0.35714285714285715,0.0,5,14,160,bounded_continuous,500,25,multiplier,1.0
1.0,0.0,0.0,0,14,160,bounded_continuous,500,25,hoeffding,1.0
1.0,0.7142857142857143,0.0,10,14,161,bounded_continuous,500,25,pointwise,1.0
1.0,0.5,0.0,7,14,161,bounded_continuous,500,25,normal_bonferroni,1.0
1.0,0.5,0.0,7,14,161,bounded_continuous,500,25,multiplier,1.0
1.0,0.0,0.0,0,14,161,bounded_continuous,500,25,hoeffding,1.0
1.0,0.7142857142857143,0.0,10,14,162,bounded_continuous,500,25,pointwise,0.0
1.0,0.5714285714285714,0.0,8,14,162,bounded_continuous,500,25,normal_bonferroni,1.0
1.0,0.5714285714285714,0.0,8,14,162,bounded_continuous,500,25,multiplier,1.0
1.0,0.0,0.0,0,14,162,bounded_continuous,500,25,hoeffding,1.0
1.0,0.7142857142857143,0.0,10,14,163,bounded_continuous,500,25,pointwise,1.0
1.0,0.5714285714285714,0.0,8,14,163,bounded_continuous,500,25,normal_bonferroni,1.0
1.0,0.5714285714285714,0.0,8,14,163,bounded_continuous,500,25,multiplier,1.0
1.0,0.0,0.0,0,14,163,bounded_continuous,500,25,hoeffding,1.0
1.0,0.7142857142857143,0.0,10,14,164,bounded_continuous,500,25,pointwise,0.0
1.0,0.5,0.0,7,14,164,bounded_continuous,500,25,normal_bonferroni,1.0
1.0,0.5,0.0,7,14,164,bounded_continuous,500,25,multiplier,1.0
1.0,0.0,0.0,0,14,164,bounded_continuous,500,25,hoeffding,1.0
1.0,0.6428571428571429,0.0,9,14,165,bounded_continuous,500,25,pointwise,0.0
1.0,0.5,0.0,7,14,165,bounded_continuous,500,25,normal_bonferroni,0.0
1.0,0.5,0.0,7,14,165,bounded_continuous,500,25,multiplier,0.0
1.0,0.0,0.0,0,14,165,bounded_continuous,500,25,hoeffding,1.0
1.0,0.5714285714285714,0.0,8,14,166,bounded_continuous,500,25,pointwise,1.0
1.0,0.42857142857142855,0.0,6,14,166,bounded_continuous,500,25,normal_bonferroni,1.0
1.0,0.42857142857142855,0.0,6,14,166,bounded_continuous,500,25,multiplier,1.0
1.0,0.0,0.0,0,14,166,bounded_continuous,500,25,hoeffding,1.0
1.0,0.5714285714285714,0.0,8,14,167,bounded_continuous,500,25,pointwise,1.0
1.0,0.2857142857142857,0.0,4,14,167,bounded_continuous,500,25,normal_bonferroni,1.0
1.0,0.2857142857142857,0.0,4,14,167,bounded_continuous,500,25,multiplier,1.0
1.0,0.0,0.0,0,14,167,bounded_continuous,500,25,hoeffding,1.0
1.0,0.7857142857142857,0.0,11,14,168,bounded_continuous,500,25,pointwise,0.0
1.0,0.6428571428571429,0.0,9,14,168,bounded_continuous,500,25,normal_bonferroni,1.0
1.0,0.6428571428571429,0.0,9,14,168,bounded_continuous,500,25,multiplier,1.0
1.0,0.0,0.0,0,14,168,bounded_continuous,500,25,hoeffding,1.0
1.0,0.7142857142857143,0.0,10,14,169,bounded_continuous,500,25,pointwise,0.0
1.0,0.5,0.0,7,14,169,bounded_continuous,500,25,normal_bonferroni,0.0
1.0,0.5,0.0,7,14,169,bounded_continuous,500,25,multiplier,0.0
1.0,0.0,0.0,0,14,169,bounded_continuous,500,25,hoeffding,1.0
1.0,0.7142857142857143,0.0,10,14,170,bounded_continuous,500,25,pointwise,0.0
1.0,0.42857142857142855,0.0,6,14,170,bounded_continuous,500,25,normal_bonferroni,1.0
1.0,0.42857142857142855,0.0,6,14,170,bounded_continuous,500,25,multiplier,1.0
1.0,0.0,0.0,0,14,170,bounded_continuous,500,25,hoeffding,1.0
1.0,0.6428571428571429,0.0,9,14,171,bounded_continuous,500,25,pointwise,0.0
1.0,0.35714285714285715,0.0,5,14,171,bounded_continuous,500,25,normal_bonferroni,1.0
1.0,0.35714285714285715,0.0,5,14,171,bounded_continuous,500,25,multiplier,1.0
1.0,0.0,0.0,0,14,171,bounded_continuous,500,25,hoeffding,1.0
1.0,0.5,0.0,7,14,172,bounded_continuous,500,25,pointwise,1.0
1.0,0.35714285714285715,0.0,5,14,172,bounded_continuous,500,25,normal_bonferroni,1.0
1.0,0.35714285714285715,0.0,5,14,172,bounded_continuous,500,25,multiplier,1.0
1.0,0.07142857142857142,0.0,1,14,172,bounded_continuous,500,25,hoeffding,1.0
1.0,0.5714285714285714,0.0,8,14,173,bounded_continuous,500,25,pointwise,1.0
1.0,0.42857142857142855,0.0,6,14,173,bounded_continuous,500,25,normal_bonferroni,1.0
1.0,0.42857142857142855,0.0,6,14,173,bounded_continuous,500,25,multiplier,1.0
1.0,0.0,0.0,0,14,173,bounded_continuous,500,25,hoeffding,1.0
1.0,0.7142857142857143,0.0,10,14,174,bounded_continuous,500,25,pointwise,0.0
1.0,0.6428571428571429,0.0,9,14,174,bounded_continuous,500,25,normal_bonferroni,0.0
1.0,0.6428571428571429,0.0,9,14,174,bounded_continuous,500,25,multiplier,0.0
1.0,0.0,0.0,0,14,174,bounded_continuous,500,25,hoeffding,1.0
1.0,0.5714285714285714,0.0,8,14,175,bounded_continuous,500,25,pointwise,1.0
1.0,0.5,0.0,7,14,175,bounded_continuous,500,25,normal_bonferroni,1.0
1.0,0.5,0.0,7,14,175,bounded_continuous,500,25,multiplier,1.0
1.0,0.0,0.0,0,14,175,bounded_continuous,500,25,hoeffding,1.0
1.0,0.6428571428571429,0.0,9,14,176,bounded_continuous,500,25,pointwise,0.0
1.0,0.5,0.0,7,14,176,bounded_continuous,500,25,normal_bonferroni,1.0
1.0,0.5,0.0,7,14,176,bounded_continuous,500,25,multiplier,1.0
1.0,0.0,0.0,0,14,176,bounded_continuous,500,25,hoeffding,1.0
1.0,0.5714285714285714,0.0,8,14,177,bounded_continuous,500,25,pointwise,0.0
1.0,0.5,0.0,7,14,177,bounded_continuous,500,25,normal_bonferroni,0.0
1.0,0.5,0.0,7,14,177,bounded_continuous,500,25,multiplier,0.0
1.0,0.0,0.0,0,14,177,bounded_continuous,500,25,hoeffding,1.0
1.0,0.5714285714285714,0.0,8,14,178,bounded_continuous,500,25,pointwise,1.0
1.0,0.42857142857142855,0.0,6,14,178,bounded_continuous,500,25,normal_bonferroni,1.0
1.0,0.42857142857142855,0.0,6,14,178,bounded_continuous,500,25,multiplier,1.0
1.0,0.07142857142857142,0.0,1,14,178,bounded_continuous,500,25,hoeffding,1.0
1.0,0.7142857142857143,0.0,10,14,179,bounded_continuous,500,25,pointwise,0.0
1.0,0.5714285714285714,0.0,8,14,179,bounded_continuous,500,25,normal_bonferroni,1.0
1.0,0.5714285714285714,0.0,8,14,179,bounded_continuous,500,25,multiplier,1.0
1.0,0.0,0.0,0,14,179,bounded_continuous,500,25,hoeffding,1.0
1.0,0.6428571428571429,0.0,9,14,180,bounded_continuous,500,25,pointwise,1.0
1.0,0.42857142857142855,0.0,6,14,180,bounded_continuous,500,25,normal_bonferroni,1.0
1.0,0.42857142857142855,0.0,6,14,180,bounded_continuous,500,25,multiplier,1.0
1.0,0.0,0.0,0,14,180,bounded_continuous,500,25,hoeffding,1.0
1.0,0.6428571428571429,0.0,9,14,181,bounded_continuous,500,25,pointwise,0.0
1.0,0.5,0.0,7,14,181,bounded_continuous,500,25,normal_bonferroni,1.0
1.0,0.5,0.0,7,14,181,bounded_continuous,500,25,multiplier,1.0
1.0,0.0,0.0,0,14,181,bounded_continuous,500,25,hoeffding,1.0
1.0,0.6428571428571429,0.0,9,14,182,bounded_continuous,500,25,pointwise,0.0
1.0,0.42857142857142855,0.0,6,14,182,bounded_continuous,500,25,normal_bonferroni,1.0
1.0,0.42857142857142855,0.0,6,14,182,bounded_continuous,500,25,multiplier,1.0
1.0,0.0,0.0,0,14,182,bounded_continuous,500,25,hoeffding,1.0
1.0,0.6428571428571429,0.0,9,14,183,bounded_continuous,500,25,pointwise,0.0
1.0,0.42857142857142855,0.0,6,14,183,bounded_continuous,500,25,normal_bonferroni,1.0
1.0,0.42857142857142855,0.0,6,14,183,bounded_continuous,500,25,multiplier,1.0
1.0,0.0,0.0,0,14,183,bounded_continuous,500,25,hoeffding,1.0
1.0,0.6428571428571429,0.0,9,14,184,bounded_continuous,500,25,pointwise,0.0
1.0,0.42857142857142855,0.0,6,14,184,bounded_continuous,500,25,normal_bonferroni,1.0
1.0,0.5,0.0,7,14,184,bounded_continuous,500,25,multiplier,1.0
1.0,0.0,0.0,0,14,184,bounded_continuous,500,25,hoeffding,1.0
0.0,0.5714285714285714,0.1111111111111111,9,14,185,bounded_continuous,500,25,pointwise,0.0
1.0,0.42857142857142855,0.0,6,14,185,bounded_continuous,500,25,normal_bonferroni,1.0
1.0,0.42857142857142855,0.0,6,14,185,bounded_continuous,500,25,multiplier,1.0
1.0,0.0,0.0,0,14,185,bounded_continuous,500,25,hoeffding,1.0
1.0,0.6428571428571429,0.0,9,14,186,bounded_continuous,500,25,pointwise,0.0
1.0,0.5714285714285714,0.0,8,14,186,bounded_continuous,500,25,normal_bonferroni,1.0
1.0,0.5714285714285714,0.0,8,14,186,bounded_continuous,500,25,multiplier,1.0
1.0,0.0,0.0,0,14,186,bounded_continuous,500,25,hoeffding,1.0
1.0,0.7142857142857143,0.0,10,14,187,bounded_continuous,500,25,pointwise,0.0
1.0,0.42857142857142855,0.0,6,14,187,bounded_continuous,500,25,normal_bonferroni,1.0
1.0,0.42857142857142855,0.0,6,14,187,bounded_continuous,500,25,multiplier,1.0
1.0,0.07142857142857142,0.0,1,14,187,bounded_continuous,500,25,hoeffding,1.0
1.0,0.7857142857142857,0.0,11,14,188,bounded_continuous,500,25,pointwise,0.0
1.0,0.5714285714285714,0.0,8,14,188,bounded_continuous,500,25,normal_bonferroni,1.0
1.0,0.5714285714285714,0.0,8,14,188,bounded_continuous,500,25,multiplier,1.0
1.0,0.0,0.0,0,14,188,bounded_continuous,500,25,hoeffding,1.0
1.0,0.7142857142857143,0.0,10,14,189,bounded_continuous,500,25,pointwise,0.0
1.0,0.42857142857142855,0.0,6,14,189,bounded_continuous,500,25,normal_bonferroni,1.0
1.0,0.42857142857142855,0.0,6,14,189,bounded_continuous,500,25,multiplier,1.0
1.0,0.0,0.0,0,14,189,bounded_continuous,500,25,hoeffding,1.0
1.0,0.6428571428571429,0.0,9,14,190,bounded_continuous,500,25,pointwise,0.0
1.0,0.5714285714285714,0.0,8,14,190,bounded_continuous,500,25,normal_bonferroni,1.0
1.0,0.5714285714285714,0.0,8,14,190,bounded_continuous,500,25,multiplier,1.0
1.0,0.0,0.0,0,14,190,bounded_continuous,500,25,hoeffding,1.0
1.0,0.6428571428571429,0.0,9,14,191,bounded_continuous,500,25,pointwise,0.0
1.0,0.5,0.0,7,14,191,bounded_continuous,500,25,normal_bonferroni,1.0
1.0,0.42857142857142855,0.0,6,14,191,bounded_continuous,500,25,multiplier,1.0
1.0,0.0,0.0,0,14,191,bounded_continuous,500,25,hoeffding,1.0
1.0,0.7857142857142857,0.0,11,14,192,bounded_continuous,500,25,pointwise,0.0
1.0,0.42857142857142855,0.0,6,14,192,bounded_continuous,500,25,normal_bonferroni,1.0
1.0,0.42857142857142855,0.0,6,14,192,bounded_continuous,500,25,multiplier,1.0
1.0,0.0,0.0,0,14,192,bounded_continuous,500,25,hoeffding,1.0
1.0,0.5,0.0,7,14,193,bounded_continuous,500,25,pointwise,0.0
1.0,0.42857142857142855,0.0,6,14,193,bounded_continuous,500,25,normal_bonferroni,1.0
1.0,0.42857142857142855,0.0,6,14,193,bounded_continuous,500,25,multiplier,1.0
1.0,0.0,0.0,0,14,193,bounded_continuous,500,25,hoeffding,1.0
1.0,0.6428571428571429,0.0,9,14,194,bounded_continuous,500,25,pointwise,1.0
1.0,0.35714285714285715,0.0,5,14,194,bounded_continuous,500,25,normal_bonferroni,1.0
1.0,0.35714285714285715,0.0,5,14,194,bounded_continuous,500,25,multiplier,1.0
1.0,0.0,0.0,0,14,194,bounded_continuous,500,25,hoeffding,1.0
1.0,0.7857142857142857,0.0,11,14,195,bounded_continuous,500,25,pointwise,1.0
1.0,0.5,0.0,7,14,195,bounded_continuous,500,25,normal_bonferroni,1.0
1.0,0.5,0.0,7,14,195,bounded_continuous,500,25,multiplier,1.0
1.0,0.0,0.0,0,14,195,bounded_continuous,500,25,hoeffding,1.0
1.0,0.6428571428571429,0.0,9,14,196,bounded_continuous,500,25,pointwise,1.0
1.0,0.42857142857142855,0.0,6,14,196,bounded_continuous,500,25,normal_bonferroni,1.0
1.0,0.42857142857142855,0.0,6,14,196,bounded_continuous,500,25,multiplier,1.0
1.0,0.0,0.0,0,14,196,bounded_continuous,500,25,hoeffding,1.0
1.0,0.6428571428571429,0.0,9,14,197,bounded_continuous,500,25,pointwise,0.0
1.0,0.5,0.0,7,14,197,bounded_continuous,500,25,normal_bonferroni,1.0
1.0,0.5,0.0,7,14,197,bounded_continuous,500,25,multiplier,1.0
1.0,0.0,0.0,0,14,197,bounded_continuous,500,25,hoeffding,1.0
1.0,0.6428571428571429,0.0,9,14,198,bounded_continuous,500,25,pointwise,0.0
1.0,0.35714285714285715,0.0,5,14,198,bounded_continuous,500,25,normal_bonferroni,1.0
1.0,0.35714285714285715,0.0,5,14,198,bounded_continuous,500,25,multiplier,1.0
1.0,0.0,0.0,0,14,198,bounded_continuous,500,25,hoeffding,1.0
1.0,0.5714285714285714,0.0,8,14,199,bounded_continuous,500,25,pointwise,1.0
1.0,0.42857142857142855,0.0,6,14,199,bounded_continuous,500,25,normal_bonferroni,1.0
1.0,0.42857142857142855,0.0,6,14,199,bounded_continuous,500,25,multiplier,1.0
1.0,0.0,0.0,0,14,199,bounded_continuous,500,25,hoeffding,1.0
1.0,0.45454545454545453,0.0,5,11,0,rare_binary,500,25,pointwise,1.0
1.0,0.36363636363636365,0.0,4,11,0,rare_binary,500,25,normal_bonferroni,1.0
1.0,0.36363636363636365,0.0,4,11,0,rare_binary,500,25,multiplier,1.0
1.0,0.36363636363636365,0.0,4,11,0,rare_binary,500,25,exact_bonferroni,1.0
1.0,0.0,0.0,0,11,0,rare_binary,500,25,hoeffding,1.0
1.0,0.36363636363636365,0.0,4,11,0,rare_binary,500,25,holm,
1.0,0.6363636363636364,0.0,7,11,1,rare_binary,500,25,pointwise,0.0
1.0,0.36363636363636365,0.0,4,11,1,rare_binary,500,25,normal_bonferroni,0.0
1.0,0.6363636363636364,0.0,7,11,1,rare_binary,500,25,multiplier,0.0
1.0,0.36363636363636365,0.0,4,11,1,rare_binary,500,25,exact_bonferroni,1.0
1.0,0.0,0.0,0,11,1,rare_binary,500,25,hoeffding,1.0
1.0,0.36363636363636365,0.0,4,11,1,rare_binary,500,25,holm,
1.0,0.36363636363636365,0.0,4,11,2,rare_binary,500,25,pointwise,1.0
1.0,0.36363636363636365,0.0,4,11,2,rare_binary,500,25,normal_bonferroni,1.0
1.0,0.36363636363636365,0.0,4,11,2,rare_binary,500,25,multiplier,1.0
1.0,0.36363636363636365,0.0,4,11,2,rare_binary,500,25,exact_bonferroni,1.0
1.0,0.0,0.0,0,11,2,rare_binary,500,25,hoeffding,1.0
1.0,0.36363636363636365,0.0,4,11,2,rare_binary,500,25,holm,
1.0,0.8181818181818182,0.0,9,11,3,rare_binary,500,25,pointwise,1.0
1.0,0.5454545454545454,0.0,6,11,3,rare_binary,500,25,normal_bonferroni,1.0
1.0,0.6363636363636364,0.0,7,11,3,rare_binary,500,25,multiplier,1.0
1.0,0.36363636363636365,0.0,4,11,3,rare_binary,500,25,exact_bonferroni,1.0
1.0,0.0,0.0,0,11,3,rare_binary,500,25,hoeffding,1.0
1.0,0.36363636363636365,0.0,4,11,3,rare_binary,500,25,holm,
1.0,0.6363636363636364,0.0,7,11,4,rare_binary,500,25,pointwise,0.0
1.0,0.45454545454545453,0.0,5,11,4,rare_binary,500,25,normal_bonferroni,1.0
1.0,0.6363636363636364,0.0,7,11,4,rare_binary,500,25,multiplier,1.0
1.0,0.2727272727272727,0.0,3,11,4,rare_binary,500,25,exact_bonferroni,1.0
1.0,0.0,0.0,0,11,4,rare_binary,500,25,hoeffding,1.0
1.0,0.2727272727272727,0.0,3,11,4,rare_binary,500,25,holm,
1.0,0.5454545454545454,0.0,6,11,5,rare_binary,500,25,pointwise,1.0
1.0,0.36363636363636365,0.0,4,11,5,rare_binary,500,25,normal_bonferroni,1.0
1.0,0.5454545454545454,0.0,6,11,5,rare_binary,500,25,multiplier,1.0
1.0,0.36363636363636365,0.0,4,11,5,rare_binary,500,25,exact_bonferroni,1.0
1.0,0.0,0.0,0,11,5,rare_binary,500,25,hoeffding,1.0
1.0,0.36363636363636365,0.0,4,11,5,rare_binary,500,25,holm,
1.0,0.7272727272727273,0.0,8,11,6,rare_binary,500,25,pointwise,0.0
1.0,0.6363636363636364,0.0,7,11,6,rare_binary,500,25,normal_bonferroni,0.0
1.0,0.6363636363636364,0.0,7,11,6,rare_binary,500,25,multiplier,0.0
1.0,0.45454545454545453,0.0,5,11,6,rare_binary,500,25,exact_bonferroni,1.0
1.0,0.0,0.0,0,11,6,rare_binary,500,25,hoeffding,1.0
1.0,0.45454545454545453,0.0,5,11,6,rare_binary,500,25,holm,
1.0,0.6363636363636364,0.0,7,11,7,rare_binary,500,25,pointwise,0.0
1.0,0.45454545454545453,0.0,5,11,7,rare_binary,500,25,normal_bonferroni,0.0
1.0,0.5454545454545454,0.0,6,11,7,rare_binary,500,25,multiplier,0.0
1.0,0.45454545454545453,0.0,5,11,7,rare_binary,500,25,exact_bonferroni,1.0
1.0,0.0,0.0,0,11,7,rare_binary,500,25,hoeffding,1.0
1.0,0.45454545454545453,0.0,5,11,7,rare_binary,500,25,holm,
1.0,0.6363636363636364,0.0,7,11,8,rare_binary,500,25,pointwise,0.0
1.0,0.45454545454545453,0.0,5,11,8,rare_binary,500,25,normal_bonferroni,1.0
1.0,0.5454545454545454,0.0,6,11,8,rare_binary,500,25,multiplier,1.0
1.0,0.36363636363636365,0.0,4,11,8,rare_binary,500,25,exact_bonferroni,1.0
1.0,0.0,0.0,0,11,8,rare_binary,500,25,hoeffding,1.0
1.0,0.36363636363636365,0.0,4,11,8,rare_binary,500,25,holm,
1.0,0.6363636363636364,0.0,7,11,9,rare_binary,500,25,pointwise,1.0
1.0,0.45454545454545453,0.0,5,11,9,rare_binary,500,25,normal_bonferroni,1.0
1.0,0.45454545454545453,0.0,5,11,9,rare_binary,500,25,multiplier,1.0
1.0,0.36363636363636365,0.0,4,11,9,rare_binary,500,25,exact_bonferroni,1.0
1.0,0.0,0.0,0,11,9,rare_binary,500,25,hoeffding,1.0
1.0,0.36363636363636365,0.0,4,11,9,rare_binary,500,25,holm,
1.0,0.45454545454545453,0.0,5,11,10,rare_binary,500,25,pointwise,0.0
1.0,0.45454545454545453,0.0,5,11,10,rare_binary,500,25,normal_bonferroni,1.0
1.0,0.45454545454545453,0.0,5,11,10,rare_binary,500,25,multiplier,1.0
1.0,0.36363636363636365,0.0,4,11,10,rare_binary,500,25,exact_bonferroni,1.0
1.0,0.0,0.0,0,11,10,rare_binary,500,25,hoeffding,1.0
1.0,0.36363636363636365,0.0,4,11,10,rare_binary,500,25,holm,
1.0,0.5454545454545454,0.0,6,11,11,rare_binary,500,25,pointwise,1.0
1.0,0.36363636363636365,0.0,4,11,11,rare_binary,500,25,normal_bonferroni,1.0
1.0,0.45454545454545453,0.0,5,11,11,rare_binary,500,25,multiplier,1.0
1.0,0.2727272727272727,0.0,3,11,11,rare_binary,500,25,exact_bonferroni,1.0
1.0,0.0,0.0,0,11,11,rare_binary,500,25,hoeffding,1.0
1.0,0.2727272727272727,0.0,3,11,11,rare_binary,500,25,holm,
1.0,0.5454545454545454,0.0,6,11,12,rare_binary,500,25,pointwise,0.0
1.0,0.5454545454545454,0.0,6,11,12,rare_binary,500,25,normal_bonferroni,1.0
1.0,0.5454545454545454,0.0,6,11,12,rare_binary,500,25,multiplier,1.0
1.0,0.2727272727272727,0.0,3,11,12,rare_binary,500,25,exact_bonferroni,1.0
1.0,0.0,0.0,0,11,12,rare_binary,500,25,hoeffding,1.0
1.0,0.2727272727272727,0.0,3,11,12,rare_binary,500,25,holm,
1.0,0.6363636363636364,0.0,7,11,13,rare_binary,500,25,pointwise,0.0
1.0,0.5454545454545454,0.0,6,11,13,rare_binary,500,25,normal_bonferroni,1.0
1.0,0.5454545454545454,0.0,6,11,13,rare_binary,500,25,multiplier,1.0
1.0,0.36363636363636365,0.0,4,11,13,rare_binary,500,25,exact_bonferroni,1.0
1.0,0.0,0.0,0,11,13,rare_binary,500,25,hoeffding,1.0
1.0,0.36363636363636365,0.0,4,11,13,rare_binary,500,25,holm,
1.0,0.6363636363636364,0.0,7,11,14,rare_binary,500,25,pointwise,0.0
1.0,0.6363636363636364,0.0,7,11,14,rare_binary,500,25,normal_bonferroni,1.0
1.0,0.6363636363636364,0.0,7,11,14,rare_binary,500,25,multiplier,1.0
1.0,0.36363636363636365,0.0,4,11,14,rare_binary,500,25,exact_bonferroni,1.0
1.0,0.0,0.0,0,11,14,rare_binary,500,25,hoeffding,1.0
1.0,0.36363636363636365,0.0,4,11,14,rare_binary,500,25,holm,
0.0,0.7272727272727273,0.1111111111111111,9,11,15,rare_binary,500,25,pointwise,0.0
0.0,0.6363636363636364,0.125,8,11,15,rare_binary,500,25,normal_bonferroni,0.0
0.0,0.6363636363636364,0.125,8,11,15,rare_binary,500,25,multiplier,0.0
1.0,0.6363636363636364,0.0,7,11,15,rare_binary,500,25,exact_bonferroni,0.0
1.0,0.0,0.0,0,11,15,rare_binary,500,25,hoeffding,1.0
1.0,0.6363636363636364,0.0,7,11,15,rare_binary,500,25,holm,
1.0,0.36363636363636365,0.0,4,11,16,rare_binary,500,25,pointwise,1.0
1.0,0.2727272727272727,0.0,3,11,16,rare_binary,500,25,normal_bonferroni,1.0
1.0,0.36363636363636365,0.0,4,11,16,rare_binary,500,25,multiplier,1.0
1.0,0.2727272727272727,0.0,3,11,16,rare_binary,500,25,exact_bonferroni,1.0
1.0,0.0,0.0,0,11,16,rare_binary,500,25,hoeffding,1.0
1.0,0.2727272727272727,0.0,3,11,16,rare_binary,500,25,holm,
0.0,0.7272727272727273,0.1111111111111111,9,11,17,rare_binary,500,25,pointwise,0.0
1.0,0.6363636363636364,0.0,7,11,17,rare_binary,500,25,normal_bonferroni,0.0
1.0,0.6363636363636364,0.0,7,11,17,rare_binary,500,25,multiplier,0.0
1.0,0.2727272727272727,0.0,3,11,17,rare_binary,500,25,exact_bonferroni,1.0
1.0,0.0,0.0,0,11,17,rare_binary,500,25,hoeffding,1.0
1.0,0.2727272727272727,0.0,3,11,17,rare_binary,500,25,holm,
1.0,0.8181818181818182,0.0,9,11,18,rare_binary,500,25,pointwise,0.0
1.0,0.45454545454545453,0.0,5,11,18,rare_binary,500,25,normal_bonferroni,0.0
1.0,0.45454545454545453,0.0,5,11,18,rare_binary,500,25,multiplier,0.0
1.0,0.45454545454545453,0.0,5,11,18,rare_binary,500,25,exact_bonferroni,1.0
1.0,0.0,0.0,0,11,18,rare_binary,500,25,hoeffding,1.0
1.0,0.45454545454545453,0.0,5,11,18,rare_binary,500,25,holm,
1.0,0.6363636363636364,0.0,7,11,19,rare_binary,500,25,pointwise,0.0
1.0,0.45454545454545453,0.0,5,11,19,rare_binary,500,25,normal_bonferroni,1.0
1.0,0.5454545454545454,0.0,6,11,19,rare_binary,500,25,multiplier,1.0
1.0,0.36363636363636365,0.0,4,11,19,rare_binary,500,25,exact_bonferroni,1.0
1.0,0.0,0.0,0,11,19,rare_binary,500,25,hoeffding,1.0
1.0,0.36363636363636365,0.0,4,11,19,rare_binary,500,25,holm,
1.0,0.7272727272727273,0.0,8,11,20,rare_binary,500,25,pointwise,0.0
1.0,0.45454545454545453,0.0,5,11,20,rare_binary,500,25,normal_bonferroni,1.0
1.0,0.5454545454545454,0.0,6,11,20,rare_binary,500,25,multiplier,1.0
1.0,0.45454545454545453,0.0,5,11,20,rare_binary,500,25,exact_bonferroni,1.0
1.0,0.0,0.0,0,11,20,rare_binary,500,25,hoeffding,1.0
1.0,0.45454545454545453,0.0,5,11,20,rare_binary,500,25,holm,
1.0,0.5454545454545454,0.0,6,11,21,rare_binary,500,25,pointwise,1.0
1.0,0.36363636363636365,0.0,4,11,21,rare_binary,500,25,normal_bonferroni,1.0
1.0,0.36363636363636365,0.0,4,11,21,rare_binary,500,25,multiplier,1.0
1.0,0.2727272727272727,0.0,3,11,21,rare_binary,500,25,exact_bonferroni,1.0
1.0,0.0,0.0,0,11,21,rare_binary,500,25,hoeffding,1.0
1.0,0.2727272727272727,0.0,3,11,21,rare_binary,500,25,holm,
1.0,0.5454545454545454,0.0,6,11,22,rare_binary,500,25,pointwise,1.0
1.0,0.36363636363636365,0.0,4,11,22,rare_binary,500,25,normal_bonferroni,1.0
1.0,0.45454545454545453,0.0,5,11,22,rare_binary,500,25,multiplier,1.0
1.0,0.18181818181818182,0.0,2,11,22,rare_binary,500,25,exact_bonferroni,1.0
1.0,0.0,0.0,0,11,22,rare_binary,500,25,hoeffding,1.0
1.0,0.18181818181818182,0.0,2,11,22,rare_binary,500,25,holm,
1.0,0.5454545454545454,0.0,6,11,23,rare_binary,500,25,pointwise,0.0
1.0,0.36363636363636365,0.0,4,11,23,rare_binary,500,25,normal_bonferroni,1.0
1.0,0.45454545454545453,0.0,5,11,23,rare_binary,500,25,multiplier,1.0
1.0,0.36363636363636365,0.0,4,11,23,rare_binary,500,25,exact_bonferroni,1.0
1.0,0.0,0.0,0,11,23,rare_binary,500,25,hoeffding,1.0
1.0,0.36363636363636365,0.0,4,11,23,rare_binary,500,25,holm,
1.0,0.36363636363636365,0.0,4,11,24,rare_binary,500,25,pointwise,0.0
1.0,0.36363636363636365,0.0,4,11,24,rare_binary,500,25,normal_bonferroni,1.0
1.0,0.36363636363636365,0.0,4,11,24,rare_binary,500,25,multiplier,1.0
1.0,0.36363636363636365,0.0,4,11,24,rare_binary,500,25,exact_bonferroni,1.0
1.0,0.0,0.0,0,11,24,rare_binary,500,25,hoeffding,1.0
1.0,0.36363636363636365,0.0,4,11,24,rare_binary,500,25,holm,
1.0,0.6363636363636364,0.0,7,11,25,rare_binary,500,25,pointwise,0.0
1.0,0.5454545454545454,0.0,6,11,25,rare_binary,500,25,normal_bonferroni,1.0
1.0,0.5454545454545454,0.0,6,11,25,rare_binary,500,25,multiplier,1.0
1.0,0.45454545454545453,0.0,5,11,25,rare_binary,500,25,exact_bonferroni,1.0
1.0,0.0,0.0,0,11,25,rare_binary,500,25,hoeffding,1.0
1.0,0.45454545454545453,0.0,5,11,25,rare_binary,500,25,holm,
1.0,0.7272727272727273,0.0,8,11,26,rare_binary,500,25,pointwise,0.0
1.0,0.5454545454545454,0.0,6,11,26,rare_binary,500,25,normal_bonferroni,0.0
1.0,0.6363636363636364,0.0,7,11,26,rare_binary,500,25,multiplier,0.0
1.0,0.36363636363636365,0.0,4,11,26,rare_binary,500,25,exact_bonferroni,1.0
1.0,0.0,0.0,0,11,26,rare_binary,500,25,hoeffding,1.0
1.0,0.36363636363636365,0.0,4,11,26,rare_binary,500,25,holm,
1.0,0.36363636363636365,0.0,4,11,27,rare_binary,500,25,pointwise,0.0
1.0,0.36363636363636365,0.0,4,11,27,rare_binary,500,25,normal_bonferroni,1.0
1.0,0.36363636363636365,0.0,4,11,27,rare_binary,500,25,multiplier,1.0
1.0,0.36363636363636365,0.0,4,11,27,rare_binary,500,25,exact_bonferroni,1.0
1.0,0.0,0.0,0,11,27,rare_binary,500,25,hoeffding,1.0
1.0,0.36363636363636365,0.0,4,11,27,rare_binary,500,25,holm,
1.0,0.6363636363636364,0.0,7,11,28,rare_binary,500,25,pointwise,0.0
1.0,0.2727272727272727,0.0,3,11,28,rare_binary,500,25,normal_bonferroni,0.0
1.0,0.5454545454545454,0.0,6,11,28,rare_binary,500,25,multiplier,0.0
1.0,0.36363636363636365,0.0,4,11,28,rare_binary,500,25,exact_bonferroni,1.0
1.0,0.0,0.0,0,11,28,rare_binary,500,25,hoeffding,1.0
1.0,0.36363636363636365,0.0,4,11,28,rare_binary,500,25,holm,
1.0,0.8181818181818182,0.0,9,11,29,rare_binary,500,25,pointwise,0.0
1.0,0.45454545454545453,0.0,5,11,29,rare_binary,500,25,normal_bonferroni,1.0
1.0,0.7272727272727273,0.0,8,11,29,rare_binary,500,25,multiplier,1.0
1.0,0.45454545454545453,0.0,5,11,29,rare_binary,500,25,exact_bonferroni,1.0
1.0,0.0,0.0,0,11,29,rare_binary,500,25,hoeffding,1.0
1.0,0.45454545454545453,0.0,5,11,29,rare_binary,500,25,holm,
1.0,0.45454545454545453,0.0,5,11,30,rare_binary,500,25,pointwise,1.0
1.0,0.36363636363636365,0.0,4,11,30,rare_binary,500,25,normal_bonferroni,1.0
1.0,0.36363636363636365,0.0,4,11,30,rare_binary,500,25,multiplier,1.0
1.0,0.36363636363636365,0.0,4,11,30,rare_binary,500,25,exact_bonferroni,1.0
1.0,0.0,0.0,0,11,30,rare_binary,500,25,hoeffding,1.0
1.0,0.36363636363636365,0.0,4,11,30,rare_binary,500,25,holm,
1.0,0.5454545454545454,0.0,6,11,31,rare_binary,500,25,pointwise,1.0
1.0,0.45454545454545453,0.0,5,11,31,rare_binary,500,25,normal_bonferroni,1.0
1.0,0.45454545454545453,0.0,5,11,31,rare_binary,500,25,multiplier,1.0
1.0,0.36363636363636365,0.0,4,11,31,rare_binary,500,25,exact_bonferroni,1.0
1.0,0.0,0.0,0,11,31,rare_binary,500,25,hoeffding,1.0
1.0,0.36363636363636365,0.0,4,11,31,rare_binary,500,25,holm,
1.0,0.7272727272727273,0.0,8,11,32,rare_binary,500,25,pointwise,0.0
1.0,0.6363636363636364,0.0,7,11,32,rare_binary,500,25,normal_bonferroni,0.0
1.0,0.6363636363636364,0.0,7,11,32,rare_binary,500,25,multiplier,0.0
1.0,0.36363636363636365,0.0,4,11,32,rare_binary,500,25,exact_bonferroni,1.0
1.0,0.0,0.0,0,11,32,rare_binary,500,25,hoeffding,1.0
1.0,0.36363636363636365,0.0,4,11,32,rare_binary,500,25,holm,
1.0,0.5454545454545454,0.0,6,11,33,rare_binary,500,25,pointwise,0.0
1.0,0.45454545454545453,0.0,5,11,33,rare_binary,500,25,normal_bonferroni,1.0
1.0,0.45454545454545453,0.0,5,11,33,rare_binary,500,25,multiplier,1.0
1.0,0.45454545454545453,0.0,5,11,33,rare_binary,500,25,exact_bonferroni,1.0
1.0,0.0,0.0,0,11,33,rare_binary,500,25,hoeffding,1.0
1.0,0.45454545454545453,0.0,5,11,33,rare_binary,500,25,holm,
1.0,0.5454545454545454,0.0,6,11,34,rare_binary,500,25,pointwise,1.0
1.0,0.2727272727272727,0.0,3,11,34,rare_binary,500,25,normal_bonferroni,1.0
1.0,0.5454545454545454,0.0,6,11,34,rare_binary,500,25,multiplier,1.0
1.0,0.2727272727272727,0.0,3,11,34,rare_binary,500,25,exact_bonferroni,1.0
1.0,0.0,0.0,0,11,34,rare_binary,500,25,hoeffding,1.0
1.0,0.2727272727272727,0.0,3,11,34,rare_binary,500,25,holm,
1.0,0.7272727272727273,0.0,8,11,35,rare_binary,500,25,pointwise,0.0
1.0,0.5454545454545454,0.0,6,11,35,rare_binary,500,25,normal_bonferroni,1.0
1.0,0.5454545454545454,0.0,6,11,35,rare_binary,500,25,multiplier,1.0
1.0,0.36363636363636365,0.0,4,11,35,rare_binary,500,25,exact_bonferroni,1.0
1.0,0.0,0.0,0,11,35,rare_binary,500,25,hoeffding,1.0
1.0,0.36363636363636365,0.0,4,11,35,rare_binary,500,25,holm,
1.0,0.6363636363636364,0.0,7,11,36,rare_binary,500,25,pointwise,0.0
1.0,0.2727272727272727,0.0,3,11,36,rare_binary,500,25,normal_bonferroni,1.0
1.0,0.36363636363636365,0.0,4,11,36,rare_binary,500,25,multiplier,1.0
1.0,0.2727272727272727,0.0,3,11,36,rare_binary,500,25,exact_bonferroni,1.0
1.0,0.0,0.0,0,11,36,rare_binary,500,25,hoeffding,1.0
1.0,0.2727272727272727,0.0,3,11,36,rare_binary,500,25,holm,
0.0,0.9090909090909091,0.09090909090909091,11,11,37,rare_binary,500,25,pointwise,0.0
1.0,0.5454545454545454,0.0,6,11,37,rare_binary,500,25,normal_bonferroni,0.0
1.0,0.6363636363636364,0.0,7,11,37,rare_binary,500,25,multiplier,0.0
1.0,0.5454545454545454,0.0,6,11,37,rare_binary,500,25,exact_bonferroni,1.0
1.0,0.0,0.0,0,11,37,rare_binary,500,25,hoeffding,1.0
1.0,0.5454545454545454,0.0,6,11,37,rare_binary,500,25,holm,
1.0,0.5454545454545454,0.0,6,11,38,rare_binary,500,25,pointwise,0.0
1.0,0.36363636363636365,0.0,4,11,38,rare_binary,500,25,normal_bonferroni,1.0
1.0,0.36363636363636365,0.0,4,11,38,rare_binary,500,25,multiplier,1.0
1.0,0.36363636363636365,0.0,4,11,38,rare_binary,500,25,exact_bonferroni,1.0
1.0,0.0,0.0,0,11,38,rare_binary,500,25,hoeffding,1.0
1.0,0.36363636363636365,0.0,4,11,38,rare_binary,500,25,holm,
1.0,0.6363636363636364,0.0,7,11,39,rare_binary,500,25,pointwise,0.0
1.0,0.6363636363636364,0.0,7,11,39,rare_binary,500,25,normal_bonferroni,1.0
1.0,0.6363636363636364,0.0,7,11,39,rare_binary,500,25,multiplier,1.0
1.0,0.36363636363636365,0.0,4,11,39,rare_binary,500,25,exact_bonferroni,1.0
1.0,0.0,0.0,0,11,39,rare_binary,500,25,hoeffding,1.0
1.0,0.36363636363636365,0.0,4,11,39,rare_binary,500,25,holm,
1.0,0.7272727272727273,0.0,8,11,40,rare_binary,500,25,pointwise,0.0
1.0,0.36363636363636365,0.0,4,11,40,rare_binary,500,25,normal_bonferroni,1.0
1.0,0.7272727272727273,0.0,8,11,40,rare_binary,500,25,multiplier,1.0
1.0,0.45454545454545453,0.0,5,11,40,rare_binary,500,25,exact_bonferroni,1.0
1.0,0.0,0.0,0,11,40,rare_binary,500,25,hoeffding,1.0
1.0,0.45454545454545453,0.0,5,11,40,rare_binary,500,25,holm,
1.0,0.8181818181818182,0.0,9,11,41,rare_binary,500,25,pointwise,0.0
1.0,0.5454545454545454,0.0,6,11,41,rare_binary,500,25,normal_bonferroni,1.0
1.0,0.5454545454545454,0.0,6,11,41,rare_binary,500,25,multiplier,1.0
1.0,0.5454545454545454,0.0,6,11,41,rare_binary,500,25,exact_bonferroni,1.0
1.0,0.0,0.0,0,11,41,rare_binary,500,25,hoeffding,1.0
1.0,0.5454545454545454,0.0,6,11,41,rare_binary,500,25,holm,
1.0,0.7272727272727273,0.0,8,11,42,rare_binary,500,25,pointwise,0.0
1.0,0.6363636363636364,0.0,7,11,42,rare_binary,500,25,normal_bonferroni,1.0
1.0,0.6363636363636364,0.0,7,11,42,rare_binary,500,25,multiplier,1.0
1.0,0.2727272727272727,0.0,3,11,42,rare_binary,500,25,exact_bonferroni,1.0
1.0,0.0,0.0,0,11,42,rare_binary,500,25,hoeffding,1.0
1.0,0.2727272727272727,0.0,3,11,42,rare_binary,500,25,holm,
0.0,0.6363636363636364,0.125,8,11,43,rare_binary,500,25,pointwise,0.0
1.0,0.6363636363636364,0.0,7,11,43,rare_binary,500,25,normal_bonferroni,0.0
1.0,0.6363636363636364,0.0,7,11,43,rare_binary,500,25,multiplier,0.0
1.0,0.5454545454545454,0.0,6,11,43,rare_binary,500,25,exact_bonferroni,1.0
1.0,0.0,0.0,0,11,43,rare_binary,500,25,hoeffding,1.0
1.0,0.5454545454545454,0.0,6,11,43,rare_binary,500,25,holm,
1.0,0.5454545454545454,0.0,6,11,44,rare_binary,500,25,pointwise,0.0
1.0,0.45454545454545453,0.0,5,11,44,rare_binary,500,25,normal_bonferroni,1.0
1.0,0.45454545454545453,0.0,5,11,44,rare_binary,500,25,multiplier,1.0
1.0,0.2727272727272727,0.0,3,11,44,rare_binary,500,25,exact_bonferroni,1.0
1.0,0.0,0.0,0,11,44,rare_binary,500,25,hoeffding,1.0
1.0,0.2727272727272727,0.0,3,11,44,rare_binary,500,25,holm,
1.0,0.7272727272727273,0.0,8,11,45,rare_binary,500,25,pointwise,0.0
1.0,0.6363636363636364,0.0,7,11,45,rare_binary,500,25,normal_bonferroni,1.0
1.0,0.6363636363636364,0.0,7,11,45,rare_binary,500,25,multiplier,1.0
1.0,0.36363636363636365,0.0,4,11,45,rare_binary,500,25,exact_bonferroni,1.0
1.0,0.0,0.0,0,11,45,rare_binary,500,25,hoeffding,1.0
1.0,0.36363636363636365,0.0,4,11,45,rare_binary,500,25,holm,
1.0,0.45454545454545453,0.0,5,11,46,rare_binary,500,25,pointwise,1.0
1.0,0.36363636363636365,0.0,4,11,46,rare_binary,500,25,normal_bonferroni,1.0
1.0,0.36363636363636365,0.0,4,11,46,rare_binary,500,25,multiplier,1.0
1.0,0.45454545454545453,0.0,5,11,46,rare_binary,500,25,exact_bonferroni,1.0
1.0,0.0,0.0,0,11,46,rare_binary,500,25,hoeffding,1.0
1.0,0.45454545454545453,0.0,5,11,46,rare_binary,500,25,holm,
1.0,0.7272727272727273,0.0,8,11,47,rare_binary,500,25,pointwise,0.0
1.0,0.5454545454545454,0.0,6,11,47,rare_binary,500,25,normal_bonferroni,1.0
1.0,0.6363636363636364,0.0,7,11,47,rare_binary,500,25,multiplier,1.0
1.0,0.45454545454545453,0.0,5,11,47,rare_binary,500,25,exact_bonferroni,1.0
1.0,0.0,0.0,0,11,47,rare_binary,500,25,hoeffding,1.0
1.0,0.45454545454545453,0.0,5,11,47,rare_binary,500,25,holm,
1.0,0.5454545454545454,0.0,6,11,48,rare_binary,500,25,pointwise,0.0
1.0,0.2727272727272727,0.0,3,11,48,rare_binary,500,25,normal_bonferroni,1.0
1.0,0.36363636363636365,0.0,4,11,48,rare_binary,500,25,multiplier,1.0
1.0,0.2727272727272727,0.0,3,11,48,rare_binary,500,25,exact_bonferroni,1.0
1.0,0.0,0.0,0,11,48,rare_binary,500,25,hoeffding,1.0
1.0,0.2727272727272727,0.0,3,11,48,rare_binary,500,25,holm,
1.0,0.5454545454545454,0.0,6,11,49,rare_binary,500,25,pointwise,1.0
1.0,0.45454545454545453,0.0,5,11,49,rare_binary,500,25,normal_bonferroni,1.0
1.0,0.5454545454545454,0.0,6,11,49,rare_binary,500,25,multiplier,1.0
1.0,0.18181818181818182,0.0,2,11,49,rare_binary,500,25,exact_bonferroni,1.0
1.0,0.0,0.0,0,11,49,rare_binary,500,25,hoeffding,1.0
1.0,0.18181818181818182,0.0,2,11,49,rare_binary,500,25,holm,
1.0,0.45454545454545453,0.0,5,11,50,rare_binary,500,25,pointwise,0.0
1.0,0.2727272727272727,0.0,3,11,50,rare_binary,500,25,normal_bonferroni,0.0
1.0,0.36363636363636365,0.0,4,11,50,rare_binary,500,25,multiplier,0.0
1.0,0.36363636363636365,0.0,4,11,50,rare_binary,500,25,exact_bonferroni,1.0
1.0,0.0,0.0,0,11,50,rare_binary,500,25,hoeffding,1.0
1.0,0.36363636363636365,0.0,4,11,50,rare_binary,500,25,holm,
1.0,0.8181818181818182,0.0,9,11,51,rare_binary,500,25,pointwise,0.0
1.0,0.45454545454545453,0.0,5,11,51,rare_binary,500,25,normal_bonferroni,0.0
1.0,0.45454545454545453,0.0,5,11,51,rare_binary,500,25,multiplier,0.0
1.0,0.36363636363636365,0.0,4,11,51,rare_binary,500,25,exact_bonferroni,1.0
1.0,0.0,0.0,0,11,51,rare_binary,500,25,hoeffding,1.0
1.0,0.36363636363636365,0.0,4,11,51,rare_binary,500,25,holm,
1.0,0.6363636363636364,0.0,7,11,52,rare_binary,500,25,pointwise,0.0
1.0,0.45454545454545453,0.0,5,11,52,rare_binary,500,25,normal_bonferroni,1.0
1.0,0.5454545454545454,0.0,6,11,52,rare_binary,500,25,multiplier,1.0
1.0,0.36363636363636365,0.0,4,11,52,rare_binary,500,25,exact_bonferroni,1.0
1.0,0.0,0.0,0,11,52,rare_binary,500,25,hoeffding,1.0
1.0,0.36363636363636365,0.0,4,11,52,rare_binary,500,25,holm,
1.0,0.6363636363636364,0.0,7,11,53,rare_binary,500,25,pointwise,1.0
1.0,0.36363636363636365,0.0,4,11,53,rare_binary,500,25,normal_bonferroni,1.0
1.0,0.45454545454545453,0.0,5,11,53,rare_binary,500,25,multiplier,1.0
1.0,0.2727272727272727,0.0,3,11,53,rare_binary,500,25,exact_bonferroni,1.0
1.0,0.0,0.0,0,11,53,rare_binary,500,25,hoeffding,1.0
1.0,0.2727272727272727,0.0,3,11,53,rare_binary,500,25,holm,
1.0,0.5454545454545454,0.0,6,11,54,rare_binary,500,25,pointwise,0.0
1.0,0.5454545454545454,0.0,6,11,54,rare_binary,500,25,normal_bonferroni,0.0
1.0,0.5454545454545454,0.0,6,11,54,rare_binary,500,25,multiplier,0.0
1.0,0.45454545454545453,0.0,5,11,54,rare_binary,500,25,exact_bonferroni,1.0
1.0,0.0,0.0,0,11,54,rare_binary,500,25,hoeffding,1.0
1.0,0.45454545454545453,0.0,5,11,54,rare_binary,500,25,holm,
1.0,0.6363636363636364,0.0,7,11,55,rare_binary,500,25,pointwise,0.0
1.0,0.2727272727272727,0.0,3,11,55,rare_binary,500,25,normal_bonferroni,1.0
1.0,0.36363636363636365,0.0,4,11,55,rare_binary,500,25,multiplier,1.0
1.0,0.36363636363636365,0.0,4,11,55,rare_binary,500,25,exact_bonferroni,1.0
1.0,0.0,0.0,0,11,55,rare_binary,500,25,hoeffding,1.0
1.0,0.36363636363636365,0.0,4,11,55,rare_binary,500,25,holm,
1.0,0.5454545454545454,0.0,6,11,56,rare_binary,500,25,pointwise,0.0
1.0,0.36363636363636365,0.0,4,11,56,rare_binary,500,25,normal_bonferroni,1.0
1.0,0.5454545454545454,0.0,6,11,56,rare_binary,500,25,multiplier,1.0
1.0,0.36363636363636365,0.0,4,11,56,rare_binary,500,25,exact_bonferroni,1.0
1.0,0.0,0.0,0,11,56,rare_binary,500,25,hoeffding,1.0
1.0,0.36363636363636365,0.0,4,11,56,rare_binary,500,25,holm,
1.0,0.5454545454545454,0.0,6,11,57,rare_binary,500,25,pointwise,0.0
1.0,0.45454545454545453,0.0,5,11,57,rare_binary,500,25,normal_bonferroni,1.0
1.0,0.5454545454545454,0.0,6,11,57,rare_binary,500,25,multiplier,1.0
1.0,0.36363636363636365,0.0,4,11,57,rare_binary,500,25,exact_bonferroni,1.0
1.0,0.0,0.0,0,11,57,rare_binary,500,25,hoeffding,1.0
1.0,0.36363636363636365,0.0,4,11,57,rare_binary,500,25,holm,
1.0,0.6363636363636364,0.0,7,11,58,rare_binary,500,25,pointwise,0.0
1.0,0.2727272727272727,0.0,3,11,58,rare_binary,500,25,normal_bonferroni,1.0
1.0,0.45454545454545453,0.0,5,11,58,rare_binary,500,25,multiplier,1.0
1.0,0.36363636363636365,0.0,4,11,58,rare_binary,500,25,exact_bonferroni,1.0
1.0,0.0,0.0,0,11,58,rare_binary,500,25,hoeffding,1.0
1.0,0.36363636363636365,0.0,4,11,58,rare_binary,500,25,holm,
0.0,0.7272727272727273,0.1111111111111111,9,11,59,rare_binary,500,25,pointwise,0.0
1.0,0.5454545454545454,0.0,6,11,59,rare_binary,500,25,normal_bonferroni,1.0
1.0,0.5454545454545454,0.0,6,11,59,rare_binary,500,25,multiplier,1.0
1.0,0.5454545454545454,0.0,6,11,59,rare_binary,500,25,exact_bonferroni,1.0
1.0,0.0,0.0,0,11,59,rare_binary,500,25,hoeffding,1.0
1.0,0.5454545454545454,0.0,6,11,59,rare_binary,500,25,holm,
1.0,0.6363636363636364,0.0,7,11,60,rare_binary,500,25,pointwise,0.0
1.0,0.6363636363636364,0.0,7,11,60,rare_binary,500,25,normal_bonferroni,1.0
1.0,0.6363636363636364,0.0,7,11,60,rare_binary,500,25,multiplier,1.0
1.0,0.45454545454545453,0.0,5,11,60,rare_binary,500,25,exact_bonferroni,1.0
1.0,0.0,0.0,0,11,60,rare_binary,500,25,hoeffding,1.0
1.0,0.45454545454545453,0.0,5,11,60,rare_binary,500,25,holm,
1.0,0.7272727272727273,0.0,8,11,61,rare_binary,500,25,pointwise,0.0
1.0,0.5454545454545454,0.0,6,11,61,rare_binary,500,25,normal_bonferroni,1.0
1.0,0.6363636363636364,0.0,7,11,61,rare_binary,500,25,multiplier,1.0
1.0,0.45454545454545453,0.0,5,11,61,rare_binary,500,25,exact_bonferroni,1.0
1.0,0.0,0.0,0,11,61,rare_binary,500,25,hoeffding,1.0
1.0,0.45454545454545453,0.0,5,11,61,rare_binary,500,25,holm,
1.0,0.7272727272727273,0.0,8,11,62,rare_binary,500,25,pointwise,0.0
1.0,0.45454545454545453,0.0,5,11,62,rare_binary,500,25,normal_bonferroni,0.0
1.0,0.45454545454545453,0.0,5,11,62,rare_binary,500,25,multiplier,0.0
1.0,0.45454545454545453,0.0,5,11,62,rare_binary,500,25,exact_bonferroni,1.0
1.0,0.0,0.0,0,11,62,rare_binary,500,25,hoeffding,1.0
1.0,0.45454545454545453,0.0,5,11,62,rare_binary,500,25,holm,
1.0,0.5454545454545454,0.0,6,11,63,rare_binary,500,25,pointwise,0.0
1.0,0.36363636363636365,0.0,4,11,63,rare_binary,500,25,normal_bonferroni,1.0
1.0,0.5454545454545454,0.0,6,11,63,rare_binary,500,25,multiplier,1.0
1.0,0.36363636363636365,0.0,4,11,63,rare_binary,500,25,exact_bonferroni,1.0
1.0,0.0,0.0,0,11,63,rare_binary,500,25,hoeffding,1.0
1.0,0.36363636363636365,0.0,4,11,63,rare_binary,500,25,holm,
1.0,0.5454545454545454,0.0,6,11,64,rare_binary,500,25,pointwise,0.0
1.0,0.5454545454545454,0.0,6,11,64,rare_binary,500,25,normal_bonferroni,1.0
1.0,0.5454545454545454,0.0,6,11,64,rare_binary,500,25,multiplier,1.0
1.0,0.5454545454545454,0.0,6,11,64,rare_binary,500,25,exact_bonferroni,1.0
1.0,0.0,0.0,0,11,64,rare_binary,500,25,hoeffding,1.0
1.0,0.5454545454545454,0.0,6,11,64,rare_binary,500,25,holm,
1.0,0.45454545454545453,0.0,5,11,65,rare_binary,500,25,pointwise,1.0
1.0,0.45454545454545453,0.0,5,11,65,rare_binary,500,25,normal_bonferroni,1.0
1.0,0.45454545454545453,0.0,5,11,65,rare_binary,500,25,multiplier,1.0
1.0,0.2727272727272727,0.0,3,11,65,rare_binary,500,25,exact_bonferroni,1.0
1.0,0.0,0.0,0,11,65,rare_binary,500,25,hoeffding,1.0
1.0,0.2727272727272727,0.0,3,11,65,rare_binary,500,25,holm,
1.0,0.6363636363636364,0.0,7,11,66,rare_binary,500,25,pointwise,0.0
1.0,0.5454545454545454,0.0,6,11,66,rare_binary,500,25,normal_bonferroni,0.0
1.0,0.5454545454545454,0.0,6,11,66,rare_binary,500,25,multiplier,0.0
1.0,0.45454545454545453,0.0,5,11,66,rare_binary,500,25,exact_bonferroni,1.0
1.0,0.0,0.0,0,11,66,rare_binary,500,25,hoeffding,1.0
1.0,0.45454545454545453,0.0,5,11,66,rare_binary,500,25,holm,
1.0,0.6363636363636364,0.0,7,11,67,rare_binary,500,25,pointwise,0.0
1.0,0.5454545454545454,0.0,6,11,67,rare_binary,500,25,normal_bonferroni,1.0
1.0,0.5454545454545454,0.0,6,11,67,rare_binary,500,25,multiplier,1.0
1.0,0.36363636363636365,0.0,4,11,67,rare_binary,500,25,exact_bonferroni,1.0
1.0,0.0,0.0,0,11,67,rare_binary,500,25,hoeffding,1.0
1.0,0.36363636363636365,0.0,4,11,67,rare_binary,500,25,holm,
1.0,0.45454545454545453,0.0,5,11,68,rare_binary,500,25,pointwise,1.0
1.0,0.36363636363636365,0.0,4,11,68,rare_binary,500,25,normal_bonferroni,1.0
1.0,0.45454545454545453,0.0,5,11,68,rare_binary,500,25,multiplier,1.0
1.0,0.2727272727272727,0.0,3,11,68,rare_binary,500,25,exact_bonferroni,1.0
1.0,0.0,0.0,0,11,68,rare_binary,500,25,hoeffding,1.0
1.0,0.2727272727272727,0.0,3,11,68,rare_binary,500,25,holm,
1.0,0.5454545454545454,0.0,6,11,69,rare_binary,500,25,pointwise,0.0
1.0,0.45454545454545453,0.0,5,11,69,rare_binary,500,25,normal_bonferroni,1.0
1.0,0.45454545454545453,0.0,5,11,69,rare_binary,500,25,multiplier,1.0
1.0,0.2727272727272727,0.0,3,11,69,rare_binary,500,25,exact_bonferroni,1.0
1.0,0.0,0.0,0,11,69,rare_binary,500,25,hoeffding,1.0
1.0,0.2727272727272727,0.0,3,11,69,rare_binary,500,25,holm,
1.0,0.6363636363636364,0.0,7,11,70,rare_binary,500,25,pointwise,0.0
1.0,0.36363636363636365,0.0,4,11,70,rare_binary,500,25,normal_bonferroni,0.0
1.0,0.5454545454545454,0.0,6,11,70,rare_binary,500,25,multiplier,0.0
1.0,0.45454545454545453,0.0,5,11,70,rare_binary,500,25,exact_bonferroni,1.0
1.0,0.0,0.0,0,11,70,rare_binary,500,25,hoeffding,1.0
1.0,0.45454545454545453,0.0,5,11,70,rare_binary,500,25,holm,
1.0,0.5454545454545454,0.0,6,11,71,rare_binary,500,25,pointwise,0.0
1.0,0.36363636363636365,0.0,4,11,71,rare_binary,500,25,normal_bonferroni,1.0
1.0,0.36363636363636365,0.0,4,11,71,rare_binary,500,25,multiplier,1.0
1.0,0.36363636363636365,0.0,4,11,71,rare_binary,500,25,exact_bonferroni,1.0
1.0,0.0,0.0,0,11,71,rare_binary,500,25,hoeffding,1.0
1.0,0.36363636363636365,0.0,4,11,71,rare_binary,500,25,holm,
1.0,0.45454545454545453,0.0,5,11,72,rare_binary,500,25,pointwise,1.0
1.0,0.45454545454545453,0.0,5,11,72,rare_binary,500,25,normal_bonferroni,1.0
1.0,0.45454545454545453,0.0,5,11,72,rare_binary,500,25,multiplier,1.0
1.0,0.36363636363636365,0.0,4,11,72,rare_binary,500,25,exact_bonferroni,1.0
1.0,0.0,0.0,0,11,72,rare_binary,500,25,hoeffding,1.0
1.0,0.36363636363636365,0.0,4,11,72,rare_binary,500,25,holm,
1.0,0.5454545454545454,0.0,6,11,73,rare_binary,500,25,pointwise,1.0
1.0,0.45454545454545453,0.0,5,11,73,rare_binary,500,25,normal_bonferroni,1.0
1.0,0.45454545454545453,0.0,5,11,73,rare_binary,500,25,multiplier,1.0
1.0,0.45454545454545453,0.0,5,11,73,rare_binary,500,25,exact_bonferroni,1.0
1.0,0.0,0.0,0,11,73,rare_binary,500,25,hoeffding,1.0
1.0,0.45454545454545453,0.0,5,11,73,rare_binary,500,25,holm,
1.0,0.5454545454545454,0.0,6,11,74,rare_binary,500,25,pointwise,1.0
1.0,0.36363636363636365,0.0,4,11,74,rare_binary,500,25,normal_bonferroni,1.0
1.0,0.36363636363636365,0.0,4,11,74,rare_binary,500,25,multiplier,1.0
1.0,0.2727272727272727,0.0,3,11,74,rare_binary,500,25,exact_bonferroni,1.0
1.0,0.0,0.0,0,11,74,rare_binary,500,25,hoeffding,1.0
1.0,0.2727272727272727,0.0,3,11,74,rare_binary,500,25,holm,
1.0,0.7272727272727273,0.0,8,11,75,rare_binary,500,25,pointwise,0.0
1.0,0.5454545454545454,0.0,6,11,75,rare_binary,500,25,normal_bonferroni,1.0
1.0,0.6363636363636364,0.0,7,11,75,rare_binary,500,25,multiplier,1.0
1.0,0.45454545454545453,0.0,5,11,75,rare_binary,500,25,exact_bonferroni,1.0
1.0,0.0,0.0,0,11,75,rare_binary,500,25,hoeffding,1.0
1.0,0.45454545454545453,0.0,5,11,75,rare_binary,500,25,holm,
1.0,0.45454545454545453,0.0,5,11,76,rare_binary,500,25,pointwise,1.0
1.0,0.2727272727272727,0.0,3,11,76,rare_binary,500,25,normal_bonferroni,1.0
1.0,0.36363636363636365,0.0,4,11,76,rare_binary,500,25,multiplier,1.0
1.0,0.2727272727272727,0.0,3,11,76,rare_binary,500,25,exact_bonferroni,1.0
1.0,0.0,0.0,0,11,76,rare_binary,500,25,hoeffding,1.0
1.0,0.2727272727272727,0.0,3,11,76,rare_binary,500,25,holm,
1.0,0.5454545454545454,0.0,6,11,77,rare_binary,500,25,pointwise,1.0
1.0,0.36363636363636365,0.0,4,11,77,rare_binary,500,25,normal_bonferroni,1.0
1.0,0.36363636363636365,0.0,4,11,77,rare_binary,500,25,multiplier,1.0
1.0,0.2727272727272727,0.0,3,11,77,rare_binary,500,25,exact_bonferroni,1.0
1.0,0.0,0.0,0,11,77,rare_binary,500,25,hoeffding,1.0
1.0,0.2727272727272727,0.0,3,11,77,rare_binary,500,25,holm,
1.0,0.7272727272727273,0.0,8,11,78,rare_binary,500,25,pointwise,0.0
1.0,0.5454545454545454,0.0,6,11,78,rare_binary,500,25,normal_bonferroni,0.0
1.0,0.5454545454545454,0.0,6,11,78,rare_binary,500,25,multiplier,0.0
1.0,0.5454545454545454,0.0,6,11,78,rare_binary,500,25,exact_bonferroni,1.0
1.0,0.0,0.0,0,11,78,rare_binary,500,25,hoeffding,1.0
1.0,0.5454545454545454,0.0,6,11,78,rare_binary,500,25,holm,
1.0,0.45454545454545453,0.0,5,11,79,rare_binary,500,25,pointwise,1.0
1.0,0.2727272727272727,0.0,3,11,79,rare_binary,500,25,normal_bonferroni,1.0
1.0,0.2727272727272727,0.0,3,11,79,rare_binary,500,25,multiplier,1.0
1.0,0.18181818181818182,0.0,2,11,79,rare_binary,500,25,exact_bonferroni,1.0
1.0,0.0,0.0,0,11,79,rare_binary,500,25,hoeffding,1.0
1.0,0.18181818181818182,0.0,2,11,79,rare_binary,500,25,holm,
0.0,0.36363636363636365,0.2,5,11,80,rare_binary,500,25,pointwise,0.0
1.0,0.2727272727272727,0.0,3,11,80,rare_binary,500,25,normal_bonferroni,1.0
1.0,0.2727272727272727,0.0,3,11,80,rare_binary,500,25,multiplier,1.0
1.0,0.36363636363636365,0.0,4,11,80,rare_binary,500,25,exact_bonferroni,1.0
1.0,0.0,0.0,0,11,80,rare_binary,500,25,hoeffding,1.0
1.0,0.36363636363636365,0.0,4,11,80,rare_binary,500,25,holm,
1.0,0.6363636363636364,0.0,7,11,81,rare_binary,500,25,pointwise,0.0
1.0,0.45454545454545453,0.0,5,11,81,rare_binary,500,25,normal_bonferroni,0.0
1.0,0.5454545454545454,0.0,6,11,81,rare_binary,500,25,multiplier,0.0
1.0,0.45454545454545453,0.0,5,11,81,rare_binary,500,25,exact_bonferroni,1.0
1.0,0.0,0.0,0,11,81,rare_binary,500,25,hoeffding,1.0
1.0,0.45454545454545453,0.0,5,11,81,rare_binary,500,25,holm,
1.0,0.6363636363636364,0.0,7,11,82,rare_binary,500,25,pointwise,0.0
1.0,0.45454545454545453,0.0,5,11,82,rare_binary,500,25,normal_bonferroni,0.0
1.0,0.45454545454545453,0.0,5,11,82,rare_binary,500,25,multiplier,0.0
1.0,0.45454545454545453,0.0,5,11,82,rare_binary,500,25,exact_bonferroni,1.0
1.0,0.0,0.0,0,11,82,rare_binary,500,25,hoeffding,1.0
1.0,0.45454545454545453,0.0,5,11,82,rare_binary,500,25,holm,
1.0,0.5454545454545454,0.0,6,11,83,rare_binary,500,25,pointwise,0.0
1.0,0.36363636363636365,0.0,4,11,83,rare_binary,500,25,normal_bonferroni,1.0
1.0,0.36363636363636365,0.0,4,11,83,rare_binary,500,25,multiplier,1.0
1.0,0.36363636363636365,0.0,4,11,83,rare_binary,500,25,exact_bonferroni,1.0
1.0,0.0,0.0,0,11,83,rare_binary,500,25,hoeffding,1.0
1.0,0.36363636363636365,0.0,4,11,83,rare_binary,500,25,holm,
1.0,0.7272727272727273,0.0,8,11,84,rare_binary,500,25,pointwise,0.0
1.0,0.5454545454545454,0.0,6,11,84,rare_binary,500,25,normal_bonferroni,0.0
1.0,0.6363636363636364,0.0,7,11,84,rare_binary,500,25,multiplier,0.0
1.0,0.6363636363636364,0.0,7,11,84,rare_binary,500,25,exact_bonferroni,1.0
1.0,0.0,0.0,0,11,84,rare_binary,500,25,hoeffding,1.0
1.0,0.6363636363636364,0.0,7,11,84,rare_binary,500,25,holm,
1.0,0.7272727272727273,0.0,8,11,85,rare_binary,500,25,pointwise,0.0
1.0,0.5454545454545454,0.0,6,11,85,rare_binary,500,25,normal_bonferroni,1.0
1.0,0.5454545454545454,0.0,6,11,85,rare_binary,500,25,multiplier,1.0
1.0,0.36363636363636365,0.0,4,11,85,rare_binary,500,25,exact_bonferroni,1.0
1.0,0.0,0.0,0,11,85,rare_binary,500,25,hoeffding,1.0
1.0,0.36363636363636365,0.0,4,11,85,rare_binary,500,25,holm,
1.0,0.45454545454545453,0.0,5,11,86,rare_binary,500,25,pointwise,1.0
1.0,0.45454545454545453,0.0,5,11,86,rare_binary,500,25,normal_bonferroni,1.0
1.0,0.45454545454545453,0.0,5,11,86,rare_binary,500,25,multiplier,1.0
1.0,0.2727272727272727,0.0,3,11,86,rare_binary,500,25,exact_bonferroni,1.0
1.0,0.0,0.0,0,11,86,rare_binary,500,25,hoeffding,1.0
1.0,0.2727272727272727,0.0,3,11,86,rare_binary,500,25,holm,
1.0,0.2727272727272727,0.0,3,11,87,rare_binary,500,25,pointwise,1.0
1.0,0.2727272727272727,0.0,3,11,87,rare_binary,500,25,normal_bonferroni,1.0
1.0,0.2727272727272727,0.0,3,11,87,rare_binary,500,25,multiplier,1.0
1.0,0.18181818181818182,0.0,2,11,87,rare_binary,500,25,exact_bonferroni,1.0
1.0,0.0,0.0,0,11,87,rare_binary,500,25,hoeffding,1.0
1.0,0.18181818181818182,0.0,2,11,87,rare_binary,500,25,holm,
1.0,0.7272727272727273,0.0,8,11,88,rare_binary,500,25,pointwise,0.0
1.0,0.5454545454545454,0.0,6,11,88,rare_binary,500,25,normal_bonferroni,1.0
1.0,0.6363636363636364,0.0,7,11,88,rare_binary,500,25,multiplier,1.0
1.0,0.45454545454545453,0.0,5,11,88,rare_binary,500,25,exact_bonferroni,1.0
1.0,0.0,0.0,0,11,88,rare_binary,500,25,hoeffding,1.0
1.0,0.45454545454545453,0.0,5,11,88,rare_binary,500,25,holm,
1.0,0.5454545454545454,0.0,6,11,89,rare_binary,500,25,pointwise,1.0
1.0,0.45454545454545453,0.0,5,11,89,rare_binary,500,25,normal_bonferroni,1.0
1.0,0.45454545454545453,0.0,5,11,89,rare_binary,500,25,multiplier,1.0
1.0,0.36363636363636365,0.0,4,11,89,rare_binary,500,25,exact_bonferroni,1.0
1.0,0.0,0.0,0,11,89,rare_binary,500,25,hoeffding,1.0
1.0,0.36363636363636365,0.0,4,11,89,rare_binary,500,25,holm,
1.0,0.5454545454545454,0.0,6,11,90,rare_binary,500,25,pointwise,0.0
1.0,0.45454545454545453,0.0,5,11,90,rare_binary,500,25,normal_bonferroni,1.0
1.0,0.45454545454545453,0.0,5,11,90,rare_binary,500,25,multiplier,1.0
1.0,0.2727272727272727,0.0,3,11,90,rare_binary,500,25,exact_bonferroni,1.0
1.0,0.0,0.0,0,11,90,rare_binary,500,25,hoeffding,1.0
1.0,0.2727272727272727,0.0,3,11,90,rare_binary,500,25,holm,
1.0,0.8181818181818182,0.0,9,11,91,rare_binary,500,25,pointwise,0.0
1.0,0.45454545454545453,0.0,5,11,91,rare_binary,500,25,normal_bonferroni,1.0
1.0,0.6363636363636364,0.0,7,11,91,rare_binary,500,25,multiplier,1.0
1.0,0.36363636363636365,0.0,4,11,91,rare_binary,500,25,exact_bonferroni,1.0
1.0,0.0,0.0,0,11,91,rare_binary,500,25,hoeffding,1.0
1.0,0.36363636363636365,0.0,4,11,91,rare_binary,500,25,holm,
1.0,0.6363636363636364,0.0,7,11,92,rare_binary,500,25,pointwise,0.0
1.0,0.5454545454545454,0.0,6,11,92,rare_binary,500,25,normal_bonferroni,0.0
1.0,0.5454545454545454,0.0,6,11,92,rare_binary,500,25,multiplier,0.0
1.0,0.45454545454545453,0.0,5,11,92,rare_binary,500,25,exact_bonferroni,1.0
1.0,0.0,0.0,0,11,92,rare_binary,500,25,hoeffding,1.0
1.0,0.45454545454545453,0.0,5,11,92,rare_binary,500,25,holm,
1.0,0.7272727272727273,0.0,8,11,93,rare_binary,500,25,pointwise,0.0
1.0,0.5454545454545454,0.0,6,11,93,rare_binary,500,25,normal_bonferroni,0.0
1.0,0.5454545454545454,0.0,6,11,93,rare_binary,500,25,multiplier,0.0
1.0,0.2727272727272727,0.0,3,11,93,rare_binary,500,25,exact_bonferroni,1.0
1.0,0.0,0.0,0,11,93,rare_binary,500,25,hoeffding,1.0
1.0,0.2727272727272727,0.0,3,11,93,rare_binary,500,25,holm,
1.0,0.8181818181818182,0.0,9,11,94,rare_binary,500,25,pointwise,0.0
1.0,0.36363636363636365,0.0,4,11,94,rare_binary,500,25,normal_bonferroni,1.0
1.0,0.5454545454545454,0.0,6,11,94,rare_binary,500,25,multiplier,1.0
1.0,0.45454545454545453,0.0,5,11,94,rare_binary,500,25,exact_bonferroni,1.0
1.0,0.0,0.0,0,11,94,rare_binary,500,25,hoeffding,1.0
1.0,0.45454545454545453,0.0,5,11,94,rare_binary,500,25,holm,
1.0,0.45454545454545453,0.0,5,11,95,rare_binary,500,25,pointwise,0.0
1.0,0.18181818181818182,0.0,2,11,95,rare_binary,500,25,normal_bonferroni,1.0
1.0,0.18181818181818182,0.0,2,11,95,rare_binary,500,25,multiplier,1.0
1.0,0.2727272727272727,0.0,3,11,95,rare_binary,500,25,exact_bonferroni,1.0
1.0,0.0,0.0,0,11,95,rare_binary,500,25,hoeffding,1.0
1.0,0.2727272727272727,0.0,3,11,95,rare_binary,500,25,holm,
1.0,0.45454545454545453,0.0,5,11,96,rare_binary,500,25,pointwise,0.0
1.0,0.36363636363636365,0.0,4,11,96,rare_binary,500,25,normal_bonferroni,1.0
1.0,0.45454545454545453,0.0,5,11,96,rare_binary,500,25,multiplier,1.0
1.0,0.45454545454545453,0.0,5,11,96,rare_binary,500,25,exact_bonferroni,1.0
1.0,0.0,0.0,0,11,96,rare_binary,500,25,hoeffding,1.0
1.0,0.45454545454545453,0.0,5,11,96,rare_binary,500,25,holm,
1.0,0.7272727272727273,0.0,8,11,97,rare_binary,500,25,pointwise,0.0
1.0,0.5454545454545454,0.0,6,11,97,rare_binary,500,25,normal_bonferroni,1.0
1.0,0.5454545454545454,0.0,6,11,97,rare_binary,500,25,multiplier,1.0
1.0,0.36363636363636365,0.0,4,11,97,rare_binary,500,25,exact_bonferroni,1.0
1.0,0.0,0.0,0,11,97,rare_binary,500,25,hoeffding,1.0
1.0,0.36363636363636365,0.0,4,11,97,rare_binary,500,25,holm,
1.0,0.45454545454545453,0.0,5,11,98,rare_binary,500,25,pointwise,1.0
1.0,0.2727272727272727,0.0,3,11,98,rare_binary,500,25,normal_bonferroni,1.0
1.0,0.2727272727272727,0.0,3,11,98,rare_binary,500,25,multiplier,1.0
1.0,0.2727272727272727,0.0,3,11,98,rare_binary,500,25,exact_bonferroni,1.0
1.0,0.0,0.0,0,11,98,rare_binary,500,25,hoeffding,1.0
1.0,0.2727272727272727,0.0,3,11,98,rare_binary,500,25,holm,
1.0,0.45454545454545453,0.0,5,11,99,rare_binary,500,25,pointwise,1.0
1.0,0.2727272727272727,0.0,3,11,99,rare_binary,500,25,normal_bonferroni,1.0
1.0,0.36363636363636365,0.0,4,11,99,rare_binary,500,25,multiplier,1.0
1.0,0.2727272727272727,0.0,3,11,99,rare_binary,500,25,exact_bonferroni,1.0
1.0,0.0,0.0,0,11,99,rare_binary,500,25,hoeffding,1.0
1.0,0.2727272727272727,0.0,3,11,99,rare_binary,500,25,holm,
1.0,0.6363636363636364,0.0,7,11,100,rare_binary,500,25,pointwise,0.0
1.0,0.5454545454545454,0.0,6,11,100,rare_binary,500,25,normal_bonferroni,1.0
1.0,0.5454545454545454,0.0,6,11,100,rare_binary,500,25,multiplier,1.0
1.0,0.36363636363636365,0.0,4,11,100,rare_binary,500,25,exact_bonferroni,1.0
1.0,0.0,0.0,0,11,100,rare_binary,500,25,hoeffding,1.0
1.0,0.36363636363636365,0.0,4,11,100,rare_binary,500,25,holm,
0.0,0.7272727272727273,0.1111111111111111,9,11,101,rare_binary,500,25,pointwise,0.0
1.0,0.5454545454545454,0.0,6,11,101,rare_binary,500,25,normal_bonferroni,1.0
1.0,0.7272727272727273,0.0,8,11,101,rare_binary,500,25,multiplier,1.0
1.0,0.5454545454545454,0.0,6,11,101,rare_binary,500,25,exact_bonferroni,1.0
1.0,0.0,0.0,0,11,101,rare_binary,500,25,hoeffding,1.0
1.0,0.5454545454545454,0.0,6,11,101,rare_binary,500,25,holm,
1.0,0.6363636363636364,0.0,7,11,102,rare_binary,500,25,pointwise,0.0
1.0,0.6363636363636364,0.0,7,11,102,rare_binary,500,25,normal_bonferroni,1.0
1.0,0.6363636363636364,0.0,7,11,102,rare_binary,500,25,multiplier,1.0
1.0,0.45454545454545453,0.0,5,11,102,rare_binary,500,25,exact_bonferroni,1.0
1.0,0.0,0.0,0,11,102,rare_binary,500,25,hoeffding,1.0
1.0,0.45454545454545453,0.0,5,11,102,rare_binary,500,25,holm,
0.0,0.8181818181818182,0.1,10,11,103,rare_binary,500,25,pointwise,0.0
1.0,0.45454545454545453,0.0,5,11,103,rare_binary,500,25,normal_bonferroni,1.0
1.0,0.5454545454545454,0.0,6,11,103,rare_binary,500,25,multiplier,1.0
1.0,0.45454545454545453,0.0,5,11,103,rare_binary,500,25,exact_bonferroni,1.0
1.0,0.0,0.0,0,11,103,rare_binary,500,25,hoeffding,1.0
1.0,0.45454545454545453,0.0,5,11,103,rare_binary,500,25,holm,
1.0,0.6363636363636364,0.0,7,11,104,rare_binary,500,25,pointwise,0.0
1.0,0.36363636363636365,0.0,4,11,104,rare_binary,500,25,normal_bonferroni,0.0
1.0,0.45454545454545453,0.0,5,11,104,rare_binary,500,25,multiplier,0.0
1.0,0.36363636363636365,0.0,4,11,104,rare_binary,500,25,exact_bonferroni,1.0
1.0,0.0,0.0,0,11,104,rare_binary,500,25,hoeffding,1.0
1.0,0.36363636363636365,0.0,4,11,104,rare_binary,500,25,holm,
1.0,0.7272727272727273,0.0,8,11,105,rare_binary,500,25,pointwise,0.0
1.0,0.5454545454545454,0.0,6,11,105,rare_binary,500,25,normal_bonferroni,1.0
1.0,0.7272727272727273,0.0,8,11,105,rare_binary,500,25,multiplier,1.0
1.0,0.36363636363636365,0.0,4,11,105,rare_binary,500,25,exact_bonferroni,1.0
1.0,0.0,0.0,0,11,105,rare_binary,500,25,hoeffding,1.0
1.0,0.36363636363636365,0.0,4,11,105,rare_binary,500,25,holm,
1.0,0.5454545454545454,0.0,6,11,106,rare_binary,500,25,pointwise,0.0
1.0,0.36363636363636365,0.0,4,11,106,rare_binary,500,25,normal_bonferroni,1.0
1.0,0.36363636363636365,0.0,4,11,106,rare_binary,500,25,multiplier,1.0
1.0,0.2727272727272727,0.0,3,11,106,rare_binary,500,25,exact_bonferroni,1.0
1.0,0.0,0.0,0,11,106,rare_binary,500,25,hoeffding,1.0
1.0,0.2727272727272727,0.0,3,11,106,rare_binary,500,25,holm,
1.0,0.45454545454545453,0.0,5,11,107,rare_binary,500,25,pointwise,1.0
1.0,0.45454545454545453,0.0,5,11,107,rare_binary,500,25,normal_bonferroni,1.0
1.0,0.45454545454545453,0.0,5,11,107,rare_binary,500,25,multiplier,1.0
1.0,0.36363636363636365,0.0,4,11,107,rare_binary,500,25,exact_bonferroni,1.0
1.0,0.0,0.0,0,11,107,rare_binary,500,25,hoeffding,1.0
1.0,0.36363636363636365,0.0,4,11,107,rare_binary,500,25,holm,
1.0,0.9090909090909091,0.0,10,11,108,rare_binary,500,25,pointwise,0.0
1.0,0.6363636363636364,0.0,7,11,108,rare_binary,500,25,normal_bonferroni,1.0
1.0,0.7272727272727273,0.0,8,11,108,rare_binary,500,25,multiplier,1.0
1.0,0.36363636363636365,0.0,4,11,108,rare_binary,500,25,exact_bonferroni,1.0
1.0,0.0,0.0,0,11,108,rare_binary,500,25,hoeffding,1.0
1.0,0.36363636363636365,0.0,4,11,108,rare_binary,500,25,holm,
1.0,0.5454545454545454,0.0,6,11,109,rare_binary,500,25,pointwise,0.0
1.0,0.5454545454545454,0.0,6,11,109,rare_binary,500,25,normal_bonferroni,0.0
1.0,0.5454545454545454,0.0,6,11,109,rare_binary,500,25,multiplier,0.0
1.0,0.5454545454545454,0.0,6,11,109,rare_binary,500,25,exact_bonferroni,1.0
1.0,0.0,0.0,0,11,109,rare_binary,500,25,hoeffding,1.0
1.0,0.5454545454545454,0.0,6,11,109,rare_binary,500,25,holm,
1.0,0.7272727272727273,0.0,8,11,110,rare_binary,500,25,pointwise,0.0
1.0,0.6363636363636364,0.0,7,11,110,rare_binary,500,25,normal_bonferroni,1.0
1.0,0.7272727272727273,0.0,8,11,110,rare_binary,500,25,multiplier,1.0
1.0,0.36363636363636365,0.0,4,11,110,rare_binary,500,25,exact_bonferroni,1.0
1.0,0.0,0.0,0,11,110,rare_binary,500,25,hoeffding,1.0
1.0,0.36363636363636365,0.0,4,11,110,rare_binary,500,25,holm,
1.0,0.6363636363636364,0.0,7,11,111,rare_binary,500,25,pointwise,0.0
1.0,0.5454545454545454,0.0,6,11,111,rare_binary,500,25,normal_bonferroni,1.0
1.0,0.5454545454545454,0.0,6,11,111,rare_binary,500,25,multiplier,1.0
1.0,0.45454545454545453,0.0,5,11,111,rare_binary,500,25,exact_bonferroni,1.0
1.0,0.0,0.0,0,11,111,rare_binary,500,25,hoeffding,1.0
1.0,0.45454545454545453,0.0,5,11,111,rare_binary,500,25,holm,
1.0,0.6363636363636364,0.0,7,11,112,rare_binary,500,25,pointwise,0.0
1.0,0.5454545454545454,0.0,6,11,112,rare_binary,500,25,normal_bonferroni,0.0
1.0,0.6363636363636364,0.0,7,11,112,rare_binary,500,25,multiplier,0.0
1.0,0.45454545454545453,0.0,5,11,112,rare_binary,500,25,exact_bonferroni,1.0
1.0,0.0,0.0,0,11,112,rare_binary,500,25,hoeffding,1.0
1.0,0.45454545454545453,0.0,5,11,112,rare_binary,500,25,holm,
1.0,0.5454545454545454,0.0,6,11,113,rare_binary,500,25,pointwise,0.0
1.0,0.45454545454545453,0.0,5,11,113,rare_binary,500,25,normal_bonferroni,1.0
1.0,0.5454545454545454,0.0,6,11,113,rare_binary,500,25,multiplier,1.0
1.0,0.2727272727272727,0.0,3,11,113,rare_binary,500,25,exact_bonferroni,1.0
1.0,0.0,0.0,0,11,113,rare_binary,500,25,hoeffding,1.0
1.0,0.2727272727272727,0.0,3,11,113,rare_binary,500,25,holm,
1.0,0.45454545454545453,0.0,5,11,114,rare_binary,500,25,pointwise,0.0
1.0,0.45454545454545453,0.0,5,11,114,rare_binary,500,25,normal_bonferroni,1.0
1.0,0.45454545454545453,0.0,5,11,114,rare_binary,500,25,multiplier,1.0
1.0,0.36363636363636365,0.0,4,11,114,rare_binary,500,25,exact_bonferroni,1.0
1.0,0.0,0.0,0,11,114,rare_binary,500,25,hoeffding,1.0
1.0,0.36363636363636365,0.0,4,11,114,rare_binary,500,25,holm,
1.0,0.9090909090909091,0.0,10,11,115,rare_binary,500,25,pointwise,0.0
1.0,0.7272727272727273,0.0,8,11,115,rare_binary,500,25,normal_bonferroni,0.0
1.0,0.7272727272727273,0.0,8,11,115,rare_binary,500,25,multiplier,0.0
1.0,0.5454545454545454,0.0,6,11,115,rare_binary,500,25,exact_bonferroni,1.0
1.0,0.0,0.0,0,11,115,rare_binary,500,25,hoeffding,1.0
1.0,0.5454545454545454,0.0,6,11,115,rare_binary,500,25,holm,
1.0,0.5454545454545454,0.0,6,11,116,rare_binary,500,25,pointwise,0.0
1.0,0.45454545454545453,0.0,5,11,116,rare_binary,500,25,normal_bonferroni,0.0
1.0,0.45454545454545453,0.0,5,11,116,rare_binary,500,25,multiplier,0.0
1.0,0.2727272727272727,0.0,3,11,116,rare_binary,500,25,exact_bonferroni,1.0
1.0,0.0,0.0,0,11,116,rare_binary,500,25,hoeffding,1.0
1.0,0.2727272727272727,0.0,3,11,116,rare_binary,500,25,holm,
1.0,0.36363636363636365,0.0,4,11,117,rare_binary,500,25,pointwise,0.0
1.0,0.2727272727272727,0.0,3,11,117,rare_binary,500,25,normal_bonferroni,1.0
1.0,0.2727272727272727,0.0,3,11,117,rare_binary,500,25,multiplier,1.0
1.0,0.36363636363636365,0.0,4,11,117,rare_binary,500,25,exact_bonferroni,1.0
1.0,0.0,0.0,0,11,117,rare_binary,500,25,hoeffding,1.0
1.0,0.36363636363636365,0.0,4,11,117,rare_binary,500,25,holm,
1.0,0.6363636363636364,0.0,7,11,118,rare_binary,500,25,pointwise,0.0
1.0,0.36363636363636365,0.0,4,11,118,rare_binary,500,25,normal_bonferroni,0.0
1.0,0.45454545454545453,0.0,5,11,118,rare_binary,500,25,multiplier,0.0
1.0,0.45454545454545453,0.0,5,11,118,rare_binary,500,25,exact_bonferroni,1.0
1.0,0.0,0.0,0,11,118,rare_binary,500,25,hoeffding,1.0
1.0,0.45454545454545453,0.0,5,11,118,rare_binary,500,25,holm,
1.0,0.6363636363636364,0.0,7,11,119,rare_binary,500,25,pointwise,0.0
1.0,0.36363636363636365,0.0,4,11,119,rare_binary,500,25,normal_bonferroni,1.0
1.0,0.36363636363636365,0.0,4,11,119,rare_binary,500,25,multiplier,1.0
1.0,0.36363636363636365,0.0,4,11,119,rare_binary,500,25,exact_bonferroni,1.0
1.0,0.0,0.0,0,11,119,rare_binary,500,25,hoeffding,1.0
1.0,0.36363636363636365,0.0,4,11,119,rare_binary,500,25,holm,
1.0,0.6363636363636364,0.0,7,11,120,rare_binary,500,25,pointwise,1.0
1.0,0.36363636363636365,0.0,4,11,120,rare_binary,500,25,normal_bonferroni,1.0
1.0,0.36363636363636365,0.0,4,11,120,rare_binary,500,25,multiplier,1.0
1.0,0.2727272727272727,0.0,3,11,120,rare_binary,500,25,exact_bonferroni,1.0
1.0,0.0,0.0,0,11,120,rare_binary,500,25,hoeffding,1.0
1.0,0.2727272727272727,0.0,3,11,120,rare_binary,500,25,holm,
1.0,0.6363636363636364,0.0,7,11,121,rare_binary,500,25,pointwise,0.0
1.0,0.45454545454545453,0.0,5,11,121,rare_binary,500,25,normal_bonferroni,1.0
1.0,0.45454545454545453,0.0,5,11,121,rare_binary,500,25,multiplier,1.0
1.0,0.45454545454545453,0.0,5,11,121,rare_binary,500,25,exact_bonferroni,1.0
1.0,0.0,0.0,0,11,121,rare_binary,500,25,hoeffding,1.0
1.0,0.45454545454545453,0.0,5,11,121,rare_binary,500,25,holm,
1.0,0.7272727272727273,0.0,8,11,122,rare_binary,500,25,pointwise,0.0
1.0,0.45454545454545453,0.0,5,11,122,rare_binary,500,25,normal_bonferroni,1.0
1.0,0.45454545454545453,0.0,5,11,122,rare_binary,500,25,multiplier,1.0
1.0,0.36363636363636365,0.0,4,11,122,rare_binary,500,25,exact_bonferroni,1.0
1.0,0.0,0.0,0,11,122,rare_binary,500,25,hoeffding,1.0
1.0,0.36363636363636365,0.0,4,11,122,rare_binary,500,25,holm,
1.0,0.6363636363636364,0.0,7,11,123,rare_binary,500,25,pointwise,1.0
1.0,0.45454545454545453,0.0,5,11,123,rare_binary,500,25,normal_bonferroni,1.0
1.0,0.45454545454545453,0.0,5,11,123,rare_binary,500,25,multiplier,1.0
1.0,0.36363636363636365,0.0,4,11,123,rare_binary,500,25,exact_bonferroni,1.0
1.0,0.0,0.0,0,11,123,rare_binary,500,25,hoeffding,1.0
1.0,0.36363636363636365,0.0,4,11,123,rare_binary,500,25,holm,
1.0,0.5454545454545454,0.0,6,11,124,rare_binary,500,25,pointwise,1.0
1.0,0.45454545454545453,0.0,5,11,124,rare_binary,500,25,normal_bonferroni,1.0
1.0,0.45454545454545453,0.0,5,11,124,rare_binary,500,25,multiplier,1.0
1.0,0.18181818181818182,0.0,2,11,124,rare_binary,500,25,exact_bonferroni,1.0
1.0,0.0,0.0,0,11,124,rare_binary,500,25,hoeffding,1.0
1.0,0.18181818181818182,0.0,2,11,124,rare_binary,500,25,holm,
1.0,0.7272727272727273,0.0,8,11,125,rare_binary,500,25,pointwise,0.0
1.0,0.5454545454545454,0.0,6,11,125,rare_binary,500,25,normal_bonferroni,1.0
1.0,0.6363636363636364,0.0,7,11,125,rare_binary,500,25,multiplier,1.0
1.0,0.45454545454545453,0.0,5,11,125,rare_binary,500,25,exact_bonferroni,1.0
1.0,0.0,0.0,0,11,125,rare_binary,500,25,hoeffding,1.0
1.0,0.45454545454545453,0.0,5,11,125,rare_binary,500,25,holm,
1.0,0.5454545454545454,0.0,6,11,126,rare_binary,500,25,pointwise,1.0
1.0,0.36363636363636365,0.0,4,11,126,rare_binary,500,25,normal_bonferroni,1.0
1.0,0.36363636363636365,0.0,4,11,126,rare_binary,500,25,multiplier,1.0
1.0,0.2727272727272727,0.0,3,11,126,rare_binary,500,25,exact_bonferroni,1.0
1.0,0.0,0.0,0,11,126,rare_binary,500,25,hoeffding,1.0
1.0,0.2727272727272727,0.0,3,11,126,rare_binary,500,25,holm,
1.0,0.6363636363636364,0.0,7,11,127,rare_binary,500,25,pointwise,0.0
1.0,0.5454545454545454,0.0,6,11,127,rare_binary,500,25,normal_bonferroni,1.0
1.0,0.6363636363636364,0.0,7,11,127,rare_binary,500,25,multiplier,1.0
1.0,0.45454545454545453,0.0,5,11,127,rare_binary,500,25,exact_bonferroni,1.0
1.0,0.0,0.0,0,11,127,rare_binary,500,25,hoeffding,1.0
1.0,0.45454545454545453,0.0,5,11,127,rare_binary,500,25,holm,
1.0,0.6363636363636364,0.0,7,11,128,rare_binary,500,25,pointwise,1.0
1.0,0.45454545454545453,0.0,5,11,128,rare_binary,500,25,normal_bonferroni,1.0
1.0,0.45454545454545453,0.0,5,11,128,rare_binary,500,25,multiplier,1.0
1.0,0.36363636363636365,0.0,4,11,128,rare_binary,500,25,exact_bonferroni,1.0
1.0,0.0,0.0,0,11,128,rare_binary,500,25,hoeffding,1.0
1.0,0.36363636363636365,0.0,4,11,128,rare_binary,500,25,holm,
1.0,0.7272727272727273,0.0,8,11,129,rare_binary,500,25,pointwise,0.0
1.0,0.45454545454545453,0.0,5,11,129,rare_binary,500,25,normal_bonferroni,1.0
1.0,0.6363636363636364,0.0,7,11,129,rare_binary,500,25,multiplier,1.0
1.0,0.45454545454545453,0.0,5,11,129,rare_binary,500,25,exact_bonferroni,1.0
1.0,0.0,0.0,0,11,129,rare_binary,500,25,hoeffding,1.0
1.0,0.45454545454545453,0.0,5,11,129,rare_binary,500,25,holm,
1.0,0.5454545454545454,0.0,6,11,130,rare_binary,500,25,pointwise,1.0
1.0,0.45454545454545453,0.0,5,11,130,rare_binary,500,25,normal_bonferroni,1.0
1.0,0.45454545454545453,0.0,5,11,130,rare_binary,500,25,multiplier,1.0
1.0,0.45454545454545453,0.0,5,11,130,rare_binary,500,25,exact_bonferroni,1.0
1.0,0.0,0.0,0,11,130,rare_binary,500,25,hoeffding,1.0
1.0,0.45454545454545453,0.0,5,11,130,rare_binary,500,25,holm,
1.0,0.5454545454545454,0.0,6,11,131,rare_binary,500,25,pointwise,0.0
1.0,0.36363636363636365,0.0,4,11,131,rare_binary,500,25,normal_bonferroni,0.0
1.0,0.36363636363636365,0.0,4,11,131,rare_binary,500,25,multiplier,0.0
1.0,0.36363636363636365,0.0,4,11,131,rare_binary,500,25,exact_bonferroni,1.0
1.0,0.0,0.0,0,11,131,rare_binary,500,25,hoeffding,1.0
1.0,0.36363636363636365,0.0,4,11,131,rare_binary,500,25,holm,
1.0,0.5454545454545454,0.0,6,11,132,rare_binary,500,25,pointwise,0.0
1.0,0.5454545454545454,0.0,6,11,132,rare_binary,500,25,normal_bonferroni,1.0
1.0,0.5454545454545454,0.0,6,11,132,rare_binary,500,25,multiplier,1.0
1.0,0.36363636363636365,0.0,4,11,132,rare_binary,500,25,exact_bonferroni,1.0
1.0,0.0,0.0,0,11,132,rare_binary,500,25,hoeffding,1.0
1.0,0.36363636363636365,0.0,4,11,132,rare_binary,500,25,holm,
1.0,0.6363636363636364,0.0,7,11,133,rare_binary,500,25,pointwise,0.0
1.0,0.36363636363636365,0.0,4,11,133,rare_binary,500,25,normal_bonferroni,1.0
1.0,0.36363636363636365,0.0,4,11,133,rare_binary,500,25,multiplier,1.0
1.0,0.36363636363636365,0.0,4,11,133,rare_binary,500,25,exact_bonferroni,1.0
1.0,0.0,0.0,0,11,133,rare_binary,500,25,hoeffding,1.0
1.0,0.36363636363636365,0.0,4,11,133,rare_binary,500,25,holm,
1.0,0.6363636363636364,0.0,7,11,134,rare_binary,500,25,pointwise,1.0
1.0,0.36363636363636365,0.0,4,11,134,rare_binary,500,25,normal_bonferroni,1.0
1.0,0.45454545454545453,0.0,5,11,134,rare_binary,500,25,multiplier,1.0
1.0,0.18181818181818182,0.0,2,11,134,rare_binary,500,25,exact_bonferroni,1.0
1.0,0.0,0.0,0,11,134,rare_binary,500,25,hoeffding,1.0
1.0,0.18181818181818182,0.0,2,11,134,rare_binary,500,25,holm,
1.0,0.45454545454545453,0.0,5,11,135,rare_binary,500,25,pointwise,0.0
1.0,0.45454545454545453,0.0,5,11,135,rare_binary,500,25,normal_bonferroni,1.0
1.0,0.45454545454545453,0.0,5,11,135,rare_binary,500,25,multiplier,1.0
1.0,0.2727272727272727,0.0,3,11,135,rare_binary,500,25,exact_bonferroni,1.0
1.0,0.0,0.0,0,11,135,rare_binary,500,25,hoeffding,1.0
1.0,0.2727272727272727,0.0,3,11,135,rare_binary,500,25,holm,
1.0,0.6363636363636364,0.0,7,11,136,rare_binary,500,25,pointwise,0.0
1.0,0.5454545454545454,0.0,6,11,136,rare_binary,500,25,normal_bonferroni,1.0
1.0,0.5454545454545454,0.0,6,11,136,rare_binary,500,25,multiplier,1.0
1.0,0.36363636363636365,0.0,4,11,136,rare_binary,500,25,exact_bonferroni,1.0
1.0,0.0,0.0,0,11,136,rare_binary,500,25,hoeffding,1.0
1.0,0.36363636363636365,0.0,4,11,136,rare_binary,500,25,holm,
1.0,0.8181818181818182,0.0,9,11,137,rare_binary,500,25,pointwise,0.0
1.0,0.6363636363636364,0.0,7,11,137,rare_binary,500,25,normal_bonferroni,0.0
1.0,0.6363636363636364,0.0,7,11,137,rare_binary,500,25,multiplier,0.0
1.0,0.45454545454545453,0.0,5,11,137,rare_binary,500,25,exact_bonferroni,1.0
1.0,0.0,0.0,0,11,137,rare_binary,500,25,hoeffding,1.0
1.0,0.45454545454545453,0.0,5,11,137,rare_binary,500,25,holm,
1.0,0.5454545454545454,0.0,6,11,138,rare_binary,500,25,pointwise,0.0
1.0,0.36363636363636365,0.0,4,11,138,rare_binary,500,25,normal_bonferroni,0.0
1.0,0.36363636363636365,0.0,4,11,138,rare_binary,500,25,multiplier,0.0
1.0,0.36363636363636365,0.0,4,11,138,rare_binary,500,25,exact_bonferroni,1.0
1.0,0.0,0.0,0,11,138,rare_binary,500,25,hoeffding,1.0
1.0,0.36363636363636365,0.0,4,11,138,rare_binary,500,25,holm,
1.0,0.6363636363636364,0.0,7,11,139,rare_binary,500,25,pointwise,0.0
1.0,0.5454545454545454,0.0,6,11,139,rare_binary,500,25,normal_bonferroni,1.0
1.0,0.5454545454545454,0.0,6,11,139,rare_binary,500,25,multiplier,1.0
1.0,0.36363636363636365,0.0,4,11,139,rare_binary,500,25,exact_bonferroni,1.0
1.0,0.0,0.0,0,11,139,rare_binary,500,25,hoeffding,1.0
1.0,0.36363636363636365,0.0,4,11,139,rare_binary,500,25,holm,
1.0,0.5454545454545454,0.0,6,11,140,rare_binary,500,25,pointwise,0.0
1.0,0.36363636363636365,0.0,4,11,140,rare_binary,500,25,normal_bonferroni,1.0
1.0,0.45454545454545453,0.0,5,11,140,rare_binary,500,25,multiplier,1.0
1.0,0.36363636363636365,0.0,4,11,140,rare_binary,500,25,exact_bonferroni,1.0
1.0,0.0,0.0,0,11,140,rare_binary,500,25,hoeffding,1.0
1.0,0.36363636363636365,0.0,4,11,140,rare_binary,500,25,holm,
0.0,0.5454545454545454,0.14285714285714285,7,11,141,rare_binary,500,25,pointwise,0.0
1.0,0.45454545454545453,0.0,5,11,141,rare_binary,500,25,normal_bonferroni,1.0
1.0,0.5454545454545454,0.0,6,11,141,rare_binary,500,25,multiplier,1.0
1.0,0.36363636363636365,0.0,4,11,141,rare_binary,500,25,exact_bonferroni,1.0
1.0,0.0,0.0,0,11,141,rare_binary,500,25,hoeffding,1.0
1.0,0.36363636363636365,0.0,4,11,141,rare_binary,500,25,holm,
1.0,0.36363636363636365,0.0,4,11,142,rare_binary,500,25,pointwise,1.0
1.0,0.2727272727272727,0.0,3,11,142,rare_binary,500,25,normal_bonferroni,1.0
1.0,0.2727272727272727,0.0,3,11,142,rare_binary,500,25,multiplier,1.0
1.0,0.2727272727272727,0.0,3,11,142,rare_binary,500,25,exact_bonferroni,1.0
1.0,0.0,0.0,0,11,142,rare_binary,500,25,hoeffding,1.0
1.0,0.2727272727272727,0.0,3,11,142,rare_binary,500,25,holm,
1.0,0.7272727272727273,0.0,8,11,143,rare_binary,500,25,pointwise,0.0
1.0,0.36363636363636365,0.0,4,11,143,rare_binary,500,25,normal_bonferroni,1.0
1.0,0.36363636363636365,0.0,4,11,143,rare_binary,500,25,multiplier,1.0
1.0,0.36363636363636365,0.0,4,11,143,rare_binary,500,25,exact_bonferroni,1.0
1.0,0.0,0.0,0,11,143,rare_binary,500,25,hoeffding,1.0
1.0,0.36363636363636365,0.0,4,11,143,rare_binary,500,25,holm,
1.0,0.7272727272727273,0.0,8,11,144,rare_binary,500,25,pointwise,0.0
1.0,0.5454545454545454,0.0,6,11,144,rare_binary,500,25,normal_bonferroni,0.0
1.0,0.5454545454545454,0.0,6,11,144,rare_binary,500,25,multiplier,0.0
1.0,0.5454545454545454,0.0,6,11,144,rare_binary,500,25,exact_bonferroni,1.0
1.0,0.0,0.0,0,11,144,rare_binary,500,25,hoeffding,1.0
1.0,0.5454545454545454,0.0,6,11,144,rare_binary,500,25,holm,
1.0,0.7272727272727273,0.0,8,11,145,rare_binary,500,25,pointwise,0.0
1.0,0.5454545454545454,0.0,6,11,145,rare_binary,500,25,normal_bonferroni,1.0
1.0,0.5454545454545454,0.0,6,11,145,rare_binary,500,25,multiplier,1.0
1.0,0.2727272727272727,0.0,3,11,145,rare_binary,500,25,exact_bonferroni,1.0
1.0,0.0,0.0,0,11,145,rare_binary,500,25,hoeffding,1.0
1.0,0.2727272727272727,0.0,3,11,145,rare_binary,500,25,holm,
1.0,0.6363636363636364,0.0,7,11,146,rare_binary,500,25,pointwise,0.0
1.0,0.6363636363636364,0.0,7,11,146,rare_binary,500,25,normal_bonferroni,0.0
1.0,0.6363636363636364,0.0,7,11,146,rare_binary,500,25,multiplier,0.0
1.0,0.5454545454545454,0.0,6,11,146,rare_binary,500,25,exact_bonferroni,1.0
1.0,0.0,0.0,0,11,146,rare_binary,500,25,hoeffding,1.0
1.0,0.5454545454545454,0.0,6,11,146,rare_binary,500,25,holm,
1.0,0.45454545454545453,0.0,5,11,147,rare_binary,500,25,pointwise,0.0
1.0,0.45454545454545453,0.0,5,11,147,rare_binary,500,25,normal_bonferroni,1.0
1.0,0.45454545454545453,0.0,5,11,147,rare_binary,500,25,multiplier,1.0
1.0,0.5454545454545454,0.0,6,11,147,rare_binary,500,25,exact_bonferroni,1.0
1.0,0.0,0.0,0,11,147,rare_binary,500,25,hoeffding,1.0
1.0,0.5454545454545454,0.0,6,11,147,rare_binary,500,25,holm,
0.0,0.6363636363636364,0.125,8,11,148,rare_binary,500,25,pointwise,0.0
1.0,0.5454545454545454,0.0,6,11,148,rare_binary,500,25,normal_bonferroni,0.0
0.0,0.6363636363636364,0.125,8,11,148,rare_binary,500,25,multiplier,0.0
1.0,0.45454545454545453,0.0,5,11,148,rare_binary,500,25,exact_bonferroni,1.0
1.0,0.0,0.0,0,11,148,rare_binary,500,25,hoeffding,1.0
1.0,0.45454545454545453,0.0,5,11,148,rare_binary,500,25,holm,
1.0,0.5454545454545454,0.0,6,11,149,rare_binary,500,25,pointwise,0.0
1.0,0.45454545454545453,0.0,5,11,149,rare_binary,500,25,normal_bonferroni,1.0
1.0,0.45454545454545453,0.0,5,11,149,rare_binary,500,25,multiplier,1.0
1.0,0.2727272727272727,0.0,3,11,149,rare_binary,500,25,exact_bonferroni,1.0
1.0,0.0,0.0,0,11,149,rare_binary,500,25,hoeffding,1.0
1.0,0.2727272727272727,0.0,3,11,149,rare_binary,500,25,holm,
1.0,0.45454545454545453,0.0,5,11,150,rare_binary,500,25,pointwise,0.0
1.0,0.45454545454545453,0.0,5,11,150,rare_binary,500,25,normal_bonferroni,1.0
1.0,0.45454545454545453,0.0,5,11,150,rare_binary,500,25,multiplier,1.0
1.0,0.2727272727272727,0.0,3,11,150,rare_binary,500,25,exact_bonferroni,1.0
1.0,0.0,0.0,0,11,150,rare_binary,500,25,hoeffding,1.0
1.0,0.2727272727272727,0.0,3,11,150,rare_binary,500,25,holm,
1.0,0.6363636363636364,0.0,7,11,151,rare_binary,500,25,pointwise,1.0
1.0,0.18181818181818182,0.0,2,11,151,rare_binary,500,25,normal_bonferroni,1.0
1.0,0.6363636363636364,0.0,7,11,151,rare_binary,500,25,multiplier,1.0
1.0,0.2727272727272727,0.0,3,11,151,rare_binary,500,25,exact_bonferroni,1.0
1.0,0.0,0.0,0,11,151,rare_binary,500,25,hoeffding,1.0
1.0,0.2727272727272727,0.0,3,11,151,rare_binary,500,25,holm,
1.0,0.6363636363636364,0.0,7,11,152,rare_binary,500,25,pointwise,0.0
1.0,0.45454545454545453,0.0,5,11,152,rare_binary,500,25,normal_bonferroni,1.0
1.0,0.45454545454545453,0.0,5,11,152,rare_binary,500,25,multiplier,1.0
1.0,0.36363636363636365,0.0,4,11,152,rare_binary,500,25,exact_bonferroni,1.0
1.0,0.0,0.0,0,11,152,rare_binary,500,25,hoeffding,1.0
1.0,0.36363636363636365,0.0,4,11,152,rare_binary,500,25,holm,
1.0,0.8181818181818182,0.0,9,11,153,rare_binary,500,25,pointwise,0.0
1.0,0.6363636363636364,0.0,7,11,153,rare_binary,500,25,normal_bonferroni,0.0
1.0,0.6363636363636364,0.0,7,11,153,rare_binary,500,25,multiplier,0.0
1.0,0.7272727272727273,0.0,8,11,153,rare_binary,500,25,exact_bonferroni,1.0
1.0,0.0,0.0,0,11,153,rare_binary,500,25,hoeffding,1.0
1.0,0.7272727272727273,0.0,8,11,153,rare_binary,500,25,holm,
1.0,0.6363636363636364,0.0,7,11,154,rare_binary,500,25,pointwise,0.0
1.0,0.5454545454545454,0.0,6,11,154,rare_binary,500,25,normal_bonferroni,1.0
1.0,0.5454545454545454,0.0,6,11,154,rare_binary,500,25,multiplier,1.0
1.0,0.45454545454545453,0.0,5,11,154,rare_binary,500,25,exact_bonferroni,1.0
1.0,0.0,0.0,0,11,154,rare_binary,500,25,hoeffding,1.0
1.0,0.45454545454545453,0.0,5,11,154,rare_binary,500,25,holm,
1.0,0.5454545454545454,0.0,6,11,155,rare_binary,500,25,pointwise,0.0
1.0,0.36363636363636365,0.0,4,11,155,rare_binary,500,25,normal_bonferroni,1.0
1.0,0.45454545454545453,0.0,5,11,155,rare_binary,500,25,multiplier,1.0
1.0,0.2727272727272727,0.0,3,11,155,rare_binary,500,25,exact_bonferroni,1.0
1.0,0.0,0.0,0,11,155,rare_binary,500,25,hoeffding,1.0
1.0,0.2727272727272727,0.0,3,11,155,rare_binary,500,25,holm,
1.0,0.6363636363636364,0.0,7,11,156,rare_binary,500,25,pointwise,0.0
1.0,0.5454545454545454,0.0,6,11,156,rare_binary,500,25,normal_bonferroni,0.0
1.0,0.5454545454545454,0.0,6,11,156,rare_binary,500,25,multiplier,0.0
1.0,0.5454545454545454,0.0,6,11,156,rare_binary,500,25,exact_bonferroni,1.0
1.0,0.0,0.0,0,11,156,rare_binary,500,25,hoeffding,1.0
1.0,0.5454545454545454,0.0,6,11,156,rare_binary,500,25,holm,
1.0,0.6363636363636364,0.0,7,11,157,rare_binary,500,25,pointwise,0.0
1.0,0.5454545454545454,0.0,6,11,157,rare_binary,500,25,normal_bonferroni,1.0
1.0,0.5454545454545454,0.0,6,11,157,rare_binary,500,25,multiplier,1.0
1.0,0.36363636363636365,0.0,4,11,157,rare_binary,500,25,exact_bonferroni,1.0
1.0,0.0,0.0,0,11,157,rare_binary,500,25,hoeffding,1.0
1.0,0.36363636363636365,0.0,4,11,157,rare_binary,500,25,holm,
1.0,0.2727272727272727,0.0,3,11,158,rare_binary,500,25,pointwise,1.0
1.0,0.2727272727272727,0.0,3,11,158,rare_binary,500,25,normal_bonferroni,1.0
1.0,0.2727272727272727,0.0,3,11,158,rare_binary,500,25,multiplier,1.0
1.0,0.2727272727272727,0.0,3,11,158,rare_binary,500,25,exact_bonferroni,1.0
1.0,0.0,0.0,0,11,158,rare_binary,500,25,hoeffding,1.0
1.0,0.2727272727272727,0.0,3,11,158,rare_binary,500,25,holm,
1.0,0.45454545454545453,0.0,5,11,159,rare_binary,500,25,pointwise,1.0
1.0,0.09090909090909091,0.0,1,11,159,rare_binary,500,25,normal_bonferroni,1.0
1.0,0.18181818181818182,0.0,2,11,159,rare_binary,500,25,multiplier,1.0
1.0,0.18181818181818182,0.0,2,11,159,rare_binary,500,25,exact_bonferroni,1.0
1.0,0.0,0.0,0,11,159,rare_binary,500,25,hoeffding,1.0
1.0,0.18181818181818182,0.0,2,11,159,rare_binary,500,25,holm,
1.0,0.5454545454545454,0.0,6,11,160,rare_binary,500,25,pointwise,1.0
1.0,0.36363636363636365,0.0,4,11,160,rare_binary,500,25,normal_bonferroni,1.0
1.0,0.36363636363636365,0.0,4,11,160,rare_binary,500,25,multiplier,1.0
1.0,0.36363636363636365,0.0,4,11,160,rare_binary,500,25,exact_bonferroni,1.0
1.0,0.0,0.0,0,11,160,rare_binary,500,25,hoeffding,1.0
1.0,0.36363636363636365,0.0,4,11,160,rare_binary,500,25,holm,
1.0,0.45454545454545453,0.0,5,11,161,rare_binary,500,25,pointwise,1.0
1.0,0.2727272727272727,0.0,3,11,161,rare_binary,500,25,normal_bonferroni,1.0
1.0,0.45454545454545453,0.0,5,11,161,rare_binary,500,25,multiplier,1.0
1.0,0.2727272727272727,0.0,3,11,161,rare_binary,500,25,exact_bonferroni,1.0
1.0,0.0,0.0,0,11,161,rare_binary,500,25,hoeffding,1.0
1.0,0.2727272727272727,0.0,3,11,161,rare_binary,500,25,holm,
1.0,0.6363636363636364,0.0,7,11,162,rare_binary,500,25,pointwise,0.0
1.0,0.6363636363636364,0.0,7,11,162,rare_binary,500,25,normal_bonferroni,1.0
1.0,0.6363636363636364,0.0,7,11,162,rare_binary,500,25,multiplier,1.0
1.0,0.45454545454545453,0.0,5,11,162,rare_binary,500,25,exact_bonferroni,1.0
1.0,0.0,0.0,0,11,162,rare_binary,500,25,hoeffding,1.0
1.0,0.45454545454545453,0.0,5,11,162,rare_binary,500,25,holm,
0.0,0.6363636363636364,0.125,8,11,163,rare_binary,500,25,pointwise,0.0
1.0,0.6363636363636364,0.0,7,11,163,rare_binary,500,25,normal_bonferroni,0.0
1.0,0.6363636363636364,0.0,7,11,163,rare_binary,500,25,multiplier,0.0
1.0,0.5454545454545454,0.0,6,11,163,rare_binary,500,25,exact_bonferroni,1.0
1.0,0.0,0.0,0,11,163,rare_binary,500,25,hoeffding,1.0
1.0,0.5454545454545454,0.0,6,11,163,rare_binary,500,25,holm,
1.0,0.7272727272727273,0.0,8,11,164,rare_binary,500,25,pointwise,0.0
1.0,0.5454545454545454,0.0,6,11,164,rare_binary,500,25,normal_bonferroni,1.0
1.0,0.6363636363636364,0.0,7,11,164,rare_binary,500,25,multiplier,1.0
1.0,0.2727272727272727,0.0,3,11,164,rare_binary,500,25,exact_bonferroni,1.0
1.0,0.0,0.0,0,11,164,rare_binary,500,25,hoeffding,1.0
1.0,0.2727272727272727,0.0,3,11,164,rare_binary,500,25,holm,
1.0,0.5454545454545454,0.0,6,11,165,rare_binary,500,25,pointwise,0.0
1.0,0.45454545454545453,0.0,5,11,165,rare_binary,500,25,normal_bonferroni,1.0
1.0,0.45454545454545453,0.0,5,11,165,rare_binary,500,25,multiplier,1.0
1.0,0.36363636363636365,0.0,4,11,165,rare_binary,500,25,exact_bonferroni,1.0
1.0,0.0,0.0,0,11,165,rare_binary,500,25,hoeffding,1.0
1.0,0.36363636363636365,0.0,4,11,165,rare_binary,500,25,holm,
1.0,0.36363636363636365,0.0,4,11,166,rare_binary,500,25,pointwise,1.0
1.0,0.36363636363636365,0.0,4,11,166,rare_binary,500,25,normal_bonferroni,1.0
1.0,0.36363636363636365,0.0,4,11,166,rare_binary,500,25,multiplier,1.0
1.0,0.2727272727272727,0.0,3,11,166,rare_binary,500,25,exact_bonferroni,1.0
1.0,0.0,0.0,0,11,166,rare_binary,500,25,hoeffding,1.0
1.0,0.2727272727272727,0.0,3,11,166,rare_binary,500,25,holm,
1.0,0.8181818181818182,0.0,9,11,167,rare_binary,500,25,pointwise,0.0
1.0,0.5454545454545454,0.0,6,11,167,rare_binary,500,25,normal_bonferroni,1.0
1.0,0.6363636363636364,0.0,7,11,167,rare_binary,500,25,multiplier,1.0
1.0,0.5454545454545454,0.0,6,11,167,rare_binary,500,25,exact_bonferroni,1.0
1.0,0.0,0.0,0,11,167,rare_binary,500,25,hoeffding,1.0
1.0,0.5454545454545454,0.0,6,11,167,rare_binary,500,25,holm,
1.0,0.5454545454545454,0.0,6,11,168,rare_binary,500,25,pointwise,1.0
1.0,0.45454545454545453,0.0,5,11,168,rare_binary,500,25,normal_bonferroni,1.0
1.0,0.45454545454545453,0.0,5,11,168,rare_binary,500,25,multiplier,1.0
1.0,0.45454545454545453,0.0,5,11,168,rare_binary,500,25,exact_bonferroni,1.0
1.0,0.0,0.0,0,11,168,rare_binary,500,25,hoeffding,1.0
1.0,0.45454545454545453,0.0,5,11,168,rare_binary,500,25,holm,
1.0,0.7272727272727273,0.0,8,11,169,rare_binary,500,25,pointwise,0.0
1.0,0.7272727272727273,0.0,8,11,169,rare_binary,500,25,normal_bonferroni,0.0
1.0,0.7272727272727273,0.0,8,11,169,rare_binary,500,25,multiplier,0.0
1.0,0.5454545454545454,0.0,6,11,169,rare_binary,500,25,exact_bonferroni,1.0
1.0,0.0,0.0,0,11,169,rare_binary,500,25,hoeffding,1.0
1.0,0.5454545454545454,0.0,6,11,169,rare_binary,500,25,holm,
1.0,0.5454545454545454,0.0,6,11,170,rare_binary,500,25,pointwise,0.0
1.0,0.36363636363636365,0.0,4,11,170,rare_binary,500,25,normal_bonferroni,1.0
1.0,0.36363636363636365,0.0,4,11,170,rare_binary,500,25,multiplier,1.0
1.0,0.45454545454545453,0.0,5,11,170,rare_binary,500,25,exact_bonferroni,1.0
1.0,0.0,0.0,0,11,170,rare_binary,500,25,hoeffding,1.0
1.0,0.45454545454545453,0.0,5,11,170,rare_binary,500,25,holm,
1.0,0.45454545454545453,0.0,5,11,171,rare_binary,500,25,pointwise,1.0
1.0,0.36363636363636365,0.0,4,11,171,rare_binary,500,25,normal_bonferroni,1.0
1.0,0.45454545454545453,0.0,5,11,171,rare_binary,500,25,multiplier,1.0
1.0,0.36363636363636365,0.0,4,11,171,rare_binary,500,25,exact_bonferroni,1.0
1.0,0.0,0.0,0,11,171,rare_binary,500,25,hoeffding,1.0
1.0,0.36363636363636365,0.0,4,11,171,rare_binary,500,25,holm,
1.0,0.7272727272727273,0.0,8,11,172,rare_binary,500,25,pointwise,0.0
1.0,0.45454545454545453,0.0,5,11,172,rare_binary,500,25,normal_bonferroni,1.0
1.0,0.5454545454545454,0.0,6,11,172,rare_binary,500,25,multiplier,1.0
1.0,0.2727272727272727,0.0,3,11,172,rare_binary,500,25,exact_bonferroni,1.0
1.0,0.0,0.0,0,11,172,rare_binary,500,25,hoeffding,1.0
1.0,0.2727272727272727,0.0,3,11,172,rare_binary,500,25,holm,
1.0,0.5454545454545454,0.0,6,11,173,rare_binary,500,25,pointwise,1.0
1.0,0.45454545454545453,0.0,5,11,173,rare_binary,500,25,normal_bonferroni,1.0
1.0,0.5454545454545454,0.0,6,11,173,rare_binary,500,25,multiplier,1.0
1.0,0.2727272727272727,0.0,3,11,173,rare_binary,500,25,exact_bonferroni,1.0
1.0,0.0,0.0,0,11,173,rare_binary,500,25,hoeffding,1.0
1.0,0.2727272727272727,0.0,3,11,173,rare_binary,500,25,holm,
1.0,0.7272727272727273,0.0,8,11,174,rare_binary,500,25,pointwise,0.0
1.0,0.45454545454545453,0.0,5,11,174,rare_binary,500,25,normal_bonferroni,1.0
1.0,0.45454545454545453,0.0,5,11,174,rare_binary,500,25,multiplier,1.0
1.0,0.45454545454545453,0.0,5,11,174,rare_binary,500,25,exact_bonferroni,1.0
1.0,0.0,0.0,0,11,174,rare_binary,500,25,hoeffding,1.0
1.0,0.45454545454545453,0.0,5,11,174,rare_binary,500,25,holm,
1.0,0.7272727272727273,0.0,8,11,175,rare_binary,500,25,pointwise,0.0
1.0,0.6363636363636364,0.0,7,11,175,rare_binary,500,25,normal_bonferroni,0.0
1.0,0.6363636363636364,0.0,7,11,175,rare_binary,500,25,multiplier,0.0
1.0,0.36363636363636365,0.0,4,11,175,rare_binary,500,25,exact_bonferroni,1.0
1.0,0.0,0.0,0,11,175,rare_binary,500,25,hoeffding,1.0
1.0,0.36363636363636365,0.0,4,11,175,rare_binary,500,25,holm,
1.0,0.45454545454545453,0.0,5,11,176,rare_binary,500,25,pointwise,1.0
1.0,0.2727272727272727,0.0,3,11,176,rare_binary,500,25,normal_bonferroni,1.0
1.0,0.2727272727272727,0.0,3,11,176,rare_binary,500,25,multiplier,1.0
1.0,0.2727272727272727,0.0,3,11,176,rare_binary,500,25,exact_bonferroni,1.0
1.0,0.0,0.0,0,11,176,rare_binary,500,25,hoeffding,1.0
1.0,0.2727272727272727,0.0,3,11,176,rare_binary,500,25,holm,
1.0,0.5454545454545454,0.0,6,11,177,rare_binary,500,25,pointwise,0.0
1.0,0.5454545454545454,0.0,6,11,177,rare_binary,500,25,normal_bonferroni,1.0
1.0,0.5454545454545454,0.0,6,11,177,rare_binary,500,25,multiplier,1.0
1.0,0.36363636363636365,0.0,4,11,177,rare_binary,500,25,exact_bonferroni,1.0
1.0,0.0,0.0,0,11,177,rare_binary,500,25,hoeffding,1.0
1.0,0.36363636363636365,0.0,4,11,177,rare_binary,500,25,holm,
1.0,0.6363636363636364,0.0,7,11,178,rare_binary,500,25,pointwise,0.0
1.0,0.5454545454545454,0.0,6,11,178,rare_binary,500,25,normal_bonferroni,1.0
1.0,0.6363636363636364,0.0,7,11,178,rare_binary,500,25,multiplier,1.0
1.0,0.5454545454545454,0.0,6,11,178,rare_binary,500,25,exact_bonferroni,1.0
1.0,0.0,0.0,0,11,178,rare_binary,500,25,hoeffding,1.0
1.0,0.5454545454545454,0.0,6,11,178,rare_binary,500,25,holm,
1.0,0.7272727272727273,0.0,8,11,179,rare_binary,500,25,pointwise,0.0
1.0,0.5454545454545454,0.0,6,11,179,rare_binary,500,25,normal_bonferroni,0.0
1.0,0.5454545454545454,0.0,6,11,179,rare_binary,500,25,multiplier,0.0
1.0,0.45454545454545453,0.0,5,11,179,rare_binary,500,25,exact_bonferroni,1.0
1.0,0.0,0.0,0,11,179,rare_binary,500,25,hoeffding,1.0
1.0,0.45454545454545453,0.0,5,11,179,rare_binary,500,25,holm,
1.0,0.45454545454545453,0.0,5,11,180,rare_binary,500,25,pointwise,0.0
1.0,0.36363636363636365,0.0,4,11,180,rare_binary,500,25,normal_bonferroni,1.0
1.0,0.36363636363636365,0.0,4,11,180,rare_binary,500,25,multiplier,1.0
1.0,0.45454545454545453,0.0,5,11,180,rare_binary,500,25,exact_bonferroni,1.0
1.0,0.0,0.0,0,11,180,rare_binary,500,25,hoeffding,1.0
1.0,0.45454545454545453,0.0,5,11,180,rare_binary,500,25,holm,
1.0,0.6363636363636364,0.0,7,11,181,rare_binary,500,25,pointwise,0.0
1.0,0.45454545454545453,0.0,5,11,181,rare_binary,500,25,normal_bonferroni,0.0
1.0,0.5454545454545454,0.0,6,11,181,rare_binary,500,25,multiplier,0.0
1.0,0.36363636363636365,0.0,4,11,181,rare_binary,500,25,exact_bonferroni,1.0
1.0,0.0,0.0,0,11,181,rare_binary,500,25,hoeffding,1.0
1.0,0.36363636363636365,0.0,4,11,181,rare_binary,500,25,holm,
1.0,0.7272727272727273,0.0,8,11,182,rare_binary,500,25,pointwise,0.0
1.0,0.5454545454545454,0.0,6,11,182,rare_binary,500,25,normal_bonferroni,1.0
1.0,0.6363636363636364,0.0,7,11,182,rare_binary,500,25,multiplier,1.0
1.0,0.36363636363636365,0.0,4,11,182,rare_binary,500,25,exact_bonferroni,1.0
1.0,0.0,0.0,0,11,182,rare_binary,500,25,hoeffding,1.0
1.0,0.36363636363636365,0.0,4,11,182,rare_binary,500,25,holm,
1.0,0.5454545454545454,0.0,6,11,183,rare_binary,500,25,pointwise,0.0
1.0,0.45454545454545453,0.0,5,11,183,rare_binary,500,25,normal_bonferroni,1.0
1.0,0.45454545454545453,0.0,5,11,183,rare_binary,500,25,multiplier,1.0
1.0,0.45454545454545453,0.0,5,11,183,rare_binary,500,25,exact_bonferroni,1.0
1.0,0.0,0.0,0,11,183,rare_binary,500,25,hoeffding,1.0
1.0,0.45454545454545453,0.0,5,11,183,rare_binary,500,25,holm,
1.0,0.5454545454545454,0.0,6,11,184,rare_binary,500,25,pointwise,1.0
1.0,0.2727272727272727,0.0,3,11,184,rare_binary,500,25,normal_bonferroni,1.0
1.0,0.2727272727272727,0.0,3,11,184,rare_binary,500,25,multiplier,1.0
1.0,0.18181818181818182,0.0,2,11,184,rare_binary,500,25,exact_bonferroni,1.0
1.0,0.0,0.0,0,11,184,rare_binary,500,25,hoeffding,1.0
1.0,0.18181818181818182,0.0,2,11,184,rare_binary,500,25,holm,
1.0,0.45454545454545453,0.0,5,11,185,rare_binary,500,25,pointwise,1.0
1.0,0.45454545454545453,0.0,5,11,185,rare_binary,500,25,normal_bonferroni,1.0
1.0,0.45454545454545453,0.0,5,11,185,rare_binary,500,25,multiplier,1.0
1.0,0.36363636363636365,0.0,4,11,185,rare_binary,500,25,exact_bonferroni,1.0
1.0,0.0,0.0,0,11,185,rare_binary,500,25,hoeffding,1.0
1.0,0.36363636363636365,0.0,4,11,185,rare_binary,500,25,holm,
1.0,0.6363636363636364,0.0,7,11,186,rare_binary,500,25,pointwise,0.0
1.0,0.45454545454545453,0.0,5,11,186,rare_binary,500,25,normal_bonferroni,1.0
1.0,0.45454545454545453,0.0,5,11,186,rare_binary,500,25,multiplier,1.0
1.0,0.5454545454545454,0.0,6,11,186,rare_binary,500,25,exact_bonferroni,1.0
1.0,0.0,0.0,0,11,186,rare_binary,500,25,hoeffding,1.0
1.0,0.5454545454545454,0.0,6,11,186,rare_binary,500,25,holm,
1.0,0.8181818181818182,0.0,9,11,187,rare_binary,500,25,pointwise,0.0
1.0,0.5454545454545454,0.0,6,11,187,rare_binary,500,25,normal_bonferroni,1.0
1.0,0.6363636363636364,0.0,7,11,187,rare_binary,500,25,multiplier,1.0
1.0,0.45454545454545453,0.0,5,11,187,rare_binary,500,25,exact_bonferroni,1.0
1.0,0.0,0.0,0,11,187,rare_binary,500,25,hoeffding,1.0
1.0,0.45454545454545453,0.0,5,11,187,rare_binary,500,25,holm,
1.0,0.6363636363636364,0.0,7,11,188,rare_binary,500,25,pointwise,0.0
1.0,0.45454545454545453,0.0,5,11,188,rare_binary,500,25,normal_bonferroni,1.0
1.0,0.45454545454545453,0.0,5,11,188,rare_binary,500,25,multiplier,1.0
1.0,0.45454545454545453,0.0,5,11,188,rare_binary,500,25,exact_bonferroni,1.0
1.0,0.0,0.0,0,11,188,rare_binary,500,25,hoeffding,1.0
1.0,0.45454545454545453,0.0,5,11,188,rare_binary,500,25,holm,
1.0,0.45454545454545453,0.0,5,11,189,rare_binary,500,25,pointwise,0.0
1.0,0.45454545454545453,0.0,5,11,189,rare_binary,500,25,normal_bonferroni,1.0
1.0,0.45454545454545453,0.0,5,11,189,rare_binary,500,25,multiplier,1.0
1.0,0.45454545454545453,0.0,5,11,189,rare_binary,500,25,exact_bonferroni,1.0
1.0,0.0,0.0,0,11,189,rare_binary,500,25,hoeffding,1.0
1.0,0.45454545454545453,0.0,5,11,189,rare_binary,500,25,holm,
1.0,0.5454545454545454,0.0,6,11,190,rare_binary,500,25,pointwise,0.0
1.0,0.45454545454545453,0.0,5,11,190,rare_binary,500,25,normal_bonferroni,1.0
1.0,0.5454545454545454,0.0,6,11,190,rare_binary,500,25,multiplier,1.0
1.0,0.45454545454545453,0.0,5,11,190,rare_binary,500,25,exact_bonferroni,1.0
1.0,0.0,0.0,0,11,190,rare_binary,500,25,hoeffding,1.0
1.0,0.45454545454545453,0.0,5,11,190,rare_binary,500,25,holm,
1.0,0.5454545454545454,0.0,6,11,191,rare_binary,500,25,pointwise,0.0
1.0,0.5454545454545454,0.0,6,11,191,rare_binary,500,25,normal_bonferroni,1.0
1.0,0.5454545454545454,0.0,6,11,191,rare_binary,500,25,multiplier,1.0
1.0,0.2727272727272727,0.0,3,11,191,rare_binary,500,25,exact_bonferroni,1.0
1.0,0.0,0.0,0,11,191,rare_binary,500,25,hoeffding,1.0
1.0,0.2727272727272727,0.0,3,11,191,rare_binary,500,25,holm,
1.0,0.6363636363636364,0.0,7,11,192,rare_binary,500,25,pointwise,1.0
1.0,0.36363636363636365,0.0,4,11,192,rare_binary,500,25,normal_bonferroni,1.0
1.0,0.36363636363636365,0.0,4,11,192,rare_binary,500,25,multiplier,1.0
1.0,0.2727272727272727,0.0,3,11,192,rare_binary,500,25,exact_bonferroni,1.0
1.0,0.0,0.0,0,11,192,rare_binary,500,25,hoeffding,1.0
1.0,0.2727272727272727,0.0,3,11,192,rare_binary,500,25,holm,
1.0,0.7272727272727273,0.0,8,11,193,rare_binary,500,25,pointwise,0.0
1.0,0.6363636363636364,0.0,7,11,193,rare_binary,500,25,normal_bonferroni,1.0
1.0,0.6363636363636364,0.0,7,11,193,rare_binary,500,25,multiplier,1.0
1.0,0.6363636363636364,0.0,7,11,193,rare_binary,500,25,exact_bonferroni,1.0
1.0,0.0,0.0,0,11,193,rare_binary,500,25,hoeffding,1.0
1.0,0.6363636363636364,0.0,7,11,193,rare_binary,500,25,holm,
1.0,0.7272727272727273,0.0,8,11,194,rare_binary,500,25,pointwise,0.0
1.0,0.5454545454545454,0.0,6,11,194,rare_binary,500,25,normal_bonferroni,0.0
1.0,0.5454545454545454,0.0,6,11,194,rare_binary,500,25,multiplier,0.0
1.0,0.36363636363636365,0.0,4,11,194,rare_binary,500,25,exact_bonferroni,1.0
1.0,0.0,0.0,0,11,194,rare_binary,500,25,hoeffding,1.0
1.0,0.36363636363636365,0.0,4,11,194,rare_binary,500,25,holm,
1.0,0.7272727272727273,0.0,8,11,195,rare_binary,500,25,pointwise,0.0
1.0,0.36363636363636365,0.0,4,11,195,rare_binary,500,25,normal_bonferroni,0.0
1.0,0.6363636363636364,0.0,7,11,195,rare_binary,500,25,multiplier,0.0
1.0,0.2727272727272727,0.0,3,11,195,rare_binary,500,25,exact_bonferroni,1.0
1.0,0.0,0.0,0,11,195,rare_binary,500,25,hoeffding,1.0
1.0,0.2727272727272727,0.0,3,11,195,rare_binary,500,25,holm,
1.0,0.7272727272727273,0.0,8,11,196,rare_binary,500,25,pointwise,0.0
1.0,0.5454545454545454,0.0,6,11,196,rare_binary,500,25,normal_bonferroni,1.0
1.0,0.5454545454545454,0.0,6,11,196,rare_binary,500,25,multiplier,1.0
1.0,0.45454545454545453,0.0,5,11,196,rare_binary,500,25,exact_bonferroni,1.0
1.0,0.0,0.0,0,11,196,rare_binary,500,25,hoeffding,1.0
1.0,0.45454545454545453,0.0,5,11,196,rare_binary,500,25,holm,
1.0,0.5454545454545454,0.0,6,11,197,rare_binary,500,25,pointwise,1.0
1.0,0.45454545454545453,0.0,5,11,197,rare_binary,500,25,normal_bonferroni,1.0
1.0,0.5454545454545454,0.0,6,11,197,rare_binary,500,25,multiplier,1.0
1.0,0.36363636363636365,0.0,4,11,197,rare_binary,500,25,exact_bonferroni,1.0
1.0,0.0,0.0,0,11,197,rare_binary,500,25,hoeffding,1.0
1.0,0.36363636363636365,0.0,4,11,197,rare_binary,500,25,holm,
1.0,0.6363636363636364,0.0,7,11,198,rare_binary,500,25,pointwise,0.0
1.0,0.5454545454545454,0.0,6,11,198,rare_binary,500,25,normal_bonferroni,1.0
1.0,0.5454545454545454,0.0,6,11,198,rare_binary,500,25,multiplier,1.0
1.0,0.2727272727272727,0.0,3,11,198,rare_binary,500,25,exact_bonferroni,1.0
1.0,0.0,0.0,0,11,198,rare_binary,500,25,hoeffding,1.0
1.0,0.2727272727272727,0.0,3,11,198,rare_binary,500,25,holm,
1.0,0.7272727272727273,0.0,8,11,199,rare_binary,500,25,pointwise,1.0
1.0,0.36363636363636365,0.0,4,11,199,rare_binary,500,25,normal_bonferroni,1.0
1.0,0.45454545454545453,0.0,5,11,199,rare_binary,500,25,multiplier,1.0
1.0,0.2727272727272727,0.0,3,11,199,rare_binary,500,25,exact_bonferroni,1.0
1.0,0.0,0.0,0,11,199,rare_binary,500,25,hoeffding,1.0
1.0,0.2727272727272727,0.0,3,11,199,rare_binary,500,25,holm,
1.0,0.4857142857142857,0.0,34,70,0,high_dimensional_binary,1000,125,pointwise,0.0
1.0,0.18571428571428572,0.0,13,70,0,high_dimensional_binary,1000,125,normal_bonferroni,1.0
1.0,0.24285714285714285,0.0,17,70,0,high_dimensional_binary,1000,125,multiplier,1.0
1.0,0.18571428571428572,0.0,13,70,0,high_dimensional_binary,1000,125,exact_bonferroni,1.0
1.0,0.1,0.0,7,70,0,high_dimensional_binary,1000,125,hoeffding,1.0
1.0,0.18571428571428572,0.0,13,70,0,high_dimensional_binary,1000,125,holm,
1.0,0.42857142857142855,0.0,30,70,1,high_dimensional_binary,1000,125,pointwise,0.0
1.0,0.12857142857142856,0.0,9,70,1,high_dimensional_binary,1000,125,normal_bonferroni,1.0
1.0,0.17142857142857143,0.0,12,70,1,high_dimensional_binary,1000,125,multiplier,1.0
1.0,0.11428571428571428,0.0,8,70,1,high_dimensional_binary,1000,125,exact_bonferroni,1.0
1.0,0.07142857142857142,0.0,5,70,1,high_dimensional_binary,1000,125,hoeffding,1.0
1.0,0.12857142857142856,0.0,9,70,1,high_dimensional_binary,1000,125,holm,
1.0,0.6142857142857143,0.0,43,70,2,high_dimensional_binary,1000,125,pointwise,0.0
1.0,0.2571428571428571,0.0,18,70,2,high_dimensional_binary,1000,125,normal_bonferroni,1.0
1.0,0.32857142857142857,0.0,23,70,2,high_dimensional_binary,1000,125,multiplier,1.0
1.0,0.24285714285714285,0.0,17,70,2,high_dimensional_binary,1000,125,exact_bonferroni,1.0
1.0,0.11428571428571428,0.0,8,70,2,high_dimensional_binary,1000,125,hoeffding,1.0
1.0,0.2571428571428571,0.0,18,70,2,high_dimensional_binary,1000,125,holm,
1.0,0.44285714285714284,0.0,31,70,3,high_dimensional_binary,1000,125,pointwise,0.0
1.0,0.2,0.0,14,70,3,high_dimensional_binary,1000,125,normal_bonferroni,1.0
1.0,0.22857142857142856,0.0,16,70,3,high_dimensional_binary,1000,125,multiplier,1.0
1.0,0.17142857142857143,0.0,12,70,3,high_dimensional_binary,1000,125,exact_bonferroni,1.0
1.0,0.08571428571428572,0.0,6,70,3,high_dimensional_binary,1000,125,hoeffding,1.0
1.0,0.2,0.0,14,70,3,high_dimensional_binary,1000,125,holm,
1.0,0.32857142857142857,0.0,23,70,4,high_dimensional_binary,1000,125,pointwise,1.0
1.0,0.1,0.0,7,70,4,high_dimensional_binary,1000,125,normal_bonferroni,1.0
1.0,0.11428571428571428,0.0,8,70,4,high_dimensional_binary,1000,125,multiplier,1.0
1.0,0.1,0.0,7,70,4,high_dimensional_binary,1000,125,exact_bonferroni,1.0
1.0,0.014285714285714285,0.0,1,70,4,high_dimensional_binary,1000,125,hoeffding,1.0
1.0,0.1,0.0,7,70,4,high_dimensional_binary,1000,125,holm,
1.0,0.3,0.0,21,70,5,high_dimensional_binary,1000,125,pointwise,1.0
1.0,0.1,0.0,7,70,5,high_dimensional_binary,1000,125,normal_bonferroni,1.0
1.0,0.1,0.0,7,70,5,high_dimensional_binary,1000,125,multiplier,1.0
1.0,0.08571428571428572,0.0,6,70,5,high_dimensional_binary,1000,125,exact_bonferroni,1.0
1.0,0.014285714285714285,0.0,1,70,5,high_dimensional_binary,1000,125,hoeffding,1.0
1.0,0.08571428571428572,0.0,6,70,5,high_dimensional_binary,1000,125,holm,
1.0,0.35714285714285715,0.0,25,70,6,high_dimensional_binary,1000,125,pointwise,0.0
1.0,0.14285714285714285,0.0,10,70,6,high_dimensional_binary,1000,125,normal_bonferroni,1.0
1.0,0.14285714285714285,0.0,10,70,6,high_dimensional_binary,1000,125,multiplier,1.0
1.0,0.12857142857142856,0.0,9,70,6,high_dimensional_binary,1000,125,exact_bonferroni,1.0
1.0,0.02857142857142857,0.0,2,70,6,high_dimensional_binary,1000,125,hoeffding,1.0
1.0,0.14285714285714285,0.0,10,70,6,high_dimensional_binary,1000,125,holm,
0.0,0.7285714285714285,0.019230769230769232,52,70,7,high_dimensional_binary,1000,125,pointwise,0.0
1.0,0.37142857142857144,0.0,26,70,7,high_dimensional_binary,1000,125,normal_bonferroni,1.0
1.0,0.38571428571428573,0.0,27,70,7,high_dimensional_binary,1000,125,multiplier,1.0
1.0,0.32857142857142857,0.0,23,70,7,high_dimensional_binary,1000,125,exact_bonferroni,1.0
1.0,0.2,0.0,14,70,7,high_dimensional_binary,1000,125,hoeffding,1.0
1.0,0.35714285714285715,0.0,25,70,7,high_dimensional_binary,1000,125,holm,
1.0,0.4857142857142857,0.0,34,70,8,high_dimensional_binary,1000,125,pointwise,0.0
1.0,0.12857142857142856,0.0,9,70,8,high_dimensional_binary,1000,125,normal_bonferroni,1.0
1.0,0.17142857142857143,0.0,12,70,8,high_dimensional_binary,1000,125,multiplier,1.0
1.0,0.11428571428571428,0.0,8,70,8,high_dimensional_binary,1000,125,exact_bonferroni,1.0
1.0,0.05714285714285714,0.0,4,70,8,high_dimensional_binary,1000,125,hoeffding,1.0
1.0,0.11428571428571428,0.0,8,70,8,high_dimensional_binary,1000,125,holm,
1.0,0.8857142857142857,0.0,62,70,9,high_dimensional_binary,1000,125,pointwise,0.0
1.0,0.32857142857142857,0.0,23,70,9,high_dimensional_binary,1000,125,normal_bonferroni,1.0
1.0,0.34285714285714286,0.0,24,70,9,high_dimensional_binary,1000,125,multiplier,1.0
1.0,0.3,0.0,21,70,9,high_dimensional_binary,1000,125,exact_bonferroni,1.0
1.0,0.17142857142857143,0.0,12,70,9,high_dimensional_binary,1000,125,hoeffding,1.0
1.0,0.3,0.0,21,70,9,high_dimensional_binary,1000,125,holm,
1.0,0.4714285714285714,0.0,33,70,10,high_dimensional_binary,1000,125,pointwise,0.0
1.0,0.21428571428571427,0.0,15,70,10,high_dimensional_binary,1000,125,normal_bonferroni,1.0
1.0,0.22857142857142856,0.0,16,70,10,high_dimensional_binary,1000,125,multiplier,1.0
1.0,0.2,0.0,14,70,10,high_dimensional_binary,1000,125,exact_bonferroni,1.0
1.0,0.04285714285714286,0.0,3,70,10,high_dimensional_binary,1000,125,hoeffding,1.0
1.0,0.2,0.0,14,70,10,high_dimensional_binary,1000,125,holm,
1.0,0.42857142857142855,0.0,30,70,11,high_dimensional_binary,1000,125,pointwise,0.0
1.0,0.15714285714285714,0.0,11,70,11,high_dimensional_binary,1000,125,normal_bonferroni,1.0
1.0,0.15714285714285714,0.0,11,70,11,high_dimensional_binary,1000,125,multiplier,1.0
1.0,0.14285714285714285,0.0,10,70,11,high_dimensional_binary,1000,125,exact_bonferroni,1.0
1.0,0.07142857142857142,0.0,5,70,11,high_dimensional_binary,1000,125,hoeffding,1.0
1.0,0.14285714285714285,0.0,10,70,11,high_dimensional_binary,1000,125,holm,
1.0,0.4,0.0,28,70,12,high_dimensional_binary,1000,125,pointwise,1.0
1.0,0.11428571428571428,0.0,8,70,12,high_dimensional_binary,1000,125,normal_bonferroni,1.0
1.0,0.11428571428571428,0.0,8,70,12,high_dimensional_binary,1000,125,multiplier,1.0
1.0,0.1,0.0,7,70,12,high_dimensional_binary,1000,125,exact_bonferroni,1.0
1.0,0.02857142857142857,0.0,2,70,12,high_dimensional_binary,1000,125,hoeffding,1.0
1.0,0.1,0.0,7,70,12,high_dimensional_binary,1000,125,holm,
1.0,0.6285714285714286,0.0,44,70,13,high_dimensional_binary,1000,125,pointwise,0.0
1.0,0.2857142857142857,0.0,20,70,13,high_dimensional_binary,1000,125,normal_bonferroni,1.0
1.0,0.32857142857142857,0.0,23,70,13,high_dimensional_binary,1000,125,multiplier,1.0
1.0,0.2857142857142857,0.0,20,70,13,high_dimensional_binary,1000,125,exact_bonferroni,1.0
1.0,0.1,0.0,7,70,13,high_dimensional_binary,1000,125,hoeffding,1.0
1.0,0.2857142857142857,0.0,20,70,13,high_dimensional_binary,1000,125,holm,
1.0,0.7142857142857143,0.0,50,70,14,high_dimensional_binary,1000,125,pointwise,0.0
1.0,0.35714285714285715,0.0,25,70,14,high_dimensional_binary,1000,125,normal_bonferroni,1.0
1.0,0.4142857142857143,0.0,29,70,14,high_dimensional_binary,1000,125,multiplier,1.0
1.0,0.2714285714285714,0.0,19,70,14,high_dimensional_binary,1000,125,exact_bonferroni,1.0
1.0,0.17142857142857143,0.0,12,70,14,high_dimensional_binary,1000,125,hoeffding,1.0
1.0,0.34285714285714286,0.0,24,70,14,high_dimensional_binary,1000,125,holm,
1.0,0.5142857142857142,0.0,36,70,15,high_dimensional_binary,1000,125,pointwise,0.0
1.0,0.14285714285714285,0.0,10,70,15,high_dimensional_binary,1000,125,normal_bonferroni,1.0
1.0,0.17142857142857143,0.0,12,70,15,high_dimensional_binary,1000,125,multiplier,1.0
1.0,0.14285714285714285,0.0,10,70,15,high_dimensional_binary,1000,125,exact_bonferroni,1.0
1.0,0.05714285714285714,0.0,4,70,15,high_dimensional_binary,1000,125,hoeffding,1.0
1.0,0.14285714285714285,0.0,10,70,15,high_dimensional_binary,1000,125,holm,
1.0,0.45714285714285713,0.0,32,70,16,high_dimensional_binary,1000,125,pointwise,1.0
1.0,0.14285714285714285,0.0,10,70,16,high_dimensional_binary,1000,125,normal_bonferroni,1.0
1.0,0.14285714285714285,0.0,10,70,16,high_dimensional_binary,1000,125,multiplier,1.0
1.0,0.14285714285714285,0.0,10,70,16,high_dimensional_binary,1000,125,exact_bonferroni,1.0
1.0,0.08571428571428572,0.0,6,70,16,high_dimensional_binary,1000,125,hoeffding,1.0
1.0,0.14285714285714285,0.0,10,70,16,high_dimensional_binary,1000,125,holm,
1.0,0.5,0.0,35,70,17,high_dimensional_binary,1000,125,pointwise,0.0
1.0,0.24285714285714285,0.0,17,70,17,high_dimensional_binary,1000,125,normal_bonferroni,1.0
1.0,0.24285714285714285,0.0,17,70,17,high_dimensional_binary,1000,125,multiplier,1.0
1.0,0.21428571428571427,0.0,15,70,17,high_dimensional_binary,1000,125,exact_bonferroni,1.0
1.0,0.1,0.0,7,70,17,high_dimensional_binary,1000,125,hoeffding,1.0
1.0,0.22857142857142856,0.0,16,70,17,high_dimensional_binary,1000,125,holm,
1.0,0.37142857142857144,0.0,26,70,18,high_dimensional_binary,1000,125,pointwise,1.0
1.0,0.14285714285714285,0.0,10,70,18,high_dimensional_binary,1000,125,normal_bonferroni,1.0
1.0,0.15714285714285714,0.0,11,70,18,high_dimensional_binary,1000,125,multiplier,1.0
1.0,0.1,0.0,7,70,18,high_dimensional_binary,1000,125,exact_bonferroni,1.0
1.0,0.05714285714285714,0.0,4,70,18,high_dimensional_binary,1000,125,hoeffding,1.0
1.0,0.11428571428571428,0.0,8,70,18,high_dimensional_binary,1000,125,holm,
1.0,0.37142857142857144,0.0,26,70,19,high_dimensional_binary,1000,125,pointwise,1.0
1.0,0.1,0.0,7,70,19,high_dimensional_binary,1000,125,normal_bonferroni,1.0
1.0,0.1,0.0,7,70,19,high_dimensional_binary,1000,125,multiplier,1.0
1.0,0.08571428571428572,0.0,6,70,19,high_dimensional_binary,1000,125,exact_bonferroni,1.0
1.0,0.04285714285714286,0.0,3,70,19,high_dimensional_binary,1000,125,hoeffding,1.0
1.0,0.08571428571428572,0.0,6,70,19,high_dimensional_binary,1000,125,holm,
1.0,0.44285714285714284,0.0,31,70,20,high_dimensional_binary,1000,125,pointwise,0.0
1.0,0.14285714285714285,0.0,10,70,20,high_dimensional_binary,1000,125,normal_bonferroni,1.0
1.0,0.2,0.0,14,70,20,high_dimensional_binary,1000,125,multiplier,1.0
1.0,0.12857142857142856,0.0,9,70,20,high_dimensional_binary,1000,125,exact_bonferroni,1.0
1.0,0.05714285714285714,0.0,4,70,20,high_dimensional_binary,1000,125,hoeffding,1.0
1.0,0.12857142857142856,0.0,9,70,20,high_dimensional_binary,1000,125,holm,
0.0,0.8,0.05084745762711865,59,70,21,high_dimensional_binary,1000,125,pointwise,0.0
1.0,0.4142857142857143,0.0,29,70,21,high_dimensional_binary,1000,125,normal_bonferroni,1.0
1.0,0.44285714285714284,0.0,31,70,21,high_dimensional_binary,1000,125,multiplier,0.0
1.0,0.35714285714285715,0.0,25,70,21,high_dimensional_binary,1000,125,exact_bonferroni,1.0
1.0,0.21428571428571427,0.0,15,70,21,high_dimensional_binary,1000,125,hoeffding,1.0
1.0,0.4,0.0,28,70,21,high_dimensional_binary,1000,125,holm,
1.0,0.5428571428571428,0.0,38,70,22,high_dimensional_binary,1000,125,pointwise,0.0
1.0,0.17142857142857143,0.0,12,70,22,high_dimensional_binary,1000,125,normal_bonferroni,1.0
1.0,0.22857142857142856,0.0,16,70,22,high_dimensional_binary,1000,125,multiplier,1.0
1.0,0.14285714285714285,0.0,10,70,22,high_dimensional_binary,1000,125,exact_bonferroni,1.0
1.0,0.02857142857142857,0.0,2,70,22,high_dimensional_binary,1000,125,hoeffding,1.0
1.0,0.15714285714285714,0.0,11,70,22,high_dimensional_binary,1000,125,holm,
1.0,0.32857142857142857,0.0,23,70,23,high_dimensional_binary,1000,125,pointwise,1.0
1.0,0.07142857142857142,0.0,5,70,23,high_dimensional_binary,1000,125,normal_bonferroni,1.0
1.0,0.08571428571428572,0.0,6,70,23,high_dimensional_binary,1000,125,multiplier,1.0
1.0,0.07142857142857142,0.0,5,70,23,high_dimensional_binary,1000,125,exact_bonferroni,1.0
1.0,0.02857142857142857,0.0,2,70,23,high_dimensional_binary,1000,125,hoeffding,1.0
1.0,0.07142857142857142,0.0,5,70,23,high_dimensional_binary,1000,125,holm,
1.0,0.5,0.0,35,70,24,high_dimensional_binary,1000,125,pointwise,1.0
1.0,0.12857142857142856,0.0,9,70,24,high_dimensional_binary,1000,125,normal_bonferroni,1.0
1.0,0.14285714285714285,0.0,10,70,24,high_dimensional_binary,1000,125,multiplier,1.0
1.0,0.12857142857142856,0.0,9,70,24,high_dimensional_binary,1000,125,exact_bonferroni,1.0
1.0,0.05714285714285714,0.0,4,70,24,high_dimensional_binary,1000,125,hoeffding,1.0
1.0,0.12857142857142856,0.0,9,70,24,high_dimensional_binary,1000,125,holm,
0.0,0.6857142857142857,0.02040816326530612,49,70,25,high_dimensional_binary,1000,125,pointwise,0.0
1.0,0.34285714285714286,0.0,24,70,25,high_dimensional_binary,1000,125,normal_bonferroni,1.0
1.0,0.34285714285714286,0.0,24,70,25,high_dimensional_binary,1000,125,multiplier,1.0
1.0,0.32857142857142857,0.0,23,70,25,high_dimensional_binary,1000,125,exact_bonferroni,1.0
1.0,0.08571428571428572,0.0,6,70,25,high_dimensional_binary,1000,125,hoeffding,1.0
1.0,0.34285714285714286,0.0,24,70,25,high_dimensional_binary,1000,125,holm,
0.0,0.7428571428571429,0.018867924528301886,53,70,26,high_dimensional_binary,1000,125,pointwise,0.0
1.0,0.34285714285714286,0.0,24,70,26,high_dimensional_binary,1000,125,normal_bonferroni,1.0
1.0,0.38571428571428573,0.0,27,70,26,high_dimensional_binary,1000,125,multiplier,1.0
1.0,0.34285714285714286,0.0,24,70,26,high_dimensional_binary,1000,125,exact_bonferroni,1.0
1.0,0.24285714285714285,0.0,17,70,26,high_dimensional_binary,1000,125,hoeffding,1.0
1.0,0.34285714285714286,0.0,24,70,26,high_dimensional_binary,1000,125,holm,
1.0,0.34285714285714286,0.0,24,70,27,high_dimensional_binary,1000,125,pointwise,1.0
1.0,0.11428571428571428,0.0,8,70,27,high_dimensional_binary,1000,125,normal_bonferroni,1.0
1.0,0.12857142857142856,0.0,9,70,27,high_dimensional_binary,1000,125,multiplier,1.0
1.0,0.1,0.0,7,70,27,high_dimensional_binary,1000,125,exact_bonferroni,1.0
1.0,0.04285714285714286,0.0,3,70,27,high_dimensional_binary,1000,125,hoeffding,1.0
1.0,0.1,0.0,7,70,27,high_dimensional_binary,1000,125,holm,
1.0,0.4857142857142857,0.0,34,70,28,high_dimensional_binary,1000,125,pointwise,0.0
1.0,0.18571428571428572,0.0,13,70,28,high_dimensional_binary,1000,125,normal_bonferroni,1.0
1.0,0.2,0.0,14,70,28,high_dimensional_binary,1000,125,multiplier,1.0
1.0,0.18571428571428572,0.0,13,70,28,high_dimensional_binary,1000,125,exact_bonferroni,1.0
1.0,0.05714285714285714,0.0,4,70,28,high_dimensional_binary,1000,125,hoeffding,1.0
1.0,0.18571428571428572,0.0,13,70,28,high_dimensional_binary,1000,125,holm,
0.0,0.7142857142857143,0.038461538461538464,52,70,29,high_dimensional_binary,1000,125,pointwise,0.0
1.0,0.38571428571428573,0.0,27,70,29,high_dimensional_binary,1000,125,normal_bonferroni,1.0
1.0,0.44285714285714284,0.0,31,70,29,high_dimensional_binary,1000,125,multiplier,1.0
1.0,0.32857142857142857,0.0,23,70,29,high_dimensional_binary,1000,125,exact_bonferroni,1.0
1.0,0.18571428571428572,0.0,13,70,29,high_dimensional_binary,1000,125,hoeffding,1.0
1.0,0.37142857142857144,0.0,26,70,29,high_dimensional_binary,1000,125,holm,
1.0,0.35714285714285715,0.0,25,70,30,high_dimensional_binary,1000,125,pointwise,0.0
1.0,0.17142857142857143,0.0,12,70,30,high_dimensional_binary,1000,125,normal_bonferroni,1.0
1.0,0.18571428571428572,0.0,13,70,30,high_dimensional_binary,1000,125,multiplier,1.0
1.0,0.17142857142857143,0.0,12,70,30,high_dimensional_binary,1000,125,exact_bonferroni,1.0
1.0,0.05714285714285714,0.0,4,70,30,high_dimensional_binary,1000,125,hoeffding,1.0
1.0,0.17142857142857143,0.0,12,70,30,high_dimensional_binary,1000,125,holm,
1.0,0.5,0.0,35,70,31,high_dimensional_binary,1000,125,pointwise,1.0
1.0,0.1,0.0,7,70,31,high_dimensional_binary,1000,125,normal_bonferroni,1.0
1.0,0.1,0.0,7,70,31,high_dimensional_binary,1000,125,multiplier,1.0
1.0,0.1,0.0,7,70,31,high_dimensional_binary,1000,125,exact_bonferroni,1.0
1.0,0.04285714285714286,0.0,3,70,31,high_dimensional_binary,1000,125,hoeffding,1.0
1.0,0.1,0.0,7,70,31,high_dimensional_binary,1000,125,holm,
1.0,0.4714285714285714,0.0,33,70,32,high_dimensional_binary,1000,125,pointwise,0.0
1.0,0.15714285714285714,0.0,11,70,32,high_dimensional_binary,1000,125,normal_bonferroni,1.0
1.0,0.17142857142857143,0.0,12,70,32,high_dimensional_binary,1000,125,multiplier,1.0
1.0,0.15714285714285714,0.0,11,70,32,high_dimensional_binary,1000,125,exact_bonferroni,1.0
1.0,0.05714285714285714,0.0,4,70,32,high_dimensional_binary,1000,125,hoeffding,1.0
1.0,0.15714285714285714,0.0,11,70,32,high_dimensional_binary,1000,125,holm,
1.0,0.42857142857142855,0.0,30,70,33,high_dimensional_binary,1000,125,pointwise,1.0
1.0,0.11428571428571428,0.0,8,70,33,high_dimensional_binary,1000,125,normal_bonferroni,1.0
1.0,0.11428571428571428,0.0,8,70,33,high_dimensional_binary,1000,125,multiplier,1.0
1.0,0.07142857142857142,0.0,5,70,33,high_dimensional_binary,1000,125,exact_bonferroni,1.0
1.0,0.014285714285714285,0.0,1,70,33,high_dimensional_binary,1000,125,hoeffding,1.0
1.0,0.11428571428571428,0.0,8,70,33,high_dimensional_binary,1000,125,holm,
1.0,0.5285714285714286,0.0,37,70,34,high_dimensional_binary,1000,125,pointwise,0.0
1.0,0.17142857142857143,0.0,12,70,34,high_dimensional_binary,1000,125,normal_bonferroni,1.0
1.0,0.17142857142857143,0.0,12,70,34,high_dimensional_binary,1000,125,multiplier,1.0
1.0,0.17142857142857143,0.0,12,70,34,high_dimensional_binary,1000,125,exact_bonferroni,1.0
1.0,0.11428571428571428,0.0,8,70,34,high_dimensional_binary,1000,125,hoeffding,1.0
1.0,0.17142857142857143,0.0,12,70,34,high_dimensional_binary,1000,125,holm,
1.0,0.6,0.0,42,70,35,high_dimensional_binary,1000,125,pointwise,0.0
1.0,0.2857142857142857,0.0,20,70,35,high_dimensional_binary,1000,125,normal_bonferroni,1.0
1.0,0.3,0.0,21,70,35,high_dimensional_binary,1000,125,multiplier,1.0
1.0,0.2571428571428571,0.0,18,70,35,high_dimensional_binary,1000,125,exact_bonferroni,1.0
1.0,0.1,0.0,7,70,35,high_dimensional_binary,1000,125,hoeffding,1.0
1.0,0.2857142857142857,0.0,20,70,35,high_dimensional_binary,1000,125,holm,
1.0,0.6142857142857143,0.0,43,70,36,high_dimensional_binary,1000,125,pointwise,0.0
1.0,0.2857142857142857,0.0,20,70,36,high_dimensional_binary,1000,125,normal_bonferroni,1.0
1.0,0.3,0.0,21,70,36,high_dimensional_binary,1000,125,multiplier,1.0
1.0,0.2714285714285714,0.0,19,70,36,high_dimensional_binary,1000,125,exact_bonferroni,1.0
1.0,0.11428571428571428,0.0,8,70,36,high_dimensional_binary,1000,125,hoeffding,1.0
1.0,0.2857142857142857,0.0,20,70,36,high_dimensional_binary,1000,125,holm,
1.0,0.6857142857142857,0.0,48,70,37,high_dimensional_binary,1000,125,pointwise,0.0
1.0,0.2714285714285714,0.0,19,70,37,high_dimensional_binary,1000,125,normal_bonferroni,1.0
1.0,0.2857142857142857,0.0,20,70,37,high_dimensional_binary,1000,125,multiplier,1.0
1.0,0.2571428571428571,0.0,18,70,37,high_dimensional_binary,1000,125,exact_bonferroni,1.0
1.0,0.11428571428571428,0.0,8,70,37,high_dimensional_binary,1000,125,hoeffding,1.0
1.0,0.2571428571428571,0.0,18,70,37,high_dimensional_binary,1000,125,holm,
1.0,0.6857142857142857,0.0,48,70,38,high_dimensional_binary,1000,125,pointwise,0.0
1.0,0.3142857142857143,0.0,22,70,38,high_dimensional_binary,1000,125,normal_bonferroni,1.0
1.0,0.32857142857142857,0.0,23,70,38,high_dimensional_binary,1000,125,multiplier,1.0
1.0,0.3142857142857143,0.0,22,70,38,high_dimensional_binary,1000,125,exact_bonferroni,1.0
1.0,0.15714285714285714,0.0,11,70,38,high_dimensional_binary,1000,125,hoeffding,1.0
1.0,0.3142857142857143,0.0,22,70,38,high_dimensional_binary,1000,125,holm,
0.0,0.6428571428571429,0.0625,48,70,39,high_dimensional_binary,1000,125,pointwise,0.0
1.0,0.24285714285714285,0.0,17,70,39,high_dimensional_binary,1000,125,normal_bonferroni,1.0
1.0,0.2857142857142857,0.0,20,70,39,high_dimensional_binary,1000,125,multiplier,1.0
1.0,0.21428571428571427,0.0,15,70,39,high_dimensional_binary,1000,125,exact_bonferroni,1.0
1.0,0.12857142857142856,0.0,9,70,39,high_dimensional_binary,1000,125,hoeffding,1.0
1.0,0.24285714285714285,0.0,17,70,39,high_dimensional_binary,1000,125,holm,
0.0,0.6857142857142857,0.04,50,70,40,high_dimensional_binary,1000,125,pointwise,0.0
1.0,0.35714285714285715,0.0,25,70,40,high_dimensional_binary,1000,125,normal_bonferroni,1.0
1.0,0.37142857142857144,0.0,26,70,40,high_dimensional_binary,1000,125,multiplier,1.0
1.0,0.34285714285714286,0.0,24,70,40,high_dimensional_binary,1000,125,exact_bonferroni,1.0
1.0,0.2571428571428571,0.0,18,70,40,high_dimensional_binary,1000,125,hoeffding,1.0
1.0,0.34285714285714286,0.0,24,70,40,high_dimensional_binary,1000,125,holm,
1.0,0.4857142857142857,0.0,34,70,41,high_dimensional_binary,1000,125,pointwise,1.0
1.0,0.14285714285714285,0.0,10,70,41,high_dimensional_binary,1000,125,normal_bonferroni,1.0
1.0,0.15714285714285714,0.0,11,70,41,high_dimensional_binary,1000,125,multiplier,1.0
1.0,0.14285714285714285,0.0,10,70,41,high_dimensional_binary,1000,125,exact_bonferroni,1.0
1.0,0.04285714285714286,0.0,3,70,41,high_dimensional_binary,1000,125,hoeffding,1.0
1.0,0.14285714285714285,0.0,10,70,41,high_dimensional_binary,1000,125,holm,
1.0,0.4857142857142857,0.0,34,70,42,high_dimensional_binary,1000,125,pointwise,0.0
1.0,0.2571428571428571,0.0,18,70,42,high_dimensional_binary,1000,125,normal_bonferroni,1.0
1.0,0.2857142857142857,0.0,20,70,42,high_dimensional_binary,1000,125,multiplier,1.0
1.0,0.21428571428571427,0.0,15,70,42,high_dimensional_binary,1000,125,exact_bonferroni,1.0
1.0,0.1,0.0,7,70,42,high_dimensional_binary,1000,125,hoeffding,1.0
1.0,0.21428571428571427,0.0,15,70,42,high_dimensional_binary,1000,125,holm,
1.0,0.35714285714285715,0.0,25,70,43,high_dimensional_binary,1000,125,pointwise,1.0
1.0,0.07142857142857142,0.0,5,70,43,high_dimensional_binary,1000,125,normal_bonferroni,1.0
1.0,0.08571428571428572,0.0,6,70,43,high_dimensional_binary,1000,125,multiplier,1.0
1.0,0.05714285714285714,0.0,4,70,43,high_dimensional_binary,1000,125,exact_bonferroni,1.0
1.0,0.014285714285714285,0.0,1,70,43,high_dimensional_binary,1000,125,hoeffding,1.0
1.0,0.07142857142857142,0.0,5,70,43,high_dimensional_binary,1000,125,holm,
1.0,0.3,0.0,21,70,44,high_dimensional_binary,1000,125,pointwise,1.0
1.0,0.08571428571428572,0.0,6,70,44,high_dimensional_binary,1000,125,normal_bonferroni,1.0
1.0,0.08571428571428572,0.0,6,70,44,high_dimensional_binary,1000,125,multiplier,1.0
1.0,0.08571428571428572,0.0,6,70,44,high_dimensional_binary,1000,125,exact_bonferroni,1.0
1.0,0.02857142857142857,0.0,2,70,44,high_dimensional_binary,1000,125,hoeffding,1.0
1.0,0.08571428571428572,0.0,6,70,44,high_dimensional_binary,1000,125,holm,
1.0,0.37142857142857144,0.0,26,70,45,high_dimensional_binary,1000,125,pointwise,0.0
1.0,0.12857142857142856,0.0,9,70,45,high_dimensional_binary,1000,125,normal_bonferroni,1.0
1.0,0.15714285714285714,0.0,11,70,45,high_dimensional_binary,1000,125,multiplier,1.0
1.0,0.11428571428571428,0.0,8,70,45,high_dimensional_binary,1000,125,exact_bonferroni,1.0
1.0,0.05714285714285714,0.0,4,70,45,high_dimensional_binary,1000,125,hoeffding,1.0
1.0,0.12857142857142856,0.0,9,70,45,high_dimensional_binary,1000,125,holm,
0.0,0.7428571428571429,0.07142857142857142,56,70,46,high_dimensional_binary,1000,125,pointwise,0.0
1.0,0.37142857142857144,0.0,26,70,46,high_dimensional_binary,1000,125,normal_bonferroni,1.0
1.0,0.38571428571428573,0.0,27,70,46,high_dimensional_binary,1000,125,multiplier,1.0
1.0,0.35714285714285715,0.0,25,70,46,high_dimensional_binary,1000,125,exact_bonferroni,1.0
1.0,0.21428571428571427,0.0,15,70,46,high_dimensional_binary,1000,125,hoeffding,1.0
1.0,0.35714285714285715,0.0,25,70,46,high_dimensional_binary,1000,125,holm,
1.0,0.2571428571428571,0.0,18,70,47,high_dimensional_binary,1000,125,pointwise,1.0
1.0,0.08571428571428572,0.0,6,70,47,high_dimensional_binary,1000,125,normal_bonferroni,1.0
1.0,0.11428571428571428,0.0,8,70,47,high_dimensional_binary,1000,125,multiplier,1.0
1.0,0.08571428571428572,0.0,6,70,47,high_dimensional_binary,1000,125,exact_bonferroni,1.0
1.0,0.0,0.0,0,70,47,high_dimensional_binary,1000,125,hoeffding,1.0
1.0,0.08571428571428572,0.0,6,70,47,high_dimensional_binary,1000,125,holm,
0.0,0.6857142857142857,0.02040816326530612,49,70,48,high_dimensional_binary,1000,125,pointwise,0.0
1.0,0.2714285714285714,0.0,19,70,48,high_dimensional_binary,1000,125,normal_bonferroni,1.0
1.0,0.3142857142857143,0.0,22,70,48,high_dimensional_binary,1000,125,multiplier,1.0
1.0,0.2571428571428571,0.0,18,70,48,high_dimensional_binary,1000,125,exact_bonferroni,1.0
1.0,0.14285714285714285,0.0,10,70,48,high_dimensional_binary,1000,125,hoeffding,1.0
1.0,0.2571428571428571,0.0,18,70,48,high_dimensional_binary,1000,125,holm,
1.0,0.5571428571428572,0.0,39,70,49,high_dimensional_binary,1000,125,pointwise,0.0
1.0,0.24285714285714285,0.0,17,70,49,high_dimensional_binary,1000,125,normal_bonferroni,1.0
1.0,0.24285714285714285,0.0,17,70,49,high_dimensional_binary,1000,125,multiplier,1.0
1.0,0.21428571428571427,0.0,15,70,49,high_dimensional_binary,1000,125,exact_bonferroni,1.0
1.0,0.07142857142857142,0.0,5,70,49,high_dimensional_binary,1000,125,hoeffding,1.0
1.0,0.22857142857142856,0.0,16,70,49,high_dimensional_binary,1000,125,holm,
1.0,0.2571428571428571,0.0,18,70,50,high_dimensional_binary,1000,125,pointwise,1.0
1.0,0.08571428571428572,0.0,6,70,50,high_dimensional_binary,1000,125,normal_bonferroni,1.0
1.0,0.08571428571428572,0.0,6,70,50,high_dimensional_binary,1000,125,multiplier,1.0
1.0,0.05714285714285714,0.0,4,70,50,high_dimensional_binary,1000,125,exact_bonferroni,1.0
1.0,0.014285714285714285,0.0,1,70,50,high_dimensional_binary,1000,125,hoeffding,1.0
1.0,0.08571428571428572,0.0,6,70,50,high_dimensional_binary,1000,125,holm,
1.0,0.5,0.0,35,70,51,high_dimensional_binary,1000,125,pointwise,0.0
1.0,0.15714285714285714,0.0,11,70,51,high_dimensional_binary,1000,125,normal_bonferroni,1.0
1.0,0.17142857142857143,0.0,12,70,51,high_dimensional_binary,1000,125,multiplier,1.0
1.0,0.15714285714285714,0.0,11,70,51,high_dimensional_binary,1000,125,exact_bonferroni,1.0
1.0,0.07142857142857142,0.0,5,70,51,high_dimensional_binary,1000,125,hoeffding,1.0
1.0,0.15714285714285714,0.0,11,70,51,high_dimensional_binary,1000,125,holm,
0.0,0.6142857142857143,0.022727272727272728,44,70,52,high_dimensional_binary,1000,125,pointwise,0.0
1.0,0.2571428571428571,0.0,18,70,52,high_dimensional_binary,1000,125,normal_bonferroni,1.0
1.0,0.3142857142857143,0.0,22,70,52,high_dimensional_binary,1000,125,multiplier,1.0
1.0,0.2571428571428571,0.0,18,70,52,high_dimensional_binary,1000,125,exact_bonferroni,1.0
1.0,0.12857142857142856,0.0,9,70,52,high_dimensional_binary,1000,125,hoeffding,1.0
1.0,0.2571428571428571,0.0,18,70,52,high_dimensional_binary,1000,125,holm,
1.0,0.42857142857142855,0.0,30,70,53,high_dimensional_binary,1000,125,pointwise,1.0
1.0,0.1,0.0,7,70,53,high_dimensional_binary,1000,125,normal_bonferroni,1.0
1.0,0.15714285714285714,0.0,11,70,53,high_dimensional_binary,1000,125,multiplier,1.0
1.0,0.08571428571428572,0.0,6,70,53,high_dimensional_binary,1000,125,exact_bonferroni,1.0
1.0,0.02857142857142857,0.0,2,70,53,high_dimensional_binary,1000,125,hoeffding,1.0
1.0,0.1,0.0,7,70,53,high_dimensional_binary,1000,125,holm,
1.0,0.42857142857142855,0.0,30,70,54,high_dimensional_binary,1000,125,pointwise,1.0
1.0,0.1,0.0,7,70,54,high_dimensional_binary,1000,125,normal_bonferroni,1.0
1.0,0.12857142857142856,0.0,9,70,54,high_dimensional_binary,1000,125,multiplier,1.0
1.0,0.08571428571428572,0.0,6,70,54,high_dimensional_binary,1000,125,exact_bonferroni,1.0
1.0,0.02857142857142857,0.0,2,70,54,high_dimensional_binary,1000,125,hoeffding,1.0
1.0,0.1,0.0,7,70,54,high_dimensional_binary,1000,125,holm,
1.0,0.5285714285714286,0.0,37,70,55,high_dimensional_binary,1000,125,pointwise,0.0
1.0,0.2,0.0,14,70,55,high_dimensional_binary,1000,125,normal_bonferroni,1.0
1.0,0.21428571428571427,0.0,15,70,55,high_dimensional_binary,1000,125,multiplier,1.0
1.0,0.2,0.0,14,70,55,high_dimensional_binary,1000,125,exact_bonferroni,1.0
1.0,0.1,0.0,7,70,55,high_dimensional_binary,1000,125,hoeffding,1.0
1.0,0.2,0.0,14,70,55,high_dimensional_binary,1000,125,holm,
1.0,0.4857142857142857,0.0,34,70,56,high_dimensional_binary,1000,125,pointwise,0.0
1.0,0.18571428571428572,0.0,13,70,56,high_dimensional_binary,1000,125,normal_bonferroni,1.0
1.0,0.2,0.0,14,70,56,high_dimensional_binary,1000,125,multiplier,1.0
1.0,0.17142857142857143,0.0,12,70,56,high_dimensional_binary,1000,125,exact_bonferroni,1.0
1.0,0.02857142857142857,0.0,2,70,56,high_dimensional_binary,1000,125,hoeffding,1.0
1.0,0.17142857142857143,0.0,12,70,56,high_dimensional_binary,1000,125,holm,
0.0,0.8428571428571429,0.11940298507462686,67,70,57,high_dimensional_binary,1000,125,pointwise,0.0
1.0,0.5571428571428572,0.0,39,70,57,high_dimensional_binary,1000,125,normal_bonferroni,0.0
0.0,0.5857142857142857,0.023809523809523808,42,70,57,high_dimensional_binary,1000,125,multiplier,0.0
1.0,0.5,0.0,35,70,57,high_dimensional_binary,1000,125,exact_bonferroni,0.0
1.0,0.3,0.0,21,70,57,high_dimensional_binary,1000,125,hoeffding,1.0
1.0,0.5571428571428572,0.0,39,70,57,high_dimensional_binary,1000,125,holm,
1.0,0.4,0.0,28,70,58,high_dimensional_binary,1000,125,pointwise,0.0
1.0,0.12857142857142856,0.0,9,70,58,high_dimensional_binary,1000,125,normal_bonferroni,1.0
1.0,0.18571428571428572,0.0,13,70,58,high_dimensional_binary,1000,125,multiplier,1.0
1.0,0.1,0.0,7,70,58,high_dimensional_binary,1000,125,exact_bonferroni,1.0
1.0,0.04285714285714286,0.0,3,70,58,high_dimensional_binary,1000,125,hoeffding,1.0
1.0,0.11428571428571428,0.0,8,70,58,high_dimensional_binary,1000,125,holm,
1.0,0.42857142857142855,0.0,30,70,59,high_dimensional_binary,1000,125,pointwise,1.0
1.0,0.15714285714285714,0.0,11,70,59,high_dimensional_binary,1000,125,normal_bonferroni,1.0
1.0,0.15714285714285714,0.0,11,70,59,high_dimensional_binary,1000,125,multiplier,1.0
1.0,0.12857142857142856,0.0,9,70,59,high_dimensional_binary,1000,125,exact_bonferroni,1.0
1.0,0.04285714285714286,0.0,3,70,59,high_dimensional_binary,1000,125,hoeffding,1.0
1.0,0.12857142857142856,0.0,9,70,59,high_dimensional_binary,1000,125,holm,
1.0,0.5571428571428572,0.0,39,70,60,high_dimensional_binary,1000,125,pointwise,0.0
1.0,0.22857142857142856,0.0,16,70,60,high_dimensional_binary,1000,125,normal_bonferroni,1.0
1.0,0.24285714285714285,0.0,17,70,60,high_dimensional_binary,1000,125,multiplier,1.0
1.0,0.21428571428571427,0.0,15,70,60,high_dimensional_binary,1000,125,exact_bonferroni,1.0
1.0,0.08571428571428572,0.0,6,70,60,high_dimensional_binary,1000,125,hoeffding,1.0
1.0,0.22857142857142856,0.0,16,70,60,high_dimensional_binary,1000,125,holm,
1.0,0.6571428571428571,0.0,46,70,61,high_dimensional_binary,1000,125,pointwise,0.0
1.0,0.3142857142857143,0.0,22,70,61,high_dimensional_binary,1000,125,normal_bonferroni,1.0
1.0,0.3142857142857143,0.0,22,70,61,high_dimensional_binary,1000,125,multiplier,1.0
1.0,0.2714285714285714,0.0,19,70,61,high_dimensional_binary,1000,125,exact_bonferroni,1.0
1.0,0.12857142857142856,0.0,9,70,61,high_dimensional_binary,1000,125,hoeffding,1.0
1.0,0.3,0.0,21,70,61,high_dimensional_binary,1000,125,holm,
1.0,0.6285714285714286,0.0,44,70,62,high_dimensional_binary,1000,125,pointwise,0.0
1.0,0.2714285714285714,0.0,19,70,62,high_dimensional_binary,1000,125,normal_bonferroni,1.0
1.0,0.3,0.0,21,70,62,high_dimensional_binary,1000,125,multiplier,1.0
1.0,0.22857142857142856,0.0,16,70,62,high_dimensional_binary,1000,125,exact_bonferroni,1.0
1.0,0.15714285714285714,0.0,11,70,62,high_dimensional_binary,1000,125,hoeffding,1.0
1.0,0.24285714285714285,0.0,17,70,62,high_dimensional_binary,1000,125,holm,
1.0,0.6428571428571429,0.0,45,70,63,high_dimensional_binary,1000,125,pointwise,0.0
1.0,0.2714285714285714,0.0,19,70,63,high_dimensional_binary,1000,125,normal_bonferroni,1.0
1.0,0.2857142857142857,0.0,20,70,63,high_dimensional_binary,1000,125,multiplier,1.0
1.0,0.2571428571428571,0.0,18,70,63,high_dimensional_binary,1000,125,exact_bonferroni,1.0
1.0,0.15714285714285714,0.0,11,70,63,high_dimensional_binary,1000,125,hoeffding,1.0
1.0,0.2714285714285714,0.0,19,70,63,high_dimensional_binary,1000,125,holm,
1.0,0.5285714285714286,0.0,37,70,64,high_dimensional_binary,1000,125,pointwise,0.0
1.0,0.18571428571428572,0.0,13,70,64,high_dimensional_binary,1000,125,normal_bonferroni,1.0
1.0,0.2,0.0,14,70,64,high_dimensional_binary,1000,125,multiplier,1.0
1.0,0.17142857142857143,0.0,12,70,64,high_dimensional_binary,1000,125,exact_bonferroni,1.0
1.0,0.08571428571428572,0.0,6,70,64,high_dimensional_binary,1000,125,hoeffding,1.0
1.0,0.17142857142857143,0.0,12,70,64,high_dimensional_binary,1000,125,holm,
1.0,0.6857142857142857,0.0,48,70,65,high_dimensional_binary,1000,125,pointwise,0.0
1.0,0.2571428571428571,0.0,18,70,65,high_dimensional_binary,1000,125,normal_bonferroni,1.0
1.0,0.2857142857142857,0.0,20,70,65,high_dimensional_binary,1000,125,multiplier,1.0
1.0,0.21428571428571427,0.0,15,70,65,high_dimensional_binary,1000,125,exact_bonferroni,1.0
1.0,0.14285714285714285,0.0,10,70,65,high_dimensional_binary,1000,125,hoeffding,1.0
1.0,0.21428571428571427,0.0,15,70,65,high_dimensional_binary,1000,125,holm,
1.0,0.5714285714285714,0.0,40,70,66,high_dimensional_binary,1000,125,pointwise,0.0
1.0,0.2571428571428571,0.0,18,70,66,high_dimensional_binary,1000,125,normal_bonferroni,1.0
1.0,0.2857142857142857,0.0,20,70,66,high_dimensional_binary,1000,125,multiplier,1.0
1.0,0.2,0.0,14,70,66,high_dimensional_binary,1000,125,exact_bonferroni,1.0
1.0,0.1,0.0,7,70,66,high_dimensional_binary,1000,125,hoeffding,1.0
1.0,0.24285714285714285,0.0,17,70,66,high_dimensional_binary,1000,125,holm,
1.0,0.3,0.0,21,70,67,high_dimensional_binary,1000,125,pointwise,1.0
1.0,0.1,0.0,7,70,67,high_dimensional_binary,1000,125,normal_bonferroni,1.0
1.0,0.1,0.0,7,70,67,high_dimensional_binary,1000,125,multiplier,1.0
1.0,0.08571428571428572,0.0,6,70,67,high_dimensional_binary,1000,125,exact_bonferroni,1.0
1.0,0.04285714285714286,0.0,3,70,67,high_dimensional_binary,1000,125,hoeffding,1.0
1.0,0.08571428571428572,0.0,6,70,67,high_dimensional_binary,1000,125,holm,
1.0,0.5,0.0,35,70,68,high_dimensional_binary,1000,125,pointwise,0.0
1.0,0.2714285714285714,0.0,19,70,68,high_dimensional_binary,1000,125,normal_bonferroni,1.0
1.0,0.2857142857142857,0.0,20,70,68,high_dimensional_binary,1000,125,multiplier,1.0
1.0,0.22857142857142856,0.0,16,70,68,high_dimensional_binary,1000,125,exact_bonferroni,1.0
1.0,0.11428571428571428,0.0,8,70,68,high_dimensional_binary,1000,125,hoeffding,1.0
1.0,0.22857142857142856,0.0,16,70,68,high_dimensional_binary,1000,125,holm,
1.0,0.42857142857142855,0.0,30,70,69,high_dimensional_binary,1000,125,pointwise,0.0
1.0,0.18571428571428572,0.0,13,70,69,high_dimensional_binary,1000,125,normal_bonferroni,1.0
1.0,0.18571428571428572,0.0,13,70,69,high_dimensional_binary,1000,125,multiplier,1.0
1.0,0.18571428571428572,0.0,13,70,69,high_dimensional_binary,1000,125,exact_bonferroni,1.0
1.0,0.04285714285714286,0.0,3,70,69,high_dimensional_binary,1000,125,hoeffding,1.0
1.0,0.18571428571428572,0.0,13,70,69,high_dimensional_binary,1000,125,holm,
1.0,0.35714285714285715,0.0,25,70,70,high_dimensional_binary,1000,125,pointwise,1.0
1.0,0.08571428571428572,0.0,6,70,70,high_dimensional_binary,1000,125,normal_bonferroni,1.0
1.0,0.1,0.0,7,70,70,high_dimensional_binary,1000,125,multiplier,1.0
1.0,0.05714285714285714,0.0,4,70,70,high_dimensional_binary,1000,125,exact_bonferroni,1.0
1.0,0.014285714285714285,0.0,1,70,70,high_dimensional_binary,1000,125,hoeffding,1.0
1.0,0.05714285714285714,0.0,4,70,70,high_dimensional_binary,1000,125,holm,
0.0,0.5571428571428572,0.025,40,70,71,high_dimensional_binary,1000,125,pointwise,0.0
1.0,0.21428571428571427,0.0,15,70,71,high_dimensional_binary,1000,125,normal_bonferroni,1.0
1.0,0.21428571428571427,0.0,15,70,71,high_dimensional_binary,1000,125,multiplier,1.0
1.0,0.18571428571428572,0.0,13,70,71,high_dimensional_binary,1000,125,exact_bonferroni,1.0
1.0,0.08571428571428572,0.0,6,70,71,high_dimensional_binary,1000,125,hoeffding,1.0
1.0,0.21428571428571427,0.0,15,70,71,high_dimensional_binary,1000,125,holm,
1.0,0.38571428571428573,0.0,27,70,72,high_dimensional_binary,1000,125,pointwise,1.0
1.0,0.12857142857142856,0.0,9,70,72,high_dimensional_binary,1000,125,normal_bonferroni,1.0
1.0,0.15714285714285714,0.0,11,70,72,high_dimensional_binary,1000,125,multiplier,1.0
1.0,0.08571428571428572,0.0,6,70,72,high_dimensional_binary,1000,125,exact_bonferroni,1.0
1.0,0.02857142857142857,0.0,2,70,72,high_dimensional_binary,1000,125,hoeffding,1.0
1.0,0.08571428571428572,0.0,6,70,72,high_dimensional_binary,1000,125,holm,
1.0,0.7,0.0,49,70,73,high_dimensional_binary,1000,125,pointwise,0.0
1.0,0.37142857142857144,0.0,26,70,73,high_dimensional_binary,1000,125,normal_bonferroni,1.0
1.0,0.37142857142857144,0.0,26,70,73,high_dimensional_binary,1000,125,multiplier,1.0
1.0,0.34285714285714286,0.0,24,70,73,high_dimensional_binary,1000,125,exact_bonferroni,1.0
1.0,0.21428571428571427,0.0,15,70,73,high_dimensional_binary,1000,125,hoeffding,1.0
1.0,0.35714285714285715,0.0,25,70,73,high_dimensional_binary,1000,125,holm,
1.0,0.4857142857142857,0.0,34,70,74,high_dimensional_binary,1000,125,pointwise,1.0
1.0,0.17142857142857143,0.0,12,70,74,high_dimensional_binary,1000,125,normal_bonferroni,1.0
1.0,0.18571428571428572,0.0,13,70,74,high_dimensional_binary,1000,125,multiplier,1.0
1.0,0.15714285714285714,0.0,11,70,74,high_dimensional_binary,1000,125,exact_bonferroni,1.0
1.0,0.05714285714285714,0.0,4,70,74,high_dimensional_binary,1000,125,hoeffding,1.0
1.0,0.15714285714285714,0.0,11,70,74,high_dimensional_binary,1000,125,holm,
1.0,0.42857142857142855,0.0,30,70,75,high_dimensional_binary,1000,125,pointwise,0.0
1.0,0.22857142857142856,0.0,16,70,75,high_dimensional_binary,1000,125,normal_bonferroni,1.0
1.0,0.24285714285714285,0.0,17,70,75,high_dimensional_binary,1000,125,multiplier,1.0
1.0,0.18571428571428572,0.0,13,70,75,high_dimensional_binary,1000,125,exact_bonferroni,1.0
1.0,0.05714285714285714,0.0,4,70,75,high_dimensional_binary,1000,125,hoeffding,1.0
1.0,0.22857142857142856,0.0,16,70,75,high_dimensional_binary,1000,125,holm,
1.0,0.6,0.0,42,70,76,high_dimensional_binary,1000,125,pointwise,0.0
1.0,0.22857142857142856,0.0,16,70,76,high_dimensional_binary,1000,125,normal_bonferroni,1.0
1.0,0.2571428571428571,0.0,18,70,76,high_dimensional_binary,1000,125,multiplier,1.0
1.0,0.21428571428571427,0.0,15,70,76,high_dimensional_binary,1000,125,exact_bonferroni,1.0
1.0,0.14285714285714285,0.0,10,70,76,high_dimensional_binary,1000,125,hoeffding,1.0
1.0,0.21428571428571427,0.0,15,70,76,high_dimensional_binary,1000,125,holm,
1.0,0.5,0.0,35,70,77,high_dimensional_binary,1000,125,pointwise,0.0
1.0,0.17142857142857143,0.0,12,70,77,high_dimensional_binary,1000,125,normal_bonferroni,1.0
1.0,0.21428571428571427,0.0,15,70,77,high_dimensional_binary,1000,125,multiplier,0.0
1.0,0.15714285714285714,0.0,11,70,77,high_dimensional_binary,1000,125,exact_bonferroni,1.0
1.0,0.05714285714285714,0.0,4,70,77,high_dimensional_binary,1000,125,hoeffding,1.0
1.0,0.15714285714285714,0.0,11,70,77,high_dimensional_binary,1000,125,holm,
1.0,0.5142857142857142,0.0,36,70,78,high_dimensional_binary,1000,125,pointwise,0.0
1.0,0.1,0.0,7,70,78,high_dimensional_binary,1000,125,normal_bonferroni,1.0
1.0,0.12857142857142856,0.0,9,70,78,high_dimensional_binary,1000,125,multiplier,1.0
1.0,0.1,0.0,7,70,78,high_dimensional_binary,1000,125,exact_bonferroni,1.0
1.0,0.04285714285714286,0.0,3,70,78,high_dimensional_binary,1000,125,hoeffding,1.0
1.0,0.1,0.0,7,70,78,high_dimensional_binary,1000,125,holm,
1.0,0.6857142857142857,0.0,48,70,79,high_dimensional_binary,1000,125,pointwise,0.0
1.0,0.2714285714285714,0.0,19,70,79,high_dimensional_binary,1000,125,normal_bonferroni,1.0
1.0,0.32857142857142857,0.0,23,70,79,high_dimensional_binary,1000,125,multiplier,1.0
1.0,0.24285714285714285,0.0,17,70,79,high_dimensional_binary,1000,125,exact_bonferroni,1.0
1.0,0.12857142857142856,0.0,9,70,79,high_dimensional_binary,1000,125,hoeffding,1.0
1.0,0.24285714285714285,0.0,17,70,79,high_dimensional_binary,1000,125,holm,
1.0,0.4857142857142857,0.0,34,70,80,high_dimensional_binary,1000,125,pointwise,0.0
1.0,0.17142857142857143,0.0,12,70,80,high_dimensional_binary,1000,125,normal_bonferroni,1.0
1.0,0.2,0.0,14,70,80,high_dimensional_binary,1000,125,multiplier,1.0
1.0,0.14285714285714285,0.0,10,70,80,high_dimensional_binary,1000,125,exact_bonferroni,1.0
1.0,0.04285714285714286,0.0,3,70,80,high_dimensional_binary,1000,125,hoeffding,1.0
1.0,0.17142857142857143,0.0,12,70,80,high_dimensional_binary,1000,125,holm,
0.0,0.7,0.07547169811320754,53,70,81,high_dimensional_binary,1000,125,pointwise,0.0
1.0,0.2714285714285714,0.0,19,70,81,high_dimensional_binary,1000,125,normal_bonferroni,0.0
1.0,0.2857142857142857,0.0,20,70,81,high_dimensional_binary,1000,125,multiplier,0.0
1.0,0.2714285714285714,0.0,19,70,81,high_dimensional_binary,1000,125,exact_bonferroni,0.0
1.0,0.18571428571428572,0.0,13,70,81,high_dimensional_binary,1000,125,hoeffding,1.0
1.0,0.2714285714285714,0.0,19,70,81,high_dimensional_binary,1000,125,holm,
1.0,0.6428571428571429,0.0,45,70,82,high_dimensional_binary,1000,125,pointwise,0.0
1.0,0.24285714285714285,0.0,17,70,82,high_dimensional_binary,1000,125,normal_bonferroni,1.0
1.0,0.3142857142857143,0.0,22,70,82,high_dimensional_binary,1000,125,multiplier,1.0
1.0,0.21428571428571427,0.0,15,70,82,high_dimensional_binary,1000,125,exact_bonferroni,1.0
1.0,0.11428571428571428,0.0,8,70,82,high_dimensional_binary,1000,125,hoeffding,1.0
1.0,0.24285714285714285,0.0,17,70,82,high_dimensional_binary,1000,125,holm,
0.0,0.7142857142857143,0.038461538461538464,52,70,83,high_dimensional_binary,1000,125,pointwise,0.0
1.0,0.32857142857142857,0.0,23,70,83,high_dimensional_binary,1000,125,normal_bonferroni,1.0
1.0,0.35714285714285715,0.0,25,70,83,high_dimensional_binary,1000,125,multiplier,0.0
1.0,0.3142857142857143,0.0,22,70,83,high_dimensional_binary,1000,125,exact_bonferroni,1.0
1.0,0.21428571428571427,0.0,15,70,83,high_dimensional_binary,1000,125,hoeffding,1.0
1.0,0.3142857142857143,0.0,22,70,83,high_dimensional_binary,1000,125,holm,
0.0,0.8428571428571429,0.11940298507462686,67,70,84,high_dimensional_binary,1000,125,pointwise,0.0
1.0,0.4857142857142857,0.0,34,70,84,high_dimensional_binary,1000,125,normal_bonferroni,0.0
1.0,0.5285714285714286,0.0,37,70,84,high_dimensional_binary,1000,125,multiplier,0.0
1.0,0.44285714285714284,0.0,31,70,84,high_dimensional_binary,1000,125,exact_bonferroni,0.0
1.0,0.21428571428571427,0.0,15,70,84,high_dimensional_binary,1000,125,hoeffding,1.0
1.0,0.4857142857142857,0.0,34,70,84,high_dimensional_binary,1000,125,holm,
0.0,0.6571428571428571,0.02127659574468085,47,70,85,high_dimensional_binary,1000,125,pointwise,0.0
1.0,0.24285714285714285,0.0,17,70,85,high_dimensional_binary,1000,125,normal_bonferroni,0.0
1.0,0.2714285714285714,0.0,19,70,85,high_dimensional_binary,1000,125,multiplier,0.0
1.0,0.21428571428571427,0.0,15,70,85,high_dimensional_binary,1000,125,exact_bonferroni,0.0
1.0,0.1,0.0,7,70,85,high_dimensional_binary,1000,125,hoeffding,1.0
1.0,0.21428571428571427,0.0,15,70,85,high_dimensional_binary,1000,125,holm,
1.0,0.5857142857142857,0.0,41,70,86,high_dimensional_binary,1000,125,pointwise,0.0
1.0,0.2,0.0,14,70,86,high_dimensional_binary,1000,125,normal_bonferroni,0.0
1.0,0.24285714285714285,0.0,17,70,86,high_dimensional_binary,1000,125,multiplier,0.0
1.0,0.18571428571428572,0.0,13,70,86,high_dimensional_binary,1000,125,exact_bonferroni,1.0
1.0,0.05714285714285714,0.0,4,70,86,high_dimensional_binary,1000,125,hoeffding,1.0
1.0,0.18571428571428572,0.0,13,70,86,high_dimensional_binary,1000,125,holm,
1.0,0.37142857142857144,0.0,26,70,87,high_dimensional_binary,1000,125,pointwise,1.0
1.0,0.12857142857142856,0.0,9,70,87,high_dimensional_binary,1000,125,normal_bonferroni,1.0
1.0,0.12857142857142856,0.0,9,70,87,high_dimensional_binary,1000,125,multiplier,1.0
1.0,0.1,0.0,7,70,87,high_dimensional_binary,1000,125,exact_bonferroni,1.0
1.0,0.05714285714285714,0.0,4,70,87,high_dimensional_binary,1000,125,hoeffding,1.0
1.0,0.11428571428571428,0.0,8,70,87,high_dimensional_binary,1000,125,holm,
0.0,0.4714285714285714,0.029411764705882353,34,70,88,high_dimensional_binary,1000,125,pointwise,0.0
1.0,0.18571428571428572,0.0,13,70,88,high_dimensional_binary,1000,125,normal_bonferroni,1.0
1.0,0.2,0.0,14,70,88,high_dimensional_binary,1000,125,multiplier,1.0
1.0,0.18571428571428572,0.0,13,70,88,high_dimensional_binary,1000,125,exact_bonferroni,1.0
1.0,0.1,0.0,7,70,88,high_dimensional_binary,1000,125,hoeffding,1.0
1.0,0.18571428571428572,0.0,13,70,88,high_dimensional_binary,1000,125,holm,
1.0,0.4142857142857143,0.0,29,70,89,high_dimensional_binary,1000,125,pointwise,1.0
1.0,0.1,0.0,7,70,89,high_dimensional_binary,1000,125,normal_bonferroni,1.0
1.0,0.14285714285714285,0.0,10,70,89,high_dimensional_binary,1000,125,multiplier,1.0
1.0,0.04285714285714286,0.0,3,70,89,high_dimensional_binary,1000,125,exact_bonferroni,1.0
1.0,0.014285714285714285,0.0,1,70,89,high_dimensional_binary,1000,125,hoeffding,1.0
1.0,0.04285714285714286,0.0,3,70,89,high_dimensional_binary,1000,125,holm,
1.0,0.4857142857142857,0.0,34,70,90,high_dimensional_binary,1000,125,pointwise,1.0
1.0,0.15714285714285714,0.0,11,70,90,high_dimensional_binary,1000,125,normal_bonferroni,1.0
1.0,0.18571428571428572,0.0,13,70,90,high_dimensional_binary,1000,125,multiplier,1.0
1.0,0.11428571428571428,0.0,8,70,90,high_dimensional_binary,1000,125,exact_bonferroni,1.0
1.0,0.02857142857142857,0.0,2,70,90,high_dimensional_binary,1000,125,hoeffding,1.0
1.0,0.14285714285714285,0.0,10,70,90,high_dimensional_binary,1000,125,holm,
0.0,0.8,0.034482758620689655,58,70,91,high_dimensional_binary,1000,125,pointwise,0.0
1.0,0.2857142857142857,0.0,20,70,91,high_dimensional_binary,1000,125,normal_bonferroni,1.0
1.0,0.35714285714285715,0.0,25,70,91,high_dimensional_binary,1000,125,multiplier,0.0
1.0,0.2571428571428571,0.0,18,70,91,high_dimensional_binary,1000,125,exact_bonferroni,1.0
1.0,0.17142857142857143,0.0,12,70,91,high_dimensional_binary,1000,125,hoeffding,1.0
1.0,0.2714285714285714,0.0,19,70,91,high_dimensional_binary,1000,125,holm,
1.0,0.2857142857142857,0.0,20,70,92,high_dimensional_binary,1000,125,pointwise,1.0
1.0,0.1,0.0,7,70,92,high_dimensional_binary,1000,125,normal_bonferroni,1.0
1.0,0.1,0.0,7,70,92,high_dimensional_binary,1000,125,multiplier,1.0
1.0,0.07142857142857142,0.0,5,70,92,high_dimensional_binary,1000,125,exact_bonferroni,1.0
1.0,0.02857142857142857,0.0,2,70,92,high_dimensional_binary,1000,125,hoeffding,1.0
1.0,0.07142857142857142,0.0,5,70,92,high_dimensional_binary,1000,125,holm,
1.0,0.5285714285714286,0.0,37,70,93,high_dimensional_binary,1000,125,pointwise,0.0
1.0,0.24285714285714285,0.0,17,70,93,high_dimensional_binary,1000,125,normal_bonferroni,1.0
1.0,0.2714285714285714,0.0,19,70,93,high_dimensional_binary,1000,125,multiplier,1.0
1.0,0.2,0.0,14,70,93,high_dimensional_binary,1000,125,exact_bonferroni,1.0
1.0,0.11428571428571428,0.0,8,70,93,high_dimensional_binary,1000,125,hoeffding,1.0
1.0,0.22857142857142856,0.0,16,70,93,high_dimensional_binary,1000,125,holm,
1.0,0.6142857142857143,0.0,43,70,94,high_dimensional_binary,1000,125,pointwise,0.0
1.0,0.22857142857142856,0.0,16,70,94,high_dimensional_binary,1000,125,normal_bonferroni,1.0
1.0,0.24285714285714285,0.0,17,70,94,high_dimensional_binary,1000,125,multiplier,1.0
1.0,0.21428571428571427,0.0,15,70,94,high_dimensional_binary,1000,125,exact_bonferroni,1.0
1.0,0.07142857142857142,0.0,5,70,94,high_dimensional_binary,1000,125,hoeffding,1.0
1.0,0.22857142857142856,0.0,16,70,94,high_dimensional_binary,1000,125,holm,
1.0,0.6,0.0,42,70,95,high_dimensional_binary,1000,125,pointwise,0.0
1.0,0.3,0.0,21,70,95,high_dimensional_binary,1000,125,normal_bonferroni,1.0
1.0,0.34285714285714286,0.0,24,70,95,high_dimensional_binary,1000,125,multiplier,1.0
1.0,0.2714285714285714,0.0,19,70,95,high_dimensional_binary,1000,125,exact_bonferroni,1.0
1.0,0.14285714285714285,0.0,10,70,95,high_dimensional_binary,1000,125,hoeffding,1.0
1.0,0.2714285714285714,0.0,19,70,95,high_dimensional_binary,1000,125,holm,
1.0,0.32857142857142857,0.0,23,70,96,high_dimensional_binary,1000,125,pointwise,1.0
1.0,0.14285714285714285,0.0,10,70,96,high_dimensional_binary,1000,125,normal_bonferroni,1.0
1.0,0.14285714285714285,0.0,10,70,96,high_dimensional_binary,1000,125,multiplier,1.0
1.0,0.08571428571428572,0.0,6,70,96,high_dimensional_binary,1000,125,exact_bonferroni,1.0
1.0,0.02857142857142857,0.0,2,70,96,high_dimensional_binary,1000,125,hoeffding,1.0
1.0,0.1,0.0,7,70,96,high_dimensional_binary,1000,125,holm,
0.0,0.5857142857142857,0.046511627906976744,43,70,97,high_dimensional_binary,1000,125,pointwise,0.0
1.0,0.17142857142857143,0.0,12,70,97,high_dimensional_binary,1000,125,normal_bonferroni,1.0
1.0,0.2,0.0,14,70,97,high_dimensional_binary,1000,125,multiplier,1.0
1.0,0.15714285714285714,0.0,11,70,97,high_dimensional_binary,1000,125,exact_bonferroni,1.0
1.0,0.05714285714285714,0.0,4,70,97,high_dimensional_binary,1000,125,hoeffding,1.0
1.0,0.17142857142857143,0.0,12,70,97,high_dimensional_binary,1000,125,holm,
0.0,0.6428571428571429,0.0425531914893617,47,70,98,high_dimensional_binary,1000,125,pointwise,0.0
1.0,0.3142857142857143,0.0,22,70,98,high_dimensional_binary,1000,125,normal_bonferroni,0.0
1.0,0.32857142857142857,0.0,23,70,98,high_dimensional_binary,1000,125,multiplier,0.0
1.0,0.3,0.0,21,70,98,high_dimensional_binary,1000,125,exact_bonferroni,1.0
1.0,0.14285714285714285,0.0,10,70,98,high_dimensional_binary,1000,125,hoeffding,1.0
1.0,0.3142857142857143,0.0,22,70,98,high_dimensional_binary,1000,125,holm,
1.0,0.34285714285714286,0.0,24,70,99,high_dimensional_binary,1000,125,pointwise,0.0
1.0,0.14285714285714285,0.0,10,70,99,high_dimensional_binary,1000,125,normal_bonferroni,1.0
1.0,0.15714285714285714,0.0,11,70,99,high_dimensional_binary,1000,125,multiplier,1.0
1.0,0.12857142857142856,0.0,9,70,99,high_dimensional_binary,1000,125,exact_bonferroni,1.0
1.0,0.02857142857142857,0.0,2,70,99,high_dimensional_binary,1000,125,hoeffding,1.0
1.0,0.12857142857142856,0.0,9,70,99,high_dimensional_binary,1000,125,holm,
0.0,0.6714285714285714,0.06,50,70,100,high_dimensional_binary,1000,125,pointwise,0.0
1.0,0.3,0.0,21,70,100,high_dimensional_binary,1000,125,normal_bonferroni,1.0
1.0,0.34285714285714286,0.0,24,70,100,high_dimensional_binary,1000,125,multiplier,1.0
1.0,0.2857142857142857,0.0,20,70,100,high_dimensional_binary,1000,125,exact_bonferroni,1.0
1.0,0.15714285714285714,0.0,11,70,100,high_dimensional_binary,1000,125,hoeffding,1.0
1.0,0.3,0.0,21,70,100,high_dimensional_binary,1000,125,holm,
1.0,0.37142857142857144,0.0,26,70,101,high_dimensional_binary,1000,125,pointwise,1.0
1.0,0.11428571428571428,0.0,8,70,101,high_dimensional_binary,1000,125,normal_bonferroni,1.0
1.0,0.15714285714285714,0.0,11,70,101,high_dimensional_binary,1000,125,multiplier,1.0
1.0,0.1,0.0,7,70,101,high_dimensional_binary,1000,125,exact_bonferroni,1.0
1.0,0.02857142857142857,0.0,2,70,101,high_dimensional_binary,1000,125,hoeffding,1.0
1.0,0.1,0.0,7,70,101,high_dimensional_binary,1000,125,holm,
1.0,0.3,0.0,21,70,102,high_dimensional_binary,1000,125,pointwise,1.0
1.0,0.07142857142857142,0.0,5,70,102,high_dimensional_binary,1000,125,normal_bonferroni,1.0
1.0,0.07142857142857142,0.0,5,70,102,high_dimensional_binary,1000,125,multiplier,1.0
1.0,0.07142857142857142,0.0,5,70,102,high_dimensional_binary,1000,125,exact_bonferroni,1.0
1.0,0.04285714285714286,0.0,3,70,102,high_dimensional_binary,1000,125,hoeffding,1.0
1.0,0.07142857142857142,0.0,5,70,102,high_dimensional_binary,1000,125,holm,
1.0,0.4,0.0,28,70,103,high_dimensional_binary,1000,125,pointwise,1.0
1.0,0.14285714285714285,0.0,10,70,103,high_dimensional_binary,1000,125,normal_bonferroni,1.0
1.0,0.14285714285714285,0.0,10,70,103,high_dimensional_binary,1000,125,multiplier,1.0
1.0,0.1,0.0,7,70,103,high_dimensional_binary,1000,125,exact_bonferroni,1.0
1.0,0.05714285714285714,0.0,4,70,103,high_dimensional_binary,1000,125,hoeffding,1.0
1.0,0.11428571428571428,0.0,8,70,103,high_dimensional_binary,1000,125,holm,
0.0,0.5857142857142857,0.023809523809523808,42,70,104,high_dimensional_binary,1000,125,pointwise,0.0
1.0,0.22857142857142856,0.0,16,70,104,high_dimensional_binary,1000,125,normal_bonferroni,1.0
1.0,0.2714285714285714,0.0,19,70,104,high_dimensional_binary,1000,125,multiplier,1.0
1.0,0.2,0.0,14,70,104,high_dimensional_binary,1000,125,exact_bonferroni,1.0
1.0,0.14285714285714285,0.0,10,70,104,high_dimensional_binary,1000,125,hoeffding,1.0
1.0,0.2,0.0,14,70,104,high_dimensional_binary,1000,125,holm,
0.0,0.6142857142857143,0.022727272727272728,44,70,105,high_dimensional_binary,1000,125,pointwise,0.0
1.0,0.22857142857142856,0.0,16,70,105,high_dimensional_binary,1000,125,normal_bonferroni,1.0
1.0,0.2571428571428571,0.0,18,70,105,high_dimensional_binary,1000,125,multiplier,1.0
1.0,0.2,0.0,14,70,105,high_dimensional_binary,1000,125,exact_bonferroni,1.0
1.0,0.12857142857142856,0.0,9,70,105,high_dimensional_binary,1000,125,hoeffding,1.0
1.0,0.21428571428571427,0.0,15,70,105,high_dimensional_binary,1000,125,holm,
1.0,0.45714285714285713,0.0,32,70,106,high_dimensional_binary,1000,125,pointwise,0.0
1.0,0.21428571428571427,0.0,15,70,106,high_dimensional_binary,1000,125,normal_bonferroni,1.0
1.0,0.2571428571428571,0.0,18,70,106,high_dimensional_binary,1000,125,multiplier,1.0
1.0,0.18571428571428572,0.0,13,70,106,high_dimensional_binary,1000,125,exact_bonferroni,1.0
1.0,0.08571428571428572,0.0,6,70,106,high_dimensional_binary,1000,125,hoeffding,1.0
1.0,0.21428571428571427,0.0,15,70,106,high_dimensional_binary,1000,125,holm,
1.0,0.44285714285714284,0.0,31,70,107,high_dimensional_binary,1000,125,pointwise,0.0
1.0,0.18571428571428572,0.0,13,70,107,high_dimensional_binary,1000,125,normal_bonferroni,1.0
1.0,0.21428571428571427,0.0,15,70,107,high_dimensional_binary,1000,125,multiplier,1.0
1.0,0.12857142857142856,0.0,9,70,107,high_dimensional_binary,1000,125,exact_bonferroni,1.0
1.0,0.02857142857142857,0.0,2,70,107,high_dimensional_binary,1000,125,hoeffding,1.0
1.0,0.17142857142857143,0.0,12,70,107,high_dimensional_binary,1000,125,holm,
1.0,0.35714285714285715,0.0,25,70,108,high_dimensional_binary,1000,125,pointwise,0.0
1.0,0.14285714285714285,0.0,10,70,108,high_dimensional_binary,1000,125,normal_bonferroni,1.0
1.0,0.17142857142857143,0.0,12,70,108,high_dimensional_binary,1000,125,multiplier,1.0
1.0,0.12857142857142856,0.0,9,70,108,high_dimensional_binary,1000,125,exact_bonferroni,1.0
1.0,0.05714285714285714,0.0,4,70,108,high_dimensional_binary,1000,125,hoeffding,1.0
1.0,0.14285714285714285,0.0,10,70,108,high_dimensional_binary,1000,125,holm,
1.0,0.35714285714285715,0.0,25,70,109,high_dimensional_binary,1000,125,pointwise,1.0
1.0,0.08571428571428572,0.0,6,70,109,high_dimensional_binary,1000,125,normal_bonferroni,1.0
1.0,0.1,0.0,7,70,109,high_dimensional_binary,1000,125,multiplier,1.0
1.0,0.08571428571428572,0.0,6,70,109,high_dimensional_binary,1000,125,exact_bonferroni,1.0
1.0,0.04285714285714286,0.0,3,70,109,high_dimensional_binary,1000,125,hoeffding,1.0
1.0,0.08571428571428572,0.0,6,70,109,high_dimensional_binary,1000,125,holm,
0.0,0.8857142857142857,0.06060606060606061,66,70,110,high_dimensional_binary,1000,125,pointwise,0.0
1.0,0.5571428571428572,0.0,39,70,110,high_dimensional_binary,1000,125,normal_bonferroni,0.0
1.0,0.6,0.0,42,70,110,high_dimensional_binary,1000,125,multiplier,0.0
1.0,0.5428571428571428,0.0,38,70,110,high_dimensional_binary,1000,125,exact_bonferroni,0.0
1.0,0.37142857142857144,0.0,26,70,110,high_dimensional_binary,1000,125,hoeffding,1.0
1.0,0.5571428571428572,0.0,39,70,110,high_dimensional_binary,1000,125,holm,
1.0,0.6142857142857143,0.0,43,70,111,high_dimensional_binary,1000,125,pointwise,0.0
1.0,0.2571428571428571,0.0,18,70,111,high_dimensional_binary,1000,125,normal_bonferroni,1.0
1.0,0.2857142857142857,0.0,20,70,111,high_dimensional_binary,1000,125,multiplier,1.0
1.0,0.24285714285714285,0.0,17,70,111,high_dimensional_binary,1000,125,exact_bonferroni,1.0
1.0,0.15714285714285714,0.0,11,70,111,high_dimensional_binary,1000,125,hoeffding,1.0
1.0,0.24285714285714285,0.0,17,70,111,high_dimensional_binary,1000,125,holm,
1.0,0.4,0.0,28,70,112,high_dimensional_binary,1000,125,pointwise,0.0
1.0,0.14285714285714285,0.0,10,70,112,high_dimensional_binary,1000,125,normal_bonferroni,1.0
1.0,0.15714285714285714,0.0,11,70,112,high_dimensional_binary,1000,125,multiplier,1.0
1.0,0.14285714285714285,0.0,10,70,112,high_dimensional_binary,1000,125,exact_bonferroni,1.0
1.0,0.08571428571428572,0.0,6,70,112,high_dimensional_binary,1000,125,hoeffding,1.0
1.0,0.14285714285714285,0.0,10,70,112,high_dimensional_binary,1000,125,holm,
1.0,0.5285714285714286,0.0,37,70,113,high_dimensional_binary,1000,125,pointwise,0.0
1.0,0.2857142857142857,0.0,20,70,113,high_dimensional_binary,1000,125,normal_bonferroni,1.0
1.0,0.3,0.0,21,70,113,high_dimensional_binary,1000,125,multiplier,1.0
1.0,0.22857142857142856,0.0,16,70,113,high_dimensional_binary,1000,125,exact_bonferroni,1.0
1.0,0.08571428571428572,0.0,6,70,113,high_dimensional_binary,1000,125,hoeffding,1.0
1.0,0.2571428571428571,0.0,18,70,113,high_dimensional_binary,1000,125,holm,
1.0,0.4,0.0,28,70,114,high_dimensional_binary,1000,125,pointwise,0.0
1.0,0.07142857142857142,0.0,5,70,114,high_dimensional_binary,1000,125,normal_bonferroni,1.0
1.0,0.07142857142857142,0.0,5,70,114,high_dimensional_binary,1000,125,multiplier,1.0
1.0,0.05714285714285714,0.0,4,70,114,high_dimensional_binary,1000,125,exact_bonferroni,1.0
1.0,0.0,0.0,0,70,114,high_dimensional_binary,1000,125,hoeffding,1.0
1.0,0.07142857142857142,0.0,5,70,114,high_dimensional_binary,1000,125,holm,
0.0,0.5,0.027777777777777776,36,70,115,high_dimensional_binary,1000,125,pointwise,0.0
1.0,0.2,0.0,14,70,115,high_dimensional_binary,1000,125,normal_bonferroni,1.0
1.0,0.21428571428571427,0.0,15,70,115,high_dimensional_binary,1000,125,multiplier,1.0
1.0,0.18571428571428572,0.0,13,70,115,high_dimensional_binary,1000,125,exact_bonferroni,1.0
1.0,0.08571428571428572,0.0,6,70,115,high_dimensional_binary,1000,125,hoeffding,1.0
1.0,0.18571428571428572,0.0,13,70,115,high_dimensional_binary,1000,125,holm,
1.0,0.38571428571428573,0.0,27,70,116,high_dimensional_binary,1000,125,pointwise,1.0
1.0,0.1,0.0,7,70,116,high_dimensional_binary,1000,125,normal_bonferroni,1.0
1.0,0.14285714285714285,0.0,10,70,116,high_dimensional_binary,1000,125,multiplier,1.0
1.0,0.1,0.0,7,70,116,high_dimensional_binary,1000,125,exact_bonferroni,1.0
1.0,0.05714285714285714,0.0,4,70,116,high_dimensional_binary,1000,125,hoeffding,1.0
1.0,0.1,0.0,7,70,116,high_dimensional_binary,1000,125,holm,
1.0,0.4,0.0,28,70,117,high_dimensional_binary,1000,125,pointwise,1.0
1.0,0.1,0.0,7,70,117,high_dimensional_binary,1000,125,normal_bonferroni,1.0
1.0,0.12857142857142856,0.0,9,70,117,high_dimensional_binary,1000,125,multiplier,1.0
1.0,0.1,0.0,7,70,117,high_dimensional_binary,1000,125,exact_bonferroni,1.0
1.0,0.04285714285714286,0.0,3,70,117,high_dimensional_binary,1000,125,hoeffding,1.0
1.0,0.1,0.0,7,70,117,high_dimensional_binary,1000,125,holm,
0.0,0.5428571428571428,0.02564102564102564,39,70,118,high_dimensional_binary,1000,125,pointwise,0.0
1.0,0.18571428571428572,0.0,13,70,118,high_dimensional_binary,1000,125,normal_bonferroni,1.0
1.0,0.22857142857142856,0.0,16,70,118,high_dimensional_binary,1000,125,multiplier,1.0
1.0,0.18571428571428572,0.0,13,70,118,high_dimensional_binary,1000,125,exact_bonferroni,1.0
1.0,0.08571428571428572,0.0,6,70,118,high_dimensional_binary,1000,125,hoeffding,1.0
1.0,0.18571428571428572,0.0,13,70,118,high_dimensional_binary,1000,125,holm,
0.0,0.6,0.023255813953488372,43,70,119,high_dimensional_binary,1000,125,pointwise,0.0
1.0,0.2571428571428571,0.0,18,70,119,high_dimensional_binary,1000,125,normal_bonferroni,1.0
1.0,0.3,0.0,21,70,119,high_dimensional_binary,1000,125,multiplier,1.0
1.0,0.2571428571428571,0.0,18,70,119,high_dimensional_binary,1000,125,exact_bonferroni,1.0
1.0,0.11428571428571428,0.0,8,70,119,high_dimensional_binary,1000,125,hoeffding,1.0
1.0,0.2571428571428571,0.0,18,70,119,high_dimensional_binary,1000,125,holm,
1.0,0.5285714285714286,0.0,37,70,120,high_dimensional_binary,1000,125,pointwise,0.0
1.0,0.18571428571428572,0.0,13,70,120,high_dimensional_binary,1000,125,normal_bonferroni,1.0
1.0,0.21428571428571427,0.0,15,70,120,high_dimensional_binary,1000,125,multiplier,1.0
1.0,0.15714285714285714,0.0,11,70,120,high_dimensional_binary,1000,125,exact_bonferroni,1.0
1.0,0.05714285714285714,0.0,4,70,120,high_dimensional_binary,1000,125,hoeffding,1.0
1.0,0.18571428571428572,0.0,13,70,120,high_dimensional_binary,1000,125,holm,
1.0,0.5,0.0,35,70,121,high_dimensional_binary,1000,125,pointwise,0.0
1.0,0.21428571428571427,0.0,15,70,121,high_dimensional_binary,1000,125,normal_bonferroni,1.0
1.0,0.22857142857142856,0.0,16,70,121,high_dimensional_binary,1000,125,multiplier,1.0
1.0,0.2,0.0,14,70,121,high_dimensional_binary,1000,125,exact_bonferroni,1.0
1.0,0.05714285714285714,0.0,4,70,121,high_dimensional_binary,1000,125,hoeffding,1.0
1.0,0.2,0.0,14,70,121,high_dimensional_binary,1000,125,holm,
1.0,0.2857142857142857,0.0,20,70,122,high_dimensional_binary,1000,125,pointwise,1.0
1.0,0.07142857142857142,0.0,5,70,122,high_dimensional_binary,1000,125,normal_bonferroni,1.0
1.0,0.11428571428571428,0.0,8,70,122,high_dimensional_binary,1000,125,multiplier,1.0
1.0,0.05714285714285714,0.0,4,70,122,high_dimensional_binary,1000,125,exact_bonferroni,1.0
1.0,0.0,0.0,0,70,122,high_dimensional_binary,1000,125,hoeffding,1.0
1.0,0.07142857142857142,0.0,5,70,122,high_dimensional_binary,1000,125,holm,
1.0,0.38571428571428573,0.0,27,70,123,high_dimensional_binary,1000,125,pointwise,1.0
1.0,0.07142857142857142,0.0,5,70,123,high_dimensional_binary,1000,125,normal_bonferroni,1.0
1.0,0.1,0.0,7,70,123,high_dimensional_binary,1000,125,multiplier,1.0
1.0,0.05714285714285714,0.0,4,70,123,high_dimensional_binary,1000,125,exact_bonferroni,1.0
1.0,0.04285714285714286,0.0,3,70,123,high_dimensional_binary,1000,125,hoeffding,1.0
1.0,0.07142857142857142,0.0,5,70,123,high_dimensional_binary,1000,125,holm,
1.0,0.4142857142857143,0.0,29,70,124,high_dimensional_binary,1000,125,pointwise,1.0
1.0,0.08571428571428572,0.0,6,70,124,high_dimensional_binary,1000,125,normal_bonferroni,1.0
1.0,0.11428571428571428,0.0,8,70,124,high_dimensional_binary,1000,125,multiplier,1.0
1.0,0.07142857142857142,0.0,5,70,124,high_dimensional_binary,1000,125,exact_bonferroni,1.0
1.0,0.02857142857142857,0.0,2,70,124,high_dimensional_binary,1000,125,hoeffding,1.0
1.0,0.08571428571428572,0.0,6,70,124,high_dimensional_binary,1000,125,holm,
1.0,0.44285714285714284,0.0,31,70,125,high_dimensional_binary,1000,125,pointwise,0.0
1.0,0.15714285714285714,0.0,11,70,125,high_dimensional_binary,1000,125,normal_bonferroni,1.0
1.0,0.15714285714285714,0.0,11,70,125,high_dimensional_binary,1000,125,multiplier,1.0
1.0,0.14285714285714285,0.0,10,70,125,high_dimensional_binary,1000,125,exact_bonferroni,1.0
1.0,0.02857142857142857,0.0,2,70,125,high_dimensional_binary,1000,125,hoeffding,1.0
1.0,0.15714285714285714,0.0,11,70,125,high_dimensional_binary,1000,125,holm,
1.0,0.6,0.0,42,70,126,high_dimensional_binary,1000,125,pointwise,0.0
1.0,0.3142857142857143,0.0,22,70,126,high_dimensional_binary,1000,125,normal_bonferroni,1.0
1.0,0.32857142857142857,0.0,23,70,126,high_dimensional_binary,1000,125,multiplier,1.0
1.0,0.3,0.0,21,70,126,high_dimensional_binary,1000,125,exact_bonferroni,1.0
1.0,0.2,0.0,14,70,126,high_dimensional_binary,1000,125,hoeffding,1.0
1.0,0.3,0.0,21,70,126,high_dimensional_binary,1000,125,holm,
1.0,0.4714285714285714,0.0,33,70,127,high_dimensional_binary,1000,125,pointwise,0.0
1.0,0.2,0.0,14,70,127,high_dimensional_binary,1000,125,normal_bonferroni,1.0
1.0,0.2571428571428571,0.0,18,70,127,high_dimensional_binary,1000,125,multiplier,1.0
1.0,0.2,0.0,14,70,127,high_dimensional_binary,1000,125,exact_bonferroni,1.0
1.0,0.1,0.0,7,70,127,high_dimensional_binary,1000,125,hoeffding,1.0
1.0,0.2,0.0,14,70,127,high_dimensional_binary,1000,125,holm,
1.0,0.7142857142857143,0.0,50,70,128,high_dimensional_binary,1000,125,pointwise,0.0
1.0,0.37142857142857144,0.0,26,70,128,high_dimensional_binary,1000,125,normal_bonferroni,1.0
1.0,0.38571428571428573,0.0,27,70,128,high_dimensional_binary,1000,125,multiplier,1.0
1.0,0.3142857142857143,0.0,22,70,128,high_dimensional_binary,1000,125,exact_bonferroni,1.0
1.0,0.15714285714285714,0.0,11,70,128,high_dimensional_binary,1000,125,hoeffding,1.0
1.0,0.3142857142857143,0.0,22,70,128,high_dimensional_binary,1000,125,holm,
1.0,0.6857142857142857,0.0,48,70,129,high_dimensional_binary,1000,125,pointwise,0.0
1.0,0.32857142857142857,0.0,23,70,129,high_dimensional_binary,1000,125,normal_bonferroni,1.0
1.0,0.35714285714285715,0.0,25,70,129,high_dimensional_binary,1000,125,multiplier,1.0
1.0,0.3,0.0,21,70,129,high_dimensional_binary,1000,125,exact_bonferroni,1.0
1.0,0.14285714285714285,0.0,10,70,129,high_dimensional_binary,1000,125,hoeffding,1.0
1.0,0.3142857142857143,0.0,22,70,129,high_dimensional_binary,1000,125,holm,
1.0,0.7,0.0,49,70,130,high_dimensional_binary,1000,125,pointwise,0.0
1.0,0.3,0.0,21,70,130,high_dimensional_binary,1000,125,normal_bonferroni,1.0
1.0,0.34285714285714286,0.0,24,70,130,high_dimensional_binary,1000,125,multiplier,1.0
1.0,0.2714285714285714,0.0,19,70,130,high_dimensional_binary,1000,125,exact_bonferroni,1.0
1.0,0.2,0.0,14,70,130,high_dimensional_binary,1000,125,hoeffding,1.0
1.0,0.2714285714285714,0.0,19,70,130,high_dimensional_binary,1000,125,holm,
1.0,0.6,0.0,42,70,131,high_dimensional_binary,1000,125,pointwise,0.0
1.0,0.21428571428571427,0.0,15,70,131,high_dimensional_binary,1000,125,normal_bonferroni,1.0
1.0,0.22857142857142856,0.0,16,70,131,high_dimensional_binary,1000,125,multiplier,1.0
1.0,0.2,0.0,14,70,131,high_dimensional_binary,1000,125,exact_bonferroni,1.0
1.0,0.05714285714285714,0.0,4,70,131,high_dimensional_binary,1000,125,hoeffding,1.0
1.0,0.21428571428571427,0.0,15,70,131,high_dimensional_binary,1000,125,holm,
1.0,0.37142857142857144,0.0,26,70,132,high_dimensional_binary,1000,125,pointwise,0.0
1.0,0.12857142857142856,0.0,9,70,132,high_dimensional_binary,1000,125,normal_bonferroni,1.0
1.0,0.14285714285714285,0.0,10,70,132,high_dimensional_binary,1000,125,multiplier,1.0
1.0,0.12857142857142856,0.0,9,70,132,high_dimensional_binary,1000,125,exact_bonferroni,1.0
1.0,0.02857142857142857,0.0,2,70,132,high_dimensional_binary,1000,125,hoeffding,1.0
1.0,0.12857142857142856,0.0,9,70,132,high_dimensional_binary,1000,125,holm,
1.0,0.7571428571428571,0.0,53,70,133,high_dimensional_binary,1000,125,pointwise,0.0
1.0,0.4,0.0,28,70,133,high_dimensional_binary,1000,125,normal_bonferroni,1.0
1.0,0.44285714285714284,0.0,31,70,133,high_dimensional_binary,1000,125,multiplier,1.0
1.0,0.2857142857142857,0.0,20,70,133,high_dimensional_binary,1000,125,exact_bonferroni,1.0
1.0,0.18571428571428572,0.0,13,70,133,high_dimensional_binary,1000,125,hoeffding,1.0
1.0,0.32857142857142857,0.0,23,70,133,high_dimensional_binary,1000,125,holm,
1.0,0.6428571428571429,0.0,45,70,134,high_dimensional_binary,1000,125,pointwise,0.0
1.0,0.2714285714285714,0.0,19,70,134,high_dimensional_binary,1000,125,normal_bonferroni,1.0
1.0,0.3142857142857143,0.0,22,70,134,high_dimensional_binary,1000,125,multiplier,1.0
1.0,0.21428571428571427,0.0,15,70,134,high_dimensional_binary,1000,125,exact_bonferroni,1.0
1.0,0.08571428571428572,0.0,6,70,134,high_dimensional_binary,1000,125,hoeffding,1.0
1.0,0.21428571428571427,0.0,15,70,134,high_dimensional_binary,1000,125,holm,
1.0,0.3,0.0,21,70,135,high_dimensional_binary,1000,125,pointwise,1.0
1.0,0.07142857142857142,0.0,5,70,135,high_dimensional_binary,1000,125,normal_bonferroni,1.0
1.0,0.07142857142857142,0.0,5,70,135,high_dimensional_binary,1000,125,multiplier,1.0
1.0,0.04285714285714286,0.0,3,70,135,high_dimensional_binary,1000,125,exact_bonferroni,1.0
1.0,0.014285714285714285,0.0,1,70,135,high_dimensional_binary,1000,125,hoeffding,1.0
1.0,0.04285714285714286,0.0,3,70,135,high_dimensional_binary,1000,125,holm,
0.0,0.8714285714285714,0.031746031746031744,63,70,136,high_dimensional_binary,1000,125,pointwise,0.0
1.0,0.5142857142857142,0.0,36,70,136,high_dimensional_binary,1000,125,normal_bonferroni,0.0
1.0,0.5428571428571428,0.0,38,70,136,high_dimensional_binary,1000,125,multiplier,0.0
1.0,0.4857142857142857,0.0,34,70,136,high_dimensional_binary,1000,125,exact_bonferroni,0.0
1.0,0.2857142857142857,0.0,20,70,136,high_dimensional_binary,1000,125,hoeffding,1.0
1.0,0.5142857142857142,0.0,36,70,136,high_dimensional_binary,1000,125,holm,
1.0,0.37142857142857144,0.0,26,70,137,high_dimensional_binary,1000,125,pointwise,1.0
1.0,0.14285714285714285,0.0,10,70,137,high_dimensional_binary,1000,125,normal_bonferroni,1.0
1.0,0.15714285714285714,0.0,11,70,137,high_dimensional_binary,1000,125,multiplier,1.0
1.0,0.11428571428571428,0.0,8,70,137,high_dimensional_binary,1000,125,exact_bonferroni,1.0
1.0,0.02857142857142857,0.0,2,70,137,high_dimensional_binary,1000,125,hoeffding,1.0
1.0,0.11428571428571428,0.0,8,70,137,high_dimensional_binary,1000,125,holm,
0.0,0.5714285714285714,0.024390243902439025,41,70,138,high_dimensional_binary,1000,125,pointwise,0.0
1.0,0.2857142857142857,0.0,20,70,138,high_dimensional_binary,1000,125,normal_bonferroni,0.0
1.0,0.34285714285714286,0.0,24,70,138,high_dimensional_binary,1000,125,multiplier,0.0
1.0,0.2571428571428571,0.0,18,70,138,high_dimensional_binary,1000,125,exact_bonferroni,1.0
1.0,0.11428571428571428,0.0,8,70,138,high_dimensional_binary,1000,125,hoeffding,1.0
1.0,0.2571428571428571,0.0,18,70,138,high_dimensional_binary,1000,125,holm,
0.0,0.2857142857142857,0.047619047619047616,21,70,139,high_dimensional_binary,1000,125,pointwise,0.0
1.0,0.1,0.0,7,70,139,high_dimensional_binary,1000,125,normal_bonferroni,1.0
1.0,0.11428571428571428,0.0,8,70,139,high_dimensional_binary,1000,125,multiplier,1.0
1.0,0.07142857142857142,0.0,5,70,139,high_dimensional_binary,1000,125,exact_bonferroni,1.0
1.0,0.014285714285714285,0.0,1,70,139,high_dimensional_binary,1000,125,hoeffding,1.0
1.0,0.07142857142857142,0.0,5,70,139,high_dimensional_binary,1000,125,holm,
0.0,0.6428571428571429,0.021739130434782608,46,70,140,high_dimensional_binary,1000,125,pointwise,0.0
1.0,0.32857142857142857,0.0,23,70,140,high_dimensional_binary,1000,125,normal_bonferroni,1.0
1.0,0.35714285714285715,0.0,25,70,140,high_dimensional_binary,1000,125,multiplier,1.0
1.0,0.2857142857142857,0.0,20,70,140,high_dimensional_binary,1000,125,exact_bonferroni,1.0
1.0,0.14285714285714285,0.0,10,70,140,high_dimensional_binary,1000,125,hoeffding,1.0
1.0,0.32857142857142857,0.0,23,70,140,high_dimensional_binary,1000,125,holm,
0.0,0.7285714285714285,0.019230769230769232,52,70,141,high_dimensional_binary,1000,125,pointwise,0.0
1.0,0.35714285714285715,0.0,25,70,141,high_dimensional_binary,1000,125,normal_bonferroni,1.0
1.0,0.38571428571428573,0.0,27,70,141,high_dimensional_binary,1000,125,multiplier,1.0
1.0,0.3142857142857143,0.0,22,70,141,high_dimensional_binary,1000,125,exact_bonferroni,1.0
1.0,0.18571428571428572,0.0,13,70,141,high_dimensional_binary,1000,125,hoeffding,1.0
1.0,0.34285714285714286,0.0,24,70,141,high_dimensional_binary,1000,125,holm,
1.0,0.2571428571428571,0.0,18,70,142,high_dimensional_binary,1000,125,pointwise,1.0
1.0,0.05714285714285714,0.0,4,70,142,high_dimensional_binary,1000,125,normal_bonferroni,1.0
1.0,0.07142857142857142,0.0,5,70,142,high_dimensional_binary,1000,125,multiplier,1.0
1.0,0.02857142857142857,0.0,2,70,142,high_dimensional_binary,1000,125,exact_bonferroni,1.0
1.0,0.014285714285714285,0.0,1,70,142,high_dimensional_binary,1000,125,hoeffding,1.0
1.0,0.02857142857142857,0.0,2,70,142,high_dimensional_binary,1000,125,holm,
1.0,0.45714285714285713,0.0,32,70,143,high_dimensional_binary,1000,125,pointwise,1.0
1.0,0.12857142857142856,0.0,9,70,143,high_dimensional_binary,1000,125,normal_bonferroni,1.0
1.0,0.12857142857142856,0.0,9,70,143,high_dimensional_binary,1000,125,multiplier,1.0
1.0,0.12857142857142856,0.0,9,70,143,high_dimensional_binary,1000,125,exact_bonferroni,1.0
1.0,0.04285714285714286,0.0,3,70,143,high_dimensional_binary,1000,125,hoeffding,1.0
1.0,0.12857142857142856,0.0,9,70,143,high_dimensional_binary,1000,125,holm,
1.0,0.42857142857142855,0.0,30,70,144,high_dimensional_binary,1000,125,pointwise,0.0
1.0,0.24285714285714285,0.0,17,70,144,high_dimensional_binary,1000,125,normal_bonferroni,1.0
1.0,0.2571428571428571,0.0,18,70,144,high_dimensional_binary,1000,125,multiplier,1.0
1.0,0.22857142857142856,0.0,16,70,144,high_dimensional_binary,1000,125,exact_bonferroni,1.0
1.0,0.05714285714285714,0.0,4,70,144,high_dimensional_binary,1000,125,hoeffding,1.0
1.0,0.24285714285714285,0.0,17,70,144,high_dimensional_binary,1000,125,holm,
1.0,0.34285714285714286,0.0,24,70,145,high_dimensional_binary,1000,125,pointwise,1.0
1.0,0.05714285714285714,0.0,4,70,145,high_dimensional_binary,1000,125,normal_bonferroni,1.0
1.0,0.07142857142857142,0.0,5,70,145,high_dimensional_binary,1000,125,multiplier,1.0
1.0,0.05714285714285714,0.0,4,70,145,high_dimensional_binary,1000,125,exact_bonferroni,1.0
1.0,0.0,0.0,0,70,145,high_dimensional_binary,1000,125,hoeffding,1.0
1.0,0.05714285714285714,0.0,4,70,145,high_dimensional_binary,1000,125,holm,
0.0,0.6714285714285714,0.04081632653061224,49,70,146,high_dimensional_binary,1000,125,pointwise,0.0
1.0,0.38571428571428573,0.0,27,70,146,high_dimensional_binary,1000,125,normal_bonferroni,1.0
1.0,0.42857142857142855,0.0,30,70,146,high_dimensional_binary,1000,125,multiplier,0.0
1.0,0.32857142857142857,0.0,23,70,146,high_dimensional_binary,1000,125,exact_bonferroni,1.0
1.0,0.15714285714285714,0.0,11,70,146,high_dimensional_binary,1000,125,hoeffding,1.0
1.0,0.35714285714285715,0.0,25,70,146,high_dimensional_binary,1000,125,holm,
1.0,0.5142857142857142,0.0,36,70,147,high_dimensional_binary,1000,125,pointwise,0.0
1.0,0.17142857142857143,0.0,12,70,147,high_dimensional_binary,1000,125,normal_bonferroni,1.0
1.0,0.2,0.0,14,70,147,high_dimensional_binary,1000,125,multiplier,1.0
1.0,0.15714285714285714,0.0,11,70,147,high_dimensional_binary,1000,125,exact_bonferroni,1.0
1.0,0.08571428571428572,0.0,6,70,147,high_dimensional_binary,1000,125,hoeffding,1.0
1.0,0.15714285714285714,0.0,11,70,147,high_dimensional_binary,1000,125,holm,
0.0,0.8,0.05084745762711865,59,70,148,high_dimensional_binary,1000,125,pointwise,0.0
1.0,0.37142857142857144,0.0,26,70,148,high_dimensional_binary,1000,125,normal_bonferroni,1.0
1.0,0.4142857142857143,0.0,29,70,148,high_dimensional_binary,1000,125,multiplier,1.0
1.0,0.34285714285714286,0.0,24,70,148,high_dimensional_binary,1000,125,exact_bonferroni,1.0
1.0,0.12857142857142856,0.0,9,70,148,high_dimensional_binary,1000,125,hoeffding,1.0
1.0,0.37142857142857144,0.0,26,70,148,high_dimensional_binary,1000,125,holm,
1.0,0.2714285714285714,0.0,19,70,149,high_dimensional_binary,1000,125,pointwise,1.0
1.0,0.1,0.0,7,70,149,high_dimensional_binary,1000,125,normal_bonferroni,1.0
1.0,0.11428571428571428,0.0,8,70,149,high_dimensional_binary,1000,125,multiplier,1.0
1.0,0.1,0.0,7,70,149,high_dimensional_binary,1000,125,exact_bonferroni,1.0
1.0,0.02857142857142857,0.0,2,70,149,high_dimensional_binary,1000,125,hoeffding,1.0
1.0,0.1,0.0,7,70,149,high_dimensional_binary,1000,125,holm,
0.0,0.5714285714285714,0.024390243902439025,41,70,150,high_dimensional_binary,1000,125,pointwise,0.0
1.0,0.17142857142857143,0.0,12,70,150,high_dimensional_binary,1000,125,normal_bonferroni,1.0
1.0,0.22857142857142856,0.0,16,70,150,high_dimensional_binary,1000,125,multiplier,1.0
1.0,0.17142857142857143,0.0,12,70,150,high_dimensional_binary,1000,125,exact_bonferroni,1.0
1.0,0.05714285714285714,0.0,4,70,150,high_dimensional_binary,1000,125,hoeffding,1.0
1.0,0.17142857142857143,0.0,12,70,150,high_dimensional_binary,1000,125,holm,
1.0,0.42857142857142855,0.0,30,70,151,high_dimensional_binary,1000,125,pointwise,0.0
1.0,0.24285714285714285,0.0,17,70,151,high_dimensional_binary,1000,125,normal_bonferroni,1.0
1.0,0.24285714285714285,0.0,17,70,151,high_dimensional_binary,1000,125,multiplier,1.0
1.0,0.21428571428571427,0.0,15,70,151,high_dimensional_binary,1000,125,exact_bonferroni,1.0
1.0,0.05714285714285714,0.0,4,70,151,high_dimensional_binary,1000,125,hoeffding,1.0
1.0,0.24285714285714285,0.0,17,70,151,high_dimensional_binary,1000,125,holm,
0.0,0.7142857142857143,0.0196078431372549,51,70,152,high_dimensional_binary,1000,125,pointwise,0.0
1.0,0.2571428571428571,0.0,18,70,152,high_dimensional_binary,1000,125,normal_bonferroni,1.0
1.0,0.2714285714285714,0.0,19,70,152,high_dimensional_binary,1000,125,multiplier,1.0
1.0,0.2571428571428571,0.0,18,70,152,high_dimensional_binary,1000,125,exact_bonferroni,1.0
1.0,0.15714285714285714,0.0,11,70,152,high_dimensional_binary,1000,125,hoeffding,1.0
1.0,0.2571428571428571,0.0,18,70,152,high_dimensional_binary,1000,125,holm,
1.0,0.6,0.0,42,70,153,high_dimensional_binary,1000,125,pointwise,0.0
1.0,0.17142857142857143,0.0,12,70,153,high_dimensional_binary,1000,125,normal_bonferroni,1.0
1.0,0.21428571428571427,0.0,15,70,153,high_dimensional_binary,1000,125,multiplier,1.0
1.0,0.15714285714285714,0.0,11,70,153,high_dimensional_binary,1000,125,exact_bonferroni,1.0
1.0,0.07142857142857142,0.0,5,70,153,high_dimensional_binary,1000,125,hoeffding,1.0
1.0,0.15714285714285714,0.0,11,70,153,high_dimensional_binary,1000,125,holm,
1.0,0.45714285714285713,0.0,32,70,154,high_dimensional_binary,1000,125,pointwise,0.0
1.0,0.17142857142857143,0.0,12,70,154,high_dimensional_binary,1000,125,normal_bonferroni,1.0
1.0,0.18571428571428572,0.0,13,70,154,high_dimensional_binary,1000,125,multiplier,1.0
1.0,0.15714285714285714,0.0,11,70,154,high_dimensional_binary,1000,125,exact_bonferroni,1.0
1.0,0.07142857142857142,0.0,5,70,154,high_dimensional_binary,1000,125,hoeffding,1.0
1.0,0.17142857142857143,0.0,12,70,154,high_dimensional_binary,1000,125,holm,
1.0,0.3142857142857143,0.0,22,70,155,high_dimensional_binary,1000,125,pointwise,0.0
1.0,0.07142857142857142,0.0,5,70,155,high_dimensional_binary,1000,125,normal_bonferroni,1.0
1.0,0.1,0.0,7,70,155,high_dimensional_binary,1000,125,multiplier,1.0
1.0,0.05714285714285714,0.0,4,70,155,high_dimensional_binary,1000,125,exact_bonferroni,1.0
1.0,0.0,0.0,0,70,155,high_dimensional_binary,1000,125,hoeffding,1.0
1.0,0.05714285714285714,0.0,4,70,155,high_dimensional_binary,1000,125,holm,
1.0,0.4857142857142857,0.0,34,70,156,high_dimensional_binary,1000,125,pointwise,0.0
1.0,0.15714285714285714,0.0,11,70,156,high_dimensional_binary,1000,125,normal_bonferroni,1.0
1.0,0.2,0.0,14,70,156,high_dimensional_binary,1000,125,multiplier,1.0
1.0,0.12857142857142856,0.0,9,70,156,high_dimensional_binary,1000,125,exact_bonferroni,1.0
1.0,0.02857142857142857,0.0,2,70,156,high_dimensional_binary,1000,125,hoeffding,1.0
1.0,0.12857142857142856,0.0,9,70,156,high_dimensional_binary,1000,125,holm,
1.0,0.4857142857142857,0.0,34,70,157,high_dimensional_binary,1000,125,pointwise,0.0
1.0,0.17142857142857143,0.0,12,70,157,high_dimensional_binary,1000,125,normal_bonferroni,1.0
1.0,0.2,0.0,14,70,157,high_dimensional_binary,1000,125,multiplier,1.0
1.0,0.15714285714285714,0.0,11,70,157,high_dimensional_binary,1000,125,exact_bonferroni,1.0
1.0,0.05714285714285714,0.0,4,70,157,high_dimensional_binary,1000,125,hoeffding,1.0
1.0,0.17142857142857143,0.0,12,70,157,high_dimensional_binary,1000,125,holm,
0.0,0.7285714285714285,0.03773584905660377,53,70,158,high_dimensional_binary,1000,125,pointwise,0.0
1.0,0.24285714285714285,0.0,17,70,158,high_dimensional_binary,1000,125,normal_bonferroni,1.0
1.0,0.24285714285714285,0.0,17,70,158,high_dimensional_binary,1000,125,multiplier,1.0
1.0,0.22857142857142856,0.0,16,70,158,high_dimensional_binary,1000,125,exact_bonferroni,1.0
1.0,0.12857142857142856,0.0,9,70,158,high_dimensional_binary,1000,125,hoeffding,1.0
1.0,0.24285714285714285,0.0,17,70,158,high_dimensional_binary,1000,125,holm,
1.0,0.4142857142857143,0.0,29,70,159,high_dimensional_binary,1000,125,pointwise,0.0
1.0,0.14285714285714285,0.0,10,70,159,high_dimensional_binary,1000,125,normal_bonferroni,1.0
1.0,0.15714285714285714,0.0,11,70,159,high_dimensional_binary,1000,125,multiplier,1.0
1.0,0.12857142857142856,0.0,9,70,159,high_dimensional_binary,1000,125,exact_bonferroni,1.0
1.0,0.05714285714285714,0.0,4,70,159,high_dimensional_binary,1000,125,hoeffding,1.0
1.0,0.12857142857142856,0.0,9,70,159,high_dimensional_binary,1000,125,holm,
1.0,0.38571428571428573,0.0,27,70,160,high_dimensional_binary,1000,125,pointwise,1.0
1.0,0.07142857142857142,0.0,5,70,160,high_dimensional_binary,1000,125,normal_bonferroni,1.0
1.0,0.08571428571428572,0.0,6,70,160,high_dimensional_binary,1000,125,multiplier,1.0
1.0,0.04285714285714286,0.0,3,70,160,high_dimensional_binary,1000,125,exact_bonferroni,1.0
1.0,0.014285714285714285,0.0,1,70,160,high_dimensional_binary,1000,125,hoeffding,1.0
1.0,0.04285714285714286,0.0,3,70,160,high_dimensional_binary,1000,125,holm,
1.0,0.45714285714285713,0.0,32,70,161,high_dimensional_binary,1000,125,pointwise,1.0
1.0,0.18571428571428572,0.0,13,70,161,high_dimensional_binary,1000,125,normal_bonferroni,1.0
1.0,0.21428571428571427,0.0,15,70,161,high_dimensional_binary,1000,125,multiplier,1.0
1.0,0.18571428571428572,0.0,13,70,161,high_dimensional_binary,1000,125,exact_bonferroni,1.0
1.0,0.02857142857142857,0.0,2,70,161,high_dimensional_binary,1000,125,hoeffding,1.0
1.0,0.18571428571428572,0.0,13,70,161,high_dimensional_binary,1000,125,holm,
1.0,0.5857142857142857,0.0,41,70,162,high_dimensional_binary,1000,125,pointwise,0.0
1.0,0.22857142857142856,0.0,16,70,162,high_dimensional_binary,1000,125,normal_bonferroni,1.0
1.0,0.2714285714285714,0.0,19,70,162,high_dimensional_binary,1000,125,multiplier,1.0
1.0,0.18571428571428572,0.0,13,70,162,high_dimensional_binary,1000,125,exact_bonferroni,1.0
1.0,0.07142857142857142,0.0,5,70,162,high_dimensional_binary,1000,125,hoeffding,1.0
1.0,0.2,0.0,14,70,162,high_dimensional_binary,1000,125,holm,
1.0,0.5142857142857142,0.0,36,70,163,high_dimensional_binary,1000,125,pointwise,0.0
1.0,0.2,0.0,14,70,163,high_dimensional_binary,1000,125,normal_bonferroni,1.0
1.0,0.22857142857142856,0.0,16,70,163,high_dimensional_binary,1000,125,multiplier,1.0
1.0,0.17142857142857143,0.0,12,70,163,high_dimensional_binary,1000,125,exact_bonferroni,1.0
1.0,0.08571428571428572,0.0,6,70,163,high_dimensional_binary,1000,125,hoeffding,1.0
1.0,0.2,0.0,14,70,163,high_dimensional_binary,1000,125,holm,
1.0,0.5857142857142857,0.0,41,70,164,high_dimensional_binary,1000,125,pointwise,0.0
1.0,0.3142857142857143,0.0,22,70,164,high_dimensional_binary,1000,125,normal_bonferroni,1.0
1.0,0.34285714285714286,0.0,24,70,164,high_dimensional_binary,1000,125,multiplier,1.0
1.0,0.2857142857142857,0.0,20,70,164,high_dimensional_binary,1000,125,exact_bonferroni,1.0
1.0,0.15714285714285714,0.0,11,70,164,high_dimensional_binary,1000,125,hoeffding,1.0
1.0,0.3,0.0,21,70,164,high_dimensional_binary,1000,125,holm,
1.0,0.7142857142857143,0.0,50,70,165,high_dimensional_binary,1000,125,pointwise,0.0
1.0,0.3,0.0,21,70,165,high_dimensional_binary,1000,125,normal_bonferroni,1.0
1.0,0.37142857142857144,0.0,26,70,165,high_dimensional_binary,1000,125,multiplier,0.0
1.0,0.2857142857142857,0.0,20,70,165,high_dimensional_binary,1000,125,exact_bonferroni,1.0
1.0,0.18571428571428572,0.0,13,70,165,high_dimensional_binary,1000,125,hoeffding,1.0
1.0,0.2857142857142857,0.0,20,70,165,high_dimensional_binary,1000,125,holm,
1.0,0.5,0.0,35,70,166,high_dimensional_binary,1000,125,pointwise,0.0
1.0,0.15714285714285714,0.0,11,70,166,high_dimensional_binary,1000,125,normal_bonferroni,1.0
1.0,0.18571428571428572,0.0,13,70,166,high_dimensional_binary,1000,125,multiplier,1.0
1.0,0.14285714285714285,0.0,10,70,166,high_dimensional_binary,1000,125,exact_bonferroni,1.0
1.0,0.04285714285714286,0.0,3,70,166,high_dimensional_binary,1000,125,hoeffding,1.0
1.0,0.14285714285714285,0.0,10,70,166,high_dimensional_binary,1000,125,holm,
1.0,0.6571428571428571,0.0,46,70,167,high_dimensional_binary,1000,125,pointwise,0.0
1.0,0.34285714285714286,0.0,24,70,167,high_dimensional_binary,1000,125,normal_bonferroni,1.0
1.0,0.37142857142857144,0.0,26,70,167,high_dimensional_binary,1000,125,multiplier,1.0
1.0,0.3142857142857143,0.0,22,70,167,high_dimensional_binary,1000,125,exact_bonferroni,1.0
1.0,0.15714285714285714,0.0,11,70,167,high_dimensional_binary,1000,125,hoeffding,1.0
1.0,0.3142857142857143,0.0,22,70,167,high_dimensional_binary,1000,125,holm,
1.0,0.2714285714285714,0.0,19,70,168,high_dimensional_binary,1000,125,pointwise,1.0
1.0,0.05714285714285714,0.0,4,70,168,high_dimensional_binary,1000,125,normal_bonferroni,1.0
1.0,0.08571428571428572,0.0,6,70,168,high_dimensional_binary,1000,125,multiplier,1.0
1.0,0.05714285714285714,0.0,4,70,168,high_dimensional_binary,1000,125,exact_bonferroni,1.0
1.0,0.0,0.0,0,70,168,high_dimensional_binary,1000,125,hoeffding,1.0
1.0,0.05714285714285714,0.0,4,70,168,high_dimensional_binary,1000,125,holm,
0.0,0.6714285714285714,0.020833333333333332,48,70,169,high_dimensional_binary,1000,125,pointwise,0.0
1.0,0.35714285714285715,0.0,25,70,169,high_dimensional_binary,1000,125,normal_bonferroni,1.0
1.0,0.4,0.0,28,70,169,high_dimensional_binary,1000,125,multiplier,1.0
1.0,0.34285714285714286,0.0,24,70,169,high_dimensional_binary,1000,125,exact_bonferroni,1.0
1.0,0.17142857142857143,0.0,12,70,169,high_dimensional_binary,1000,125,hoeffding,1.0
1.0,0.34285714285714286,0.0,24,70,169,high_dimensional_binary,1000,125,holm,
1.0,0.4142857142857143,0.0,29,70,170,high_dimensional_binary,1000,125,pointwise,0.0
1.0,0.18571428571428572,0.0,13,70,170,high_dimensional_binary,1000,125,normal_bonferroni,1.0
1.0,0.2,0.0,14,70,170,high_dimensional_binary,1000,125,multiplier,1.0
1.0,0.17142857142857143,0.0,12,70,170,high_dimensional_binary,1000,125,exact_bonferroni,1.0
1.0,0.04285714285714286,0.0,3,70,170,high_dimensional_binary,1000,125,hoeffding,1.0
1.0,0.18571428571428572,0.0,13,70,170,high_dimensional_binary,1000,125,holm,
1.0,0.4857142857142857,0.0,34,70,171,high_dimensional_binary,1000,125,pointwise,0.0
1.0,0.18571428571428572,0.0,13,70,171,high_dimensional_binary,1000,125,normal_bonferroni,1.0
1.0,0.2,0.0,14,70,171,high_dimensional_binary,1000,125,multiplier,1.0
1.0,0.17142857142857143,0.0,12,70,171,high_dimensional_binary,1000,125,exact_bonferroni,1.0
1.0,0.04285714285714286,0.0,3,70,171,high_dimensional_binary,1000,125,hoeffding,1.0
1.0,0.18571428571428572,0.0,13,70,171,high_dimensional_binary,1000,125,holm,
1.0,0.38571428571428573,0.0,27,70,172,high_dimensional_binary,1000,125,pointwise,0.0
1.0,0.1,0.0,7,70,172,high_dimensional_binary,1000,125,normal_bonferroni,1.0
1.0,0.11428571428571428,0.0,8,70,172,high_dimensional_binary,1000,125,multiplier,1.0
1.0,0.08571428571428572,0.0,6,70,172,high_dimensional_binary,1000,125,exact_bonferroni,1.0
1.0,0.02857142857142857,0.0,2,70,172,high_dimensional_binary,1000,125,hoeffding,1.0
1.0,0.08571428571428572,0.0,6,70,172,high_dimensional_binary,1000,125,holm,
1.0,0.2714285714285714,0.0,19,70,173,high_dimensional_binary,1000,125,pointwise,1.0
1.0,0.1,0.0,7,70,173,high_dimensional_binary,1000,125,normal_bonferroni,1.0
1.0,0.11428571428571428,0.0,8,70,173,high_dimensional_binary,1000,125,multiplier,1.0
1.0,0.1,0.0,7,70,173,high_dimensional_binary,1000,125,exact_bonferroni,1.0
1.0,0.04285714285714286,0.0,3,70,173,high_dimensional_binary,1000,125,hoeffding,1.0
1.0,0.1,0.0,7,70,173,high_dimensional_binary,1000,125,holm,
1.0,0.4142857142857143,0.0,29,70,174,high_dimensional_binary,1000,125,pointwise,1.0
1.0,0.11428571428571428,0.0,8,70,174,high_dimensional_binary,1000,125,normal_bonferroni,1.0
1.0,0.14285714285714285,0.0,10,70,174,high_dimensional_binary,1000,125,multiplier,1.0
1.0,0.1,0.0,7,70,174,high_dimensional_binary,1000,125,exact_bonferroni,1.0
1.0,0.04285714285714286,0.0,3,70,174,high_dimensional_binary,1000,125,hoeffding,1.0
1.0,0.1,0.0,7,70,174,high_dimensional_binary,1000,125,holm,
1.0,0.4,0.0,28,70,175,high_dimensional_binary,1000,125,pointwise,0.0
1.0,0.17142857142857143,0.0,12,70,175,high_dimensional_binary,1000,125,normal_bonferroni,1.0
1.0,0.18571428571428572,0.0,13,70,175,high_dimensional_binary,1000,125,multiplier,1.0
1.0,0.17142857142857143,0.0,12,70,175,high_dimensional_binary,1000,125,exact_bonferroni,1.0
1.0,0.04285714285714286,0.0,3,70,175,high_dimensional_binary,1000,125,hoeffding,1.0
1.0,0.17142857142857143,0.0,12,70,175,high_dimensional_binary,1000,125,holm,
1.0,0.4857142857142857,0.0,34,70,176,high_dimensional_binary,1000,125,pointwise,0.0
1.0,0.21428571428571427,0.0,15,70,176,high_dimensional_binary,1000,125,normal_bonferroni,1.0
1.0,0.24285714285714285,0.0,17,70,176,high_dimensional_binary,1000,125,multiplier,1.0
1.0,0.17142857142857143,0.0,12,70,176,high_dimensional_binary,1000,125,exact_bonferroni,1.0
1.0,0.07142857142857142,0.0,5,70,176,high_dimensional_binary,1000,125,hoeffding,1.0
1.0,0.21428571428571427,0.0,15,70,176,high_dimensional_binary,1000,125,holm,
1.0,0.5857142857142857,0.0,41,70,177,high_dimensional_binary,1000,125,pointwise,0.0
1.0,0.24285714285714285,0.0,17,70,177,high_dimensional_binary,1000,125,normal_bonferroni,1.0
1.0,0.3142857142857143,0.0,22,70,177,high_dimensional_binary,1000,125,multiplier,1.0
1.0,0.21428571428571427,0.0,15,70,177,high_dimensional_binary,1000,125,exact_bonferroni,1.0
1.0,0.08571428571428572,0.0,6,70,177,high_dimensional_binary,1000,125,hoeffding,1.0
1.0,0.21428571428571427,0.0,15,70,177,high_dimensional_binary,1000,125,holm,
1.0,0.6285714285714286,0.0,44,70,178,high_dimensional_binary,1000,125,pointwise,0.0
1.0,0.2714285714285714,0.0,19,70,178,high_dimensional_binary,1000,125,normal_bonferroni,1.0
1.0,0.3,0.0,21,70,178,high_dimensional_binary,1000,125,multiplier,1.0
1.0,0.21428571428571427,0.0,15,70,178,high_dimensional_binary,1000,125,exact_bonferroni,1.0
1.0,0.11428571428571428,0.0,8,70,178,high_dimensional_binary,1000,125,hoeffding,1.0
1.0,0.24285714285714285,0.0,17,70,178,high_dimensional_binary,1000,125,holm,
1.0,0.6857142857142857,0.0,48,70,179,high_dimensional_binary,1000,125,pointwise,0.0
1.0,0.2857142857142857,0.0,20,70,179,high_dimensional_binary,1000,125,normal_bonferroni,1.0
1.0,0.2857142857142857,0.0,20,70,179,high_dimensional_binary,1000,125,multiplier,1.0
1.0,0.2571428571428571,0.0,18,70,179,high_dimensional_binary,1000,125,exact_bonferroni,1.0
1.0,0.11428571428571428,0.0,8,70,179,high_dimensional_binary,1000,125,hoeffding,1.0
1.0,0.2714285714285714,0.0,19,70,179,high_dimensional_binary,1000,125,holm,
1.0,0.42857142857142855,0.0,30,70,180,high_dimensional_binary,1000,125,pointwise,0.0
1.0,0.21428571428571427,0.0,15,70,180,high_dimensional_binary,1000,125,normal_bonferroni,1.0
1.0,0.21428571428571427,0.0,15,70,180,high_dimensional_binary,1000,125,multiplier,1.0
1.0,0.2,0.0,14,70,180,high_dimensional_binary,1000,125,exact_bonferroni,1.0
1.0,0.07142857142857142,0.0,5,70,180,high_dimensional_binary,1000,125,hoeffding,1.0
1.0,0.21428571428571427,0.0,15,70,180,high_dimensional_binary,1000,125,holm,
1.0,0.6285714285714286,0.0,44,70,181,high_dimensional_binary,1000,125,pointwise,0.0
1.0,0.2857142857142857,0.0,20,70,181,high_dimensional_binary,1000,125,normal_bonferroni,1.0
1.0,0.32857142857142857,0.0,23,70,181,high_dimensional_binary,1000,125,multiplier,0.0
1.0,0.2571428571428571,0.0,18,70,181,high_dimensional_binary,1000,125,exact_bonferroni,1.0
1.0,0.14285714285714285,0.0,10,70,181,high_dimensional_binary,1000,125,hoeffding,1.0
1.0,0.2714285714285714,0.0,19,70,181,high_dimensional_binary,1000,125,holm,
1.0,0.3,0.0,21,70,182,high_dimensional_binary,1000,125,pointwise,1.0
1.0,0.05714285714285714,0.0,4,70,182,high_dimensional_binary,1000,125,normal_bonferroni,1.0
1.0,0.05714285714285714,0.0,4,70,182,high_dimensional_binary,1000,125,multiplier,1.0
1.0,0.04285714285714286,0.0,3,70,182,high_dimensional_binary,1000,125,exact_bonferroni,1.0
1.0,0.014285714285714285,0.0,1,70,182,high_dimensional_binary,1000,125,hoeffding,1.0
1.0,0.04285714285714286,0.0,3,70,182,high_dimensional_binary,1000,125,holm,
0.0,0.7714285714285715,0.05263157894736842,57,70,183,high_dimensional_binary,1000,125,pointwise,0.0
1.0,0.35714285714285715,0.0,25,70,183,high_dimensional_binary,1000,125,normal_bonferroni,1.0
1.0,0.4,0.0,28,70,183,high_dimensional_binary,1000,125,multiplier,1.0
1.0,0.32857142857142857,0.0,23,70,183,high_dimensional_binary,1000,125,exact_bonferroni,1.0
1.0,0.2,0.0,14,70,183,high_dimensional_binary,1000,125,hoeffding,1.0
1.0,0.34285714285714286,0.0,24,70,183,high_dimensional_binary,1000,125,holm,
1.0,0.4142857142857143,0.0,29,70,184,high_dimensional_binary,1000,125,pointwise,0.0
1.0,0.1,0.0,7,70,184,high_dimensional_binary,1000,125,normal_bonferroni,1.0
1.0,0.1,0.0,7,70,184,high_dimensional_binary,1000,125,multiplier,1.0
1.0,0.1,0.0,7,70,184,high_dimensional_binary,1000,125,exact_bonferroni,1.0
1.0,0.014285714285714285,0.0,1,70,184,high_dimensional_binary,1000,125,hoeffding,1.0
1.0,0.1,0.0,7,70,184,high_dimensional_binary,1000,125,holm,
1.0,0.35714285714285715,0.0,25,70,185,high_dimensional_binary,1000,125,pointwise,1.0
1.0,0.08571428571428572,0.0,6,70,185,high_dimensional_binary,1000,125,normal_bonferroni,1.0
1.0,0.1,0.0,7,70,185,high_dimensional_binary,1000,125,multiplier,1.0
1.0,0.08571428571428572,0.0,6,70,185,high_dimensional_binary,1000,125,exact_bonferroni,1.0
1.0,0.014285714285714285,0.0,1,70,185,high_dimensional_binary,1000,125,hoeffding,1.0
1.0,0.08571428571428572,0.0,6,70,185,high_dimensional_binary,1000,125,holm,
1.0,0.4857142857142857,0.0,34,70,186,high_dimensional_binary,1000,125,pointwise,1.0
1.0,0.24285714285714285,0.0,17,70,186,high_dimensional_binary,1000,125,normal_bonferroni,1.0
1.0,0.2571428571428571,0.0,18,70,186,high_dimensional_binary,1000,125,multiplier,1.0
1.0,0.22857142857142856,0.0,16,70,186,high_dimensional_binary,1000,125,exact_bonferroni,1.0
1.0,0.07142857142857142,0.0,5,70,186,high_dimensional_binary,1000,125,hoeffding,1.0
1.0,0.24285714285714285,0.0,17,70,186,high_dimensional_binary,1000,125,holm,
1.0,0.37142857142857144,0.0,26,70,187,high_dimensional_binary,1000,125,pointwise,1.0
1.0,0.08571428571428572,0.0,6,70,187,high_dimensional_binary,1000,125,normal_bonferroni,1.0
1.0,0.1,0.0,7,70,187,high_dimensional_binary,1000,125,multiplier,1.0
1.0,0.08571428571428572,0.0,6,70,187,high_dimensional_binary,1000,125,exact_bonferroni,1.0
1.0,0.014285714285714285,0.0,1,70,187,high_dimensional_binary,1000,125,hoeffding,1.0
1.0,0.08571428571428572,0.0,6,70,187,high_dimensional_binary,1000,125,holm,
1.0,0.44285714285714284,0.0,31,70,188,high_dimensional_binary,1000,125,pointwise,1.0
1.0,0.11428571428571428,0.0,8,70,188,high_dimensional_binary,1000,125,normal_bonferroni,1.0
1.0,0.14285714285714285,0.0,10,70,188,high_dimensional_binary,1000,125,multiplier,1.0
1.0,0.11428571428571428,0.0,8,70,188,high_dimensional_binary,1000,125,exact_bonferroni,1.0
1.0,0.04285714285714286,0.0,3,70,188,high_dimensional_binary,1000,125,hoeffding,1.0
1.0,0.11428571428571428,0.0,8,70,188,high_dimensional_binary,1000,125,holm,
1.0,0.45714285714285713,0.0,32,70,189,high_dimensional_binary,1000,125,pointwise,0.0
1.0,0.17142857142857143,0.0,12,70,189,high_dimensional_binary,1000,125,normal_bonferroni,1.0
1.0,0.18571428571428572,0.0,13,70,189,high_dimensional_binary,1000,125,multiplier,1.0
1.0,0.14285714285714285,0.0,10,70,189,high_dimensional_binary,1000,125,exact_bonferroni,1.0
1.0,0.05714285714285714,0.0,4,70,189,high_dimensional_binary,1000,125,hoeffding,1.0
1.0,0.17142857142857143,0.0,12,70,189,high_dimensional_binary,1000,125,holm,
1.0,0.4,0.0,28,70,190,high_dimensional_binary,1000,125,pointwise,1.0
1.0,0.12857142857142856,0.0,9,70,190,high_dimensional_binary,1000,125,normal_bonferroni,1.0
1.0,0.12857142857142856,0.0,9,70,190,high_dimensional_binary,1000,125,multiplier,1.0
1.0,0.12857142857142856,0.0,9,70,190,high_dimensional_binary,1000,125,exact_bonferroni,1.0
1.0,0.014285714285714285,0.0,1,70,190,high_dimensional_binary,1000,125,hoeffding,1.0
1.0,0.12857142857142856,0.0,9,70,190,high_dimensional_binary,1000,125,holm,
1.0,0.6,0.0,42,70,191,high_dimensional_binary,1000,125,pointwise,0.0
1.0,0.22857142857142856,0.0,16,70,191,high_dimensional_binary,1000,125,normal_bonferroni,1.0
1.0,0.22857142857142856,0.0,16,70,191,high_dimensional_binary,1000,125,multiplier,1.0
1.0,0.21428571428571427,0.0,15,70,191,high_dimensional_binary,1000,125,exact_bonferroni,1.0
1.0,0.1,0.0,7,70,191,high_dimensional_binary,1000,125,hoeffding,1.0
1.0,0.22857142857142856,0.0,16,70,191,high_dimensional_binary,1000,125,holm,
1.0,0.5285714285714286,0.0,37,70,192,high_dimensional_binary,1000,125,pointwise,0.0
1.0,0.22857142857142856,0.0,16,70,192,high_dimensional_binary,1000,125,normal_bonferroni,1.0
1.0,0.24285714285714285,0.0,17,70,192,high_dimensional_binary,1000,125,multiplier,1.0
1.0,0.2,0.0,14,70,192,high_dimensional_binary,1000,125,exact_bonferroni,1.0
1.0,0.1,0.0,7,70,192,high_dimensional_binary,1000,125,hoeffding,1.0
1.0,0.21428571428571427,0.0,15,70,192,high_dimensional_binary,1000,125,holm,
0.0,0.8,0.034482758620689655,58,70,193,high_dimensional_binary,1000,125,pointwise,0.0
1.0,0.35714285714285715,0.0,25,70,193,high_dimensional_binary,1000,125,normal_bonferroni,0.0
1.0,0.38571428571428573,0.0,27,70,193,high_dimensional_binary,1000,125,multiplier,0.0
1.0,0.35714285714285715,0.0,25,70,193,high_dimensional_binary,1000,125,exact_bonferroni,0.0
1.0,0.22857142857142856,0.0,16,70,193,high_dimensional_binary,1000,125,hoeffding,1.0
1.0,0.35714285714285715,0.0,25,70,193,high_dimensional_binary,1000,125,holm,
1.0,0.42857142857142855,0.0,30,70,194,high_dimensional_binary,1000,125,pointwise,1.0
1.0,0.1,0.0,7,70,194,high_dimensional_binary,1000,125,normal_bonferroni,1.0
1.0,0.14285714285714285,0.0,10,70,194,high_dimensional_binary,1000,125,multiplier,1.0
1.0,0.1,0.0,7,70,194,high_dimensional_binary,1000,125,exact_bonferroni,1.0
1.0,0.04285714285714286,0.0,3,70,194,high_dimensional_binary,1000,125,hoeffding,1.0
1.0,0.1,0.0,7,70,194,high_dimensional_binary,1000,125,holm,
1.0,0.5571428571428572,0.0,39,70,195,high_dimensional_binary,1000,125,pointwise,0.0
1.0,0.24285714285714285,0.0,17,70,195,high_dimensional_binary,1000,125,normal_bonferroni,1.0
1.0,0.2571428571428571,0.0,18,70,195,high_dimensional_binary,1000,125,multiplier,1.0
1.0,0.21428571428571427,0.0,15,70,195,high_dimensional_binary,1000,125,exact_bonferroni,1.0
1.0,0.07142857142857142,0.0,5,70,195,high_dimensional_binary,1000,125,hoeffding,1.0
1.0,0.21428571428571427,0.0,15,70,195,high_dimensional_binary,1000,125,holm,
1.0,0.5285714285714286,0.0,37,70,196,high_dimensional_binary,1000,125,pointwise,1.0
1.0,0.17142857142857143,0.0,12,70,196,high_dimensional_binary,1000,125,normal_bonferroni,1.0
1.0,0.21428571428571427,0.0,15,70,196,high_dimensional_binary,1000,125,multiplier,1.0
1.0,0.15714285714285714,0.0,11,70,196,high_dimensional_binary,1000,125,exact_bonferroni,1.0
1.0,0.08571428571428572,0.0,6,70,196,high_dimensional_binary,1000,125,hoeffding,1.0
1.0,0.15714285714285714,0.0,11,70,196,high_dimensional_binary,1000,125,holm,
1.0,0.6285714285714286,0.0,44,70,197,high_dimensional_binary,1000,125,pointwise,0.0
1.0,0.2714285714285714,0.0,19,70,197,high_dimensional_binary,1000,125,normal_bonferroni,1.0
1.0,0.2857142857142857,0.0,20,70,197,high_dimensional_binary,1000,125,multiplier,1.0
1.0,0.22857142857142856,0.0,16,70,197,high_dimensional_binary,1000,125,exact_bonferroni,1.0
1.0,0.1,0.0,7,70,197,high_dimensional_binary,1000,125,hoeffding,1.0
1.0,0.24285714285714285,0.0,17,70,197,high_dimensional_binary,1000,125,holm,
1.0,0.6857142857142857,0.0,48,70,198,high_dimensional_binary,1000,125,pointwise,0.0
1.0,0.3142857142857143,0.0,22,70,198,high_dimensional_binary,1000,125,normal_bonferroni,1.0
1.0,0.35714285714285715,0.0,25,70,198,high_dimensional_binary,1000,125,multiplier,1.0
1.0,0.2857142857142857,0.0,20,70,198,high_dimensional_binary,1000,125,exact_bonferroni,1.0
1.0,0.11428571428571428,0.0,8,70,198,high_dimensional_binary,1000,125,hoeffding,1.0
1.0,0.3,0.0,21,70,198,high_dimensional_binary,1000,125,holm,
0.0,0.8714285714285714,0.11594202898550725,69,70,199,high_dimensional_binary,1000,125,pointwise,0.0
0.0,0.5142857142857142,0.02702702702702703,37,70,199,high_dimensional_binary,1000,125,normal_bonferroni,0.0
0.0,0.5428571428571428,0.02564102564102564,39,70,199,high_dimensional_binary,1000,125,multiplier,0.0
0.0,0.4714285714285714,0.029411764705882353,34,70,199,high_dimensional_binary,1000,125,exact_bonferroni,0.0
1.0,0.2714285714285714,0.0,19,70,199,high_dimensional_binary,1000,125,hoeffding,0.0
0.0,0.5142857142857142,0.02702702702702703,37,70,199,high_dimensional_binary,1000,125,holm,
