Missingness,Shift,upper
0.0,0.0,0.3365588117638735
0.0,0.0075,0.33944021767071825
0.0,0.015,0.342321623577563
0.0,0.0225,0.34520302948440784
0.0,0.03,0.3480844353912526
0.0,0.0375,0.3509658412980974
0.0,0.045,0.35384724720494215
0.0,0.0525,0.3567286531117869
0.0,0.06,0.35961005901863174
0.0,0.0675,0.3624914649254765
0.0,0.075,0.3653728708323213
0.0,0.08249999999999999,0.36825427673916605
0.0,0.09,0.3711356826460109
0.0,0.0975,0.36975210015604154
0.0,0.105,0.36687069424919677
0.0,0.11249999999999999,0.363989288342352
0.0,0.12,0.36110788243550723
0.0,0.1275,0.35822647652866246
0.0,0.135,0.35534507062181764
0.0,0.1425,0.35246366471497287
0.0,0.15,0.3495822588081281
0.0,0.1575,0.35246366471497287
0.0,0.16499999999999998,0.35534507062181764
0.0,0.1725,0.35822647652866246
0.0,0.18,0.36110788243550723
0.0,0.1875,0.363989288342352
0.0,0.195,0.36687069424919677
0.0,0.20249999999999999,0.36975210015604154
0.0,0.21,0.37263350606288637
0.0,0.2175,0.37551491196973114
0.0,0.22499999999999998,0.3783963178765759
0.0,0.23249999999999998,0.3812777237834207
0.0,0.24,0.3841591296902655
0.0,0.2475,0.38704053559711027
0.0,0.255,0.38992194150395504
0.0,0.2625,0.3928033474107998
0.0,0.27,0.39568475331764463
0.0,0.27749999999999997,0.3985661592244894
0.0,0.285,0.40144756513133417
0.0,0.2925,0.4039176577902897
0.0,0.3,0.40103625188344494
0.0,0.3075,0.4039176577902897
0.0,0.315,0.40679906369713453
0.0,0.3225,0.4096804696039793
0.0,0.32999999999999996,0.41256187551082407
0.0,0.33749999999999997,0.41544328141766884
0.0,0.345,0.4183246873245136
0.0,0.3525,0.4212060932313584
0.0,0.36,0.4240874991382032
0.0,0.3675,0.426968905045048
0.0,0.375,0.42559947426358524
0.0,0.3825,0.4227180683567405
0.0,0.39,0.41983666244989565
0.0,0.39749999999999996,0.4169552565430509
0.0,0.40499999999999997,0.4140738506362061
0.0,0.4125,0.41119244472936134
0.0,0.42,0.40831103882251657
0.0,0.4275,0.40542963291567174
0.0,0.435,0.402548227008827
0.0,0.4425,0.3996668211019822
0.0,0.44999999999999996,0.39678541519513744
0.0,0.45749999999999996,0.3996668211019822
0.0,0.46499999999999997,0.40254822700882703
0.0,0.4725,0.4054296329156718
0.0,0.48,0.40831103882251657
0.0,0.4875,0.41119244472936134
0.0,0.495,0.41407385063620616
0.0,0.5025,0.4169552565430509
0.0,0.51,0.4185705895770423
0.0,0.5175,0.4156891836701976
0.0,0.525,0.41280777776335276
0.0,0.5325,0.409926371856508
0.0,0.54,0.40704496594966316
0.0,0.5475,0.4041635600428184
0.0,0.5549999999999999,0.4012821541359737
0.0,0.5625,0.39840074822912885
0.0,0.57,0.3955193423222841
0.0,0.5775,0.39263793641543926
0.0,0.585,0.38975653050859455
0.0,0.5925,0.3868751246017497
0.0,0.6,0.38399371869490495
0.005,0.0,0.3384797490351033
0.005,0.0075,0.340021830678058
0.005,0.015,0.34263334878326845
0.005,0.0225,0.3454138950497607
0.005,0.03,0.34824341702036377
0.005,0.0375,0.3510933396199822
0.005,0.045,0.35395363858106255
0.005,0.0525,0.3568199198283402
0.005,0.06,0.35968995959531497
0.005,0.0675,0.3625625134234449
0.005,0.075,0.3654368310865348
0.005,0.08249999999999999,0.36831243360453914
0.005,0.09,0.37118900090571905
0.005,0.0975,0.36984336687259484
0.005,0.105,0.36697708562531717
0.005,0.11249999999999999,0.3641167866642368
0.005,0.12,0.3612668640646184
0.005,0.1275,0.35843734209401534
0.005,0.135,0.3556567958275231
0.005,0.1425,0.35304527772231264
0.005,0.15,0.3515031960793579
0.005,0.1575,0.35304527772231264
0.005,0.16499999999999998,0.3556567958275231
0.005,0.1725,0.35843734209401534
0.005,0.18,0.3612668640646184
0.005,0.1875,0.3641167866642368
0.005,0.195,0.36697708562531717
0.005,0.20249999999999999,0.36984336687259484
0.005,0.21,0.3727134066395696
0.005,0.2175,0.37558596046769954
0.005,0.22499999999999998,0.3784602781307894
0.005,0.23249999999999998,0.38133588064879376
0.005,0.24,0.38421244794997367
0.005,0.2475,0.38708975805827806
0.005,0.255,0.38996765220722723
0.005,0.2625,0.392846013846266
0.005,0.27,0.39572475548960384
0.005,0.27749999999999997,0.39860381019116775
0.005,0.285,0.40148312585290874
0.005,0.2925,0.40436266132581683
0.005,0.3,0.40295718915467477
0.005,0.3075,0.4044992707976295
0.005,0.315,0.4071107889028399
0.005,0.3225,0.4098913351693322
0.005,0.32999999999999996,0.41272085713993517
0.005,0.33749999999999997,0.41557077973955364
0.005,0.345,0.418431078700634
0.005,0.3525,0.4212973599479117
0.005,0.36,0.42416739971488643
0.005,0.3675,0.4270399535430164
0.005,0.375,0.4256634345177987
0.005,0.3825,0.4227891168547089
0.005,0.39,0.41991656302657887
0.005,0.39749999999999996,0.4170465232596042
0.005,0.40499999999999997,0.4141802420123265
0.005,0.4125,0.41131994305124614
0.005,0.42,0.40847002045162767
0.005,0.4275,0.4056404984810247
0.005,0.435,0.4028599522145324
0.005,0.4425,0.400248434109322
0.005,0.44999999999999996,0.39870635246636726
0.005,0.45749999999999996,0.400248434109322
0.005,0.46499999999999997,0.4028599522145324
0.005,0.4725,0.4056404984810247
0.005,0.48,0.4084700204516277
0.005,0.4875,0.41131994305124614
0.005,0.495,0.4141802420123265
0.005,0.5025,0.4170465232596042
0.005,0.51,0.4186239078367505
0.005,0.5175,0.4157473405355706
0.005,0.525,0.4128717380175662
0.005,0.5325,0.4099974203544764
0.005,0.54,0.4071248665263464
0.005,0.5475,0.4042548267593717
0.005,0.5549999999999999,0.401388545512094
0.005,0.5625,0.39852824655101365
0.005,0.57,0.39567832395139524
0.005,0.5775,0.3928488019807922
0.005,0.585,0.3900682557142999
0.005,0.5925,0.3874567376090895
0.005,0.6,0.3859146559661348
0.01,0.0,0.3404006863063332
0.01,0.0075,0.34136115494194813
0.01,0.015,0.34348484959224257
0.01,0.0225,0.34601833077913
0.01,0.03,0.34870788580266343
0.01,0.0375,0.3514692946534381
0.01,0.045,0.354268978335648
0.01,0.0525,0.3570912860424401
0.01,0.06,0.359928022276854
0.01,0.0675,0.36277450362962443
0.01,0.075,0.3656278674760909
0.01,0.08249999999999999,0.3684862685996442
0.01,0.09,0.3713484653982516
0.01,0.0975,0.37011473308669474
0.01,0.105,0.36729242537990264
0.01,0.11249999999999999,0.36449274169769275
0.01,0.12,0.36173133284691805
0.01,0.1275,0.35904177782338464
0.01,0.135,0.3565082966364972
0.01,0.1425,0.35438460198620275
0.01,0.15,0.3534241333505878
0.01,0.1575,0.35438460198620275
0.01,0.16499999999999998,0.3565082966364972
0.01,0.1725,0.35904177782338464
0.01,0.18,0.36173133284691805
0.01,0.1875,0.36449274169769275
0.01,0.195,0.36729242537990264
0.01,0.20249999999999999,0.37011473308669474
0.01,0.21,0.3729514693211086
0.01,0.2175,0.37579795067387906
0.01,0.22499999999999998,0.3786513145203455
0.01,0.23249999999999998,0.3815097156438988
0.01,0.24,0.38437191244250624
0.01,0.2475,0.38723703938111775
0.01,0.255,0.39010447493706163
0.01,0.2625,0.39297376143248997
0.01,0.27,0.3958445544710111
0.01,0.27749999999999997,0.39871658998297976
0.01,0.285,0.40158966212727104
0.01,0.2925,0.4044636080991213
0.01,0.3,0.40487812642590465
0.01,0.3075,0.4058385950615196
0.01,0.315,0.4079622897118141
0.01,0.3225,0.4104957708987015
0.01,0.32999999999999996,0.4131853259222349
0.01,0.33749999999999997,0.4159467347730096
0.01,0.345,0.4187464184552195
0.01,0.3525,0.4215687261620116
0.01,0.36,0.42440546239642546
0.01,0.3675,0.4272519437491959
0.01,0.375,0.42585447090735484
0.01,0.3825,0.42300110706088834
0.01,0.39,0.42015462570811796
0.01,0.39749999999999996,0.4173178894737041
0.01,0.40499999999999997,0.414495581766912
0.01,0.4125,0.4116958980847021
0.01,0.42,0.4089344892339274
0.01,0.4275,0.406244934210394
0.01,0.435,0.40371145302350653
0.01,0.4425,0.40158775837321203
0.01,0.44999999999999996,0.40062728973759715
0.01,0.45749999999999996,0.4015877583732121
0.01,0.46499999999999997,0.4037114530235066
0.01,0.4725,0.406244934210394
0.01,0.48,0.4089344892339274
0.01,0.4875,0.4116958980847021
0.01,0.495,0.414495581766912
0.01,0.5025,0.4173178894737041
0.01,0.51,0.4187833723292831
0.01,0.5175,0.41592117553067565
0.01,0.525,0.41306277440712236
0.01,0.5325,0.4102094105606559
0.01,0.54,0.40736292920788547
0.01,0.5475,0.4045261929734716
0.01,0.5549999999999999,0.4017038852666795
0.01,0.5625,0.3989042015844696
0.01,0.57,0.3961427927336949
0.01,0.5775,0.3934532377101615
0.01,0.585,0.3909197565232741
0.01,0.5925,0.38879606187297955
0.01,0.6,0.38783559323736466
0.015,0.0,0.342321623577563
0.015,0.0075,0.34300183124234784
0.015,0.015,0.34470865838819714
0.015,0.0225,0.34694786850642717
0.015,0.03,0.3494448507208222
0.015,0.0375,0.35207565744848346
0.015,0.045,0.3547824228220584
0.015,0.0525,0.3575357634013255
0.015,0.06,0.36031949357227283
0.015,0.0675,0.36312406162153527
0.015,0.075,0.3659435016550396
0.015,0.08249999999999999,0.36877390915624525
0.015,0.09,0.3716126275333443
0.015,0.0975,0.3705592104455801
0.015,0.105,0.36780586986631303
0.015,0.11249999999999999,0.3650991044927381
0.015,0.12,0.36246829776507683
0.015,0.1275,0.3599713155506818
0.015,0.135,0.35773210543245176
0.015,0.1425,0.35602527828660246
0.015,0.15,0.35534507062181764
0.015,0.1575,0.35602527828660246
0.015,0.16499999999999998,0.35773210543245176
0.015,0.1725,0.3599713155506818
0.015,0.18,0.36246829776507683
0.015,0.1875,0.3650991044927381
0.015,0.195,0.36780586986631303
0.015,0.20249999999999999,0.3705592104455801
0.015,0.21,0.37334294061652745
0.015,0.2175,0.3761475086657899
0.015,0.22499999999999998,0.3789669486992942
0.015,0.23249999999999998,0.38179735620049987
0.015,0.24,0.3846360745775989
0.015,0.2475,0.3874812363668961
0.015,0.255,0.3903314919297465
0.015,0.2625,0.3931858423764542
0.015,0.27,0.3960435330050332
0.015,0.27749999999999997,0.3989039832305365
0.015,0.285,0.4017667392596953
0.015,0.2925,0.4046314413633668
0.015,0.3,0.4067990636971345
0.015,0.3075,0.4074792713619193
0.015,0.315,0.4091860985077686
0.015,0.3225,0.41142530862599863
0.015,0.32999999999999996,0.41392229084039367
0.015,0.33749999999999997,0.4165530975680549
0.015,0.345,0.41925986294162987
0.015,0.3525,0.42201320352089694
0.015,0.36,0.4247969336918443
0.015,0.3675,0.4276015017411067
0.015,0.375,0.42617010508630354
0.015,0.3825,0.4233506650527992
0.015,0.39,0.4205460970035368
0.015,0.39749999999999996,0.41776236683258944
0.015,0.40499999999999997,0.41500902625332237
0.015,0.4125,0.4123022608797474
0.015,0.42,0.40967145415208617
0.015,0.4275,0.4071744719376911
0.015,0.435,0.4049352618194611
0.015,0.4425,0.4032284346736118
0.015,0.44999999999999996,0.402548227008827
0.015,0.45749999999999996,0.4032284346736118
0.015,0.46499999999999997,0.4049352618194611
0.015,0.4725,0.40717447193769113
0.015,0.48,0.40967145415208617
0.015,0.4875,0.4123022608797475
0.015,0.495,0.41500902625332237
0.015,0.5025,0.41776236683258944
0.015,0.51,0.41904753446437576
0.015,0.5175,0.4162088160872768
0.015,0.525,0.41337840858607106
0.015,0.5325,0.41055896855256674
0.015,0.54,0.4077544005033043
0.015,0.5475,0.40497067033235695
0.015,0.5549999999999999,0.4022173297530899
0.015,0.5625,0.39951056437951493
0.015,0.57,0.3968797576518537
0.015,0.5775,0.3943827754374586
0.015,0.585,0.3921435653192286
0.015,0.5925,0.3904367381733793
0.015,0.6,0.3897565305085945
0.02,0.0,0.3442425608487929
0.02,0.0075,0.34476505938382745
0.02,0.015,0.34616349812002273
0.02,0.0225,0.3481243856795942
0.02,0.03,0.3504108874206117
0.02,0.0375,0.35288677856932726
0.02,0.045,0.35547784979438657
0.02,0.0525,0.3581426598915823
0.02,0.06,0.3608569598414534
0.02,0.0675,0.363605854116042
0.02,0.075,0.36637977754300277
0.02,0.08249999999999999,0.36917234423124046
0.02,0.09,0.37197914490742257
0.02,0.0975,0.3711661069358369
0.02,0.105,0.3685012968386412
0.02,0.11249999999999999,0.3659102256135819
0.02,0.12,0.36343433446486634
0.02,0.1275,0.3611478327238488
0.02,0.135,0.35918694516427735
0.02,0.1425,0.3577885064280821
0.02,0.15,0.3572660078930475
0.02,0.1575,0.3577885064280821
0.02,0.16499999999999998,0.35918694516427735
0.02,0.1725,0.3611478327238488
0.02,0.18,0.36343433446486634
0.02,0.1875,0.3659102256135819
0.02,0.195,0.3685012968386412
0.02,0.20249999999999999,0.3711661069358369
0.02,0.21,0.373880406885708
0.02,0.2175,0.37662930116029664
0.02,0.22499999999999998,0.3794032245872574
0.02,0.23249999999999998,0.3821957912754951
0.02,0.24,0.3850025919516772
0.02,0.2475,0.38782049229243015
0.02,0.255,0.3906472073652614
0.02,0.2625,0.3934810344174774
0.02,0.27,0.3963206798340892
0.02,0.27749999999999997,0.39916514396016417
0.02,0.285,0.40201364253962996
0.02,0.2925,0.4048655519444817
0.02,0.3,0.4077203702325629
0.02,0.3075,0.4092424995033989
0.02,0.315,0.4106409382395942
0.02,0.3225,0.4126018257991657
0.02,0.32999999999999996,0.4148883275401832
0.02,0.33749999999999997,0.41736421868889867
0.02,0.345,0.41995528991395803
0.02,0.3525,0.42262010001115374
0.02,0.36,0.42533439996102484
0.02,0.3675,0.4280832942356135
0.02,0.375,0.42660638097426673
0.02,0.3825,0.423832457547306
0.02,0.39,0.42108356327271734
0.02,0.39749999999999996,0.41836926332284624
0.02,0.40499999999999997,0.4157044532256505
0.02,0.4125,0.41311338200059117
0.02,0.42,0.4106374908518757
0.02,0.4275,0.40835098911085815
0.02,0.435,0.4063901015512867
0.02,0.4425,0.4049916628150914
0.02,0.44999999999999996,0.40446916428005686
0.02,0.45749999999999996,0.4049916628150914
0.02,0.46499999999999997,0.4063901015512867
0.02,0.4725,0.4083509891108582
0.02,0.48,0.4106374908518757
0.02,0.4875,0.4131133820005912
0.02,0.495,0.4157044532256505
0.02,0.5025,0.41836926332284624
0.02,0.51,0.419414051838454
0.02,0.5175,0.41660725116227193
0.02,0.525,0.41381468447403424
0.02,0.5325,0.4110407610470735
0.02,0.54,0.40829186677248486
0.02,0.5475,0.40557756682261376
0.02,0.5549999999999999,0.40291275672541804
0.02,0.5625,0.4003216855003587
0.02,0.57,0.3978457943516432
0.02,0.5775,0.39555929261062567
0.02,0.585,0.3935984050510542
0.02,0.5925,0.3921999663148589
0.02,0.6,0.3916774677798244
0.025,0.0,0.34616349812002273
0.025,0.0075,0.34658639871188845
0.025,0.015,0.34775970458543015
0.025,0.0225,0.3494805956964425
0.025,0.03,0.35156181146393345
0.025,0.0375,0.35387390633479626
0.025,0.045,0.3563360714324929
0.025,0.0525,0.3588987423814918
0.025,0.06,0.3615309962898616
0.025,0.0675,0.364212970583118
0.025,0.075,0.36693149686084836
0.025,0.08249999999999999,0.3696775753277507
0.025,0.09,0.3724448814845882
0.025,0.0975,0.3719221894257464
0.025,0.105,0.36935951847674753
0.025,0.11249999999999999,0.3668973533790509
0.025,0.12,0.36458525850818807
0.025,0.1275,0.36250404274069714
0.025,0.135,0.3607831516296848
0.025,0.1425,0.3596098457561431
0.025,0.15,0.35918694516427735
0.025,0.1575,0.3596098457561431
0.025,0.16499999999999998,0.3607831516296848
0.025,0.1725,0.36250404274069714
0.025,0.18,0.36458525850818807
0.025,0.1875,0.3668973533790509
0.025,0.195,0.36935951847674753
0.025,0.20249999999999999,0.3719221894257464
0.025,0.21,0.3745544433341162
0.025,0.2175,0.37723641762737264
0.025,0.22499999999999998,0.379954943905103
0.025,0.23249999999999998,0.3827010223720053
0.025,0.24,0.38546832852884283
0.025,0.2475,0.3882523053558115
0.025,0.255,0.3910495953514847
0.025,0.2625,0.39385767523756443
0.025,0.27,0.39667461487575334
0.025,0.27749999999999997,0.39949891434513296
0.025,0.285,0.40232939143161767
0.025,0.2925,0.4051651023841813
0.025,0.3,0.40800528509057943
0.025,0.3075,0.4108493176570724
0.025,0.315,0.4122371447050016
0.025,0.3225,0.413958035816014
0.025,0.32999999999999996,0.4160392515835049
0.025,0.33749999999999997,0.4183513464543677
0.025,0.345,0.42081351155206437
0.025,0.3525,0.42337618250106324
0.025,0.36,0.42600843640943303
0.025,0.3675,0.4286904107026895
0.025,0.375,0.4271581002921123
0.025,0.3825,0.4244395740143819
0.025,0.39,0.42175759972112553
0.025,0.39749999999999996,0.41912534581275573
0.025,0.40499999999999997,0.41656267486375687
0.025,0.4125,0.4141005097660602
0.025,0.42,0.4117884148951974
0.025,0.4275,0.4097071991277065
0.025,0.435,0.4079863080166941
0.025,0.4425,0.4068130021431524
0.025,0.44999999999999996,0.4063901015512867
0.025,0.45749999999999996,0.4068130021431524
0.025,0.46499999999999997,0.4079863080166941
0.025,0.4725,0.4097071991277065
0.025,0.48,0.4117884148951974
0.025,0.4875,0.4141005097660602
0.025,0.495,0.41656267486375687
0.025,0.5025,0.41912534581275573
0.025,0.51,0.4198797884156197
0.025,0.5175,0.41711248225878217
0.025,0.525,0.41436640379187983
0.025,0.5325,0.4116478775141495
0.025,0.54,0.40896590322089305
0.025,0.5475,0.40633364931252325
0.025,0.5549999999999999,0.4037709783635244
0.025,0.5625,0.40130881326582774
0.025,0.57,0.3989967183949649
0.025,0.5775,0.396915502627474
0.025,0.585,0.3951946115164616
0.025,0.5925,0.39402130564291993
0.025,0.6,0.3935984050510542
0.03,0.0,0.3480844353912526
0.03,0.0075,0.3484391526680731
0.03,0.015,0.3494448507208222
0.03,0.0225,0.3509658412980974
0.03,0.03,0.3528585050125208
0.03,0.0375,0.3550088117638735
0.03,0.045,0.3573369252489808
0.03,0.0525,0.359789448862326
0.03,0.06,0.36233088967777094
0.03,0.0675,0.3649373688096431
0.03,0.075,0.3675925031330935
0.03,0.08249999999999999,0.3702848032244666
0.03,0.09,0.37300603388024334
0.03,0.0975,0.3728128959065806
0.03,0.105,0.37036037229323543
0.03,0.11249999999999999,0.3680322588081281
0.03,0.12,0.36588195205677543
0.03,0.1275,0.363989288342352
0.03,0.135,0.36246829776507683
0.03,0.1425,0.36146259971232775
0.03,0.15,0.36110788243550723
0.03,0.1575,0.36146259971232775
0.03,0.16499999999999998,0.36246829776507683
0.03,0.1725,0.363989288342352
0.03,0.18,0.36588195205677543
0.03,0.1875,0.3680322588081281
0.03,0.195,0.37036037229323543
0.03,0.20249999999999999,0.3728128959065806
0.03,0.21,0.37535433672202556
0.03,0.2175,0.37796081585389774
0.03,0.22499999999999998,0.38061595017734806
0.03,0.23249999999999998,0.38330825026872123
0.03,0.24,0.38602948092449796
0.03,0.2475,0.3887736162737735
0.03,0.255,0.3915361620830321
0.03,0.2625,0.39431370747682204
0.03,0.27,0.3971036224249268
0.03,0.27749999999999997,0.3999038496017427
0.03,0.285,0.4027127585234517
0.03,0.2925,0.40552904155745156
0.03,0.3,0.4083516385904603
0.03,0.3075,0.41117968164382795
0.03,0.315,0.41392229084039367
0.03,0.3225,0.41544328141766884
0.03,0.32999999999999996,0.41733594513209227
0.03,0.33749999999999997,0.4194862518834449
0.03,0.345,0.42181436536855227
0.03,0.3525,0.42426688898189746
0.03,0.36,0.4268083297973424
0.03,0.3675,0.4294148089292146
0.03,0.375,0.4278191065643574
0.03,0.3825,0.425163972240907
0.03,0.39,0.42255749310903484
0.03,0.39749999999999996,0.42001605229358996
0.03,0.40499999999999997,0.41756352868024477
0.03,0.4125,0.4152354151951374
0.03,0.42,0.41308510844378477
0.03,0.4275,0.41119244472936134
0.03,0.435,0.40967145415208617
0.03,0.4425,0.4086657560993371
0.03,0.44999999999999996,0.40831103882251657
0.03,0.45749999999999996,0.4086657560993371
0.03,0.46499999999999997,0.40967145415208617
0.03,0.4725,0.41119244472936134
0.03,0.48,0.41308510844378477
0.03,0.4875,0.41523541519513746
0.03,0.495,0.4175635286802448
0.03,0.5025,0.42001605229358996
0.03,0.51,0.4204409408112748
0.03,0.5175,0.4177197101554981
0.03,0.525,0.4150274100641249
0.03,0.5325,0.4123722757406746
0.03,0.54,0.40976579660880236
0.03,0.5475,0.4072243557933575
0.03,0.5549999999999999,0.40477183218001234
0.03,0.5625,0.4024437186949049
0.03,0.57,0.4002934119435523
0.03,0.5775,0.39840074822912885
0.03,0.585,0.3968797576518537
0.03,0.5925,0.3958740595991046
0.03,0.6,0.3955193423222841
0.035,0.0,0.35000537266248244
0.035,0.0075,0.3503106298254972
0.035,0.015,0.3511882341721574
0.035,0.0225,0.35254419571296897
0.035,0.03,0.354268978335648
0.035,0.0375,0.3562659805102967
0.035,0.045,0.35846086646200626
0.035,0.0525,0.3607999441631654
0.035,0.06,0.3632453252116808
0.035,0.0675,0.36577032490509914
0.035,0.075,0.36835598144924014
0.035,0.08249999999999999,0.37098863168788704
0.035,0.09,0.3736582726763989
0.035,0.0975,0.37382339120742003
0.035,0.105,0.3714843135062609
0.035,0.11249999999999999,0.3692894275545513
0.035,0.12,0.36729242537990264
0.035,0.1275,0.3655676427572236
0.035,0.135,0.364211681216412
0.035,0.1425,0.36333407686975183
0.035,0.15,0.36302881970673706
0.035,0.1575,0.36333407686975183
0.035,0.16499999999999998,0.364211681216412
0.035,0.1725,0.3655676427572236
0.035,0.18,0.36729242537990264
0.035,0.1875,0.3692894275545513
0.035,0.195,0.3714843135062609
0.035,0.20249999999999999,0.37382339120742003
0.035,0.21,0.3762687722559354
0.035,0.2175,0.37879377194935376
0.035,0.22499999999999998,0.38137942849349477
0.035,0.23249999999999998,0.38401207873214166
0.035,0.24,0.3866817197206535
0.035,0.2475,0.389380908282702
0.035,0.255,0.39210401794389294
0.035,0.2625,0.39484673163174555
0.035,0.27,0.39760569058887446
0.035,0.27749999999999997,0.40037824782300996
0.035,0.285,0.40316229240274243
0.035,0.2925,0.4059561224330385
0.035,0.3,0.40875835195392474
0.035,0.3075,0.411567841809339
0.035,0.315,0.414383647682133
0.035,0.3225,0.4170216358325404
0.035,0.32999999999999996,0.4187464184552195
0.035,0.33749999999999997,0.42074342062986814
0.035,0.345,0.4229383065815777
0.035,0.3525,0.42527738428273687
0.035,0.36,0.42772276533125225
0.035,0.3675,0.4302477650246706
0.035,0.375,0.42858258488050405
0.035,0.3825,0.4259969283363631
0.035,0.39,0.4234719286429447
0.035,0.39749999999999996,0.42102654759442937
0.035,0.40499999999999997,0.4186874698932702
0.035,0.4125,0.41649258394156063
0.035,0.42,0.414495581766912
0.035,0.4275,0.4127707991442329
0.035,0.435,0.41141483760342135
0.035,0.4425,0.4105372332567611
0.035,0.44999999999999996,0.4102319760937464
0.035,0.45749999999999996,0.41053723325676117
0.035,0.46499999999999997,0.41141483760342135
0.035,0.4725,0.4127707991442329
0.035,0.48,0.414495581766912
0.035,0.4875,0.41649258394156063
0.035,0.495,0.4186874698932702
0.035,0.5025,0.42102654759442937
0.035,0.51,0.4210931796074303
0.035,0.5175,0.4184235386189185
0.035,0.525,0.41579088838027156
0.035,0.5325,0.4132052318361306
0.035,0.54,0.4106802321427122
0.035,0.5475,0.4082348510941969
0.035,0.5549999999999999,0.40589577339303773
0.035,0.5625,0.40370088744132815
0.035,0.57,0.4017038852666795
0.035,0.5775,0.39997910264400044
0.035,0.585,0.39862314110318886
0.035,0.5925,0.39774553675652863
0.035,0.6,0.3974402795935139
0.04,0.0,0.3519263099337123
0.04,0.0075,0.35219410837122955
0.04,0.015,0.3529713070037814
0.04,0.0225,0.3541906721308342
0.04,0.03,0.35576818447617203
0.04,0.0375,0.3576235334567893
0.04,0.045,0.35968995959531497
0.04,0.0525,0.3619159113614221
0.04,0.06,0.36426296307734995
0.04,0.0675,0.36670284102341344
0.04,0.075,0.369214745374781
0.04,0.08249999999999999,0.3717832705957704
0.04,0.09,0.3743968878248996
0.04,0.0975,0.3749393584056767
0.04,0.105,0.3727134066395696
0.04,0.11249999999999999,0.37064698050104394
0.04,0.12,0.36879163152042665
0.04,0.1275,0.36721411917508884
0.04,0.135,0.365994754048036
0.04,0.1425,0.3652175554154842
0.04,0.15,0.36494975697796694
0.04,0.1575,0.3652175554154842
0.04,0.16499999999999998,0.365994754048036
0.04,0.1725,0.36721411917508884
0.04,0.18,0.36879163152042665
0.04,0.1875,0.37064698050104394
0.04,0.195,0.3727134066395696
0.04,0.20249999999999999,0.3749393584056767
0.04,0.21,0.3772864101216046
0.04,0.2175,0.37972628806766806
0.04,0.22499999999999998,0.3822381924190356
0.04,0.23249999999999998,0.384806717640025
0.04,0.24,0.3874203348691542
0.04,0.2475,0.390070312601809
0.04,0.255,0.39274995506354576
0.04,0.2625,0.3954540638739853
0.04,0.27,0.3981785549632879
0.04,0.27749999999999997,0.40092018338635776
0.04,0.285,0.40367634351246523
0.04,0.2925,0.406444922305365
0.04,0.3,0.4092241903663867
0.04,0.3075,0.41201272012309836
0.04,0.315,0.41480932374286206
0.04,0.3225,0.417613005533414
0.04,0.32999999999999996,0.4202456245957435
0.04,0.33749999999999997,0.4221009735763608
0.04,0.345,0.42416739971488643
0.04,0.3525,0.42639335148099355
0.04,0.36,0.4287404031969214
0.04,0.3675,0.4311802811429849
0.04,0.375,0.42942809164161944
0.04,0.3825,0.42692944445467734
0.04,0.39,0.4244895665086139
0.04,0.39749999999999996,0.42214251479268605
0.04,0.40499999999999997,0.4199165630265789
0.04,0.4125,0.4178501368880533
0.04,0.42,0.415994787907436
0.04,0.4275,0.4144172755620981
0.04,0.435,0.41319791043504533
0.04,0.4425,0.4124207118024935
0.04,0.44999999999999996,0.4121529133649763
0.04,0.45749999999999996,0.4124207118024935
0.04,0.46499999999999997,0.41319791043504533
0.04,0.4725,0.4144172755620982
0.04,0.48,0.415994787907436
0.04,0.4875,0.4178501368880533
0.04,0.495,0.4199165630265789
0.04,0.5025,0.42214251479268605
0.04,0.51,0.4218317947559311
0.04,0.5175,0.41921817752680185
0.04,0.525,0.41664965230581247
0.04,0.5325,0.4141377479544449
0.04,0.54,0.41169787000838143
0.04,0.5475,0.40935081829245357
0.04,0.5549999999999999,0.40712486652634644
0.04,0.5625,0.4050584403878208
0.04,0.57,0.4032030914072035
0.04,0.5775,0.40162557906186563
0.04,0.585,0.40040621393481285
0.04,0.5925,0.399629015302261
0.04,0.6,0.3993612168647438
0.045,0.0,0.35384724720494215
0.045,0.0075,0.35408571964860885
0.045,0.015,0.3547824228220584
0.045,0.0225,0.3558878701992966
0.045,0.03,0.3573369252489808
0.045,0.0375,0.35906331131396346
0.045,0.045,0.3610083516368445
0.045,0.0525,0.36312406162153527
0.045,0.06,0.3653728708323213
0.045,0.0675,0.3677259819915345
0.045,0.075,0.3701614902285435
0.045,0.08249999999999999,0.3726627242942351
0.045,0.09,0.3752169286347196
0.045,0.0975,0.3761475086657899
0.045,0.105,0.37403179868109915
0.045,0.11249999999999999,0.3720867583582181
0.045,0.12,0.37036037229323543
0.045,0.1275,0.3689113172435512
0.045,0.135,0.36780586986631303
0.045,0.1425,0.3671091666928635
0.045,0.15,0.36687069424919677
0.045,0.1575,0.3671091666928635
0.045,0.16499999999999998,0.36780586986631303
0.045,0.1725,0.3689113172435512
0.045,0.18,0.37036037229323543
0.045,0.1875,0.3720867583582181
0.045,0.195,0.37403179868109915
0.045,0.20249999999999999,0.3761475086657899
0.045,0.21,0.3783963178765759
0.045,0.2175,0.3807494290357891
0.045,0.22499999999999998,0.3831849372727981
0.045,0.23249999999999998,0.3856861713384897
0.045,0.24,0.38824037567897424
0.045,0.2475,0.3908377129929992
0.045,0.255,0.3934705260329799
0.045,0.2625,0.3961327958619581
0.045,0.27,0.39881974452785185
0.045,0.27749999999999997,0.40152754252089645
0.045,0.285,0.4042530919826829
0.045,0.2925,0.4069938647776531
0.045,0.3,0.40974778049621785
0.045,0.3075,0.4125131137204841
0.045,0.315,0.41528842290252643
0.045,0.3225,0.4180724953386001
0.045,0.32999999999999996,0.4208643042333261
0.045,0.33749999999999997,0.4235407514335349
0.045,0.345,0.42548579175641593
0.045,0.3525,0.4276015017411067
0.045,0.36,0.42985031095189274
0.045,0.3675,0.43062129969764956
0.045,0.375,0.4282595903507416
0.045,0.3825,0.4259794369060479
0.045,0.39,0.42379868485633154
0.045,0.39749999999999996,0.4217396047828451
0.045,0.40499999999999997,0.41982973994350775
0.045,0.4125,0.4181025417823361
0.045,0.42,0.4165973666618605
0.045,0.4275,0.4153581704851101
0.045,0.435,0.4144301463397522
0.045,0.4425,0.41385395621963833
0.045,0.44999999999999996,0.41365840162514783
0.045,0.45749999999999996,0.41385395621963833
0.045,0.46499999999999997,0.4144301463397522
0.045,0.4725,0.4153581704851101
0.045,0.48,0.4165973666618605
0.045,0.4875,0.4181025417823361
0.045,0.495,0.41982973994350775
0.045,0.5025,0.4217396047828451
0.045,0.51,0.4226518355657511
0.045,0.5175,0.42009763122526655
0.045,0.525,0.417596397159575
0.045,0.5325,0.415160888922566
0.045,0.54,0.41280777776335276
0.045,0.5475,0.41055896855256674
0.045,0.5549999999999999,0.408443258567876
0.045,0.5625,0.40649821824499494
0.045,0.57,0.4047718321800123
0.045,0.5775,0.40332277713032805
0.045,0.585,0.4022173297530899
0.045,0.5925,0.4015206265796403
0.045,0.6,0.4012821541359736
0.05,0.0,0.35576818447617203
0.05,0.0075,0.35598308781215904
0.05,0.015,0.3566139856599034
0.05,0.0225,0.3576235334567893
0.05,0.03,0.3589605974069868
0.05,0.0375,0.3605705276542467
0.05,0.045,0.3624023796290116
0.05,0.0525,0.36441240219670634
0.05,0.06,0.3665648111639934
0.05,0.0675,0.3688311296229923
0.05,0.075,0.37118900090571905
0.05,0.08249999999999999,0.373620955522701
0.05,0.09,0.3761133311011123
0.05,0.0975,0.37743584924096096
0.05,0.105,0.37542582667326624
0.05,0.11249999999999999,0.3735939746985013
0.05,0.12,0.37198404445124145
0.05,0.1275,0.37064698050104394
0.05,0.135,0.369637432704158
0.05,0.1425,0.36900653485641366
0.05,0.15,0.36879163152042665
0.05,0.1575,0.36900653485641366
0.05,0.16499999999999998,0.369637432704158
0.05,0.1725,0.37064698050104394
0.05,0.18,0.37198404445124145
0.05,0.1875,0.3735939746985013
0.05,0.195,0.37542582667326624
0.05,0.20249999999999999,0.37743584924096096
0.05,0.21,0.37958825820824804
0.05,0.2175,0.3818545766672469
0.05,0.22499999999999998,0.38421244794997367
0.05,0.23249999999999998,0.38664440256695565
0.05,0.24,0.3891367781453669
0.05,0.2475,0.3916788441803409
0.05,0.255,0.3942621200433647
0.05,0.2625,0.39687985388441077
0.05,0.27,0.39952662786010434
0.05,0.27749999999999997,0.4021980596668055
0.05,0.285,0.40489057644661713
0.05,0.2925,0.4076012427702762
0.05,0.3,0.41032762900207786
0.05,0.3075,0.4130677098973344
0.05,0.315,0.4158197859358825
0.05,0.3225,0.41858242185141376
0.05,0.32999999999999996,0.42135439824955756
0.05,0.33749999999999997,0.42413467325595133
0.05,0.345,0.4268798197485831
0.05,0.3525,0.42789995785379176
0.05,0.36,0.428911444071093
0.05,0.3675,0.429590235400447
0.05,0.375,0.427158280783465
0.05,0.3825,0.4248004095007383
0.05,0.39,0.4225340910417394
0.05,0.39749999999999996,0.4203816820744523
0.05,0.40499999999999997,0.4183716595067576
0.05,0.4125,0.4165398075319926
0.05,0.42,0.4149298772847328
0.05,0.4275,0.4135928133345353
0.05,0.435,0.41258326553764935
0.05,0.4425,0.411952367689905
0.05,0.44999999999999996,0.411737464353918
0.05,0.45749999999999996,0.411952367689905
0.05,0.46499999999999997,0.41258326553764935
0.05,0.4725,0.4135928133345353
0.05,0.48,0.4149298772847328
0.05,0.4875,0.41653980753199266
0.05,0.495,0.4183716595067576
0.05,0.5025,0.4203816820744523
0.05,0.51,0.42253409104173945
0.05,0.5175,0.4210558624537325
0.05,0.525,0.4186239078367505
0.05,0.5325,0.4162660365540238
0.05,0.54,0.4139997180950249
0.05,0.5475,0.4118473091277378
0.05,0.5549999999999999,0.4098372865600431
0.05,0.5625,0.4080054345852781
0.05,0.57,0.4063955043380183
0.05,0.5775,0.4050584403878208
0.05,0.585,0.40404889259093485
0.05,0.5925,0.4034179947431905
0.05,0.6,0.4032030914072035
0.055,0.0,0.35768912174740186
0.055,0.0075,0.35788467634189236
0.055,0.015,0.35846086646200626
0.055,0.0225,0.3593888906073641
0.055,0.03,0.3606280867841145
0.055,0.0375,0.3621332619045901
0.055,0.045,0.3638604600657618
0.055,0.0525,0.36577032490509914
0.055,0.06,0.36782940497858563
0.055,0.0675,0.3700101570283019
0.055,0.075,0.37229031047299566
0.055,0.08249999999999999,0.3746520198199036
0.055,0.09,0.377081027892807
0.055,0.0975,0.37879377194935376
0.055,0.105,0.3768839071100164
0.055,0.11249999999999999,0.37515670894884473
0.055,0.12,0.37365153382836913
0.055,0.1275,0.37241233765161874
0.055,0.135,0.3714843135062609
0.055,0.1425,0.370908123386147
0.055,0.15,0.3707125687916565
0.055,0.1575,0.370908123386147
0.055,0.16499999999999998,0.3714843135062609
0.055,0.1725,0.37241233765161874
0.055,0.18,0.37365153382836913
0.055,0.1875,0.37515670894884473
0.055,0.195,0.3768839071100164
0.055,0.20249999999999999,0.37879377194935376
0.055,0.21,0.38085285202284025
0.055,0.2175,0.38303360407255654
0.055,0.22499999999999998,0.3853137575172503
0.055,0.23249999999999998,0.3876754668641582
0.055,0.24,0.39010447493706163
0.055,0.2475,0.39258938031143265
0.055,0.255,0.3951210334952011
0.055,0.2625,0.39769205510784233
0.055,0.27,0.40029645800322533
0.055,0.27749999999999997,0.4029293533869334
0.055,0.285,0.40558672291591147
0.055,0.2925,0.4082652418611393
0.055,0.3,0.4109621415059632
0.055,0.3075,0.41367510162228327
0.055,0.315,0.41640216602147284
0.055,0.3225,0.4191416758557141
0.055,0.32999999999999996,0.42189221662861087
0.055,0.33749999999999997,0.424384069153299
0.055,0.345,0.42517227063141344
0.055,0.3525,0.42609026374259656
0.055,0.36,0.4271321198517329
0.055,0.3675,0.42829153890496674
0.055,0.375,0.42613077010628947
0.055,0.3825,0.42369526186928047
0.055,0.39,0.42134215071006725
0.055,0.39749999999999996,0.41909334149928124
0.055,0.40499999999999997,0.41697763151459044
0.055,0.4125,0.41503259119170943
0.055,0.42,0.4133062051267268
0.055,0.4275,0.4118571500770425
0.055,0.435,0.4107517026998044
0.055,0.4425,0.4100549995263548
0.055,0.44999999999999996,0.4098165270826881
0.055,0.45749999999999996,0.4100549995263548
0.055,0.46499999999999997,0.4107517026998044
0.055,0.4725,0.41185715007704254
0.055,0.48,0.4133062051267268
0.055,0.4875,0.41503259119170943
0.055,0.495,0.4169776315145905
0.055,0.5025,0.41909334149928124
0.055,0.51,0.4213421507100673
0.055,0.5175,0.4220869267509351
0.055,0.525,0.41972521740402713
0.055,0.5325,0.4174450639593334
0.055,0.54,0.41526431190961705
0.055,0.5475,0.4132052318361306
0.055,0.5549999999999999,0.41129536699679325
0.055,0.5625,0.4095681688356216
0.055,0.57,0.408062993715146
0.055,0.5775,0.4068237975383956
0.055,0.585,0.40589577339303773
0.055,0.5925,0.40531958327292383
0.055,0.6,0.40512402867843333
0.06,0.0,0.35961005901863174
0.06,0.0075,0.359789448862326
0.06,0.015,0.36031949357227283
0.06,0.0225,0.36117755462373535
0.06,0.03,0.36233088967777094
0.06,0.0375,0.3637419407228436
0.06,0.045,0.3653728708323213
0.06,0.0525,0.36718857669930843
0.06,0.06,0.3691581982611682
0.06,0.0675,0.3712555335110357
0.06,0.075,0.37345881176387347
0.06,0.08249999999999999,0.37575016922951887
0.06,0.09,0.3781150387340882
0.06,0.0975,0.38021202374356305
0.06,0.105,0.3783963178765759
0.06,0.11249999999999999,0.3767653877670982
0.06,0.12,0.37535433672202556
0.06,0.1275,0.37420100166799
0.06,0.135,0.37334294061652745
0.06,0.1425,0.3728128959065806
0.06,0.15,0.37263350606288637
0.06,0.1575,0.3728128959065806
0.06,0.16499999999999998,0.37334294061652745
0.06,0.1725,0.37420100166799
0.06,0.18,0.37535433672202556
0.06,0.1875,0.3767653877670982
0.06,0.195,0.3783963178765759
0.06,0.20249999999999999,0.38021202374356305
0.06,0.21,0.3821816453054228
0.06,0.2175,0.3842789805552903
0.06,0.22499999999999998,0.3864822588081281
0.06,0.23249999999999998,0.3887736162737735
0.06,0.24,0.3911384857783428
0.06,0.2475,0.3935650111094564
0.06,0.255,0.3960435330050332
0.06,0.2625,0.3985661592244894
0.06,0.27,0.40112641463592297
0.06,0.27749999999999997,0.4037189607763862
0.06,0.285,0.4063393728996673
0.06,0.2925,0.40898396332912645
0.06,0.3,0.4116496415465681
0.06,0.3075,0.41433380319125457
0.06,0.315,0.41703424172931436
0.06,0.3225,0.41974907788951443
0.06,0.32999999999999996,0.42185133357914784
0.06,0.33749999999999997,0.42252639695177013
0.06,0.345,0.42334052139874917
0.06,0.3525,0.42428779467233074
0.06,0.36,0.42536175096578877
0.06,0.3675,0.42655555520108673
0.06,0.375,0.42518402525252696
0.06,0.3825,0.42267212090115935
0.06,0.39,0.42023224295509587
0.06,0.39749999999999996,0.41788519123916806
0.06,0.40499999999999997,0.41565923947306094
0.06,0.4125,0.4135928133345353
0.06,0.42,0.411737464353918
0.06,0.4275,0.41015995200858013
0.06,0.435,0.40894058688152735
0.06,0.4425,0.4081633882489755
0.06,0.44999999999999996,0.4078955898114583
0.06,0.45749999999999996,0.4081633882489755
0.06,0.46499999999999997,0.40894058688152735
0.06,0.4725,0.4101599520085802
0.06,0.48,0.411737464353918
0.06,0.4875,0.4135928133345353
0.06,0.495,0.41565923947306094
0.06,0.5025,0.41788519123916806
0.06,0.51,0.4202322429550959
0.06,0.5175,0.4226721209011594
0.06,0.525,0.42089371869490494
0.06,0.5325,0.41869044044206716
0.06,0.54,0.4165931051921996
0.06,0.5475,0.4146234836303399
0.06,0.5549999999999999,0.41280777776335276
0.06,0.5625,0.4111768476538751
0.06,0.57,0.4097657966088024
0.06,0.5775,0.4086124615547668
0.06,0.585,0.4077544005033043
0.06,0.5925,0.4072243557933575
0.06,0.6,0.4070449659496632
0.065,0.0,0.3615309962898616
0.065,0.0075,0.361696681602028
0.065,0.015,0.3621873115248817
0.065,0.0225,0.3629847932972054
0.065,0.03,0.3640624478871209
0.065,0.0375,0.3653888741987695
0.065,0.045,0.36693149686084836
0.065,0.0525,0.36865916222925
0.065,0.06,0.37054366132952554
0.065,0.0675,0.3725603742299665
0.065,0.075,0.3746883278898355
0.065,0.08249999999999999,0.3769099269900974
0.065,0.09,0.37921054091991124
0.065,0.0975,0.38157805764827274
0.065,0.105,0.379954943905103
0.065,0.11249999999999999,0.3784123212430241
0.065,0.12,0.3770858949313755
0.065,0.1275,0.37600824034146
0.065,0.135,0.3752107585691363
0.065,0.1425,0.3747201286462826
0.065,0.15,0.3745544433341162
0.065,0.1575,0.3747201286462826
0.065,0.16499999999999998,0.3752107585691363
0.065,0.1725,0.37600824034146
0.065,0.18,0.3770858949313755
0.065,0.1875,0.3784123212430241
0.065,0.195,0.379954943905103
0.065,0.20249999999999999,0.3816826092735046
0.065,0.21,0.38356710837378016
0.065,0.2175,0.38558382127422114
0.065,0.22499999999999998,0.38771177493409015
0.065,0.23249999999999998,0.389933374034352
0.065,0.24,0.39223398796416586
0.065,0.2475,0.39460150469252736
0.065,0.255,0.39702590959514067
0.065,0.2625,0.39949891434513296
0.065,0.27,0.40201364253963
0.065,0.27749999999999997,0.40456436953516367
0.065,0.285,0.4071463100901565
0.065,0.2925,0.40975544635873073
0.065,0.3,0.4123883890821706
0.065,0.3075,0.41504226568255487
0.065,0.315,0.4177146299689794
0.065,0.3225,0.4194247849868592
0.065,0.32999999999999996,0.4199745610479766
0.065,0.33749999999999997,0.4206731659137251
0.065,0.345,0.4215148945072078
0.065,0.3525,0.4224932527014411
0.065,0.36,0.42360117542419223
0.065,0.3675,0.42483123663892225
0.065,0.375,0.4243252613269861
0.065,0.3825,0.4217396047828451
0.065,0.39,0.4192146050894267
0.065,0.39749999999999996,0.4167692240409114
0.065,0.40499999999999997,0.4144301463397522
0.065,0.4125,0.41223526038804265
0.065,0.42,0.410238258213394
0.065,0.4275,0.40851347559071494
0.065,0.435,0.40715751404990336
0.065,0.4425,0.4062799097032431
0.065,0.44999999999999996,0.4059746525402284
0.065,0.45749999999999996,0.4062799097032432
0.065,0.46499999999999997,0.40715751404990336
0.065,0.4725,0.40851347559071494
0.065,0.48,0.410238258213394
0.065,0.4875,0.41223526038804265
0.065,0.495,0.4144301463397522
0.065,0.5025,0.4167692240409114
0.065,0.51,0.41921460508942676
0.065,0.5175,0.4217396047828451
0.065,0.525,0.422123234820867
0.065,0.5325,0.419995281160998
0.065,0.54,0.41797856826055696
0.065,0.5475,0.41609406916028147
0.065,0.5549999999999999,0.41436640379187983
0.065,0.5625,0.4128237811298009
0.065,0.57,0.41149735481815236
0.065,0.5775,0.4104197002282369
0.065,0.585,0.4096222184559132
0.065,0.5925,0.4091315885330595
0.065,0.6,0.40896590322089305
0.07,0.0,0.36110788243550723
0.07,0.0075,0.36146259971232775
0.07,0.015,0.36246829776507683
0.07,0.0225,0.363989288342352
0.07,0.03,0.36581765658044135
0.07,0.0375,0.3670678677964681
0.07,0.045,0.36852957966206445
0.07,0.0525,0.37017521401039594
0.07,0.06,0.37197914490742257
0.07,0.0675,0.3739184490747468
0.07,0.075,0.3759731492567199
0.07,0.08249999999999999,0.3781261366717864
0.07,0.09,0.38036292116013903
0.07,0.0975,0.3826713100696474
0.07,0.105,0.3815530267063191
0.07,0.11249999999999999,0.3800913148407227
0.07,0.12,0.378841103624696
0.07,0.1275,0.3778304888411762
0.07,0.135,0.3770858949313755
0.07,0.1425,0.37662930116029664
0.07,0.15,0.3764753806053461
0.07,0.1575,0.37662930116029664
0.07,0.16499999999999998,0.3770858949313755
0.07,0.1725,0.3778304888411762
0.07,0.18,0.378841103624696
0.07,0.1875,0.3800913148407227
0.07,0.195,0.3815530267063191
0.07,0.20249999999999999,0.38319866105465056
0.07,0.21,0.3850025919516772
0.07,0.2175,0.3869418961190014
0.07,0.22499999999999998,0.3889965963009745
0.07,0.23249999999999998,0.391149583716041
0.07,0.24,0.39338636820439365
0.07,0.2475,0.395694757113902
0.07,0.255,0.3980645236067119
0.07,0.2625,0.40048709649571923
0.07,0.27,0.4029552857037427
0.07,0.27749999999999997,0.40546304709891723
0.07,0.285,0.40800528509057943
0.07,0.2925,0.410577688964821
0.07,0.3,0.41317659817886143
0.07,0.3075,0.41579889191492386
0.07,0.315,0.4171198010089621
0.07,0.3225,0.41753096792597355
0.07,0.32999999999999996,0.4181010608546695
0.07,0.33749999999999997,0.418824851053472
0.07,0.345,0.41969602439931686
0.07,0.3525,0.4207074301467181
0.07,0.36,0.42185133357914784
0.07,0.3675,0.4231196555098805
0.07,0.375,0.4235617830108394
0.07,0.3825,0.42090664868738903
0.07,0.39,0.41830016955551685
0.07,0.39749999999999996,0.41575872874007197
0.07,0.40499999999999997,0.4133062051267268
0.07,0.4125,0.4109780916416194
0.07,0.42,0.4088277848902668
0.07,0.4275,0.40693512117584335
0.07,0.435,0.4054141305985682
0.07,0.4425,0.4044084325458191
0.07,0.44999999999999996,0.4040537152689986
0.07,0.45749999999999996,0.40440843254581915
0.07,0.46499999999999997,0.4054141305985682
0.07,0.4725,0.40693512117584335
0.07,0.48,0.40882778489026683
0.07,0.4875,0.41097809164161947
0.07,0.495,0.41330620512672683
0.07,0.5025,0.41575872874007197
0.07,0.51,0.4183001695555169
0.07,0.5175,0.42090664868738903
0.07,0.525,0.42340805618775135
0.07,0.5325,0.4213533560057783
0.07,0.54,0.419414051838454
0.07,0.5475,0.4176101209414274
0.07,0.5549999999999999,0.41596448659309593
0.07,0.5625,0.4145027747274996
0.07,0.57,0.4132525635114728
0.07,0.5775,0.41224194872795306
0.07,0.585,0.41149735481815236
0.07,0.5925,0.4110407610470735
0.07,0.6,0.41088684049212293
0.075,0.0,0.35918694516427735
0.075,0.0075,0.3596098457561431
0.075,0.015,0.3607831516296848
0.075,0.0225,0.36250404274069714
0.075,0.03,0.36458525850818807
0.075,0.0375,0.3668973533790509
0.075,0.045,0.36935951847674753
0.075,0.0525,0.3717308532172779
0.075,0.06,0.37345881176387347
0.075,0.0675,0.37532416356158066
0.075,0.075,0.37730804488549186
0.075,0.08249999999999999,0.37939399006395763
0.075,0.09,0.38156781086405345
0.075,0.0975,0.3838173824151321
0.075,0.105,0.3831849372727981
0.075,0.11249999999999999,0.38179735620049987
0.075,0.12,0.3806159501773481
0.075,0.1275,0.379665019652173
0.075,0.135,0.3789669486992942
0.075,0.1425,0.3785400297858812
0.075,0.15,0.3783963178765759
0.075,0.1575,0.3785400297858812
0.075,0.16499999999999998,0.3789669486992942
0.075,0.1725,0.379665019652173
0.075,0.18,0.3806159501773481
0.075,0.1875,0.38179735620049987
0.075,0.195,0.3831849372727981
0.075,0.20249999999999999,0.3847543002615325
0.075,0.21,0.3864822588081281
0.075,0.2175,0.3883476106058353
0.075,0.22499999999999998,0.3903314919297465
0.075,0.23249999999999998,0.39241743710821225
0.075,0.24,0.39459125790830807
0.075,0.2475,0.3968408294593867
0.075,0.255,0.39915584048224156
0.075,0.2625,0.4015275425208965
0.075,0.27,0.40394851672606835
0.075,0.27749999999999997,0.4064124664445603
0.075,0.285,0.40891403781398633
0.075,0.2925,0.4114486673025607
0.075,0.3,0.4140124535928717
0.075,0.3075,0.41495385763236725
0.075,0.315,0.41521202593733736
0.075,0.3225,0.41563927113853455
0.075,0.32999999999999996,0.41623120540881925
0.075,0.33749999999999997,0.4169819960727278
0.075,0.345,0.41788463342976023
0.075,0.3525,0.41893122385855763
0.075,0.36,0.4201132832154626
0.075,0.3675,0.4214220101764855
0.075,0.375,0.42284852544043644
0.075,0.3825,0.42018225046086394
0.075,0.39,0.41750027616760754
0.075,0.39749999999999996,0.41486802225923775
0.075,0.40499999999999997,0.4123053513102389
0.075,0.4125,0.40984318621254223
0.075,0.42,0.4075310913416794
0.075,0.4275,0.4054498755741885
0.075,0.435,0.4037289844631761
0.075,0.4425,0.4025556785896344
0.075,0.44999999999999996,0.4021327779977687
0.075,0.45749999999999996,0.4025556785896344
0.075,0.46499999999999997,0.4037289844631761
0.075,0.4725,0.4054498755741885
0.075,0.48,0.4075310913416794
0.075,0.4875,0.40984318621254223
0.075,0.495,0.4123053513102389
0.075,0.5025,0.41486802225923775
0.075,0.51,0.4175002761676076
0.075,0.5175,0.420182250460864
0.075,0.525,0.42290077673859433
0.075,0.5325,0.42275907049261213
0.075,0.54,0.42089371869490494
0.075,0.5475,0.41916576014830936
0.075,0.5549999999999999,0.41759639715957503
0.075,0.5625,0.4162088160872767
0.075,0.57,0.41502741006412497
0.075,0.5775,0.4140764795389498
0.075,0.585,0.41337840858607106
0.075,0.5925,0.41295148967265805
0.075,0.6,0.41280777776335276
0.08,0.0,0.3572660078930475
0.08,0.0075,0.3577885064280821
0.08,0.015,0.35918694516427735
0.08,0.0225,0.3611478327238488
0.08,0.03,0.36343433446486634
0.08,0.0375,0.3659102256135819
0.08,0.045,0.3685012968386412
0.08,0.0525,0.3711661069358369
0.08,0.06,0.373880406885708
0.08,0.0675,0.37662930116029664
0.08,0.075,0.37868825514970517
0.08,0.08249999999999999,0.3807090382638587
0.08,0.09,0.38282110742675646
0.08,0.0975,0.3850125267917225
0.08,0.105,0.3848459795420495
0.08,0.11249999999999999,0.38352636728073347
0.08,0.12,0.38240724928794395
0.08,0.1275,0.3815097156438988
0.08,0.135,0.38085285202284025
0.08,0.1425,0.38045202557109536
0.08,0.15,0.3803172551478058
0.08,0.1575,0.38045202557109536
0.08,0.16499999999999998,0.38085285202284025
0.08,0.1725,0.3815097156438988
0.08,0.18,0.38240724928794395
0.08,0.1875,0.38352636728073347
0.08,0.195,0.3848459795420495
0.08,0.20249999999999999,0.38634450166680034
0.08,0.21,0.3880010042327252
0.08,0.2175,0.38979596915671444
0.08,0.22499999999999998,0.3917117021939598
0.08,0.23249999999999998,0.39373248530811333
0.08,0.24,0.3958445544710111
0.08,0.2475,0.3980359738359771
0.08,0.255,0.40029645800322533
0.08,0.2625,0.4026171765510642
0.08,0.27,0.40499056143508105
0.08,0.27749999999999997,0.4074101283867318
0.08,0.285,0.40987031732720797
0.08,0.2925,0.41236635313145176
0.08,0.3,0.41294655584216955
0.08,0.3075,0.4130365120145556
0.08,0.315,0.4133053355295581
0.08,0.3225,0.41374995115472124
0.08,0.32999999999999996,0.4143654249494517
0.08,0.33749999999999997,0.41514522591488645
0.08,0.345,0.41608154705237677
0.08,0.3525,0.41716565212626766
0.08,0.36,0.4183882171604479
0.08,0.3675,0.4197396424335352
0.08,0.375,0.42121031925059327
0.08,0.3825,0.419575133993788
0.08,0.39,0.4168262397191993
0.08,0.39749999999999996,0.41411193976932825
0.08,0.40499999999999997,0.41144712967213254
0.08,0.4125,0.4088560584470732
0.08,0.42,0.4063801672983577
0.08,0.4275,0.40409366555734016
0.08,0.435,0.4021327779977687
0.08,0.4425,0.4007343392615734
0.08,0.44999999999999996,0.40021184072653887
0.08,0.45749999999999996,0.4007343392615734
0.08,0.46499999999999997,0.4021327779977687
0.08,0.4725,0.4040936655573402
0.08,0.48,0.4063801672983577
0.08,0.4875,0.40885605844707323
0.08,0.495,0.41144712967213254
0.08,0.5025,0.41411193976932825
0.08,0.51,0.41682623971919935
0.08,0.5175,0.419575133993788
0.08,0.525,0.42234905742074874
0.08,0.5325,0.4242074290434913
0.08,0.54,0.422412464119502
0.08,0.5475,0.4207559615535772
0.08,0.5549999999999999,0.4192574394288264
0.08,0.5625,0.4179378271675103
0.08,0.57,0.4168187091747208
0.08,0.5775,0.41592117553067565
0.08,0.585,0.4152643119096171
0.08,0.5925,0.4148634854578722
0.08,0.6,0.41472871503458264
0.085,0.0,0.35534507062181764
0.085,0.0075,0.35602527828660246
0.085,0.015,0.35773210543245176
0.085,0.0225,0.3599713155506818
0.085,0.03,0.36246829776507683
0.085,0.0375,0.3650991044927381
0.085,0.045,0.36780586986631303
0.085,0.0525,0.3705592104455801
0.085,0.06,0.37334294061652745
0.085,0.0675,0.3761475086657899
0.085,0.075,0.3789669486992942
0.085,0.08249999999999999,0.38179735620049987
0.085,0.09,0.3841189841773541
0.085,0.0975,0.3862532027954577
0.085,0.105,0.3865322249786133
0.085,0.11249999999999999,0.38527501017307614
0.085,0.12,0.38421244794997367
0.085,0.1275,0.3833629115549298
0.085,0.135,0.3827427775012969
0.085,0.1425,0.3823650668025632
0.085,0.15,0.3822381924190356
0.085,0.1575,0.3823650668025632
0.085,0.16499999999999998,0.3827427775012969
0.085,0.1725,0.3833629115549298
0.085,0.18,0.38421244794997367
0.085,0.1875,0.38527501017307614
0.085,0.195,0.3865322249786133
0.085,0.20249999999999999,0.38796496975980527
0.085,0.21,0.38955437408865834
0.085,0.2175,0.3912825285914281
0.085,0.22499999999999998,0.3931329189638594
0.085,0.23249999999999998,0.39509063715761444
0.085,0.24,0.3971424312216087
0.085,0.2475,0.39927664983971234
0.085,0.255,0.4014831258529088
0.085,0.2625,0.40375303044745403
0.085,0.27,0.4060787188742243
0.085,0.27749999999999997,0.4084535803492656
0.085,0.285,0.4108718990420208
0.085,0.2925,0.41111947776208935
0.085,0.3,0.41102561857093967
0.085,0.3075,0.41111947776208935
0.085,0.315,0.41139986903490433
0.085,0.3225,0.4118633072170523
0.085,0.32999999999999996,0.41250421901963436
0.085,0.33749999999999997,0.4133152620918329
0.085,0.345,0.4142877121196656
0.085,0.3525,0.41541187474853575
0.085,0.36,0.4166774838520827
0.085,0.3675,0.41807405742869036
0.085,0.375,0.4195911939561426
0.085,0.3825,0.41909334149928124
0.085,0.39,0.4162887734500188
0.085,0.39749999999999996,0.41350504327907145
0.085,0.40499999999999997,0.4107517026998044
0.085,0.4125,0.40804493732622943
0.085,0.42,0.4054141305985682
0.085,0.4275,0.4029171483841731
0.085,0.435,0.4006779382659431
0.085,0.4425,0.3989711111200938
0.085,0.44999999999999996,0.398290903455309
0.085,0.45749999999999996,0.3989711111200938
0.085,0.46499999999999997,0.4006779382659431
0.085,0.4725,0.40291714838417314
0.085,0.48,0.4054141305985682
0.085,0.4875,0.4080449373262295
0.085,0.495,0.4107517026998044
0.085,0.5025,0.41350504327907145
0.085,0.51,0.4162887734500188
0.085,0.5175,0.41909334149928124
0.085,0.525,0.4219127815327856
0.085,0.5325,0.4247431890339912
0.085,0.54,0.4239658339754352
0.085,0.5475,0.4223764296465821
0.085,0.5549999999999999,0.42094368486539013
0.085,0.5625,0.419686470059853
0.085,0.57,0.4186239078367505
0.085,0.5775,0.41777437144170665
0.085,0.585,0.4171542373880738
0.085,0.5925,0.41677652668934007
0.085,0.6,0.41664965230581247
0.09,0.0,0.3534241333505878
0.09,0.0075,0.35438460198620275
0.09,0.015,0.3565082966364972
0.09,0.0225,0.35904177782338464
0.09,0.03,0.36173133284691805
0.09,0.0375,0.36449274169769275
0.09,0.045,0.36729242537990264
0.09,0.0525,0.37011473308669474
0.09,0.06,0.3729514693211086
0.09,0.0675,0.37579795067387906
0.09,0.075,0.3786513145203455
0.09,0.08249999999999999,0.3815097156438988
0.09,0.09,0.38437191244250624
0.09,0.0975,0.38723703938111775
0.09,0.105,0.38824037567897424
0.09,0.11249999999999999,0.38704053559711027
0.09,0.12,0.38602948092449796
0.09,0.1275,0.38522328152072716
0.09,0.135,0.3846360745775989
0.09,0.1425,0.3842789805552903
0.09,0.15,0.3841591296902655
0.09,0.1575,0.3842789805552903
0.09,0.16499999999999998,0.3846360745775989
0.09,0.1725,0.38522328152072716
0.09,0.18,0.38602948092449796
0.09,0.1875,0.38704053559711027
0.09,0.195,0.38824037567897424
0.09,0.20249999999999999,0.38961202897983904
0.09,0.21,0.3911384857783428
0.09,0.2175,0.3928033474107998
0.09,0.22499999999999998,0.39459125790830807
0.09,0.23249999999999998,0.39648814863019627
0.09,0.24,0.39848133855407014
0.09,0.2475,0.40055953315660614
0.09,0.255,0.4027127585234517
0.09,0.2625,0.4049322588081281
0.09,0.27,0.4072103769450237
0.09,0.27749999999999997,0.40954043172892346
0.09,0.285,0.4094957904886908
0.09,0.2925,0.40920279714948304
0.09,0.3,0.40910468129970984
0.09,0.3075,0.40920279714948304
0.09,0.315,0.4094957904886908
0.09,0.3225,0.40997969045754235
0.09,0.32999999999999996,0.41064817072891857
0.09,0.33749999999999997,0.4114929414977815
0.09,0.345,0.41250421901963436
0.09,0.3525,0.41367121691571185
0.09,0.36,0.41498261137313514
0.09,0.3675,0.4164269464846891
0.09,0.375,0.4179929616140862
0.09,0.3825,0.41874378350737035
0.09,0.39,0.41589730215459997
0.09,0.39749999999999996,0.4130605659201861
0.09,0.40499999999999997,0.410238258213394
0.09,0.4125,0.4074385745311841
0.09,0.42,0.4046771656804094
0.09,0.4275,0.401987610656876
0.09,0.435,0.39945412946998854
0.09,0.4425,0.3973304348196941
0.09,0.44999999999999996,0.39636996618407916
0.09,0.45749999999999996,0.3973304348196941
0.09,0.46499999999999997,0.3994541294699886
0.09,0.4725,0.401987610656876
0.09,0.48,0.4046771656804094
0.09,0.4875,0.4074385745311841
0.09,0.495,0.410238258213394
0.09,0.5025,0.4130605659201861
0.09,0.51,0.4158973021546
0.09,0.5175,0.4187437835073704
0.09,0.525,0.4215971473538369
0.09,0.5325,0.42445554847739014
0.09,0.54,0.4255499456651196
0.09,0.5475,0.4240234888666159
0.09,0.5549999999999999,0.4226518355657511
0.09,0.5625,0.4214519954838871
0.09,0.57,0.4204409408112748
0.09,0.5775,0.41963474140750395
0.09,0.585,0.41904753446437576
0.09,0.5925,0.41869044044206716
0.09,0.6,0.41857058957704235
0.095,0.0,0.351503196079358
0.095,0.0075,0.35304527772231264
0.095,0.015,0.3556567958275231
0.095,0.0225,0.35843734209401534
0.095,0.03,0.3612668640646184
0.095,0.0375,0.3641167866642368
0.095,0.045,0.36697708562531717
0.095,0.0525,0.36984336687259484
0.095,0.06,0.3727134066395696
0.095,0.0675,0.37558596046769954
0.095,0.075,0.3784602781307894
0.095,0.08249999999999999,0.38133588064879376
0.095,0.09,0.38421244794997367
0.095,0.0975,0.38708975805827806
0.095,0.105,0.38996765220722723
0.095,0.11249999999999999,0.38882066473905247
0.095,0.12,0.38785666278781145
0.095,0.1275,0.38708975805827806
0.095,0.135,0.3865322249786133
0.095,0.1425,0.38619362999250195
0.095,0.15,0.3860800669614953
0.095,0.1575,0.38619362999250195
0.095,0.16499999999999998,0.3865322249786133
0.095,0.1725,0.38708975805827806
0.095,0.18,0.38785666278781145
0.095,0.1875,0.38882066473905247
0.095,0.195,0.38996765220722723
0.095,0.20249999999999999,0.3912825285914281
0.095,0.21,0.39274995506354576
0.095,0.2175,0.3943549346272033
0.095,0.22499999999999998,0.3960832265399936
0.095,0.23249999999999998,0.39792160613512456
0.095,0.24,0.3998579984844372
0.095,0.2475,0.40188151788509785
0.095,0.255,0.4039824426313469
0.095,0.2625,0.4061521492092947
0.095,0.27,0.40838302410927024
0.095,0.27749999999999997,0.40809951551752416
0.095,0.285,0.4075932944542714
0.095,0.2925,0.4072865204566974
0.095,0.3,0.40718374402847995
0.095,0.3075,0.4072865204566974
0.095,0.315,0.4075932944542714
0.095,0.3225,0.40809951551752416
0.095,0.32999999999999996,0.408797964607557
0.095,0.33749999999999997,0.40967923963273717
0.095,0.345,0.4107323285575048
0.095,0.3525,0.4119451976819735
0.095,0.36,0.4133053355295581
0.095,0.3675,0.41480021317993954
0.095,0.375,0.4164176430067665
0.095,0.3825,0.41814603497889785
0.095,0.39,0.4156592394730609
0.095,0.39749999999999996,0.4127891997060862
0.095,0.40499999999999997,0.4099229184588085
0.095,0.4125,0.40706261949772815
0.095,0.42,0.4042126968981097
0.095,0.4275,0.4013831749275067
0.095,0.435,0.3986026286610144
0.095,0.4425,0.395991110555804
0.095,0.44999999999999996,0.39444902891284933
0.095,0.45749999999999996,0.395991110555804
0.095,0.46499999999999997,0.3986026286610144
0.095,0.4725,0.40138317492750675
0.095,0.48,0.40421269689810974
0.095,0.4875,0.40706261949772815
0.095,0.495,0.4099229184588085
0.095,0.5025,0.4127891997060862
0.095,0.51,0.41565923947306094
0.095,0.5175,0.4185317933011909
0.095,0.525,0.42140611096428077
0.095,0.5325,0.4242817134822851
0.095,0.54,0.42715828078346507
0.095,0.5475,0.42569398847820494
0.095,0.5549999999999999,0.4243791120940041
0.095,0.5625,0.4232321246258293
0.095,0.57,0.4222681226745883
0.095,0.5775,0.4215012179450549
0.095,0.585,0.42094368486539013
0.095,0.5925,0.4206050898792788
0.095,0.6,0.4204915268482722
0.1,0.0,0.3495822588081281
0.1,0.0075,0.35246366471497287
0.1,0.015,0.35534507062181764
0.1,0.0225,0.35822647652866246
0.1,0.03,0.36110788243550723
0.1,0.0375,0.363989288342352
0.1,0.045,0.36687069424919677
0.1,0.0525,0.36975210015604154
0.1,0.06,0.37263350606288637
0.1,0.0675,0.37551491196973114
0.1,0.075,0.3783963178765759
0.1,0.08249999999999999,0.3812777237834207
0.1,0.09,0.3841591296902655
0.1,0.0975,0.38704053559711027
0.1,0.105,0.38992194150395504
0.1,0.11249999999999999,0.3906134969078979
0.1,0.12,0.38969260660018795
0.1,0.1275,0.3889614728683401
0.1,0.135,0.3884308109046992
0.1,0.1425,0.38810890543095267
0.1,0.15,0.3880010042327252
0.1,0.1575,0.38810890543095267
0.1,0.16499999999999998,0.3884308109046992
0.1,0.1725,0.3889614728683401
0.1,0.18,0.38969260660018795
0.1,0.1875,0.3906134969078979
0.1,0.195,0.39171170219395984
0.1,0.20249999999999999,0.3929737614324899
0.1,0.21,0.3943858300943548
0.1,0.2175,0.39593420051502964
0.1,0.22499999999999998,0.39760569058887446
0.1,0.23249999999999998,0.39938790607829217
0.1,0.24,0.4012693945384044
0.1,0.2475,0.40323971402173286
0.1,0.255,0.4052894396737939
0.1,0.2625,0.4074101283867318
0.1,0.27,0.40695440912471287
0.1,0.27749999999999997,0.40622327539286507
0.1,0.285,0.40569261342922414
0.1,0.2925,0.4053707079554776
0.1,0.3,0.4052628067572501
0.1,0.3075,0.4053707079554776
0.1,0.315,0.40569261342922414
0.1,0.3225,0.40622327539286507
0.1,0.32999999999999996,0.40695440912471287
0.1,0.33749999999999997,0.4078752994324228
0.1,0.345,0.4089735047184847
0.1,0.3525,0.4102355639570148
0.1,0.36,0.4116476326188797
0.1,0.3675,0.41319600303955456
0.1,0.375,0.4148674931133994
0.1,0.3825,0.4166497086028171
0.1,0.39,0.41557933889637766
0.1,0.39749999999999996,0.41269793298953295
0.1,0.40499999999999997,0.4098165270826881
0.1,0.4125,0.40693512117584335
0.1,0.42,0.4040537152689986
0.1,0.4275,0.40117230936215376
0.1,0.435,0.398290903455309
0.1,0.4425,0.3954094975484642
0.1,0.44999999999999996,0.39252809164161945
0.1,0.45749999999999996,0.3954094975484642
0.1,0.46499999999999997,0.39829090345530904
0.1,0.4725,0.4011723093621538
0.1,0.48,0.4040537152689986
0.1,0.4875,0.40693512117584335
0.1,0.495,0.4098165270826882
0.1,0.5025,0.41269793298953295
0.1,0.51,0.4155793388963777
0.1,0.5175,0.4184607448032225
0.1,0.525,0.4213421507100673
0.1,0.5325,0.424223556616912
0.1,0.54,0.42710496252375685
0.1,0.5475,0.42738522131926676
0.1,0.5549999999999999,0.4261231620807367
0.1,0.5625,0.4250249567946747
0.1,0.57,0.4241040664869648
0.1,0.5775,0.42337293275511695
0.1,0.585,0.42284227079147607
0.1,0.5925,0.4225203653177295
0.1,0.6,0.42241246411950206
0.105,0.0,0.3515031960793579
0.105,0.0075,0.35304527772231264
0.105,0.015,0.3556567958275231
0.105,0.0225,0.35843734209401534
0.105,0.03,0.3612668640646184
0.105,0.0375,0.3641167866642368
0.105,0.045,0.36697708562531717
0.105,0.0525,0.36984336687259484
0.105,0.06,0.3727134066395696
0.105,0.0675,0.37558596046769954
0.105,0.075,0.3784602781307894
0.105,0.08249999999999999,0.38133588064879376
0.105,0.09,0.38421244794997367
0.105,0.0975,0.38708975805827806
0.105,0.105,0.38996765220722723
0.105,0.11249999999999999,0.39241743710821225
0.105,0.12,0.3915361620830321
0.105,0.1275,0.3908377129929992
0.105,0.135,0.3903314919297465
0.105,0.1425,0.39002471793217247
0.105,0.15,0.38992194150395504
0.105,0.1575,0.39002471793217247
0.105,0.16499999999999998,0.3903314919297465
0.105,0.1725,0.3908377129929992
0.105,0.18,0.3915361620830321
0.105,0.1875,0.39241743710821225
0.105,0.195,0.3934705260329799
0.105,0.20249999999999999,0.3946833951574486
0.105,0.21,0.3960435330050332
0.105,0.2175,0.39753841065541456
0.105,0.22499999999999998,0.39915584048224156
0.105,0.23249999999999998,0.40088423245437294
0.105,0.24,0.4027127585234517
0.105,0.2475,0.4046314413633668
0.105,0.255,0.4066311851783938
0.105,0.2625,0.4060824672635774
0.105,0.27,0.40511846531233636
0.105,0.27749999999999997,0.40435156058280297
0.105,0.285,0.4037940275031382
0.105,0.2925,0.40345543251702687
0.105,0.3,0.40334186948602024
0.105,0.3075,0.40345543251702687
0.105,0.315,0.4037940275031382
0.105,0.3225,0.40435156058280297
0.105,0.32999999999999996,0.40511846531233636
0.105,0.33749999999999997,0.4060824672635774
0.105,0.345,0.40722945473175215
0.105,0.3525,0.408544331115953
0.105,0.36,0.4100117575880707
0.105,0.3675,0.4116167371517282
0.105,0.375,0.41334502906451853
0.105,0.3825,0.4151834086596495
0.105,0.39,0.4156592394730609
0.105,0.39749999999999996,0.4127891997060862
0.105,0.40499999999999997,0.4099229184588085
0.105,0.4125,0.40706261949772815
0.105,0.42,0.4042126968981097
0.105,0.4275,0.4013831749275067
0.105,0.435,0.3986026286610144
0.105,0.4425,0.395991110555804
0.105,0.44999999999999996,0.3944490289128493
0.105,0.45749999999999996,0.395991110555804
0.105,0.46499999999999997,0.3986026286610144
0.105,0.4725,0.40138317492750675
0.105,0.48,0.40421269689810974
0.105,0.4875,0.40706261949772815
0.105,0.495,0.4099229184588085
0.105,0.5025,0.4127891997060862
0.105,0.51,0.41565923947306094
0.105,0.5175,0.4185317933011909
0.105,0.525,0.42140611096428077
0.105,0.5325,0.4242817134822851
0.105,0.54,0.42715828078346507
0.105,0.5475,0.42909485504422545
0.105,0.5549999999999999,0.42788198591975674
0.105,0.5625,0.4268288969949891
0.105,0.57,0.42594762196980895
0.105,0.5775,0.42524917287977604
0.105,0.585,0.42474295181652333
0.105,0.5925,0.4244361778189493
0.105,0.6,0.4243334013907319
0.11,0.0,0.3534241333505878
0.11,0.0075,0.35438460198620275
0.11,0.015,0.3565082966364972
0.11,0.0225,0.35904177782338464
0.11,0.03,0.36173133284691805
0.11,0.0375,0.36449274169769275
0.11,0.045,0.36729242537990264
0.11,0.0525,0.37011473308669474
0.11,0.06,0.3729514693211086
0.11,0.0675,0.37579795067387906
0.11,0.075,0.3786513145203455
0.11,0.08249999999999999,0.3815097156438988
0.11,0.09,0.38437191244250624
0.11,0.0975,0.38723703938111775
0.11,0.105,0.39010447493706163
0.11,0.11249999999999999,0.3929737614324899
0.11,0.12,0.39338636820439365
0.11,0.1275,0.39271788793301743
0.11,0.135,0.39223398796416586
0.11,0.1425,0.39194099462495813
0.11,0.15,0.3918428787751849
0.11,0.1575,0.39194099462495813
0.11,0.16499999999999998,0.39223398796416586
0.11,0.1725,0.39271788793301743
0.11,0.18,0.39338636820439365
0.11,0.1875,0.39423113897325657
0.11,0.195,0.39524241649510944
0.11,0.20249999999999999,0.39640941439118693
0.11,0.21,0.3977208088486102
0.11,0.2175,0.39916514396016417
0.11,0.22499999999999998,0.4007311590895613
0.11,0.23249999999999998,0.4024080337669491
0.11,0.24,0.4041855554119047
0.11,0.2475,0.4060542208778136
0.11,0.255,0.40550217820349915
0.11,0.2625,0.4043023381216352
0.11,0.27,0.4032912834490229
0.11,0.27749999999999997,0.4024850840452521
0.11,0.285,0.4018978771021238
0.11,0.2925,0.4015407830798152
0.11,0.3,0.4014209322147904
0.11,0.3075,0.4015407830798152
0.11,0.315,0.4018978771021238
0.11,0.3225,0.4024850840452521
0.11,0.32999999999999996,0.4032912834490229
0.11,0.33749999999999997,0.4043023381216352
0.11,0.345,0.40550217820349915
0.11,0.3525,0.40687383150436396
0.11,0.36,0.40840028830286773
0.11,0.3675,0.4100651499353247
0.11,0.375,0.411853060432833
0.11,0.3825,0.41374995115472124
0.11,0.39,0.41574314107859506
0.11,0.39749999999999996,0.4130605659201861
0.11,0.40499999999999997,0.410238258213394
0.11,0.4125,0.4074385745311841
0.11,0.42,0.4046771656804094
0.11,0.4275,0.401987610656876
0.11,0.435,0.39945412946998854
0.11,0.4425,0.39733043481969404
0.11,0.44999999999999996,0.39636996618407916
0.11,0.45749999999999996,0.3973304348196941
0.11,0.46499999999999997,0.3994541294699886
0.11,0.4725,0.401987610656876
0.11,0.48,0.4046771656804094
0.11,0.4875,0.4074385745311841
0.11,0.495,0.410238258213394
0.11,0.5025,0.4130605659201861
0.11,0.51,0.4158973021546
0.11,0.5175,0.4187437835073704
0.11,0.525,0.4215971473538369
0.11,0.5325,0.42445554847739014
0.11,0.54,0.42731774527599764
0.11,0.5475,0.4301828722146091
0.11,0.5549999999999999,0.4296538763818863
0.11,0.5625,0.42864259886003336
0.11,0.57,0.4277978280911705
0.11,0.5775,0.4271293478197943
0.11,0.585,0.4266454478509427
0.11,0.5925,0.426352454511735
0.11,0.6,0.4262543386619618
0.115,0.0,0.35534507062181764
0.115,0.0075,0.35602527828660246
0.115,0.015,0.35773210543245176
0.115,0.0225,0.3599713155506818
0.115,0.03,0.36246829776507683
0.115,0.0375,0.3650991044927381
0.115,0.045,0.36780586986631303
0.115,0.0525,0.3705592104455801
0.115,0.06,0.37334294061652745
0.115,0.0675,0.3761475086657899
0.115,0.075,0.3789669486992942
0.115,0.08249999999999999,0.38179735620049987
0.115,0.09,0.3846360745775989
0.115,0.0975,0.3874812363668961
0.115,0.105,0.3903314919297465
0.115,0.11249999999999999,0.3931858423764542
0.115,0.12,0.39524241649510944
0.115,0.1275,0.39460150469252736
0.115,0.135,0.3941380665103794
0.115,0.1425,0.39385767523756443
0.115,0.15,0.39376381604641475
0.115,0.1575,0.39385767523756443
0.115,0.16499999999999998,0.3941380665103794
0.115,0.1725,0.39460150469252736
0.115,0.18,0.39524241649510944
0.115,0.1875,0.396053459567308
0.115,0.195,0.39702590959514067
0.115,0.20249999999999999,0.39815007222401083
0.115,0.21,0.3994156813275578
0.115,0.2175,0.40081225490416544
0.115,0.22499999999999998,0.40232939143161767
0.115,0.23249999999999998,0.4039570001868234
0.115,0.24,0.4056854672725288
0.115,0.2475,0.4052267722843302
0.115,0.255,0.4037940275031382
0.115,0.2625,0.40253681269760105
0.115,0.27,0.4014742504744986
0.115,0.27749999999999997,0.4006247140794547
0.115,0.285,0.40000458002582184
0.115,0.2925,0.39962686932708813
0.115,0.3,0.39949999494356053
0.115,0.3075,0.39962686932708813
0.115,0.315,0.40000458002582184
0.115,0.3225,0.4006247140794547
0.115,0.32999999999999996,0.4014742504744986
0.115,0.33749999999999997,0.40253681269760105
0.115,0.345,0.4037940275031382
0.115,0.3525,0.4052267722843302
0.115,0.36,0.40681617661318326
0.115,0.3675,0.408544331115953
0.115,0.375,0.4103947214883843
0.115,0.3825,0.4123524396821394
0.115,0.39,0.4144042337461336
0.115,0.39749999999999996,0.41350504327907145
0.115,0.40499999999999997,0.4107517026998044
0.115,0.4125,0.40804493732622943
0.115,0.42,0.4054141305985682
0.115,0.4275,0.4029171483841731
0.115,0.435,0.4006779382659431
0.115,0.4425,0.3989711111200938
0.115,0.44999999999999996,0.398290903455309
0.115,0.45749999999999996,0.3989711111200938
0.115,0.46499999999999997,0.4006779382659431
0.115,0.4725,0.40291714838417314
0.115,0.48,0.4054141305985682
0.115,0.4875,0.4080449373262295
0.115,0.495,0.4107517026998044
0.115,0.5025,0.41350504327907145
0.115,0.51,0.4162887734500188
0.115,0.5175,0.41909334149928124
0.115,0.525,0.4219127815327856
0.115,0.5325,0.4247431890339912
0.115,0.54,0.42758190741109026
0.115,0.5475,0.4304270692003874
0.115,0.5549999999999999,0.4314373694819175
0.115,0.5625,0.4304649194540848
0.115,0.57,0.4296538763818863
0.115,0.5775,0.4290129645793042
0.115,0.585,0.42854952639715627
0.115,0.5925,0.4282691351243413
0.115,0.6,0.4281752759331916
0.12,0.0,0.3572660078930475
0.12,0.0075,0.3577885064280821
0.12,0.015,0.35918694516427735
0.12,0.0225,0.3611478327238488
0.12,0.03,0.36343433446486634
0.12,0.0375,0.3659102256135819
0.12,0.045,0.3685012968386412
0.12,0.0525,0.3711661069358369
0.12,0.06,0.373880406885708
0.12,0.0675,0.37662930116029664
0.12,0.075,0.3794032245872574
0.12,0.08249999999999999,0.3821957912754951
0.12,0.09,0.3850025919516772
0.12,0.0975,0.38782049229243015
0.12,0.105,0.3906472073652613
0.12,0.11249999999999999,0.3934810344174774
0.12,0.12,0.39632067983408914
0.12,0.1275,0.39648814863019627
0.12,0.135,0.3960435330050332
0.12,0.1425,0.39577470949003063
0.12,0.15,0.39568475331764463
0.12,0.1575,0.39577470949003063
0.12,0.16499999999999998,0.3960435330050332
0.12,0.1725,0.39648814863019627
0.12,0.18,0.3971036224249268
0.12,0.1875,0.39788342339036153
0.12,0.195,0.39881974452785185
0.12,0.20249999999999999,0.3999038496017427
0.12,0.21,0.40112641463592297
0.12,0.2175,0.4024778399090102
0.12,0.22499999999999998,0.40394851672606835
0.12,0.23249999999999998,0.40552904155745156
0.12,0.24,0.4052628067572501
0.12,0.2475,0.40360630419132526
0.12,0.255,0.40210778206657444
0.12,0.2625,0.4007881698052584
0.12,0.27,0.39966905181246887
0.12,0.27749999999999997,0.3987715181684237
0.12,0.285,0.39811465454736517
0.12,0.2925,0.3977138280956203
0.12,0.3,0.3975790576723307
0.12,0.3075,0.3977138280956203
0.12,0.315,0.39811465454736517
0.12,0.3225,0.3987715181684237
0.12,0.32999999999999996,0.39966905181246887
0.12,0.33749999999999997,0.4007881698052584
0.12,0.345,0.40210778206657444
0.12,0.3525,0.40360630419132526
0.12,0.36,0.4052628067572501
0.12,0.3675,0.40705777168123936
0.12,0.375,0.40897350471848476
0.12,0.3825,0.41099428783263825
0.12,0.39,0.413106356995536
0.12,0.39749999999999996,0.41411193976932825
0.12,0.40499999999999997,0.41144712967213254
0.12,0.4125,0.4088560584470732
0.12,0.42,0.4063801672983577
0.12,0.4275,0.40409366555734016
0.12,0.435,0.4021327779977687
0.12,0.4425,0.40073433926157337
0.12,0.44999999999999996,0.40021184072653887
0.12,0.45749999999999996,0.4007343392615734
0.12,0.46499999999999997,0.4021327779977687
0.12,0.4725,0.40409366555734016
0.12,0.48,0.4063801672983577
0.12,0.4875,0.40885605844707323
0.12,0.495,0.41144712967213254
0.12,0.5025,0.41411193976932825
0.12,0.51,0.41682623971919935
0.12,0.5175,0.419575133993788
0.12,0.525,0.42234905742074874
0.12,0.5325,0.4251416241089864
0.12,0.54,0.42794842478516854
0.12,0.5475,0.4307663251259215
0.12,0.5549999999999999,0.4332312044146287
0.12,0.5625,0.4322948832771384
0.12,0.57,0.43151508231170366
0.12,0.5775,0.4308996085169731
0.12,0.585,0.43045499289181005
0.12,0.5925,0.4301861693768075
0.12,0.6,0.4300962132044215
0.125,0.0,0.35918694516427735
0.125,0.0075,0.3596098457561431
0.125,0.015,0.3607831516296848
0.125,0.0225,0.36250404274069714
0.125,0.03,0.36458525850818807
0.125,0.0375,0.3668973533790509
0.125,0.045,0.36935951847674753
0.125,0.0525,0.3719221894257464
0.125,0.06,0.3745544433341162
0.125,0.0675,0.37723641762737264
0.125,0.075,0.379954943905103
0.125,0.08249999999999999,0.3827010223720053
0.125,0.09,0.38546832852884283
0.125,0.0975,0.3882523053558115
0.125,0.105,0.3910495953514847
0.125,0.11249999999999999,0.39385767523756443
0.125,0.12,0.39667461487575334
0.125,0.1275,0.39837746861400963
0.125,0.135,0.39795022341281244
0.125,0.1425,0.39769205510784233
0.125,0.15,0.39760569058887446
0.125,0.1575,0.39769205510784233
0.125,0.16499999999999998,0.39795022341281244
0.125,0.1725,0.39837746861400963
0.125,0.18,0.39896940288429433
0.125,0.1875,0.3997201935482029
0.125,0.195,0.4006228309052353
0.125,0.20249999999999999,0.4016694213340327
0.125,0.21,0.4028514806909377
0.125,0.2175,0.4041602076519606
0.125,0.22499999999999998,0.40558672291591147
0.125,0.23249999999999998,0.4056094131303602
0.125,0.24,0.403744061332653
0.125,0.2475,0.4020161027860574
0.125,0.255,0.40044673979732304
0.125,0.2625,0.3990591587250248
0.125,0.27,0.39787775270187303
0.125,0.27749999999999997,0.3969268221766979
0.125,0.285,0.3962287512238191
0.125,0.2925,0.3958018323104061
0.125,0.3,0.3956581204011008
0.125,0.3075,0.3958018323104061
0.125,0.315,0.3962287512238191
0.125,0.3225,0.3969268221766979
0.125,0.32999999999999996,0.39787775270187303
0.125,0.33749999999999997,0.3990591587250248
0.125,0.345,0.40044673979732304
0.125,0.3525,0.4020161027860574
0.125,0.36,0.403744061332653
0.125,0.3675,0.4056094131303602
0.125,0.375,0.4075932944542714
0.125,0.3825,0.40967923963273717
0.125,0.39,0.411853060432833
0.125,0.39749999999999996,0.4141026319839116
0.125,0.40499999999999997,0.4123053513102389
0.125,0.4125,0.40984318621254223
0.125,0.42,0.4075310913416794
0.125,0.4275,0.4054498755741885
0.125,0.435,0.4037289844631761
0.125,0.4425,0.4025556785896344
0.125,0.44999999999999996,0.4021327779977687
0.125,0.45749999999999996,0.4025556785896344
0.125,0.46499999999999997,0.4037289844631761
0.125,0.4725,0.4054498755741885
0.125,0.48,0.4075310913416794
0.125,0.4875,0.40984318621254223
0.125,0.495,0.4123053513102389
0.125,0.5025,0.41486802225923775
0.125,0.51,0.4175002761676076
0.125,0.5175,0.420182250460864
0.125,0.525,0.42290077673859433
0.125,0.5325,0.42564685520549667
0.125,0.54,0.42841416136233423
0.125,0.5475,0.43119813818930286
0.125,0.5549999999999999,0.43399542818497605
0.125,0.5625,0.4341316534349797
0.125,0.57,0.4333808627710712
0.125,0.5775,0.4327889285007865
0.125,0.585,0.4323616832995893
0.125,0.5925,0.4321035149946192
0.125,0.6,0.4320171504756513
0.13,0.0,0.36110788243550723
0.13,0.0075,0.36146259971232775
0.13,0.015,0.36246829776507683
0.13,0.0225,0.363989288342352
0.13,0.03,0.36588195205677543
0.13,0.0375,0.3680322588081281
0.13,0.045,0.37036037229323543
0.13,0.0525,0.3728128959065806
0.13,0.06,0.37535433672202556
0.13,0.0675,0.37796081585389774
0.13,0.075,0.3806159501773481
0.13,0.08249999999999999,0.38330825026872123
0.13,0.09,0.38602948092449796
0.13,0.0975,0.3887736162737735
0.13,0.105,0.3915361620830321
0.13,0.11249999999999999,0.39431370747682204
0.13,0.12,0.3971036224249268
0.13,0.1275,0.39990384960174274
0.13,0.135,0.3998579984844372
0.13,0.1425,0.39960967629094446
0.13,0.15,0.3995266278601043
0.13,0.1575,0.39960967629094446
0.13,0.16499999999999998,0.3998579984844372
0.13,0.1725,0.40026916540144863
0.13,0.18,0.4008392583301446
0.13,0.1875,0.4015630485289471
0.13,0.195,0.40243422187479194
0.13,0.20249999999999999,0.40344562762219316
0.13,0.21,0.4045895310546229
0.13,0.2175,0.4058578529853556
0.13,0.22499999999999998,0.40625839882549947
0.13,0.23249999999999998,0.40420369864352634
0.13,0.24,0.4022643944762021
0.13,0.2475,0.4004604635791755
0.13,0.255,0.398814829230844
0.13,0.2625,0.39735311736524764
0.13,0.27,0.3961029061492209
0.13,0.27749999999999997,0.3950922913657011
0.13,0.285,0.3943476974559004
0.13,0.2925,0.39389110368482155
0.13,0.3,0.393737183129871
0.13,0.3075,0.39389110368482155
0.13,0.315,0.3943476974559004
0.13,0.3225,0.3950922913657011
0.13,0.32999999999999996,0.3961029061492209
0.13,0.33749999999999997,0.39735311736524764
0.13,0.345,0.398814829230844
0.13,0.3525,0.4004604635791755
0.13,0.36,0.4022643944762021
0.13,0.3675,0.40420369864352634
0.13,0.375,0.40625839882549947
0.13,0.3825,0.40841138624056594
0.13,0.39,0.41064817072891857
0.13,0.39749999999999996,0.4129565596384269
0.13,0.40499999999999997,0.4133062051267268
0.13,0.4125,0.4109780916416194
0.13,0.42,0.4088277848902668
0.13,0.4275,0.40693512117584335
0.13,0.435,0.4054141305985682
0.13,0.4425,0.4044084325458191
0.13,0.44999999999999996,0.4040537152689986
0.13,0.45749999999999996,0.40440843254581915
0.13,0.46499999999999997,0.4054141305985682
0.13,0.4725,0.40693512117584335
0.13,0.48,0.40882778489026683
0.13,0.4875,0.41097809164161947
0.13,0.495,0.41330620512672683
0.13,0.5025,0.41575872874007197
0.13,0.51,0.4183001695555169
0.13,0.5175,0.42090664868738903
0.13,0.525,0.42356178301083947
0.13,0.5325,0.4262540831022126
0.13,0.54,0.4289753137579893
0.13,0.5475,0.43171944910726484
0.13,0.5549999999999999,0.43448199491652345
0.13,0.5625,0.43597450841572394
0.13,0.57,0.43525071821692146
0.13,0.5775,0.4346806252882255
0.13,0.585,0.43426945837121406
0.13,0.5925,0.4340211361777213
0.13,0.6,0.43393808774688114
0.135,0.0,0.36302881970673706
0.135,0.0075,0.36333407686975183
0.135,0.015,0.364211681216412
0.135,0.0225,0.3655676427572236
0.135,0.03,0.36729242537990264
0.135,0.0375,0.3692894275545513
0.135,0.045,0.3714843135062609
0.135,0.0525,0.37382339120742003
0.135,0.06,0.3762687722559354
0.135,0.0675,0.37879377194935376
0.135,0.075,0.38137942849349477
0.135,0.08249999999999999,0.38401207873214166
0.135,0.09,0.3866817197206535
0.135,0.0975,0.389380908282702
0.135,0.105,0.39210401794389294
0.135,0.11249999999999999,0.3948467316317455
0.135,0.12,0.39760569058887446
0.135,0.1275,0.40037824782300996
0.135,0.135,0.40106107572501926
0.135,0.1425,0.40057044580216555
0.135,0.15,0.4004047604899991
0.135,0.1575,0.40057044580216555
0.135,0.16499999999999998,0.40106107572501926
0.135,0.1725,0.40185855749734295
0.135,0.18,0.4027127585234517
0.135,0.1875,0.40341136338920025
0.135,0.195,0.4042530919826829
0.135,0.20249999999999999,0.4052314501769162
0.135,0.21,0.4063393728996673
0.135,0.2175,0.40719517655887694
0.135,0.22499999999999998,0.40497357745861506
0.135,0.23249999999999998,0.40284562379874606
0.135,0.24,0.4008289108983051
0.135,0.2475,0.39894441179802953
0.135,0.255,0.3972167464296279
0.135,0.2625,0.39567412376754896
0.135,0.27,0.3943476974559004
0.135,0.27749999999999997,0.39327004286598494
0.135,0.285,0.39247256109366124
0.135,0.2925,0.39198193117080754
0.135,0.3,0.3918162458586411
0.135,0.3075,0.39198193117080754
0.135,0.315,0.39247256109366124
0.135,0.3225,0.39327004286598494
0.135,0.32999999999999996,0.3943476974559004
0.135,0.33749999999999997,0.39567412376754896
0.135,0.345,0.3972167464296279
0.135,0.3525,0.39894441179802953
0.135,0.36,0.4008289108983051
0.135,0.3675,0.40284562379874606
0.135,0.375,0.40497357745861506
0.135,0.3825,0.40719517655887694
0.135,0.39,0.4094957904886908
0.135,0.39749999999999996,0.4118633072170523
0.135,0.40499999999999997,0.4142877121196656
0.135,0.4125,0.41223526038804265
0.135,0.42,0.410238258213394
0.135,0.4275,0.40851347559071494
0.135,0.435,0.40715751404990336
0.135,0.4425,0.4062799097032431
0.135,0.44999999999999996,0.4059746525402284
0.135,0.45749999999999996,0.4062799097032432
0.135,0.46499999999999997,0.40715751404990336
0.135,0.4725,0.40851347559071494
0.135,0.48,0.410238258213394
0.135,0.4875,0.41223526038804265
0.135,0.495,0.4144301463397522
0.135,0.5025,0.4167692240409114
0.135,0.51,0.41921460508942676
0.135,0.5175,0.4217396047828451
0.135,0.525,0.4243252613269861
0.135,0.5325,0.426957911565633
0.135,0.54,0.42962755255414486
0.135,0.5475,0.43232674111619335
0.135,0.5549999999999999,0.4350498507773843
0.135,0.5625,0.4377925644652369
0.135,0.57,0.4371242184102285
0.135,0.5775,0.43657444234911114
0.135,0.585,0.43617819914647216
0.135,0.5925,0.43593900240767336
0.135,0.6,0.435859025018111
0.14,0.0,0.36494975697796694
0.14,0.0075,0.3652175554154842
0.14,0.015,0.365994754048036
0.14,0.0225,0.36721411917508884
0.14,0.03,0.36879163152042665
0.14,0.0375,0.37064698050104394
0.14,0.045,0.3727134066395696
0.14,0.0525,0.3749393584056767
0.14,0.06,0.3772864101216046
0.14,0.0675,0.37972628806766806
0.14,0.075,0.3822381924190356
0.14,0.08249999999999999,0.384806717640025
0.14,0.09,0.3874203348691542
0.14,0.0975,0.390070312601809
0.14,0.105,0.39274995506354576
0.14,0.11249999999999999,0.3954540638739853
0.14,0.12,0.3981785549632879
0.14,0.1275,0.4000513188238729
0.14,0.135,0.3991932577724104
0.14,0.1425,0.39866321306246355
0.14,0.15,0.3984838232187693
0.14,0.1575,0.39866321306246355
0.14,0.16499999999999998,0.3991932577724104
0.14,0.1725,0.4000513188238729
0.14,0.18,0.4012046538779085
0.14,0.1875,0.40261570492298115
0.14,0.195,0.40424663503245883
0.14,0.20249999999999999,0.406062340899446
0.14,0.21,0.40803196246130574
0.14,0.2175,0.4060354187982984
0.14,0.22499999999999998,0.403744061332653
0.14,0.23249999999999998,0.4015407830798152
0.14,0.24,0.39944344782994773
0.14,0.2475,0.39747382626808797
0.14,0.255,0.3956581204011008
0.14,0.2625,0.39402719029162314
0.14,0.27,0.3926161392465504
0.14,0.27749999999999997,0.3914628041925149
0.14,0.285,0.39060474314105237
0.14,0.2925,0.39007469843110554
0.14,0.3,0.3898953085874113
0.14,0.3075,0.39007469843110554
0.14,0.315,0.39060474314105237
0.14,0.3225,0.3914628041925149
0.14,0.32999999999999996,0.3926161392465504
0.14,0.33749999999999997,0.39402719029162314
0.14,0.345,0.3956581204011008
0.14,0.3525,0.39747382626808797
0.14,0.36,0.39944344782994773
0.14,0.3675,0.4015407830798152
0.14,0.375,0.403744061332653
0.14,0.3825,0.4060354187982984
0.14,0.39,0.40840028830286773
0.14,0.39749999999999996,0.4108268136339813
0.14,0.40499999999999997,0.4133053355295581
0.14,0.4125,0.4135928133345353
0.14,0.42,0.411737464353918
0.14,0.4275,0.41015995200858013
0.14,0.435,0.40894058688152735
0.14,0.4425,0.4081633882489755
0.14,0.44999999999999996,0.4078955898114583
0.14,0.45749999999999996,0.4081633882489755
0.14,0.46499999999999997,0.40894058688152735
0.14,0.4725,0.4101599520085802
0.14,0.48,0.411737464353918
0.14,0.4875,0.4135928133345353
0.14,0.495,0.41565923947306094
0.14,0.5025,0.41788519123916806
0.14,0.51,0.4202322429550959
0.14,0.5175,0.4226721209011594
0.14,0.525,0.425184025252527
0.14,0.5325,0.42775255047351635
0.14,0.54,0.43036616770264563
0.14,0.5475,0.43301614543530037
0.14,0.5549999999999999,0.4356957878970371
0.14,0.5625,0.43839989670747664
0.14,0.57,0.43900099094139977
0.14,0.5775,0.43847015855655525
0.14,0.585,0.4380878033992421
0.14,0.5925,0.43785708750897
0.14,0.6,0.4377799622893409
0.145,0.0,0.36687069424919677
0.145,0.0075,0.3671091666928635
0.145,0.015,0.36780586986631303
0.145,0.0225,0.3689113172435512
0.145,0.03,0.37036037229323543
0.145,0.0375,0.3720867583582181
0.145,0.045,0.3740317986810991
0.145,0.0525,0.3761475086657899
0.145,0.06,0.3783963178765759
0.145,0.0675,0.3807494290357891
0.145,0.075,0.3831849372727981
0.145,0.08249999999999999,0.38568617133848965
0.145,0.09,0.38824037567897424
0.145,0.0975,0.3908377129929992
0.145,0.105,0.3934705260329799
0.145,0.11249999999999999,0.3961327958619581
0.145,0.12,0.39881974452785185
0.145,0.1275,0.39826265480750167
0.145,0.135,0.3973346306621438
0.145,0.1425,0.3967584405420299
0.145,0.15,0.3965628859475394
0.145,0.1575,0.3967584405420299
0.145,0.16499999999999998,0.3973346306621438
0.145,0.1725,0.39826265480750167
0.145,0.18,0.39950185098425206
0.145,0.1875,0.40100702610472766
0.145,0.195,0.40273422426589933
0.145,0.20249999999999999,0.4046440891052367
0.145,0.21,0.4067031691787232
0.145,0.2175,0.40493726938868313
0.145,0.22499999999999998,0.4025755600417752
0.145,0.23249999999999998,0.40029540659708146
0.145,0.24,0.39811465454736517
0.145,0.2475,0.3960555744738787
0.145,0.255,0.3941457096345413
0.145,0.2625,0.39241851147336965
0.145,0.27,0.39091333635289405
0.145,0.27749999999999997,0.3896741401761437
0.145,0.285,0.3887461160307858
0.145,0.2925,0.3881699259106719
0.145,0.3,0.3879743713161814
0.145,0.3075,0.3881699259106719
0.145,0.315,0.3887461160307858
0.145,0.3225,0.3896741401761437
0.145,0.32999999999999996,0.39091333635289405
0.145,0.33749999999999997,0.39241851147336965
0.145,0.345,0.3941457096345413
0.145,0.3525,0.3960555744738787
0.145,0.36,0.39811465454736517
0.145,0.3675,0.40029540659708146
0.145,0.375,0.4025755600417752
0.145,0.3825,0.4049372693886832
0.145,0.39,0.40736627746158655
0.145,0.39749999999999996,0.40985118283595756
0.145,0.40499999999999997,0.41238283601972603
0.145,0.4125,0.41495385763236725
0.145,0.42,0.4133062051267268
0.145,0.4275,0.4118571500770425
0.145,0.435,0.4107517026998044
0.145,0.4425,0.4100549995263548
0.145,0.44999999999999996,0.4098165270826881
0.145,0.45749999999999996,0.4100549995263548
0.145,0.46499999999999997,0.4107517026998044
0.145,0.4725,0.41185715007704254
0.145,0.48,0.4133062051267268
0.145,0.4875,0.41503259119170943
0.145,0.495,0.4169776315145905
0.145,0.5025,0.41909334149928124
0.145,0.51,0.4213421507100673
0.145,0.5175,0.42369526186928047
0.145,0.525,0.4261307701062895
0.145,0.5325,0.42863200417198105
0.145,0.54,0.43118620851246564
0.145,0.5475,0.4337835458264906
0.145,0.5549999999999999,0.43641635886647123
0.145,0.5625,0.43907862869544945
0.145,0.57,0.44088071193589107
0.145,0.5775,0.4403675823198154
0.145,0.585,0.4399981828026883
0.145,0.5925,0.4397753689035533
0.145,0.6,0.43970089956057073
0.15,0.0,0.36879163152042665
0.15,0.0075,0.36900653485641366
0.15,0.015,0.369637432704158
0.15,0.0225,0.37064698050104394
0.15,0.03,0.37198404445124145
0.15,0.0375,0.37359397469850125
0.15,0.045,0.37542582667326624
0.15,0.0525,0.37743584924096096
0.15,0.06,0.37958825820824804
0.15,0.0675,0.3818545766672469
0.15,0.075,0.38421244794997367
0.15,0.08249999999999999,0.38664440256695565
0.15,0.09,0.3891367781453669
0.15,0.0975,0.3916788441803409
0.15,0.105,0.3942621200433647
0.15,0.11249999999999999,0.39687985388441077
0.15,0.12,0.3978343616071244
0.15,0.1275,0.3964972976569269
0.15,0.135,0.395487749860041
0.15,0.1425,0.3948568520122966
0.15,0.15,0.3946419486763096
0.15,0.1575,0.3948568520122966
0.15,0.16499999999999998,0.395487749860041
0.15,0.1725,0.3964972976569269
0.15,0.18,0.3978343616071244
0.15,0.1875,0.39944429185438424
0.15,0.195,0.40127614382914917
0.15,0.20249999999999999,0.4032861663968439
0.15,0.21,0.40543857536413097
0.15,0.2175,0.40390620509148056
0.15,0.22499999999999998,0.4014742504744986
0.15,0.23249999999999998,0.39911637919177184
0.15,0.24,0.39685006073277296
0.15,0.2475,0.3946976517654859
0.15,0.255,0.39268762919779115
0.15,0.2625,0.3908557772230262
0.15,0.27,0.38924584697576636
0.15,0.27749999999999997,0.38790878302556886
0.15,0.285,0.38689923522868297
0.15,0.2925,0.3862683373809386
0.15,0.3,0.38605343404495157
0.15,0.3075,0.3862683373809386
0.15,0.315,0.38689923522868297
0.15,0.3225,0.38790878302556886
0.15,0.32999999999999996,0.38924584697576636
0.15,0.33749999999999997,0.3908557772230262
0.15,0.345,0.39268762919779115
0.15,0.3525,0.3946976517654859
0.15,0.36,0.39685006073277296
0.15,0.3675,0.39911637919177184
0.15,0.375,0.4014742504744986
0.15,0.3825,0.40390620509148056
0.15,0.39,0.4063985806698919
0.15,0.39749999999999996,0.4089406467048658
0.15,0.40499999999999997,0.4115239225678896
0.15,0.4125,0.4141416564089357
0.15,0.42,0.4149298772847328
0.15,0.4275,0.4135928133345353
0.15,0.435,0.41258326553764935
0.15,0.4425,0.411952367689905
0.15,0.44999999999999996,0.411737464353918
0.15,0.45749999999999996,0.411952367689905
0.15,0.46499999999999997,0.41258326553764935
0.15,0.4725,0.4135928133345353
0.15,0.48,0.4149298772847328
0.15,0.4875,0.41653980753199266
0.15,0.495,0.4183716595067576
0.15,0.5025,0.4203816820744523
0.15,0.51,0.42253409104173945
0.15,0.5175,0.4248004095007383
0.15,0.525,0.42715828078346507
0.15,0.5325,0.429590235400447
0.15,0.54,0.4320826109788583
0.15,0.5475,0.43462467701383223
0.15,0.5549999999999999,0.43720795287685604
0.15,0.5625,0.4398256867179021
0.15,0.57,0.4424724606935957
0.15,0.5775,0.44226654683976163
0.15,0.585,0.44190926065041114
0.15,0.5925,0.4416938270136941
0.15,0.6,0.44162183683180056
0.155,0.0,0.3707125687916565
0.155,0.0075,0.370908123386147
0.155,0.015,0.3714843135062609
0.155,0.0225,0.37241233765161874
0.155,0.03,0.37365153382836913
0.155,0.0375,0.37515670894884473
0.155,0.045,0.3768839071100164
0.155,0.0525,0.37879377194935376
0.155,0.06,0.38085285202284025
0.155,0.0675,0.38303360407255654
0.155,0.075,0.3853137575172503
0.155,0.08249999999999999,0.3876754668641582
0.155,0.09,0.39010447493706163
0.155,0.0975,0.39258938031143265
0.155,0.105,0.3951210334952011
0.155,0.11249999999999999,0.39769205510784233
0.155,0.12,0.39621068944911836
0.155,0.1275,0.3947616343994341
0.155,0.135,0.39365618702219596
0.155,0.1425,0.39295948384874646
0.155,0.15,0.3927210114050797
0.155,0.1575,0.39295948384874646
0.155,0.16499999999999998,0.39365618702219596
0.155,0.1725,0.3947616343994341
0.155,0.18,0.39621068944911836
0.155,0.1875,0.397937075514101
0.155,0.195,0.3998821158369821
0.155,0.20249999999999999,0.4019978258216728
0.155,0.21,0.40424663503245883
0.155,0.2175,0.4029479738630146
0.155,0.22499999999999998,0.40044673979732304
0.155,0.23249999999999998,0.39801123156031404
0.155,0.24,0.3956581204011008
0.155,0.2475,0.3934093111903148
0.155,0.255,0.39129360120562406
0.155,0.2625,0.389348560882743
0.155,0.27,0.38762217481776035
0.155,0.27749999999999997,0.3861731197680761
0.155,0.285,0.38506767239083795
0.155,0.2925,0.38437096921738845
0.155,0.3,0.3841324967737217
0.155,0.3075,0.38437096921738845
0.155,0.315,0.38506767239083795
0.155,0.3225,0.3861731197680761
0.155,0.32999999999999996,0.38762217481776035
0.155,0.33749999999999997,0.389348560882743
0.155,0.345,0.39129360120562406
0.155,0.3525,0.3934093111903148
0.155,0.36,0.3956581204011008
0.155,0.3675,0.39801123156031404
0.155,0.375,0.40044673979732304
0.155,0.3825,0.4029479738630146
0.155,0.39,0.40550217820349915
0.155,0.39749999999999996,0.4080995155175241
0.155,0.40499999999999997,0.4107323285575048
0.155,0.4125,0.413394598386483
0.155,0.42,0.41608154705237677
0.155,0.4275,0.4153581704851101
0.155,0.435,0.4144301463397522
0.155,0.4425,0.41385395621963833
0.155,0.44999999999999996,0.41365840162514783
0.155,0.45749999999999996,0.41385395621963833
0.155,0.46499999999999997,0.4144301463397522
0.155,0.4725,0.4153581704851101
0.155,0.48,0.4165973666618605
0.155,0.4875,0.4181025417823361
0.155,0.495,0.41982973994350775
0.155,0.5025,0.4217396047828451
0.155,0.51,0.4237986848563316
0.155,0.5175,0.4259794369060479
0.155,0.525,0.4282595903507416
0.155,0.5325,0.4306212996976496
0.155,0.54,0.433050307770553
0.155,0.5475,0.435535213144924
0.155,0.5549999999999999,0.4380668663286924
0.155,0.5625,0.44063788794133374
0.155,0.57,0.4432422908367167
0.155,0.5775,0.4441669062455076
0.155,0.585,0.44382097001067244
0.155,0.5925,0.44361244477991957
0.155,0.6,0.44354277410303045
0.16,0.0,0.37263350606288637
0.16,0.0075,0.3728128959065806
0.16,0.015,0.37334294061652745
0.16,0.0225,0.37420100166799
0.16,0.03,0.37535433672202556
0.16,0.0375,0.3767653877670982
0.16,0.045,0.3783963178765759
0.16,0.0525,0.38021202374356305
0.16,0.06,0.3821816453054228
0.16,0.0675,0.3842789805552903
0.16,0.075,0.3864822588081281
0.16,0.08249999999999999,0.3887736162737735
0.16,0.09,0.3911384857783428
0.16,0.0975,0.3935650111094564
0.16,0.105,0.3960435330050332
0.16,0.11249999999999999,0.3964972976569269
0.16,0.12,0.3946419486763096
0.16,0.1275,0.39306443633097177
0.16,0.135,0.3918450712039189
0.16,0.1425,0.3910678725713671
0.16,0.15,0.3908000741338499
0.16,0.1575,0.3910678725713671
0.16,0.16499999999999998,0.3918450712039189
0.16,0.1725,0.39306443633097177
0.16,0.18,0.3946419486763096
0.16,0.1875,0.3964972976569269
0.16,0.195,0.3985637237954525
0.16,0.20249999999999999,0.40078967556155964
0.16,0.21,0.4031367272774875
0.16,0.2175,0.4020685201645499
0.16,0.22499999999999998,0.39949999494356053
0.16,0.23249999999999998,0.396988090592193
0.16,0.24,0.3945482126461295
0.16,0.2475,0.39220116093020163
0.16,0.255,0.3899752091640945
0.16,0.2625,0.38790878302556886
0.16,0.27,0.38605343404495157
0.16,0.27749999999999997,0.38447592169961375
0.16,0.285,0.3832565565725609
0.16,0.2925,0.3824793579400091
0.16,0.3,0.38221155950249186
0.16,0.3075,0.3824793579400091
0.16,0.315,0.3832565565725609
0.16,0.3225,0.38447592169961375
0.16,0.32999999999999996,0.38605343404495157
0.16,0.33749999999999997,0.38790878302556886
0.16,0.345,0.3899752091640945
0.16,0.3525,0.39220116093020163
0.16,0.36,0.3945482126461295
0.16,0.3675,0.396988090592193
0.16,0.375,0.39949999494356053
0.16,0.3825,0.4020685201645499
0.16,0.39,0.4046821373936792
0.16,0.39749999999999996,0.40733211512633394
0.16,0.40499999999999997,0.4100117575880707
0.16,0.4125,0.4127158663985102
0.16,0.42,0.41544035748781283
0.16,0.4275,0.4171468345014813
0.16,0.435,0.4162887734500188
0.16,0.4425,0.41575872874007197
0.16,0.44999999999999996,0.4155793388963777
0.16,0.45749999999999996,0.415758728740072
0.16,0.46499999999999997,0.4162887734500188
0.16,0.4725,0.4171468345014813
0.16,0.48,0.41830016955551685
0.16,0.4875,0.4197112206005896
0.16,0.495,0.42134215071006725
0.16,0.5025,0.4231578565770544
0.16,0.51,0.42512747813891416
0.16,0.5175,0.42722481338878165
0.16,0.525,0.4294280916416195
0.16,0.5325,0.43171944910726484
0.16,0.54,0.43408431861183416
0.16,0.5475,0.43651084394294776
0.16,0.5549999999999999,0.43898936583852455
0.16,0.5625,0.44151199205798075
0.16,0.57,0.4440722474694143
0.16,0.5775,0.44606853242801253
0.16,0.585,0.44573325222083954
0.16,0.5925,0.44553120726894413
0.16,0.6,0.4454637113742603
0.165,0.0,0.3745544433341162
0.165,0.0075,0.3747201286462826
0.165,0.015,0.3752107585691363
0.165,0.0225,0.37600824034146
0.165,0.03,0.3770858949313755
0.165,0.0375,0.3784123212430241
0.165,0.045,0.379954943905103
0.165,0.0525,0.3816826092735046
0.165,0.06,0.38356710837378016
0.165,0.0675,0.38558382127422114
0.165,0.075,0.38771177493409015
0.165,0.08249999999999999,0.389933374034352
0.165,0.09,0.39223398796416586
0.165,0.0975,0.39460150469252736
0.165,0.105,0.39702590959514067
0.165,0.11249999999999999,0.3951397447104342
0.165,0.12,0.39314274253578557
0.165,0.1275,0.3914179599131065
0.165,0.135,0.39006199837229494
0.165,0.1425,0.38918439402563476
0.165,0.15,0.38887913686262
0.165,0.1575,0.38918439402563476
0.165,0.16499999999999998,0.39006199837229494
0.165,0.1725,0.3914179599131065
0.165,0.18,0.39314274253578557
0.165,0.1875,0.3951397447104342
0.165,0.195,0.3973346306621438
0.165,0.20249999999999999,0.39967370836330296
0.165,0.21,0.40211908941181834
0.165,0.2175,0.4012738812566666
0.165,0.22499999999999998,0.3986412310180197
0.165,0.23249999999999998,0.3960555744738787
0.165,0.24,0.39353057478046033
0.165,0.2475,0.39108519373194495
0.165,0.255,0.3887461160307858
0.165,0.2625,0.3865512300790762
0.165,0.27,0.38455422790442756
0.165,0.27749999999999997,0.3828294452817485
0.165,0.285,0.3814734837409369
0.165,0.2925,0.38059587939427675
0.165,0.3,0.380290622231262
0.165,0.3075,0.38059587939427675
0.165,0.315,0.3814734837409369
0.165,0.3225,0.3828294452817485
0.165,0.32999999999999996,0.38455422790442756
0.165,0.33749999999999997,0.3865512300790762
0.165,0.345,0.3887461160307858
0.165,0.3525,0.39108519373194495
0.165,0.36,0.39353057478046033
0.165,0.3675,0.3960555744738787
0.165,0.375,0.3986412310180197
0.165,0.3825,0.4012738812566666
0.165,0.39,0.40394352224517843
0.165,0.39749999999999996,0.4066427108072269
0.165,0.40499999999999997,0.40936582046841785
0.165,0.4125,0.4121085341562704
0.165,0.42,0.4148674931133994
0.165,0.4275,0.4176400503475349
0.165,0.435,0.4181565914026277
0.165,0.4425,0.417665961479774
0.165,0.44999999999999996,0.41750027616760754
0.165,0.45749999999999996,0.417665961479774
0.165,0.46499999999999997,0.4181565914026277
0.165,0.4725,0.41895407317495137
0.165,0.48,0.42003172776486686
0.165,0.4875,0.42135815407651545
0.165,0.495,0.42290077673859433
0.165,0.5025,0.424628442106996
0.165,0.51,0.4265129412072715
0.165,0.5175,0.4285296541077125
0.165,0.525,0.4306576077675815
0.165,0.5325,0.43287920686784337
0.165,0.54,0.4351798207976572
0.165,0.5475,0.4375473375260187
0.165,0.5549999999999999,0.439971742428632
0.165,0.5625,0.44244474717862436
0.165,0.57,0.4449594753731213
0.165,0.5775,0.447510202368655
0.165,0.585,0.44764605565121784
0.165,0.5925,0.44745010135260144
0.165,0.6,0.44738464864549016
0.17,0.0,0.3764753806053461
0.17,0.0075,0.37662930116029664
0.17,0.015,0.3770858949313755
0.17,0.0225,0.3778304888411762
0.17,0.03,0.378841103624696
0.17,0.0375,0.3800913148407227
0.17,0.045,0.3815530267063191
0.17,0.0525,0.38319866105465056
0.17,0.06,0.3850025919516772
0.17,0.0675,0.3869418961190014
0.17,0.075,0.3889965963009745
0.17,0.08249999999999999,0.391149583716041
0.17,0.09,0.39338636820439365
0.17,0.0975,0.395694757113902
0.17,0.105,0.39621068944911836
0.17,0.11249999999999999,0.39388257596401105
0.17,0.12,0.39173226921265836
0.17,0.1275,0.38983960549823493
0.17,0.135,0.38831861492095976
0.17,0.1425,0.3873129168682107
0.17,0.15,0.38695819959139016
0.17,0.1575,0.3873129168682107
0.17,0.16499999999999998,0.38831861492095976
0.17,0.1725,0.38983960549823493
0.17,0.18,0.39173226921265836
0.17,0.1875,0.39388257596401105
0.17,0.195,0.39621068944911836
0.17,0.20249999999999999,0.39866321306246355
0.17,0.21,0.4012046538779085
0.17,0.2175,0.40057005279324615
0.17,0.22499999999999998,0.39787775270187303
0.17,0.23249999999999998,0.39522261837842265
0.17,0.24,0.3926161392465505
0.17,0.2475,0.39007469843110554
0.17,0.255,0.38762217481776035
0.17,0.2625,0.385294061332653
0.17,0.27,0.38314375458130034
0.17,0.27749999999999997,0.3812510908668769
0.17,0.285,0.37973010028960175
0.17,0.2925,0.37872440223685266
0.17,0.3,0.37836968496003215
0.17,0.3075,0.37872440223685266
0.17,0.315,0.37973010028960175
0.17,0.3225,0.3812510908668769
0.17,0.32999999999999996,0.38314375458130034
0.17,0.33749999999999997,0.385294061332653
0.17,0.345,0.38762217481776035
0.17,0.3525,0.39007469843110554
0.17,0.36,0.3926161392465505
0.17,0.3675,0.39522261837842265
0.17,0.375,0.39787775270187303
0.17,0.3825,0.40057005279324615
0.17,0.39,0.4032912834490229
0.17,0.39749999999999996,0.4060354187982984
0.17,0.40499999999999997,0.408797964607557
0.17,0.4125,0.41157551000134696
0.17,0.42,0.4143654249494517
0.17,0.4275,0.41716565212626766
0.17,0.435,0.4199745610479766
0.17,0.4425,0.419575133993788
0.17,0.44999999999999996,0.4194212134388374
0.17,0.45749999999999996,0.419575133993788
0.17,0.46499999999999997,0.42003172776486686
0.17,0.4725,0.42077632167466755
0.17,0.48,0.4217869364581873
0.17,0.4875,0.4230371476742141
0.17,0.495,0.4244988595398105
0.17,0.5025,0.4261444938881419
0.17,0.51,0.42794842478516854
0.17,0.5175,0.4298877289524928
0.17,0.525,0.4319424291344659
0.17,0.5325,0.4340954165495324
0.17,0.54,0.436332201037885
0.17,0.5475,0.43864058994739336
0.17,0.5549999999999999,0.44101035644020325
0.17,0.5625,0.44343292932921063
0.17,0.57,0.445901118537234
0.17,0.5775,0.44840887993240863
0.17,0.585,0.4495593346837752
0.17,0.5925,0.44936911544322306
0.17,0.6,0.44930558591672
0.17500000000000002,0.0,0.3783963178765759
0.17500000000000002,0.0075,0.3785400297858812
0.17500000000000002,0.015,0.3789669486992942
0.17500000000000002,0.0225,0.379665019652173
0.17500000000000002,0.03,0.3806159501773481
0.17500000000000002,0.0375,0.38179735620049987
0.17500000000000002,0.045,0.3831849372727981
0.17500000000000002,0.0525,0.3847543002615325
0.17500000000000002,0.06,0.3864822588081281
0.17500000000000002,0.0675,0.3883476106058353
0.17500000000000002,0.075,0.3903314919297465
0.17500000000000002,0.08249999999999999,0.39241743710821225
0.17500000000000002,0.09,0.39459125790830807
0.17500000000000002,0.0975,0.3968408294593867
0.17500000000000002,0.105,0.39520983563263046
0.17500000000000002,0.11249999999999999,0.3927476705349338
0.17500000000000002,0.12,0.390435575664071
0.17500000000000002,0.1275,0.38835435989658007
0.17500000000000002,0.135,0.3866334687855677
0.17500000000000002,0.1425,0.385460162912026
0.17500000000000002,0.15,0.3850372623201603
0.17500000000000002,0.1575,0.385460162912026
0.17500000000000002,0.16499999999999998,0.3866334687855677
0.17500000000000002,0.1725,0.38835435989658007
0.17500000000000002,0.18,0.390435575664071
0.17500000000000002,0.1875,0.3927476705349338
0.17500000000000002,0.195,0.39520983563263046
0.17500000000000002,0.20249999999999999,0.3977725065816293
0.17500000000000002,0.21,0.4004047604899991
0.17500000000000002,0.2175,0.39996282489653023
0.17500000000000002,0.22499999999999998,0.3972167464296279
0.17500000000000002,0.23249999999999998,0.39449822015189756
0.17500000000000002,0.24,0.3918162458586411
0.17500000000000002,0.2475,0.3891839919502713
0.17500000000000002,0.255,0.38662132100127244
0.17500000000000002,0.2625,0.3841591559035758
0.17500000000000002,0.27,0.381847061032713
0.17500000000000002,0.27749999999999997,0.37976584526522206
0.17500000000000002,0.285,0.3780449541542097
0.17500000000000002,0.2925,0.376871648280668
0.17500000000000002,0.3,0.37644874768880227
0.17500000000000002,0.3075,0.376871648280668
0.17500000000000002,0.315,0.3780449541542097
0.17500000000000002,0.3225,0.37976584526522206
0.17500000000000002,0.32999999999999996,0.381847061032713
0.17500000000000002,0.33749999999999997,0.3841591559035758
0.17500000000000002,0.345,0.38662132100127244
0.17500000000000002,0.3525,0.3891839919502713
0.17500000000000002,0.36,0.3918162458586411
0.17500000000000002,0.3675,0.39449822015189756
0.17500000000000002,0.375,0.3972167464296279
0.17500000000000002,0.3825,0.39996282489653023
0.17500000000000002,0.39,0.40273013105336775
0.17500000000000002,0.39749999999999996,0.40551410788033637
0.17500000000000002,0.40499999999999997,0.4083113978760096
0.17500000000000002,0.4125,0.41111947776208935
0.17500000000000002,0.42,0.41393641740027826
0.17500000000000002,0.4275,0.4167607168696579
0.17500000000000002,0.435,0.4195911939561426
0.17500000000000002,0.4425,0.42148586261937254
0.17500000000000002,0.44999999999999996,0.42134215071006725
0.17500000000000002,0.45749999999999996,0.42148586261937254
0.17500000000000002,0.46499999999999997,0.42191278153278555
0.17500000000000002,0.4725,0.4226108524856643
0.17500000000000002,0.48,0.42356178301083947
0.17500000000000002,0.4875,0.4247431890339913
0.17500000000000002,0.495,0.4261307701062895
0.17500000000000002,0.5025,0.42770013309502386
0.17500000000000002,0.51,0.42942809164161944
0.17500000000000002,0.5175,0.43129344343932663
0.17500000000000002,0.525,0.4332773247632378
0.17500000000000002,0.5325,0.4353632699417036
0.17500000000000002,0.54,0.4375370907417994
0.17500000000000002,0.5475,0.43978666229287805
0.17500000000000002,0.5549999999999999,0.4421016733157329
0.17500000000000002,0.5625,0.44447337535438786
0.17500000000000002,0.57,0.4468943495595597
0.17500000000000002,0.5775,0.4493582992780517
0.17500000000000002,0.585,0.4502124332148336
0.17500000000000002,0.5925,0.4490391273412919
0.17500000000000002,0.6,0.4486162267494262
0.18,0.0,0.3788255287156738
0.18,0.0075,0.3793480272507084
0.18,0.015,0.38074646598690365
0.18,0.0225,0.3815097156438988
0.18,0.03,0.3824072492879439
0.18,0.0375,0.38352636728073347
0.18,0.045,0.3848459795420495
0.18,0.0525,0.38634450166680034
0.18,0.06,0.3880010042327252
0.18,0.0675,0.38979596915671444
0.18,0.075,0.3917117021939598
0.18,0.08249999999999999,0.39373248530811333
0.18,0.09,0.3958445544710111
0.18,0.0975,0.39701642409171983
0.18,0.105,0.3943516139945241
0.18,0.11249999999999999,0.3917605427694648
0.18,0.12,0.38928465162074927
0.18,0.1275,0.38699814987973175
0.18,0.135,0.3850372623201603
0.18,0.1425,0.383638823583965
0.18,0.15,0.38311632504893045
0.18,0.1575,0.383638823583965
0.18,0.16499999999999998,0.3850372623201603
0.18,0.1725,0.38699814987973175
0.18,0.18,0.38928465162074927
0.18,0.1875,0.3917605427694648
0.18,0.195,0.3943516139945241
0.18,0.20249999999999999,0.39701642409171983
0.18,0.21,0.39973072404159093
0.18,0.2175,0.39945759380002
0.18,0.22499999999999998,0.3966650271117823
0.18,0.23249999999999998,0.3938911036848216
0.18,0.24,0.3911422094102329
0.18,0.2475,0.3884279094603618
0.18,0.255,0.3857630993631661
0.18,0.2625,0.3831720281381068
0.18,0.27,0.38069613698939125
0.18,0.27749999999999997,0.3784096352483738
0.18,0.285,0.3764487476888023
0.18,0.2925,0.375050308952607
0.18,0.3,0.37452781041757244
0.18,0.3075,0.375050308952607
0.18,0.315,0.3764487476888023
0.18,0.3225,0.3784096352483738
0.18,0.32999999999999996,0.38069613698939125
0.18,0.33749999999999997,0.3831720281381068
0.18,0.345,0.3857630993631661
0.18,0.3525,0.3884279094603618
0.18,0.36,0.3911422094102329
0.18,0.3675,0.3938911036848216
0.18,0.375,0.3966650271117823
0.18,0.3825,0.39945759380002
0.18,0.39,0.4022643944762021
0.18,0.39749999999999996,0.40508229481695507
0.18,0.40499999999999997,0.40790900988978623
0.18,0.4125,0.4107428369420023
0.18,0.42,0.41358248235861406
0.18,0.4275,0.4164269464846891
0.18,0.435,0.41927544506415493
0.18,0.4425,0.4221273544690066
0.18,0.44999999999999996,0.42326308798129714
0.18,0.45749999999999996,0.4233978584045867
0.18,0.46499999999999997,0.42379868485633154
0.18,0.4725,0.42445554847739014
0.18,0.48,0.4253530821214353
0.18,0.4875,0.4264722001142248
0.18,0.495,0.42779181237554087
0.18,0.5025,0.4292903345002917
0.18,0.51,0.43094683706621656
0.18,0.5175,0.4327418019902058
0.18,0.525,0.4346575350274512
0.18,0.5325,0.4366783181416047
0.18,0.54,0.4387903873045024
0.18,0.5475,0.44098180666946846
0.18,0.5549999999999999,0.4432422908367167
0.18,0.5625,0.44556300938455556
0.18,0.57,0.4479363942685724
0.18,0.5775,0.45035596122022314
0.18,0.585,0.44861622674942625
0.18,0.5925,0.4472177880132309
0.18,0.6,0.44669528947819637
0.185,0.0,0.376904591444444
0.185,0.0075,0.37758479910922876
0.185,0.015,0.37929162625507806
0.185,0.0225,0.3815308363733081
0.185,0.03,0.38402781858770313
0.185,0.0375,0.38527501017307614
0.185,0.045,0.3865322249786133
0.185,0.0525,0.38796496975980527
0.185,0.06,0.38955437408865834
0.185,0.0675,0.3912825285914281
0.185,0.075,0.3931329189638594
0.185,0.08249999999999999,0.39509063715761444
0.185,0.09,0.39701071223216905
0.185,0.0975,0.39640952760146303
0.185,0.105,0.39365618702219596
0.185,0.11249999999999999,0.390949421648621
0.185,0.12,0.38831861492095976
0.185,0.1275,0.3858216327065647
0.185,0.135,0.3835824225883347
0.185,0.1425,0.3818755954424854
0.185,0.15,0.3811953877777006
0.185,0.1575,0.3818755954424854
0.185,0.16499999999999998,0.3835824225883347
0.185,0.1725,0.3858216327065647
0.185,0.18,0.38831861492095976
0.185,0.1875,0.390949421648621
0.185,0.195,0.39365618702219596
0.185,0.20249999999999999,0.39640952760146303
0.185,0.21,0.3991932577724104
0.185,0.2175,0.3990591587250248
0.185,0.22499999999999998,0.3962287512238191
0.185,0.23249999999999998,0.3934093111903148
0.185,0.24,0.39060474314105237
0.185,0.2475,0.387821012970105
0.185,0.255,0.38506767239083795
0.185,0.2625,0.382360907017263
0.185,0.27,0.37973010028960175
0.185,0.27749999999999997,0.3772331180752067
0.185,0.285,0.3749939079569767
0.185,0.2925,0.3732870808111274
0.185,0.3,0.3726068731463426
0.185,0.3075,0.3732870808111274
0.185,0.315,0.3749939079569767
0.185,0.3225,0.3772331180752067
0.185,0.32999999999999996,0.37973010028960175
0.185,0.33749999999999997,0.382360907017263
0.185,0.345,0.38506767239083795
0.185,0.3525,0.387821012970105
0.185,0.36,0.39060474314105237
0.185,0.3675,0.3934093111903148
0.185,0.375,0.3962287512238191
0.185,0.3825,0.39905915872502484
0.185,0.39,0.4018978771021238
0.185,0.39749999999999996,0.404743038891421
0.185,0.40499999999999997,0.4075932944542714
0.185,0.4125,0.4104476449009791
0.185,0.42,0.4133053355295581
0.185,0.4275,0.41616578575506147
0.185,0.435,0.4190285417842202
0.185,0.4425,0.42189324388789173
0.185,0.44999999999999996,0.4247596032881592
0.185,0.45749999999999996,0.42531089963605456
0.185,0.46499999999999997,0.4256886103347883
0.185,0.4725,0.42630874438842115
0.185,0.48,0.427158280783465
0.185,0.4875,0.4282208430065675
0.185,0.495,0.42947805781210463
0.185,0.5025,0.4309108025932966
0.185,0.51,0.4325002069221497
0.185,0.5175,0.4342283614249194
0.185,0.525,0.4360787517973507
0.185,0.5325,0.4380364699911058
0.185,0.54,0.44008826405510004
0.185,0.5475,0.4422224826732037
0.185,0.5549999999999999,0.4444289586864001
0.185,0.5625,0.4466988632809454
0.185,0.57,0.4490245517077156
0.185,0.5775,0.44940059713583064
0.185,0.585,0.4471613870176006
0.185,0.5925,0.4454545598717513
0.185,0.6,0.44477435220696654
0.19,0.0,0.3749836541732141
0.19,0.0075,0.37594412280882905
0.19,0.015,0.37806781745912355
0.19,0.0225,0.38060129864601094
0.19,0.03,0.38329085366954435
0.19,0.0375,0.3855563839328968
0.19,0.045,0.3865676614547497
0.19,0.0525,0.38773465935082724
0.19,0.06,0.38904605380825047
0.19,0.0675,0.3904903889198044
0.19,0.075,0.3920564040492016
0.19,0.08249999999999999,0.39373327872658936
0.19,0.09,0.39551080037154496
0.19,0.0975,0.39596505024257767
0.19,0.105,0.39314274253578557
0.19,0.11249999999999999,0.3903430588535757
0.19,0.12,0.387581650002801
0.19,0.1275,0.3848920949792676
0.19,0.135,0.3823586137923801
0.19,0.1425,0.3802349191420857
0.19,0.15,0.37927445050647074
0.19,0.1575,0.3802349191420857
0.19,0.16499999999999998,0.3823586137923801
0.19,0.1725,0.3848920949792676
0.19,0.18,0.387581650002801
0.19,0.1875,0.3903430588535757
0.19,0.195,0.39314274253578557
0.19,0.20249999999999999,0.39596505024257767
0.19,0.21,0.39880178647699155
0.19,0.2175,0.3987715181684237
0.19,0.22499999999999998,0.3959131170448704
0.19,0.23249999999999998,0.39305975319840397
0.19,0.24,0.39021327184563354
0.19,0.2475,0.38737653561121965
0.19,0.255,0.38455422790442756
0.19,0.2625,0.38175454422221766
0.19,0.27,0.37899313537144297
0.19,0.27749999999999997,0.37630358034790956
0.19,0.285,0.37377009916102216
0.19,0.2925,0.37164640451072767
0.19,0.3,0.3706859358751127
0.19,0.3075,0.37164640451072767
0.19,0.315,0.37377009916102216
0.19,0.3225,0.37630358034790956
0.19,0.32999999999999996,0.37899313537144297
0.19,0.33749999999999997,0.38175454422221766
0.19,0.345,0.38455422790442756
0.19,0.3525,0.38737653561121965
0.19,0.36,0.39021327184563354
0.19,0.3675,0.39305975319840397
0.19,0.375,0.3959131170448704
0.19,0.3825,0.3987715181684237
0.19,0.39,0.40163371496703115
0.19,0.39749999999999996,0.40449884190564267
0.19,0.40499999999999997,0.40736627746158655
0.19,0.4125,0.4102355639570148
0.19,0.42,0.413106356995536
0.19,0.4275,0.4159783925075047
0.19,0.435,0.41885146465179596
0.19,0.4425,0.4217254106236462
0.19,0.44999999999999996,0.4246000999779756
0.19,0.45749999999999996,0.42722481338878165
0.19,0.46499999999999997,0.42758190741109026
0.19,0.4725,0.42816911435421845
0.19,0.48,0.4289753137579893
0.19,0.4875,0.4299863684306016
0.19,0.495,0.4311862085124656
0.19,0.5025,0.4325578618133304
0.19,0.51,0.43408431861183416
0.19,0.5175,0.43574918024429116
0.19,0.525,0.4375370907417994
0.19,0.5325,0.4394339814636876
0.19,0.54,0.4414271713875615
0.19,0.5475,0.4435053659900975
0.19,0.5549999999999999,0.445658591356943
0.19,0.5625,0.44787809164161946
0.19,0.57,0.45015620977851506
0.19,0.5775,0.4484710594085335
0.19,0.585,0.4459375782216461
0.19,0.5925,0.4438138835713516
0.19,0.6,0.44285341493573666
0.195,0.0,0.3730627169019843
0.195,0.0075,0.37460479854493894
0.195,0.015,0.3772163166501494
0.195,0.0225,0.37999686291664164
0.195,0.03,0.3828263848872447
0.195,0.0375,0.3837426820678525
0.195,0.045,0.38479577099262013
0.195,0.0525,0.38600864011708885
0.195,0.06,0.38736877796467345
0.195,0.0675,0.38886365561505487
0.195,0.075,0.3904810854418818
0.195,0.08249999999999999,0.3922094774140132
0.195,0.09,0.3940380034830919
0.195,0.0975,0.39569368402847777
0.195,0.105,0.3928274027812001
0.195,0.11249999999999999,0.38996710382011973
0.195,0.12,0.3871171812205013
0.195,0.1275,0.3842876592498983
0.195,0.135,0.381507112983406
0.195,0.1425,0.3788955948781956
0.195,0.15,0.3773535132352409
0.195,0.1575,0.3788955948781956
0.195,0.16499999999999998,0.381507112983406
0.195,0.1725,0.3842876592498983
0.195,0.18,0.3871171812205013
0.195,0.1875,0.38996710382011973
0.195,0.195,0.3928274027812001
0.195,0.20249999999999999,0.39569368402847777
0.195,0.21,0.3985637237954525
0.195,0.2175,0.3985976831733187
0.195,0.22499999999999998,0.39572208065531433
0.195,0.23249999999999998,0.39284776299222446
0.195,0.24,0.3899752091640945
0.195,0.2475,0.38710516939711975
0.195,0.255,0.3842388881498421
0.195,0.2625,0.3813785891887617
0.195,0.27,0.37852866658914325
0.195,0.27749999999999997,0.37569914461854026
0.195,0.285,0.372918598352048
0.195,0.2925,0.37030708024683756
0.195,0.3,0.3687649986038829
0.195,0.3075,0.37030708024683756
0.195,0.315,0.372918598352048
0.195,0.3225,0.37569914461854026
0.195,0.32999999999999996,0.37852866658914325
0.195,0.33749999999999997,0.3813785891887617
0.195,0.345,0.3842388881498421
0.195,0.3525,0.38710516939711975
0.195,0.36,0.3899752091640945
0.195,0.3675,0.39284776299222446
0.195,0.375,0.39572208065531433
0.195,0.3825,0.3985976831733187
0.195,0.39,0.4014742504744986
0.195,0.39749999999999996,0.40435156058280297
0.195,0.40499999999999997,0.40722945473175215
0.195,0.4125,0.41010781637079086
0.195,0.42,0.41298655801412876
0.195,0.4275,0.41586561271569267
0.195,0.435,0.4187449283774337
0.195,0.4425,0.42162446385034175
0.195,0.44999999999999996,0.42450418620244496
0.195,0.45749999999999996,0.42738406876575463
0.195,0.46499999999999997,0.42947805781210463
0.195,0.4725,0.4300355908917694
0.195,0.48,0.4308024956213028
0.195,0.4875,0.4317664975725438
0.195,0.495,0.4329134850407186
0.195,0.5025,0.4342283614249194
0.195,0.51,0.4356957878970371
0.195,0.5175,0.43730076746069463
0.195,0.525,0.439029059373485
0.195,0.5325,0.4408674389686159
0.195,0.54,0.44280383131792855
0.195,0.5475,0.44482735071858914
0.195,0.5549999999999999,0.44692827546483826
0.195,0.5625,0.44909798204278606
0.195,0.57,0.45069614564976723
0.195,0.5775,0.4478666236791642
0.195,0.585,0.4450860774126719
0.195,0.5925,0.4424745593074615
0.195,0.6,0.44093247766450683
0.2,0.0,0.3711417796307544
0.2,0.0075,0.37402318553759917
0.2,0.015,0.37690459144444394
0.2,0.0225,0.37978599735128876
0.2,0.03,0.3810178515598282
0.2,0.0375,0.3819387418675381
0.2,0.045,0.3830369471536001
0.2,0.0525,0.3842990063921302
0.2,0.06,0.3857110750539951
0.2,0.0675,0.3872594454746699
0.2,0.075,0.3889309355485147
0.2,0.08249999999999999,0.3907131510379324
0.2,0.09,0.39259463949804463
0.2,0.0975,0.3945649589813731
0.2,0.105,0.3927210114050797
0.2,0.11249999999999999,0.38983960549823493
0.2,0.12,0.38695819959139016
0.2,0.1275,0.3840767936845454
0.2,0.135,0.38119538777770057
0.2,0.1425,0.3783139818708558
0.2,0.15,0.37543257596401103
0.2,0.1575,0.3783139818708558
0.2,0.16499999999999998,0.38119538777770057
0.2,0.1725,0.3840767936845454
0.2,0.18,0.38695819959139016
0.2,0.1875,0.38983960549823493
0.2,0.195,0.3927210114050797
0.2,0.20249999999999999,0.39560241731192447
0.2,0.21,0.3984838232187693
0.2,0.2175,0.3985395263079456
0.2,0.22499999999999998,0.3956581204011008
0.2,0.23249999999999998,0.39277671449425605
0.2,0.24,0.3898953085874113
0.2,0.2475,0.38701390268056646
0.2,0.255,0.3841324967737217
0.2,0.2625,0.3812510908668769
0.2,0.27,0.37836968496003215
0.2,0.27749999999999997,0.3754882790531874
0.2,0.285,0.3726068731463426
0.2,0.2925,0.3697254672394978
0.2,0.3,0.366844061332653
0.2,0.3075,0.3697254672394978
0.2,0.315,0.3726068731463426
0.2,0.3225,0.3754882790531874
0.2,0.32999999999999996,0.37836968496003215
0.2,0.33749999999999997,0.3812510908668769
0.2,0.345,0.3841324967737217
0.2,0.3525,0.38701390268056646
0.2,0.36,0.3898953085874113
0.2,0.3675,0.39277671449425605
0.2,0.375,0.3956581204011008
0.2,0.3825,0.39853952630794565
0.2,0.39,0.4014209322147904
0.2,0.39749999999999996,0.4043023381216352
0.2,0.40499999999999997,0.40718374402847995
0.2,0.4125,0.4100651499353247
0.2,0.42,0.41294655584216955
0.2,0.4275,0.4158279617490143
0.2,0.435,0.4187093676558591
0.2,0.4425,0.42159077356270386
0.2,0.44999999999999996,0.4244721794695486
0.2,0.45749999999999996,0.4273535853763934
0.2,0.46499999999999997,0.4302349912832382
0.2,0.4725,0.43190730570183145
0.2,0.48,0.4326384394336793
0.2,0.4875,0.4335593297413892
0.2,0.495,0.4346575350274512
0.2,0.5025,0.43591959426598126
0.2,0.51,0.4373316629278462
0.2,0.5175,0.438880033348521
0.2,0.525,0.4405515234223658
0.2,0.5325,0.4423337389117835
0.2,0.54,0.4442152273718957
0.2,0.5475,0.4461855468552242
0.2,0.5549999999999999,0.44823527250728523
0.2,0.5625,0.45035596122022314
0.2,0.57,0.4505371640206561
0.2,0.5775,0.44765575811381125
0.2,0.585,0.44477435220696654
0.2,0.5925,0.4418929463001217
0.2,0.6,0.43901154039327694
0.20500000000000002,0.0,0.3730627169019843
0.20500000000000002,0.0075,0.37460479854493894
0.20500000000000002,0.015,0.3772163166501494
0.20500000000000002,0.0225,0.3784150030179183
0.20500000000000002,0.03,0.3791819077474517
0.20500000000000002,0.0375,0.3801459096986927
0.20500000000000002,0.045,0.3812928971668675
0.20500000000000002,0.0525,0.38260777355106834
0.20500000000000002,0.06,0.384075200023186
0.20500000000000002,0.0675,0.38568017958684353
0.20500000000000002,0.075,0.38740847149963387
0.20500000000000002,0.08249999999999999,0.3892468510947648
0.20500000000000002,0.09,0.39118324344407746
0.20500000000000002,0.0975,0.3932067628447381
0.20500000000000002,0.105,0.3928274027812001
0.20500000000000002,0.11249999999999999,0.38996710382011973
0.20500000000000002,0.12,0.3871171812205013
0.20500000000000002,0.1275,0.3842876592498983
0.20500000000000002,0.135,0.381507112983406
0.20500000000000002,0.1425,0.3788955948781956
0.20500000000000002,0.15,0.3773535132352409
0.20500000000000002,0.1575,0.3788955948781956
0.20500000000000002,0.16499999999999998,0.381507112983406
0.20500000000000002,0.1725,0.3842876592498983
0.20500000000000002,0.18,0.3871171812205013
0.20500000000000002,0.1875,0.38996710382011973
0.20500000000000002,0.195,0.3928274027812001
0.20500000000000002,0.20249999999999999,0.39569368402847777
0.20500000000000002,0.21,0.3985637237954525
0.20500000000000002,0.2175,0.3985976831733187
0.20500000000000002,0.22499999999999998,0.39572208065531433
0.20500000000000002,0.23249999999999998,0.39284776299222446
0.20500000000000002,0.24,0.3899752091640945
0.20500000000000002,0.2475,0.38710516939711975
0.20500000000000002,0.255,0.3842388881498421
0.20500000000000002,0.2625,0.3813785891887617
0.20500000000000002,0.27,0.37852866658914325
0.20500000000000002,0.27749999999999997,0.37569914461854026
0.20500000000000002,0.285,0.372918598352048
0.20500000000000002,0.2925,0.37030708024683756
0.20500000000000002,0.3,0.3687649986038829
0.20500000000000002,0.3075,0.37030708024683756
0.20500000000000002,0.315,0.372918598352048
0.20500000000000002,0.3225,0.37569914461854026
0.20500000000000002,0.32999999999999996,0.37852866658914325
0.20500000000000002,0.33749999999999997,0.3813785891887617
0.20500000000000002,0.345,0.3842388881498421
0.20500000000000002,0.3525,0.38710516939711975
0.20500000000000002,0.36,0.3899752091640945
0.20500000000000002,0.3675,0.39284776299222446
0.20500000000000002,0.375,0.39572208065531433
0.20500000000000002,0.3825,0.3985976831733187
0.20500000000000002,0.39,0.4014742504744986
0.20500000000000002,0.39749999999999996,0.40435156058280297
0.20500000000000002,0.40499999999999997,0.40722945473175215
0.20500000000000002,0.4125,0.41010781637079086
0.20500000000000002,0.42,0.41298655801412876
0.20500000000000002,0.4275,0.41586561271569267
0.20500000000000002,0.435,0.4187449283774337
0.20500000000000002,0.4425,0.42162446385034175
0.20500000000000002,0.44999999999999996,0.42450418620244496
0.20500000000000002,0.45749999999999996,0.42738406876575463
0.20500000000000002,0.46499999999999997,0.43026408971486046
0.20500000000000002,0.4725,0.43314423101569377
0.20500000000000002,0.48,0.43448199491652345
0.20500000000000002,0.4875,0.4353632699417036
0.20500000000000002,0.495,0.43641635886647123
0.20500000000000002,0.5025,0.43762922799093995
0.20500000000000002,0.51,0.43898936583852455
0.20500000000000002,0.5175,0.4404842434889059
0.20500000000000002,0.525,0.44210167331573297
0.20500000000000002,0.5325,0.4438300652878643
0.20500000000000002,0.54,0.4456585913569431
0.20500000000000002,0.5475,0.44757727419685817
0.20500000000000002,0.5549999999999999,0.44957701801188515
0.20500000000000002,0.5625,0.4516495978808891
0.20500000000000002,0.57,0.45069614564976723
0.20500000000000002,0.5775,0.4478666236791642
0.20500000000000002,0.585,0.4450860774126719
0.20500000000000002,0.5925,0.4424745593074615
0.20500000000000002,0.6,0.44093247766450683
0.21,0.0,0.3749836541732141
0.21,0.0075,0.3756042255149306
0.21,0.015,0.37596131953723916
0.21,0.0225,0.3765485264803674
0.21,0.03,0.3773547258841382
0.21,0.0375,0.3783657805567505
0.21,0.045,0.37956562063861454
0.21,0.0525,0.3809372739394793
0.21,0.06,0.38246373073798307
0.21,0.0675,0.3841285923704401
0.21,0.075,0.3859165028679483
0.21,0.08249999999999999,0.3878133935898366
0.21,0.09,0.3898065835137104
0.21,0.0975,0.39188477811624645
0.21,0.105,0.39314274253578557
0.21,0.11249999999999999,0.3903430588535757
0.21,0.12,0.387581650002801
0.21,0.1275,0.3848920949792676
0.21,0.135,0.3823586137923801
0.21,0.1425,0.3802349191420857
0.21,0.15,0.37927445050647074
0.21,0.1575,0.3802349191420857
0.21,0.16499999999999998,0.3823586137923801
0.21,0.1725,0.3848920949792676
0.21,0.18,0.387581650002801
0.21,0.1875,0.3903430588535757
0.21,0.195,0.39314274253578557
0.21,0.20249999999999999,0.39596505024257767
0.21,0.21,0.39880178647699155
0.21,0.2175,0.3987715181684237
0.21,0.22499999999999998,0.3959131170448704
0.21,0.23249999999999998,0.39305975319840397
0.21,0.24,0.39021327184563354
0.21,0.2475,0.38737653561121965
0.21,0.255,0.38455422790442756
0.21,0.2625,0.38175454422221766
0.21,0.27,0.37899313537144297
0.21,0.27749999999999997,0.37630358034790956
0.21,0.285,0.3737700991610221
0.21,0.2925,0.37164640451072767
0.21,0.3,0.3706859358751127
0.21,0.3075,0.37164640451072767
0.21,0.315,0.3737700991610221
0.21,0.3225,0.37630358034790956
0.21,0.32999999999999996,0.37899313537144297
0.21,0.33749999999999997,0.38175454422221766
0.21,0.345,0.38455422790442756
0.21,0.3525,0.38737653561121965
0.21,0.36,0.39021327184563354
0.21,0.3675,0.39305975319840397
0.21,0.375,0.3959131170448704
0.21,0.3825,0.3987715181684237
0.21,0.39,0.40163371496703115
0.21,0.39749999999999996,0.40449884190564267
0.21,0.40499999999999997,0.40736627746158655
0.21,0.4125,0.4102355639570148
0.21,0.42,0.413106356995536
0.21,0.4275,0.4159783925075047
0.21,0.435,0.41885146465179596
0.21,0.4425,0.4217254106236462
0.21,0.44999999999999996,0.4246000999779756
0.21,0.45749999999999996,0.427475426977837
0.21,0.46499999999999997,0.43035130501398433
0.21,0.4725,0.4332276624702834
0.21,0.48,0.4361044396163442
0.21,0.4875,0.43717697180674786
0.21,0.495,0.4381882493286008
0.21,0.5025,0.4393552472246783
0.21,0.51,0.44066664168210157
0.21,0.5175,0.4421109767936555
0.21,0.525,0.44367699192305265
0.21,0.5325,0.44535386660044046
0.21,0.54,0.44713138824539606
0.21,0.5475,0.44900005371130497
0.21,0.5549999999999999,0.4509511179240708
0.21,0.5625,0.4529766027895377
0.21,0.57,0.4511606144320669
0.21,0.5775,0.4484710594085335
0.21,0.585,0.44593757822164604
0.21,0.5925,0.44381388357135154
0.21,0.6,0.44285341493573666
0.215,0.0,0.3735634373786759
0.215,0.0075,0.3736903117622035
0.215,0.015,0.3740680224609372
0.215,0.0225,0.37468815651457005
0.215,0.03,0.375537692909614
0.215,0.0375,0.3766002551327164
0.215,0.045,0.37785746993825353
0.215,0.0525,0.3792902147194456
0.215,0.06,0.3808796190482986
0.215,0.0675,0.38260777355106834
0.215,0.075,0.38445816392349963
0.215,0.08249999999999999,0.38641588211725475
0.215,0.09,0.38846767618124894
0.215,0.0975,0.3906018947993526
0.215,0.105,0.39280837081254905
0.215,0.11249999999999999,0.390949421648621
0.215,0.12,0.38831861492095976
0.215,0.1275,0.3858216327065647
0.215,0.135,0.3835824225883347
0.215,0.1425,0.3818755954424854
0.215,0.15,0.38119538777770057
0.215,0.1575,0.3818755954424854
0.215,0.16499999999999998,0.3835824225883347
0.215,0.1725,0.3858216327065647
0.215,0.18,0.38831861492095976
0.215,0.1875,0.390949421648621
0.215,0.195,0.39365618702219596
0.215,0.20249999999999999,0.39640952760146303
0.215,0.21,0.3991932577724104
0.215,0.2175,0.3990591587250248
0.215,0.22499999999999998,0.3962287512238191
0.215,0.23249999999999998,0.3934093111903148
0.215,0.24,0.39060474314105237
0.215,0.2475,0.387821012970105
0.215,0.255,0.38506767239083795
0.215,0.2625,0.382360907017263
0.215,0.27,0.37973010028960175
0.215,0.27749999999999997,0.3772331180752067
0.215,0.285,0.3749939079569767
0.215,0.2925,0.3732870808111274
0.215,0.3,0.37260687314634255
0.215,0.3075,0.3732870808111274
0.215,0.315,0.3749939079569767
0.215,0.3225,0.3772331180752067
0.215,0.32999999999999996,0.37973010028960175
0.215,0.33749999999999997,0.382360907017263
0.215,0.345,0.38506767239083795
0.215,0.3525,0.387821012970105
0.215,0.36,0.39060474314105237
0.215,0.3675,0.3934093111903148
0.215,0.375,0.3962287512238191
0.215,0.3825,0.39905915872502484
0.215,0.39,0.4018978771021238
0.215,0.39749999999999996,0.404743038891421
0.215,0.40499999999999997,0.4075932944542714
0.215,0.4125,0.4104476449009791
0.215,0.42,0.4133053355295581
0.215,0.4275,0.41616578575506147
0.215,0.435,0.4190285417842202
0.215,0.4425,0.42189324388789173
0.215,0.44999999999999996,0.4247596032881592
0.215,0.45749999999999996,0.4276273855260533
0.215,0.46499999999999997,0.4304963982889659
0.215,0.4725,0.4333664823649636
0.215,0.48,0.43623750482697743
0.215,0.4875,0.4389992924007993
0.215,0.495,0.439971742428632
0.215,0.5025,0.4410959050575022
0.215,0.51,0.44236151416104913
0.215,0.5175,0.4437580877376568
0.215,0.525,0.445275224265109
0.215,0.5325,0.44690283302031475
0.215,0.54,0.44863130010602015
0.215,0.5475,0.4504515972330458
0.215,0.5549999999999999,0.4523553429573869
0.215,0.5625,0.45433482671151293
0.215,0.57,0.4518975793502257
0.215,0.5775,0.4494005971358306
0.215,0.585,0.4471613870176006
0.215,0.5925,0.4454545598717513
0.215,0.6,0.4447743522069665
0.22,0.0,0.37164250010744604
0.22,0.0075,0.37177727053073567
0.22,0.015,0.3721780969824805
0.22,0.0225,0.37283496060353905
0.22,0.03,0.3737324942475842
0.22,0.0375,0.3748516122403737
0.22,0.045,0.37617122450168977
0.22,0.0525,0.3776697466264406
0.22,0.06,0.37932624919236546
0.22,0.0675,0.3811212141163547
0.22,0.075,0.3830369471536001
0.22,0.08249999999999999,0.3850577302677536
0.22,0.09,0.38716979943065133
0.22,0.0975,0.38936121879561736
0.22,0.105,0.3916217029628656
0.22,0.11249999999999999,0.3917605427694648
0.22,0.12,0.38928465162074927
0.22,0.1275,0.38699814987973175
0.22,0.135,0.3850372623201603
0.22,0.1425,0.383638823583965
0.22,0.15,0.38311632504893045
0.22,0.1575,0.383638823583965
0.22,0.16499999999999998,0.3850372623201603
0.22,0.1725,0.38699814987973175
0.22,0.18,0.38928465162074927
0.22,0.1875,0.3917605427694648
0.22,0.195,0.3943516139945241
0.22,0.20249999999999999,0.39701642409171983
0.22,0.21,0.39973072404159093
0.22,0.2175,0.39945759380002
0.22,0.22499999999999998,0.3966650271117823
0.22,0.23249999999999998,0.39389110368482155
0.22,0.24,0.3911422094102329
0.22,0.2475,0.3884279094603618
0.22,0.255,0.3857630993631661
0.22,0.2625,0.38317202813810675
0.22,0.27,0.38069613698939125
0.22,0.27749999999999997,0.37840963524837373
0.22,0.285,0.37644874768880227
0.22,0.2925,0.375050308952607
0.22,0.3,0.37452781041757244
0.22,0.3075,0.375050308952607
0.22,0.315,0.37644874768880227
0.22,0.3225,0.37840963524837373
0.22,0.32999999999999996,0.38069613698939125
0.22,0.33749999999999997,0.38317202813810675
0.22,0.345,0.3857630993631661
0.22,0.3525,0.3884279094603618
0.22,0.36,0.3911422094102329
0.22,0.3675,0.39389110368482155
0.22,0.375,0.3966650271117823
0.22,0.3825,0.39945759380002
0.22,0.39,0.4022643944762021
0.22,0.39749999999999996,0.40508229481695507
0.22,0.40499999999999997,0.40790900988978623
0.22,0.4125,0.4107428369420023
0.22,0.42,0.41358248235861406
0.22,0.4275,0.4164269464846891
0.22,0.435,0.41927544506415493
0.22,0.4425,0.4221273544690066
0.22,0.44999999999999996,0.42498217275708783
0.22,0.45749999999999996,0.42783949148934586
0.22,0.46499999999999997,0.43069897500419435
0.22,0.4725,0.4335603449521713
0.22,0.48,0.4364233686014093
0.22,0.4875,0.4392878498862619
0.22,0.495,0.4417655773613432
0.22,0.5025,0.44284968243523404
0.22,0.51,0.4440722474694143
0.22,0.5175,0.4454236727425016
0.22,0.525,0.4468943495595597
0.22,0.5325,0.4484748743909429
0.22,0.54,0.4501562097785151
0.22,0.5475,0.45192979616261786
0.22,0.5549999999999999,0.4537876215124893
0.22,0.5625,0.4553395071987307
0.22,0.57,0.4528636160500152
0.22,0.5775,0.45057711430899766
0.22,0.585,0.4486162267494262
0.22,0.5925,0.44721778801323087
0.22,0.6,0.44669528947819637
0.225,0.0,0.36972156283621616
0.225,0.0075,0.36986527474552144
0.225,0.015,0.37029219365893445
0.225,0.0225,0.3709902646118132
0.225,0.03,0.37194119513698837
0.225,0.0375,0.3731226011601402
0.225,0.045,0.3745101822324384
0.225,0.0525,0.3760795452211728
0.225,0.06,0.37780750376776834
0.225,0.0675,0.37967285556547553
0.225,0.075,0.3816567368893867
0.225,0.08249999999999999,0.3837426820678525
0.225,0.09,0.3859165028679483
0.225,0.0975,0.38816607441902695
0.225,0.105,0.3904810854418818
0.225,0.11249999999999999,0.3927476705349338
0.225,0.12,0.390435575664071
0.225,0.1275,0.38835435989658007
0.225,0.135,0.3866334687855677
0.225,0.1425,0.385460162912026
0.225,0.15,0.3850372623201603
0.225,0.1575,0.385460162912026
0.225,0.16499999999999998,0.3866334687855677
0.225,0.1725,0.38835435989658007
0.225,0.18,0.390435575664071
0.225,0.1875,0.3927476705349338
0.225,0.195,0.39520983563263046
0.225,0.20249999999999999,0.3977725065816293
0.225,0.21,0.4004047604899991
0.225,0.2175,0.39996282489653023
0.225,0.22499999999999998,0.3972167464296279
0.225,0.23249999999999998,0.39449822015189756
0.225,0.24,0.3918162458586411
0.225,0.2475,0.3891839919502713
0.225,0.255,0.38662132100127244
0.225,0.2625,0.3841591559035758
0.225,0.27,0.381847061032713
0.225,0.27749999999999997,0.37976584526522206
0.225,0.285,0.3780449541542097
0.225,0.2925,0.376871648280668
0.225,0.3,0.37644874768880227
0.225,0.3075,0.376871648280668
0.225,0.315,0.3780449541542097
0.225,0.3225,0.37976584526522206
0.225,0.32999999999999996,0.381847061032713
0.225,0.33749999999999997,0.3841591559035758
0.225,0.345,0.38662132100127244
0.225,0.3525,0.3891839919502713
0.225,0.36,0.3918162458586411
0.225,0.3675,0.39449822015189756
0.225,0.375,0.3972167464296279
0.225,0.3825,0.39996282489653023
0.225,0.39,0.40273013105336775
0.225,0.39749999999999996,0.40551410788033637
0.225,0.40499999999999997,0.4083113978760096
0.225,0.4125,0.41111947776208935
0.225,0.42,0.41393641740027826
0.225,0.4275,0.4167607168696579
0.225,0.435,0.4195911939561426
0.225,0.4425,0.4224269049087062
0.225,0.44999999999999996,0.42526708761510434
0.225,0.45749999999999996,0.42811112018159725
0.225,0.46499999999999997,0.4309584902858925
0.225,0.4725,0.43380877218844627
0.225,0.48,0.43666160927011644
0.225,0.4875,0.43951670061319653
0.225,0.495,0.4423737905788247
0.225,0.5025,0.44461525416752407
0.225,0.51,0.44579731352442903
0.225,0.5175,0.447106040485452
0.225,0.525,0.4485325557494029
0.225,0.5325,0.45006809946226545
0.225,0.54,0.4517041847874161
0.225,0.5475,0.4534327096931268
0.225,0.5549999999999999,0.4552460316588107
0.225,0.5625,0.45632663496419973
0.225,0.57,0.4540145400933369
0.225,0.5775,0.451933324325846
0.225,0.585,0.4502124332148336
0.225,0.5925,0.4490391273412919
0.225,0.6,0.4486162267494262
0.23,0.0,0.3678006255649863
0.23,0.0075,0.36795454611993694
0.23,0.015,0.36841113989101576
0.23,0.0225,0.36915573380081645
0.23,0.03,0.3701663485843362
0.23,0.0375,0.37141655980036303
0.23,0.045,0.3728782716659593
0.23,0.0525,0.3745239060142908
0.23,0.06,0.37632783691131744
0.23,0.0675,0.37826714107864173
0.23,0.075,0.3803218412606148
0.23,0.08249999999999999,0.3824748286756813
0.23,0.09,0.3847116131640339
0.23,0.0975,0.38702000207354226
0.23,0.105,0.38938976856635216
0.23,0.11249999999999999,0.3918123414553595
0.23,0.12,0.39173226921265836
0.23,0.1275,0.38983960549823493
0.23,0.135,0.38831861492095976
0.23,0.1425,0.3873129168682107
0.23,0.15,0.38695819959139016
0.23,0.1575,0.3873129168682107
0.23,0.16499999999999998,0.38831861492095976
0.23,0.1725,0.38983960549823493
0.23,0.18,0.39173226921265836
0.23,0.1875,0.39388257596401105
0.23,0.195,0.39621068944911836
0.23,0.20249999999999999,0.39866321306246355
0.23,0.21,0.4012046538779085
0.23,0.2175,0.40057005279324615
0.23,0.22499999999999998,0.39787775270187303
0.23,0.23249999999999998,0.39522261837842265
0.23,0.24,0.3926161392465505
0.23,0.2475,0.39007469843110554
0.23,0.255,0.38762217481776035
0.23,0.2625,0.385294061332653
0.23,0.27,0.38314375458130034
0.23,0.27749999999999997,0.3812510908668769
0.23,0.285,0.37973010028960175
0.23,0.2925,0.37872440223685266
0.23,0.3,0.37836968496003215
0.23,0.3075,0.37872440223685266
0.23,0.315,0.37973010028960175
0.23,0.3225,0.3812510908668769
0.23,0.32999999999999996,0.38314375458130034
0.23,0.33749999999999997,0.385294061332653
0.23,0.345,0.38762217481776035
0.23,0.3525,0.39007469843110554
0.23,0.36,0.3926161392465505
0.23,0.3675,0.39522261837842265
0.23,0.375,0.39787775270187303
0.23,0.3825,0.40057005279324615
0.23,0.39,0.4032912834490229
0.23,0.39749999999999996,0.4060354187982984
0.23,0.40499999999999997,0.408797964607557
0.23,0.4125,0.41157551000134696
0.23,0.42,0.4143654249494517
0.23,0.4275,0.41716565212626766
0.23,0.435,0.4199745610479766
0.23,0.4425,0.4227908440819765
0.23,0.44999999999999996,0.4256134411149852
0.23,0.45749999999999996,0.42844148416835287
0.23,0.46499999999999997,0.43127425611739656
0.23,0.4725,0.4341111595308063
0.23,0.48,0.43695169287159463
0.23,0.4875,0.43979543212169303
0.23,0.495,0.44264201645018897
0.23,0.5025,0.44549113692990583
0.23,0.51,0.44753536388811427
0.23,0.5175,0.44880368581884694
0.23,0.525,0.4501882165114114
0.23,0.5325,0.4516807965670918
0.23,0.54,0.4532734618355692
0.23,0.5475,0.4549585529565897
0.23,0.5549999999999999,0.45672879257237253
0.23,0.5625,0.4574615403932769
0.23,0.57,0.4553112336419243
0.23,0.5775,0.45341856992750085
0.23,0.585,0.4518975793502257
0.23,0.5925,0.4508918812974766
0.23,0.6,0.4505371640206561
0.23500000000000001,0.0,0.36587968829375644
0.23500000000000001,0.0075,0.36604537360592293
0.23500000000000001,0.015,0.36653600352877663
0.23500000000000001,0.0225,0.36733348530110027
0.23500000000000001,0.03,0.36841113989101576
0.23500000000000001,0.0375,0.36973756620266435
0.23500000000000001,0.045,0.37128018886474323
0.23500000000000001,0.0525,0.37300785423314486
0.23500000000000001,0.06,0.3748923533334204
0.23500000000000001,0.0675,0.3769090662338614
0.23500000000000001,0.075,0.3790370198937304
0.23500000000000001,0.08249999999999999,0.38125861899399227
0.23500000000000001,0.09,0.3835592329238061
0.23500000000000001,0.0975,0.3859267496521676
0.23500000000000001,0.105,0.3883511545547809
0.23500000000000001,0.11249999999999999,0.3908241593047732
0.23500000000000001,0.12,0.39314274253578557
0.23500000000000001,0.1275,0.3914179599131065
0.23500000000000001,0.135,0.39006199837229494
0.23500000000000001,0.1425,0.38918439402563476
0.23500000000000001,0.15,0.38887913686262
0.23500000000000001,0.1575,0.38918439402563476
0.23500000000000001,0.16499999999999998,0.39006199837229494
0.23500000000000001,0.1725,0.3914179599131065
0.23500000000000001,0.18,0.39314274253578557
0.23500000000000001,0.1875,0.3951397447104342
0.23500000000000001,0.195,0.3973346306621438
0.23500000000000001,0.20249999999999999,0.39967370836330296
0.23500000000000001,0.21,0.40211908941181834
0.23500000000000001,0.2175,0.4012738812566666
0.23500000000000001,0.22499999999999998,0.3986412310180197
0.23500000000000001,0.23249999999999998,0.3960555744738787
0.23500000000000001,0.24,0.39353057478046033
0.23500000000000001,0.2475,0.39108519373194495
0.23500000000000001,0.255,0.3887461160307858
0.23500000000000001,0.2625,0.3865512300790762
0.23500000000000001,0.27,0.38455422790442756
0.23500000000000001,0.27749999999999997,0.3828294452817485
0.23500000000000001,0.285,0.3814734837409369
0.23500000000000001,0.2925,0.38059587939427675
0.23500000000000001,0.3,0.380290622231262
0.23500000000000001,0.3075,0.38059587939427675
0.23500000000000001,0.315,0.3814734837409369
0.23500000000000001,0.3225,0.3828294452817485
0.23500000000000001,0.32999999999999996,0.38455422790442756
0.23500000000000001,0.33749999999999997,0.3865512300790762
0.23500000000000001,0.345,0.3887461160307858
0.23500000000000001,0.3525,0.39108519373194495
0.23500000000000001,0.36,0.39353057478046033
0.23500000000000001,0.3675,0.3960555744738787
0.23500000000000001,0.375,0.3986412310180197
0.23500000000000001,0.3825,0.4012738812566666
0.23500000000000001,0.39,0.40394352224517843
0.23500000000000001,0.39749999999999996,0.4066427108072269
0.23500000000000001,0.40499999999999997,0.40936582046841785
0.23500000000000001,0.4125,0.4121085341562704
0.23500000000000001,0.42,0.4148674931133994
0.23500000000000001,0.4275,0.4176400503475349
0.23500000000000001,0.435,0.42042409492726734
0.23500000000000001,0.4425,0.42321792495756344
0.23500000000000001,0.44999999999999996,0.42602015447844965
0.23500000000000001,0.45749999999999996,0.42882964433386384
0.23500000000000001,0.46499999999999997,0.43164545020665784
0.23500000000000001,0.4725,0.43446678310573755
0.23500000000000001,0.48,0.4372929789964468
0.23500000000000001,0.4875,0.4401234752222305
0.23500000000000001,0.495,0.44295779202561014
0.23500000000000001,0.5025,0.44579551793732874
0.23500000000000001,0.51,0.4486362981280849
0.23500000000000001,0.5175,0.4505152669478887
0.23500000000000001,0.525,0.4518598706474777
0.23500000000000001,0.5325,0.4533114158350197
0.23500000000000001,0.54,0.45486243209694155
0.23500000000000001,0.5475,0.45650568537567604
0.23500000000000001,0.5549999999999999,0.4582342557360178
0.23500000000000001,0.5625,0.45871870913970014
0.23500000000000001,0.57,0.4567217069650515
0.23500000000000001,0.5775,0.45499692434237243
0.23500000000000001,0.585,0.45364096280156085
0.23500000000000001,0.5925,0.4527633584549006
0.23500000000000001,0.6,0.4524581012918859
0.24,0.0,0.3639587510225266
0.24,0.0075,0.3641381408662209
0.24,0.015,0.3646681855761677
0.24,0.0225,0.3655262466276302
0.24,0.03,0.3666795816816658
0.24,0.0375,0.3680906327267385
0.24,0.045,0.36972156283621616
0.24,0.0525,0.3715372687032033
0.24,0.06,0.37350689026506306
0.24,0.0675,0.37560422551493056
0.24,0.075,0.37780750376776834
0.24,0.08249999999999999,0.38009886123341374
0.24,0.09,0.38246373073798307
0.24,0.0975,0.38489025606909666
0.24,0.105,0.38736877796467345
0.24,0.11249999999999999,0.38989140418412965
0.24,0.12,0.3924516595955632
0.24,0.1275,0.3930644363309717
0.24,0.135,0.3918450712039189
0.24,0.1425,0.3910678725713671
0.24,0.15,0.3908000741338499
0.24,0.1575,0.3910678725713671
0.24,0.16499999999999998,0.3918450712039189
0.24,0.1725,0.3930644363309717
0.24,0.18,0.3946419486763096
0.24,0.1875,0.3964972976569269
0.24,0.195,0.3985637237954525
0.24,0.20249999999999999,0.40078967556155964
0.24,0.21,0.4031367272774875
0.24,0.2175,0.4020685201645499
0.24,0.22499999999999998,0.39949999494356053
0.24,0.23249999999999998,0.396988090592193
0.24,0.24,0.3945482126461295
0.24,0.2475,0.39220116093020163
0.24,0.255,0.3899752091640945
0.24,0.2625,0.38790878302556886
0.24,0.27,0.38605343404495157
0.24,0.27749999999999997,0.3844759216996137
0.24,0.285,0.3832565565725609
0.24,0.2925,0.3824793579400091
0.24,0.3,0.38221155950249186
0.24,0.3075,0.3824793579400091
0.24,0.315,0.3832565565725609
0.24,0.3225,0.3844759216996137
0.24,0.32999999999999996,0.38605343404495157
0.24,0.33749999999999997,0.38790878302556886
0.24,0.345,0.3899752091640945
0.24,0.3525,0.39220116093020163
0.24,0.36,0.3945482126461295
0.24,0.3675,0.396988090592193
0.24,0.375,0.39949999494356053
0.24,0.3825,0.4020685201645499
0.24,0.39,0.4046821373936792
0.24,0.39749999999999996,0.40733211512633394
0.24,0.40499999999999997,0.4100117575880707
0.24,0.4125,0.4127158663985102
0.24,0.42,0.41544035748781283
0.24,0.4275,0.4181819859108827
0.24,0.435,0.42093814603699015
0.24,0.4425,0.4237067248298899
0.24,0.44999999999999996,0.42648599289091155
0.24,0.45749999999999996,0.4292745226476233
0.24,0.46499999999999997,0.432071126267387
0.24,0.4725,0.43487480805793893
0.24,0.48,0.43768472761975113
0.24,0.4875,0.44050017105886646
0.24,0.495,0.4433205283012571
0.24,0.5025,0.4461452750686356
0.24,0.51,0.4489739584469195
0.24,0.5175,0.4518061852467831
0.24,0.525,0.45354620370680876
0.24,0.5325,0.4549585529565897
0.24,0.54,0.45646962743800146
0.24,0.5475,0.4580725994206851
0.24,0.5549999999999999,0.45976089613466437
0.24,0.5625,0.4600762620861928
0.24,0.57,0.4582209131055755
0.24,0.5775,0.4566434007602376
0.24,0.585,0.45542403563318484
0.24,0.5925,0.454646837000633
0.24,0.6,0.4543790385631158
0.245,0.0,0.3620378137512968
0.245,0.0075,0.36223336834578723
0.245,0.015,0.3628095584659011
0.245,0.0225,0.36373758261125905
0.245,0.03,0.36497677878800944
0.245,0.0375,0.366481953908485
0.245,0.045,0.36820915206965665
0.245,0.0525,0.370119016908994
0.245,0.06,0.3721780969824805
0.245,0.0675,0.3743588490321968
0.245,0.075,0.3766390024768905
0.245,0.08249999999999999,0.3790007118237985
0.245,0.09,0.3814297198967019
0.245,0.0975,0.3839146252710729
0.245,0.105,0.38644627845484136
0.245,0.11249999999999999,0.3890173000674826
0.245,0.12,0.3916217029628656
0.245,0.1275,0.39425459834657367
0.245,0.135,0.39365618702219596
0.245,0.1425,0.3929594838487464
0.245,0.15,0.3927210114050797
0.245,0.1575,0.3929594838487464
0.245,0.16499999999999998,0.39365618702219596
0.245,0.1725,0.3947616343994341
0.245,0.18,0.39621068944911836
0.245,0.1875,0.397937075514101
0.245,0.195,0.3998821158369821
0.245,0.20249999999999999,0.4019978258216728
0.245,0.21,0.40424663503245883
0.245,0.2175,0.40294797386301456
0.245,0.22499999999999998,0.40044673979732304
0.245,0.23249999999999998,0.39801123156031404
0.245,0.24,0.3956581204011008
0.245,0.2475,0.3934093111903148
0.245,0.255,0.391293601205624
0.245,0.2625,0.389348560882743
0.245,0.27,0.38762217481776035
0.245,0.27749999999999997,0.3861731197680761
0.245,0.285,0.38506767239083795
0.245,0.2925,0.3843709692173884
0.245,0.3,0.3841324967737217
0.245,0.3075,0.3843709692173884
0.245,0.315,0.38506767239083795
0.245,0.3225,0.3861731197680761
0.245,0.32999999999999996,0.38762217481776035
0.245,0.33749999999999997,0.389348560882743
0.245,0.345,0.391293601205624
0.245,0.3525,0.3934093111903148
0.245,0.36,0.3956581204011008
0.245,0.3675,0.39801123156031404
0.245,0.375,0.40044673979732304
0.245,0.3825,0.4029479738630146
0.245,0.39,0.40550217820349915
0.245,0.39749999999999996,0.4080995155175241
0.245,0.40499999999999997,0.4107323285575048
0.245,0.4125,0.413394598386483
0.245,0.42,0.41608154705237677
0.245,0.4275,0.41878934504542137
0.245,0.435,0.4215148945072078
0.245,0.4425,0.424255667302178
0.245,0.44999999999999996,0.42700958302074277
0.245,0.45749999999999996,0.42977491624500896
0.245,0.46499999999999997,0.43255022542705135
0.245,0.4725,0.435334297863125
0.245,0.48,0.4381261067578511
0.245,0.4875,0.44092477744690234
0.245,0.495,0.44372956061567775
0.245,0.5025,0.4465398109056384
0.245,0.51,0.44935496970239525
0.245,0.5175,0.4521745511941322
0.245,0.525,0.4549981310061514
0.245,0.5325,0.4566209344557746
0.245,0.54,0.45809370763048973
0.245,0.5475,0.4596579099044451
0.245,0.5549999999999999,0.46130730361733197
0.245,0.5625,0.46151603994336693
0.245,0.57,0.4597896538783843
0.245,0.5775,0.4583405988287
0.245,0.585,0.4572351514514619
0.245,0.5925,0.4565384482780123
0.245,0.6,0.4562999758343456
0.25,0.0,0.3601168764800669
0.25,0.0075,0.3603317798160539
0.25,0.015,0.3609626776637983
0.25,0.0225,0.36197222546068425
0.25,0.03,0.3633092894108817
0.25,0.0375,0.36491921965814156
0.25,0.045,0.3667510716329065
0.25,0.0525,0.36876109420060127
0.25,0.06,0.37091350316788835
0.25,0.0675,0.3731798216268872
0.25,0.075,0.3755376929096139
0.25,0.08249999999999999,0.3779696475265959
0.25,0.09,0.3804620231050072
0.25,0.0975,0.38300408913998113
0.25,0.105,0.38558736500300494
0.25,0.11249999999999999,0.388205098844051
0.25,0.12,0.3908518728197446
0.25,0.1275,0.3935233046264458
0.25,0.135,0.3954877498600409
0.25,0.1425,0.3948568520122966
0.25,0.15,0.3946419486763096
0.25,0.1575,0.3948568520122966
0.25,0.16499999999999998,0.3954877498600409
0.25,0.1725,0.3964972976569269
0.25,0.18,0.3978343616071244
0.25,0.1875,0.3994442918543842
0.25,0.195,0.40127614382914917
0.25,0.20249999999999999,0.4032861663968439
0.25,0.21,0.40543857536413097
0.25,0.2175,0.40390620509148056
0.25,0.22499999999999998,0.4014742504744986
0.25,0.23249999999999998,0.39911637919177184
0.25,0.24,0.39685006073277296
0.25,0.2475,0.3946976517654859
0.25,0.255,0.39268762919779115
0.25,0.2625,0.39085577722302617
0.25,0.27,0.38924584697576636
0.25,0.27749999999999997,0.38790878302556886
0.25,0.285,0.3868992352286829
0.25,0.2925,0.3862683373809386
0.25,0.3,0.38605343404495157
0.25,0.3075,0.3862683373809386
0.25,0.315,0.3868992352286829
0.25,0.3225,0.38790878302556886
0.25,0.32999999999999996,0.38924584697576636
0.25,0.33749999999999997,0.39085577722302617
0.25,0.345,0.39268762919779115
0.25,0.3525,0.3946976517654859
0.25,0.36,0.39685006073277296
0.25,0.3675,0.39911637919177184
0.25,0.375,0.4014742504744986
0.25,0.3825,0.40390620509148056
0.25,0.39,0.4063985806698919
0.25,0.39749999999999996,0.4089406467048658
0.25,0.40499999999999997,0.4115239225678896
0.25,0.4125,0.4141416564089357
0.25,0.42,0.4167884303846292
0.25,0.4275,0.4194598621913304
0.25,0.435,0.42215237897114205
0.25,0.4425,0.4248630452948011
0.25,0.44999999999999996,0.4275894315266028
0.25,0.45749999999999996,0.43032951242185924
0.25,0.46499999999999997,0.4330815884604074
0.25,0.4725,0.4358442243759386
0.25,0.48,0.4386162007740825
0.25,0.4875,0.44139647578047625
0.25,0.495,0.4441841544280198
0.25,0.5025,0.4469784640570759
0.25,0.51,0.4497787344193663
0.25,0.5175,0.4525843814860091
0.25,0.525,0.4553948941915257
0.25,0.5325,0.4582098235195904
0.25,0.54,0.45973344857095955
0.25,0.5475,0.46126034389629245
0.25,0.5549999999999999,0.46287217454842833
0.25,0.5625,0.4630232562836501
0.25,0.57,0.4614133260363903
0.25,0.5775,0.4600762620861928
0.25,0.585,0.45906671428930684
0.25,0.5925,0.4584358164415625
0.25,0.6,0.4582209131055755
0.255,0.0,0.3581959392088371
0.255,0.0075,0.3584344116525038
0.255,0.015,0.3591311148259533
0.255,0.0225,0.36023656220319145
0.255,0.03,0.36168561725287574
0.255,0.0375,0.36341200331785833
0.255,0.045,0.3653570436407394
0.255,0.0525,0.36747275362543014
0.255,0.06,0.36972156283621616
0.255,0.0675,0.3720746739954294
0.255,0.075,0.3745101822324384
0.255,0.08249999999999999,0.37701141629812995
0.255,0.09,0.3795656206386145
0.255,0.0975,0.3821629579526395
0.255,0.105,0.38479577099262013
0.255,0.11249999999999999,0.38745804082159835
0.255,0.12,0.3901449894874921
0.255,0.1275,0.39285278748053676
0.255,0.135,0.39557833694232314
0.255,0.1425,0.3967584405420299
0.255,0.15,0.3965628859475394
0.255,0.1575,0.3967584405420299
0.255,0.16499999999999998,0.3973346306621438
0.255,0.1725,0.39826265480750167
0.255,0.18,0.39950185098425206
0.255,0.1875,0.40100702610472766
0.255,0.195,0.40273422426589933
0.255,0.20249999999999999,0.4046440891052367
0.255,0.21,0.4067031691787232
0.255,0.2175,0.40493726938868313
0.255,0.22499999999999998,0.4025755600417752
0.255,0.23249999999999998,0.40029540659708146
0.255,0.24,0.39811465454736517
0.255,0.2475,0.3960555744738787
0.255,0.255,0.3941457096345413
0.255,0.2625,0.3924185114733696
0.255,0.27,0.39091333635289405
0.255,0.27749999999999997,0.38967414017614366
0.255,0.285,0.3887461160307858
0.255,0.2925,0.3881699259106719
0.255,0.3,0.3879743713161814
0.255,0.3075,0.3881699259106719
0.255,0.315,0.3887461160307858
0.255,0.3225,0.38967414017614366
0.255,0.32999999999999996,0.39091333635289405
0.255,0.33749999999999997,0.3924185114733696
0.255,0.345,0.3941457096345413
0.255,0.3525,0.3960555744738787
0.255,0.36,0.39811465454736517
0.255,0.3675,0.40029540659708146
0.255,0.375,0.4025755600417752
0.255,0.3825,0.4049372693886832
0.255,0.39,0.40736627746158655
0.255,0.39749999999999996,0.40985118283595756
0.255,0.40499999999999997,0.41238283601972603
0.255,0.4125,0.41495385763236725
0.255,0.42,0.41755826052775025
0.255,0.4275,0.42019115591145834
0.255,0.435,0.42284852544043644
0.255,0.4425,0.42552704438566424
0.255,0.44999999999999996,0.42822394403048814
0.255,0.45749999999999996,0.4309369041468082
0.255,0.46499999999999997,0.43366396854599776
0.255,0.4725,0.436403478380239
0.255,0.48,0.4391540191531358
0.255,0.4875,0.4419143783694153
0.255,0.495,0.4446835114848734
0.255,0.5025,0.44746051436799805
0.255,0.51,0.45024460089925294
0.255,0.5175,0.45303508464714903
0.255,0.525,0.45583136379766764
0.255,0.5325,0.4586329086944104
0.255,0.54,0.4613877314896465
0.255,0.5475,0.46287873129756
0.255,0.5549999999999999,0.4644543038316131
0.255,0.5625,0.4645859905339935
0.255,0.57,0.463080815413518
0.255,0.5775,0.4618416192367676
0.255,0.585,0.4609135950914097
0.255,0.5925,0.4603374049712958
0.255,0.6,0.46014185037680533
0.26,0.0,0.3562750019376072
0.26,0.0075,0.3565428003751244
0.26,0.015,0.3573199990076763
0.26,0.0225,0.3585393641347291
0.26,0.03,0.3601168764800669
0.26,0.0375,0.3619722254606842
0.26,0.045,0.36403865159920984
0.26,0.0525,0.36626460336531697
0.26,0.06,0.3686116550812448
0.26,0.0675,0.3710515330273083
0.26,0.075,0.37356343737867587
0.26,0.08249999999999999,0.37613196259966525
0.26,0.09,0.3787455798287945
0.26,0.0975,0.38139555756144927
0.26,0.105,0.384075200023186
0.26,0.11249999999999999,0.38677930883362555
0.26,0.12,0.38950379992292816
0.26,0.1275,0.39224542834599807
0.26,0.135,0.3950015884721055
0.26,0.1425,0.39777016726500525
0.26,0.15,0.3984838232187693
0.26,0.1575,0.39866321306246355
0.26,0.16499999999999998,0.3991932577724104
0.26,0.1725,0.4000513188238729
0.26,0.18,0.4012046538779085
0.26,0.1875,0.40261570492298115
0.26,0.195,0.40424663503245883
0.26,0.20249999999999999,0.406062340899446
0.26,0.21,0.40803196246130574
0.26,0.2175,0.4060354187982984
0.26,0.22499999999999998,0.403744061332653
0.26,0.23249999999999998,0.4015407830798152
0.26,0.24,0.39944344782994773
0.26,0.2475,0.39747382626808797
0.26,0.255,0.3956581204011008
0.26,0.2625,0.39402719029162314
0.26,0.27,0.3926161392465504
0.26,0.27749999999999997,0.3914628041925149
0.26,0.285,0.39060474314105237
0.26,0.2925,0.39007469843110554
0.26,0.3,0.3898953085874113
0.26,0.3075,0.39007469843110554
0.26,0.315,0.39060474314105237
0.26,0.3225,0.3914628041925149
0.26,0.32999999999999996,0.3926161392465504
0.26,0.33749999999999997,0.39402719029162314
0.26,0.345,0.3956581204011008
0.26,0.3525,0.39747382626808797
0.26,0.36,0.39944344782994773
0.26,0.3675,0.4015407830798152
0.26,0.375,0.403744061332653
0.26,0.3825,0.4060354187982984
0.26,0.39,0.40840028830286773
0.26,0.39749999999999996,0.4108268136339813
0.26,0.40499999999999997,0.4133053355295581
0.26,0.4125,0.4158279617490143
0.26,0.42,0.4183882171604479
0.26,0.4275,0.4209807633009111
0.26,0.435,0.42360117542419223
0.26,0.4425,0.42624576585365137
0.26,0.44999999999999996,0.428911444071093
0.26,0.45749999999999996,0.4315956057157795
0.26,0.46499999999999997,0.4342960442538393
0.26,0.4725,0.43701088041403935
0.26,0.48,0.43973850556539273
0.26,0.4875,0.4424775360644145
0.26,0.495,0.4452267762639438
0.26,0.5025,0.4479851883891587
0.26,0.51,0.450751867882461
0.26,0.5175,0.45352602312401996
0.26,0.525,0.4563069586700409
0.26,0.5325,0.459094061332653
0.26,0.54,0.46188678856625043
0.26,0.5475,0.4645119960925451
0.26,0.5549999999999999,0.466052577358964
0.26,0.5625,0.46619466935224707
0.26,0.57,0.4647836183071744
0.26,0.5775,0.4636302832531388
0.26,0.585,0.4627722222016763
0.26,0.5925,0.46224217749172947
0.26,0.6,0.4620627876480352
0.265,0.0,0.35435406466637737
0.265,0.0075,0.3546593218293921
0.265,0.015,0.3555369261760523
0.265,0.0225,0.35689288771686384
0.265,0.03,0.3586176703395429
0.265,0.0375,0.36061467251419155
0.265,0.045,0.3628095584659011
0.265,0.0525,0.3651486361670603
0.265,0.06,0.36759401721557566
0.265,0.0675,0.370119016908994
0.265,0.075,0.372704673453135
0.265,0.08249999999999999,0.3753373236917819
0.265,0.09,0.37800696468029377
0.265,0.0975,0.38070615324234225
0.265,0.105,0.3834292629035332
0.265,0.11249999999999999,0.38617197659138575
0.265,0.12,0.3889309355485147
0.265,0.1275,0.3917034927826502
0.265,0.135,0.3944875373623827
0.265,0.1425,0.3972813673926788
0.265,0.15,0.400083596913565
0.265,0.1575,0.40057044580216555
0.265,0.16499999999999998,0.40106107572501926
0.265,0.1725,0.40185855749734295
0.265,0.18,0.40293621208725844
0.265,0.1875,0.404262638398907
0.265,0.195,0.4058052610609859
0.265,0.20249999999999999,0.40753292642938754
0.265,0.21,0.4094174255296631
0.265,0.2175,0.40719517655887694
0.265,0.22499999999999998,0.40497357745861506
0.265,0.23249999999999998,0.40284562379874606
0.265,0.24,0.4008289108983051
0.265,0.2475,0.39894441179802953
0.265,0.255,0.3972167464296279
0.265,0.2625,0.39567412376754896
0.265,0.27,0.3943476974559004
0.265,0.27749999999999997,0.39327004286598494
0.265,0.285,0.39247256109366124
0.265,0.2925,0.39198193117080754
0.265,0.3,0.3918162458586411
0.265,0.3075,0.39198193117080754
0.265,0.315,0.39247256109366124
0.265,0.3225,0.39327004286598494
0.265,0.32999999999999996,0.3943476974559004
0.265,0.33749999999999997,0.39567412376754896
0.265,0.345,0.3972167464296279
0.265,0.3525,0.39894441179802953
0.265,0.36,0.4008289108983051
0.265,0.3675,0.40284562379874606
0.265,0.375,0.40497357745861506
0.265,0.3825,0.40719517655887694
0.265,0.39,0.4094957904886908
0.265,0.39749999999999996,0.4118633072170523
0.265,0.40499999999999997,0.4142877121196656
0.265,0.4125,0.4167607168696579
0.265,0.42,0.4192754450641549
0.265,0.4275,0.4218261720596886
0.265,0.435,0.4244081126146815
0.265,0.4425,0.42701724888325565
0.265,0.44999999999999996,0.4296501916066955
0.265,0.45749999999999996,0.4323040682070798
0.265,0.46499999999999997,0.43497643249350426
0.265,0.4725,0.43766519165404794
0.265,0.48,0.44036854704999756
0.265,0.4875,0.44308494603371085
0.265,0.495,0.4458130425847877
0.265,0.5025,0.4485516650179894
0.265,0.51,0.451299789379956
0.265,0.5175,0.4540565174384181
0.265,0.525,0.45682105839301285
0.265,0.5325,0.4595927136139665
0.265,0.54,0.462370863854249
0.265,0.5475,0.46515495849059785
0.265,0.5549999999999999,0.4676659649146899
0.265,0.5625,0.4678416028281729
0.265,0.57,0.46651517651652435
0.265,0.5775,0.46543752192660887
0.265,0.585,0.46464004015428517
0.265,0.5925,0.46414941023143147
0.265,0.6,0.46398372491926504
0.27,0.0,0.3524331273951475
0.27,0.0075,0.35278784467196805
0.27,0.015,0.3537935427247171
0.27,0.0225,0.35531453330199225
0.27,0.03,0.3572071970164157
0.27,0.0375,0.35935750376776837
0.27,0.045,0.3616856172528757
0.27,0.0525,0.3641381408662209
0.27,0.06,0.3666795816816658
0.27,0.0675,0.369286060813538
0.27,0.075,0.37194119513698837
0.27,0.08249999999999999,0.3746334952283615
0.27,0.09,0.3773547258841382
0.27,0.0975,0.38009886123341374
0.27,0.105,0.38286140704267235
0.27,0.11249999999999999,0.3856389524364623
0.27,0.12,0.38842886738456706
0.27,0.1275,0.391229094561383
0.27,0.135,0.3940380034830919
0.27,0.1425,0.3968542865170918
0.27,0.15,0.39967688355010056
0.27,0.1575,0.40247961831617957
0.27,0.16499999999999998,0.40293621208725844
0.27,0.1725,0.40368080599705913
0.27,0.18,0.4046914207805789
0.27,0.1875,0.40594163199660566
0.27,0.195,0.407403343862202
0.27,0.20249999999999999,0.4090489782105335
0.27,0.21,0.41064817072891857
0.27,0.2175,0.40841138624056594
0.27,0.22499999999999998,0.40625839882549947
0.27,0.23249999999999998,0.40420369864352634
0.27,0.24,0.4022643944762021
0.27,0.2475,0.4004604635791755
0.27,0.255,0.398814829230844
0.27,0.2625,0.39735311736524764
0.27,0.27,0.3961029061492209
0.27,0.27749999999999997,0.3950922913657011
0.27,0.285,0.3943476974559004
0.27,0.2925,0.39389110368482155
0.27,0.3,0.393737183129871
0.27,0.3075,0.39389110368482155
0.27,0.315,0.3943476974559004
0.27,0.3225,0.3950922913657011
0.27,0.32999999999999996,0.3961029061492209
0.27,0.33749999999999997,0.39735311736524764
0.27,0.345,0.398814829230844
0.27,0.3525,0.4004604635791755
0.27,0.36,0.4022643944762021
0.27,0.3675,0.40420369864352634
0.27,0.375,0.40625839882549947
0.27,0.3825,0.40841138624056594
0.27,0.39,0.41064817072891857
0.27,0.39749999999999996,0.4129565596384269
0.27,0.40499999999999997,0.4153263261312368
0.27,0.4125,0.41774889902024415
0.27,0.42,0.42021708822826764
0.27,0.4275,0.4227248496234422
0.27,0.435,0.42526708761510434
0.27,0.4425,0.4278394914893459
0.27,0.44999999999999996,0.4304384007033863
0.27,0.45749999999999996,0.4330606944394488
0.27,0.46499999999999997,0.4357037011806801
0.27,0.4725,0.4383651246636746
0.27,0.48,0.4410429831577038
0.27,0.4875,0.44373555956230126
0.27,0.495,0.44644136028180076
0.27,0.5025,0.4491590812257442
0.27,0.51,0.4518875796041827
0.27,0.5175,0.4546258504463411
0.27,0.525,0.45737300697988786
0.27,0.5325,0.46012826417536373
0.27,0.54,0.46289092489414574
0.27,0.5475,0.46566036818531775
0.27,0.5549999999999999,0.46843603936241673
0.27,0.5625,0.4695205964258716
0.27,0.57,0.4682703852098448
0.27,0.5775,0.46725977042632505
0.27,0.585,0.46651517651652435
0.27,0.5925,0.4660585827454455
0.27,0.6,0.4659046621904949
0.275,0.0,0.35051219012391766
0.275,0.0075,0.3509350907157833
0.275,0.015,0.352108396589325
0.275,0.0225,0.3538292877003374
0.275,0.03,0.3559105034678283
0.275,0.0375,0.35822259833869113
0.275,0.045,0.3606847634363878
0.275,0.0525,0.36324743438538665
0.275,0.06,0.36587968829375644
0.275,0.0675,0.3685616625870129
0.275,0.075,0.37128018886474323
0.275,0.08249999999999999,0.37402626733164557
0.275,0.09,0.3767935734884831
0.275,0.0975,0.37957755031545176
0.275,0.105,0.38237484031112495
0.275,0.11249999999999999,0.3851829201972047
0.275,0.12,0.3879998598353936
0.275,0.1275,0.3908241593047732
0.275,0.135,0.3936546363912579
0.275,0.1425,0.39649034734382155
0.275,0.15,0.3993305300502197
0.275,0.1575,0.40217456261671264
0.275,0.16499999999999998,0.40481726585517713
0.275,0.1725,0.4055153368080559
0.275,0.18,0.40646626733323105
0.275,0.1875,0.40764767335638286
0.275,0.195,0.40903525442868105
0.275,0.20249999999999999,0.41060461741741544
0.275,0.21,0.411853060432833
0.275,0.2175,0.40967923963273717
0.275,0.22499999999999998,0.4075932944542714
0.275,0.23249999999999998,0.4056094131303602
0.275,0.24,0.403744061332653
0.275,0.2475,0.4020161027860574
0.275,0.255,0.40044673979732304
0.275,0.2625,0.3990591587250248
0.275,0.27,0.39787775270187303
0.275,0.27749999999999997,0.3969268221766979
0.275,0.285,0.3962287512238191
0.275,0.2925,0.3958018323104061
0.275,0.3,0.3956581204011008
0.275,0.3075,0.3958018323104061
0.275,0.315,0.3962287512238191
0.275,0.3225,0.3969268221766979
0.275,0.32999999999999996,0.39787775270187303
0.275,0.33749999999999997,0.3990591587250248
0.275,0.345,0.40044673979732304
0.275,0.3525,0.4020161027860574
0.275,0.36,0.403744061332653
0.275,0.3675,0.4056094131303602
0.275,0.375,0.4075932944542714
0.275,0.3825,0.40967923963273717
0.275,0.39,0.411853060432833
0.275,0.39749999999999996,0.4141026319839116
0.275,0.40499999999999997,0.4164176430067665
0.275,0.4125,0.41878934504542137
0.275,0.42,0.42121031925059327
0.275,0.4275,0.4236742689690852
0.275,0.435,0.42617584033851125
0.275,0.4425,0.4287104698270856
0.275,0.44999999999999996,0.43127425611739656
0.275,0.45749999999999996,0.4338638531855079
0.275,0.46499999999999997,0.4364763814146379
0.275,0.4725,0.4391093538318881
0.275,0.48,0.44176061491061736
0.275,0.4875,0.44442828975570303
0.275,0.495,0.4471107418420649
0.275,0.5025,0.4498065377903866
0.275,0.51,0.4525144179328213
0.275,0.5175,0.4552332716470347
0.275,0.525,0.45796211662357766
0.275,0.5325,0.4607000813846454
0.275,0.54,0.4634463904971199
0.275,0.5475,0.4662003520242846
0.275,0.5549999999999999,0.4689613468429915
0.275,0.5625,0.4712266377856487
0.275,0.57,0.47004523176249696
0.275,0.5775,0.4690943012373218
0.275,0.585,0.46839623028444305
0.275,0.5925,0.46796931137103004
0.275,0.6,0.46782559946172475
0.28,0.0,0.34859125285268777
0.28,0.0075,0.3491137513877223
0.28,0.015,0.35051219012391766
0.28,0.0225,0.3524730776834891
0.28,0.03,0.3547595794245066
0.28,0.0375,0.35723547057322214
0.28,0.045,0.35982654179828144
0.28,0.0525,0.36249135189547715
0.28,0.06,0.36520565184534826
0.28,0.0675,0.36795454611993694
0.28,0.075,0.37072846954689764
0.28,0.08249999999999999,0.37352103623513533
0.28,0.09,0.37632783691131744
0.28,0.0975,0.3791457372520704
0.28,0.105,0.3819724523249016
0.28,0.11249999999999999,0.38480627937711764
0.28,0.12,0.3876459247937294
0.28,0.1275,0.3904903889198044
0.28,0.135,0.39333888749927026
0.28,0.1425,0.39619079690412196
0.28,0.15,0.39904561519220316
0.28,0.1575,0.40190293392446125
0.28,0.16499999999999998,0.4047624174393097
0.28,0.1725,0.4073600327997817
0.28,0.18,0.4082575664438269
0.28,0.1875,0.4093766844366164
0.28,0.195,0.41069629669793245
0.28,0.20249999999999999,0.4121948188226833
0.28,0.21,0.413106356995536
0.28,0.2175,0.41099428783263825
0.28,0.22499999999999998,0.40897350471848476
0.28,0.23249999999999998,0.40705777168123936
0.28,0.24,0.4052628067572501
0.28,0.2475,0.40360630419132526
0.28,0.255,0.40210778206657444
0.28,0.2625,0.4007881698052584
0.28,0.27,0.39966905181246887
0.28,0.27749999999999997,0.3987715181684237
0.28,0.285,0.39811465454736517
0.28,0.2925,0.3977138280956203
0.28,0.3,0.3975790576723307
0.28,0.3075,0.3977138280956203
0.28,0.315,0.39811465454736517
0.28,0.3225,0.3987715181684237
0.28,0.32999999999999996,0.39966905181246887
0.28,0.33749999999999997,0.4007881698052584
0.28,0.345,0.40210778206657444
0.28,0.3525,0.40360630419132526
0.28,0.36,0.4052628067572501
0.28,0.3675,0.40705777168123936
0.28,0.375,0.40897350471848476
0.28,0.3825,0.41099428783263825
0.28,0.39,0.413106356995536
0.28,0.39749999999999996,0.415297776360502
0.28,0.40499999999999997,0.41755826052775025
0.28,0.4125,0.41987897907558913
0.28,0.42,0.42225236395960597
0.28,0.4275,0.4246719309112567
0.28,0.435,0.4271321198517329
0.28,0.4425,0.4296281556559767
0.28,0.44999999999999996,0.43215592855446805
0.28,0.45749999999999996,0.4347118924457805
0.28,0.46499999999999997,0.4372929789964468
0.28,0.4725,0.43989652535680485
0.28,0.48,0.44252021345470527
0.28,0.4875,0.44516201904351266
0.28,0.495,0.44782016892001486
0.28,0.5025,0.45049310496137596
0.28,0.51,0.45317945384348834
0.28,0.5175,0.4558780014903255
0.28,0.525,0.45858767146436735
0.28,0.5325,0.46130750664352443
0.28,0.54,0.46403665364297264
0.28,0.5475,0.4667743495339786
0.28,0.5549999999999999,0.46951991048911235
0.28,0.5625,0.4722727220469009
0.28,0.57,0.4718365308730928
0.28,0.5775,0.47093899722904764
0.28,0.585,0.4702821336079891
0.28,0.5925,0.4698813071562442
0.28,0.6,0.46974653673295463
0.28500000000000003,0.0,0.34667031558145794
0.28500000000000003,0.0075,0.3473505232462427
0.28500000000000003,0.015,0.349057350392092
0.28500000000000003,0.0225,0.35129656051032204
0.28500000000000003,0.03,0.3537935427247171
0.28500000000000003,0.0375,0.35642434945237833
0.28500000000000003,0.045,0.3591311148259533
0.28500000000000003,0.0525,0.36188445540522035
0.28500000000000003,0.06,0.3646681855761677
0.28500000000000003,0.0675,0.36747275362543014
0.28500000000000003,0.075,0.37029219365893445
0.28500000000000003,0.08249999999999999,0.3731226011601401
0.28500000000000003,0.09,0.37596131953723916
0.28500000000000003,0.0975,0.3788064813265363
0.28500000000000003,0.105,0.3816567368893867
0.28500000000000003,0.11249999999999999,0.38451108733609446
0.28500000000000003,0.12,0.38736877796467345
0.28500000000000003,0.1275,0.3902292281901768
0.28500000000000003,0.135,0.39309198421933556
0.28500000000000003,0.1425,0.39595668632300707
0.28500000000000003,0.15,0.39882304572327454
0.28500000000000003,0.1575,0.4016908279611686
0.28500000000000003,0.16499999999999998,0.40455984072408124
0.28500000000000003,0.1725,0.40742992480007895
0.28500000000000003,0.18,0.4100627651058566
0.28500000000000003,0.1875,0.41112532732895907
0.28500000000000003,0.195,0.4123825421344962
0.28500000000000003,0.20249999999999999,0.4138152869156882
0.28500000000000003,0.21,0.4144042337461336
0.28500000000000003,0.2175,0.4123524396821394
0.28500000000000003,0.22499999999999998,0.4103947214883843
0.28500000000000003,0.23249999999999998,0.408544331115953
0.28500000000000003,0.24,0.40681617661318326
0.28500000000000003,0.2475,0.4052267722843302
0.28500000000000003,0.255,0.4037940275031382
0.28500000000000003,0.2625,0.40253681269760105
0.28500000000000003,0.27,0.4014742504744986
0.28500000000000003,0.27749999999999997,0.4006247140794547
0.28500000000000003,0.285,0.40000458002582184
0.28500000000000003,0.2925,0.39962686932708813
0.28500000000000003,0.3,0.39949999494356053
0.28500000000000003,0.3075,0.39962686932708813
0.28500000000000003,0.315,0.40000458002582184
0.28500000000000003,0.3225,0.4006247140794547
0.28500000000000003,0.32999999999999996,0.4014742504744986
0.28500000000000003,0.33749999999999997,0.40253681269760105
0.28500000000000003,0.345,0.4037940275031382
0.28500000000000003,0.3525,0.4052267722843302
0.28500000000000003,0.36,0.40681617661318326
0.28500000000000003,0.3675,0.408544331115953
0.28500000000000003,0.375,0.4103947214883843
0.28500000000000003,0.3825,0.4123524396821394
0.28500000000000003,0.39,0.4144042337461336
0.28500000000000003,0.39749999999999996,0.41653845236423725
0.28500000000000003,0.40499999999999997,0.41874492837743366
0.28500000000000003,0.4125,0.42101483297197895
0.28500000000000003,0.42,0.42334052139874917
0.28500000000000003,0.4275,0.4257153828737905
0.28500000000000003,0.435,0.42813370156654573
0.28500000000000003,0.4425,0.4305905318231829
0.28500000000000003,0.44999999999999996,0.4330815884604074
0.28500000000000003,0.45749999999999996,0.43560315164077157
0.28500000000000003,0.46499999999999997,0.43815198515602627
0.28500000000000003,0.4725,0.4407252666557932
0.28500000000000003,0.48,0.4433205283012571
0.28500000000000003,0.4875,0.44593560639279206
0.28500000000000003,0.495,0.44856859865162474
0.28500000000000003,0.5025,0.4512178279903055
0.28500000000000003,0.51,0.4538818117631415
0.28500000000000003,0.5175,0.4565592356344399
0.28500000000000003,0.525,0.4592489313341849
0.28500000000000003,0.5325,0.46194985768597735
0.28500000000000003,0.54,0.4646610843910144
0.28500000000000003,0.5475,0.4673817781358508
0.28500000000000003,0.5549999999999999,0.4701111906623676
0.28500000000000003,0.5625,0.4728486484975489
0.28500000000000003,0.57,0.4736417295351225
0.28500000000000003,0.5775,0.47279219314007864
0.28500000000000003,0.585,0.4721720590864458
0.28500000000000003,0.5925,0.47179434838771206
0.28500000000000003,0.6,0.47166747400418446
0.29,0.0,0.34474937831022806
0.29,0.0075,0.345709846945843
0.29,0.015,0.3478335415961375
0.29,0.0225,0.3503670227830249
0.29,0.03,0.3530565778065583
0.29,0.0375,0.355817986657333
0.29,0.045,0.3586176703395429
0.29,0.0525,0.361439978046335
0.29,0.06,0.36427671428074887
0.29,0.0675,0.3671231956335193
0.29,0.075,0.36997655947998576
0.29,0.08249999999999999,0.37283496060353905
0.29,0.09,0.3756971574021465
0.29,0.0975,0.378562284340758
0.29,0.105,0.3814297198967019
0.29,0.11249999999999999,0.38429900639213016
0.29,0.12,0.38716979943065133
0.29,0.1275,0.39004183494262
0.29,0.135,0.3929149070869113
0.29,0.1425,0.39578885305876155
0.29,0.15,0.398663542413091
0.29,0.1575,0.40153886941295236
0.29,0.16499999999999998,0.40441474744909967
0.29,0.1725,0.4072911049053987
0.29,0.18,0.41016788205145954
0.29,0.1875,0.4128908527529932
0.29,0.195,0.41409069283485717
0.29,0.20249999999999999,0.41546234613572197
0.29,0.21,0.41574314107859506
0.29,0.2175,0.4137499511547212
0.29,0.22499999999999998,0.411853060432833
0.29,0.23249999999999998,0.4100651499353247
0.29,0.24,0.40840028830286773
0.29,0.2475,0.40687383150436396
0.29,0.255,0.40550217820349915
0.29,0.2625,0.4043023381216352
0.29,0.27,0.4032912834490229
0.29,0.27749999999999997,0.402485084045252
0.29,0.285,0.4018978771021238
0.29,0.2925,0.4015407830798152
0.29,0.3,0.40142093221479036
0.29,0.3075,0.4015407830798152
0.29,0.315,0.4018978771021238
0.29,0.3225,0.402485084045252
0.29,0.32999999999999996,0.4032912834490229
0.29,0.33749999999999997,0.4043023381216352
0.29,0.345,0.40550217820349915
0.29,0.3525,0.40687383150436396
0.29,0.36,0.40840028830286773
0.29,0.3675,0.4100651499353247
0.29,0.375,0.411853060432833
0.29,0.3825,0.4137499511547212
0.29,0.39,0.41574314107859506
0.29,0.39749999999999996,0.41782133568113106
0.29,0.40499999999999997,0.4199745610479766
0.29,0.4125,0.422194061332653
0.29,0.42,0.4244721794695486
0.29,0.4275,0.4268022342534484
0.29,0.435,0.42917840178797506
0.29,0.4425,0.4315956057157795
0.29,0.44999999999999996,0.43404941826199306
0.29,0.45749999999999996,0.43653597262801064
0.29,0.46499999999999997,0.43905188639337617
0.29,0.4725,0.4415941951117975
0.29,0.48,0.4441602950743453
0.29,0.4875,0.4467478941568674
0.29,0.495,0.44935496970239525
0.29,0.5025,0.4519797324699618
0.29,0.51,0.4546205957823566
0.29,0.5175,0.4572761491112728
0.29,0.525,0.459945135440313
0.29,0.5325,0.46262643183996505
0.29,0.54,0.4653190327721005
0.29,0.5475,0.46802203571443235
0.29,0.5549999999999999,0.4707346287581897
0.29,0.5625,0.47345607988590993
0.29,0.57,0.4754587625096468
0.29,0.5775,0.47465256310587595
0.29,0.585,0.47406535616274775
0.29,0.5925,0.47370826214043915
0.29,0.6,0.4735884112754143
0.295,0.0,0.34282844103899823
0.295,0.0075,0.3443705226819529
0.295,0.015,0.3469820407871633
0.295,0.0225,0.3497625870536556
0.295,0.03,0.35259210902425864
0.295,0.0375,0.35544203162387705
0.295,0.045,0.3583023305849574
0.295,0.0525,0.3611686118322351
0.295,0.06,0.36403865159920984
0.295,0.0675,0.3669112054273398
0.295,0.075,0.36978552309042967
0.295,0.08249999999999999,0.372661125608434
0.295,0.09,0.3755376929096139
0.295,0.0975,0.3784150030179183
0.295,0.105,0.3812928971668675
0.295,0.11249999999999999,0.3841712588059062
0.295,0.12,0.3870500004492441
0.295,0.1275,0.389929055150808
0.295,0.135,0.39280837081254905
0.295,0.1425,0.3956879062854571
0.295,0.15,0.3985676286375603
0.295,0.1575,0.40144751120086997
0.295,0.16499999999999998,0.4043275321499758
0.295,0.1725,0.4072076734508091
0.295,0.18,0.4100879200718063
0.295,0.1875,0.41296825938412307
0.295,0.195,0.41581796936311016
0.295,0.20249999999999999,0.41713284574731097
0.295,0.21,0.41711980100896207
0.295,0.2175,0.4151834086596495
0.295,0.22499999999999998,0.41334502906451853
0.295,0.23249999999999998,0.4116167371517282
0.295,0.24,0.4100117575880707
0.295,0.2475,0.40854433111595295
0.295,0.255,0.40722945473175215
0.295,0.2625,0.40608246726357733
0.295,0.27,0.40511846531233636
0.295,0.27749999999999997,0.40435156058280297
0.295,0.285,0.4037940275031382
0.295,0.2925,0.40345543251702687
0.295,0.3,0.40334186948602024
0.295,0.3075,0.40345543251702687
0.295,0.315,0.4037940275031382
0.295,0.3225,0.40435156058280297
0.295,0.32999999999999996,0.40511846531233636
0.295,0.33749999999999997,0.40608246726357733
0.295,0.345,0.40722945473175215
0.295,0.3525,0.40854433111595295
0.295,0.36,0.4100117575880707
0.295,0.3675,0.4116167371517282
0.295,0.375,0.41334502906451853
0.295,0.3825,0.4151834086596495
0.295,0.39,0.4171198010089621
0.295,0.39749999999999996,0.4191433204096227
0.295,0.40499999999999997,0.42124424515587183
0.295,0.4125,0.42341395173381957
0.295,0.42,0.4256448266337951
0.295,0.4275,0.42793016859117783
0.295,0.435,0.43026408971486046
0.295,0.4425,0.4326414207021596
0.295,0.44999999999999996,0.4350576230341211
0.295,0.45749999999999996,0.4375087094956489
0.295,0.46499999999999997,0.4399911733740727
0.295,0.4725,0.4425019260923725
0.295,0.48,0.4450382427018572
0.295,0.4875,0.44759771450079144
0.295,0.495,0.45017820799535063
0.295,0.5025,0.4527778294334409
0.295,0.51,0.4553948941915257
0.295,0.5175,0.4580279003612879
0.295,0.525,0.4606755059554446
0.295,0.5325,0.46333650922366676
0.295,0.54,0.46600983163672516
0.295,0.5475,0.4686945031579097
0.295,0.5549999999999999,0.4713896494748601
0.295,0.5625,0.4740944809122518
0.295,0.57,0.47680828278672416
0.295,0.5775,0.4765190396434269
0.295,0.585,0.4759615065637621
0.295,0.5925,0.4756229115776508
0.295,0.6,0.4755093485466442
0.3,0.0,0.34090750376776835
0.3,0.0075,0.3437889096746131
0.3,0.015,0.3466703155814579
0.3,0.0225,0.3495517214883027
0.3,0.03,0.3524331273951475
0.3,0.0375,0.35531453330199225
0.3,0.045,0.358195939208837
0.3,0.0525,0.3610773451156818
0.3,0.06,0.3639587510225266
0.3,0.0675,0.3668401569293714
0.3,0.075,0.36972156283621616
0.3,0.08249999999999999,0.3726029687430609
0.3,0.09,0.37548437464990575
0.3,0.0975,0.3783657805567505
0.3,0.105,0.3812471864635953
0.3,0.11249999999999999,0.38412859237044006
0.3,0.12,0.3870099982772849
0.3,0.1275,0.38989140418412965
0.3,0.135,0.3927728100909744
0.3,0.1425,0.3956542159978192
0.3,0.15,0.39853562190466396
0.3,0.1575,0.4014170278115088
0.3,0.16499999999999998,0.40429843371835356
0.3,0.1725,0.4071798396251983
0.3,0.18,0.4100612455320431
0.3,0.1875,0.41294265143888786
0.3,0.195,0.4158240573457327
0.3,0.20249999999999999,0.41870546325257746
0.3,0.21,0.41853119706292924
0.3,0.2175,0.4166497086028171
0.3,0.22499999999999998,0.4148674931133994
0.3,0.23249999999999998,0.41319600303955456
0.3,0.24,0.4116476326188797
0.3,0.2475,0.4102355639570148
0.3,0.255,0.4089735047184847
0.3,0.2625,0.4078752994324228
0.3,0.27,0.4069544091247128
0.3,0.27749999999999997,0.406223275392865
0.3,0.285,0.40569261342922414
0.3,0.2925,0.4053707079554776
0.3,0.3,0.4052628067572501
0.3,0.3075,0.4053707079554776
0.3,0.315,0.40569261342922414
0.3,0.3225,0.406223275392865
0.3,0.32999999999999996,0.4069544091247128
0.3,0.33749999999999997,0.4078752994324228
0.3,0.345,0.4089735047184847
0.3,0.3525,0.4102355639570148
0.3,0.36,0.4116476326188797
0.3,0.3675,0.41319600303955456
0.3,0.375,0.4148674931133994
0.3,0.3825,0.4166497086028171
0.3,0.39,0.41853119706292924
0.3,0.39749999999999996,0.4205015165462577
0.3,0.40499999999999997,0.4225512421983188
0.3,0.4125,0.4246719309112567
0.3,0.42,0.42685606013289296
0.3,0.4275,0.4290969528317633
0.3,0.435,0.43138869705089067
0.3,0.4425,0.43372606563874416
0.3,0.44999999999999996,0.43610443961634415
0.3,0.45749999999999996,0.43851973712297954
0.3,0.46499999999999997,0.4409683488503081
0.3,0.4725,0.4434470802026688
0.3,0.48,0.4459531000071306
0.3,0.4875,0.44848389535992184
0.3,0.495,0.4510372320770786
0.3,0.5025,0.4536111201741281
0.3,0.51,0.45620378380312626
0.3,0.5175,0.4588136351057221
0.3,0.525,0.46143925148521836
0.3,0.5325,0.46407935585064164
0.3,0.54,0.4667327994366055
0.3,0.5475,0.4693985468513274
0.3,0.5549999999999999,0.4720756630500078
0.3,0.5625,0.47476330197119715
0.3,0.57,0.4774606966096311
0.3,0.5775,0.47839075445348894
0.3,0.585,0.47786009248984807
0.3,0.5925,0.4775381870161015
0.3,0.6,0.47650360961994137
0.305,0.0,0.3428284410389982
0.305,0.0075,0.3443705226819529
0.305,0.015,0.3469820407871633
0.305,0.0225,0.3497625870536556
0.305,0.03,0.35259210902425864
0.305,0.0375,0.35544203162387705
0.305,0.045,0.3583023305849574
0.305,0.0525,0.3611686118322351
0.305,0.06,0.36403865159920984
0.305,0.0675,0.3669112054273398
0.305,0.075,0.36978552309042967
0.305,0.08249999999999999,0.372661125608434
0.305,0.09,0.3755376929096139
0.305,0.0975,0.3784150030179183
0.305,0.105,0.3812928971668675
0.305,0.11249999999999999,0.3841712588059062
0.305,0.12,0.3870500004492441
0.305,0.1275,0.389929055150808
0.305,0.135,0.39280837081254905
0.305,0.1425,0.3956879062854571
0.305,0.15,0.3985676286375603
0.305,0.1575,0.40144751120086997
0.305,0.16499999999999998,0.4043275321499758
0.305,0.1725,0.4072076734508091
0.305,0.18,0.4100879200718063
0.305,0.1875,0.41296825938412307
0.305,0.195,0.41584868070007974
0.305,0.20249999999999999,0.41872917491404993
0.305,0.21,0.4199745610479766
0.305,0.2175,0.41814603497889785
0.305,0.22499999999999998,0.4164176430067665
0.305,0.23249999999999998,0.4148002131799395
0.305,0.24,0.4133053355295581
0.305,0.2475,0.4119451976819735
0.305,0.255,0.4107323285575048
0.305,0.2625,0.40967923963273717
0.305,0.27,0.408797964607557
0.305,0.27749999999999997,0.4080995155175241
0.305,0.285,0.4075932944542714
0.305,0.2925,0.4072865204566974
0.305,0.3,0.40718374402847995
0.305,0.3075,0.4072865204566974
0.305,0.315,0.4075932944542714
0.305,0.3225,0.4080995155175241
0.305,0.32999999999999996,0.408797964607557
0.305,0.33749999999999997,0.40967923963273717
0.305,0.345,0.4107323285575048
0.305,0.3525,0.4119451976819735
0.305,0.36,0.4133053355295581
0.305,0.3675,0.4148002131799395
0.305,0.375,0.4164176430067665
0.305,0.3825,0.41814603497889785
0.305,0.39,0.4199745610479766
0.305,0.39749999999999996,0.42189324388789173
0.305,0.40499999999999997,0.4238929877029187
0.305,0.4125,0.42596556757192267
0.305,0.42,0.42810359120352287
0.305,0.4275,0.43030044399034945
0.305,0.435,0.43255022542705135
0.305,0.4425,0.4348476825597612
0.305,0.44999999999999996,0.43718814423946184
0.305,0.45749999999999996,0.4395674585305287
0.305,0.46499999999999997,0.4419819346057235
0.305,0.4725,0.44442828975570303
0.305,0.48,0.4469036016760749
0.305,0.4875,0.4494052659023539
0.305,0.495,0.45193095809120215
0.305,0.5025,0.45447860075633
0.305,0.51,0.457046334031294
0.305,0.5175,0.4596324900293391
0.305,0.525,0.46223557038875296
0.305,0.5325,0.46485422662176984
0.305,0.54,0.46748724291988225
0.305,0.5475,0.47013352110469364
0.305,0.5549999999999999,0.47279206744886076
0.305,0.5625,0.475461981124923
0.305,0.57,0.4781424440702292
0.305,0.5775,0.48026699457814803
0.305,0.585,0.4797607735148953
0.305,0.5925,0.4794539995173213
0.305,0.6,0.4784245468911712
0.31,0.0,0.34474937831022806
0.31,0.0075,0.34570984694584295
0.31,0.015,0.34783354159613744
0.31,0.0225,0.3503670227830249
0.31,0.03,0.3530565778065583
0.31,0.0375,0.355817986657333
0.31,0.045,0.3586176703395429
0.31,0.0525,0.361439978046335
0.31,0.06,0.36427671428074887
0.31,0.0675,0.3671231956335193
0.31,0.075,0.36997655947998576
0.31,0.08249999999999999,0.37283496060353905
0.31,0.09,0.3756971574021465
0.31,0.0975,0.378562284340758
0.31,0.105,0.3814297198967019
0.31,0.11249999999999999,0.38429900639213016
0.31,0.12,0.38716979943065133
0.31,0.1275,0.39004183494262
0.31,0.135,0.3929149070869113
0.31,0.1425,0.39578885305876155
0.31,0.15,0.398663542413091
0.31,0.1575,0.40153886941295236
0.31,0.16499999999999998,0.40441474744909967
0.31,0.1725,0.4072911049053987
0.31,0.18,0.4101678820514595
0.31,0.1875,0.41304502867679194
0.31,0.195,0.41592250226806826
0.31,0.20249999999999999,0.41880026658948366
0.31,0.21,0.4214473579364296
0.31,0.2175,0.41966983629147403
0.31,0.22499999999999998,0.4179929616140862
0.31,0.23249999999999998,0.4164269464846891
0.31,0.24,0.41498261137313514
0.31,0.2475,0.41367121691571185
0.31,0.255,0.41250421901963436
0.31,0.2625,0.41149294149778143
0.31,0.27,0.41064817072891857
0.31,0.27749999999999997,0.40997969045754235
0.31,0.285,0.4094957904886908
0.31,0.2925,0.40920279714948304
0.31,0.3,0.4091046812997098
0.31,0.3075,0.40920279714948304
0.31,0.315,0.4094957904886908
0.31,0.3225,0.40997969045754235
0.31,0.32999999999999996,0.41064817072891857
0.31,0.33749999999999997,0.41149294149778143
0.31,0.345,0.41250421901963436
0.31,0.3525,0.41367121691571185
0.31,0.36,0.41498261137313514
0.31,0.3675,0.4164269464846891
0.31,0.375,0.4179929616140862
0.31,0.3825,0.41966983629147403
0.31,0.39,0.4214473579364296
0.31,0.39749999999999996,0.42331602340233854
0.31,0.40499999999999997,0.42526708761510434
0.31,0.4125,0.4272925724805713
0.31,0.42,0.42938524776207726
0.31,0.4275,0.4315385935591094
0.31,0.435,0.4337467518615099
0.31,0.4425,0.43600447269638043
0.31,0.44999999999999996,0.43830705875089737
0.31,0.45749999999999996,0.4406503110680243
0.31,0.46499999999999997,0.4430304774447133
0.31,0.4725,0.44544420446229366
0.31,0.48,0.4478884935905201
0.31,0.4875,0.45036066147897125
0.31,0.495,0.4528583043392621
0.31,0.5025,0.45537926619489977
0.31,0.51,0.457921610706799
0.31,0.5175,0.460483596252472
0.31,0.525,0.46306365393208154
0.31,0.5325,0.46566036818531775
0.31,0.54,0.4682724597228475
0.31,0.5475,0.4708987705004749
0.31,0.5549999999999999,0.47353825049026366
0.31,0.5625,0.47618994602887743
0.31,0.57,0.4788529895482198
0.31,0.5775,0.48152659051648294
0.31,0.585,0.4816632695493147
0.31,0.5925,0.48130595279801597
0.31,0.6,0.4803454841624011
0.315,0.0,0.3466703155814579
0.315,0.0075,0.3473505232462427
0.315,0.015,0.349057350392092
0.315,0.0225,0.35129656051032204
0.315,0.03,0.3537935427247171
0.315,0.0375,0.35642434945237833
0.315,0.045,0.3591311148259533
0.315,0.0525,0.36188445540522035
0.315,0.06,0.3646681855761677
0.315,0.0675,0.36747275362543014
0.315,0.075,0.37029219365893445
0.315,0.08249999999999999,0.3731226011601401
0.315,0.09,0.37596131953723916
0.315,0.0975,0.3788064813265363
0.315,0.105,0.3816567368893867
0.315,0.11249999999999999,0.38451108733609446
0.315,0.12,0.38736877796467345
0.315,0.1275,0.3902292281901768
0.315,0.135,0.39309198421933556
0.315,0.1425,0.39595668632300707
0.315,0.15,0.39882304572327454
0.315,0.1575,0.4016908279611686
0.315,0.16499999999999998,0.40455984072408124
0.315,0.1725,0.40742992480007895
0.315,0.18,0.41030094726209276
0.315,0.1875,0.41317279626700343
0.315,0.195,0.4160453770408388
0.315,0.20249999999999999,0.41891860874648273
0.315,0.21,0.4217924220158571
0.315,0.2175,0.4212188027113483
0.315,0.22499999999999998,0.4195911939561426
0.315,0.23249999999999998,0.41807405742869036
0.315,0.24,0.4166774838520827
0.315,0.2475,0.41541187474853575
0.315,0.255,0.4142877121196656
0.315,0.2625,0.4133152620918329
0.315,0.27,0.41250421901963436
0.315,0.27749999999999997,0.4118633072170523
0.315,0.285,0.41139986903490433
0.315,0.2925,0.41111947776208935
0.315,0.3,0.41102561857093967
0.315,0.3075,0.41111947776208935
0.315,0.315,0.41139986903490433
0.315,0.3225,0.4118633072170523
0.315,0.32999999999999996,0.41250421901963436
0.315,0.33749999999999997,0.4133152620918329
0.315,0.345,0.4142877121196656
0.315,0.3525,0.41541187474853575
0.315,0.36,0.4166774838520827
0.315,0.3675,0.41807405742869036
0.315,0.375,0.4195911939561426
0.315,0.3825,0.4212188027113483
0.315,0.39,0.4229472697970537
0.315,0.39749999999999996,0.42476756692407935
0.315,0.40499999999999997,0.42667131264842045
0.315,0.4125,0.4286507964025465
0.315,0.42,0.43069897500419435
0.315,0.4275,0.4328094499845817
0.315,0.435,0.43497643249350426
0.315,0.4425,0.4371947009885936
0.315,0.44999999999999996,0.43945955554704225
0.315,0.45749999999999996,0.4417667715078729
0.315,0.46499999999999997,0.44411255426476604
0.315,0.4725,0.44649349635889785
0.315,0.48,0.44890653753219256
0.315,0.4875,0.4513489280564104
0.315,0.495,0.45381819541859836
0.315,0.5025,0.4563121142901193
0.315,0.51,0.45882867961201534
0.315,0.5175,0.46136608257638223
0.315,0.525,0.4639226892586801
0.315,0.5325,0.4664970216499461
0.315,0.54,0.4690877408439069
0.315,0.5475,0.47169363214722526
0.315,0.5549999999999999,0.47431359189829747
0.315,0.5625,0.4769466157989323
0.315,0.57,0.47959178858247387
0.315,0.5775,0.4811644263733139
0.315,0.585,0.48054429231968104
0.315,0.5925,0.48016658162094733
0.315,0.6,0.48003970723741973
0.32,0.0,0.34859125285268777
0.32,0.0075,0.34911375138772227
0.32,0.015,0.3505121901239176
0.32,0.0225,0.35247307768348907
0.32,0.03,0.3547595794245066
0.32,0.0375,0.3572354705732221
0.32,0.045,0.35982654179828144
0.32,0.0525,0.36249135189547715
0.32,0.06,0.36520565184534826
0.32,0.0675,0.3679545461199369
0.32,0.075,0.37072846954689764
0.32,0.08249999999999999,0.37352103623513533
0.32,0.09,0.37632783691131744
0.32,0.0975,0.3791457372520704
0.32,0.105,0.38197245232490157
0.32,0.11249999999999999,0.38480627937711764
0.32,0.12,0.3876459247937294
0.32,0.1275,0.3904903889198044
0.32,0.135,0.3933388874992702
0.32,0.1425,0.39619079690412196
0.32,0.15,0.39904561519220316
0.32,0.1575,0.40190293392446125
0.32,0.16499999999999998,0.4047624174393097
0.32,0.1725,0.4076237873872866
0.32,0.18,0.4104868110365246
0.32,0.1875,0.41335129232137724
0.32,0.195,0.41621706491374766
0.32,0.20249999999999999,0.41908398680454867
0.32,0.21,0.42195193602563535
0.32,0.2175,0.4227908440819765
0.32,0.22499999999999998,0.42121031925059327
0.32,0.23249999999999998,0.4197396424335351
0.32,0.24,0.4183882171604479
0.32,0.2475,0.4171656521262676
0.32,0.255,0.41608154705237677
0.32,0.2625,0.41514522591488645
0.32,0.27,0.4143654249494517
0.32,0.27749999999999997,0.4137499511547212
0.32,0.285,0.4133053355295581
0.32,0.2925,0.41303651201455555
0.32,0.3,0.41294655584216955
0.32,0.3075,0.41303651201455555
0.32,0.315,0.4133053355295581
0.32,0.3225,0.4137499511547212
0.32,0.32999999999999996,0.4143654249494517
0.32,0.33749999999999997,0.41514522591488645
0.32,0.345,0.41608154705237677
0.32,0.3525,0.4171656521262676
0.32,0.36,0.4183882171604479
0.32,0.3675,0.4197396424335351
0.32,0.375,0.42121031925059327
0.32,0.3825,0.4227908440819765
0.32,0.39,0.4244721794695486
0.32,0.39749999999999996,0.42624576585365137
0.32,0.40499999999999997,0.42810359120352287
0.32,0.4125,0.43003822641140055
0.32,0.42,0.43204283432724244
0.32,0.4275,0.4341111595308063
0.32,0.435,0.43623750482697743
0.32,0.4425,0.43841669926084453
0.32,0.44999999999999996,0.440644061332653
0.32,0.45749999999999996,0.44291536012529886
0.32,0.46499999999999997,0.4452267762639438
0.32,0.4725,0.44757486400424795
0.32,0.48,0.4499565152730824
0.32,0.4875,0.45236892613815854
0.32,0.495,0.45480956593530963
0.32,0.5025,0.4572761491112728
0.32,0.51,0.4597666097264632
0.32,0.5175,0.46227907849092675
0.32,0.525,0.4648118621653756
0.32,0.5325,0.4673634251388371
0.32,0.54,0.46993237298824275
0.32,0.5475,0.4725174378283437
0.32,0.5549999999999999,0.4751174652691692
0.32,0.5625,0.47773140281038884
0.32,0.57,0.48020876410632807
0.32,0.5775,0.4793112304622829
0.32,0.585,0.47865436684122437
0.32,0.5925,0.47825354038947954
0.32,0.6,0.4781187699661899
0.325,0.0,0.3505121901239176
0.325,0.0075,0.3509350907157833
0.325,0.015,0.352108396589325
0.325,0.0225,0.3538292877003374
0.325,0.03,0.3559105034678283
0.325,0.0375,0.35822259833869113
0.325,0.045,0.3606847634363878
0.325,0.0525,0.36324743438538665
0.325,0.06,0.36587968829375644
0.325,0.0675,0.3685616625870129
0.325,0.075,0.37128018886474323
0.325,0.08249999999999999,0.37402626733164557
0.325,0.09,0.3767935734884831
0.325,0.0975,0.37957755031545176
0.325,0.105,0.38237484031112495
0.325,0.11249999999999999,0.3851829201972047
0.325,0.12,0.3879998598353936
0.325,0.1275,0.3908241593047732
0.325,0.135,0.3936546363912579
0.325,0.1425,0.39649034734382155
0.325,0.15,0.3993305300502197
0.325,0.1575,0.4021745626167126
0.325,0.16499999999999998,0.40502193272100784
0.325,0.1725,0.4078722146235616
0.325,0.18,0.41072505170523177
0.325,0.1875,0.41358014304831187
0.325,0.195,0.41643723301394003
0.325,0.20249999999999999,0.41929610306639087
0.325,0.21,0.4221565653008101
0.325,0.2175,0.42438406915329896
0.325,0.22499999999999998,0.42284852544043644
0.325,0.23249999999999998,0.4214220101764855
0.325,0.24,0.4201132832154626
0.325,0.2475,0.41893122385855763
0.325,0.255,0.41788463342976023
0.325,0.2625,0.4169819960727278
0.325,0.27,0.41623120540881925
0.325,0.27749999999999997,0.41563927113853455
0.325,0.285,0.41521202593733736
0.325,0.2925,0.41495385763236725
0.325,0.3,0.4148674931133994
0.325,0.3075,0.41495385763236725
0.325,0.315,0.41521202593733736
0.325,0.3225,0.41563927113853455
0.325,0.32999999999999996,0.41623120540881925
0.325,0.33749999999999997,0.4169819960727278
0.325,0.345,0.41788463342976023
0.325,0.3525,0.41893122385855763
0.325,0.36,0.4201132832154626
0.325,0.3675,0.4214220101764855
0.325,0.375,0.42284852544043644
0.325,0.3825,0.424384069153299
0.325,0.39,0.42602015447844965
0.325,0.39749999999999996,0.4277486793841604
0.325,0.40499999999999997,0.42956200134984424
0.325,0.4125,0.43145298099549834
0.325,0.42,0.43341500093845997
0.325,0.4275,0.4354419658195978
0.325,0.435,0.43752828871047755
0.325,0.4425,0.4396688682325
0.325,0.44999999999999996,0.4418590598329529
0.325,0.45749999999999996,0.4440946438547285
0.325,0.46499999999999997,0.44637179234517466
0.325,0.4725,0.44868703598533777
0.325,0.48,0.4510372320770786
0.325,0.4875,0.453419534187267
0.325,0.495,0.45583136379766764
0.325,0.5025,0.45827038412866183
0.325,0.51,0.46073447617889807
0.325,0.5175,0.4632217169380889
0.325,0.525,0.46573035967575005
0.325,0.5325,0.4682588161763147
0.325,0.54,0.470805640774291
0.325,0.5475,0.4733695160371507
0.325,0.5549999999999999,0.4759492399448527
0.325,0.5625,0.47854371442074456
0.325,0.57,0.47841746499573223
0.325,0.5775,0.4774665344705571
0.325,0.585,0.4767684635176783
0.325,0.5925,0.4763415446042653
0.325,0.6,0.47619783269496
0.33,0.0,0.3524331273951475
0.33,0.0075,0.352787844671968
0.33,0.015,0.3537935427247171
0.33,0.0225,0.35531453330199225
0.33,0.03,0.3572071970164157
0.33,0.0375,0.3593575037677683
0.33,0.045,0.3616856172528757
0.33,0.0525,0.36413814086622087
0.33,0.06,0.36667958168166576
0.33,0.0675,0.36928606081353793
0.33,0.075,0.37194119513698837
0.33,0.08249999999999999,0.3746334952283615
0.33,0.09,0.3773547258841382
0.33,0.0975,0.38009886123341374
0.33,0.105,0.38286140704267235
0.33,0.11249999999999999,0.3856389524364623
0.33,0.12,0.38842886738456706
0.33,0.1275,0.39122909456138294
0.33,0.135,0.3940380034830919
0.33,0.1425,0.3968542865170918
0.33,0.15,0.39967688355010056
0.33,0.1575,0.4025049266034682
0.33,0.16499999999999998,0.4053376985525119
0.33,0.1725,0.40817460196592165
0.33,0.18,0.41101513530670997
0.33,0.1875,0.41385887455680836
0.33,0.195,0.4167054588853043
0.33,0.20249999999999999,0.41955457936502116
0.33,0.21,0.4224059700110051
0.33,0.2175,0.42525940060476897
0.33,0.22499999999999998,0.42450418620244496
0.33,0.23249999999999998,0.4231196555098805
0.33,0.24,0.42185133357914784
0.33,0.2475,0.4207074301467181
0.33,0.255,0.41969602439931686
0.33,0.2625,0.418824851053472
0.33,0.27,0.4181010608546695
0.33,0.27749999999999997,0.41753096792597355
0.33,0.285,0.4171198010089621
0.33,0.2925,0.4168714788154694
0.33,0.3,0.4167884303846292
0.33,0.3075,0.4168714788154694
0.33,0.315,0.4171198010089621
0.33,0.3225,0.41753096792597355
0.33,0.32999999999999996,0.4181010608546695
0.33,0.33749999999999997,0.418824851053472
0.33,0.345,0.41969602439931686
0.33,0.3525,0.4207074301467181
0.33,0.36,0.42185133357914784
0.33,0.3675,0.4231196555098805
0.33,0.375,0.42450418620244496
0.33,0.3825,0.4259967662581254
0.33,0.39,0.4275894315266028
0.33,0.39749999999999996,0.4292745226476233
0.33,0.40499999999999997,0.4310447622634061
0.33,0.4125,0.43289330432604395
0.33,0.42,0.4348137604639571
0.33,0.4275,0.4368002083105991
0.33,0.435,0.4388471862648391
0.33,0.4425,0.4409496785286524
0.33,0.44999999999999996,0.4431030935845771
0.33,0.45749999999999996,0.4453032386161295
0.33,0.46499999999999997,0.44754629178510086
0.33,0.4725,0.4498287737801876
0.33,0.48,0.4521475196447285
0.33,0.4875,0.4544996515708118
0.33,0.495,0.45688255310145154
0.33,0.5025,0.4592938449992468
0.33,0.51,0.4617313629066782
0.33,0.5175,0.46419313682903357
0.33,0.525,0.4666773724066628
0.33,0.5325,0.46918243390130393
0.33,0.54,0.4717068287956568
0.33,0.5475,0.4742491938915768
0.33,0.5549999999999999,0.47680828278672416
0.33,0.5625,0.47789282965910684
0.33,0.57,0.4766426184430801
0.33,0.5775,0.4756320036595603
0.33,0.585,0.4748874097497596
0.33,0.5925,0.47443081597868075
0.33,0.6,0.4742768954237302
0.335,0.0,0.3543540646663773
0.335,0.0075,0.354659321829392
0.335,0.015,0.35553692617605226
0.335,0.0225,0.35689288771686384
0.335,0.03,0.3586176703395429
0.335,0.0375,0.36061467251419155
0.335,0.045,0.3628095584659011
0.335,0.0525,0.3651486361670603
0.335,0.06,0.36759401721557566
0.335,0.0675,0.370119016908994
0.335,0.075,0.372704673453135
0.335,0.08249999999999999,0.3753373236917819
0.335,0.09,0.37800696468029377
0.335,0.0975,0.38070615324234225
0.335,0.105,0.3834292629035332
0.335,0.11249999999999999,0.38617197659138575
0.335,0.12,0.3889309355485147
0.335,0.1275,0.3917034927826502
0.335,0.135,0.3944875373623827
0.335,0.1425,0.3972813673926788
0.335,0.15,0.400083596913565
0.335,0.1575,0.4028930867689792
0.335,0.16499999999999998,0.4057088926417732
0.335,0.1725,0.40853022554085283
0.335,0.18,0.41135642143156215
0.335,0.1875,0.41418691765734583
0.335,0.195,0.4170212344607255
0.335,0.20249999999999999,0.4198589603724441
0.335,0.21,0.4226997405632002
0.335,0.2175,0.4255432674850055
0.335,0.22499999999999998,0.42617584033851125
0.335,0.23249999999999998,0.42483123663892225
0.335,0.24,0.42360117542419223
0.335,0.2475,0.4224932527014411
0.335,0.255,0.4215148945072078
0.335,0.2625,0.4206731659137251
0.335,0.27,0.4199745610479766
0.335,0.27749999999999997,0.4194247849868592
0.335,0.285,0.4190285417842202
0.335,0.2925,0.4187893450454214
0.335,0.3,0.4187093676558591
0.335,0.3075,0.4187893450454214
0.335,0.315,0.4190285417842202
0.335,0.3225,0.4194247849868592
0.335,0.32999999999999996,0.4199745610479766
0.335,0.33749999999999997,0.4206731659137251
0.335,0.345,0.4215148945072078
0.335,0.3525,0.4224932527014411
0.335,0.36,0.42360117542419223
0.335,0.3675,0.42483123663892225
0.335,0.375,0.42617584033851125
0.335,0.3825,0.4276273855260533
0.335,0.39,0.42917840178797506
0.335,0.39749999999999996,0.4308216550667096
0.335,0.40499999999999997,0.43255022542705135
0.335,0.4125,0.4343575599829229
0.335,0.42,0.43623750482697743
0.335,0.4275,0.4381843199528739
0.335,0.435,0.4401926809515661
0.335,0.4425,0.44225767084711665
0.335,0.44999999999999996,0.4443747649280674
0.335,0.45749999999999996,0.4465398109056384
0.335,0.46499999999999997,0.44874900623831787
0.335,0.4725,0.45099887402925404
0.335,0.48,0.4532862385379965
0.335,0.4875,0.45560820105134797
0.335,0.495,0.45796211662357766
0.335,0.5025,0.4603455720156361
0.335,0.51,0.462756365027226
0.335,0.5175,0.46519248531595836
0.335,0.525,0.4676520967266632
0.335,0.5325,0.47013352110469364
0.335,0.54,0.47263522353441734
0.335,0.5475,0.4751557989237377
0.335,0.5549999999999999,0.47769395984410856
0.335,0.5625,0.4762138360614082
0.335,0.57,0.4748874097497596
0.335,0.5775,0.47380975515984414
0.335,0.585,0.47301227338752044
0.335,0.5925,0.47252164346466674
0.335,0.6,0.4723559581525003
0.34,0.0,0.3562750019376072
0.34,0.0075,0.3565428003751244
0.34,0.015,0.35731999900767625
0.34,0.0225,0.35853936413472903
0.34,0.03,0.3601168764800669
0.34,0.0375,0.3619722254606842
0.34,0.045,0.36403865159920984
0.34,0.0525,0.36626460336531697
0.34,0.06,0.3686116550812448
0.34,0.0675,0.3710515330273083
0.34,0.075,0.37356343737867587
0.34,0.08249999999999999,0.37613196259966525
0.34,0.09,0.3787455798287945
0.34,0.0975,0.38139555756144927
0.34,0.105,0.384075200023186
0.34,0.11249999999999999,0.38677930883362555
0.34,0.12,0.38950379992292816
0.34,0.1275,0.392245428345998
0.34,0.135,0.3950015884721055
0.34,0.1425,0.39777016726500525
0.34,0.15,0.40054943532602694
0.34,0.1575,0.4033379650827386
0.34,0.16499999999999998,0.4061345687025023
0.34,0.1725,0.40893825049305427
0.34,0.18,0.41174817005486647
0.34,0.1875,0.4145636134939818
0.34,0.195,0.41738397073637246
0.34,0.20249999999999999,0.420208717503751
0.34,0.21,0.42303740088203484
0.34,0.2175,0.42586962768189845
0.34,0.22499999999999998,0.4278621733978423
0.34,0.23249999999999998,0.42655555520108673
0.34,0.24,0.42536175096578877
0.34,0.2475,0.42428779467233074
0.34,0.255,0.42334052139874917
0.34,0.2625,0.42252639695177013
0.34,0.27,0.42185133357914784
0.34,0.27749999999999997,0.4213205011943033
0.34,0.285,0.42093814603699015
0.34,0.2925,0.4207074301467181
0.34,0.3,0.42063030492708897
0.34,0.3075,0.4207074301467181
0.34,0.315,0.42093814603699015
0.34,0.3225,0.4213205011943033
0.34,0.32999999999999996,0.42185133357914784
0.34,0.33749999999999997,0.42252639695177013
0.34,0.345,0.42334052139874917
0.34,0.3525,0.42428779467233074
0.34,0.36,0.42536175096578877
0.34,0.3675,0.42655555520108673
0.34,0.375,0.4278621733978423
0.34,0.3825,0.4292745226476233
0.34,0.39,0.430785597129035
0.34,0.39749999999999996,0.4323885691117187
0.34,0.40499999999999997,0.43407686582569793
0.34,0.4125,0.4358442243759386
0.34,0.42,0.43768472761975113
0.34,0.4275,0.43959282420873225
0.34,0.435,0.4415633359543997
0.34,0.4425,0.4435914554252214
0.34,0.44999999999999996,0.44567273631834586
0.34,0.45749999999999996,0.4478030787426982
0.34,0.46499999999999997,0.44997871114847887
0.34,0.4725,0.452196170269691
0.34,0.48,0.4544522801251841
0.34,0.4875,0.4567441308543169
0.34,0.495,0.4590690579442008
0.34,0.5025,0.4614246222318145
0.34,0.51,0.46380859092982063
0.34,0.5175,0.4662189198231183
0.34,0.525,0.46865373670783533
0.34,0.5325,0.47111132609010214
0.34,0.54,0.4735901151238822
0.34,0.5475,0.47608866074150247
0.34,0.5549999999999999,0.47619783269496
0.34,0.5625,0.47456690258548234
0.34,0.57,0.4731558515404096
0.34,0.5775,0.4720025164863741
0.34,0.585,0.47114445543491157
0.34,0.5925,0.47061441072496474
0.34,0.6,0.4704350208812705
0.34500000000000003,0.0,0.358195939208837
0.34500000000000003,0.0075,0.3584344116525037
0.34500000000000003,0.015,0.3591311148259533
0.34500000000000003,0.0225,0.36023656220319145
0.34500000000000003,0.03,0.3616856172528757
0.34500000000000003,0.0375,0.36341200331785833
0.34500000000000003,0.045,0.36535704364073934
0.34500000000000003,0.0525,0.36747275362543014
0.34500000000000003,0.06,0.36972156283621616
0.34500000000000003,0.0675,0.3720746739954294
0.34500000000000003,0.075,0.37451018223243837
0.34500000000000003,0.08249999999999999,0.3770114162981299
0.34500000000000003,0.09,0.3795656206386145
0.34500000000000003,0.0975,0.38216295795263944
0.34500000000000003,0.105,0.38479577099262013
0.34500000000000003,0.11249999999999999,0.38745804082159835
0.34500000000000003,0.12,0.3901449894874921
0.34500000000000003,0.1275,0.3928527874805367
0.34500000000000003,0.135,0.39557833694232314
0.34500000000000003,0.1425,0.39831910973729334
0.34500000000000003,0.15,0.4010730254558581
0.34500000000000003,0.1575,0.40383835868012435
0.34500000000000003,0.16499999999999998,0.4066136678621667
0.34500000000000003,0.1725,0.40939774029824033
0.34500000000000003,0.18,0.4121895491929664
0.34500000000000003,0.1875,0.4149882198820177
0.34500000000000003,0.195,0.4177930030507931
0.34500000000000003,0.20249999999999999,0.4206032533407537
0.34500000000000003,0.21,0.4234184121375106
0.34500000000000003,0.2175,0.4262379936292475
0.34500000000000003,0.22499999999999998,0.42906157344126666
0.34500000000000003,0.23249999999999998,0.42829153890496674
0.34500000000000003,0.24,0.4271321198517329
0.34500000000000003,0.2475,0.42609026374259656
0.34500000000000003,0.255,0.42517227063141344
0.34500000000000003,0.2625,0.424384069153299
0.34500000000000003,0.27,0.42373105457363913
0.34500000000000003,0.27749999999999997,0.42321792495756344
0.34500000000000003,0.285,0.42284852544043644
0.34500000000000003,0.2925,0.42262571154130135
0.34500000000000003,0.3,0.4225512421983188
0.34500000000000003,0.3075,0.42262571154130135
0.34500000000000003,0.315,0.42284852544043644
0.34500000000000003,0.3225,0.42321792495756344
0.34500000000000003,0.32999999999999996,0.42373105457363913
0.34500000000000003,0.33749999999999997,0.424384069153299
0.34500000000000003,0.345,0.42517227063141344
0.34500000000000003,0.3525,0.42609026374259656
0.34500000000000003,0.36,0.4271321198517329
0.34500000000000003,0.3675,0.42829153890496674
0.34500000000000003,0.375,0.4295620013498443
0.34500000000000003,0.3825,0.4309369041468082
0.34500000000000003,0.39,0.4324096773215233
0.34500000000000003,0.39749999999999996,0.4339738795954787
0.34500000000000003,0.40499999999999997,0.4356232733083656
0.34500000000000003,0.4125,0.4373518800480267
0.34500000000000003,0.42,0.4391540191531358
0.34500000000000003,0.4275,0.441024331620648
0.34500000000000003,0.435,0.44295779202561014
0.34500000000000003,0.4425,0.44494971093625085
0.34500000000000003,0.44999999999999996,0.44699573006138255
0.34500000000000003,0.45749999999999996,0.4490918120617763
0.34500000000000003,0.46499999999999997,0.4512342266364371
0.34500000000000003,0.4725,0.453419534187267
0.34500000000000003,0.48,0.45564456808796383
0.34500000000000003,0.4875,0.4579064163428327
0.34500000000000003,0.495,0.46020240322024225
0.34500000000000003,0.5025,0.46253007128186135
0.34500000000000003,0.51,0.4648871640987324
0.34500000000000003,0.5175,0.4672716098440052
0.34500000000000003,0.525,0.4696815058749986
0.34500000000000003,0.5325,0.47211510435968873
0.34500000000000003,0.54,0.47457079896078325
0.34500000000000003,0.5475,0.4765952867677379
0.34500000000000003,0.5549999999999999,0.4746854219284005
0.34500000000000003,0.5625,0.47295822376722885
0.34500000000000003,0.57,0.47145304864675325
0.34500000000000003,0.5775,0.47021385247000286
0.34500000000000003,0.585,0.469285828324645
0.34500000000000003,0.5925,0.4687096382045311
0.34500000000000003,0.6,0.4685140836100406
0.35000000000000003,0.0,0.3601168764800669
0.35000000000000003,0.0075,0.3603317798160539
0.35000000000000003,0.015,0.36096267766379825
0.35000000000000003,0.0225,0.3619722254606842
0.35000000000000003,0.03,0.3633092894108817
0.35000000000000003,0.0375,0.3649192196581415
0.35000000000000003,0.045,0.3667510716329065
0.35000000000000003,0.0525,0.3687610942006012
0.35000000000000003,0.06,0.3709135031678883
0.35000000000000003,0.0675,0.3731798216268872
0.35000000000000003,0.075,0.3755376929096139
0.35000000000000003,0.08249999999999999,0.3779696475265959
0.35000000000000003,0.09,0.38046202310500715
0.35000000000000003,0.0975,0.38300408913998113
0.35000000000000003,0.105,0.38558736500300494
0.35000000000000003,0.11249999999999999,0.388205098844051
0.35000000000000003,0.12,0.39085187281974454
0.35000000000000003,0.1275,0.39352330462644575
0.35000000000000003,0.135,0.3962158214062574
0.35000000000000003,0.1425,0.39892648772991646
0.35000000000000003,0.15,0.4016528739617181
0.35000000000000003,0.1575,0.4043929548569746
0.35000000000000003,0.16499999999999998,0.40714503089552273
0.35000000000000003,0.1725,0.40990766681105395
0.35000000000000003,0.18,0.4126796432091978
0.35000000000000003,0.1875,0.4154599182155916
0.35000000000000003,0.195,0.4182475968631351
0.35000000000000003,0.20249999999999999,0.42104190649219125
0.35000000000000003,0.21,0.4238421768544816
0.35000000000000003,0.2175,0.42664782392112444
0.35000000000000003,0.22499999999999998,0.429458336626641
0.35000000000000003,0.23249999999999998,0.4300382264114006
0.35000000000000003,0.24,0.428911444071093
0.35000000000000003,0.2475,0.42789995785379176
0.35000000000000003,0.255,0.42700958302074277
0.35000000000000003,0.2625,0.42624576585365137
0.35000000000000003,0.27,0.4256134411149852
0.35000000000000003,0.27749999999999997,0.4251168894775097
0.35000000000000003,0.285,0.4247596032881592
0.35000000000000003,0.2925,0.42454416965144215
0.35000000000000003,0.3,0.4244721794695486
0.35000000000000003,0.3075,0.42454416965144215
0.35000000000000003,0.315,0.4247596032881592
0.35000000000000003,0.3225,0.4251168894775097
0.35000000000000003,0.32999999999999996,0.4256134411149852
0.35000000000000003,0.33749999999999997,0.42624576585365137
0.35000000000000003,0.345,0.42700958302074277
0.35000000000000003,0.3525,0.42789995785379176
0.35000000000000003,0.36,0.428911444071093
0.35000000000000003,0.3675,0.4300382264114006
0.35000000000000003,0.375,0.4312742561173966
0.35000000000000003,0.3825,0.4326133740856384
0.35000000000000003,0.39,0.4340494182619931
0.35000000000000003,0.39749999999999996,0.435576313587326
0.35000000000000003,0.40499999999999997,0.4371881442394619
0.35000000000000003,0.4125,0.43887920900377253
0.35000000000000003,0.42,0.440644061332653
0.35000000000000003,0.4275,0.4424775360644145
0.35000000000000003,0.435,0.4443747649280674
0.35000000000000003,0.4425,0.4463311829310604
0.35000000000000003,0.44999999999999996,0.44834252757588977
0.35000000000000003,0.45749999999999996,0.45040483263115166
0.35000000000000003,0.46499999999999997,0.4525144179328213
0.35000000000000003,0.4725,0.4546678764399461
0.35000000000000003,0.48,0.4568620595330129
0.35000000000000003,0.4875,0.45882823019513436
0.35000000000000003,0.495,0.4606600821698993
0.35000000000000003,0.5025,0.462670104737594
0.35000000000000003,0.51,0.46482251370488115
0.35000000000000003,0.5175,0.46708883216388
0.35000000000000003,0.525,0.4694467034466068
0.35000000000000003,0.5325,0.4718786580635887
0.35000000000000003,0.54,0.474371033642
0.35000000000000003,0.5475,0.4752373640593451
0.35000000000000003,0.5549999999999999,0.47322734149165036
0.35000000000000003,0.5625,0.47139548951688537
0.35000000000000003,0.57,0.46978555926962556
0.35000000000000003,0.5775,0.46844849531942806
0.35000000000000003,0.585,0.4674389475225421
0.35000000000000003,0.5925,0.4668080496747978
0.35000000000000003,0.6,0.46659314633881077
0.355,0.0,0.36203781375129673
0.355,0.0075,0.3622333683457872
0.355,0.015,0.3628095584659011
0.355,0.0225,0.363737582611259
0.355,0.03,0.3649767787880094
0.355,0.0375,0.3664819539084849
0.355,0.045,0.3682091520696566
0.355,0.0525,0.370119016908994
0.355,0.06,0.37217809698248044
0.355,0.0675,0.3743588490321968
0.355,0.075,0.3766390024768905
0.355,0.08249999999999999,0.37900071182379846
0.355,0.09,0.3814297198967019
0.355,0.0975,0.3839146252710729
0.355,0.105,0.3864462784548413
0.355,0.11249999999999999,0.3890173000674826
0.355,0.12,0.3916217029628656
0.355,0.1275,0.39425459834657367
0.355,0.135,0.3969119678755517
0.355,0.1425,0.3995904868207795
0.355,0.15,0.40228738646560347
0.355,0.1575,0.4050003465819235
0.355,0.16499999999999998,0.4077274109811131
0.355,0.1725,0.41046692081535435
0.355,0.18,0.4132174615882511
0.355,0.1875,0.4159778208045306
0.355,0.195,0.41874695391998873
0.355,0.20249999999999999,0.4215239568031134
0.355,0.21,0.4243080433343682
0.355,0.2175,0.42709852708226437
0.355,0.22499999999999998,0.429894806232783
0.355,0.23249999999999998,0.43179475416960433
0.355,0.24,0.43069897500419435
0.355,0.2475,0.4297162531188473
0.355,0.255,0.4288519640548061
0.355,0.2625,0.42811112018159725
0.355,0.27,0.42749824503006995
0.355,0.27749999999999997,0.42701724888325565
0.355,0.285,0.42667131264842045
0.355,0.2925,0.4264627874176676
0.355,0.3,0.4263931167407785
0.355,0.3075,0.4264627874176676
0.355,0.315,0.42667131264842045
0.355,0.3225,0.42701724888325565
0.355,0.32999999999999996,0.42749824503006995
0.355,0.33749999999999997,0.42811112018159725
0.355,0.345,0.4288519640548061
0.355,0.3525,0.4297162531188473
0.355,0.36,0.43069897500419435
0.355,0.3675,0.43179475416960433
0.355,0.375,0.4329979727816369
0.355,0.3825,0.4343028821050324
0.355,0.39,0.4357037011806801
0.355,0.39749999999999996,0.4371947009885936
0.355,0.40499999999999997,0.4387702735226467
0.355,0.4125,0.4404249861705483
0.355,0.42,0.4421536224786323
0.355,0.4275,0.44395121080661554
0.355,0.435,0.4458130425847877
0.355,0.4425,0.4477346819261433
0.355,0.44999999999999996,0.4497119682689332
0.355,0.45749999999999996,0.45174101357476826
0.355,0.46499999999999997,0.4530401253629461
0.355,0.4725,0.45414557274018424
0.355,0.48,0.45559462778986853
0.355,0.4875,0.45732101385485113
0.355,0.495,0.4592660541777322
0.355,0.5025,0.46138176416242294
0.355,0.51,0.463630573373209
0.355,0.5175,0.46598368453242217
0.355,0.525,0.4684191927694312
0.355,0.5325,0.47092042683512275
0.355,0.54,0.47347463117560734
0.355,0.5475,0.473949023484174
0.355,0.5549999999999999,0.47183331349948326
0.355,0.5625,0.4698882731766022
0.355,0.57,0.4681618871116196
0.355,0.5775,0.4667128320619353
0.355,0.585,0.46560738468469715
0.355,0.5925,0.46491068151124765
0.355,0.6,0.46467220906758094
0.36,0.0,0.36395875102252656
0.36,0.0075,0.36413814086622087
0.36,0.015,0.3646681855761677
0.36,0.0225,0.3655262466276302
0.36,0.03,0.36667958168166576
0.36,0.0375,0.3680906327267385
0.36,0.045,0.36972156283621616
0.36,0.0525,0.37153726870320325
0.36,0.06,0.373506890265063
0.36,0.0675,0.37560422551493056
0.36,0.075,0.37780750376776834
0.36,0.08249999999999999,0.38009886123341374
0.36,0.09,0.382463730737983
0.36,0.0975,0.38489025606909666
0.36,0.105,0.38736877796467345
0.36,0.11249999999999999,0.3898914041841296
0.36,0.12,0.3924516595955632
0.36,0.1275,0.39504420573602644
0.36,0.135,0.39766461785930757
0.36,0.1425,0.4003092082887667
0.36,0.15,0.40297488650620833
0.36,0.1575,0.4056590481508948
0.36,0.16499999999999998,0.40835948668895455
0.36,0.1725,0.4110743228491547
0.36,0.18,0.41380194800050807
0.36,0.1875,0.4165409784995298
0.36,0.195,0.41929021869905914
0.36,0.20249999999999999,0.422048630824274
0.36,0.21,0.4248153103175763
0.36,0.2175,0.4275894655591353
0.36,0.22499999999999998,0.4303704011051562
0.36,0.23249999999999998,0.43315750376776835
0.36,0.24,0.43249404229228466
0.36,0.2475,0.43153859355910934
0.36,0.255,0.43069897500419435
0.36,0.2625,0.4299798079426361
0.36,0.27,0.42938524776207726
0.36,0.27749999999999997,0.42891887506576054
0.36,0.285,0.4285835948585876
0.36,0.2925,0.42838154990669214
0.36,0.3,0.42831405401200834
0.36,0.3075,0.42838154990669214
0.36,0.315,0.4285835948585876
0.36,0.3225,0.42891887506576054
0.36,0.32999999999999996,0.42938524776207726
0.36,0.33749999999999997,0.4299798079426361
0.36,0.345,0.43069897500419435
0.36,0.3525,0.43153859355910934
0.36,0.36,0.43249404229228466
0.36,0.3675,0.4335603449521713
0.36,0.375,0.43473227827786376
0.36,0.3825,0.43600447269638043
0.36,0.39,0.43737150280049586
0.36,0.39749999999999996,0.4388279657835787
0.36,0.40499999999999997,0.4403685470499975
0.36,0.4125,0.4419880730701161
0.36,0.42,0.4436815521818472
0.36,0.4275,0.44544420446229366
0.36,0.435,0.4472714820298257
0.36,0.4425,0.4491590812257442
0.36,0.44999999999999996,0.4501840124746
0.36,0.45749999999999996,0.4504518109121172
0.36,0.46499999999999997,0.4512290095446691
0.36,0.4725,0.4524483746717219
0.36,0.48,0.4540258870170597
0.36,0.4875,0.45588123599767705
0.36,0.495,0.45794766213620264
0.36,0.5025,0.46017361390230976
0.36,0.51,0.4625206656182376
0.36,0.5175,0.4649605435643011
0.36,0.525,0.4674724479156687
0.36,0.5325,0.47004097313665805
0.36,0.54,0.47265459036578733
0.36,0.5475,0.47274087322406083
0.36,0.5549999999999999,0.4705149214579537
0.36,0.5625,0.46844849531942806
0.36,0.57,0.46659314633881077
0.36,0.5775,0.46501563399347295
0.36,0.585,0.46379626886642017
0.36,0.5925,0.4630190702338683
0.36,0.6,0.46275127179635106
0.365,0.0,0.36587968829375644
0.365,0.0075,0.3660453736059229
0.365,0.015,0.3665360035287766
0.365,0.0225,0.36733348530110027
0.365,0.03,0.36841113989101576
0.365,0.0375,0.3697375662026643
0.365,0.045,0.37128018886474323
0.365,0.0525,0.37300785423314486
0.365,0.06,0.37489235333342036
0.365,0.0675,0.3769090662338614
0.365,0.075,0.3790370198937304
0.365,0.08249999999999999,0.38125861899399227
0.365,0.09,0.38355923292380606
0.365,0.0975,0.3859267496521676
0.365,0.105,0.3883511545547809
0.365,0.11249999999999999,0.3908241593047732
0.365,0.12,0.3933388874992702
0.365,0.1275,0.3958896144948039
0.365,0.135,0.39847155504979676
0.365,0.1425,0.401080691318371
0.365,0.15,0.4037136340418108
0.365,0.1575,0.4063675106421951
0.365,0.16499999999999998,0.4090398749286196
0.365,0.1725,0.4117286340891632
0.365,0.18,0.41443198948511284
0.365,0.1875,0.4171483884688262
0.365,0.195,0.41987648501990305
0.365,0.20249999999999999,0.4226151074531047
0.365,0.21,0.4253632318150713
0.365,0.2175,0.4281199598735334
0.365,0.22499999999999998,0.4308845008281281
0.365,0.23249999999999998,0.4336561560490818
0.365,0.24,0.4342960442538393
0.365,0.2475,0.4333664823649636
0.365,0.255,0.43255022542705135
0.365,0.2625,0.4318515416714571
0.365,0.27,0.43127425611739656
0.365,0.27749999999999997,0.4308216550667096
0.365,0.285,0.4304963982889659
0.365,0.2925,0.43030044399034945
0.365,0.3,0.4302349912832382
0.365,0.3075,0.43030044399034945
0.365,0.315,0.4304963982889659
0.365,0.3225,0.4308216550667096
0.365,0.32999999999999996,0.43127425611739656
0.365,0.33749999999999997,0.4318515416714571
0.365,0.345,0.43255022542705135
0.365,0.3525,0.4333664823649636
0.365,0.36,0.4342960442538393
0.365,0.3675,0.435334297863125
0.365,0.375,0.4364763814146379
0.365,0.3825,0.4377172755958709
0.365,0.39,0.43905188639337617
0.365,0.39749999999999996,0.44047511795959543
0.365,0.40499999999999997,0.4419819346057235
0.365,0.4125,0.44356741175480285
0.365,0.42,0.4452267762639438
0.365,0.4275,0.44695543692938083
0.365,0.435,0.44874900623831787
0.365,0.4425,0.4485683323663849
0.365,0.44999999999999996,0.44826307520337016
0.365,0.45749999999999996,0.4485683323663849
0.365,0.46499999999999997,0.4494459367130451
0.365,0.4725,0.45080189825385664
0.365,0.48,0.4525266808765357
0.365,0.4875,0.4545236830511844
0.365,0.495,0.4567185690028939
0.365,0.5025,0.4590576467040531
0.365,0.51,0.46150302775256846
0.365,0.5175,0.4640280274459868
0.365,0.525,0.4666136839901278
0.365,0.5325,0.4692463342287747
0.365,0.54,0.47191597521728657
0.365,0.5475,0.47162490602580415
0.365,0.5549999999999999,0.469285828324645
0.365,0.5625,0.4670909423729354
0.365,0.57,0.46509394019828676
0.365,0.5775,0.4633691575756077
0.365,0.585,0.4620131960347962
0.365,0.5925,0.46113559168813595
0.365,0.6,0.46083033452512123
0.37,0.0,0.36780062556498627
0.37,0.0075,0.3679545461199369
0.37,0.015,0.36841113989101576
0.37,0.0225,0.3691557338008164
0.37,0.03,0.37016634858433617
0.37,0.0375,0.371416559800363
0.37,0.045,0.3728782716659593
0.37,0.0525,0.3745239060142908
0.37,0.06,0.3763278369113174
0.37,0.0675,0.3782671410786417
0.37,0.075,0.38032184126061475
0.37,0.08249999999999999,0.3824748286756813
0.37,0.09,0.3847116131640339
0.37,0.0975,0.38702000207354226
0.37,0.105,0.38938976856635216
0.37,0.11249999999999999,0.3918123414553595
0.37,0.12,0.3942805306633829
0.37,0.1275,0.3967882920585575
0.37,0.135,0.3993305300502197
0.37,0.1425,0.4019029339244612
0.37,0.15,0.4045018431385016
0.37,0.1575,0.4071241368745641
0.37,0.16499999999999998,0.4097671436157954
0.37,0.1725,0.4124285670987899
0.37,0.18,0.41510642559281913
0.37,0.1875,0.4177990019974166
0.37,0.195,0.4205048027169161
0.37,0.20249999999999999,0.42322252366085955
0.37,0.21,0.425951022039298
0.37,0.2175,0.4286892928814564
0.37,0.22499999999999998,0.43143644941500314
0.37,0.23249999999999998,0.43419170661047907
0.37,0.24,0.43610443961634415
0.37,0.2475,0.4351994744321289
0.37,0.255,0.43440536682625636
0.37,0.2625,0.43372606563874416
0.37,0.27,0.43316509871899067
0.37,0.27749999999999997,0.43272548891281404
0.37,0.285,0.43240967732152324
0.37,0.2925,0.4322194580809711
0.37,0.3,0.43215592855446805
0.37,0.3075,0.4322194580809711
0.37,0.315,0.43240967732152324
0.37,0.3225,0.43272548891281404
0.37,0.32999999999999996,0.43316509871899067
0.37,0.33749999999999997,0.43372606563874416
0.37,0.345,0.43440536682625636
0.37,0.3525,0.4351994744321289
0.37,0.36,0.43610443961634415
0.37,0.3675,0.4371159796215399
0.37,0.375,0.4382295640625491
0.37,0.3825,0.4394404971955795
0.37,0.39,0.4407439936736234
0.37,0.39749999999999996,0.4421352460756227
0.37,0.40499999999999997,0.44360948323600735
0.37,0.4125,0.44516201904351266
0.37,0.42,0.4467882918937135
0.37,0.4275,0.44848389535992184
0.37,0.435,0.4477025532617099
0.37,0.4425,0.44669685520896085
0.37,0.44999999999999996,0.4463421379321403
0.37,0.45749999999999996,0.44669685520896085
0.37,0.46499999999999997,0.4477025532617099
0.37,0.4725,0.44922354383898505
0.37,0.48,0.45111620755340853
0.37,0.4875,0.45326651430476117
0.37,0.495,0.45559462778986853
0.37,0.5025,0.4580471514032137
0.37,0.51,0.4605885922186586
0.37,0.5175,0.4631950713505308
0.37,0.525,0.46585020567398117
0.37,0.5325,0.4685425057653543
0.37,0.54,0.47126373642113106
0.37,0.5475,0.4706144107249648
0.37,0.5549999999999999,0.4681618871116196
0.37,0.5625,0.46583377362651224
0.37,0.57,0.4636834668751596
0.37,0.5775,0.4617908031607361
0.37,0.585,0.46026981258346095
0.37,0.5925,0.4592641145307119
0.37,0.6,0.45890939725389135
0.375,0.0,0.36972156283621616
0.375,0.0075,0.36986527474552144
0.375,0.015,0.37029219365893445
0.375,0.0225,0.3709902646118132
0.375,0.03,0.3719411951369883
0.375,0.0375,0.3731226011601401
0.375,0.045,0.37451018223243837
0.375,0.0525,0.37607954522117276
0.375,0.06,0.37780750376776834
0.375,0.0675,0.37967285556547553
0.375,0.075,0.3816567368893867
0.375,0.08249999999999999,0.3837426820678525
0.375,0.09,0.3859165028679483
0.375,0.0975,0.38816607441902695
0.375,0.105,0.3904810854418818
0.375,0.11249999999999999,0.3928527874805367
0.375,0.12,0.3952737616857086
0.375,0.1275,0.39773771140420056
0.375,0.135,0.4002392827736266
0.375,0.1425,0.40277391226220094
0.375,0.15,0.4053376985525119
0.375,0.1575,0.40792729562062324
0.375,0.16499999999999998,0.41053982384975324
0.375,0.1725,0.41317279626700343
0.375,0.18,0.4158240573457327
0.375,0.1875,0.41849173219081837
0.375,0.195,0.42117418427718023
0.375,0.20249999999999999,0.42386998022550193
0.375,0.21,0.42657786036793666
0.375,0.2175,0.42929671408215003
0.375,0.22499999999999998,0.432025559058693
0.375,0.23249999999999998,0.43476352381976074
0.375,0.24,0.43750983293223517
0.375,0.2475,0.43703716996875774
0.375,0.255,0.43626408726177524
0.375,0.2625,0.43560315164077157
0.375,0.27,0.43505762303412115
0.375,0.27749999999999997,0.4346302878097184
0.375,0.285,0.43339615360969996
0.375,0.2925,0.43222284773615827
0.375,0.3,0.4317999471442926
0.375,0.3075,0.43222284773615827
0.375,0.315,0.43339615360969996
0.375,0.3225,0.4346302878097184
0.375,0.32999999999999996,0.43505762303412115
0.375,0.33749999999999997,0.43560315164077157
0.375,0.345,0.43626408726177524
0.375,0.3525,0.43703716996875774
0.375,0.36,0.43791874036815764
0.375,0.3675,0.43890481694900774
0.375,0.375,0.4399911733740727
0.375,0.3825,0.4411734128702522
0.375,0.39,0.4424470374645488
0.375,0.39749999999999996,0.44380751044975014
0.375,0.40499999999999997,0.4452503110835498
0.375,0.4125,0.4467709810781305
0.375,0.42,0.44836516289537726
0.375,0.4275,0.4477382982373302
0.375,0.435,0.4460174071263178
0.375,0.4425,0.4448441012527761
0.375,0.44999999999999996,0.44442120066091045
0.375,0.45749999999999996,0.4448441012527761
0.375,0.46499999999999997,0.4460174071263178
0.375,0.4725,0.44773829823733025
0.375,0.48,0.4498195140048211
0.375,0.4875,0.45213160887568393
0.375,0.495,0.4545937739733806
0.375,0.5025,0.45715644492237945
0.375,0.51,0.4597886988307493
0.375,0.5175,0.4624706731240057
0.375,0.525,0.46518919940173603
0.375,0.5325,0.46793527786863837
0.375,0.54,0.47070258402547593
0.375,0.5475,0.4697237042441305
0.375,0.5549999999999999,0.46716103329513164
0.375,0.5625,0.464698868197435
0.375,0.57,0.4623867733265722
0.375,0.5775,0.46030555755908126
0.375,0.585,0.4585846664480689
0.375,0.5925,0.4574113605745272
0.375,0.6,0.4569884599826615
0.38,0.0,0.371642500107446
0.38,0.0075,0.3717772705307356
0.38,0.015,0.37217809698248044
0.38,0.0225,0.372834960603539
0.38,0.03,0.37373249424758415
0.38,0.0375,0.3748516122403737
0.38,0.045,0.37617122450168977
0.38,0.0525,0.3776697466264406
0.38,0.06,0.3793262491923654
0.38,0.0675,0.3811212141163547
0.38,0.075,0.38303694715360004
0.38,0.08249999999999999,0.3850577302677536
0.38,0.09,0.3871697994306513
0.38,0.0975,0.38936121879561736
0.38,0.105,0.3916217029628656
0.38,0.11249999999999999,0.39394242151070447
0.38,0.12,0.39631580639472125
0.38,0.1275,0.39873537334637205
0.38,0.135,0.4011955622868482
0.38,0.1425,0.403691598091092
0.38,0.15,0.4062193709895834
0.38,0.1575,0.40877533488089585
0.38,0.16499999999999998,0.41135642143156215
0.38,0.1725,0.4139599677919202
0.38,0.18,0.4165836558898206
0.38,0.1875,0.419225461478628
0.38,0.195,0.4218836113551302
0.38,0.20249999999999999,0.4245565473964913
0.38,0.21,0.4272428962786037
0.38,0.2175,0.4299414439254408
0.38,0.22499999999999998,0.4326511138994827
0.38,0.23249999999999998,0.43537094907863977
0.38,0.24,0.438100096078088
0.38,0.2475,0.43887920900377253
0.38,0.255,0.4381261067578511
0.38,0.2625,0.43748259543409085
0.38,0.27,0.43604733644488153
0.38,0.27749999999999997,0.43376083470386406
0.38,0.285,0.4317999471442926
0.38,0.2925,0.43040150840809727
0.38,0.3,0.4298790098730627
0.38,0.3075,0.43040150840809727
0.38,0.315,0.4317999471442926
0.38,0.3225,0.43376083470386406
0.38,0.32999999999999996,0.43604733644488153
0.38,0.33749999999999997,0.43748259543409085
0.38,0.345,0.4381261067578511
0.38,0.3525,0.43887920900377253
0.38,0.36,0.43973850556539273
0.38,0.3675,0.44070028991223864
0.38,0.375,0.44176061491061736
0.38,0.3825,0.44291536012529886
0.38,0.39,0.4441602950743453
0.38,0.39749999999999996,0.44549113692990583
0.38,0.40499999999999997,0.4469036016760749
0.38,0.4125,0.4483934482095634
0.38,0.42,0.4486685899614994
0.38,0.4275,0.44638208822048187
0.38,0.435,0.4444212006609104
0.38,0.4425,0.4430227619247151
0.38,0.44999999999999996,0.44250026338968057
0.38,0.45749999999999996,0.4430227619247151
0.38,0.46499999999999997,0.44442120066091045
0.38,0.4725,0.4463820882204819
0.38,0.48,0.4486685899614994
0.38,0.4875,0.45114448111021493
0.38,0.495,0.45373555233527424
0.38,0.5025,0.45640036243246995
0.38,0.51,0.45911466238234105
0.38,0.5175,0.46186355665692974
0.38,0.525,0.46463748008389044
0.38,0.5325,0.4674300467721281
0.38,0.54,0.47023684744831024
0.38,0.5475,0.468967621754221
0.38,0.5549999999999999,0.4663028116570253
0.38,0.5625,0.46371174043196595
0.38,0.57,0.46123584928325045
0.38,0.5775,0.45894934754223293
0.38,0.585,0.4569884599826615
0.38,0.5925,0.4555900212464662
0.38,0.6,0.45506752271143164
0.385,0.0,0.37356343737867587
0.385,0.0075,0.37369031176220346
0.385,0.015,0.3740680224609372
0.385,0.0225,0.37468815651457
0.385,0.03,0.3755376929096139
0.385,0.0375,0.3766002551327164
0.385,0.045,0.37785746993825353
0.385,0.0525,0.3792902147194455
0.385,0.06,0.3808796190482986
0.385,0.0675,0.3826077735510683
0.385,0.075,0.38445816392349963
0.385,0.08249999999999999,0.3864158821172547
0.385,0.09,0.38846767618124894
0.385,0.0975,0.3906018947993526
0.385,0.105,0.392808370812549
0.385,0.11249999999999999,0.3950782754070943
0.385,0.12,0.3974039638338645
0.385,0.1275,0.39977882530890585
0.385,0.135,0.40219714400166107
0.385,0.1425,0.40465397425829824
0.385,0.15,0.40714503089552273
0.385,0.1575,0.4096665940758869
0.385,0.16499999999999998,0.41221542759114155
0.385,0.1725,0.41478870909090854
0.385,0.18,0.41738397073637246
0.385,0.1875,0.41999904882790734
0.385,0.195,0.42263204108674
0.385,0.20249999999999999,0.42528127042542085
0.385,0.21,0.4279452541982568
0.385,0.2175,0.43062267806955523
0.385,0.22499999999999998,0.4333123737693002
0.385,0.23249999999999998,0.4360133001210927
0.385,0.24,0.4387245268261297
0.385,0.2475,0.4407252666557932
0.385,0.255,0.4399911733740727
0.385,0.2625,0.43771210647275327
0.385,0.27,0.435081299745092
0.385,0.27749999999999997,0.432584317530697
0.385,0.285,0.43034510741246695
0.385,0.2925,0.42863828026661766
0.385,0.3,0.4279580726018329
0.385,0.3075,0.42863828026661766
0.385,0.315,0.43034510741246695
0.385,0.3225,0.432584317530697
0.385,0.32999999999999996,0.435081299745092
0.385,0.33749999999999997,0.43771210647275327
0.385,0.345,0.4399911733740727
0.385,0.3525,0.4407252666557932
0.385,0.36,0.44156333595439967
0.385,0.3675,0.4425019260923725
0.385,0.375,0.44353734656675936
0.385,0.3825,0.4446657324789346
0.385,0.39,0.44588310231873785
0.385,0.39749999999999996,0.4471854112092888
0.385,0.40499999999999997,0.4485685986516247
0.385,0.4125,0.4500286302141469
0.385,0.42,0.4477025532617099
0.385,0.4275,0.44520557104731484
0.385,0.435,0.4429663609290848
0.385,0.4425,0.4412595337832355
0.385,0.44999999999999996,0.44057932611845074
0.385,0.45749999999999996,0.4412595337832355
0.385,0.46499999999999997,0.4429663609290848
0.385,0.4725,0.44520557104731484
0.385,0.48,0.4477025532617099
0.385,0.4875,0.4503333599893712
0.385,0.495,0.4530401253629461
0.385,0.5025,0.45579346594221315
0.385,0.51,0.4585771961131605
0.385,0.5175,0.46138176416242294
0.385,0.525,0.4642012041959273
0.385,0.5325,0.4670316116971329
0.385,0.54,0.46987033007423196
0.385,0.5475,0.4683607252639642
0.385,0.5549999999999999,0.46560738468469715
0.385,0.5625,0.4629006193111222
0.385,0.57,0.46026981258346095
0.385,0.5775,0.4577728303690659
0.385,0.585,0.4555336202508359
0.385,0.5925,0.4538267931049866
0.385,0.6,0.4531465854402018
0.39,0.0,0.3754843746499057
0.39,0.0075,0.37560422551493056
0.39,0.015,0.37596131953723916
0.39,0.0225,0.37654852648036735
0.39,0.03,0.3773547258841382
0.39,0.0375,0.3783657805567505
0.39,0.045,0.3795656206386145
0.39,0.0525,0.3809372739394793
0.39,0.06,0.38246373073798307
0.39,0.0675,0.38412859237044006
0.39,0.075,0.3859165028679483
0.39,0.08249999999999999,0.3878133935898365
0.39,0.09,0.3898065835137104
0.39,0.0975,0.3918847781162464
0.39,0.105,0.3940380034830919
0.39,0.11249999999999999,0.39625750376776836
0.39,0.12,0.39853562190466396
0.39,0.1275,0.4008656766885637
0.39,0.135,0.4032418442230904
0.39,0.1425,0.4056590481508948
0.39,0.15,0.4081128606971084
0.39,0.1575,0.4100830080496191
0.39,0.16499999999999998,0.41220670269991355
0.39,0.1725,0.414740183886801
0.39,0.18,0.4174297389103344
0.39,0.1875,0.4201911477611091
0.39,0.195,0.422990831443319
0.39,0.20249999999999999,0.4258131391501111
0.39,0.21,0.428649875384525
0.39,0.2175,0.4313395915463881
0.39,0.22499999999999998,0.43400857787542835
0.39,0.23249999999999998,0.4366898742750804
0.39,0.24,0.43938247520721585
0.39,0.2475,0.4420854781495477
0.39,0.255,0.43990542735991783
0.39,0.2625,0.43710574367770794
0.39,0.27,0.43434433482693324
0.39,0.27749999999999997,0.43165477980339984
0.39,0.285,0.42912129861651244
0.39,0.2925,0.42699760396621794
0.39,0.3,0.426037135330603
0.39,0.3075,0.42699760396621794
0.39,0.315,0.42912129861651244
0.39,0.3225,0.43165477980339984
0.39,0.32999999999999996,0.43434433482693324
0.39,0.33749999999999997,0.43710574367770794
0.39,0.345,0.43990542735991783
0.39,0.3525,0.44257504904574174
0.39,0.36,0.4433928692920197
0.39,0.3675,0.44430929547029696
0.39,0.375,0.44532087319450175
0.39,0.3825,0.4464239739991042
0.39,0.39,0.4476148481308513
0.39,0.39749999999999996,0.44888967364677984
0.39,0.40499999999999997,0.45024460089925294
0.39,0.4125,0.4497269971943258
0.39,0.42,0.4469655883435511
0.39,0.4275,0.4442760333200177
0.39,0.435,0.44174255213313024
0.39,0.4425,0.4396188574828358
0.39,0.44999999999999996,0.43865838884722086
0.39,0.45749999999999996,0.4396188574828358
0.39,0.46499999999999997,0.4417425521331303
0.39,0.4725,0.4442760333200177
0.39,0.48,0.4469655883435511
0.39,0.4875,0.4497269971943258
0.39,0.495,0.4525266808765357
0.39,0.5025,0.4553489885833278
0.39,0.51,0.4581857248177417
0.39,0.5175,0.4610322061705121
0.39,0.525,0.4638855700169786
0.39,0.5325,0.46674397114053184
0.39,0.54,0.46960616793913934
0.39,0.5475,0.46791624790507885
0.39,0.5549999999999999,0.46509394019828676
0.39,0.5625,0.46229425651607686
0.39,0.57,0.45953284766530217
0.39,0.5775,0.45684329264176876
0.39,0.585,0.45430981145488136
0.39,0.5925,0.45218611680458687
0.39,0.6,0.4512256481689719
0.395,0.0,0.3774053119211356
0.395,0.0075,0.3775188749521422
0.395,0.015,0.37785746993825353
0.395,0.0225,0.3784150030179183
0.395,0.03,0.3791819077474517
0.395,0.0375,0.3801459096986927
0.395,0.045,0.3812928971668675
0.395,0.0525,0.3826077735510683
0.395,0.06,0.384075200023186
0.395,0.0675,0.38568017958684353
0.395,0.075,0.38740847149963387
0.395,0.08249999999999999,0.3892468510947648
0.395,0.09,0.3911832434440774
0.395,0.0975,0.39320676284473804
0.395,0.105,0.39530768759098717
0.395,0.11249999999999999,0.3974773941689349
0.395,0.12,0.39970826906891044
0.395,0.1275,0.40199361102629316
0.395,0.135,0.4043275321499758
0.395,0.1425,0.40670486313727494
0.395,0.15,0.40720160214277434
0.395,0.1575,0.408743683785729
0.395,0.16499999999999998,0.41135520189093944
0.395,0.1725,0.4141357481574317
0.395,0.18,0.41696527012803475
0.395,0.1875,0.41981519272765316
0.395,0.195,0.42267549168873353
0.395,0.20249999999999999,0.4255417729360112
0.395,0.21,0.42841181270298595
0.395,0.2175,0.4312843665311159
0.395,0.22499999999999998,0.4341586841942058
0.395,0.23249999999999998,0.4370342867122101
0.395,0.24,0.43991085401339003
0.395,0.2475,0.44245636885261
0.395,0.255,0.43959008760533236
0.395,0.2625,0.436729788644252
0.395,0.27,0.4338798660446335
0.395,0.27749999999999997,0.43105034407403053
0.395,0.285,0.42826979780753827
0.395,0.2925,0.42565827970232784
0.395,0.3,0.4241161980593732
0.395,0.3075,0.42565827970232784
0.395,0.315,0.42826979780753827
0.395,0.3225,0.43105034407403053
0.395,0.32999999999999996,0.4338798660446335
0.395,0.33749999999999997,0.436729788644252
0.395,0.345,0.43959008760533236
0.395,0.3525,0.44245636885261
0.395,0.36,0.4452267762639438
0.395,0.3675,0.4461220059326488
0.395,0.375,0.4471107418420649
0.395,0.3825,0.4481895744234191
0.395,0.39,0.44935496970239525
0.395,0.39749999999999996,0.45060331455281966
0.395,0.40499999999999997,0.45193095809120215
0.395,0.4125,0.44935104216086985
0.395,0.42,0.4465011195612514
0.395,0.4275,0.4436715975906484
0.395,0.435,0.4408910513241561
0.395,0.4425,0.4382795332189457
0.395,0.44999999999999996,0.43673745157599103
0.395,0.45749999999999996,0.4382795332189457
0.395,0.46499999999999997,0.4408910513241561
0.395,0.4725,0.44367159759064845
0.395,0.48,0.44650111956125144
0.395,0.4875,0.44935104216086985
0.395,0.495,0.4522113411219502
0.395,0.5025,0.4550776223692279
0.395,0.51,0.45794766213620264
0.395,0.5175,0.4608202159643326
0.395,0.525,0.46369453362742247
0.395,0.5325,0.4665701361454268
0.395,0.54,0.4694467034466068
0.395,0.5475,0.46764488169097895
0.395,0.5549999999999999,0.4647786004437013
0.395,0.5625,0.4619183014826209
0.395,0.57,0.4590683788830025
0.395,0.5775,0.45623885691239946
0.395,0.585,0.4534583106459072
0.395,0.5925,0.45084679254069676
0.395,0.6,0.4493047108977421
0.4,0.0,0.37932624919236546
0.4,0.0075,0.3794341503905929
0.4,0.015,0.37975605586433947
0.4,0.0225,0.38028671782798035
0.4,0.03,0.3810178515598282
0.4,0.0375,0.3819387418675381
0.4,0.045,0.38303694715360004
0.4,0.0525,0.38429900639213016
0.4,0.06,0.38571107505399505
0.4,0.0675,0.3872594454746699
0.4,0.075,0.3889309355485147
0.4,0.08249999999999999,0.3907131510379324
0.4,0.09,0.3925946394980446
0.4,0.0975,0.3945649589813731
0.4,0.105,0.39661468463343413
0.4,0.11249999999999999,0.39873537334637205
0.4,0.12,0.4009195025680083
0.4,0.1275,0.40316039526687864
0.4,0.135,0.405452139486006
0.4,0.1425,0.4077895080738595
0.4,0.15,0.40528066487154446
0.4,0.1575,0.40816207077838923
0.4,0.16499999999999998,0.411043476685234
0.4,0.1725,0.4139248825920788
0.4,0.18,0.4168062884989236
0.4,0.1875,0.41968769440576836
0.4,0.195,0.42256910031261313
0.4,0.20249999999999999,0.4254505062194579
0.4,0.21,0.4283319121263027
0.4,0.2175,0.4312133180331475
0.4,0.22499999999999998,0.43409472393999227
0.4,0.23249999999999998,0.43697612984683704
0.4,0.24,0.43985753575368186
0.4,0.2475,0.44236510213605673
0.4,0.255,0.43948369622921196
0.4,0.2625,0.4366022903223672
0.4,0.27,0.4337208844155224
0.4,0.27749999999999997,0.43083947850867765
0.4,0.285,0.4279580726018329
0.4,0.2925,0.42507666669498806
0.4,0.3,0.4221952607881433
0.4,0.3075,0.42507666669498806
0.4,0.315,0.4279580726018329
0.4,0.3225,0.43083947850867765
0.4,0.32999999999999996,0.4337208844155224
0.4,0.33749999999999997,0.4366022903223672
0.4,0.345,0.43948369622921196
0.4,0.3525,0.44236510213605673
0.4,0.36,0.44524650804290156
0.4,0.3675,0.44793969931645583
0.4,0.375,0.4489065375321926
0.4,0.3825,0.44996206479760636
0.4,0.39,0.45110294810431645
0.4,0.39749999999999996,0.45232576990238155
0.4,0.40499999999999997,0.4521049497458298
0.4,0.4125,0.44922354383898505
0.4,0.42,0.4463421379321403
0.4,0.4275,0.44346073202529546
0.4,0.435,0.4405793261184507
0.4,0.4425,0.4376979202116059
0.4,0.44999999999999996,0.43481651430476115
0.4,0.45749999999999996,0.4376979202116059
0.4,0.46499999999999997,0.44057932611845074
0.4,0.4725,0.4434607320252955
0.4,0.48,0.4463421379321403
0.4,0.4875,0.44922354383898505
0.4,0.495,0.4521049497458299
0.4,0.5025,0.45498635565267465
0.4,0.51,0.4578677615595194
0.4,0.5175,0.4607491674663642
0.4,0.525,0.463630573373209
0.4,0.5325,0.4665119792800537
0.4,0.54,0.46939338518689855
0.4,0.5475,0.4675536149744257
0.4,0.5549999999999999,0.46467220906758094
0.4,0.5625,0.4617908031607361
0.4,0.57,0.45890939725389135
0.4,0.5775,0.4560279913470465
0.4,0.585,0.4531465854402018
0.4,0.5925,0.450265179533357
0.4,0.6,0.4473837736265122
