Missingness,Shift,upper
0.0,0.0,0.3365588117638735
0.0,0.0075,0.33727916324058466
0.0,0.015,0.3379995147172959
0.0,0.0225,0.33871986619400707
0.0,0.03,0.33944021767071825
0.0,0.0375,0.3401605691474295
0.0,0.045,0.34088092062414066
0.0,0.0525,0.34160127210085184
0.0,0.06,0.342321623577563
0.0,0.0675,0.34304197505427425
0.0,0.075,0.34376232653098543
0.0,0.08249999999999999,0.3444826780076966
0.0,0.09,0.34520302948440784
0.0,0.0975,0.345923380961119
0.0,0.105,0.3466437324378302
0.0,0.11249999999999999,0.34736408391454143
0.0,0.12,0.3480844353912526
0.0,0.1275,0.3488047868679638
0.0,0.135,0.349525138344675
0.0,0.1425,0.3502454898213862
0.0,0.15,0.3495822588081281
0.0,0.1575,0.3503026102848393
0.0,0.16499999999999998,0.3510229617615505
0.0,0.1725,0.3517433132382617
0.0,0.18,0.35246366471497287
0.0,0.1875,0.3531840161916841
0.0,0.195,0.3539043676683953
0.0,0.20249999999999999,0.35462471914510646
0.0,0.21,0.35534507062181764
0.0,0.2175,0.35606542209852887
0.0,0.22499999999999998,0.35678577357524005
0.0,0.23249999999999998,0.35750612505195123
0.0,0.24,0.35822647652866246
0.0,0.2475,0.35894682800537364
0.0,0.255,0.3596671794820848
0.0,0.2625,0.36038753095879605
0.0,0.27,0.36110788243550723
0.0,0.27749999999999997,0.3618282339122184
0.0,0.285,0.3625485853889296
0.0,0.2925,0.3632689368656408
0.0,0.3,0.363989288342352
0.0,0.3075,0.3647096398190632
0.0,0.315,0.3654299912957744
0.0,0.3225,0.3661503427724856
0.0,0.32999999999999996,0.36687069424919677
0.0,0.33749999999999997,0.367591045725908
0.0,0.345,0.3683113972026192
0.0,0.3525,0.36903174867933036
0.0,0.36,0.36975210015604154
0.0,0.3675,0.3704724516327528
0.0,0.375,0.37119280310946395
0.0,0.3825,0.37191315458617513
0.0,0.39,0.37263350606288637
0.0,0.39749999999999996,0.37335385753959754
0.0,0.40499999999999997,0.3740742090163087
0.0,0.4125,0.37479456049301996
0.0,0.42,0.37551491196973114
0.0,0.4275,0.3762352634464423
0.0,0.435,0.37695561492315355
0.0,0.4425,0.3776759663998647
0.0,0.44999999999999996,0.3783963178765759
0.0,0.45749999999999996,0.37911666935328714
0.0,0.46499999999999997,0.3798370208299983
0.0,0.4725,0.3805573723067095
0.0,0.48,0.3812777237834207
0.0,0.4875,0.3819980752601319
0.0,0.495,0.3827184267368431
0.0,0.5025,0.38343877821355427
0.0,0.51,0.3841591296902655
0.0,0.5175,0.3848794811669767
0.0,0.525,0.38559983264368786
0.0,0.5325,0.38632018412039903
0.0,0.54,0.38704053559711027
0.0,0.5475,0.38776088707382145
0.0,0.5549999999999999,0.38831582755517213
0.0,0.5625,0.3875954760784609
0.0,0.57,0.3868751246017497
0.0,0.5775,0.38615477312503854
0.0,0.585,0.38543442164832736
0.0,0.5925,0.38471407017161613
0.0,0.6,0.38399371869490495
0.005,0.0,0.33703904608168095
0.005,0.0075,0.33742456649241964
0.005,0.015,0.3380774460187222
0.005,0.0225,0.3387725825853453
0.005,0.03,0.33947996307799605
0.005,0.0375,0.34019244372790064
0.005,0.045,0.34090751846817074
0.005,0.0525,0.3416240887799902
0.005,0.06,0.34234159872173386
0.005,0.0675,0.34305973717876637
0.005,0.075,0.3437783165945388
0.005,0.08249999999999999,0.3444972172240399
0.005,0.09,0.3452163590493349
0.005,0.0975,0.345935686576411
0.005,0.105,0.3466551601136483
0.005,0.11249999999999999,0.34737475052340794
0.005,0.12,0.3480944359342424
0.005,0.1275,0.3488141996096334
0.005,0.135,0.34953402852506865
0.005,0.1425,0.3502539123932957
0.005,0.15,0.35006249312593557
0.005,0.1575,0.35044801353667426
0.005,0.16499999999999998,0.3511008930629768
0.005,0.1725,0.35179602962959994
0.005,0.18,0.35250341012225067
0.005,0.1875,0.35321589077215526
0.005,0.195,0.35393096551242537
0.005,0.20249999999999999,0.3546475358242448
0.005,0.21,0.3553650457659885
0.005,0.2175,0.356083184223021
0.005,0.22499999999999998,0.3568017636387934
0.005,0.23249999999999998,0.35752066426829454
0.005,0.24,0.3582398060935895
0.005,0.2475,0.3589591336206656
0.005,0.255,0.3596786071579029
0.005,0.2625,0.36039819756766256
0.005,0.27,0.36111788297849706
0.005,0.27749999999999997,0.361837646653888
0.005,0.285,0.3625574755693233
0.005,0.2925,0.3632773594375503
0.005,0.3,0.36399729002557607
0.005,0.3075,0.36471726066640353
0.005,0.315,0.36543726590368
0.005,0.3225,0.3661573012288883
0.005,0.32999999999999996,0.3668773628841376
0.005,0.33749999999999997,0.36759744771221675
0.005,0.345,0.36831755304120595
0.005,0.3525,0.3690376765946985
0.005,0.36,0.36975781642124006
0.005,0.3675,0.37047797083835093
0.005,0.375,0.37119813838773347
0.005,0.3825,0.3719183177991408
0.005,0.39,0.37263850796101505
0.005,0.39749999999999996,0.3733587078964592
0.005,0.40499999999999997,0.37407891674344657
0.005,0.4125,0.37479913373842033
0.005,0.42,0.3755193582026248
0.005,0.4275,0.3762395895306517
0.005,0.435,0.37695982718079407
0.005,0.4425,0.3776800706668832
0.005,0.44999999999999996,0.3784003195513495
0.005,0.45749999999999996,0.3791205734392982
0.005,0.46499999999999997,0.37984083197343116
0.005,0.4725,0.38056109482967676
0.005,0.48,0.3812813617134155
0.005,0.4875,0.3820016323562089
0.005,0.495,0.3827219065129544
0.005,0.5025,0.3834421839594039
0.005,0.51,0.3841624644899918
0.005,0.5175,0.3848827479159294
0.005,0.525,0.3856030340635276
0.005,0.5325,0.3863233227727168
0.005,0.54,0.38704361389573805
0.005,0.5475,0.38776390729598154
0.005,0.5549999999999999,0.3883424253992022
0.005,0.5625,0.3876273506589321
0.005,0.57,0.3869148700090275
0.005,0.5775,0.3862074895163768
0.005,0.585,0.3855123529497537
0.005,0.5925,0.38485947342345106
0.005,0.6,0.3844739530127124
0.01,0.0,0.3375192803994884
0.01,0.0075,0.3377593975583921
0.01,0.015,0.33829032122096575
0.01,0.0225,0.3389236915176876
0.01,0.03,0.33959608027357097
0.01,0.0375,0.3402864324862646
0.01,0.045,0.3409863534068171
0.01,0.0525,0.34169193033351514
0.01,0.06,0.3424011143921186
0.01,0.0675,0.34311273473031123
0.01,0.075,0.34382607569192786
0.01,0.08249999999999999,0.3445406759728161
0.01,0.09,0.345256225172468
0.01,0.0975,0.3459725069071209
0.01,0.105,0.3466893657961069
0.01,0.11249999999999999,0.34740668741996394
0.01,0.12,0.3481243856795942
0.01,0.1275,0.34884239455758637
0.01,0.135,0.3495606625936592
0.01,0.1425,0.3502791490866218
0.01,0.15,0.35054272744374304
0.01,0.1575,0.35078284460264675
0.01,0.16499999999999998,0.35131376826522037
0.01,0.1725,0.3519471385619422
0.01,0.18,0.3526195273178256
0.01,0.1875,0.35330987953051923
0.01,0.195,0.3540098004510717
0.01,0.20249999999999999,0.35471537737776976
0.01,0.21,0.35542456143637324
0.01,0.2175,0.35613618177456585
0.01,0.22499999999999998,0.3568495227361825
0.01,0.23249999999999998,0.35756412301707075
0.01,0.24,0.35827967221672263
0.01,0.2475,0.3589959539513755
0.01,0.255,0.3597128128403615
0.01,0.2625,0.36043013446421857
0.01,0.27,0.3611478327238488
0.01,0.27749999999999997,0.361865841601841
0.01,0.285,0.3625841096379138
0.01,0.2925,0.3633025961308764
0.01,0.3,0.36402126846945876
0.01,0.3075,0.3647401002194241
0.01,0.315,0.36545906972846093
0.01,0.3225,0.3661781590925357
0.01,0.32999999999999996,0.3668973533790509
0.01,0.33749999999999997,0.36761664003538397
0.01,0.345,0.3683360084332031
0.01,0.3525,0.36905544951355695
0.01,0.36,0.36977495550767764
0.01,0.3675,0.37049451971530883
0.01,0.375,0.371214136327197
0.01,0.3825,0.3719338002818162
0.01,0.39,0.37265350714886597
0.01,0.39749999999999996,0.373373253033885
0.01,0.40499999999999997,0.3740930344996479
0.01,0.4125,0.37481284850099894
0.01,0.42,0.37553269233051845
0.01,0.4275,0.3762525635729785
0.01,0.435,0.3769724600669725
0.01,0.4425,0.37769237987243515
0.01,0.44999999999999996,0.37841232124302404
0.01,0.45749999999999996,0.3791322826025348
0.01,0.46499999999999997,0.3798522625246789
0.01,0.4725,0.38057225971567893
0.01,0.48,0.38129227299923185
0.01,0.4875,0.3820123013034749
0.01,0.495,0.3827323436496485
0.01,0.5025,0.3834523991422041
0.01,0.51,0.38417246696014706
0.01,0.5175,0.3848925463494382
0.01,0.525,0.38561263661630546
0.01,0.5325,0.3863327371213419
0.01,0.54,0.3870528472742838
0.01,0.5475,0.3877729665293788
0.01,0.5549999999999999,0.3884212603378486
0.01,0.5625,0.3877213394172961
0.01,0.57,0.38703098720460244
0.01,0.5775,0.38635859844871906
0.01,0.585,0.3857252281519972
0.01,0.5925,0.3851943044894236
0.01,0.6,0.3849541873305199
0.015,0.0,0.3379995147172959
0.015,0.0075,0.33816956663349207
0.015,0.015,0.3385962734199544
0.015,0.0225,0.3391560759495119
0.015,0.03,0.33978032150311066
0.015,0.0375,0.340438023185026
0.015,0.045,0.3411147145284197
0.015,0.0525,0.3418030496732365
0.015,0.06,0.3424989822159733
0.015,0.0675,0.34320012422828894
0.015,0.075,0.343904984236665
0.015,0.08249999999999999,0.34461258611196643
0.015,0.09,0.3453222657062412
0.015,0.0975,0.34603355615356546
0.015,0.105,0.34674612004427807
0.015,0.11249999999999999,0.347459707655955
0.015,0.12,0.34817413031309974
0.015,0.1275,0.3488892428694756
0.015,0.135,0.3496049318767653
0.015,0.1425,0.3503211074026832
0.015,0.15,0.3510229617615505
0.015,0.1575,0.3511930136777467
0.015,0.16499999999999998,0.35161972046420903
0.015,0.1725,0.35217952299376654
0.015,0.18,0.3528037685473653
0.015,0.1875,0.3534614702292806
0.015,0.195,0.3541381615726743
0.015,0.20249999999999999,0.3548264967174911
0.015,0.21,0.3555224292602279
0.015,0.2175,0.35622357127254356
0.015,0.22499999999999998,0.3569284312809196
0.015,0.23249999999999998,0.35763603315622106
0.015,0.24,0.3583457127504958
0.015,0.2475,0.3590570031978201
0.015,0.255,0.3597695670885327
0.015,0.2625,0.36048315470020964
0.015,0.27,0.36119757735735436
0.015,0.27749999999999997,0.3619126899137302
0.015,0.285,0.3626283789210199
0.015,0.2925,0.3633445544469378
0.015,0.3,0.36406114429700465
0.015,0.3075,0.3647780898564782
0.015,0.315,0.3654953430472063
0.015,0.3225,0.36621286406620573
0.015,0.32999999999999996,0.3669306196817092
0.015,0.33749999999999997,0.36764858193293687
0.015,0.345,0.36836672712639573
0.015,0.3525,0.3690850350528067
0.015,0.36,0.3698034883701503
0.015,0.3675,0.3705220721131698
0.015,0.375,0.37124077330012406
0.015,0.3825,0.37195958061503787
0.015,0.39,0.3726784841490794
0.015,0.39749999999999996,0.37339747518862737
0.015,0.40499999999999997,0.3741165460404893
0.015,0.4125,0.3748356898868944
0.015,0.42,0.3755549006645123
0.015,0.4275,0.3762741729629803
0.015,0.435,0.376993501939369
0.015,0.4425,0.3777128832457406
0.015,0.44999999999999996,0.37843231296752267
0.015,0.45749999999999996,0.3791517875708595
0.015,0.46499999999999997,0.37987130385745244
0.015,0.4725,0.3805908589256761
0.015,0.48,0.38131045013697634
0.015,0.4875,0.3820300750867315
0.015,0.495,0.3827497315789016
0.015,0.5025,0.383469417603902
0.015,0.51,0.3841891313192349
0.015,0.5175,0.38490887103248383
0.015,0.525,0.385628635186344
0.015,0.5325,0.38634842234540784
0.015,0.54,0.38706823118447176
0.015,0.5475,0.38778806047816244
0.015,0.5549999999999999,0.38850790909171357
0.015,0.5625,0.38787293011605745
0.015,0.57,0.38721522843414213
0.015,0.5775,0.3865909828805434
0.015,0.585,0.3860311803509859
0.015,0.5925,0.38560447356452354
0.015,0.6,0.38543442164832736
0.02,0.0,0.3384797490351033
0.02,0.0075,0.338610373668862
0.02,0.015,0.3389599833529108
0.02,0.0225,0.33945020524280367
0.02,0.03,0.340021830678058
0.02,0.0375,0.3406408034652369
0.02,0.045,0.34128857127150175
0.02,0.0525,0.3419547737958007
0.02,0.06,0.34263334878326845
0.02,0.0675,0.3433205723519156
0.02,0.075,0.3440140532086558
0.02,0.08249999999999999,0.3447121948807152
0.02,0.09,0.3454138950497607
0.02,0.0975,0.346118370134949
0.02,0.105,0.3468250489031568
0.02,0.11249999999999999,0.3475335056662108
0.02,0.12,0.34824341702036377
0.02,0.1275,0.3489545330518825
0.02,0.135,0.34966665769674893
0.02,0.1425,0.3503796350479619
0.02,0.15,0.3510933396199822
0.02,0.1575,0.3516338207131166
0.02,0.16499999999999998,0.3519834303971654
0.02,0.1725,0.3524736522870583
0.02,0.18,0.35304527772231264
0.02,0.1875,0.3536642505094915
0.02,0.195,0.35431201831575637
0.02,0.20249999999999999,0.3549782208400553
0.02,0.21,0.3556567958275231
0.02,0.2175,0.3563440193961702
0.02,0.22499999999999998,0.3570375002529104
0.02,0.23249999999999998,0.3577356419249698
0.02,0.24,0.35843734209401534
0.02,0.2475,0.3591418171792036
0.02,0.255,0.3598484959474114
0.02,0.2625,0.3605569527104654
0.02,0.27,0.3612668640646184
0.02,0.27749999999999997,0.36197798009613713
0.02,0.285,0.36269010474100355
0.02,0.2925,0.3634030820922165
0.02,0.3,0.3641167866642368
0.02,0.3075,0.3648311163473013
0.02,0.315,0.36554598722601345
0.02,0.3225,0.3662613297130077
0.02,0.32999999999999996,0.36697708562531717
0.02,0.33749999999999997,0.3676932059465303
0.02,0.345,0.3684096490946229
0.02,0.3525,0.3691263795673232
0.02,0.36,0.36984336687259484
0.02,0.3675,0.37056058467674785
0.02,0.375,0.37127801012030903
0.02,0.3825,0.3719956232644073
0.02,0.39,0.3727134066395696
0.02,0.39749999999999996,0.37343134487552276
0.02,0.40499999999999997,0.37414942439555393
0.02,0.4125,0.37486763316268334
0.02,0.42,0.37558596046769954
0.02,0.4275,0.3763043967512269
0.02,0.435,0.3770229334536247
0.02,0.4425,0.37774156288777466
0.02,0.44999999999999996,0.3784602781307894
0.02,0.45749999999999996,0.3791790729314421
0.02,0.46499999999999997,0.3798979416307201
0.02,0.4725,0.3806168790933837
0.02,0.48,0.38133588064879376
0.02,0.4875,0.38205494203957663
0.02,0.495,0.38277405937694325
0.02,0.5025,0.38349322910167766
0.02,0.51,0.38421244794997367
0.02,0.5175,0.3849317129234323
0.02,0.525,0.3856510212626399
0.02,0.5325,0.3863703704238389
0.02,0.54,0.38708975805827806
0.02,0.5475,0.38780918199388814
0.02,0.5549999999999999,0.38852864021898575
0.02,0.5625,0.38807571039626837
0.02,0.57,0.3874567376090895
0.02,0.5775,0.38688511217383514
0.02,0.585,0.38639489028394225
0.02,0.5925,0.38604528059989346
0.02,0.6,0.3859146559661348
0.025,0.0,0.3389599833529108
0.025,0.0075,0.3390657085008772
0.025,0.015,0.3393590349692627
0.025,0.0225,0.33978925774701574
0.025,0.03,0.3403095616888885
0.025,0.0375,0.3408875854066042
0.025,0.045,0.34150312668102834
0.025,0.0525,0.3421437944182781
0.025,0.06,0.3428018578953705
0.025,0.0675,0.3434723514686846
0.025,0.075,0.34415198303811717
0.025,0.08249999999999999,0.3448385026548428
0.025,0.09,0.3455303291940522
0.025,0.0975,0.34622632340079434
0.025,0.105,0.34692564589971264
0.025,0.11249999999999999,0.34762766587123256
0.025,0.12,0.3483319007807798
0.025,0.1275,0.3490379756481247
0.025,0.135,0.3497455949197459
0.025,0.1425,0.3504545226578868
0.025,0.15,0.3511645683344863
0.025,0.1575,0.35187557647610956
0.025,0.16499999999999998,0.3523824820135173
0.025,0.1725,0.35281270479127036
0.025,0.18,0.3533330087331431
0.025,0.1875,0.3539110324508588
0.025,0.195,0.35452657372528296
0.025,0.20249999999999999,0.3551672414625327
0.025,0.21,0.3558253049396251
0.025,0.2175,0.3564957985129392
0.025,0.22499999999999998,0.3571754300823718
0.025,0.23249999999999998,0.3578619496990974
0.025,0.24,0.3585537762383068
0.025,0.2475,0.35924977044504897
0.025,0.255,0.35994909294396726
0.025,0.2625,0.3606511129154872
0.025,0.27,0.3613553478250344
0.025,0.27749999999999997,0.36206142269237934
0.025,0.285,0.3627690419640005
0.025,0.2925,0.3634779697021414
0.025,0.3,0.3641880153787409
0.025,0.3075,0.3648990235203642
0.025,0.315,0.365610866046438
0.025,0.3225,0.36632343652207644
0.025,0.32999999999999996,0.36703664579249395
0.025,0.33749999999999997,0.36775041862826396
0.025,0.345,0.368464691119671
0.025,0.3525,0.3691794086327837
0.025,0.36,0.3698945241913885
0.025,0.3675,0.370609997185091
0.025,0.375,0.37132579232961443
0.025,0.3825,0.37204187882383627
0.025,0.39,0.3727582296615789
0.025,0.39749999999999996,0.37347482106607777
0.025,0.40499999999999997,0.37419163202241373
0.025,0.4125,0.37490864388871153
0.025,0.42,0.3756258400710804
0.025,0.4275,0.3763432057504543
0.025,0.435,0.37706072765193377
0.025,0.4425,0.37777839384912265
0.025,0.44999999999999996,0.3784961935974299
0.025,0.45749999999999996,0.37921411719146275
0.025,0.46499999999999997,0.3799321558425498
0.025,0.4725,0.3806503015731624
0.025,0.48,0.38136854712557716
0.025,0.4875,0.38208688588259243
0.025,0.495,0.38280531179848404
0.025,0.5025,0.38352381933869295
0.025,0.51,0.3842424034269839
0.025,0.5175,0.3849610593990187
0.025,0.525,0.3856797829614547
0.025,0.5325,0.38639857015581747
0.025,0.54,0.38711741732650923
0.025,0.5475,0.38783632109241367
0.025,0.5549999999999999,0.38855527832163256
0.025,0.5625,0.38832249233763566
0.025,0.57,0.38774446861991996
0.025,0.5775,0.3872241646780472
0.025,0.585,0.38679394190029415
0.025,0.5925,0.38650061543190867
0.025,0.6,0.38639489028394225
0.03,0.0,0.33944021767071825
0.03,0.0075,0.3395288969899234
0.03,0.015,0.33978032150311066
0.03,0.0225,0.3401605691474295
0.03,0.03,0.34063373507603534
0.03,0.0375,0.3411713117638735
0.03,0.045,0.3417533401351503
0.03,0.0525,0.3423664710384866
0.03,0.06,0.34300183124234784
0.03,0.0675,0.34365345102531586
0.03,0.075,0.34431723460617847
0.03,0.08249999999999999,0.3449903096290218
0.03,0.09,0.34567061729296594
0.03,0.0975,0.34635665113028485
0.03,0.105,0.34704728758259945
0.03,0.11249999999999999,0.34774167393104694
0.03,0.12,0.3484391526680731
0.03,0.1275,0.3491392094622771
0.03,0.135,0.3498414366927044
0.03,0.1425,0.35054550745120433
0.03,0.15,0.35125115670945656
0.03,0.1575,0.35195816747279846
0.03,0.16499999999999998,0.3526663604600594
0.03,0.1725,0.3531840161916841
0.03,0.18,0.35365718212028996
0.03,0.1875,0.3541947588081281
0.03,0.195,0.3547767871794049
0.03,0.20249999999999999,0.35538991808274123
0.03,0.21,0.35602527828660246
0.03,0.2175,0.3566768980695705
0.03,0.22499999999999998,0.3573406816504331
0.03,0.23249999999999998,0.3580137566732764
0.03,0.24,0.35869406433722056
0.03,0.2475,0.3593800981745395
0.03,0.255,0.36007073462685407
0.03,0.2625,0.36076512097530156
0.03,0.27,0.36146259971232775
0.03,0.27749999999999997,0.36216265650653173
0.03,0.285,0.362864883736959
0.03,0.2925,0.36356895449545895
0.03,0.3,0.3642746037537112
0.03,0.3075,0.3649816145170531
0.03,0.315,0.365689807504314
0.03,0.3225,0.36639903335766644
0.03,0.32999999999999996,0.3671091666928635
0.03,0.33749999999999997,0.3678201015053881
0.03,0.345,0.3685317475875121
0.03,0.3525,0.3692440277074413
0.03,0.36,0.3699568753689373
0.03,0.3675,0.3706702330173783
0.03,0.375,0.3713840505922912
0.03,0.3825,0.37209828435106085
0.03,0.39,0.3728128959065807
0.03,0.39749999999999996,0.3735278514349561
0.03,0.40499999999999997,0.3742431210193323
0.03,0.4125,0.3749586781034109
0.03,0.42,0.3756744990339117
0.03,0.4275,0.3763905626755868
0.03,0.435,0.37710685008574746
0.03,0.4425,0.37782334423787034
0.03,0.44999999999999996,0.3785400297858812
0.03,0.45749999999999996,0.3792568928623165
0.03,0.46499999999999997,0.37997392090482823
0.03,0.4725,0.3806911025065043
0.03,0.48,0.38140842728628455
0.03,0.4875,0.3821258857763995
0.03,0.495,0.38284346932428337
0.03,0.5025,0.38356117000684076
0.03,0.51,0.3842789805552903
0.03,0.5175,0.3849968942890984
0.03,0.525,0.38571490505774564
0.03,0.5325,0.3864330071892668
0.03,0.54,0.38715119544466337
0.03,0.5475,0.38786946497742175
0.03,0.5549999999999999,0.3885878112974853
0.03,0.5625,0.38860621869490497
0.03,0.57,0.3880686420070668
0.03,0.5775,0.3875954760784609
0.03,0.585,0.38721522843414213
0.03,0.5925,0.38696380392095486
0.03,0.6,0.3868751246017497
0.035,0.0,0.3399204519885257
0.035,0.0075,0.3399967662792794
0.035,0.015,0.34021616736594446
0.035,0.0225,0.34055515775114736
0.035,0.03,0.3409863534068171
0.035,0.0375,0.3414856039504793
0.035,0.045,0.34203432543840667
0.035,0.0525,0.34261909486369646
0.035,0.06,0.3432304401258253
0.035,0.0675,0.3438616900491799
0.035,0.075,0.34450810418521516
0.035,0.08249999999999999,0.3451662667448769
0.035,0.09,0.34583367699200485
0.035,0.0975,0.34650847413251695
0.035,0.105,0.34718925154781466
0.035,0.11249999999999999,0.3478749299697778
0.035,0.12,0.3485646697090601
0.035,0.1275,0.34925780901759396
0.035,0.135,0.3499538201625271
0.035,0.1425,0.3506522776701011
0.035,0.15,0.35135283505032266
0.035,0.1575,0.3520552075141762
0.035,0.16499999999999998,0.3527591589823747
0.035,0.1725,0.3534644922071446
0.035,0.18,0.3540098004510717
0.035,0.1875,0.3545090509947339
0.035,0.195,0.3550577724826613
0.035,0.20249999999999999,0.3556425419079511
0.035,0.21,0.35625388717007994
0.035,0.2175,0.3568851370934345
0.035,0.22499999999999998,0.3575315512294698
0.035,0.23249999999999998,0.3581897137891315
0.035,0.24,0.35885712403625947
0.035,0.2475,0.3595319211767716
0.035,0.255,0.3602126985920693
0.035,0.2625,0.36089837701403243
0.035,0.27,0.3615881167533147
0.035,0.27749999999999997,0.3622812560618486
0.035,0.285,0.3629772672067817
0.035,0.2925,0.3636757247143557
0.035,0.3,0.3643762820945773
0.035,0.3075,0.3650786545584308
0.035,0.315,0.3657826060266293
0.035,0.3225,0.3664879392513992
0.035,0.32999999999999996,0.3671944882240765
0.035,0.33749999999999997,0.36790211228052244
0.035,0.345,0.3686106914813674
0.035,0.3525,0.36932012295929706
0.035,0.36,0.37003031800698605
0.035,0.3675,0.3707411997374374
0.035,0.375,0.3714527011904852
0.035,0.3825,0.3721647637898612
0.035,0.39,0.3728773360778003
0.035,0.39749999999999996,0.3735903726709454
0.035,0.40499999999999997,0.3743038333939024
0.035,0.4125,0.37501768255631834
0.035,0.42,0.375731888346613
0.035,0.4275,0.3764464223210685
0.035,0.435,0.3771612589712957
0.035,0.4425,0.3778763753564496
0.035,0.44999999999999996,0.37859175078920215
0.035,0.45749999999999996,0.37930736656655345
0.035,0.46499999999999997,0.38002320573820897
0.035,0.4725,0.38073925290656446
0.035,0.48,0.3814554940533931
0.035,0.4875,0.38217191638917675
0.035,0.495,0.3828885082217141
0.035,0.5025,0.38360525884119395
0.035,0.51,0.384322158419382
0.035,0.5175,0.38503919792094493
0.035,0.525,0.38575636902524335
0.035,0.5325,0.38647366405718303
0.035,0.54,0.38719107592592644
0.035,0.5475,0.3879085980704422
0.035,0.5549999999999999,0.38862622441102246
0.035,0.5625,0.38892051088151075
0.035,0.57,0.3884212603378486
0.035,0.5775,0.38799006468217884
0.035,0.585,0.38765107429697593
0.035,0.5925,0.38743167321031086
0.035,0.6,0.3873553589195572
0.04,0.0,0.3404006863063332
0.04,0.0075,0.3404676359157125
0.04,0.015,0.34066193557385044
0.04,0.0225,0.34096677685561366
0.04,0.03,0.34136115494194813
0.04,0.0375,0.34182499218710244
0.04,0.045,0.34234159872173386
0.04,0.0525,0.3428980866632606
0.04,0.06,0.34348484959224257
0.04,0.0675,0.34409481907875844
0.04,0.075,0.34472279516660037
0.04,0.08249999999999999,0.3453649264718477
0.04,0.09,0.34601833077913
0.04,0.0975,0.3466808252122937
0.04,0.105,0.3473507358277279
0.04,0.11249999999999999,0.34802676303033775
0.04,0.12,0.34870788580266343
0.04,0.1275,0.3493932929084309
0.04,0.135,0.3500823329399578
0.04,0.1425,0.3507744776381827
0.04,0.15,0.3514692946534381
0.04,0.1575,0.35216642709261603
0.04,0.16499999999999998,0.35286557799755697
0.04,0.1725,0.35356649844519494
0.04,0.18,0.354268978335648
0.04,0.1875,0.35484843923135706
0.04,0.195,0.3553650457659885
0.04,0.20249999999999999,0.3559215337075152
0.04,0.21,0.3565082966364972
0.04,0.2175,0.35711826612301306
0.04,0.22499999999999998,0.357746242210855
0.04,0.23249999999999998,0.3583883735161023
0.04,0.24,0.35904177782338464
0.04,0.2475,0.35970427225654833
0.04,0.255,0.36037418287198253
0.04,0.2625,0.36105021007459237
0.04,0.27,0.36173133284691805
0.04,0.27749999999999997,0.36241673995268553
0.04,0.285,0.3631057799842124
0.04,0.2925,0.3637979246824373
0.04,0.3,0.36449274169769275
0.04,0.3075,0.36518987413687065
0.04,0.315,0.3658890250418116
0.04,0.3225,0.36658994548944956
0.04,0.32999999999999996,0.36729242537990264
0.04,0.33749999999999997,0.36799628623968145
0.04,0.345,0.36870137555027915
0.04,0.3525,0.36940756224212373
0.04,0.36,0.37011473308669474
0.04,0.3675,0.3708227897866606
0.04,0.375,0.37153164661280275
0.04,0.3825,0.37224122847247954
0.04,0.39,0.3729514693211086
0.04,0.39749999999999996,0.3736623108481466
0.04,0.40499999999999997,0.37437370138414616
0.04,0.4125,0.3750855949869499
0.04,0.42,0.37579795067387906
0.04,0.4275,0.37651073177356004
0.04,0.435,0.3772239053763049
0.04,0.4425,0.37793744186608064
0.04,0.44999999999999996,0.3786513145203455
0.04,0.45749999999999996,0.37936549916659146
0.04,0.46499999999999997,0.3800799738864745
0.04,0.4725,0.3807947187600447
0.04,0.48,0.3815097156438988
0.04,0.4875,0.38222494797813983
0.04,0.495,0.3829404006178872
0.04,0.5025,0.38365605968578187
0.04,0.51,0.38437191244250624
0.04,0.5175,0.3850879471728113
0.04,0.525,0.38580415308493254
0.04,0.5325,0.38652052022160016
0.04,0.54,0.38723703938111775
0.04,0.5475,0.3879537020472089
0.04,0.5549999999999999,0.38867050032651823
0.04,0.5625,0.3892598991181339
0.04,0.57,0.3887960618729796
0.04,0.5775,0.38840168378664514
0.04,0.585,0.3880968425048819
0.04,0.5925,0.38790254284674397
0.04,0.6,0.38783559323736466
0.045,0.0,0.34088092062414066
0.045,0.0075,0.3409405387350573
0.045,0.015,0.3411147145284197
0.045,0.0225,0.34139107637272925
0.045,0.03,0.3417533401351503
0.045,0.0375,0.342184936651396
0.045,0.045,0.3426711967321162
0.045,0.0525,0.34320012422828894
0.045,0.06,0.34376232653098543
0.045,0.0675,0.34435060432078873
0.045,0.075,0.344959481380041
0.045,0.08249999999999999,0.34558478989646385
0.045,0.09,0.346223340981585
0.045,0.0975,0.34687267531009125
0.045,0.105,0.3475308785700864
0.045,0.11249999999999999,0.34819644602733096
0.045,0.12,0.3488681831938044
0.045,0.1275,0.34954513269206555
0.045,0.135,0.35022652005751215
0.045,0.1425,0.35091171325625475
0.045,0.15,0.35160019218589594
0.045,0.1575,0.35229152549196247
0.045,0.16499999999999998,0.35298535278747306
0.045,0.1725,0.3536813708964915
0.045,0.18,0.354379323120173
0.045,0.1875,0.3550789907924358
0.045,0.195,0.35569464377637083
0.045,0.20249999999999999,0.35622357127254356
0.045,0.21,0.35678577357524005
0.045,0.2175,0.35737405136504335
0.045,0.22499999999999998,0.35798292842429563
0.045,0.23249999999999998,0.35860823694071847
0.045,0.24,0.35924678802583965
0.045,0.2475,0.35989612235434587
0.045,0.255,0.36055432561434103
0.045,0.2625,0.3612198930715856
0.045,0.27,0.36189163023805904
0.045,0.27749999999999997,0.3625685797363202
0.045,0.285,0.36324996710176677
0.045,0.2925,0.3639351603005094
0.045,0.3,0.36462363923015056
0.045,0.3075,0.3653149725362171
0.045,0.315,0.3660087998317277
0.045,0.3225,0.3667048179407461
0.045,0.32999999999999996,0.36740277016442763
0.045,0.33749999999999997,0.36810243783669044
0.045,0.345,0.3688036336288843
0.045,0.3525,0.3695061962013744
0.045,0.36,0.37020998590056364
0.045,0.3675,0.3709148812734979
0.045,0.375,0.3716207762265027
0.045,0.3825,0.37232757769465946
0.045,0.39,0.3730352037191622
0.045,0.39749999999999996,0.37374358185240697
0.045,0.40499999999999997,0.37445264782800475
0.045,0.4125,0.37516234444617863
0.045,0.42,0.3758726206352312
0.045,0.4275,0.3765834306576979
0.045,0.435,0.377294733435992
0.045,0.4425,0.3780064919772041
0.045,0.44999999999999996,0.37871867288055644
0.045,0.45749999999999996,0.3794312459140585
0.045,0.46499999999999997,0.3801441836493419
0.045,0.4725,0.3808574611456031
0.045,0.48,0.38157105567515637
0.045,0.4875,0.3822849464843727
0.045,0.495,0.3829991145848166
0.045,0.5025,0.38371354257024287
0.045,0.51,0.38442821445580694
0.045,0.5175,0.38514311553641856
0.045,0.525,0.3858582322616414
0.045,0.5325,0.3865735521249344
0.045,0.54,0.3872890635653599
0.045,0.5475,0.3880047558801561
0.045,0.5549999999999999,0.3887206191468035
0.045,0.5625,0.38943664415340723
0.045,0.57,0.38918824706618177
0.045,0.5775,0.3888259833037607
0.045,0.585,0.38854962145945116
0.045,0.5925,0.3883754456660888
0.045,0.6,0.38831582755517213
0.05,0.0,0.34136115494194813
0.05,0.0075,0.34141488077594484
0.05,0.015,0.34157260523788097
0.05,0.0225,0.34182499218710244
0.05,0.03,0.3421592581746518
0.05,0.0375,0.3425617407364668
0.05,0.045,0.343019703730158
0.05,0.0525,0.3435222093720817
0.05,0.06,0.3440603116139035
0.05,0.0675,0.3446268912286532
0.05,0.075,0.3452163590493349
0.05,0.08249999999999999,0.3458243477035804
0.05,0.09,0.3464474415981832
0.05,0.0975,0.3470829581069267
0.05,0.105,0.3477287770726826
0.05,0.11249999999999999,0.34838321053294413
0.05,0.12,0.34904490402686755
0.05,0.1275,0.34971276197854284
0.05,0.135,0.3503858911734957
0.05,0.1425,0.3510635577544105
0.05,0.15,0.3517451543123609
0.05,0.1575,0.35243017453617503
0.05,0.16499999999999998,0.3531181935458121
0.05,0.1725,0.3538088525246949
0.05,0.18,0.35450184662423084
0.05,0.1875,0.35519691537582926
0.05,0.195,0.35589383503771516
0.05,0.20249999999999999,0.35654565641633634
0.05,0.21,0.3570837586581581
0.05,0.2175,0.3576503382729078
0.05,0.22499999999999998,0.3582398060935895
0.05,0.23249999999999998,0.358847794747835
0.05,0.24,0.3594708886424378
0.05,0.2475,0.3601064051511813
0.05,0.255,0.36075222411693725
0.05,0.2625,0.36140665757719875
0.05,0.27,0.3620683510711222
0.05,0.27749999999999997,0.36273620902279746
0.05,0.285,0.36340933821775034
0.05,0.2925,0.3640870047986651
0.05,0.3,0.36476860135661554
0.05,0.3075,0.36545362158042966
0.05,0.315,0.3661416405900667
0.05,0.3225,0.3668322995689495
0.05,0.32999999999999996,0.36752529366848546
0.05,0.33749999999999997,0.3682203624200839
0.05,0.345,0.3689172820819698
0.05,0.3525,0.3696158594892338
0.05,0.36,0.37031592707980643
0.05,0.3675,0.3710173388464671
0.05,0.375,0.37171996702284626
0.05,0.3825,0.37242369935486247
0.05,0.39,0.37312843684194075
0.05,0.39749999999999996,0.373834091857405
0.05,0.40499999999999997,0.37454058657663053
0.05,0.4125,0.3752478516563364
0.05,0.42,0.3759558251198729
0.05,0.4275,0.3766644514123099
0.05,0.435,0.3773736805961547
0.05,0.4425,0.37808346766406964
0.05,0.44999999999999996,0.37879377194935376
0.05,0.45749999999999996,0.3795045566184568
0.05,0.46499999999999997,0.3802157882326002
0.05,0.4725,0.38092743636784215
0.05,0.48,0.38163947328474784
0.05,0.4875,0.38235187364031675
0.05,0.495,0.3830646142360247
0.05,0.5025,0.38377767379683675
0.05,0.51,0.3844910327768598
0.05,0.5175,0.3852046731879817
0.05,0.525,0.3859185784483999
0.05,0.5325,0.38663273324841024
0.05,0.54,0.3873471234312139
0.05,0.5475,0.3880617358868255
0.05,0.5549999999999999,0.38877655845743936
0.05,0.5625,0.38949157985284144
0.05,0.57,0.3895941651056833
0.05,0.5775,0.3892598991181339
0.05,0.585,0.38900751216891244
0.05,0.5925,0.3888497877069763
0.05,0.6,0.3887960618729796
0.055,0.0,0.3418413892597556
0.055,0.0075,0.34189027790837817
0.055,0.015,0.34203432543840667
0.055,0.0225,0.34226633147474617
0.055,0.03,0.34257613051893376
0.055,0.0375,0.34295242429905265
0.055,0.045,0.3433842238393455
0.055,0.0525,0.3438616900491799
0.055,0.06,0.3443764600675515
0.055,0.0675,0.3449216480799806
0.055,0.075,0.345491686441154
0.055,0.08249999999999999,0.346082113777881
0.055,0.09,0.3466893657961069
0.055,0.0975,0.3473105921396996
0.055,0.105,0.34794350543564173
0.055,0.11249999999999999,0.34858626083880206
0.055,0.12,0.3492373615626478
0.055,0.1275,0.3498955854085748
0.055,0.135,0.35055992779081935
0.055,0.1425,0.35122955752712626
0.055,0.15,0.35190378243833226
0.055,0.1575,0.35258202246741227
0.055,0.16499999999999998,0.35326378856720964
0.055,0.1725,0.35394866602576996
0.055,0.18,0.35463630121899414
0.055,0.1875,0.35532639102306407
0.055,0.195,0.3560186743019286
0.055,0.20249999999999999,0.35671292502270974
0.055,0.21,0.35739990711180614
0.055,0.2175,0.3579450951242352
0.055,0.22499999999999998,0.35851513348540864
0.055,0.23249999999999998,0.3591055608221356
0.055,0.24,0.3597128128403615
0.055,0.2475,0.36033403918395424
0.055,0.255,0.36096695247989635
0.055,0.2625,0.3616097078830567
0.055,0.27,0.3622608086069024
0.055,0.27749999999999997,0.3629190324528294
0.055,0.285,0.36358337483507397
0.055,0.2925,0.3642530045713809
0.055,0.3,0.3649272294825869
0.055,0.3075,0.3656054695116669
0.055,0.315,0.36628723561146426
0.055,0.3225,0.3669721130700246
0.055,0.32999999999999996,0.36765974826324876
0.055,0.33749999999999997,0.3683498380673187
0.055,0.345,0.3690421213461832
0.055,0.3525,0.36973637206696436
0.055,0.36,0.3704323936997781
0.055,0.3675,0.3711300146367521
0.055,0.375,0.3718290844243818
0.055,0.3825,0.37252947064856745
0.055,0.39,0.37323105634626946
0.055,0.39749999999999996,0.37393373784431805
0.055,0.40499999999999997,0.3746374229464849
0.055,0.4125,0.3753420294059032
0.055,0.42,0.376047483632414
0.055,0.4275,0.3767537195942176
0.055,0.435,0.37746067788095217
0.055,0.4425,0.3781683049014583
0.055,0.44999999999999996,0.3788765521943834
0.055,0.45749999999999996,0.3795853758336973
0.055,0.46499999999999997,0.38029473591434665
0.055,0.4725,0.38100459610582127
0.055,0.48,0.38171492326347634
0.055,0.4875,0.38242568708914043
0.055,0.495,0.3831368598339189
0.055,0.5025,0.3838484160372368
0.055,0.51,0.3845603322971012
0.055,0.5175,0.3852725870673358
0.055,0.525,0.3859851604781873
0.055,0.5325,0.386698034177235
0.055,0.54,0.38741119118798784
0.055,0.5475,0.3881246157839281
0.055,0.5549999999999999,0.388838293376077
0.055,0.5625,0.38955221041242705
0.055,0.57,0.39001103744996524
0.055,0.5775,0.38970123840577764
0.055,0.585,0.38946923236943815
0.055,0.5925,0.38932518483940964
0.055,0.6,0.3892762961907871
0.06,0.0,0.342321623577563
0.06,0.0075,0.3423664710384866
0.06,0.015,0.3424989822159733
0.06,0.0225,0.34271349747883895
0.06,0.03,0.34300183124234784
0.06,0.0375,0.343354594003616
0.06,0.045,0.34376232653098543
0.06,0.0525,0.34421625299773223
0.06,0.06,0.34470865838819714
0.06,0.0675,0.34523299220066406
0.06,0.075,0.34578381176387346
0.06,0.08249999999999999,0.34635665113028485
0.06,0.09,0.34694786850642717
0.06,0.0975,0.34755449983920556
0.06,0.105,0.34817413031309974
0.06,0.11249999999999999,0.3488047868679638
0.06,0.12,0.3494448507208222
0.06,0.1275,0.350092987255938
0.06,0.135,0.3507480902867583
0.06,0.1425,0.3514092378941231
0.06,0.15,0.35207565744848346
0.06,0.1575,0.3527466978596551
0.06,0.16499999999999998,0.35342180749417
0.06,0.1725,0.35410051653422003
0.06,0.18,0.3547824228220584
0.06,0.1875,0.35546718044681386
0.06,0.195,0.3561544904966962
0.06,0.20249999999999999,0.3568440935279999
0.06,0.21,0.3575357634013255
0.06,0.2175,0.35822930221171523
0.06,0.22499999999999998,0.3588072588081281
0.06,0.23249999999999998,0.3593800981745395
0.06,0.24,0.3599713155506818
0.06,0.2475,0.3605779468834602
0.06,0.255,0.36119757735735436
0.06,0.2625,0.3618282339122184
0.06,0.27,0.36246829776507683
0.06,0.27749999999999997,0.36311643430019264
0.06,0.285,0.3637715373310129
0.06,0.2925,0.3644326849383777
0.06,0.3,0.3650991044927381
0.06,0.3075,0.36577014490390974
0.06,0.315,0.36644525453842464
0.06,0.3225,0.36712396357847465
0.06,0.32999999999999996,0.36780586986631303
0.06,0.33749999999999997,0.3684906274910685
0.06,0.345,0.3691779375409508
0.06,0.3525,0.3698675405722545
0.06,0.36,0.3705592104455801
0.06,0.3675,0.37125274925596985
0.06,0.375,0.37194798314247507
0.06,0.3825,0.3726447588081281
0.06,0.39,0.37334294061652745
0.06,0.39749999999999996,0.3740424081586533
0.06,0.40499999999999997,0.3747430542049354
0.06,0.4125,0.3754447829743807
0.06,0.42,0.3761475086657899
0.06,0.4275,0.37685115420654863
0.06,0.435,0.37755565018278986
0.06,0.4425,0.3782609339213546
0.06,0.44999999999999996,0.3789669486992942
0.06,0.45749999999999996,0.37967364306093376
0.06,0.46499999999999997,0.38038097022597805
0.06,0.4725,0.38108888757494475
0.06,0.48,0.38179735620049987
0.06,0.4875,0.38250634051514004
0.06,0.495,0.3832158079072048
0.06,0.5025,0.38392572843846684
0.06,0.51,0.3846360745775989
0.06,0.5175,0.38534682096468187
0.06,0.525,0.3860579442026481
0.06,0.5325,0.38676942267215514
0.06,0.54,0.3874812363668961
0.06,0.5475,0.38819336674677707
0.06,0.5549999999999999,0.3889057966067545
0.06,0.5625,0.3896185099594285
0.06,0.57,0.3903314919297465
0.06,0.5775,0.3901484044098704
0.06,0.585,0.3899338891470048
0.06,0.5925,0.3898013779695181
0.06,0.6,0.3897565305085945
0.065,0.0,0.3428018578953705
0.065,0.0075,0.3428432792234121
0.065,0.015,0.34296593670412556
0.065,0.0225,0.34316530714720644
0.065,0.03,0.34343472079468534
0.065,0.0375,0.3437663273725975
0.065,0.045,0.34415198303811717
0.065,0.0525,0.3445838993802176
0.065,0.06,0.3450550241552865
0.065,0.0675,0.3455592023803967
0.065,0.075,0.346091190795364
0.065,0.08249999999999999,0.34664659057042946
0.065,0.09,0.3472217440528829
0.065,0.0975,0.3478136232349733
0.065,0.105,0.34841972446062663
0.065,0.11249999999999999,0.3490379756481247
0.065,0.12,0.34966665769674893
0.065,0.1275,0.3503043394456324
0.065,0.135,0.35094982458438057
0.065,0.1425,0.35160210865152414
0.065,0.15,0.3522603443323841
0.065,0.1575,0.35292381348248014
0.065,0.16499999999999998,0.3535919045540863
0.065,0.1725,0.3542640943442222
0.065,0.18,0.3549399331932096
0.065,0.1875,0.35561903293913794
0.065,0.195,0.3563010570769071
0.065,0.20249999999999999,0.35698571268520757
0.065,0.21,0.35767274377569924
0.065,0.2175,0.35836192579031473
0.065,0.22499999999999998,0.35905306102896345
0.065,0.23249999999999998,0.3596700376146841
0.065,0.24,0.36024519109713754
0.065,0.2475,0.3608370702792279
0.065,0.255,0.36144317150488126
0.065,0.2625,0.36206142269237934
0.065,0.27,0.36269010474100355
0.065,0.27749999999999997,0.363327786489887
0.065,0.285,0.3639732716286352
0.065,0.2925,0.36462555569577876
0.065,0.3,0.36528379137663874
0.065,0.3075,0.36594726052673476
0.065,0.315,0.3666153515983409
0.065,0.3225,0.3672875413884768
0.065,0.32999999999999996,0.3679633802374642
0.065,0.33749999999999997,0.36864247998339256
0.065,0.345,0.36932450412116175
0.065,0.3525,0.3700091597294622
0.065,0.36,0.37069619081995386
0.065,0.3675,0.37138537283456935
0.065,0.375,0.37207650807321807
0.065,0.3825,0.37276942187845646
0.065,0.39,0.3734639594385271
0.065,0.39749999999999996,0.3741599830976143
0.065,0.40499999999999997,0.37485737008384756
0.065,0.4125,0.3755560105827563
0.065,0.42,0.37625580609753073
0.065,0.4275,0.37695666804832906
0.065,0.435,0.37765851657158367
0.065,0.4425,0.3783612794872617
0.065,0.44999999999999996,0.3790648914076773
0.065,0.45749999999999996,0.3797692929660244
0.065,0.46499999999999997,0.3804744301465109
0.065,0.4725,0.38118025370100067
0.065,0.48,0.38188671863955076
0.065,0.4875,0.38259378378426334
0.065,0.495,0.3833014113775507
0.065,0.5025,0.3840095667372997
0.065,0.51,0.38471821795257155
0.065,0.5175,0.38542733561443443
0.065,0.525,0.3861368925773235
0.065,0.5325,0.38684686374699734
0.065,0.54,0.3875572258917215
0.065,0.5475,0.3882679574737849
0.065,0.5549999999999999,0.3889790384988592
0.065,0.5625,0.38969045038104744
0.065,0.57,0.3904021758217625
0.065,0.5775,0.3906002140782379
0.065,0.585,0.39040084363515704
0.065,0.5925,0.3902781861544436
0.065,0.6,0.39023676482640196
0.07,0.0,0.34328209221317796
0.07,0.0075,0.3433205723519156
0.07,0.015,0.34343472079468534
0.07,0.0225,0.3436208692721355
0.07,0.03,0.34387352296801543
0.07,0.0375,0.34418607577202215
0.07,0.045,0.34455150373842125
0.07,0.0525,0.3449629123255041
0.07,0.06,0.3454138950497607
0.07,0.0675,0.3458987210915918
0.07,0.075,0.3464123961370851
0.07,0.08249999999999999,0.3469506429908517
0.07,0.09,0.34750983911293987
0.07,0.0975,0.34808693634031695
0.07,0.105,0.34867937796351944
0.07,0.11249999999999999,0.34928502118577126
0.07,0.12,0.3499020684877771
0.07,0.1275,0.3505290088365708
0.07,0.135,0.35116456833448634
0.07,0.1425,0.3518076693030467
0.07,0.15,0.3524573966065568
0.07,0.1575,0.3531129700405724
0.07,0.16499999999999998,0.35377372172588023
0.07,0.1725,0.35443907759662885
0.07,0.18,0.35510854222013616
0.07,0.1875,0.35578168632128554
0.07,0.195,0.3564581365011604
0.07,0.20249999999999999,0.35713756673714625
0.07,0.21,0.3578196913317559
0.07,0.2175,0.3585042590422955
0.07,0.22499999999999998,0.3591910481756822
0.07,0.23249999999999998,0.35987986247455117
0.07,0.24,0.3605332861571945
0.07,0.2475,0.3611103833845716
0.07,0.255,0.36170282500777406
0.07,0.2625,0.3623084682300259
0.07,0.27,0.36292551553203173
0.07,0.27749999999999997,0.3635524558808254
0.07,0.285,0.3641880153787409
0.07,0.2925,0.3648311163473013
0.07,0.3,0.3654808436508114
0.07,0.3075,0.366136417084827
0.07,0.315,0.36679716877013485
0.07,0.3225,0.36746252464088347
0.07,0.32999999999999996,0.3681319892643908
0.07,0.33749999999999997,0.36880513336554016
0.07,0.345,0.36948158354541505
0.07,0.3525,0.37016101378140087
0.07,0.36,0.3708431383760105
0.07,0.3675,0.3715277060865501
0.07,0.375,0.3722144952199368
0.07,0.3825,0.3729033095188058
0.07,0.39,0.3735939746985013
0.07,0.39749999999999996,0.3742863355212943
0.07,0.40499999999999997,0.37498025331556906
0.07,0.4125,0.3756756038648662
0.07,0.42,0.37637227560543524
0.07,0.4275,0.3770701680820252
0.07,0.435,0.37776919062058334
0.07,0.4425,0.3784692611837641
0.07,0.44999999999999996,0.3791703053810264
0.07,0.45749999999999996,0.3798722556098777
0.07,0.46499999999999997,0.3805750503087335
0.07,0.4725,0.38127863330506384
0.07,0.48,0.38198295324513054
0.07,0.4875,0.38268796309379466
0.07,0.495,0.38339361969467034
0.07,0.5025,0.3840998833823945
0.07,0.51,0.384806717640025
0.07,0.5175,0.38551408879561966
0.07,0.525,0.38622196575291684
0.07,0.5325,0.3869303197517701
0.07,0.54,0.38763912415460666
0.07,0.5475,0.3883483542556967
0.07,0.5549999999999999,0.38905798711046596
0.07,0.5625,0.38976800138245415
0.07,0.57,0.390478377205844
0.07,0.5775,0.39105577620316695
0.07,0.585,0.3908696277257168
0.07,0.5925,0.39075547928294707
0.07,0.6,0.39071699914420943
0.075,0.0,0.34376232653098543
0.075,0.0075,0.34379825450831175
0.075,0.015,0.343904984236665
0.075,0.0225,0.3440795019748847
0.075,0.03,0.34431723460617847
0.075,0.0375,0.34461258611196643
0.075,0.045,0.344959481380041
0.075,0.0525,0.3453518221272246
0.075,0.06,0.34578381176387346
0.075,0.0675,0.34625014971330026
0.075,0.075,0.34674612004427807
0.075,0.08249999999999999,0.34726760633889453
0.075,0.09,0.34781106153891844
0.075,0.0975,0.3483734544266881
0.075,0.105,0.34895220718240183
0.075,0.11249999999999999,0.34954513269206555
0.075,0.12,0.35015037624335854
0.075,0.1275,0.35076636367298153
0.075,0.135,0.35139175651533805
0.075,0.1425,0.3520254138874816
0.075,0.15,0.3526663604600594
0.075,0.1575,0.35331375972708723
0.075,0.16499999999999998,0.3539668917843697
0.075,0.1725,0.35462513488868225
0.075,0.18,0.35528795015836456
0.075,0.1875,0.35595486886963595
0.075,0.195,0.35662548189122645
0.075,0.20249999999999999,0.35729943087830685
0.075,0.21,0.3579764009139155
0.075,0.2175,0.3586561143424689
0.075,0.22499999999999998,0.3593383255866046
0.075,0.23249999999999998,0.3600228167768716
0.075,0.24,0.3607093940549902
0.075,0.2475,0.3613969014709427
0.075,0.255,0.36197565422665645
0.075,0.2625,0.3625685797363202
0.075,0.27,0.36317382328761316
0.075,0.27749999999999997,0.36378981071723615
0.075,0.285,0.36441520355959267
0.075,0.2925,0.3650488609317362
0.075,0.3,0.365689807504314
0.075,0.3075,0.36633720677134185
0.075,0.315,0.3669903388286243
0.075,0.3225,0.36764858193293687
0.075,0.32999999999999996,0.3683113972026192
0.075,0.33749999999999997,0.3689783159138906
0.075,0.345,0.36964892893548107
0.075,0.3525,0.37032287792256147
0.075,0.36,0.37099984795817015
0.075,0.3675,0.37167956138672353
0.075,0.375,0.37236177263085923
0.075,0.3825,0.3730462638211262
0.075,0.39,0.3737328410992448
0.075,0.39749999999999996,0.374421331481036
0.075,0.40499999999999997,0.3751115801857127
0.075,0.4125,0.3758034483549431
0.075,0.42,0.3764968110986642
0.075,0.4275,0.377191555815658
0.075,0.435,0.3778875807458839
0.075,0.4425,0.37858479371889064
0.075,0.44999999999999996,0.3792831110686273
0.075,0.45749999999999996,0.3799824566898854
0.075,0.46499999999999997,0.38068276121564554
0.075,0.4725,0.381383961297932
0.075,0.48,0.38208599897753015
0.075,0.4875,0.38278882113020535
0.075,0.495,0.38349237897895616
0.075,0.5025,0.38419662766341706
0.075,0.51,0.384901525858847
0.075,0.5175,0.38560703543824754
0.075,0.525,0.3863131211720857
0.075,0.5325,0.3870197504608818
0.075,0.54,0.38772689309658337
0.075,0.5475,0.3884345210492126
0.075,0.5549999999999999,0.38914260827574526
0.075,0.5625,0.38985113054859283
0.075,0.57,0.39056006530139953
0.075,0.5775,0.391269391490168
0.075,0.585,0.39133989116769646
0.075,0.5925,0.3912331614393432
0.075,0.6,0.3911972334620169
0.08,0.0,0.3442425608487929
0.08,0.0075,0.3442762534546153
0.08,0.015,0.3443764600675515
0.08,0.0225,0.3445406759728161
0.08,0.03,0.34476505938382745
0.08,0.0375,0.3450448388820248
0.08,0.045,0.34537474194735385
0.08,0.0525,0.34574937247854154
0.08,0.06,0.34616349812002273
0.08,0.0675,0.34661223935102004
0.08,0.075,0.3470911726103314
0.08,0.08249999999999999,0.3475963683888698
0.08,0.09,0.3481243856795942
0.08,0.0975,0.34867224052083573
0.08,0.105,0.3492373615626478
0.08,0.11249999999999999,0.3498175411996075
0.08,0.12,0.3504108874206117
0.08,0.1275,0.3510157791585244
0.08,0.135,0.35163082639364346
0.08,0.1425,0.35225483534470436
0.08,0.15,0.35288677856932726
0.08,0.1575,0.35352576954215537
0.08,0.16499999999999998,0.3541710411798219
0.08,0.1725,0.35482192776991145
0.08,0.18,0.35547784979438657
0.08,0.1875,0.3561383011915884
0.08,0.195,0.35680283866071394
0.08,0.20249999999999999,0.3574710726710542
0.08,0.21,0.3581426598915823
0.08,0.2175,0.3588172968032916
0.08,0.22499999999999998,0.3594947142968021
0.08,0.23249999999999998,0.36017467309159135
0.08,0.24,0.3608569598414534
0.08,0.2475,0.36154138381420486
0.08,0.255,0.36222777405298834
0.08,0.2625,0.36284098824386213
0.08,0.27,0.36343433446486634
0.08,0.27749999999999997,0.364039226202779
0.08,0.285,0.3646542734378981
0.08,0.2925,0.365278282388959
0.08,0.3,0.3659102256135819
0.08,0.3075,0.36654921658641
0.08,0.315,0.3671944882240766
0.08,0.3225,0.36784537481416607
0.08,0.32999999999999996,0.3685012968386412
0.08,0.33749999999999997,0.369161748235843
0.08,0.345,0.36982628570496856
0.08,0.3525,0.37049451971530883
0.08,0.36,0.3711661069358369
0.08,0.3675,0.37184074384754623
0.08,0.375,0.3725181613410567
0.08,0.3825,0.37319812013584597
0.08,0.39,0.373880406885708
0.08,0.39749999999999996,0.3745648308584595
0.08,0.40499999999999997,0.37525122109724296
0.08,0.4125,0.37593942398669006
0.08,0.42,0.37662930116029664
0.08,0.4275,0.3773207276961183
0.08,0.435,0.37801359055674655
0.08,0.4425,0.3787077872368107
0.08,0.44999999999999996,0.3794032245872574
0.08,0.45749999999999996,0.3800998177906221
0.08,0.46499999999999997,0.3807974894656132
0.08,0.4725,0.3814961688827335
0.08,0.48,0.3821957912754951
0.08,0.4875,0.38289629723414303
0.08,0.495,0.38359763217077103
0.08,0.5025,0.3842997458463629
0.08,0.51,0.3850025919516772
0.08,0.5175,0.38570612773505786
0.08,0.525,0.38641031367123485
0.08,0.5325,0.3871151131660103
0.08,0.54,0.38782049229243015
0.08,0.5475,0.38852641955463796
0.08,0.5549999999999999,0.3892328656761194
0.08,0.5625,0.38993980340947865
0.08,0.57,0.3906472073652613
0.08,0.5775,0.3913550538576576
0.08,0.585,0.391811366998583
0.08,0.5925,0.3917111603856468
0.08,0.6,0.3916774677798244
0.085,0.0,0.34472279516660037
0.085,0.0075,0.3447545137624823
0.085,0.015,0.3448489414371657
0.085,0.0225,0.3450039749505739
0.085,0.03,0.3452163590493349
0.085,0.0375,0.3454819996051105
0.085,0.045,0.3457963033064948
0.085,0.0525,0.3461544895017928
0.085,0.06,0.34655184058400607
0.085,0.0675,0.3469838792096985
0.085,0.075,0.34744647680280627
0.085,0.08249999999999999,0.34793590635124505
0.085,0.09,0.34844885486724364
0.085,0.0975,0.34898240952176957
0.085,0.105,0.34953402852506865
0.085,0.11249999999999999,0.350101504673705
0.085,0.12,0.35068292678039753
0.085,0.1275,0.3512766421491578
0.085,0.135,0.35188122182234666
0.085,0.1425,0.35249542938650597
0.085,0.15,0.3531181935458121
0.085,0.1575,0.3537485843409031
0.085,0.16499999999999998,0.35438579271971676
0.085,0.1725,0.3550291130946585
0.085,0.18,0.35567792850602453
0.085,0.1875,0.35633169802890824
0.085,0.195,0.3569899460936164
0.085,0.20249999999999999,0.3576522534282866
0.085,0.21,0.3583182493714956
0.085,0.2175,0.35898760533932017
0.085,0.22499999999999998,0.35966002926425644
0.085,0.23249999999999998,0.3603352608522046
0.085,0.24,0.36101306752846385
0.085,0.2475,0.3616932409646729
0.085,0.255,0.3623755940963021
0.085,0.2625,0.36305995855509743
0.085,0.27,0.36370637382465215
0.085,0.27749999999999997,0.36430008919341245
0.085,0.285,0.3649046688666013
0.085,0.2925,0.3655188764307606
0.085,0.3,0.3661416405900667
0.085,0.3075,0.36677203138515774
0.085,0.315,0.3674092397639714
0.085,0.3225,0.36805256013891313
0.085,0.32999999999999996,0.36870137555027915
0.085,0.33749999999999997,0.36935514507316286
0.085,0.345,0.370013393137871
0.085,0.3525,0.3706757004725412
0.085,0.36,0.3713416964157502
0.085,0.3675,0.3720110523835748
0.085,0.375,0.37268347630851106
0.085,0.3825,0.3733587078964592
0.085,0.39,0.37403651457271847
0.085,0.39749999999999996,0.37471668800892755
0.085,0.40499999999999997,0.3753990411405567
0.085,0.4125,0.37608340559935205
0.085,0.42,0.3767696294974758
0.085,0.4275,0.37745757551036485
0.085,0.435,0.3781471192138784
0.085,0.4425,0.37883814763841317
0.085,0.44999999999999996,0.37953055800858354
0.085,0.45749999999999996,0.3802242566419835
0.085,0.46499999999999997,0.380919157984658
0.085,0.4725,0.3816151837643353
0.085,0.48,0.3823122622453415
0.085,0.4875,0.38301032757151915
0.085,0.495,0.38370931918548845
0.085,0.5025,0.38440918131428703
0.085,0.51,0.38510986251285323
0.085,0.5175,0.38581131525802753
0.085,0.525,0.3865134955867685
0.085,0.5325,0.38721636277314897
0.085,0.54,0.38791987903943614
0.085,0.5475,0.3886240092971879
0.085,0.5549999999999999,0.3893287209148364
0.085,0.5625,0.3900339835086894
0.085,0.57,0.3907397687546737
0.085,0.5775,0.39144605021848655
0.085,0.585,0.3921528032021102
0.085,0.5925,0.39218942069351376
0.085,0.6,0.39215770209763184
0.09,0.0,0.34520302948440784
0.09,0.0075,0.34523299220066406
0.09,0.015,0.3453222657062412
0.09,0.0225,0.3454690674420232
0.09,0.03,0.34567061729296594
0.09,0.0375,0.345923380961119
0.09,0.045,0.346223340981585
0.09,0.0525,0.3465662543068012
0.09,0.06,0.34694786850642717
0.09,0.0675,0.34736408391454143
0.09,0.075,0.34781106153891844
0.09,0.08249999999999999,0.34828528421939053
0.09,0.09,0.348783581700359
0.09,0.0975,0.349303130350993
0.09,0.105,0.3498414366927044
0.09,0.11249999999999999,0.3503963117638735
0.09,0.12,0.3509658412980974
0.09,0.1275,0.35154835499407233
0.09,0.135,0.352142396877704
0.09,0.1425,0.3527466978596551
0.09,0.15,0.3533601509962085
0.09,0.1575,0.35398178958771287
0.09,0.16499999999999998,0.3546107680290543
0.09,0.1725,0.3552463452086596
0.09,0.18,0.3558878701992966
0.09,0.1875,0.35653476996992706
0.09,0.195,0.357186538856309
0.09,0.20249999999999999,0.3578427295482007
0.09,0.21,0.35850294537629934
0.09,0.2175,0.3591668337085284
0.09,0.22499999999999998,0.35983408029078845
0.09,0.23249999999999998,0.36050440439070147
0.09,0.24,0.36117755462373535
0.09,0.2475,0.3618533053593183
0.09,0.255,0.3625314536202577
0.09,0.2625,0.3632118164021877
0.09,0.27,0.3638942283511509
0.09,0.27749999999999997,0.36457180203832695
0.09,0.285,0.3651658439219586
0.09,0.2925,0.36577014490390974
0.09,0.3,0.3663835980404631
0.09,0.3075,0.3670052366319675
0.09,0.315,0.3676342150733089
0.09,0.3225,0.36826979225291423
0.09,0.32999999999999996,0.3689113172435512
0.09,0.33749999999999997,0.3695582170141817
0.09,0.345,0.37020998590056364
0.09,0.3525,0.3708661765924553
0.09,0.36,0.37152639242055396
0.09,0.3675,0.37219028075278304
0.09,0.375,0.37285752733504307
0.09,0.3825,0.3735278514349561
0.09,0.39,0.37420100166799
0.09,0.39749999999999996,0.37487675240357293
0.09,0.40499999999999997,0.3755549006645123
0.09,0.4125,0.3762352634464423
0.09,0.42,0.3769176753954055
0.09,0.4275,0.3776019867912831
0.09,0.435,0.3782880617928906
0.09,0.4425,0.37897577690736217
0.09,0.44999999999999996,0.379665019652173
0.09,0.45749999999999996,0.38035568738295544
0.09,0.46499999999999997,0.3810476862643061
0.09,0.4725,0.38174093036417966
0.09,0.48,0.38243534085532727
0.09,0.4875,0.3831308453096485
0.09,0.495,0.3838273770733641
0.09,0.5025,0.38452487471263647
0.09,0.51,0.38522328152072716
0.09,0.5175,0.38592254507901486
0.09,0.525,0.3866226168652528
0.09,0.5325,0.38732345190333906
0.09,0.54,0.3880250084496405
0.09,0.5475,0.3887272477115625
0.09,0.5549999999999999,0.38943013359462075
0.09,0.5625,0.39013363247475
0.09,0.57,0.3908377129929992
0.09,0.5775,0.3915423458701207
0.09,0.585,0.3922475037388677
0.09,0.5925,0.39266789913169553
0.09,0.6,0.3926379364154393
0.095,0.0,0.3456832638022153
0.095,0.0075,0.34571165455996694
0.095,0.015,0.3457963033064948
0.095,0.0225,0.34593568657641094
0.095,0.03,0.34612741275879433
0.095,0.0375,0.34636841324660456
0.095,0.045,0.3466551601136483
0.095,0.0525,0.3469838792096985
0.095,0.06,0.3473507358277279
0.095,0.0675,0.3477519807186423
0.095,0.075,0.34818405369683986
0.095,0.08249999999999999,0.3486436485956226
0.095,0.09,0.34912774668295077
0.095,0.0975,0.3496336265331159
0.095,0.105,0.3501588577196782
0.095,0.11249999999999999,0.35070128436416514
0.095,0.12,0.351259003089159
0.095,0.1275,0.3518303385785047
0.095,0.135,0.35241381885942535
0.095,0.1425,0.35300815160625015
0.095,0.15,0.3536122021892405
0.095,0.1575,0.3542249738046225
0.095,0.16499999999999998,0.35484558977422836
0.095,0.1725,0.35547327795380335
0.095,0.18,0.3561073571061745
0.095,0.1875,0.3567472250559081
0.095,0.195,0.35739234842954787
0.095,0.20249999999999999,0.35804225378907045
0.095,0.21,0.35869651997859164
0.095,0.2175,0.3593547715210322
0.095,0.22499999999999998,0.36001667291957135
0.095,0.23249999999999998,0.3606819237366269
0.095,0.24,0.36135025433989154
0.095,0.2475,0.3620214222201876
0.095,0.255,0.36269520879942524
0.095,0.2625,0.3633714166587732
0.095,0.27,0.3640498671273913
0.095,0.27749999999999997,0.3647303981808646
0.095,0.285,0.3654128626059996
0.095,0.2925,0.3660315986505048
0.095,0.3,0.3666356492334951
0.095,0.3075,0.3672484208488771
0.095,0.315,0.36786903681848304
0.095,0.3225,0.36849672499805797
0.095,0.32999999999999996,0.36913080415042915
0.095,0.33749999999999997,0.36977067210016273
0.095,0.345,0.3704157954738025
0.095,0.3525,0.3710657008333251
0.095,0.36,0.37171996702284626
0.095,0.3675,0.3723782185652868
0.095,0.375,0.37304011996382597
0.095,0.3825,0.3737053707808815
0.095,0.39,0.37437370138414616
0.095,0.39749999999999996,0.37504486926444225
0.095,0.40499999999999997,0.37571865584367986
0.095,0.4125,0.3763948637030278
0.095,0.42,0.3770733141716459
0.095,0.4275,0.37775384522511923
0.095,0.435,0.3784363096502542
0.095,0.4425,0.3791205734392982
0.095,0.44999999999999996,0.37980651438208723
0.095,0.45749999999999996,0.38049402082924233
0.095,0.46499999999999997,0.38118299060345207
0.095,0.4725,0.38187333003919754
0.095,0.48,0.38256495313409244
0.095,0.4875,0.38325778079740097
0.095,0.495,0.3839517401833249
0.095,0.5025,0.3846467640983785
0.095,0.51,0.3853427904736389
0.095,0.5175,0.38603976189391276
0.095,0.525,0.3867376251769314
0.095,0.5325,0.38743633099659947
0.095,0.54,0.3881358335451094
0.095,0.5475,0.3888360902294047
0.095,0.5549999999999999,0.3895370613980546
0.095,0.5625,0.39023871009510097
0.095,0.57,0.3909410018378673
0.095,0.5775,0.3916439044160926
0.095,0.585,0.39234738771007344
0.095,0.5925,0.39305142352577593
0.095,0.6,0.3931181707332468
0.1,0.0,0.34616349812002273
0.1,0.0075,0.34619047341957965
0.1,0.015,0.34627094978801626
0.1,0.0225,0.3464036152789265
0.1,0.03,0.34658639871188845
0.1,0.0375,0.3468166212888159
0.1,0.045,0.3470911726103314
0.1,0.0525,0.34740668741996394
0.1,0.06,0.34775970458543015
0.1,0.0675,0.3481467971905989
0.1,0.075,0.3485646697090601
0.1,0.08249999999999999,0.3490102235814145
0.1,0.09,0.3494805956964425
0.1,0.0975,0.34997317556727464
0.1,0.105,0.3504856069802899
0.1,0.11249999999999999,0.3510157791585244
0.1,0.12,0.35156181146393345
0.1,0.1275,0.35212203463865105
0.1,0.135,0.3526949706934329
0.1,0.1425,0.35327931284039626
0.1,0.15,0.35387390633479626
0.1,0.1575,0.3544777307114551
0.1,0.16499999999999998,0.35508988364328725
0.1,0.1725,0.3557095664813774
0.1,0.18,0.3563360714324929
0.1,0.1875,0.3569687702706907
0.1,0.195,0.3576071044499799
0.1,0.20249999999999999,0.35825057647424224
0.1,0.21,0.3588987423814918
0.1,0.2175,0.35955120520714073
0.1,0.22499999999999998,0.3602076093020148
0.1,0.23249999999999998,0.36086763539337063
0.1,0.24,0.3615309962898616
0.1,0.2475,0.3621974331435421
0.1,0.255,0.3628667121932122
0.1,0.2625,0.3635386219235095
0.1,0.27,0.364212970583118
0.1,0.27749999999999997,0.36488958401331983
0.1,0.285,0.36556830374494753
0.1,0.2925,0.36624898532769756
0.1,0.3,0.3668973533790509
0.1,0.3075,0.36750117775570973
0.1,0.315,0.3681133306875419
0.1,0.3225,0.36873301352563204
0.1,0.32999999999999996,0.36935951847674753
0.1,0.33749999999999997,0.3699922173149453
0.1,0.345,0.3706305514942345
0.1,0.3525,0.37127402351849687
0.1,0.36,0.3719221894257464
0.1,0.3675,0.37257465225139536
0.1,0.375,0.37323105634626946
0.1,0.3825,0.37389108243762526
0.1,0.39,0.3745544433341162
0.1,0.39749999999999996,0.3752208801877967
0.1,0.40499999999999997,0.3758901592374668
0.1,0.4125,0.3765620689677641
0.1,0.42,0.37723641762737264
0.1,0.4275,0.37791303105757446
0.1,0.435,0.37859175078920215
0.1,0.4425,0.3792724323719522
0.1,0.44999999999999996,0.379954943905103
0.1,0.45749999999999996,0.38063916474304055
0.1,0.46499999999999997,0.3813249843527312
0.1,0.4725,0.3820123013034749
0.1,0.48,0.3827010223720053
0.1,0.4875,0.3833910617483388
0.1,0.495,0.3840823403297709
0.1,0.5025,0.38477478509212765
0.1,0.51,0.38546832852884283
0.1,0.5175,0.38616290814968574
0.1,0.525,0.3868584660320397
0.1,0.5325,0.3875549484185573
0.1,0.54,0.3882523053558115
0.1,0.5475,0.38895049036924856
0.1,0.5549999999999999,0.3896494601703395
0.1,0.5625,0.3903491743923368
0.1,0.57,0.3910495953514847
0.1,0.5775,0.39175068783091715
0.1,0.585,0.39245241888480614
0.1,0.5925,0.3931547576606153
0.1,0.6,0.3935984050510542
0.105,0.0,0.3466437324378302
0.105,0.0075,0.3466694265448846
0.105,0.015,0.34674612004427807
0.105,0.0225,0.34687267531009125
0.105,0.03,0.34704728758259945
0.105,0.0375,0.34726760633889453
0.105,0.045,0.3475308785700864
0.105,0.0525,0.3478340958512036
0.105,0.06,0.34817413031309974
0.105,0.0675,0.3485478497256951
0.105,0.075,0.34895220718240183
0.105,0.08249999999999999,0.3493843051754347
0.105,0.09,0.3498414366927044
0.105,0.0975,0.3503211074026832
0.105,0.105,0.35082104335643993
0.105,0.11249999999999999,0.3513391883236909
0.105,0.12,0.3518736942315909
0.105,0.1275,0.35242290742829757
0.105,0.135,0.35298535278747306
0.105,0.1425,0.35355971707065054
0.105,0.15,0.3541448324905757
0.105,0.1575,0.3547396610633424
0.105,0.16499999999999998,0.3553432800821411
0.105,0.1725,0.35595486886963595
0.105,0.18,0.35657369684972895
0.105,0.1875,0.3571991129062987
0.105,0.195,0.3578305359535108
0.105,0.20249999999999999,0.35846744661979274
0.105,0.21,0.35910937993853376
0.105,0.2175,0.359755918938045
0.105,0.22499999999999998,0.36040668902789846
0.105,0.23249999999999998,0.36106135308615267
0.105,0.24,0.3617196071606808
0.105,0.2475,0.36238117670688363
0.105,0.255,0.3630458132929254
0.105,0.2625,0.363713291711941
0.105,0.27,0.3643834074482675
0.105,0.27749999999999997,0.3650559744515868
0.105,0.285,0.3657308231789268
0.105,0.2925,0.3664077988698039
0.105,0.3,0.36708676002444285
0.105,0.3075,0.36776310810759705
0.105,0.315,0.36836672712639573
0.105,0.3225,0.3689783159138906
0.105,0.32999999999999996,0.36959714389398357
0.105,0.33749999999999997,0.3702225599505533
0.105,0.345,0.3708539829977654
0.105,0.3525,0.37149089366404736
0.105,0.36,0.3721328269827884
0.105,0.3675,0.3727793659822996
0.105,0.375,0.3734301360721531
0.105,0.3825,0.3740848001304073
0.105,0.39,0.3747430542049354
0.105,0.39749999999999996,0.37540462375113826
0.105,0.40499999999999997,0.37606926033718
0.105,0.4125,0.3767367387561956
0.105,0.42,0.37740685449252215
0.105,0.4275,0.3780794214958414
0.105,0.435,0.3787542702231814
0.105,0.4425,0.3794312459140585
0.105,0.44999999999999996,0.38011020706869747
0.105,0.45749999999999996,0.380791024103314
0.105,0.46499999999999997,0.3814735781599517
0.105,0.4725,0.38215776005139374
0.105,0.48,0.38284346932428337
0.105,0.4875,0.38353061342584116
0.105,0.495,0.3842191069615037
0.105,0.5025,0.38490887103248383
0.105,0.51,0.38559983264368786
0.105,0.5175,0.3862919241736691
0.105,0.525,0.38698508289936484
0.105,0.5325,0.3876792505692895
0.105,0.54,0.3883743730196531
0.105,0.5475,0.3890703998285661
0.105,0.5549999999999999,0.38976728400408883
0.105,0.5625,0.3904649817024022
0.105,0.57,0.391163451972827
0.105,0.5775,0.3918626565268109
0.105,0.585,0.39256255952834174
0.105,0.5925,0.3932631274035441
0.105,0.6,0.39396432866747555
0.11,0.0,0.34712396675563767
0.11,0.0075,0.347148495718081
0.11,0.015,0.3472217440528829
0.11,0.0225,0.3473427190450958
0.11,0.03,0.34750983911293987
0.11,0.0375,0.34772103180515557
0.11,0.045,0.3479738511856188
0.11,0.0525,0.3482656006596382
0.11,0.06,0.348593449273994
0.11,0.0675,0.3489545330518825
0.11,0.075,0.34934603683423177
0.11,0.08249999999999999,0.34976525550357873
0.11,0.09,0.35020963591481763
0.11,0.0975,0.35067680228129483
0.11,0.105,0.3511645683344863
0.11,0.11249999999999999,0.35167093955085305
0.11,0.12,0.35219410837122955
0.11,0.1275,0.35273244482048755
0.11,0.135,0.35328448439608773
0.11,0.1425,0.35384891460480533
0.11,0.15,0.35442456111843457
0.11,0.1575,0.3550103741977163
0.11,0.16499999999999998,0.35560541579188854
0.11,0.1725,0.3562088475462836
0.11,0.18,0.3568199198283402
0.11,0.1875,0.357437961800453
0.11,0.195,0.35806237251552575
0.11,0.20249999999999999,0.35869261297943517
0.11,0.21,0.35932819910741
0.11,0.2175,0.3599686954938282
0.11,0.22499999999999998,0.3606137099137306
0.11,0.23249999999999998,0.3612628884770397
0.11,0.24,0.3619159113614221
0.11,0.2475,0.36257248905582895
0.11,0.255,0.3632323590532761
0.11,0.2625,0.36389528293792955
0.11,0.27,0.36456104381776516
0.11,0.27749999999999997,0.36522944405983093
0.11,0.285,0.3659003032903791
0.11,0.2925,0.36657345662683993
0.11,0.3,0.36724875311279104
0.11,0.3075,0.36792605433076164
0.11,0.315,0.36860523317095106
0.11,0.3225,0.36923229459053825
0.11,0.32999999999999996,0.36984336687259484
0.11,0.33749999999999997,0.37046140884470763
0.11,0.345,0.37108581955978037
0.11,0.3525,0.3717160600236898
0.11,0.36,0.3723516461516646
0.11,0.3675,0.3729921425380828
0.11,0.375,0.3736371569579852
0.11,0.3825,0.3742863355212943
0.11,0.39,0.3749393584056767
0.11,0.39749999999999996,0.37559593610008357
0.11,0.40499999999999997,0.37625580609753073
0.11,0.4125,0.3769187299821842
0.11,0.42,0.3775844908620198
0.11,0.4275,0.37825289110408555
0.11,0.435,0.3789237503346337
0.11,0.4425,0.37959690367109455
0.11,0.44999999999999996,0.38027220015704566
0.11,0.45749999999999996,0.38094950137501626
0.11,0.46499999999999997,0.3816286802152057
0.11,0.4725,0.3823096197810205
0.11,0.48,0.38299221241480047
0.11,0.4875,0.3836763588292461
0.11,0.495,0.3843619673319211
0.11,0.5025,0.3850489531318172
0.11,0.51,0.3857372377183695
0.11,0.5175,0.3864267483045236
0.11,0.525,0.38711741732650923
0.11,0.5325,0.38780918199388814
0.11,0.54,0.3885019838842383
0.11,0.5475,0.3891957685775237
0.11,0.5549999999999999,0.3898904853258006
0.11,0.5625,0.39058608675443085
0.11,0.57,0.39128252859142804
0.11,0.5775,0.3919797694219601
0.11,0.585,0.3926777704653761
0.11,0.5925,0.3933764953724296
0.11,0.6,0.3940759100406354
0.115,0.0,0.34760420107344514
0.115,0.0075,0.34762766587123256
0.115,0.015,0.34769776368943633
0.115,0.0225,0.3478136232349733
0.115,0.03,0.3479738511856188
0.115,0.0375,0.34817661195366845
0.115,0.045,0.34841972446062663
0.115,0.0525,0.34870076511784415
0.115,0.06,0.3490171673937309
0.115,0.0675,0.34936631078788283
0.115,0.075,0.3497455949197459
0.115,0.08249999999999999,0.3501524971085473
0.115,0.09,0.35058461387997364
0.115,0.0975,0.3510396881617301
0.115,0.105,0.3515156245928153
0.115,0.11249999999999999,0.35201049553134683
0.115,0.12,0.3525225401817588
0.115,0.1275,0.35305015892685565
0.115,0.135,0.3535919045540863
0.115,0.1425,0.3541464716778586
0.115,0.15,0.3547126853174708
0.115,0.1575,0.35528948930767845
0.115,0.16499999999999998,0.35587593499690173
0.115,0.1725,0.3564711705204347
0.115,0.18,0.3570744308137584
0.115,0.1875,0.3576850284448128
0.115,0.195,0.3583023452853598
0.115,0.20249999999999999,0.35892582500324005
0.115,0.21,0.3595549663337141
0.115,0.2175,0.3601893170748058
0.115,0.22499999999999998,0.3608284687453802
0.115,0.23249999999999998,0.36147205184319675
0.115,0.24,0.3621197316416869
0.115,0.2475,0.36277120446751654
0.115,0.255,0.3634261944052846
0.115,0.2625,0.3640844503804433
0.115,0.27,0.3647457435763287
0.115,0.27749999999999997,0.3654098651458559
0.115,0.285,0.36607662418281806
0.115,0.2925,0.3667458459217698
0.115,0.3,0.36741737013914433
0.115,0.3075,0.36809104973154716
0.115,0.315,0.3687667494501023
0.115,0.3225,0.3694443447723257
0.115,0.32999999999999996,0.370097877858013
0.115,0.33749999999999997,0.37070847548906743
0.115,0.345,0.37132579232961443
0.115,0.3525,0.3719492720474947
0.115,0.36,0.3725784133779687
0.115,0.3675,0.3732127641190604
0.115,0.375,0.37385191578963484
0.115,0.3825,0.3744954988874514
0.115,0.39,0.3751431786859416
0.115,0.39749999999999996,0.37579465151177116
0.115,0.40499999999999997,0.37644964144953924
0.115,0.4125,0.3771078974246979
0.115,0.42,0.37776919062058334
0.115,0.4275,0.3784333121901105
0.115,0.435,0.3791000712270727
0.115,0.4425,0.3797692929660244
0.115,0.44999999999999996,0.38044081718339895
0.115,0.45749999999999996,0.3811144967758018
0.115,0.46499999999999997,0.3817901964943569
0.115,0.4725,0.3824677918165803
0.115,0.48,0.3831471679395409
0.115,0.4875,0.383828218880084
0.115,0.495,0.3845108466696492
0.115,0.5025,0.38519496063275804
0.115,0.51,0.38588047673959136
0.115,0.5175,0.386567317024251
0.115,0.525,0.38725540906132566
0.115,0.5325,0.3879446854942751
0.115,0.54,0.388635083609927
0.115,0.5475,0.3893265449540636
0.115,0.5549999999999999,0.3900190149836672
0.115,0.5625,0.3907124427519181
0.115,0.57,0.39140678062248957
0.115,0.5775,0.39210198401008584
0.115,0.585,0.3927980111445158
0.115,0.5925,0.39349482285590376
0.115,0.6,0.3941923823789052
0.12,0.0,0.3480844353912526
0.12,0.0075,0.3481069244343491
0.12,0.015,0.34817413031309974
0.12,0.0225,0.34828528421939053
0.12,0.03,0.3484391526680731
0.12,0.0375,0.3486341029094318
0.12,0.045,0.3488681831938044
0.12,0.0525,0.3491392094622771
0.12,0.06,0.3494448507208222
0.12,0.0675,0.34978270703909403
0.12,0.075,0.35015037624335854
0.12,0.08249999999999999,0.35054550745120433
0.12,0.09,0.3509658412980974
0.12,0.0975,0.3514092378941231
0.12,0.105,0.3518736942315909
0.12,0.11249999999999999,0.35235735303356036
0.12,0.12,0.3528585050125208
0.12,0.1275,0.3533755863134118
0.12,0.135,0.3539071726374546
0.12,0.1425,0.35445197124592137
0.12,0.15,0.3550088117638735
0.12,0.1575,0.3555766364620349
0.12,0.16499999999999998,0.3561544904966962
0.12,0.1725,0.3567415124317722
0.12,0.18,0.3573369252489808
0.12,0.1875,0.3579400279652499
0.12,0.195,0.35855018791453763
0.12,0.20249999999999999,0.3591668337085284
0.12,0.21,0.359789448862326
0.12,0.2175,0.3604175660534419
0.12,0.22499999999999998,0.3610507619720541
0.12,0.23249999999999998,0.3616886527154195
0.12,0.24,0.36233088967777094
0.12,0.2475,0.36297715588779617
0.12,0.255,0.3636271627480025
0.12,0.2625,0.36428064713330743
0.12,0.27,0.3649373688096431
0.12,0.27749999999999997,0.3655971081369392
0.12,0.285,0.36625966402437266
0.12,0.2925,0.36692485210913417
0.12,0.3,0.3675925031330935
0.12,0.3075,0.36826246149462216
0.12,0.315,0.3689345839554367
0.12,0.3225,0.3696087384846697
0.12,0.32999999999999996,0.3702848032244666
0.12,0.33749999999999997,0.37096266556326635
0.12,0.345,0.37157363495879225
0.12,0.3525,0.37219028075278304
0.12,0.36,0.3728128959065806
0.12,0.3675,0.3734410130976965
0.12,0.375,0.3740742090163087
0.12,0.3825,0.3747120997596741
0.12,0.39,0.37535433672202556
0.12,0.39749999999999996,0.3760006029320508
0.12,0.40499999999999997,0.3766506097922571
0.12,0.4125,0.37730409417756205
0.12,0.42,0.37796081585389774
0.12,0.4275,0.3786205551811938
0.12,0.435,0.3792831110686273
0.12,0.4425,0.3799482991533888
0.12,0.44999999999999996,0.38061595017734806
0.12,0.45749999999999996,0.3812859085388768
0.12,0.46499999999999997,0.38195803099969133
0.12,0.4725,0.3826321855289243
0.12,0.48,0.38330825026872123
0.12,0.4875,0.38398611260752097
0.12,0.495,0.38466566834882127
0.12,0.5025,0.38534682096468187
0.12,0.51,0.38602948092449796
0.12,0.5175,0.38671356509069776
0.12,0.525,0.38739899617400886
0.12,0.5325,0.3880857022418004
0.12,0.54,0.3887736162737735
0.12,0.5475,0.38946267575993543
0.12,0.5549999999999999,0.39015282233638093
0.12,0.5625,0.39084400145491893
0.12,0.57,0.3915361620830321
0.12,0.5775,0.3922292564310558
0.12,0.585,0.39292323970381154
0.12,0.5925,0.39361806987423653
0.12,0.6,0.39431370747682204
0.125,0.0,0.3485646697090601
0.125,0.0075,0.34858626083880206
0.125,0.015,0.3486508029150446
0.125,0.0225,0.34875761421534385
0.125,0.03,0.348905597782915
0.125,0.0375,0.34909329544889217
0.125,0.045,0.3493189547881503
0.125,0.0525,0.3495806023953496
0.125,0.06,0.3498761172345759
0.125,0.0675,0.3502032989748316
0.125,0.075,0.35055992779081935
0.125,0.08249999999999999,0.350943813719035
0.125,0.09,0.35135283505032266
0.125,0.0975,0.3517849662767503
0.125,0.105,0.3522382967681713
0.125,0.11249999999999999,0.3527110416795848
0.125,0.12,0.3532015466653252
0.125,0.1275,0.35370828788560965
0.125,0.135,0.3542298686083296
0.125,0.1425,0.3547650134888352
0.125,0.15,0.35531256138894846
0.125,0.1575,0.35587145739439235
0.125,0.16499999999999998,0.3564407445170039
0.125,0.1725,0.35701955542704467
0.125,0.18,0.3576071044499799
0.125,0.1875,0.35820267997752697
0.125,0.195,0.35880563738012716
0.125,0.20249999999999999,0.3594153924628757
0.125,0.21,0.36003141547543477
0.125,0.2175,0.36065322566523245
0.125,0.22499999999999998,0.36128038634964776
0.125,0.23249999999999998,0.3619125004747889
0.125,0.24,0.36254920662428297
0.125,0.2475,0.36319017543999793
0.125,0.255,0.3638351064169234
0.125,0.2625,0.3644837250358964
0.125,0.27,0.365135780200011
0.125,0.27749999999999997,0.36579104194307804
0.125,0.285,0.36644929938117404
0.125,0.2925,0.36711035888099997
0.125,0.3,0.36777404242135864
0.125,0.3075,0.3684401861265009
0.125,0.315,0.36910863895235485
0.125,0.3225,0.3697792615087219
0.125,0.32999999999999996,0.37045192500240615
0.125,0.33749999999999997,0.37112651028792915
0.125,0.345,0.37180290701400015
0.125,0.3525,0.3724388395071303
0.125,0.36,0.3730548625196894
0.125,0.3675,0.37367667270948707
0.125,0.375,0.3743038333939024
0.125,0.3825,0.3749359475190435
0.125,0.39,0.3755726536685376
0.125,0.39749999999999996,0.37621362248425255
0.125,0.40499999999999997,0.376858553461178
0.125,0.4125,0.377507172080151
0.125,0.42,0.3781592272442656
0.125,0.4275,0.37881448898733266
0.125,0.435,0.3794727464254287
0.125,0.4425,0.3801338059252546
0.125,0.44999999999999996,0.3807974894656132
0.125,0.45749999999999996,0.38146363317075554
0.125,0.46499999999999997,0.3821320859966094
0.125,0.4725,0.38280270855297654
0.125,0.48,0.38347537204666077
0.125,0.4875,0.38414995733218377
0.125,0.495,0.38482635405825477
0.125,0.5025,0.38550445989951443
0.125,0.51,0.3861841798642694
0.125,0.5175,0.38686542566999754
0.125,0.525,0.3875481151793467
0.125,0.5325,0.38823217189017784
0.125,0.54,0.38891752447394
0.125,0.5475,0.3896041063573105
0.125,0.5549999999999999,0.3902918553426063
0.125,0.5625,0.39098071326297457
0.125,0.57,0.3916706256688178
0.125,0.5775,0.39236154154229747
0.125,0.585,0.3930534130371108
0.125,0.5925,0.3937461952410368
0.125,0.6,0.39443984595902154
0.13,0.0,0.34904490402686755
0.13,0.0075,0.34906566613457757
0.13,0.015,0.34912774668295077
0.13,0.0225,0.3492305384122036
0.13,0.03,0.3493730616443776
0.13,0.0375,0.3495540091940782
0.13,0.045,0.34977180253053947
0.13,0.0525,0.35002465396738974
0.13,0.06,0.3503106298254972
0.13,0.0675,0.35062771030818035
0.13,0.075,0.35097384298132145
0.13,0.08249999999999999,0.35134698799524156
0.13,0.09,0.3517451543123609
0.13,0.0975,0.35216642709261603
0.13,0.105,0.35260898699656174
0.13,0.11249999999999999,0.3530711225122212
0.13,0.12,0.3535512365466995
0.13,0.1275,0.35404784850836
0.13,0.135,0.35455959299692
0.13,0.1425,0.3550852160628733
0.13,0.15,0.3556235698268545
0.13,0.1575,0.35617360608474263
0.13,0.16499999999999998,0.35673436937698544
0.13,0.1725,0.3573049898757571
0.13,0.18,0.35788467634189236
0.13,0.1875,0.3584727093234132
0.13,0.195,0.3590684347060731
0.13,0.20249999999999999,0.35967125768052194
0.13,0.21,0.3602806371573798
0.13,0.2175,0.36089608063796863
0.13,0.22499999999999998,0.3615171395323759
0.13,0.23249999999999998,0.3621434049060362
0.13,0.24,0.36277450362962443
0.13,0.2475,0.36341009490360443
0.13,0.255,0.3640498671273913
0.13,0.2625,0.36469353508311014
0.13,0.27,0.3653408374048877
0.13,0.27749999999999997,0.36599153430613923
0.13,0.285,0.3666454055391748
0.13,0.2925,0.3673022485634572
0.13,0.3,0.3679618769008947
0.13,0.3075,0.36862411865855327
0.13,0.315,0.36928881520108686
0.13,0.3225,0.36995581995697363
0.13,0.32999999999999996,0.3706249973442991
0.13,0.33749999999999997,0.37129622180333954
0.13,0.345,0.37196937692457094
0.13,0.3525,0.37264435466196494
0.13,0.36,0.3733040842016344
0.13,0.3675,0.37391952768222325
0.13,0.375,0.37454058657663053
0.13,0.3825,0.3751668519502908
0.13,0.39,0.37579795067387906
0.13,0.39749999999999996,0.37643354194785905
0.13,0.40499999999999997,0.3770733141716459
0.13,0.4125,0.37771698212736476
0.13,0.42,0.37836428444914233
0.13,0.4275,0.37901498135039385
0.13,0.435,0.3796688525834294
0.13,0.4425,0.38032569560771184
0.13,0.44999999999999996,0.38098532394514933
0.13,0.45749999999999996,0.3816475657028079
0.13,0.46499999999999997,0.3823122622453415
0.13,0.4725,0.38297926700122825
0.13,0.48,0.3836484443885537
0.13,0.4875,0.3843196688475942
0.13,0.495,0.38499282396882556
0.13,0.5025,0.38566780170621956
0.13,0.51,0.38634450166680034
0.13,0.5175,0.3870228304684273
0.13,0.525,0.387702701158657
0.13,0.5325,0.3883840326883259
0.13,0.54,0.38906674943419545
0.13,0.5475,0.3897507807656261
0.13,0.5549999999999999,0.3904360606507963
0.13,0.5625,0.3911225272984737
0.13,0.57,0.3918101228317796
0.13,0.5775,0.3924987929907715
0.13,0.585,0.3931884868610106
0.13,0.5925,0.39387915662558254
0.13,0.6,0.394570757338308
0.135,0.0,0.349525138344675
0.135,0.0075,0.34954513269206555
0.135,0.015,0.3496049318767653
0.135,0.0225,0.349703992677425
0.135,0.03,0.3498414366927044
0.135,0.0375,0.3500160879091415
0.135,0.045,0.35022652005751215
0.135,0.0525,0.3504711096060705
0.135,0.06,0.3507480902867583
0.135,0.0675,0.3510556055904408
0.135,0.075,0.35139175651533805
0.135,0.08249999999999999,0.3517546428122236
0.135,0.09,0.352142396877704
0.135,0.0975,0.3525532101973876
0.135,0.105,0.35298535278747306
0.135,0.11249999999999999,0.35343718642644095
0.135,0.12,0.3539071726374546
0.135,0.1275,0.3543938764189287
0.135,0.135,0.35489596666860174
0.135,0.1425,0.35541221414248936
0.135,0.15,0.35594148766272704
0.135,0.1575,0.3564827491571198
0.135,0.16499999999999998,0.3570350479902897
0.135,0.1725,0.3575975149380237
0.135,0.18,0.35816935606520933
0.135,0.1875,0.3587498466935472
0.135,0.195,0.3593383255866046
0.135,0.20249999999999999,0.35993418943461924
0.135,0.21,0.36053688768751674
0.135,0.2175,0.36114591775969984
0.135,0.22499999999999998,0.361760820612376
0.135,0.23249999999999998,0.36238117670688363
0.135,0.24,0.36300660231431453
0.135,0.2475,0.36363674616164465
0.135,0.255,0.3642712863917374
0.135,0.2625,0.36490992781333437
0.135,0.27,0.36555239941700807
0.135,0.27749999999999997,0.3661984521336553
0.135,0.285,0.3668478568131978
0.135,0.2925,0.3675004024025268
0.135,0.3,0.36815589430324724
0.135,0.3075,0.3688141528913519
0.135,0.315,0.36947501218251233
0.135,0.3225,0.37013831862817986
0.135,0.32999999999999996,0.37080393002910944
0.135,0.33749999999999997,0.371471714554246
0.135,0.345,0.3721415498541329
0.135,0.3525,0.37281332225912084
0.135,0.36,0.3734869260536663
0.135,0.3675,0.37416226281892956
0.135,0.375,0.37478426765663064
0.135,0.3825,0.37540462375113826
0.135,0.39,0.37603004935856915
0.135,0.39749999999999996,0.3766601932058993
0.135,0.40499999999999997,0.377294733435992
0.135,0.4125,0.377933374857589
0.135,0.42,0.3785758464612627
0.135,0.4275,0.37922189917790994
0.135,0.435,0.37987130385745244
0.135,0.4425,0.3805238494467814
0.135,0.44999999999999996,0.38117934134750187
0.135,0.45749999999999996,0.3818375999356065
0.135,0.46499999999999997,0.38249845922676695
0.135,0.4725,0.3831617656724345
0.135,0.48,0.38382737707336406
0.135,0.4875,0.3844951615985006
0.135,0.495,0.3851649968983875
0.135,0.5025,0.38583676930337546
0.135,0.51,0.3865103730979209
0.135,0.5175,0.3871857098631842
0.135,0.525,0.3878626878809585
0.135,0.5325,0.3885412215927044
0.135,0.54,0.389221231108126
0.135,0.5475,0.38990264175831846
0.135,0.5549999999999999,0.39058538368904416
0.135,0.5625,0.391269391490168
0.135,0.57,0.3919546038577002
0.135,0.5775,0.39264096328527187
0.135,0.585,0.3933284157821984
0.135,0.5925,0.39401691061558575
0.135,0.6,0.39470640007419544
0.14,0.0,0.35000537266248244
0.14,0.0075,0.35002465396738974
0.14,0.015,0.3500823329399578
0.14,0.0225,0.350177921729286
0.14,0.03,0.3503106298254972
0.14,0.0375,0.35047939566865277
0.14,0.045,0.35068292678039753
0.14,0.0525,0.3509197450987929
0.14,0.06,0.3511882341721574
0.14,0.0675,0.3514866852309819
0.14,0.075,0.3518133397801708
0.14,0.08249999999999999,0.35216642709261603
0.14,0.09,0.35254419571296897
0.14,0.0975,0.3529449387086399
0.14,0.105,0.3533670128871347
0.14,0.11249999999999999,0.3538088525246949
0.14,0.12,0.354268978335648
0.14,0.1275,0.3547460024828933
0.14,0.135,0.35523863041931014
0.14,0.1425,0.3557456602870156
0.14,0.15,0.3562659805102967
0.14,0.1575,0.3567985661163848
0.14,0.16499999999999998,0.35734247421782994
0.14,0.1725,0.35789683899813296
0.14,0.18,0.35846086646200626
0.14,0.1875,0.35903382914428944
0.14,0.195,0.35961506091676043
0.14,0.20249999999999999,0.36020395198866384
0.14,0.21,0.3607999441631654
0.14,0.2175,0.3614025263864898
0.14,0.22499999999999998,0.36201123060766904
0.14,0.23249999999999998,0.3626256279532358
0.14,0.24,0.3632453252116808
0.14,0.2475,0.36386996161608587
0.14,0.255,0.36449920590926804
0.14,0.2625,0.3651327536734176
0.14,0.27,0.36577032490509914
0.14,0.27749999999999997,0.3664116618162554
0.14,0.285,0.3670565268422199
0.14,0.2925,0.36770470083851703
0.14,0.3,0.36835598144924014
0.14,0.3075,0.36901018163095306
0.14,0.315,0.36966712831727133
0.14,0.3225,0.3703266612104995
0.14,0.32999999999999996,0.37098863168788704
0.14,0.33749999999999997,0.371652901811202
0.14,0.345,0.3723193434293843
0.14,0.3525,0.3729878373650339
0.14,0.36,0.3736582726763989
0.14,0.3675,0.3743305459873639
0.14,0.375,0.3750045608786976
0.14,0.3825,0.3756490749974904
0.14,0.39,0.3762687722559354
0.14,0.39749999999999996,0.3768934086603405
0.14,0.40499999999999997,0.37752265295352266
0.14,0.4125,0.3781562007176722
0.14,0.42,0.37879377194935376
0.14,0.4275,0.37943510886051
0.14,0.435,0.3800799738864745
0.14,0.4425,0.38072814788277165
0.14,0.44999999999999996,0.38137942849349477
0.14,0.45749999999999996,0.3820336286752077
0.14,0.46499999999999997,0.38269057536152595
0.14,0.4725,0.38335010825475413
0.14,0.48,0.38401207873214166
0.14,0.4875,0.3846763488554566
0.14,0.495,0.3853427904736389
0.14,0.5025,0.3860112844092885
0.14,0.51,0.3866817197206535
0.14,0.5175,0.38735399303161855
0.14,0.525,0.3880280079229522
0.14,0.5325,0.38870367437875897
0.14,0.54,0.389380908282702
0.14,0.5475,0.3900596309591213
0.14,0.5549999999999999,0.3907397687546737
0.14,0.5625,0.39142125265657046
0.14,0.57,0.39210401794389294
0.14,0.5775,0.39278800386882573
0.14,0.585,0.39347315336497213
0.14,0.5925,0.39415941278020217
0.14,0.6,0.3948467316317455
0.145,0.0,0.3504856069802899
0.145,0.0075,0.35050422431603556
0.145,0.015,0.35055992779081935
0.145,0.0225,0.3506522776701011
0.145,0.03,0.35078056007412
0.145,0.0375,0.350943813719035
0.145,0.045,0.3511408640885636
0.145,0.0525,0.3513703623663594
0.145,0.06,0.35163082639364346
0.145,0.0675,0.3519206811569519
0.145,0.075,0.3522382967681713
0.145,0.08249999999999999,0.35258202246741227
0.145,0.09,0.35295021576109104
0.145,0.0975,0.3533412663295799
0.145,0.105,0.3537536147578016
0.145,0.11249999999999999,0.3541857664427169
0.145,0.12,0.35463630121899414
0.145,0.1275,0.35510387933587223
0.145,0.135,0.35558724443711276
0.145,0.1425,0.35608522416477295
0.145,0.15,0.3565967289460559
0.145,0.1575,0.3571207494461543
0.145,0.16499999999999998,0.35765635308981947
0.145,0.1725,0.35820267997752697
0.145,0.18,0.3587589384527012
0.145,0.1875,0.3593244005164184
0.145,0.195,0.3598983972357708
0.145,0.20249999999999999,0.36048031425117555
0.145,0.21,0.3610695874553933
0.145,0.2175,0.3616656988917115
0.145,0.22499999999999998,0.3622681728994599
0.145,0.23249999999999998,0.3628765725206324
0.145,0.24,0.363490496170906
0.145,0.2475,0.36410957457091747
0.145,0.255,0.36473346792859
0.145,0.2625,0.36536186336001514
0.145,0.27,0.36599447253444223
0.145,0.27749999999999997,0.36663102952794935
0.145,0.285,0.367271288870092
0.145,0.2925,0.3679150237680362
0.145,0.3,0.368562024493223
0.145,0.3075,0.3692120969163662
0.145,0.315,0.3698650611774595
0.145,0.3225,0.37052075047841093
0.145,0.32999999999999996,0.3711790099868762
0.145,0.33749999999999997,0.37183969584080667
0.145,0.345,0.37250267424413563
0.145,0.3525,0.37316782064488524
0.145,0.36,0.3738350189877851
0.145,0.3675,0.3745041610342386
0.145,0.375,0.3751751457431626
0.145,0.3825,0.37584787870685393
0.145,0.39,0.37651394321516063
0.145,0.39749999999999996,0.3771330216151721
0.145,0.40499999999999997,0.37775691497284464
0.145,0.4125,0.37838531040426976
0.145,0.42,0.37901791957869685
0.145,0.4275,0.37965447657220397
0.145,0.435,0.38029473591434665
0.145,0.4425,0.3809384708122908
0.145,0.44999999999999996,0.3815854715374776
0.145,0.45749999999999996,0.3822355439606208
0.145,0.46499999999999997,0.3828885082217141
0.145,0.4725,0.38354419752266555
0.145,0.48,0.3842024570311308
0.145,0.4875,0.3848631428850613
0.145,0.495,0.38552612128839026
0.145,0.5025,0.38619126768913986
0.145,0.51,0.3868584660320397
0.145,0.5175,0.38752760807849324
0.145,0.525,0.3881985927874172
0.145,0.5325,0.38887132575110855
0.145,0.54,0.38954571868086685
0.145,0.5475,0.39022168893762177
0.145,0.5549999999999999,0.39089915910328576
0.145,0.5625,0.39157805658897754
0.145,0.57,0.39225831327664706
0.145,0.5775,0.3929398651909763
0.145,0.585,0.39362265219874165
0.145,0.5925,0.3943066177331032
0.145,0.6,0.3949917085405351
0.15,0.0,0.3509658412980974
0.15,0.0075,0.35098383884357076
0.15,0.015,0.35103769725275
0.15,0.0225,0.3511270188000876
0.15,0.03,0.35125115670945656
0.15,0.0375,0.3514092378941231
0.15,0.045,0.35160019218589594
0.15,0.0525,0.35182278589415816
0.15,0.06,0.35207565744848346
0.15,0.0675,0.35235735303356036
0.15,0.075,0.3526663604600594
0.15,0.08249999999999999,0.3530011399521198
0.15,0.09,0.3533601509962085
0.15,0.0975,0.3537418748275417
0.15,0.105,0.3541448324905757
0.15,0.11249999999999999,0.3545675986816534
0.15,0.12,0.3550088117638735
0.15,0.1275,0.35546718044681386
0.15,0.135,0.35594148766272704
0.15,0.1425,0.35643059216347533
0.15,0.15,0.35693342832468267
0.15,0.1575,0.35744900458849815
0.15,0.16499999999999998,0.3579764009139155
0.15,0.1725,0.3585147655406967
0.15,0.18,0.35906331131396346
0.15,0.1875,0.35962131176387346
0.15,0.195,0.3601880970895028
0.15,0.20249999999999999,0.3607630501582126
0.15,0.21,0.36134560260093024
0.15,0.2175,0.36193523105915626
0.15,0.22499999999999998,0.3625314536202577
0.15,0.23249999999999998,0.3631338264628346
0.15,0.24,0.3637419407228436
0.15,0.2475,0.3643554195829941
0.15,0.255,0.3649739155820896
0.15,0.2625,0.3655971081369392
0.15,0.27,0.3662247012668026
0.15,0.27749999999999997,0.3668564215087032
0.15,0.285,0.3674920160110898
0.15,0.2925,0.36813125079303305
0.15,0.3,0.36877390915624525
0.15,0.3075,0.3694197902375891
0.15,0.315,0.3700687076903009
0.15,0.3225,0.37072048848282274
0.15,0.32999999999999996,0.37137497180486595
0.15,0.33749999999999997,0.3720320080710855
0.15,0.345,0.372691458013491
0.15,0.3525,0.37335319185445254
0.15,0.36,0.37401708855285565
0.15,0.3675,0.37468303511661866
0.15,0.375,0.3753509259753985
0.15,0.3825,0.37602066240788157
0.15,0.39,0.3766921520185794
0.15,0.39749999999999996,0.37736530825952963
0.15,0.40499999999999997,0.3779973626263442
0.15,0.4125,0.37862055518119375
0.15,0.42,0.37924814831105724
0.15,0.4275,0.3798798685529578
0.15,0.435,0.3805154630553444
0.15,0.4425,0.38115469783728767
0.15,0.44999999999999996,0.38179735620049987
0.15,0.45749999999999996,0.3824432372818437
0.15,0.46499999999999997,0.38309215473455555
0.15,0.4725,0.38374393552707736
0.15,0.48,0.38439841884912057
0.15,0.4875,0.3850554551153401
0.15,0.495,0.38571490505774564
0.15,0.5025,0.38637663889870716
0.15,0.51,0.38704053559711027
0.15,0.5175,0.3877064821608733
0.15,0.525,0.3883743730196531
0.15,0.5325,0.3890441094521362
0.15,0.54,0.38971559906283404
0.15,0.5475,0.39038875530378425
0.15,0.5549999999999999,0.3910634970369949
0.15,0.5625,0.39173974813386947
0.15,0.57,0.39241743710821225
0.15,0.5775,0.3930964967797392
0.15,0.585,0.39377686396531897
0.15,0.5925,0.3944584791954334
0.15,0.6,0.3951412864535904
0.155,0.0,0.35144607561590485
0.155,0.0075,0.3514634932851271
0.155,0.015,0.3515156245928153
0.155,0.0225,0.35160210865152414
0.155,0.03,0.35172235768822774
0.155,0.0375,0.35187557647610956
0.155,0.045,0.35206078744441177
0.155,0.0525,0.35227685971042205
0.155,0.06,0.3525225401817588
0.155,0.0675,0.35279648497311134
0.155,0.075,0.35309728962611947
0.155,0.08249999999999999,0.35342351695696833
0.155,0.09,0.35377372172588023
0.155,0.0975,0.3541464716778586
0.155,0.105,0.3545403648113719
0.155,0.11249999999999999,0.3549540429733473
0.155,0.12,0.3553862020503683
0.155,0.1275,0.3558355991323641
0.155,0.135,0.3563010570769071
0.155,0.1425,0.35678146691224605
0.155,0.15,0.3572757884979435
0.155,0.1575,0.3577830498244023
0.155,0.16499999999999998,0.3583023452853598
0.155,0.1725,0.3588328332070256
0.155,0.18,0.35937373286827357
0.155,0.1875,0.359924321200862
0.155,0.195,0.36048392931844364
0.155,0.20249999999999999,0.3610519389886686
0.155,0.21,0.36162777913391086
0.155,0.2175,0.36221092242264774
0.155,0.22499999999999998,0.362800881994707
0.155,0.23249999999999998,0.3633972083488038
0.155,0.24,0.3639994864093701
0.155,0.2475,0.3646073327810323
0.155,0.255,0.3652203931926781
0.155,0.2625,0.36583834012841515
0.155,0.27,0.366460870639476
0.155,0.27749999999999997,0.36708770432895027
0.155,0.285,0.3677185814998648
0.155,0.2925,0.3683532614563906
0.155,0.3,0.3689915209476589
0.155,0.3075,0.36963315274370256
0.155,0.315,0.3702779643332961
0.155,0.3225,0.370925776733885
0.155,0.32999999999999996,0.37157642340430375
0.155,0.33749999999999997,0.37222974925155383
0.155,0.345,0.37288560972350654
0.155,0.3525,0.3734853737970685
0.155,0.36,0.37404757609976497
0.155,0.3675,0.37463585388956827
0.155,0.375,0.37524473094882055
0.155,0.3825,0.3758700394652434
0.155,0.39,0.37650859055036456
0.155,0.39749999999999996,0.3771579248788708
0.155,0.40499999999999997,0.37781612813886595
0.155,0.4125,0.3784816955961105
0.155,0.42,0.37915343276258395
0.155,0.4275,0.3798303822608451
0.155,0.435,0.3805117696262917
0.155,0.4425,0.3811969628250343
0.155,0.44999999999999996,0.3818854417546754
0.155,0.45749999999999996,0.382576775060742
0.155,0.46499999999999997,0.3832706023562526
0.155,0.4725,0.3839492237781396
0.155,0.48,0.38459987044855837
0.155,0.4875,0.38525319629580845
0.155,0.495,0.38590905676776116
0.155,0.5025,0.386567317024251
0.155,0.51,0.38722785117961295
0.155,0.5175,0.3878905416102846
0.155,0.525,0.38855527832163256
0.155,0.5325,0.3892219583686697
0.155,0.54,0.3898904853258006
0.155,0.5475,0.390560768801172
0.155,0.5549999999999999,0.39123272399160475
0.155,0.5625,0.39190627127445743
0.155,0.57,0.39258133583310617
0.155,0.5775,0.3932578473130355
0.155,0.585,0.39393573950581406
0.155,0.5925,0.39461495005848535
0.155,0.6,0.3952954202061325
0.16,0.0,0.3519263099337123
0.16,0.0075,0.3519431839073833
0.16,0.015,0.3519936951453571
0.16,0.0225,0.35207751519715036
0.16,0.03,0.35219410837122955
0.16,0.0375,0.35234274841636926
0.16,0.045,0.3525225401817588
0.16,0.0525,0.35273244482048755
0.16,0.06,0.3529713070037814
0.16,0.0675,0.35323788266875306
0.16,0.075,0.35353086600017614
0.16,0.08249999999999999,0.35384891460480533
0.16,0.09,0.3541906721308342
0.16,0.0975,0.3545547878766049
0.16,0.105,0.3549399331932096
0.16,0.11249999999999999,0.35534481469823925
0.16,0.12,0.35576818447617203
0.16,0.1275,0.3562088475462836
0.16,0.135,0.35666566693816665
0.16,0.1425,0.35713756673714625
0.16,0.15,0.3576235334567893
0.16,0.1575,0.358122616072251
0.16,0.16499999999999998,0.3586339250138661
0.16,0.1725,0.3591566303809436
0.16,0.18,0.35968995959531497
0.16,0.1875,0.36023319467557785
0.16,0.195,0.360785669277798
0.16,0.20249999999999999,0.3613467656175097
0.16,0.21,0.3619159113614221
0.16,0.2175,0.36249257655516437
0.16,0.22499999999999998,0.36307627063534154
0.16,0.23249999999999998,0.36366653955965156
0.16,0.24,0.36426296307734995
0.16,0.2475,0.3648651521534399
0.16,0.255,0.36547274655317535
0.16,0.2625,0.36608541258838423
0.16,0.27,0.36670284102341344
0.16,0.27749999999999997,0.3673247451358679
0.16,0.285,0.3679508589255353
0.16,0.2925,0.368580935463747
0.16,0.3,0.369214745374781
0.16,0.3075,0.3698520754406295
0.16,0.315,0.37049272732043725
0.16,0.3225,0.37113651637609435
0.16,0.32999999999999996,0.37164640451072767
0.16,0.33749999999999997,0.372110241755882
0.16,0.345,0.3726268482905134
0.16,0.3525,0.37318333623204014
0.16,0.36,0.3737700991610221
0.16,0.3675,0.374380068647538
0.16,0.375,0.3750080447353799
0.16,0.3825,0.3756501760406272
0.16,0.39,0.37630358034790956
0.16,0.39749999999999996,0.37696607478107325
0.16,0.40499999999999997,0.37763598539650745
0.16,0.4125,0.3783120125991173
0.16,0.42,0.37899313537144297
0.16,0.4275,0.37967854247721045
0.16,0.435,0.3803675825087373
0.16,0.4425,0.38105972720696224
0.16,0.44999999999999996,0.38175454422221766
0.16,0.45749999999999996,0.38245167666139557
0.16,0.46499999999999997,0.3831508275663365
0.16,0.4725,0.3838517480139745
0.16,0.48,0.38455422790442756
0.16,0.4875,0.38525808876420636
0.16,0.495,0.38596317807480407
0.16,0.5025,0.38666936476664865
0.16,0.51,0.38737653561121965
0.16,0.5175,0.3880797120518168
0.16,0.525,0.38874123766355795
0.16,0.5325,0.3894048046364651
0.16,0.54,0.390070312601809
0.16,0.5475,0.39073766739861593
0.16,0.5549999999999999,0.39140678062248957
0.16,0.5625,0.3920775692111596
0.16,0.57,0.39274995506354576
0.16,0.5775,0.393423864689414
0.16,0.585,0.3940992288869643
0.16,0.5925,0.3947759824459298
0.16,0.6,0.3954540638739853
0.165,0.0,0.3524065442515198
0.165,0.0075,0.35242290742829757
0.165,0.015,0.3524718960029517
0.165,0.0225,0.3525532101973876
0.165,0.03,0.3526663604600594
0.165,0.0375,0.3528106818485745
0.165,0.045,0.35298535278747306
0.165,0.0525,0.3531894170219511
0.165,0.06,0.35342180749417
0.165,0.0675,0.3536813708964915
0.165,0.075,0.3539668917843697
0.165,0.08249999999999999,0.354277115329678
0.165,0.09,0.3546107680290543
0.165,0.0975,0.3549665759206091
0.165,0.105,0.3553432800821411
0.165,0.11249999999999999,0.35573964936941094
0.165,0.12,0.3561544904966962
0.165,0.1275,0.3565866556630554
0.165,0.135,0.3570350479902897
0.165,0.1425,0.35749862506891517
0.165,0.15,0.3579764009139155
0.165,0.1575,0.35846744661979274
0.165,0.16499999999999998,0.3589708899807636
0.165,0.1725,0.35948591431194965
0.165,0.18,0.3600117566749076
0.165,0.1875,0.36054770567855826
0.165,0.195,0.36109309899623465
0.165,0.20249999999999999,0.3616473207121948
0.165,0.21,0.36220979858699587
0.165,0.2175,0.3627800013106885
0.165,0.22499999999999998,0.3633574357957151
0.165,0.23249999999999998,0.3639416445473895
0.165,0.24,0.36453220313853524
0.165,0.2475,0.36512871780589606
0.165,0.255,0.3657308231789268
0.165,0.2625,0.3663381801461948
0.165,0.27,0.3669504738605736
0.165,0.27749999999999997,0.3675674118814215
0.165,0.285,0.36818872244980494
0.165,0.2925,0.3688141528913519
0.165,0.3,0.36944346814036616
0.165,0.3075,0.3700764493782699
0.165,0.315,0.370501416934724
0.165,0.3225,0.3708404073199269
0.165,0.32999999999999996,0.37127160297559664
0.165,0.33749999999999997,0.3717708535192588
0.165,0.345,0.3723195750071862
0.165,0.3525,0.372904344432476
0.165,0.36,0.37351568969460486
0.165,0.3675,0.3741469396179594
0.165,0.375,0.3747933537539947
0.165,0.3825,0.3754515163136564
0.165,0.39,0.3761189265607844
0.165,0.39749999999999996,0.3767937237012965
0.165,0.40499999999999997,0.3774745011165942
0.165,0.4125,0.37816017953855735
0.165,0.42,0.3788499192778396
0.165,0.4275,0.3795430585863735
0.165,0.435,0.3802390697313066
0.165,0.4425,0.38093752723888064
0.165,0.44999999999999996,0.38163808461910215
0.165,0.45749999999999996,0.3823404570829557
0.165,0.46499999999999997,0.38304440855115424
0.165,0.4725,0.38374974177592414
0.165,0.48,0.38445629074860144
0.165,0.4875,0.38516391480504736
0.165,0.495,0.3858724940058923
0.165,0.5025,0.386581925483822
0.165,0.51,0.38729212053151096
0.165,0.5175,0.3880030022619623
0.165,0.525,0.3887145037150101
0.165,0.5325,0.3894265663143861
0.165,0.54,0.39013913860232524
0.165,0.5475,0.39085217519547033
0.165,0.5549999999999999,0.39156563591842725
0.165,0.5625,0.3922535844408056
0.165,0.57,0.39292323970381154
0.165,0.5775,0.3935944960978865
0.165,0.585,0.3942672814667326
0.165,0.5925,0.39494152777545166
0.165,0.6,0.39561717083150444
0.17,0.0,0.35288677856932726
0.17,0.0075,0.352902660950953
0.17,0.015,0.35295021576109104
0.17,0.0225,0.3530291686589137
0.17,0.03,0.3531390711104579
0.17,0.0375,0.35327931284039626
0.17,0.045,0.3534491381372743
0.17,0.0525,0.35364766503874245
0.17,0.06,0.35387390633479626
0.17,0.0675,0.3541267913360952
0.17,0.075,0.3544051874463475
0.17,0.08249999999999999,0.3547079207296051
0.17,0.09,0.35503379484911607
0.17,0.0975,0.35538160794961593
0.17,0.105,0.3557501672397121
0.17,0.11249999999999999,0.3561383011915884
0.17,0.12,0.3565448694041386
0.17,0.1275,0.3569687702706907
0.17,0.135,0.3574089466555235
0.17,0.1425,0.35786438981869284
0.17,0.15,0.3583341418417391
0.17,0.1575,0.3588172968032916
0.17,0.16499999999999998,0.3593130009386167
0.17,0.1725,0.3598204519951641
0.17,0.18,0.36033889797061375
0.17,0.1875,0.36086763539337063
0.17,0.195,0.3614060072796656
0.17,0.20249999999999999,0.3619534008775016
0.17,0.21,0.3625092452862638
0.17,0.2175,0.36307300902213496
0.17,0.22499999999999998,0.36364419758353644
0.17,0.23249999999999998,0.36422235105749967
0.17,0.24,0.3648070417969216
0.17,0.2475,0.3653978721897958
0.17,0.255,0.36599447253444223
0.17,0.2625,0.3665964990292073
0.17,0.27,0.36720363188081984
0.17,0.27749999999999997,0.3678155735323293
0.17,0.285,0.36843204700913845
0.17,0.2925,0.36905279437989025
0.17,0.3,0.3696775753277507
0.17,0.3075,0.3698141465587029
0.17,0.315,0.3700655710718902
0.17,0.3225,0.370445818716209
0.17,0.32999999999999996,0.3709189846448149
0.17,0.33749999999999997,0.37145656133265303
0.17,0.345,0.37203858970392983
0.17,0.3525,0.37265172060726615
0.17,0.36,0.3732870808111274
0.17,0.3675,0.3739387005940954
0.17,0.375,0.374602484174958
0.17,0.3825,0.3752755591978013
0.17,0.39,0.3759558668617455
0.17,0.39749999999999996,0.37664190069906434
0.17,0.40499999999999997,0.377332537151379
0.17,0.4125,0.3780269234998265
0.17,0.42,0.37872440223685266
0.17,0.4275,0.37942445903105665
0.17,0.435,0.38012668626148394
0.17,0.4425,0.38083075701998387
0.17,0.44999999999999996,0.3815364062782361
0.17,0.45749999999999996,0.382243417041578
0.17,0.46499999999999997,0.38295161002883893
0.17,0.4725,0.38366083588219135
0.17,0.48,0.3843709692173884
0.17,0.4875,0.385081904029913
0.17,0.495,0.38579355011203703
0.17,0.5025,0.3865058302319662
0.17,0.51,0.3872186778934622
0.17,0.5175,0.3879320355419032
0.17,0.525,0.3886458531168161
0.17,0.5325,0.38936008687558576
0.17,0.54,0.3900746984311056
0.17,0.5475,0.390789653959481
0.17,0.5549999999999999,0.39150492354385724
0.17,0.5625,0.3922204806279358
0.17,0.57,0.3929363015584366
0.17,0.5775,0.3936523652001117
0.17,0.585,0.3943686526102724
0.17,0.5925,0.39508514676239526
0.17,0.6,0.39578469380889403
0.17500000000000002,0.0,0.35291336171295495
0.17500000000000002,0.0075,0.35293495284269694
0.17500000000000002,0.015,0.35299949491893945
0.17500000000000002,0.0225,0.3531063062192387
0.17500000000000002,0.03,0.3532542897868099
0.17500000000000002,0.0375,0.35344198745278704
0.17500000000000002,0.045,0.35366764679204515
0.17500000000000002,0.0525,0.3539292943992445
0.17500000000000002,0.06,0.3542248092384708
0.17500000000000002,0.0675,0.3545519909787265
0.17500000000000002,0.075,0.3548455897742284
0.17500000000000002,0.08249999999999999,0.35514114964827326
0.17500000000000002,0.09,0.3554595557968474
0.17500000000000002,0.0975,0.3557996740431478
0.17500000000000002,0.105,0.3561603742015977
0.17500000000000002,0.11249999999999999,0.35654054170024285
0.17500000000000002,0.12,0.3569390871545545
0.17500000000000002,0.1275,0.35735495398424694
0.17500000000000002,0.135,0.35778712422624315
0.17500000000000002,0.1425,0.3582346227348614
0.17500000000000002,0.15,0.35869651997859164
0.17500000000000002,0.1575,0.35917193364586936
0.17500000000000002,0.16499999999999998,0.35966002926425644
0.17500000000000002,0.1725,0.36016002002213854
0.17500000000000002,0.18,0.36067116596249954
0.17500000000000002,0.1875,0.3611927726969025
0.17500000000000002,0.195,0.3617241897662004
0.17500000000000002,0.20249999999999999,0.3622648087538756
0.17500000000000002,0.21,0.36281406123897847
0.17500000000000002,0.2175,0.3633714166587732
0.17500000000000002,0.22499999999999998,0.36393638013653945
0.17500000000000002,0.23249999999999998,0.3645084903174812
0.17500000000000002,0.24,0.3650873172452337
0.17500000000000002,0.2475,0.36567246030283196
0.17500000000000002,0.255,0.3662635462349978
0.17500000000000002,0.2625,0.3668602272629884
0.17500000000000002,0.27,0.3674621792988202
0.17500000000000002,0.27749999999999997,0.3680691002622354
0.17500000000000002,0.285,0.36868070850114604
0.17500000000000002,0.2925,0.36929674131432
0.17500000000000002,0.3,0.3692452329216903
0.17500000000000002,0.3075,0.36935095806965673
0.17500000000000002,0.315,0.3696442845380422
0.17500000000000002,0.3225,0.3700745073157953
0.17500000000000002,0.32999999999999996,0.370594811257668
0.17500000000000002,0.33749999999999997,0.3711728349753837
0.17500000000000002,0.345,0.3717883762498079
0.17500000000000002,0.3525,0.3724290439870576
0.17500000000000002,0.36,0.37308710746415
0.17500000000000002,0.3675,0.37375760103746414
0.17500000000000002,0.375,0.3744372326068967
0.17500000000000002,0.3825,0.3751237522236223
0.17500000000000002,0.39,0.3758155787628317
0.17500000000000002,0.39749999999999996,0.3765115729695739
0.17500000000000002,0.40499999999999997,0.3772108954684922
0.17500000000000002,0.4125,0.3779129154400121
0.17500000000000002,0.42,0.37861715034955934
0.17500000000000002,0.4275,0.37932322521690426
0.17500000000000002,0.435,0.3800308444885254
0.17500000000000002,0.4425,0.38073977222666633
0.17500000000000002,0.44999999999999996,0.3814498179032658
0.17500000000000002,0.45749999999999996,0.3821608260448891
0.17500000000000002,0.46499999999999997,0.3828726685709629
0.17500000000000002,0.4725,0.38358523904660136
0.17500000000000002,0.48,0.38429844831701887
0.17500000000000002,0.4875,0.3850122211527889
0.17500000000000002,0.495,0.3857264936441959
0.17500000000000002,0.5025,0.3864412111573086
0.17500000000000002,0.51,0.38715632671591343
0.17500000000000002,0.5175,0.38787179970961594
0.17500000000000002,0.525,0.38858759485413935
0.17500000000000002,0.5325,0.3893036813483612
0.17500000000000002,0.54,0.3900200321861038
0.17500000000000002,0.5475,0.3907366235906027
0.17500000000000002,0.5549999999999999,0.39145343454693865
0.17500000000000002,0.5625,0.39217044641323645
0.17500000000000002,0.57,0.3928876425956053
0.17500000000000002,0.5775,0.39360500827497924
0.17500000000000002,0.585,0.3943225301764587
0.17500000000000002,0.5925,0.39504019637364757
0.17500000000000002,0.6,0.3957579961219549
0.18,0.0,0.3524331273951475
0.18,0.0075,0.35245561643824397
0.18,0.015,0.3525228223169946
0.18,0.0225,0.3526339762232854
0.18,0.03,0.35278784467196805
0.18,0.0375,0.35298279491332674
0.18,0.045,0.3532168751976993
0.18,0.0525,0.353487901466172
0.18,0.06,0.3537935427247171
0.18,0.0675,0.3541313990429889
0.18,0.075,0.3544990682472534
0.18,0.08249999999999999,0.3548941994550992
0.18,0.09,0.35531453330199225
0.18,0.0975,0.35575792989801797
0.18,0.105,0.3562223862354858
0.18,0.11249999999999999,0.35670604503745523
0.18,0.12,0.3572071970164157
0.18,0.1275,0.3577242783173067
0.18,0.135,0.35816935606520933
0.18,0.1425,0.3586090987518018
0.18,0.15,0.35906331131396346
0.18,0.1575,0.3595311354654497
0.18,0.16499999999999998,0.3600117566749076
0.18,0.1725,0.36050440439070147
0.18,0.18,0.3610083516368445
0.18,0.1875,0.3615229141160511
0.18,0.195,0.3620474489381125
0.18,0.20249999999999999,0.36258135307424516
0.18,0.21,0.36312406162153527
0.18,0.2175,0.36367504594655453
0.18,0.22499999999999998,0.3642338117638735
0.18,0.23249999999999998,0.3647998971936157
0.18,0.24,0.3653728708323213
0.18,0.2475,0.36595232986310755
0.18,0.255,0.3665378982242712
0.18,0.2625,0.3671292248498951
0.18,0.27,0.3677259819915345
0.18,0.27749999999999997,0.368327863626496
0.18,0.285,0.3689345839554367
0.18,0.2925,0.3688956232376415
0.18,0.3,0.3687649986038829
0.18,0.3075,0.3688956232376415
0.18,0.315,0.3692452329216903
0.18,0.3225,0.3697354548115832
0.18,0.32999999999999996,0.37030708024683756
0.18,0.33749999999999997,0.37092605303401643
0.18,0.345,0.3715738208402813
0.18,0.3525,0.37224002336458023
0.18,0.36,0.372918598352048
0.18,0.3675,0.37360582192069514
0.18,0.375,0.37429930277743534
0.18,0.3825,0.3749974444494948
0.18,0.39,0.37569914461854026
0.18,0.39749999999999996,0.37640361970372854
0.18,0.40499999999999997,0.37711029847193633
0.18,0.4125,0.3778187552349903
0.18,0.42,0.3785286665891433
0.18,0.4275,0.37923978262066205
0.18,0.435,0.37995190726552847
0.18,0.4425,0.3806648846167414
0.18,0.44999999999999996,0.3813785891887617
0.18,0.45749999999999996,0.3820929188718262
0.18,0.46499999999999997,0.38280778975053836
0.18,0.4725,0.3835231322375326
0.18,0.48,0.3842388881498421
0.18,0.4875,0.38495500847105524
0.18,0.495,0.38567145161914784
0.18,0.5025,0.3863881820918481
0.18,0.51,0.38710516939711975
0.18,0.5175,0.38782238720127277
0.18,0.525,0.38853981264483395
0.18,0.5325,0.3892574257889322
0.18,0.54,0.3899752091640945
0.18,0.5475,0.39069314740004774
0.18,0.5549999999999999,0.39141122692007885
0.18,0.5625,0.39212943568720826
0.18,0.57,0.39284776299222446
0.18,0.5775,0.3935661992757518
0.18,0.585,0.3942847359781496
0.18,0.5925,0.3950033654122996
0.18,0.6,0.39572208065531433
0.185,0.0,0.35195289307734
0.185,0.0075,0.35197635787512743
0.185,0.015,0.3520464556933312
0.185,0.0225,0.35216231523886815
0.185,0.03,0.35232254318951367
0.185,0.0375,0.3525253039575633
0.185,0.045,0.3527684164645215
0.185,0.0525,0.353049457121739
0.185,0.06,0.35336585939762577
0.185,0.0675,0.3537150027917777
0.185,0.075,0.35409428692364076
0.185,0.08249999999999999,0.35450118911244216
0.185,0.09,0.3549333058838685
0.185,0.0975,0.35538838016562496
0.185,0.105,0.3558643165967102
0.185,0.11249999999999999,0.3563591875352417
0.185,0.12,0.3568712321856537
0.185,0.1275,0.3573988509307505
0.185,0.135,0.35794059655798116
0.185,0.1425,0.3584951636817535
0.185,0.15,0.35906137732136567
0.185,0.1575,0.3596381813115733
0.185,0.16499999999999998,0.3602246270007966
0.185,0.1725,0.36081986252432957
0.185,0.18,0.36135025433989154
0.185,0.1875,0.36185786374710005
0.185,0.195,0.36237559409630216
0.185,0.20249999999999999,0.3629028486840192
0.185,0.21,0.36343906706400037
0.185,0.2175,0.3639837234547067
0.185,0.22499999999999998,0.36453632505580136
0.185,0.23249999999999998,0.3650964103182368
0.185,0.24,0.365663547203317
0.185,0.2475,0.3662373314582585
0.185,0.255,0.36681738492917654
0.185,0.2625,0.36740335392695317
0.185,0.27,0.3679949076569706
0.185,0.27749999999999997,0.36859173672008066
0.185,0.285,0.36888152298873395
0.185,0.2925,0.3684548162022716
0.185,0.3,0.36828476428607543
0.185,0.3075,0.3684548162022716
0.185,0.315,0.36888152298873395
0.185,0.3225,0.36944132551829145
0.185,0.32999999999999996,0.3700655710718902
0.185,0.33749999999999997,0.3707232727538055
0.185,0.345,0.3713999640971992
0.185,0.3525,0.37208829924201603
0.185,0.36,0.37278423178475284
0.185,0.3675,0.3734853737970685
0.185,0.375,0.3741902338054445
0.185,0.3825,0.37489783568074597
0.185,0.39,0.37560751527502073
0.185,0.39749999999999996,0.376318805722345
0.185,0.40499999999999997,0.3770313696130576
0.185,0.4125,0.37774495722473456
0.185,0.42,0.3784593798818793
0.185,0.4275,0.37917449243825513
0.185,0.435,0.3798901814455448
0.185,0.4425,0.3806063569714627
0.185,0.44999999999999996,0.38132294682152956
0.185,0.45749999999999996,0.3820398923810031
0.185,0.46499999999999997,0.38275714557173124
0.185,0.4725,0.38347466659073065
0.185,0.48,0.3841924222062341
0.185,0.4875,0.3849103844574618
0.185,0.495,0.38562852965092065
0.185,0.5025,0.3863468375773316
0.185,0.51,0.38706529089467523
0.185,0.5175,0.3877838746376947
0.185,0.525,0.388502575824649
0.185,0.5325,0.3892213831395628
0.185,0.54,0.3899402866736043
0.185,0.5475,0.3906592777131523
0.185,0.5549999999999999,0.3913783485650142
0.185,0.5625,0.39209749241141933
0.185,0.57,0.3928167031890372
0.185,0.5775,0.39353597548750524
0.185,0.585,0.3942553044638939
0.185,0.5925,0.3949746857702655
0.185,0.6,0.3956941154920476
0.19,0.0,0.35147265875953254
0.19,0.0075,0.35149718772197586
0.19,0.015,0.3515704360567778
0.19,0.0225,0.3516914110489907
0.19,0.03,0.35185853111683474
0.19,0.0375,0.35206972380905044
0.19,0.045,0.35232254318951367
0.19,0.0525,0.35261429266353306
0.19,0.06,0.35294214127788887
0.19,0.0675,0.3533032250557774
0.19,0.075,0.35369472883812664
0.19,0.08249999999999999,0.3541139475074736
0.19,0.09,0.3545583279187125
0.19,0.0975,0.35502549428518976
0.19,0.105,0.3555132603383812
0.19,0.11249999999999999,0.3560196315547479
0.19,0.12,0.3565428003751244
0.19,0.1275,0.3570811368243824
0.19,0.135,0.3576331763999826
0.19,0.1425,0.3581976066087002
0.19,0.15,0.35877325312232944
0.19,0.1575,0.3593590662016112
0.19,0.16499999999999998,0.3599541077957834
0.19,0.1725,0.3605575395501785
0.19,0.18,0.3611686118322351
0.19,0.1875,0.3617866538043479
0.19,0.195,0.3624110645194206
0.19,0.20249999999999999,0.36304130498333004
0.19,0.21,0.36367689111130486
0.19,0.2175,0.3642972806518637
0.19,0.22499999999999998,0.36484375696445676
0.19,0.23249999999999998,0.3653978721897958
0.19,0.24,0.3659591944144445
0.19,0.2475,0.3665273186711253
0.19,0.255,0.3671018653931359
0.19,0.2625,0.3676824789040098
0.19,0.27,0.36826882595497723
0.19,0.27749999999999997,0.3688605943191753
0.19,0.285,0.3685755707897453
0.19,0.2925,0.36804464712717166
0.19,0.3,0.36780452996826796
0.19,0.3075,0.36804464712717166
0.19,0.315,0.3685755707897453
0.19,0.3225,0.3692089410864672
0.19,0.32999999999999996,0.3698813298423505
0.19,0.33749999999999997,0.37057168205504415
0.19,0.345,0.37127160297559664
0.19,0.3525,0.3719771799022947
0.19,0.36,0.37268636396089816
0.19,0.3675,0.37339798429909077
0.19,0.375,0.3741113252607074
0.19,0.3825,0.37482592554159566
0.19,0.39,0.37554147474124755
0.19,0.39749999999999996,0.37625775647590043
0.19,0.40499999999999997,0.3769746153648864
0.19,0.4125,0.3776919369887435
0.19,0.42,0.37840963524837373
0.19,0.4275,0.3791276441263659
0.19,0.435,0.37984591216243874
0.19,0.4425,0.3805643986554013
0.19,0.44999999999999996,0.3812830709939837
0.19,0.45749999999999996,0.382001902743949
0.19,0.46499999999999997,0.38272087225298584
0.19,0.4725,0.3834399616170606
0.19,0.48,0.3841591559035758
0.19,0.4875,0.38487844255990894
0.19,0.495,0.385597810957728
0.19,0.5025,0.38631725203808187
0.19,0.51,0.3870367580322026
0.19,0.5175,0.38775632223983375
0.19,0.525,0.38847593885172194
0.19,0.5325,0.38919560280634113
0.19,0.54,0.3899153096733909
0.19,0.5475,0.39063505555840994
0.19,0.5549999999999999,0.39135483702417284
0.19,0.5625,0.39207465102552386
0.19,0.57,0.39279449485504336
0.19,0.5775,0.3935143660975034
0.19,0.585,0.3942342625914974
0.19,0.5925,0.39495418239696006
0.19,0.6,0.39567412376754896
0.195,0.0,0.35099242444172507
0.195,0.0075,0.35101811854877946
0.195,0.015,0.35109481204817294
0.195,0.0225,0.3512213673139861
0.195,0.03,0.3513959795864944
0.195,0.0375,0.3516162983427894
0.195,0.045,0.3518795705739813
0.195,0.0525,0.3521827878550985
0.195,0.06,0.3525228223169946
0.195,0.0675,0.35289654172958995
0.195,0.075,0.3533008991862967
0.195,0.08249999999999999,0.35373299717932954
0.195,0.09,0.35419012869659927
0.195,0.0975,0.35466979940657806
0.195,0.105,0.3551697353603348
0.195,0.11249999999999999,0.35568788032758575
0.195,0.12,0.3562223862354858
0.195,0.1275,0.35677159943219244
0.195,0.135,0.35733404479136793
0.195,0.1425,0.3579084090745454
0.195,0.15,0.3584935244944706
0.195,0.1575,0.3590883530672373
0.195,0.16499999999999998,0.359691972086036
0.195,0.1725,0.3603035608735308
0.195,0.18,0.3609223888536238
0.195,0.1875,0.36154780491019356
0.195,0.195,0.36217922795740565
0.195,0.20249999999999999,0.3628161386236876
0.195,0.21,0.36345807194242863
0.195,0.2175,0.36410461094193985
0.195,0.22499999999999998,0.36475538103179334
0.195,0.23249999999999998,0.36541004509004754
0.195,0.24,0.3660682991645757
0.195,0.2475,0.3667298687107785
0.195,0.255,0.3673912013890712
0.195,0.2625,0.36796646658320054
0.195,0.27,0.3685476086309018
0.195,0.27749999999999997,0.36905783215412485
0.195,0.285,0.3683626955875018
0.195,0.2925,0.3677098160611992
0.195,0.3,0.3673242956504605
0.195,0.3075,0.3677098160611992
0.195,0.315,0.3683626955875018
0.195,0.3225,0.36905783215412485
0.195,0.32999999999999996,0.3697652126467756
0.195,0.33749999999999997,0.3704776932966802
0.195,0.345,0.3711927680369503
0.195,0.3525,0.3719093383487697
0.195,0.36,0.3726268482905134
0.195,0.3675,0.3733449867475459
0.195,0.375,0.3740635661633183
0.195,0.3825,0.37478246679281946
0.195,0.39,0.37550160861811444
0.195,0.39749999999999996,0.3762209361451905
0.195,0.40499999999999997,0.3769404096824278
0.195,0.4125,0.3776600000921875
0.195,0.42,0.3783796855030219
0.195,0.4275,0.37909944917841293
0.195,0.435,0.3798192780938482
0.195,0.4425,0.3805391619620752
0.195,0.44999999999999996,0.381259092550101
0.195,0.45749999999999996,0.3819790631909284
0.195,0.46499999999999997,0.3826990684282049
0.195,0.4725,0.3834191037534132
0.195,0.48,0.3841391654086625
0.195,0.4875,0.3848592502367417
0.195,0.495,0.38557935556573086
0.195,0.5025,0.3862994791192234
0.195,0.51,0.387019618945765
0.195,0.5175,0.38773977336287585
0.195,0.525,0.3884599409122584
0.195,0.5325,0.3891801203236657
0.195,0.54,0.38990031048553997
0.195,0.5475,0.3906205104209841
0.195,0.5549999999999999,0.3913407192679714
0.195,0.5625,0.39206093626294525
0.195,0.57,0.3927811607271497
0.195,0.5775,0.3935013920551766
0.195,0.585,0.394221629705319
0.195,0.5925,0.39494187319140817
0.195,0.6,0.3956621220758744
0.2,0.0,0.3505121901239176
0.2,0.0075,0.3505391654234745
0.2,0.015,0.35061964179191113
0.2,0.0225,0.35075230728282136
0.2,0.03,0.3509350907157833
0.2,0.0375,0.3511653132927108
0.2,0.045,0.35143986461422627
0.2,0.0525,0.3517553794238588
0.2,0.06,0.352108396589325
0.2,0.0675,0.35249548919449375
0.2,0.075,0.35291336171295495
0.2,0.08249999999999999,0.35335891558530935
0.2,0.09,0.3538292877003374
0.2,0.0975,0.3543218675711695
0.2,0.105,0.3548342989841848
0.2,0.11249999999999999,0.35536447116241926
0.2,0.12,0.3559105034678283
0.2,0.1275,0.3564707266425459
0.2,0.135,0.3570436626973278
0.2,0.1425,0.35762800484429114
0.2,0.15,0.35822259833869113
0.2,0.1575,0.35882642271535
0.2,0.16499999999999998,0.3594385756471821
0.2,0.1725,0.3600582584852723
0.2,0.18,0.3606847634363878
0.2,0.1875,0.36131746227458555
0.2,0.195,0.36195579645387477
0.2,0.20249999999999999,0.3625992684781371
0.2,0.21,0.36324743438538665
0.2,0.2175,0.3638998972110356
0.2,0.22499999999999998,0.3645563013059097
0.2,0.23249999999999998,0.3652163273972655
0.2,0.24,0.36587968829375644
0.2,0.2475,0.36654612514743695
0.2,0.255,0.3672154041971071
0.2,0.2625,0.36788731392740437
0.2,0.27,0.3685616625870129
0.2,0.27749999999999997,0.3690051157627866
0.2,0.285,0.36828476428607543
0.2,0.2925,0.3675644128093642
0.2,0.3,0.366844061332653
0.2,0.3075,0.3675644128093642
0.2,0.315,0.36828476428607543
0.2,0.3225,0.3690051157627866
0.2,0.32999999999999996,0.3697254672394978
0.2,0.33749999999999997,0.37044581871620896
0.2,0.345,0.3711661701929202
0.2,0.3525,0.3718865216696314
0.2,0.36,0.37260687314634255
0.2,0.3675,0.3733272246230538
0.2,0.375,0.37404757609976497
0.2,0.3825,0.37476792757647615
0.2,0.39,0.3754882790531874
0.2,0.39749999999999996,0.37620863052989856
0.2,0.40499999999999997,0.37692898200660974
0.2,0.4125,0.37764933348332097
0.2,0.42,0.37836968496003215
0.2,0.4275,0.3790900364367433
0.2,0.435,0.37981038791345456
0.2,0.4425,0.38053073939016574
0.2,0.44999999999999996,0.3812510908668769
0.2,0.45749999999999996,0.3819714423435881
0.2,0.46499999999999997,0.38269179382029933
0.2,0.4725,0.3834121452970105
0.2,0.48,0.3841324967737217
0.2,0.4875,0.3848528482504329
0.2,0.495,0.3855731997271441
0.2,0.5025,0.3862935512038553
0.2,0.51,0.3870139026805665
0.2,0.5175,0.3877342541572777
0.2,0.525,0.38845460563398887
0.2,0.5325,0.38917495711070005
0.2,0.54,0.3898953085874113
0.2,0.5475,0.39061566006412246
0.2,0.5549999999999999,0.39133601154083364
0.2,0.5625,0.3920563630175449
0.2,0.57,0.39277671449425605
0.2,0.5775,0.39349706597096723
0.2,0.585,0.39421741744767846
0.2,0.5925,0.39493776892438964
0.2,0.6,0.3956581204011008
0.20500000000000002,0.0,0.3500319558061102
0.20500000000000002,0.0075,0.3500603465638618
0.20500000000000002,0.015,0.3501449953103897
0.20500000000000002,0.0225,0.35028437858030587
0.20500000000000002,0.03,0.3504761047626892
0.20500000000000002,0.0375,0.35071710525049943
0.20500000000000002,0.045,0.35100385211754315
0.20500000000000002,0.0525,0.35133257121359335
0.20500000000000002,0.06,0.3516994278316228
0.20500000000000002,0.0675,0.35210067272253714
0.20500000000000002,0.075,0.35253274570073473
0.20500000000000002,0.08249999999999999,0.35299234059951745
0.20500000000000002,0.09,0.35347643868684564
0.20500000000000002,0.0975,0.3539823185370108
0.20500000000000002,0.105,0.35450754972357307
0.20500000000000002,0.11249999999999999,0.35504997636806
0.20500000000000002,0.12,0.3556076950930539
0.20500000000000002,0.1275,0.3561790305823996
0.20500000000000002,0.135,0.3567625108633202
0.20500000000000002,0.1425,0.357356843610145
0.20500000000000002,0.15,0.35796089419313537
0.20500000000000002,0.1575,0.35857366580851735
0.20500000000000002,0.16499999999999998,0.35919428177812324
0.20500000000000002,0.1725,0.3598219699576982
0.20500000000000002,0.18,0.3604560491100694
0.20500000000000002,0.1875,0.361095917059803
0.20500000000000002,0.195,0.36174104043344274
0.20500000000000002,0.20249999999999999,0.3623909457929653
0.20500000000000002,0.21,0.3630452119824865
0.20500000000000002,0.2175,0.36370346352492705
0.20500000000000002,0.22499999999999998,0.3643653649234662
0.20500000000000002,0.23249999999999998,0.36503061574052176
0.20500000000000002,0.24,0.3656989463437864
0.20500000000000002,0.2475,0.3663701142240825
0.20500000000000002,0.255,0.3670439008033201
0.20500000000000002,0.2625,0.3677201086626681
0.20500000000000002,0.27,0.36839855913128616
0.20500000000000002,0.27749999999999997,0.36905783215412485
0.20500000000000002,0.285,0.3683626955875018
0.20500000000000002,0.2925,0.3677098160611992
0.20500000000000002,0.3,0.3673242956504605
0.20500000000000002,0.3075,0.3677098160611992
0.20500000000000002,0.315,0.3683626955875018
0.20500000000000002,0.3225,0.36905783215412485
0.20500000000000002,0.32999999999999996,0.3697652126467756
0.20500000000000002,0.33749999999999997,0.3704776932966802
0.20500000000000002,0.345,0.3711927680369503
0.20500000000000002,0.3525,0.3719093383487697
0.20500000000000002,0.36,0.3726268482905134
0.20500000000000002,0.3675,0.3733449867475459
0.20500000000000002,0.375,0.3740635661633183
0.20500000000000002,0.3825,0.37478246679281946
0.20500000000000002,0.39,0.37550160861811444
0.20500000000000002,0.39749999999999996,0.3762209361451905
0.20500000000000002,0.40499999999999997,0.3769404096824278
0.20500000000000002,0.4125,0.3776600000921875
0.20500000000000002,0.42,0.3783796855030219
0.20500000000000002,0.4275,0.37909944917841293
0.20500000000000002,0.435,0.3798192780938482
0.20500000000000002,0.4425,0.3805391619620752
0.20500000000000002,0.44999999999999996,0.381259092550101
0.20500000000000002,0.45749999999999996,0.3819790631909284
0.20500000000000002,0.46499999999999997,0.3826990684282049
0.20500000000000002,0.4725,0.3834191037534132
0.20500000000000002,0.48,0.3841391654086625
0.20500000000000002,0.4875,0.3848592502367417
0.20500000000000002,0.495,0.38557935556573086
0.20500000000000002,0.5025,0.3862994791192234
0.20500000000000002,0.51,0.387019618945765
0.20500000000000002,0.5175,0.38773977336287585
0.20500000000000002,0.525,0.3884599409122584
0.20500000000000002,0.5325,0.3891801203236657
0.20500000000000002,0.54,0.38990031048553997
0.20500000000000002,0.5475,0.3906205104209841
0.20500000000000002,0.5549999999999999,0.3913407192679714
0.20500000000000002,0.5625,0.39206093626294525
0.20500000000000002,0.57,0.3927811607271497
0.20500000000000002,0.5775,0.3935013920551766
0.20500000000000002,0.585,0.394221629705319
0.20500000000000002,0.5925,0.39494187319140817
0.20500000000000002,0.6,0.3956621220758744
0.21,0.0,0.3495517214883027
0.21,0.0075,0.34958168420455893
0.21,0.015,0.34967095771013607
0.21,0.0225,0.3498177594459181
0.21,0.03,0.3500193092968608
0.21,0.0375,0.3502720729650139
0.21,0.045,0.3505720329854799
0.21,0.0525,0.3509149463106961
0.21,0.06,0.35129656051032204
0.21,0.0675,0.3517127759184363
0.21,0.075,0.35215975354281337
0.21,0.08249999999999999,0.3526339762232854
0.21,0.09,0.3531322737042539
0.21,0.0975,0.35365182235488785
0.21,0.105,0.35419012869659927
0.21,0.11249999999999999,0.35474500376776835
0.21,0.12,0.35531453330199225
0.21,0.1275,0.3558970469979672
0.21,0.135,0.35649108888159886
0.21,0.1425,0.35709538986355
0.21,0.15,0.35770884300010336
0.21,0.1575,0.35833048159160774
0.21,0.16499999999999998,0.35895946003294915
0.21,0.1725,0.3595950372125545
0.21,0.18,0.36023656220319145
0.21,0.1875,0.36088346197382193
0.21,0.195,0.3615352308602039
0.21,0.20249999999999999,0.36219142155209555
0.21,0.21,0.3628516373801942
0.21,0.2175,0.3635155257124233
0.21,0.22499999999999998,0.3641827722946833
0.21,0.23249999999999998,0.36485309639459634
0.21,0.24,0.3655262466276302
0.21,0.2475,0.3662019973632132
0.21,0.255,0.36688014562415255
0.21,0.2625,0.36756050840608256
0.21,0.27,0.36824292035504574
0.21,0.27749999999999997,0.36892723175092335
0.21,0.285,0.3685755707897453
0.21,0.2925,0.36804464712717166
0.21,0.3,0.36780452996826796
0.21,0.3075,0.36804464712717166
0.21,0.315,0.3685755707897453
0.21,0.3225,0.3692089410864671
0.21,0.32999999999999996,0.3698813298423505
0.21,0.33749999999999997,0.37057168205504415
0.21,0.345,0.37127160297559664
0.21,0.3525,0.3719771799022947
0.21,0.36,0.37268636396089816
0.21,0.3675,0.37339798429909077
0.21,0.375,0.3741113252607074
0.21,0.3825,0.37482592554159566
0.21,0.39,0.37554147474124755
0.21,0.39749999999999996,0.37625775647590043
0.21,0.40499999999999997,0.3769746153648864
0.21,0.4125,0.3776919369887435
0.21,0.42,0.37840963524837373
0.21,0.4275,0.3791276441263659
0.21,0.435,0.37984591216243874
0.21,0.4425,0.3805643986554013
0.21,0.44999999999999996,0.3812830709939837
0.21,0.45749999999999996,0.382001902743949
0.21,0.46499999999999997,0.38272087225298584
0.21,0.4725,0.3834399616170606
0.21,0.48,0.3841591559035758
0.21,0.4875,0.38487844255990894
0.21,0.495,0.385597810957728
0.21,0.5025,0.38631725203808187
0.21,0.51,0.3870367580322026
0.21,0.5175,0.38775632223983375
0.21,0.525,0.38847593885172194
0.21,0.5325,0.38919560280634113
0.21,0.54,0.3899153096733909
0.21,0.5475,0.39063505555840994
0.21,0.5549999999999999,0.39135483702417284
0.21,0.5625,0.39207465102552386
0.21,0.57,0.39279449485504336
0.21,0.5775,0.3935143660975034
0.21,0.585,0.3942342625914974
0.21,0.5925,0.39495418239696006
0.21,0.6,0.39567412376754896
0.215,0.0,0.34907148717049524
0.215,0.0075,0.34910320576637716
0.215,0.015,0.3491976334410606
0.215,0.0225,0.34935266695446876
0.215,0.03,0.34956505105322977
0.215,0.0375,0.3498306916090054
0.215,0.045,0.3501449953103897
0.215,0.0525,0.35050318150568766
0.215,0.06,0.35090053258790094
0.215,0.0675,0.35133257121359335
0.215,0.075,0.3517951688067012
0.215,0.08249999999999999,0.3522845983551399
0.215,0.09,0.3527975468711385
0.215,0.0975,0.35333110152566444
0.215,0.105,0.3538827205289635
0.215,0.11249999999999999,0.35445019667759986
0.215,0.12,0.3550316187842924
0.215,0.1275,0.35562533415305275
0.215,0.135,0.35622991382624153
0.215,0.1425,0.35684412139040084
0.215,0.15,0.35746688554970696
0.215,0.1575,0.358097276344798
0.215,0.16499999999999998,0.35873448472361164
0.215,0.1725,0.3593778050985534
0.215,0.18,0.3600266205099194
0.215,0.1875,0.3606803900328031
0.215,0.195,0.36133863809751127
0.215,0.20249999999999999,0.3620009454321815
0.215,0.21,0.36266694137539046
0.215,0.2175,0.36333629734321504
0.215,0.22499999999999998,0.3640087212681513
0.215,0.23249999999999998,0.36468395285609945
0.215,0.24,0.3653617595323587
0.215,0.2475,0.3660419329685678
0.215,0.255,0.36672428610019703
0.215,0.2625,0.3674086505589923
0.215,0.27,0.36809487445711603
0.215,0.27749999999999997,0.3687828204700051
0.215,0.285,0.36888152298873395
0.215,0.2925,0.3684548162022716
0.215,0.3,0.36828476428607543
0.215,0.3075,0.3684548162022716
0.215,0.315,0.36888152298873395
0.215,0.3225,0.36944132551829145
0.215,0.32999999999999996,0.3700655710718902
0.215,0.33749999999999997,0.3707232727538055
0.215,0.345,0.3713999640971992
0.215,0.3525,0.37208829924201603
0.215,0.36,0.37278423178475284
0.215,0.3675,0.3734853737970685
0.215,0.375,0.3741902338054445
0.215,0.3825,0.37489783568074597
0.215,0.39,0.37560751527502073
0.215,0.39749999999999996,0.376318805722345
0.215,0.40499999999999997,0.3770313696130576
0.215,0.4125,0.37774495722473456
0.215,0.42,0.3784593798818793
0.215,0.4275,0.37917449243825513
0.215,0.435,0.3798901814455448
0.215,0.4425,0.3806063569714627
0.215,0.44999999999999996,0.38132294682152956
0.215,0.45749999999999996,0.3820398923810031
0.215,0.46499999999999997,0.38275714557173124
0.215,0.4725,0.38347466659073065
0.215,0.48,0.3841924222062341
0.215,0.4875,0.3849103844574618
0.215,0.495,0.38562852965092065
0.215,0.5025,0.3863468375773316
0.215,0.51,0.38706529089467523
0.215,0.5175,0.3877838746376947
0.215,0.525,0.388502575824649
0.215,0.5325,0.3892213831395628
0.215,0.54,0.3899402866736043
0.215,0.5475,0.3906592777131523
0.215,0.5549999999999999,0.3913783485650142
0.215,0.5625,0.39209749241141933
0.215,0.57,0.3928167031890372
0.215,0.5775,0.39353597548750524
0.215,0.585,0.3942553044638939
0.215,0.5925,0.3949746857702655
0.215,0.6,0.3956941154920476
0.22,0.0,0.34859125285268777
0.22,0.0075,0.3486249454585102
0.22,0.015,0.3487251520714464
0.22,0.0225,0.348889367976711
0.22,0.03,0.3491137513877223
0.22,0.0375,0.3493935308859197
0.22,0.045,0.3497234339512487
0.22,0.0525,0.3500980644824364
0.22,0.06,0.3505121901239176
0.22,0.0675,0.35096093135491496
0.22,0.075,0.35143986461422627
0.22,0.08249999999999999,0.3519450603927647
0.22,0.09,0.35247307768348907
0.22,0.0975,0.3530209325247306
0.22,0.105,0.35358605356654266
0.22,0.11249999999999999,0.3541662332035024
0.22,0.12,0.3547595794245066
0.22,0.1275,0.35536447116241926
0.22,0.135,0.35597951839753833
0.22,0.1425,0.35660352734859924
0.22,0.15,0.35723547057322214
0.22,0.1575,0.35787446154605024
0.22,0.16499999999999998,0.3585197331837168
0.22,0.1725,0.3591706197738063
0.22,0.18,0.35982654179828144
0.22,0.1875,0.3604869931954833
0.22,0.195,0.3611515306646088
0.22,0.20249999999999999,0.3618197646749491
0.22,0.21,0.36249135189547715
0.22,0.2175,0.3631659888071865
0.22,0.22499999999999998,0.36384340630069695
0.22,0.23249999999999998,0.3645233650954862
0.22,0.24,0.36520565184534826
0.22,0.2475,0.36589007581809974
0.22,0.255,0.3665764660568832
0.22,0.2625,0.3672646689463303
0.22,0.27,0.3679545461199369
0.22,0.27749999999999997,0.36864597265575855
0.22,0.285,0.3692452329216903
0.22,0.2925,0.3688956232376415
0.22,0.3,0.36876499860388284
0.22,0.3075,0.3688956232376415
0.22,0.315,0.3692452329216903
0.22,0.3225,0.3697354548115832
0.22,0.32999999999999996,0.37030708024683756
0.22,0.33749999999999997,0.37092605303401643
0.22,0.345,0.3715738208402813
0.22,0.3525,0.37224002336458023
0.22,0.36,0.372918598352048
0.22,0.3675,0.37360582192069514
0.22,0.375,0.37429930277743534
0.22,0.3825,0.3749974444494948
0.22,0.39,0.37569914461854026
0.22,0.39749999999999996,0.37640361970372854
0.22,0.40499999999999997,0.37711029847193633
0.22,0.4125,0.3778187552349903
0.22,0.42,0.3785286665891433
0.22,0.4275,0.37923978262066205
0.22,0.435,0.37995190726552847
0.22,0.4425,0.3806648846167414
0.22,0.44999999999999996,0.3813785891887617
0.22,0.45749999999999996,0.3820929188718262
0.22,0.46499999999999997,0.38280778975053836
0.22,0.4725,0.3835231322375326
0.22,0.48,0.3842388881498421
0.22,0.4875,0.38495500847105524
0.22,0.495,0.38567145161914784
0.22,0.5025,0.3863881820918481
0.22,0.51,0.38710516939711975
0.22,0.5175,0.38782238720127277
0.22,0.525,0.38853981264483395
0.22,0.5325,0.3892574257889322
0.22,0.54,0.3899752091640945
0.22,0.5475,0.39069314740004774
0.22,0.5549999999999999,0.39141122692007885
0.22,0.5625,0.39212943568720826
0.22,0.57,0.39284776299222446
0.22,0.5775,0.3935661992757518
0.22,0.585,0.3942847359781496
0.22,0.5925,0.3950033654122996
0.22,0.6,0.39572208065531433
0.225,0.0,0.3481110185348803
0.225,0.0075,0.3481469465122066
0.225,0.015,0.34825367624055986
0.225,0.0225,0.34842819397877955
0.225,0.03,0.34866592661007334
0.225,0.0375,0.3489612781158613
0.225,0.045,0.3493081733839359
0.225,0.0525,0.34970051413111947
0.225,0.06,0.35013250376776833
0.225,0.0675,0.35059884171719513
0.225,0.075,0.35109481204817294
0.225,0.08249999999999999,0.3516162983427894
0.225,0.09,0.3521597535428133
0.225,0.0975,0.352722146430583
0.225,0.105,0.3533008991862967
0.225,0.11249999999999999,0.3538938246959604
0.225,0.12,0.3544990682472534
0.225,0.1275,0.3551150556768764
0.225,0.135,0.3557404485192329
0.225,0.1425,0.35637410589137647
0.225,0.15,0.35701505246395426
0.225,0.1575,0.3576624517309821
0.225,0.16499999999999998,0.35831558378826456
0.225,0.1725,0.3589738268925771
0.225,0.18,0.35963664216225943
0.225,0.1875,0.3603035608735308
0.225,0.195,0.3609741738951213
0.225,0.20249999999999999,0.3616481228822017
0.225,0.21,0.3623250929178104
0.225,0.2175,0.3630048063463638
0.225,0.22499999999999998,0.3636870175904995
0.225,0.23249999999999998,0.36437150878076646
0.225,0.24,0.36505808605888507
0.225,0.2475,0.36574657644067626
0.225,0.255,0.366436825145353
0.225,0.2625,0.36712869331458337
0.225,0.27,0.3678220560583044
0.225,0.27749999999999997,0.36851680077529825
0.225,0.285,0.36921282570552416
0.225,0.2925,0.36935095806965673
0.225,0.3,0.3692452329216903
0.225,0.3075,0.36935095806965673
0.225,0.315,0.3696442845380422
0.225,0.3225,0.3700745073157953
0.225,0.32999999999999996,0.370594811257668
0.225,0.33749999999999997,0.3711728349753837
0.225,0.345,0.3717883762498079
0.225,0.3525,0.3724290439870576
0.225,0.36,0.37308710746415
0.225,0.3675,0.37375760103746414
0.225,0.375,0.3744372326068967
0.225,0.3825,0.3751237522236223
0.225,0.39,0.3758155787628317
0.225,0.39749999999999996,0.3765115729695739
0.225,0.40499999999999997,0.3772108954684922
0.225,0.4125,0.3779129154400121
0.225,0.42,0.37861715034955934
0.225,0.4275,0.37932322521690426
0.225,0.435,0.3800308444885254
0.225,0.4425,0.38073977222666633
0.225,0.44999999999999996,0.3814498179032658
0.225,0.45749999999999996,0.3821608260448891
0.225,0.46499999999999997,0.3828726685709629
0.225,0.4725,0.38358523904660136
0.225,0.48,0.38429844831701887
0.225,0.4875,0.3850122211527889
0.225,0.495,0.3857264936441959
0.225,0.5025,0.3864412111573086
0.225,0.51,0.38715632671591343
0.225,0.5175,0.38787179970961594
0.225,0.525,0.38858759485413935
0.225,0.5325,0.3893036813483612
0.225,0.54,0.3900200321861038
0.225,0.5475,0.3907366235906027
0.225,0.5549999999999999,0.39145343454693865
0.225,0.5625,0.39217044641323645
0.225,0.57,0.3928876425956053
0.225,0.5775,0.39360500827497924
0.225,0.585,0.3943225301764587
0.225,0.5925,0.39504019637364757
0.225,0.6,0.3957579961219549
0.23,0.0,0.34763078421707283
0.23,0.0075,0.34766926435581047
0.23,0.015,0.3477834127985802
0.23,0.0225,0.34796956127603035
0.23,0.03,0.3482222149719103
0.23,0.0375,0.348534767775917
0.23,0.045,0.3489001957423161
0.23,0.0525,0.34931160432939895
0.23,0.06,0.3497625870536556
0.23,0.0675,0.3502474130954867
0.23,0.075,0.35076108814097995
0.23,0.08249999999999999,0.3512993349947466
0.23,0.09,0.35185853111683474
0.23,0.0975,0.3524356283442118
0.23,0.105,0.3530280699674143
0.23,0.11249999999999999,0.35363371318966613
0.23,0.12,0.354250760491672
0.23,0.1275,0.35487770084046566
0.23,0.135,0.3555132603383812
0.23,0.1425,0.35615636130694156
0.23,0.15,0.35680608861045165
0.23,0.1575,0.3574616620444673
0.23,0.16499999999999998,0.3581224137297751
0.23,0.1725,0.3587877696005237
0.23,0.18,0.35945723422403103
0.23,0.1875,0.3601303783251804
0.23,0.195,0.3608068285050553
0.23,0.20249999999999999,0.3614862587410411
0.23,0.21,0.36216838333565077
0.23,0.2175,0.36285295104619036
0.23,0.22499999999999998,0.3635397401795771
0.23,0.23249999999999998,0.36422855447844604
0.23,0.24,0.36491921965814156
0.23,0.2475,0.36561158048093456
0.23,0.255,0.3663054982752093
0.23,0.2625,0.36700084882450645
0.23,0.27,0.3676975205650755
0.23,0.27749999999999997,0.36839541304166545
0.23,0.285,0.3690944355802236
0.23,0.2925,0.36979450614340437
0.23,0.3,0.3697254672394978
0.23,0.3075,0.3698141465587029
0.23,0.315,0.3700655710718902
0.23,0.3225,0.370445818716209
0.23,0.32999999999999996,0.3709189846448149
0.23,0.33749999999999997,0.37145656133265303
0.23,0.345,0.37203858970392983
0.23,0.3525,0.37265172060726615
0.23,0.36,0.3732870808111274
0.23,0.3675,0.3739387005940954
0.23,0.375,0.374602484174958
0.23,0.3825,0.3752755591978013
0.23,0.39,0.3759558668617455
0.23,0.39749999999999996,0.37664190069906434
0.23,0.40499999999999997,0.377332537151379
0.23,0.4125,0.3780269234998265
0.23,0.42,0.37872440223685266
0.23,0.4275,0.37942445903105665
0.23,0.435,0.38012668626148394
0.23,0.4425,0.38083075701998387
0.23,0.44999999999999996,0.3815364062782361
0.23,0.45749999999999996,0.382243417041578
0.23,0.46499999999999997,0.38295161002883893
0.23,0.4725,0.38366083588219135
0.23,0.48,0.3843709692173884
0.23,0.4875,0.385081904029913
0.23,0.495,0.38579355011203703
0.23,0.5025,0.3865058302319662
0.23,0.51,0.3872186778934622
0.23,0.5175,0.3879320355419032
0.23,0.525,0.3886458531168161
0.23,0.5325,0.38936008687558576
0.23,0.54,0.3900746984311056
0.23,0.5475,0.390789653959481
0.23,0.5549999999999999,0.39150492354385724
0.23,0.5625,0.3922204806279358
0.23,0.57,0.3929363015584366
0.23,0.5775,0.3936523652001117
0.23,0.585,0.3943686526102724
0.23,0.5925,0.39508514676239526
0.23,0.6,0.3958018323104061
0.23500000000000001,0.0,0.34715054989926536
0.23500000000000001,0.0075,0.347191971227307
0.23500000000000001,0.015,0.34731462870802043
0.23500000000000001,0.0225,0.3475139991511013
0.23500000000000001,0.03,0.3477834127985802
0.23500000000000001,0.0375,0.34811501937649236
0.23500000000000001,0.045,0.3485006750420121
0.23500000000000001,0.0525,0.3489325913841125
0.23500000000000001,0.06,0.34940371615918137
0.23500000000000001,0.0675,0.3499078943842916
0.23500000000000001,0.075,0.35043988279925886
0.23500000000000001,0.08249999999999999,0.35099528257432433
0.23500000000000001,0.09,0.3515704360567778
0.23500000000000001,0.0975,0.35216231523886815
0.23500000000000001,0.105,0.3527684164645215
0.23500000000000001,0.11249999999999999,0.3533866676520196
0.23500000000000001,0.12,0.3540153497006438
0.23500000000000001,0.1275,0.35465303144952726
0.23500000000000001,0.135,0.35529851658827544
0.23500000000000001,0.1425,0.355950800655419
0.23500000000000001,0.15,0.356609036336279
0.23500000000000001,0.1575,0.35727250548637507
0.23500000000000001,0.16499999999999998,0.35794059655798116
0.23500000000000001,0.1725,0.35861278634811705
0.23500000000000001,0.18,0.35928862519710447
0.23500000000000001,0.1875,0.3599677249430328
0.23500000000000001,0.195,0.36064974908080205
0.23500000000000001,0.20249999999999999,0.36133440468910244
0.23500000000000001,0.21,0.3620214357795941
0.23500000000000001,0.2175,0.3627106177942096
0.23500000000000001,0.22499999999999998,0.3634017530328583
0.23500000000000001,0.23249999999999998,0.3640946668380967
0.23500000000000001,0.24,0.36478920439816737
0.23500000000000001,0.2475,0.36548522805725453
0.23500000000000001,0.255,0.3661826150434878
0.23500000000000001,0.2625,0.36688125554239653
0.23500000000000001,0.27,0.367581051057171
0.23500000000000001,0.27749999999999997,0.3682819130079693
0.23500000000000001,0.285,0.3689837615312239
0.23500000000000001,0.2925,0.369686524446902
0.23500000000000001,0.3,0.37020570155730526
0.23500000000000001,0.3075,0.3702820158480589
0.23500000000000001,0.315,0.370501416934724
0.23500000000000001,0.3225,0.3708404073199269
0.23500000000000001,0.32999999999999996,0.37127160297559664
0.23500000000000001,0.33749999999999997,0.3717708535192588
0.23500000000000001,0.345,0.3723195750071862
0.23500000000000001,0.3525,0.372904344432476
0.23500000000000001,0.36,0.37351568969460486
0.23500000000000001,0.3675,0.3741469396179594
0.23500000000000001,0.375,0.3747933537539947
0.23500000000000001,0.3825,0.3754515163136564
0.23500000000000001,0.39,0.3761189265607844
0.23500000000000001,0.39749999999999996,0.3767937237012965
0.23500000000000001,0.40499999999999997,0.3774745011165942
0.23500000000000001,0.4125,0.37816017953855735
0.23500000000000001,0.42,0.3788499192778396
0.23500000000000001,0.4275,0.3795430585863735
0.23500000000000001,0.435,0.3802390697313066
0.23500000000000001,0.4425,0.38093752723888064
0.23500000000000001,0.44999999999999996,0.38163808461910215
0.23500000000000001,0.45749999999999996,0.3823404570829557
0.23500000000000001,0.46499999999999997,0.38304440855115424
0.23500000000000001,0.4725,0.38374974177592414
0.23500000000000001,0.48,0.38445629074860144
0.23500000000000001,0.4875,0.38516391480504736
0.23500000000000001,0.495,0.3858724940058923
0.23500000000000001,0.5025,0.386581925483822
0.23500000000000001,0.51,0.38729212053151096
0.23500000000000001,0.5175,0.3880030022619623
0.23500000000000001,0.525,0.3887145037150101
0.23500000000000001,0.5325,0.3894265663143861
0.23500000000000001,0.54,0.39013913860232524
0.23500000000000001,0.5475,0.39085217519547033
0.23500000000000001,0.5549999999999999,0.39156563591842725
0.23500000000000001,0.5625,0.39227948508084326
0.23500000000000001,0.57,0.3929936908711379
0.23500000000000001,0.5775,0.3937082248455934
0.23500000000000001,0.585,0.3944230614958206
0.23500000000000001,0.5925,0.3951381778809745
0.23500000000000001,0.6,0.39585355331372707
0.24,0.0,0.34667031558145794
0.24,0.0075,0.3467151630423815
0.24,0.015,0.3468476742198682
0.24,0.0225,0.3470621894827338
0.24,0.03,0.3473505232462427
0.24,0.0375,0.3477032860075109
0.24,0.045,0.3481110185348803
0.24,0.0525,0.3485649450016271
0.24,0.06,0.349057350392092
0.24,0.0675,0.34958168420455893
0.24,0.075,0.35013250376776833
0.24,0.08249999999999999,0.3507053431341797
0.24,0.09,0.35129656051032204
0.24,0.0975,0.3519031918431004
0.24,0.105,0.3525228223169946
0.24,0.11249999999999999,0.35315347887185866
0.24,0.12,0.3537935427247171
0.24,0.1275,0.3544416792598329
0.24,0.135,0.35509678229065317
0.24,0.1425,0.35575792989801797
0.24,0.15,0.35642434945237833
0.24,0.1575,0.35709538986355
0.24,0.16499999999999998,0.3577704994980649
0.24,0.1725,0.3584492085381149
0.24,0.18,0.3591311148259533
0.24,0.1875,0.35981587245070873
0.24,0.195,0.36050318250059105
0.24,0.20249999999999999,0.36119278553189477
0.24,0.21,0.36188445540522035
0.24,0.2175,0.3625779942156101
0.24,0.22499999999999998,0.3632732281021153
0.24,0.23249999999999998,0.36397000376776834
0.24,0.24,0.3646681855761677
0.24,0.2475,0.36536765311829356
0.24,0.255,0.3660682991645757
0.24,0.2625,0.36677002793402097
0.24,0.27,0.36747275362543014
0.24,0.27749999999999997,0.3681763991661889
0.24,0.285,0.3688808951424301
0.24,0.2925,0.3695861788809949
0.24,0.3,0.37029219365893445
0.24,0.3075,0.37075288548449203
0.24,0.315,0.37094718514263
0.24,0.3225,0.3712520264243932
0.24,0.32999999999999996,0.37164640451072767
0.24,0.33749999999999997,0.372110241755882
0.24,0.345,0.3726268482905134
0.24,0.3525,0.37318333623204014
0.24,0.36,0.3737700991610221
0.24,0.3675,0.374380068647538
0.24,0.375,0.3750080447353799
0.24,0.3825,0.3756501760406272
0.24,0.39,0.37630358034790956
0.24,0.39749999999999996,0.37696607478107325
0.24,0.40499999999999997,0.37763598539650745
0.24,0.4125,0.3783120125991173
0.24,0.42,0.37899313537144297
0.24,0.4275,0.37967854247721045
0.24,0.435,0.3803675825087373
0.24,0.4425,0.38105972720696224
0.24,0.44999999999999996,0.38175454422221766
0.24,0.45749999999999996,0.38245167666139557
0.24,0.46499999999999997,0.3831508275663365
0.24,0.4725,0.3838517480139745
0.24,0.48,0.38455422790442756
0.24,0.4875,0.38525808876420636
0.24,0.495,0.38596317807480407
0.24,0.5025,0.38666936476664865
0.24,0.51,0.38737653561121965
0.24,0.5175,0.38808459231118553
0.24,0.525,0.38879344913732766
0.24,0.5325,0.38950303099700445
0.24,0.54,0.39021327184563354
0.24,0.5475,0.3909241133726715
0.24,0.5549999999999999,0.3916355039086711
0.24,0.5625,0.3923473975114748
0.24,0.57,0.39305975319840397
0.24,0.5775,0.393772534298085
0.24,0.585,0.3944857079008298
0.24,0.5925,0.3951992443906056
0.24,0.6,0.3959131170448704
0.245,0.0,0.3461900812636505
0.245,0.0075,0.3462389699122731
0.245,0.015,0.34638301744230154
0.245,0.0225,0.34661502347864104
0.245,0.03,0.34692482252282864
0.245,0.0375,0.3473011163029475
0.245,0.045,0.34773291584324045
0.245,0.0525,0.34821038205307475
0.245,0.06,0.3487251520714464
0.245,0.0675,0.3492703400838755
0.245,0.075,0.3498403784450489
0.245,0.08249999999999999,0.3504308057817759
0.245,0.09,0.35103805780000175
0.245,0.0975,0.3516592841435945
0.245,0.105,0.3522921974395366
0.245,0.11249999999999999,0.35293495284269694
0.245,0.12,0.35358605356654266
0.245,0.1275,0.35424427741246967
0.245,0.135,0.3549086197947142
0.245,0.1425,0.35557824953102113
0.245,0.15,0.35625247444222713
0.245,0.1575,0.35693071447130714
0.245,0.16499999999999998,0.3576124805711045
0.245,0.1725,0.35829735802966484
0.245,0.18,0.35898499322288907
0.245,0.1875,0.35967508302695894
0.245,0.195,0.36036736630582344
0.245,0.20249999999999999,0.3610616170266046
0.245,0.21,0.36175763865941835
0.245,0.2175,0.36245525959639235
0.245,0.22499999999999998,0.36315432938402203
0.245,0.23249999999999998,0.3638547156082077
0.245,0.24,0.3645563013059097
0.245,0.2475,0.36525898280395835
0.245,0.255,0.36596266790612514
0.245,0.2625,0.36666727436554347
0.245,0.27,0.3673727285920543
0.245,0.27749999999999997,0.36807896455385786
0.245,0.285,0.3687859228405924
0.245,0.2925,0.36949354986109856
0.245,0.3,0.3702017971540236
0.245,0.3075,0.37091062079333753
0.245,0.315,0.3713999640971992
0.245,0.3225,0.3716763259415088
0.245,0.32999999999999996,0.37203858970392983
0.245,0.33749999999999997,0.3724701862201755
0.245,0.345,0.37295644630089575
0.245,0.3525,0.3734853737970685
0.245,0.36,0.37404757609976497
0.245,0.3675,0.37463585388956827
0.245,0.375,0.37524473094882055
0.245,0.3825,0.3758700394652434
0.245,0.39,0.37650859055036456
0.245,0.39749999999999996,0.3771579248788708
0.245,0.40499999999999997,0.37781612813886595
0.245,0.4125,0.3784816955961105
0.245,0.42,0.37915343276258395
0.245,0.4275,0.3798303822608451
0.245,0.435,0.3805117696262917
0.245,0.4425,0.3811969628250343
0.245,0.44999999999999996,0.3818854417546754
0.245,0.45749999999999996,0.382576775060742
0.245,0.46499999999999997,0.3832706023562526
0.245,0.4725,0.383966620465271
0.245,0.48,0.38466457268895254
0.245,0.4875,0.38536424036121536
0.245,0.495,0.3860654361534092
0.245,0.5025,0.38676799872589934
0.245,0.51,0.38747178842508856
0.245,0.5175,0.3881766837980228
0.245,0.525,0.3888825787510276
0.245,0.5325,0.3895893802191844
0.245,0.54,0.39029700624368713
0.245,0.5475,0.3910053843769319
0.245,0.5549999999999999,0.3917144503525296
0.245,0.5625,0.39242414697070355
0.245,0.57,0.3931344231597561
0.245,0.5775,0.3938452331822228
0.245,0.585,0.3945565359605169
0.245,0.5925,0.395268294501729
0.245,0.6,0.39598047540508136
0.25,0.0,0.345709846945843
0.25,0.0075,0.34576357277983977
0.25,0.015,0.34592129724177584
0.25,0.0225,0.3461736841909973
0.25,0.03,0.3465079501785467
0.25,0.0375,0.34691043274036165
0.25,0.045,0.34736839573405287
0.25,0.0525,0.3478709013759766
0.25,0.06,0.34840900361779836
0.25,0.0675,0.34897558323254807
0.25,0.075,0.34956505105322977
0.25,0.08249999999999999,0.35017303970747526
0.25,0.09,0.35079613360207806
0.25,0.0975,0.35143165011082156
0.25,0.105,0.3520774690765775
0.25,0.11249999999999999,0.352731902536839
0.25,0.12,0.3533935960307624
0.25,0.1275,0.3540614539824377
0.25,0.135,0.3547345831773906
0.25,0.1425,0.3554122497583054
0.25,0.15,0.3560938463162558
0.25,0.1575,0.3567788665400699
0.25,0.16499999999999998,0.35746688554970696
0.25,0.1725,0.3581575445285898
0.25,0.18,0.3588505386281257
0.25,0.1875,0.35954560737972413
0.25,0.195,0.36024252704161003
0.25,0.20249999999999999,0.36094110444887406
0.25,0.21,0.3616411720394467
0.25,0.2175,0.36234258380610734
0.25,0.22499999999999998,0.3630452119824865
0.25,0.23249999999999998,0.3637489443145027
0.25,0.24,0.36445368180158094
0.25,0.2475,0.36515933681704527
0.25,0.255,0.3658658315362708
0.25,0.2625,0.36657309661597665
0.25,0.27,0.36728107007951316
0.25,0.27749999999999997,0.36798969637195017
0.25,0.285,0.368698925555795
0.25,0.2925,0.3694087126237099
0.25,0.3,0.370119016908994
0.25,0.3075,0.37082980157809703
0.25,0.315,0.37154103319224047
0.25,0.3225,0.372110241755882
0.25,0.32999999999999996,0.37244450774343135
0.25,0.33749999999999997,0.3728469903052463
0.25,0.345,0.37330495329893754
0.25,0.3525,0.37380745894086126
0.25,0.36,0.37434556118268303
0.25,0.3675,0.37491214079743274
0.25,0.375,0.37550160861811444
0.25,0.3825,0.37610959727235993
0.25,0.39,0.37673269116696273
0.25,0.39749999999999996,0.3773682076757062
0.25,0.40499999999999997,0.37801402664146216
0.25,0.4125,0.37866846010172367
0.25,0.42,0.3793301535956471
0.25,0.4275,0.3799980115473224
0.25,0.435,0.38067114074227526
0.25,0.4425,0.38134880732319004
0.25,0.44999999999999996,0.38203040388114046
0.25,0.45749999999999996,0.38271542410495457
0.25,0.46499999999999997,0.3834034431145916
0.25,0.4725,0.38409410209347444
0.25,0.48,0.3847870961930104
0.25,0.4875,0.3854821649446088
0.25,0.495,0.3861790846064947
0.25,0.5025,0.3868776620137587
0.25,0.51,0.38757772960433134
0.25,0.5175,0.388279141370992
0.25,0.525,0.3889817695473712
0.25,0.5325,0.3896855018793874
0.25,0.54,0.39039023936646566
0.25,0.5475,0.39109589438192993
0.25,0.5549999999999999,0.39180238910115545
0.25,0.5625,0.3925096541808613
0.25,0.57,0.3932176276443978
0.25,0.5775,0.39392625393683484
0.25,0.585,0.39463548312067964
0.25,0.5925,0.39534527018859456
0.25,0.6,0.3960555744738787
0.255,0.0,0.34522961262803553
0.255,0.0075,0.3452892307389522
0.255,0.015,0.3454634065323146
0.255,0.0225,0.3457397683766241
0.255,0.03,0.34610203213904517
0.255,0.0375,0.34653362865529086
0.255,0.045,0.3470198887360111
0.255,0.0525,0.3475488162321838
0.255,0.06,0.3481110185348803
0.255,0.0675,0.3486992963246836
0.255,0.075,0.3493081733839359
0.255,0.08249999999999999,0.3499334819003587
0.255,0.09,0.3505720329854799
0.255,0.0975,0.3512213673139861
0.255,0.105,0.3518795705739813
0.255,0.11249999999999999,0.35254513803122584
0.255,0.12,0.3532168751976993
0.255,0.1275,0.3538938246959604
0.255,0.135,0.354575212061407
0.255,0.1425,0.3552604052601496
0.255,0.15,0.3559488841897908
0.255,0.1575,0.35664021749585734
0.255,0.16499999999999998,0.35733404479136793
0.255,0.1725,0.35803006290038636
0.255,0.18,0.3587280151240679
0.255,0.1875,0.3594276827963307
0.255,0.195,0.36012887858852455
0.255,0.20249999999999999,0.3608314411610147
0.255,0.21,0.3615352308602039
0.255,0.2175,0.36224012623313817
0.255,0.22499999999999998,0.36294602118614294
0.255,0.23249999999999998,0.3636528226542997
0.255,0.24,0.36436044867880246
0.255,0.2475,0.3650688268120472
0.255,0.255,0.365777892787645
0.255,0.2625,0.3664875894058189
0.255,0.27,0.36719786559487144
0.255,0.27749999999999997,0.36790867561733814
0.255,0.285,0.3686199783956322
0.255,0.2925,0.36933173693684435
0.255,0.3,0.3700439178401967
0.255,0.3075,0.3707564908736988
0.255,0.315,0.37146942860898213
0.255,0.3225,0.37218270610524334
0.255,0.32999999999999996,0.3728613800877133
0.255,0.33749999999999997,0.3732376738678322
0.255,0.345,0.37366947340812506
0.255,0.3525,0.3741469396179594
0.255,0.36,0.37466170963633105
0.255,0.3675,0.37520689764876014
0.255,0.375,0.37577693600993356
0.255,0.3825,0.37636736334666054
0.255,0.39,0.3769746153648864
0.255,0.39749999999999996,0.37759584170847915
0.255,0.40499999999999997,0.37822875500442127
0.255,0.4125,0.3788715104075816
0.255,0.42,0.3795226111314273
0.255,0.4275,0.38018083497735433
0.255,0.435,0.3808451773595989
0.255,0.4425,0.3815148070959058
0.255,0.44999999999999996,0.3821890320071118
0.255,0.45749999999999996,0.3828672720361918
0.255,0.46499999999999997,0.3835490381359892
0.255,0.4725,0.3842339155945495
0.255,0.48,0.3849215507877737
0.255,0.4875,0.3856116405918436
0.255,0.495,0.3863039238707081
0.255,0.5025,0.3869981745914893
0.255,0.51,0.387694196224303
0.255,0.5175,0.388391817161277
0.255,0.525,0.3890908869489067
0.255,0.5325,0.38979127317309237
0.255,0.54,0.3904928588707944
0.255,0.5475,0.391195540368843
0.255,0.5549999999999999,0.3918992254710098
0.255,0.5625,0.39260383193042814
0.255,0.57,0.39330928615693894
0.255,0.5775,0.3940155221187425
0.255,0.585,0.3947224804054771
0.255,0.5925,0.3954301074259832
0.255,0.6,0.3961383547189083
0.26,0.0,0.34474937831022806
0.26,0.0075,0.34481632791960737
0.26,0.015,0.3450106275777453
0.26,0.0225,0.34531546885950853
0.26,0.03,0.345709846945843
0.26,0.0375,0.3461736841909973
0.26,0.045,0.34669029072562874
0.26,0.0525,0.3472467786671555
0.26,0.06,0.34783354159613744
0.26,0.0675,0.3484435110826533
0.26,0.075,0.34907148717049524
0.26,0.08249999999999999,0.34971361847574256
0.26,0.09,0.3503670227830249
0.26,0.0975,0.3510295172161886
0.26,0.105,0.3516994278316228
0.26,0.11249999999999999,0.3523754550342326
0.26,0.12,0.3530565778065583
0.26,0.1275,0.3537419849123258
0.26,0.135,0.35443102494385265
0.26,0.1425,0.3551231696420776
0.26,0.15,0.355817986657333
0.26,0.1575,0.3565151190965109
0.26,0.16499999999999998,0.35721427000145184
0.26,0.1725,0.3579151904490898
0.26,0.18,0.3586176703395429
0.26,0.1875,0.3593215311993217
0.26,0.195,0.3600266205099194
0.26,0.20249999999999999,0.360732807201764
0.26,0.21,0.361439978046335
0.26,0.2175,0.36214803474630086
0.26,0.22499999999999998,0.362856891572443
0.26,0.23249999999999998,0.3635664734321198
0.26,0.24,0.36427671428074887
0.26,0.2475,0.36498755580778686
0.26,0.255,0.3656989463437864
0.26,0.2625,0.36641083994659013
0.26,0.27,0.3671231956335193
0.26,0.27749999999999997,0.3678359767332003
0.26,0.285,0.36854915033594515
0.26,0.2925,0.3692626868257209
0.26,0.3,0.36997655947998576
0.26,0.3075,0.3706907441262317
0.26,0.315,0.37140521884611477
0.26,0.3225,0.372119963719685
0.26,0.32999999999999996,0.37283496060353905
0.26,0.33749999999999997,0.3735501929377801
0.26,0.345,0.37404757609976497
0.26,0.3525,0.37450150256651177
0.26,0.36,0.3749939079569767
0.26,0.3675,0.3755182417694436
0.26,0.375,0.376069061332653
0.26,0.3825,0.3766419006990644
0.26,0.39,0.3772331180752067
0.26,0.39749999999999996,0.3778397494079851
0.26,0.40499999999999997,0.3784593798818793
0.26,0.4125,0.3790900364367433
0.26,0.42,0.37973010028960175
0.26,0.4275,0.38037823682471755
0.26,0.435,0.38103333985553783
0.26,0.4425,0.38169448746290263
0.26,0.44999999999999996,0.382360907017263
0.26,0.45749999999999996,0.38303194742843466
0.26,0.46499999999999997,0.38370705706294955
0.26,0.4725,0.38438576610299957
0.26,0.48,0.38506767239083795
0.26,0.4875,0.3857524300155934
0.26,0.495,0.3864397400654757
0.26,0.5025,0.38712934309677943
0.26,0.51,0.387821012970105
0.26,0.5175,0.38851455178049477
0.26,0.525,0.389209785667
0.26,0.5325,0.389906561332653
0.26,0.54,0.39060474314105237
0.26,0.5475,0.3913042106831782
0.26,0.5549999999999999,0.39200485672946034
0.26,0.5625,0.39270658549890564
0.26,0.57,0.3934093111903148
0.26,0.5775,0.39411295673107355
0.26,0.585,0.3948174527073148
0.26,0.5925,0.3955227364458796
0.26,0.6,0.3962287512238191
0.265,0.0,0.3442691439924206
0.265,0.0075,0.34434545828317425
0.265,0.015,0.3445648593698393
0.265,0.0225,0.34490384975504224
0.265,0.03,0.34533504541071197
0.265,0.0375,0.34583429595437415
0.265,0.045,0.34638301744230154
0.265,0.0525,0.34696778686759133
0.265,0.06,0.3475791321297202
0.265,0.0675,0.34821038205307475
0.265,0.075,0.34885679618911003
0.265,0.08249999999999999,0.34951495874877175
0.265,0.09,0.3501823689958997
0.265,0.0975,0.3508571661364118
0.265,0.105,0.35153794355170953
0.265,0.11249999999999999,0.3522236219736727
0.265,0.12,0.35291336171295495
0.265,0.1275,0.35360650102148883
0.265,0.135,0.35430251216642195
0.265,0.1425,0.35500096967399597
0.265,0.15,0.35570152705421754
0.265,0.1575,0.35640389951807105
0.265,0.16499999999999998,0.35710785098626957
0.265,0.1725,0.35781318421103947
0.265,0.18,0.3585197331837168
0.265,0.1875,0.3592273572401627
0.265,0.195,0.35993593644100763
0.265,0.20249999999999999,0.3606453679189373
0.265,0.21,0.3613555629666263
0.265,0.2175,0.36206644469707766
0.265,0.22499999999999998,0.36277794615012543
0.265,0.23249999999999998,0.36349000874950144
0.265,0.24,0.3642025810374406
0.265,0.2475,0.36491561763058566
0.265,0.255,0.36562907835354264
0.265,0.2625,0.3663429275159586
0.265,0.27,0.3670571333062532
0.265,0.27749999999999997,0.36777166728070876
0.265,0.285,0.36848650393093596
0.265,0.2925,0.36920162031608983
0.265,0.3,0.3699169957488424
0.265,0.3075,0.3706326115261937
0.265,0.315,0.3713484506978492
0.265,0.3225,0.3720644978662047
0.265,0.32999999999999996,0.3727807390130333
0.265,0.33749999999999997,0.37349716134881694
0.265,0.345,0.37421375318135436
0.265,0.3525,0.37486914894899714
0.265,0.36,0.37534027372406603
0.265,0.3675,0.37584445194917626
0.265,0.375,0.3763764403641435
0.265,0.3825,0.376931840139209
0.265,0.39,0.37750699362166246
0.265,0.39749999999999996,0.3780988728037528
0.265,0.40499999999999997,0.37870497402940617
0.265,0.4125,0.37932322521690426
0.265,0.42,0.37995190726552847
0.265,0.4275,0.3805895890144119
0.265,0.435,0.3812350741531601
0.265,0.4425,0.3818873582203037
0.265,0.44999999999999996,0.38254559390116366
0.265,0.45749999999999996,0.3832090630512597
0.265,0.46499999999999997,0.3838771541228658
0.265,0.4725,0.3845493439130017
0.265,0.48,0.38522518276198914
0.265,0.4875,0.3859042825079175
0.265,0.495,0.38658630664568666
0.265,0.5025,0.3872709622539871
0.265,0.51,0.3879579933444788
0.265,0.5175,0.38864717535909427
0.265,0.525,0.389338310597743
0.265,0.5325,0.3900312244029814
0.265,0.54,0.39072576196305203
0.265,0.5475,0.3914217856221392
0.265,0.5549999999999999,0.3921191726083725
0.265,0.5625,0.3928178131072812
0.265,0.57,0.39351760862205565
0.265,0.5775,0.394218470572854
0.265,0.585,0.3949203190961086
0.265,0.5925,0.39562308201178664
0.265,0.6,0.3963266939322022
0.27,0.0,0.3437889096746131
0.27,0.0075,0.34387758899381826
0.27,0.015,0.34412901350700553
0.27,0.0225,0.34450926115132435
0.27,0.03,0.3449824270799302
0.27,0.0375,0.34552000376776837
0.27,0.045,0.34610203213904517
0.27,0.0525,0.3467151630423815
0.27,0.06,0.3473505232462427
0.27,0.0675,0.34800214302921073
0.27,0.075,0.34866592661007334
0.27,0.08249999999999999,0.34933900163291665
0.27,0.09,0.3500193092968608
0.27,0.0975,0.3507053431341797
0.27,0.105,0.3513959795864943
0.27,0.11249999999999999,0.3520903659349418
0.27,0.12,0.352787844671968
0.27,0.1275,0.353487901466172
0.27,0.135,0.35419012869659927
0.27,0.1425,0.3548941994550992
0.27,0.15,0.35559984871335143
0.27,0.1575,0.3563068594766933
0.27,0.16499999999999998,0.35701505246395426
0.27,0.1725,0.3577242783173067
0.27,0.18,0.3584344116525037
0.27,0.1875,0.3591453464650284
0.27,0.195,0.35985699254715237
0.27,0.20249999999999999,0.36056927266708155
0.27,0.21,0.36128212032857754
0.27,0.2175,0.36199547797701853
0.27,0.22499999999999998,0.36270929555193143
0.27,0.23249999999999998,0.3634235293107011
0.27,0.24,0.36413814086622087
0.27,0.2475,0.36485309639459634
0.27,0.255,0.3655683659789726
0.27,0.2625,0.36628392306305113
0.27,0.27,0.36699974399355195
0.27,0.27749999999999997,0.36771580763522704
0.27,0.285,0.3684320950453877
0.27,0.2925,0.3691485891975106
0.27,0.3,0.36986527474552144
0.27,0.3075,0.37058213782195676
0.27,0.315,0.3712991658644685
0.27,0.3225,0.37201634746614454
0.27,0.32999999999999996,0.3727336722459248
0.27,0.33749999999999997,0.37345113073603975
0.27,0.345,0.3741687142839236
0.27,0.3525,0.374886414966481
0.27,0.36,0.37560422551493056
0.27,0.3675,0.37618397066037135
0.27,0.375,0.3766976457058646
0.27,0.3825,0.37723589255963125
0.27,0.39,0.3777950886817194
0.27,0.39749999999999996,0.3783721859090965
0.27,0.40499999999999997,0.378964627532299
0.27,0.4125,0.3795702707545508
0.27,0.42,0.38018731805655664
0.27,0.4275,0.3808142584053503
0.27,0.435,0.3814498179032659
0.27,0.4425,0.3820929188718262
0.27,0.44999999999999996,0.3827426461753363
0.27,0.45749999999999996,0.38339821960935194
0.27,0.46499999999999997,0.38405897129465977
0.27,0.4725,0.3847243271654084
0.27,0.48,0.3853937917889157
0.27,0.4875,0.3860669358900651
0.27,0.495,0.38674338606993997
0.27,0.5025,0.3874228163059258
0.27,0.51,0.38810494090053543
0.27,0.5175,0.38878950861107503
0.27,0.525,0.38947629774446174
0.27,0.5325,0.3901651120433307
0.27,0.54,0.3908557772230262
0.27,0.5475,0.3915481380458192
0.27,0.5549999999999999,0.392242055840094
0.27,0.5625,0.3929374063893911
0.27,0.57,0.39363407812996015
0.27,0.5775,0.3943319706065502
0.27,0.585,0.39503099314510826
0.27,0.5925,0.39573106370828903
0.27,0.6,0.39643210790555133
0.275,0.0,0.34330867535680565
0.275,0.0075,0.34341440050477207
0.275,0.015,0.34370772697315755
0.275,0.0225,0.3441379497509106
0.275,0.03,0.34465825369278336
0.275,0.0375,0.34523627741049906
0.275,0.045,0.3458518186849232
0.275,0.0525,0.34649248642217295
0.275,0.06,0.34715054989926536
0.275,0.0675,0.34782104347257947
0.275,0.075,0.34850067504201204
0.275,0.08249999999999999,0.34918719465873765
0.275,0.09,0.34987902119794706
0.275,0.0975,0.3505750154046892
0.275,0.105,0.3512743379036075
0.275,0.11249999999999999,0.35197635787512743
0.275,0.12,0.3526805927846747
0.275,0.1275,0.3533866676520196
0.275,0.135,0.35409428692364076
0.275,0.1425,0.35480321466178166
0.275,0.15,0.35551326033838115
0.275,0.1575,0.35622426848000444
0.275,0.16499999999999998,0.35693611100607825
0.275,0.1725,0.3576486814817167
0.275,0.18,0.3583618907521342
0.275,0.1875,0.3590756635879042
0.275,0.195,0.35978993607931126
0.275,0.20249999999999999,0.36050465359242395
0.275,0.21,0.36121976915102877
0.275,0.2175,0.3619352421447313
0.275,0.22499999999999998,0.3626510372892547
0.275,0.23249999999999998,0.3633671237834765
0.275,0.24,0.36408347462121915
0.275,0.2475,0.364800066025718
0.275,0.255,0.365516876982054
0.275,0.2625,0.3662338888483518
0.275,0.27,0.36695108503072066
0.275,0.27749999999999997,0.3676684507100946
0.275,0.285,0.368385972611574
0.275,0.2925,0.3691036388087629
0.275,0.3,0.3698214385570702
0.275,0.3075,0.370539362151103
0.275,0.315,0.37125740080219005
0.275,0.3225,0.3719755465328026
0.275,0.32999999999999996,0.3726937920852174
0.275,0.33749999999999997,0.3734121308422327
0.275,0.345,0.3741305567581243
0.275,0.3525,0.3748490642983332
0.275,0.36,0.37556764838662415
0.275,0.3675,0.37628630435865895
0.275,0.375,0.37700502792109497
0.275,0.3825,0.37755285590767407
0.275,0.39,0.378096311107698
0.275,0.39749999999999996,0.37865870399546764
0.275,0.40499999999999997,0.37923745675118137
0.275,0.4125,0.3798303822608451
0.275,0.42,0.3804356258121381
0.275,0.4275,0.38105161324176107
0.275,0.435,0.3816770060841176
0.275,0.4425,0.3823106634562612
0.275,0.44999999999999996,0.38295161002883893
0.275,0.45749999999999996,0.38359900929586677
0.275,0.46499999999999997,0.3842521413531492
0.275,0.4725,0.3849103844574618
0.275,0.48,0.3855731997271441
0.275,0.4875,0.3862401184384155
0.275,0.495,0.386910731460006
0.275,0.5025,0.3875846804470864
0.275,0.51,0.38826165048269506
0.275,0.5175,0.38894136391124845
0.275,0.525,0.38962357515538415
0.275,0.5325,0.39030806634565113
0.275,0.54,0.39099464362376973
0.275,0.5475,0.39168313400556093
0.275,0.5549999999999999,0.39237338271023764
0.275,0.5625,0.39306525087946803
0.275,0.57,0.3937586136231891
0.275,0.5775,0.3944533583401829
0.275,0.585,0.3951493832704088
0.275,0.5925,0.39584659624341556
0.275,0.6,0.3965449135931522
0.28,0.0,0.34282844103899823
0.28,0.0075,0.34295906567275686
0.28,0.015,0.34330867535680565
0.28,0.0225,0.34379889724669854
0.28,0.03,0.3443705226819529
0.28,0.0375,0.34498949546913177
0.28,0.045,0.3456372632753966
0.28,0.0525,0.34630346579969556
0.28,0.06,0.3469820407871633
0.28,0.0675,0.34766926435581047
0.28,0.075,0.3483627452125507
0.28,0.08249999999999999,0.34906088688461007
0.28,0.09,0.3497625870536556
0.28,0.0975,0.3504670621388439
0.28,0.105,0.35117374090705167
0.28,0.11249999999999999,0.35188219767010565
0.28,0.12,0.35259210902425864
0.28,0.1275,0.3533032250557774
0.28,0.135,0.3540153497006438
0.28,0.1425,0.35472832705185675
0.28,0.15,0.35544203162387705
0.28,0.1575,0.35615636130694156
0.28,0.16499999999999998,0.3568712321856537
0.28,0.1725,0.3575865746726479
0.28,0.18,0.3583023305849574
0.28,0.1875,0.35901845090617057
0.28,0.195,0.3597348940542632
0.28,0.20249999999999999,0.36045162452696344
0.28,0.21,0.3611686118322351
0.28,0.2175,0.3618858296363881
0.28,0.22499999999999998,0.3626032550799493
0.28,0.23249999999999998,0.3633208682240475
0.28,0.24,0.36403865159920984
0.28,0.2475,0.36475658983516307
0.28,0.255,0.3654746693551942
0.28,0.2625,0.3661928781223236
0.28,0.27,0.3669112054273398
0.28,0.27749999999999997,0.36762964171086715
0.28,0.285,0.36834817841326495
0.28,0.2925,0.3690668078474149
0.28,0.3,0.36978552309042967
0.28,0.3075,0.37050431789108235
0.28,0.315,0.37122318659036035
0.28,0.3225,0.37194212405302396
0.28,0.32999999999999996,0.372661125608434
0.28,0.33749999999999997,0.3733801869992169
0.28,0.345,0.3740993043365835
0.28,0.3525,0.3748184740613179
0.28,0.36,0.3755376929096139
0.28,0.3675,0.37625695788307256
0.28,0.375,0.37697626622228014
0.28,0.3825,0.3776956153834792
0.28,0.39,0.37840963524837373
0.28,0.39749999999999996,0.37895749008961527
0.28,0.40499999999999997,0.3795226111314273
0.28,0.4125,0.38010279076838704
0.28,0.42,0.38069613698939125
0.28,0.4275,0.3813010287273039
0.28,0.435,0.381916075962423
0.28,0.4425,0.3825400849134839
0.28,0.44999999999999996,0.3831720281381068
0.28,0.45749999999999996,0.3838110191109349
0.28,0.46499999999999997,0.38445629074860144
0.28,0.4725,0.385107177338691
0.28,0.48,0.3857630993631661
0.28,0.4875,0.38642355076036794
0.28,0.495,0.3870880882294935
0.28,0.5025,0.38775632223983375
0.28,0.51,0.3884279094603619
0.28,0.5175,0.38910254637207115
0.28,0.525,0.3897799638655816
0.28,0.5325,0.3904599226603709
0.28,0.54,0.3911422094102329
0.28,0.5475,0.3918266333829844
0.28,0.5549999999999999,0.3925130236217679
0.28,0.5625,0.393201226511215
0.28,0.57,0.39389110368482155
0.28,0.5775,0.3945825302206432
0.28,0.585,0.39527539308127146
0.28,0.5925,0.39596958976133567
0.28,0.6,0.3966650271117823
0.28500000000000003,0.0,0.34234820672119076
0.28500000000000003,0.0075,0.34251825863738694
0.28500000000000003,0.015,0.3429449654238493
0.28500000000000003,0.0225,0.3435047679534068
0.28500000000000003,0.03,0.34412901350700553
0.28500000000000003,0.0375,0.34478671518892084
0.28500000000000003,0.045,0.34546340653231455
0.28500000000000003,0.0525,0.34615174167713136
0.28500000000000003,0.06,0.3468476742198682
0.28500000000000003,0.0675,0.3475488162321838
0.28500000000000003,0.075,0.34825367624055986
0.28500000000000003,0.08249999999999999,0.3489612781158613
0.28500000000000003,0.09,0.34967095771013607
0.28500000000000003,0.0975,0.35038224815746033
0.28500000000000003,0.105,0.35109481204817294
0.28500000000000003,0.11249999999999999,0.3518083996598499
0.28500000000000003,0.12,0.3525228223169946
0.28500000000000003,0.1275,0.35323793487337046
0.28500000000000003,0.135,0.35395362388066015
0.28500000000000003,0.1425,0.35466979940657806
0.28500000000000003,0.15,0.3553863892566449
0.28500000000000003,0.1575,0.35610333481611844
0.28500000000000003,0.16499999999999998,0.3568205880068466
0.28500000000000003,0.1725,0.357538109025846
0.28500000000000003,0.18,0.35825586464134945
0.28500000000000003,0.1875,0.3589738268925771
0.28500000000000003,0.195,0.359691972086036
0.28500000000000003,0.20249999999999999,0.36041028001244696
0.28500000000000003,0.21,0.36112873332979056
0.28500000000000003,0.2175,0.36184731707281004
0.28500000000000003,0.22499999999999998,0.3625660182597643
0.28500000000000003,0.23249999999999998,0.3632848255746781
0.28500000000000003,0.24,0.36400372910871964
0.28500000000000003,0.2475,0.3647227201482676
0.28500000000000003,0.255,0.3654417910001295
0.28500000000000003,0.2625,0.36616093484653467
0.28500000000000003,0.27,0.36688014562415255
0.28500000000000003,0.27749999999999997,0.3675994179226206
0.28500000000000003,0.285,0.36831874689900923
0.28500000000000003,0.2925,0.36903812820538084
0.28500000000000003,0.3,0.3697575579271629
0.28500000000000003,0.3075,0.37047703253049974
0.28500000000000003,0.315,0.3711965488170927
0.28500000000000003,0.3225,0.3719161038853164
0.28500000000000003,0.32999999999999996,0.3726356950966166
0.28500000000000003,0.33749999999999997,0.37335532004637173
0.28500000000000003,0.345,0.3740749765385418
0.28500000000000003,0.3525,0.3747946625635423
0.28500000000000003,0.36,0.37551437627887513
0.28500000000000003,0.3675,0.3762341159921241
0.28500000000000003,0.375,0.37695388014598424
0.28500000000000003,0.3825,0.37767366730504814
0.28500000000000003,0.39,0.378393476144112
0.28500000000000003,0.39749999999999996,0.3791133054378027
0.28500000000000003,0.40499999999999997,0.3798192780938482
0.28500000000000003,0.4125,0.3803867542424845
0.28500000000000003,0.42,0.38096817634917707
0.28500000000000003,0.4275,0.38156189171793736
0.28500000000000003,0.435,0.3821664713911262
0.28500000000000003,0.4425,0.3827806789552855
0.28500000000000003,0.44999999999999996,0.3834034431145916
0.28500000000000003,0.45749999999999996,0.38403383390968265
0.28500000000000003,0.46499999999999997,0.3846710422884963
0.28500000000000003,0.4725,0.38531436266343805
0.28500000000000003,0.48,0.38596317807480407
0.28500000000000003,0.4875,0.3866169475976878
0.28500000000000003,0.495,0.38727519566239593
0.28500000000000003,0.5025,0.38793750299706614
0.28500000000000003,0.51,0.3886034989402751
0.28500000000000003,0.5175,0.3892728549080997
0.28500000000000003,0.525,0.389945278833036
0.28500000000000003,0.5325,0.3906205104209841
0.28500000000000003,0.54,0.3912983170972434
0.28500000000000003,0.5475,0.39197849053345246
0.28500000000000003,0.5549999999999999,0.39266084366508164
0.28500000000000003,0.5625,0.39334520812387697
0.28500000000000003,0.57,0.39403143202200064
0.28500000000000003,0.5775,0.39471937803488977
0.28500000000000003,0.585,0.3954089217384033
0.28500000000000003,0.5925,0.3960999501629381
0.28500000000000003,0.6,0.39679236053310846
0.29,0.0,0.3418679724033833
0.29,0.0075,0.342108089562287
0.29,0.015,0.3426390132248606
0.29,0.0225,0.3432723835215825
0.29,0.03,0.34394477227746584
0.29,0.0375,0.34463512449015954
0.29,0.045,0.34533504541071197
0.29,0.0525,0.34604062233741
0.29,0.06,0.3467498063960135
0.29,0.0675,0.3474614267342061
0.29,0.075,0.34817476769582273
0.29,0.08249999999999999,0.348889367976711
0.29,0.09,0.3496049171763629
0.29,0.0975,0.35032119891101576
0.29,0.105,0.35103805780000175
0.29,0.11249999999999999,0.3517553794238588
0.29,0.12,0.35247307768348907
0.29,0.1275,0.35319108656148124
0.29,0.135,0.35390935459755407
0.29,0.1425,0.35462784109051665
0.29,0.15,0.355346513429099
0.29,0.1575,0.35606534517906435
0.29,0.16499999999999998,0.3567843146881012
0.29,0.1725,0.35750340405217595
0.29,0.18,0.35822259833869113
0.29,0.1875,0.3589418849950243
0.29,0.195,0.3596612533928433
0.29,0.20249999999999999,0.3603806944731972
0.29,0.21,0.3611002004673179
0.29,0.2175,0.3618197646749491
0.29,0.22499999999999998,0.36253938128683727
0.29,0.23249999999999998,0.36325904524145647
0.29,0.24,0.3639787521085062
0.29,0.2475,0.3646984979935253
0.29,0.255,0.3654182794592882
0.29,0.2625,0.3661380934606392
0.29,0.27,0.3668579372901587
0.29,0.27749999999999997,0.36757780853261873
0.29,0.285,0.36829770502661274
0.29,0.2925,0.3690176248320754
0.29,0.3,0.3697375662026643
0.29,0.3075,0.37045752756217504
0.29,0.315,0.37117750748431916
0.29,0.3225,0.3718975046753192
0.29,0.32999999999999996,0.3726175179588721
0.29,0.33749999999999997,0.37333754626311516
0.29,0.345,0.3740575886092887
0.29,0.3525,0.37477764410184433
0.29,0.36,0.3754977119197873
0.29,0.3675,0.37621779130907845
0.29,0.375,0.3769378815759457
0.29,0.3825,0.37765798208098217
0.29,0.39,0.37837809223392405
0.29,0.39749999999999996,0.37909821148901907
0.29,0.40499999999999997,0.37981833934090914
0.29,0.4125,0.3805384753209614
0.29,0.42,0.3812510908668769
0.29,0.4275,0.38183360456285187
0.29,0.435,0.3824276464464835
0.29,0.4425,0.38303194742843466
0.29,0.44999999999999996,0.383645400564988
0.29,0.45749999999999996,0.3842670391564924
0.29,0.46499999999999997,0.3848960175978338
0.29,0.4725,0.38553159477743915
0.29,0.48,0.3861731197680761
0.29,0.4875,0.3868200195387066
0.29,0.495,0.38747178842508856
0.29,0.5025,0.3881279791169802
0.29,0.51,0.3887881949450789
0.29,0.5175,0.38945208327730796
0.29,0.525,0.39011932985956804
0.29,0.5325,0.390789653959481
0.29,0.54,0.3914628041925149
0.29,0.5475,0.39213855492809785
0.29,0.5549999999999999,0.3928167031890372
0.29,0.5625,0.39349706597096723
0.29,0.57,0.3941794779199304
0.29,0.5775,0.394863789315808
0.29,0.585,0.3955498643174155
0.29,0.5925,0.3962375794318871
0.29,0.6,0.3969268221766979
0.295,0.0,0.3413877380855758
0.295,0.0075,0.3417732584963145
0.295,0.015,0.3424261380226171
0.295,0.0225,0.3431212745892402
0.295,0.03,0.3438286550818909
0.295,0.0375,0.3445411357317955
0.295,0.045,0.3452562104720656
0.295,0.0525,0.34597278078388505
0.295,0.06,0.34669029072562874
0.295,0.0675,0.34740842918266124
0.295,0.075,0.34812700859843365
0.295,0.08249999999999999,0.3488459092279348
0.295,0.09,0.34956505105322977
0.295,0.0975,0.35028437858030587
0.295,0.105,0.35100385211754315
0.295,0.11249999999999999,0.3517234425273028
0.295,0.12,0.35244312793813726
0.295,0.1275,0.35316289161352826
0.295,0.135,0.3538827205289635
0.295,0.1425,0.35460260439719055
0.295,0.15,0.3553225349852163
0.295,0.1575,0.3560425056260438
0.295,0.16499999999999998,0.3567625108633202
0.295,0.1725,0.35748254618852854
0.295,0.18,0.35820260784377783
0.295,0.1875,0.35892269267185706
0.295,0.195,0.3596427980008462
0.295,0.20249999999999999,0.36036292155433874
0.295,0.21,0.3610830613808803
0.295,0.2175,0.3618032157979912
0.295,0.22499999999999998,0.3625233833473737
0.295,0.23249999999999998,0.36324356275878106
0.295,0.24,0.3639637529206553
0.295,0.2475,0.36468395285609945
0.295,0.255,0.3654041617030868
0.295,0.2625,0.3661243786980606
0.295,0.27,0.366844603162265
0.295,0.27749999999999997,0.3675648344902919
0.295,0.285,0.3682850721404343
0.295,0.2925,0.36900531562652344
0.295,0.3,0.36972556451098976
0.295,0.3075,0.3704458183989385
0.295,0.315,0.3711660769330714
0.295,0.3225,0.371886339789317
0.295,0.32999999999999996,0.37260660667305573
0.295,0.33749999999999997,0.3733268773158491
0.295,0.345,0.37404715147259465
0.295,0.3525,0.37476742891904413
0.295,0.36,0.37548770944963206
0.295,0.3675,0.37620799287556966
0.295,0.375,0.37692827902316783
0.295,0.3825,0.37764856773235705
0.295,0.39,0.3783688588553783
0.295,0.39749999999999996,0.3790891522556218
0.295,0.40499999999999997,0.379809447806595
0.295,0.4125,0.38052974539100315
0.295,0.42,0.3812500448999281
0.295,0.4275,0.3819703462320937
0.295,0.435,0.3826906492932072
0.295,0.4425,0.3832934011750297
0.295,0.44999999999999996,0.38389745175802004
0.295,0.45749999999999996,0.384510223373402
0.295,0.46499999999999997,0.3851308393430079
0.295,0.4725,0.3857585275225829
0.295,0.48,0.38639260667495406
0.295,0.4875,0.38703247462468765
0.295,0.495,0.3876775979983274
0.295,0.5025,0.38832750335785
0.295,0.51,0.3889817695473712
0.295,0.5175,0.3896400210898117
0.295,0.525,0.3903019224883509
0.295,0.5325,0.3909671733054064
0.295,0.54,0.3916355039086711
0.295,0.5475,0.39230667178896717
0.295,0.5549999999999999,0.3929804583682048
0.295,0.5625,0.39365666622755274
0.295,0.57,0.3943351166961708
0.295,0.5775,0.39501564774964415
0.295,0.585,0.3956981121747791
0.295,0.5925,0.39638237596382314
0.295,0.6,0.39706831690661215
0.3,0.0,0.34090750376776835
0.3,0.0075,0.34162785524447953
0.3,0.015,0.34234820672119076
0.3,0.0225,0.34306855819790194
0.3,0.03,0.3437889096746131
0.3,0.0375,0.34450926115132435
0.3,0.045,0.34522961262803553
0.3,0.0525,0.3459499641047467
0.3,0.06,0.3466703155814579
0.3,0.0675,0.3473906670581691
0.3,0.075,0.3481110185348803
0.3,0.08249999999999999,0.3488313700115915
0.3,0.09,0.3495517214883027
0.3,0.0975,0.3502720729650139
0.3,0.105,0.35099242444172507
0.3,0.11249999999999999,0.3517127759184363
0.3,0.12,0.3524331273951475
0.3,0.1275,0.35315347887185866
0.3,0.135,0.3538738303485699
0.3,0.1425,0.3545941818252811
0.3,0.15,0.35531453330199225
0.3,0.1575,0.35603488477870343
0.3,0.16499999999999998,0.35675523625541466
0.3,0.1725,0.35747558773212584
0.3,0.18,0.358195939208837
0.3,0.1875,0.35891629068554826
0.3,0.195,0.35963664216225943
0.3,0.20249999999999999,0.3603569936389706
0.3,0.21,0.3610773451156818
0.3,0.2175,0.361797696592393
0.3,0.22499999999999998,0.3625180480691042
0.3,0.23249999999999998,0.3632383995458154
0.3,0.24,0.3639587510225266
0.3,0.2475,0.3646791024992378
0.3,0.255,0.365399453975949
0.3,0.2625,0.3661198054526602
0.3,0.27,0.3668401569293714
0.3,0.27749999999999997,0.36756050840608256
0.3,0.285,0.3682808598827938
0.3,0.2925,0.369001211359505
0.3,0.3,0.36972156283621616
0.3,0.3075,0.3704419143129274
0.3,0.315,0.37116226578963857
0.3,0.3225,0.37188261726634975
0.3,0.32999999999999996,0.3726029687430609
0.3,0.33749999999999997,0.37332332021977216
0.3,0.345,0.37404367169648334
0.3,0.3525,0.3747640231731945
0.3,0.36,0.37548437464990575
0.3,0.3675,0.37620472612661693
0.3,0.375,0.3769250776033281
0.3,0.3825,0.37764542908003934
0.3,0.39,0.3783657805567505
0.3,0.39749999999999996,0.3790861320334617
0.3,0.40499999999999997,0.3798064835101729
0.3,0.4125,0.3805268349868841
0.3,0.42,0.3812471864635953
0.3,0.4275,0.38196753794030647
0.3,0.435,0.3826878894170177
0.3,0.4425,0.3834082408937289
0.3,0.44999999999999996,0.38412859237044006
0.3,0.45749999999999996,0.38476298028023465
0.3,0.46499999999999997,0.3853751332120668
0.3,0.4725,0.38599481605015695
0.3,0.48,0.38662132100127244
0.3,0.4875,0.3872540198394702
0.3,0.495,0.38789235401875943
0.3,0.5025,0.3885358260430218
0.3,0.51,0.3891839919502713
0.3,0.5175,0.38983645477592027
0.3,0.525,0.3904928588707944
0.3,0.5325,0.39115288496215017
0.3,0.54,0.3918162458586411
0.3,0.5475,0.3924826827123216
0.3,0.5549999999999999,0.39315196176199174
0.3,0.5625,0.39382387149228903
0.3,0.57,0.39449822015189756
0.3,0.5775,0.39517483358209937
0.3,0.585,0.39585355331372707
0.3,0.5925,0.3965342348964771
0.3,0.6,0.3972167464296279
0.305,0.0,0.3413877380855758
0.305,0.0075,0.3417732584963145
0.305,0.015,0.34242613802261707
0.305,0.0225,0.3431212745892402
0.305,0.03,0.3438286550818909
0.305,0.0375,0.3445411357317955
0.305,0.045,0.3452562104720656
0.305,0.0525,0.34597278078388505
0.305,0.06,0.34669029072562874
0.305,0.0675,0.34740842918266124
0.305,0.075,0.34812700859843365
0.305,0.08249999999999999,0.3488459092279348
0.305,0.09,0.34956505105322977
0.305,0.0975,0.3502843785803058
0.305,0.105,0.35100385211754315
0.305,0.11249999999999999,0.3517234425273028
0.305,0.12,0.35244312793813726
0.305,0.1275,0.35316289161352826
0.305,0.135,0.3538827205289635
0.305,0.1425,0.35460260439719055
0.305,0.15,0.3553225349852163
0.305,0.1575,0.3560425056260438
0.305,0.16499999999999998,0.3567625108633202
0.305,0.1725,0.35748254618852854
0.305,0.18,0.35820260784377783
0.305,0.1875,0.35892269267185706
0.305,0.195,0.3596427980008462
0.305,0.20249999999999999,0.36036292155433874
0.305,0.21,0.3610830613808803
0.305,0.2175,0.3618032157979912
0.305,0.22499999999999998,0.3625233833473737
0.305,0.23249999999999998,0.36324356275878106
0.305,0.24,0.3639637529206553
0.305,0.2475,0.36468395285609945
0.305,0.255,0.3654041617030868
0.305,0.2625,0.3661243786980606
0.305,0.27,0.366844603162265
0.305,0.27749999999999997,0.3675648344902919
0.305,0.285,0.3682850721404343
0.305,0.2925,0.36900531562652344
0.305,0.3,0.36972556451098976
0.305,0.3075,0.3704458183989385
0.305,0.315,0.3711660769330714
0.305,0.3225,0.371886339789317
0.305,0.32999999999999996,0.37260660667305573
0.305,0.33749999999999997,0.3733268773158491
0.305,0.345,0.37404715147259465
0.305,0.3525,0.37476742891904413
0.305,0.36,0.37548770944963206
0.305,0.3675,0.37620799287556966
0.305,0.375,0.37692827902316783
0.305,0.3825,0.37764856773235705
0.305,0.39,0.3783688588553783
0.305,0.39749999999999996,0.3790891522556218
0.305,0.40499999999999997,0.379809447806595
0.305,0.4125,0.38052974539100315
0.305,0.42,0.3812500448999281
0.305,0.4275,0.3819703462320937
0.305,0.435,0.3826906492932072
0.305,0.4425,0.3834109539953675
0.305,0.44999999999999996,0.3841312602565327
0.305,0.45749999999999996,0.3848515680000398
0.305,0.46499999999999997,0.38557187715417107
0.305,0.4725,0.3862401184384155
0.305,0.48,0.3868589464185085
0.305,0.4875,0.3874843624750782
0.305,0.495,0.3881157855222903
0.305,0.5025,0.3887526961885723
0.305,0.51,0.3893946295073133
0.305,0.5175,0.3900411685068245
0.305,0.525,0.390691938596678
0.305,0.5325,0.3913466026549322
0.305,0.54,0.39200485672946034
0.305,0.5475,0.39266642627566317
0.305,0.5549999999999999,0.39333106286170494
0.305,0.5625,0.39399854128072054
0.305,0.57,0.39466865701704706
0.305,0.5775,0.3953412240203663
0.305,0.585,0.39601607274770634
0.305,0.5925,0.39669304843858344
0.305,0.6,0.3973720095932224
0.31,0.0,0.3418679724033833
0.31,0.0075,0.342108089562287
0.31,0.015,0.3426390132248606
0.31,0.0225,0.34327238352158246
0.31,0.03,0.34394477227746584
0.31,0.0375,0.3446351244901595
0.31,0.045,0.34533504541071197
0.31,0.0525,0.34604062233741
0.31,0.06,0.3467498063960135
0.31,0.0675,0.3474614267342061
0.31,0.075,0.34817476769582273
0.31,0.08249999999999999,0.348889367976711
0.31,0.09,0.3496049171763629
0.31,0.0975,0.35032119891101576
0.31,0.105,0.35103805780000175
0.31,0.11249999999999999,0.3517553794238588
0.31,0.12,0.35247307768348907
0.31,0.1275,0.35319108656148124
0.31,0.135,0.35390935459755407
0.31,0.1425,0.35462784109051665
0.31,0.15,0.355346513429099
0.31,0.1575,0.35606534517906435
0.31,0.16499999999999998,0.3567843146881012
0.31,0.1725,0.35750340405217595
0.31,0.18,0.35822259833869113
0.31,0.1875,0.3589418849950242
0.31,0.195,0.3596612533928433
0.31,0.20249999999999999,0.3603806944731972
0.31,0.21,0.3611002004673179
0.31,0.2175,0.3618197646749491
0.31,0.22499999999999998,0.36253938128683727
0.31,0.23249999999999998,0.36325904524145647
0.31,0.24,0.3639787521085062
0.31,0.2475,0.3646984979935253
0.31,0.255,0.3654182794592882
0.31,0.2625,0.3661380934606392
0.31,0.27,0.3668579372901587
0.31,0.27749999999999997,0.36757780853261873
0.31,0.285,0.36829770502661274
0.31,0.2925,0.3690176248320754
0.31,0.3,0.3697375662026643
0.31,0.3075,0.37045752756217504
0.31,0.315,0.37117750748431916
0.31,0.3225,0.3718975046753192
0.31,0.32999999999999996,0.3726175179588721
0.31,0.33749999999999997,0.37333754626311516
0.31,0.345,0.3740575886092887
0.31,0.3525,0.37477764410184433
0.31,0.36,0.3754977119197873
0.31,0.3675,0.37621779130907845
0.31,0.375,0.3769378815759457
0.31,0.3825,0.37765798208098217
0.31,0.39,0.37837809223392405
0.31,0.39749999999999996,0.37909821148901907
0.31,0.40499999999999997,0.37981833934090914
0.31,0.4125,0.3805384753209614
0.31,0.42,0.38125861899399227
0.31,0.4275,0.38197876995533553
0.31,0.435,0.382698927828214
0.31,0.4425,0.38341909226137794
0.31,0.44999999999999996,0.3841392629269791
0.31,0.45749999999999996,0.3848594395186542
0.31,0.46499999999999997,0.38557962174979377
0.31,0.4725,0.386299809351975
0.31,0.48,0.38702000207354226
0.31,0.4875,0.38772321136923255
0.31,0.495,0.3883476220843053
0.31,0.5025,0.3889778625482147
0.31,0.51,0.3896134486761895
0.31,0.5175,0.39025394506260774
0.31,0.525,0.39089895948251013
0.31,0.5325,0.3915481380458192
0.31,0.54,0.39220116093020163
0.31,0.5475,0.3928577386246085
0.31,0.5549999999999999,0.39351760862205565
0.31,0.5625,0.3941805325067091
0.31,0.57,0.3948462933865447
0.31,0.5775,0.39551469362861047
0.31,0.585,0.39618555285915863
0.31,0.5925,0.39685870619561947
0.31,0.6,0.3975340026815706
0.315,0.0,0.34234820672119076
0.315,0.0075,0.34251825863738694
0.315,0.015,0.3429449654238493
0.315,0.0225,0.3435047679534068
0.315,0.03,0.34412901350700553
0.315,0.0375,0.34478671518892084
0.315,0.045,0.34546340653231455
0.315,0.0525,0.34615174167713136
0.315,0.06,0.3468476742198682
0.315,0.0675,0.3475488162321838
0.315,0.075,0.34825367624055986
0.315,0.08249999999999999,0.3489612781158613
0.315,0.09,0.34967095771013607
0.315,0.0975,0.35038224815746033
0.315,0.105,0.35109481204817294
0.315,0.11249999999999999,0.3518083996598499
0.315,0.12,0.3525228223169946
0.315,0.1275,0.35323793487337046
0.315,0.135,0.35395362388066015
0.315,0.1425,0.35466979940657806
0.315,0.15,0.3553863892566449
0.315,0.1575,0.35610333481611844
0.315,0.16499999999999998,0.3568205880068466
0.315,0.1725,0.357538109025846
0.315,0.18,0.35825586464134945
0.315,0.1875,0.3589738268925771
0.315,0.195,0.359691972086036
0.315,0.20249999999999999,0.36041028001244696
0.315,0.21,0.3611287333297905
0.315,0.2175,0.36184731707281004
0.315,0.22499999999999998,0.3625660182597643
0.315,0.23249999999999998,0.3632848255746781
0.315,0.24,0.36400372910871964
0.315,0.2475,0.3647227201482676
0.315,0.255,0.3654417910001295
0.315,0.2625,0.36616093484653467
0.315,0.27,0.36688014562415255
0.315,0.27749999999999997,0.3675994179226206
0.315,0.285,0.36831874689900923
0.315,0.2925,0.36903812820538084
0.315,0.3,0.3697575579271629
0.315,0.3075,0.37047703253049974
0.315,0.315,0.3711965488170927
0.315,0.3225,0.3719161038853164
0.315,0.32999999999999996,0.3726356950966166
0.315,0.33749999999999997,0.37335532004637173
0.315,0.345,0.3740749765385418
0.315,0.3525,0.3747946625635423
0.315,0.36,0.37551437627887513
0.315,0.3675,0.3762341159921241
0.315,0.375,0.37695388014598424
0.315,0.3825,0.37767366730504814
0.315,0.39,0.378393476144112
0.315,0.39749999999999996,0.3791133054378027
0.315,0.40499999999999997,0.37983315405135387
0.315,0.4125,0.3805530209323861
0.315,0.42,0.3812729051035658
0.315,0.4275,0.3819928056560349
0.315,0.435,0.38271272174351867
0.315,0.4425,0.3834326525770318
0.315,0.44999999999999996,0.3841525974201123
0.315,0.45749999999999996,0.3848725555845239
0.315,0.46499999999999997,0.3855925264263729
0.315,0.4725,0.38631250934259453
0.315,0.48,0.3870325037677683
0.315,0.4875,0.3877525091712262
0.315,0.495,0.3884725250544239
0.315,0.5025,0.38919255094854677
0.315,0.51,0.3898402159024936
0.315,0.5175,0.3904745666435853
0.315,0.525,0.39111371831415975
0.315,0.5325,0.3917573014119763
0.315,0.54,0.3924049812104665
0.315,0.5475,0.3930564540362961
0.315,0.5549999999999999,0.39371144397406416
0.315,0.5625,0.39436969994922283
0.315,0.57,0.39503099314510826
0.315,0.5775,0.3956951147146355
0.315,0.585,0.3963618737515976
0.315,0.5925,0.3970310954905494
0.315,0.6,0.39770261970792387
0.32,0.0,0.3428284410389982
0.32,0.0075,0.34295906567275686
0.32,0.015,0.34330867535680565
0.32,0.0225,0.34379889724669854
0.32,0.03,0.3443705226819529
0.32,0.0375,0.34498949546913177
0.32,0.045,0.3456372632753966
0.32,0.0525,0.34630346579969556
0.32,0.06,0.3469820407871633
0.32,0.0675,0.34766926435581047
0.32,0.075,0.3483627452125507
0.32,0.08249999999999999,0.34906088688461007
0.32,0.09,0.3497625870536556
0.32,0.0975,0.3504670621388439
0.32,0.105,0.35117374090705167
0.32,0.11249999999999999,0.35188219767010565
0.32,0.12,0.35259210902425864
0.32,0.1275,0.3533032250557774
0.32,0.135,0.3540153497006438
0.32,0.1425,0.35472832705185675
0.32,0.15,0.35544203162387705
0.32,0.1575,0.35615636130694156
0.32,0.16499999999999998,0.3568712321856537
0.32,0.1725,0.3575865746726479
0.32,0.18,0.3583023305849574
0.32,0.1875,0.35901845090617057
0.32,0.195,0.3597348940542632
0.32,0.20249999999999999,0.36045162452696344
0.32,0.21,0.3611686118322351
0.32,0.2175,0.3618858296363881
0.32,0.22499999999999998,0.3626032550799493
0.32,0.23249999999999998,0.3633208682240475
0.32,0.24,0.36403865159920984
0.32,0.2475,0.36475658983516307
0.32,0.255,0.3654746693551942
0.32,0.2625,0.3661928781223236
0.32,0.27,0.3669112054273398
0.32,0.27749999999999997,0.36762964171086715
0.32,0.285,0.36834817841326495
0.32,0.2925,0.3690668078474149
0.32,0.3,0.36978552309042967
0.32,0.3075,0.37050431789108235
0.32,0.315,0.37122318659036035
0.32,0.3225,0.37194212405302396
0.32,0.32999999999999996,0.372661125608434
0.32,0.33749999999999997,0.3733801869992169
0.32,0.345,0.3740993043365835
0.32,0.3525,0.3748184740613179
0.32,0.36,0.3755376929096139
0.32,0.3675,0.37625695788307256
0.32,0.375,0.37697626622228014
0.32,0.3825,0.3776956153834792
0.32,0.39,0.3784150030179183
0.32,0.39749999999999996,0.3791344269535284
0.32,0.40499999999999997,0.379853885178626
0.32,0.4125,0.38057337582738654
0.32,0.42,0.3812928971668675
0.32,0.4275,0.38201244758539205
0.32,0.435,0.3827320255821298
0.32,0.4425,0.38345162975773317
0.32,0.44999999999999996,0.3841712588059062
0.32,0.45749999999999996,0.3848909115058006
0.32,0.46499999999999997,0.3856105867151446
0.32,0.4725,0.3863302833640238
0.32,0.48,0.3870500004492441
0.32,0.4875,0.38776973702921247
0.32,0.495,0.3884894922192822
0.32,0.5025,0.3892092651875137
0.32,0.51,0.389929055150808
0.32,0.5175,0.3906488613713762
0.32,0.525,0.39133601154083364
0.32,0.5325,0.39197390228419904
0.32,0.54,0.3926161392465505
0.32,0.5475,0.3932624054565757
0.32,0.5549999999999999,0.39391241231678203
0.32,0.5625,0.39456589670208697
0.32,0.57,0.3952226183784226
0.32,0.5775,0.3958823577057187
0.32,0.585,0.3965449135931522
0.32,0.5925,0.3972101016779137
0.32,0.6,0.39787775270187303
0.325,0.0,0.34330867535680565
0.325,0.0075,0.34341440050477207
0.325,0.015,0.3437077269731575
0.325,0.0225,0.3441379497509106
0.325,0.03,0.34465825369278336
0.325,0.0375,0.34523627741049906
0.325,0.045,0.3458518186849232
0.325,0.0525,0.34649248642217295
0.325,0.06,0.34715054989926536
0.325,0.0675,0.34782104347257947
0.325,0.075,0.34850067504201204
0.325,0.08249999999999999,0.34918719465873765
0.325,0.09,0.34987902119794706
0.325,0.0975,0.3505750154046892
0.325,0.105,0.3512743379036075
0.325,0.11249999999999999,0.35197635787512743
0.325,0.12,0.3526805927846747
0.325,0.1275,0.3533866676520196
0.325,0.135,0.35409428692364076
0.325,0.1425,0.35480321466178166
0.325,0.15,0.35551326033838115
0.325,0.1575,0.35622426848000444
0.325,0.16499999999999998,0.35693611100607825
0.325,0.1725,0.3576486814817167
0.325,0.18,0.3583618907521342
0.325,0.1875,0.3590756635879042
0.325,0.195,0.35978993607931126
0.325,0.20249999999999999,0.36050465359242395
0.325,0.21,0.36121976915102877
0.325,0.2175,0.3619352421447313
0.325,0.22499999999999998,0.3626510372892547
0.325,0.23249999999999998,0.3633671237834765
0.325,0.24,0.36408347462121915
0.325,0.2475,0.364800066025718
0.325,0.255,0.365516876982054
0.325,0.2625,0.3662338888483518
0.325,0.27,0.36695108503072066
0.325,0.27749999999999997,0.3676684507100946
0.325,0.285,0.368385972611574
0.325,0.2925,0.3691036388087629
0.325,0.3,0.3698214385570702
0.325,0.3075,0.370539362151103
0.325,0.315,0.37125740080219005
0.325,0.3225,0.3719755465328026
0.325,0.32999999999999996,0.3726937920852174
0.325,0.33749999999999997,0.3734121308422327
0.325,0.345,0.3741305567581243
0.325,0.3525,0.3748490642983332
0.325,0.36,0.37556764838662415
0.325,0.3675,0.37628630435865895
0.325,0.375,0.37700502792109497
0.325,0.3825,0.3777238151154577
0.325,0.39,0.3784426622861495
0.325,0.39749999999999996,0.3791615660520539
0.325,0.40499999999999997,0.3798805232812728
0.325,0.4125,0.38059953106860045
0.325,0.42,0.3813185867153955
0.325,0.4275,0.3820376877115583
0.325,0.435,0.38275683171936153
0.325,0.4425,0.38347601655891483
0.325,0.44999999999999996,0.38419524019507534
0.325,0.45749999999999996,0.3849145007256386
0.325,0.46499999999999997,0.3856337963706658
0.325,0.4725,0.38635312546282274
0.325,0.48,0.38707248643861963
0.325,0.4875,0.38779187783045577
0.325,0.495,0.38851129825938424
0.325,0.5025,0.3892307464285211
0.325,0.51,0.38995022111703437
0.325,0.5175,0.3906697211746525
0.325,0.525,0.3913892455166423
0.325,0.5325,0.3921087931192095
0.325,0.54,0.3928283630152808
0.325,0.5475,0.39347542500877747
0.325,0.5549999999999999,0.39412035598570294
0.325,0.5625,0.3947689746046759
0.325,0.57,0.3954210297687905
0.325,0.5775,0.39607629151185764
0.325,0.585,0.3967345489499536
0.325,0.5925,0.3973956084497795
0.325,0.6,0.3980592919901382
0.33,0.0,0.3437889096746131
0.33,0.0075,0.34387758899381826
0.33,0.015,0.34412901350700553
0.33,0.0225,0.3445092611513243
0.33,0.03,0.3449824270799302
0.33,0.0375,0.34552000376776837
0.33,0.045,0.34610203213904517
0.33,0.0525,0.3467151630423815
0.33,0.06,0.3473505232462427
0.33,0.0675,0.34800214302921073
0.33,0.075,0.34866592661007334
0.33,0.08249999999999999,0.34933900163291665
0.33,0.09,0.3500193092968608
0.33,0.0975,0.3507053431341797
0.33,0.105,0.3513959795864943
0.33,0.11249999999999999,0.3520903659349418
0.33,0.12,0.352787844671968
0.33,0.1275,0.353487901466172
0.33,0.135,0.35419012869659927
0.33,0.1425,0.3548941994550992
0.33,0.15,0.35559984871335143
0.33,0.1575,0.3563068594766933
0.33,0.16499999999999998,0.35701505246395426
0.33,0.1725,0.3577242783173067
0.33,0.18,0.3584344116525037
0.33,0.1875,0.3591453464650283
0.33,0.195,0.35985699254715237
0.33,0.20249999999999999,0.36056927266708155
0.33,0.21,0.36128212032857754
0.33,0.2175,0.36199547797701853
0.33,0.22499999999999998,0.36270929555193143
0.33,0.23249999999999998,0.3634235293107011
0.33,0.24,0.36413814086622087
0.33,0.2475,0.36485309639459634
0.33,0.255,0.3655683659789726
0.33,0.2625,0.36628392306305113
0.33,0.27,0.36699974399355195
0.33,0.27749999999999997,0.36771580763522704
0.33,0.285,0.3684320950453877
0.33,0.2925,0.3691485891975106
0.33,0.3,0.36986527474552144
0.33,0.3075,0.37058213782195676
0.33,0.315,0.3712991658644685
0.33,0.3225,0.37201634746614454
0.33,0.32999999999999996,0.3727336722459248
0.33,0.33749999999999997,0.37345113073603975
0.33,0.345,0.3741687142839236
0.33,0.3525,0.374886414966481
0.33,0.36,0.37560422551493056
0.33,0.3675,0.37632213924873864
0.33,0.375,0.3770401500173859
0.33,0.3825,0.3777582521489071
0.33,0.39,0.3784764404043036
0.33,0.39749999999999996,0.379194709937062
0.33,0.40499999999999997,0.37991305625712557
0.33,0.4125,0.38063147519875695
0.33,0.42,0.3813499628918127
0.33,0.4275,0.38206851573601325
0.33,0.435,0.38278713037785167
0.33,0.4425,0.38350580368983095
0.33,0.44999999999999996,0.38422453275176033
0.33,0.45749999999999996,0.3849433148338768
0.33,0.46499999999999997,0.3856621473815879
0.33,0.4725,0.38638102800165636
0.33,0.48,0.3870999544496709
0.33,0.4875,0.38781892461866563
0.33,0.495,0.38853793652876684
0.33,0.5025,0.38925698831776123
0.33,0.51,0.3899760782324907
0.33,0.5175,0.3906952046209911
0.33,0.525,0.391414365925301
0.33,0.5325,0.39213356067487376
0.33,0.54,0.39285278748053676
0.33,0.5475,0.39357204502894333
0.33,0.5549999999999999,0.39429133207747274
0.33,0.5625,0.3949787846518897
0.33,0.57,0.39562608697366725
0.33,0.5775,0.39627678387491877
0.33,0.585,0.39693065510795433
0.33,0.5925,0.39758749813223676
0.33,0.6,0.39824712646967425
0.335,0.0,0.3442691439924206
0.335,0.0075,0.34434545828317425
0.335,0.015,0.3445648593698393
0.335,0.0225,0.34490384975504224
0.335,0.03,0.34533504541071197
0.335,0.0375,0.34583429595437415
0.335,0.045,0.34638301744230154
0.335,0.0525,0.34696778686759133
0.335,0.06,0.3475791321297202
0.335,0.0675,0.34821038205307475
0.335,0.075,0.34885679618911003
0.335,0.08249999999999999,0.34951495874877175
0.335,0.09,0.3501823689958997
0.335,0.0975,0.3508571661364118
0.335,0.105,0.35153794355170953
0.335,0.11249999999999999,0.3522236219736727
0.335,0.12,0.35291336171295495
0.335,0.1275,0.35360650102148883
0.335,0.135,0.35430251216642195
0.335,0.1425,0.35500096967399597
0.335,0.15,0.3557015270542175
0.335,0.1575,0.35640389951807105
0.335,0.16499999999999998,0.35710785098626957
0.335,0.1725,0.35781318421103947
0.335,0.18,0.35851973318371677
0.335,0.1875,0.3592273572401627
0.335,0.195,0.35993593644100763
0.335,0.20249999999999999,0.3606453679189373
0.335,0.21,0.3613555629666263
0.335,0.2175,0.36206644469707766
0.335,0.22499999999999998,0.36277794615012543
0.335,0.23249999999999998,0.36349000874950144
0.335,0.24,0.3642025810374406
0.335,0.2475,0.36491561763058566
0.335,0.255,0.36562907835354264
0.335,0.2625,0.3663429275159586
0.335,0.27,0.3670571333062532
0.335,0.27749999999999997,0.36777166728070876
0.335,0.285,0.36848650393093596
0.335,0.2925,0.36920162031608983
0.335,0.3,0.3699169957488424
0.335,0.3075,0.3706326115261937
0.335,0.315,0.3713484506978492
0.335,0.3225,0.3720644978662047
0.335,0.32999999999999996,0.3727807390130333
0.335,0.33749999999999997,0.37349716134881694
0.335,0.345,0.37421375318135436
0.335,0.3525,0.3749305038008342
0.335,0.36,0.37564740337902225
0.335,0.3675,0.3763644428805852
0.335,0.375,0.3770816139848836
0.335,0.3825,0.37779890901682334
0.335,0.39,0.3785163208855667
0.335,0.39749999999999996,0.37923384303008245
0.335,0.40499999999999997,0.3799514693706627
0.335,0.4125,0.3806691942656584
0.335,0.42,0.38138701247279094
0.335,0.4275,0.3821049191144864
0.335,0.435,0.38282290964675275
0.335,0.4425,0.38354097983118596
0.335,0.44999999999999996,0.3842591257097442
0.335,0.45749999999999996,0.3849773435819769
0.335,0.46499999999999997,0.3856956299844343
0.335,0.4725,0.3864139816720184
0.335,0.48,0.38713239560106527
0.335,0.4875,0.387850868913974
0.335,0.495,0.3885693989252209
0.335,0.5025,0.38928798310861407
0.335,0.51,0.39000661908566386
0.335,0.5175,0.39072530461495547
0.335,0.525,0.39144403758242563
0.335,0.5325,0.3921628159924539
0.335,0.54,0.39288163795969117
0.335,0.5475,0.3936005017015546
0.335,0.5549999999999999,0.3943194055313266
0.335,0.5625,0.39503834785180236
0.335,0.57,0.39575732714943473
0.335,0.5775,0.3964763419889333
0.335,0.585,0.39713310638197735
0.335,0.5925,0.39778565197130633
0.335,0.6,0.3984411438720268
0.34,0.0,0.34474937831022806
0.34,0.0075,0.34481632791960737
0.34,0.015,0.3450106275777453
0.34,0.0225,0.34531546885950853
0.34,0.03,0.345709846945843
0.34,0.0375,0.3461736841909973
0.34,0.045,0.34669029072562874
0.34,0.0525,0.3472467786671555
0.34,0.06,0.34783354159613744
0.34,0.0675,0.3484435110826533
0.34,0.075,0.34907148717049524
0.34,0.08249999999999999,0.34971361847574256
0.34,0.09,0.3503670227830249
0.34,0.0975,0.3510295172161886
0.34,0.105,0.3516994278316228
0.34,0.11249999999999999,0.3523754550342326
0.34,0.12,0.3530565778065583
0.34,0.1275,0.3537419849123258
0.34,0.135,0.35443102494385265
0.34,0.1425,0.3551231696420776
0.34,0.15,0.355817986657333
0.34,0.1575,0.3565151190965109
0.34,0.16499999999999998,0.35721427000145184
0.34,0.1725,0.3579151904490898
0.34,0.18,0.3586176703395429
0.34,0.1875,0.3593215311993217
0.34,0.195,0.3600266205099194
0.34,0.20249999999999999,0.360732807201764
0.34,0.21,0.361439978046335
0.34,0.2175,0.36214803474630086
0.34,0.22499999999999998,0.362856891572443
0.34,0.23249999999999998,0.3635664734321198
0.34,0.24,0.36427671428074887
0.34,0.2475,0.36498755580778686
0.34,0.255,0.3656989463437864
0.34,0.2625,0.36641083994659013
0.34,0.27,0.3671231956335193
0.34,0.27749999999999997,0.3678359767332003
0.34,0.285,0.36854915033594515
0.34,0.2925,0.3692626868257209
0.34,0.3,0.36997655947998576
0.34,0.3075,0.3706907441262317
0.34,0.315,0.37140521884611477
0.34,0.3225,0.372119963719685
0.34,0.32999999999999996,0.37283496060353905
0.34,0.33749999999999997,0.3735501929377801
0.34,0.345,0.37426564557752745
0.34,0.3525,0.3749813046454221
0.34,0.36,0.3756971574021465
0.34,0.3675,0.37641319213245156
0.34,0.375,0.3771293980445728
0.34,0.3825,0.3778457651812404
0.34,0.39,0.378562284340758
0.34,0.39749999999999996,0.37927894700684917
0.34,0.40499999999999997,0.3799957452861585
0.34,0.4125,0.38071267185245306
0.34,0.42,0.3814297198967019
0.34,0.4275,0.3821468830823264
0.34,0.435,0.3828641555050078
0.34,0.4425,0.38358153165652054
0.34,0.44999999999999996,0.38429900639213016
0.34,0.45749999999999996,0.38501657490115315
0.34,0.46499999999999997,0.38573423268032675
0.34,0.4725,0.3864519755096823
0.34,0.48,0.38716979943065133
0.34,0.4875,0.38788770072616774
0.34,0.495,0.38860567590255773
0.34,0.5025,0.3893237216730323
0.34,0.51,0.39004183494262
0.34,0.5175,0.3907600127943961
0.34,0.525,0.39147825247687884
0.34,0.5325,0.39219655139248055
0.34,0.54,0.3929149070869113
0.34,0.5475,0.3936333172394446
0.34,0.5549999999999999,0.39435177965396595
0.34,0.5625,0.3950702922507296
0.34,0.57,0.39578885305876155
0.34,0.5775,0.3965074602088484
0.34,0.585,0.3972261119270615
0.34,0.5925,0.3979448065287685
0.34,0.6,0.3986412310180197
0.34500000000000003,0.0,0.34522961262803553
0.34500000000000003,0.0075,0.3452892307389522
0.34500000000000003,0.015,0.34546340653231455
0.34500000000000003,0.0225,0.3457397683766241
0.34500000000000003,0.03,0.34610203213904517
0.34500000000000003,0.0375,0.34653362865529086
0.34500000000000003,0.045,0.3470198887360111
0.34500000000000003,0.0525,0.3475488162321838
0.34500000000000003,0.06,0.3481110185348803
0.34500000000000003,0.0675,0.3486992963246836
0.34500000000000003,0.075,0.3493081733839359
0.34500000000000003,0.08249999999999999,0.3499334819003587
0.34500000000000003,0.09,0.3505720329854799
0.34500000000000003,0.0975,0.3512213673139861
0.34500000000000003,0.105,0.3518795705739813
0.34500000000000003,0.11249999999999999,0.35254513803122584
0.34500000000000003,0.12,0.3532168751976993
0.34500000000000003,0.1275,0.3538938246959604
0.34500000000000003,0.135,0.354575212061407
0.34500000000000003,0.1425,0.3552604052601496
0.34500000000000003,0.15,0.3559488841897908
0.34500000000000003,0.1575,0.35664021749585734
0.34500000000000003,0.16499999999999998,0.35733404479136793
0.34500000000000003,0.1725,0.35803006290038636
0.34500000000000003,0.18,0.3587280151240679
0.34500000000000003,0.1875,0.3594276827963307
0.34500000000000003,0.195,0.36012887858852455
0.34500000000000003,0.20249999999999999,0.3608314411610147
0.34500000000000003,0.21,0.3615352308602039
0.34500000000000003,0.2175,0.36224012623313817
0.34500000000000003,0.22499999999999998,0.36294602118614294
0.34500000000000003,0.23249999999999998,0.3636528226542997
0.34500000000000003,0.24,0.36436044867880246
0.34500000000000003,0.2475,0.3650688268120472
0.34500000000000003,0.255,0.365777892787645
0.34500000000000003,0.2625,0.3664875894058189
0.34500000000000003,0.27,0.36719786559487144
0.34500000000000003,0.27749999999999997,0.36790867561733814
0.34500000000000003,0.285,0.3686199783956322
0.34500000000000003,0.2925,0.36933173693684435
0.34500000000000003,0.3,0.3700439178401967
0.34500000000000003,0.3075,0.3707564908736988
0.34500000000000003,0.315,0.37146942860898213
0.34500000000000003,0.3225,0.37218270610524334
0.34500000000000003,0.32999999999999996,0.3728963006347966
0.34500000000000003,0.33749999999999997,0.3736101914440129
0.34500000000000003,0.345,0.37432435954445686
0.34500000000000003,0.3525,0.3750387875298831
0.34500000000000003,0.36,0.3757534594154472
0.34500000000000003,0.3675,0.3764683604960588
0.34500000000000003,0.375,0.37718347722128165
0.34500000000000003,0.3825,0.3778987970845747
0.34500000000000003,0.39,0.37861430852500016
0.34500000000000003,0.39749999999999996,0.37933000083979634
0.34500000000000003,0.40499999999999997,0.38004586410644375
0.34500000000000003,0.4125,0.3807618891130475
0.34500000000000003,0.42,0.3814780672960212
0.34500000000000003,0.4275,0.3821943906841974
0.34500000000000003,0.435,0.3829108518486059
0.34500000000000003,0.4425,0.3836274438572629
0.34500000000000003,0.44999999999999996,0.384344160234398
0.34500000000000003,0.45749999999999996,0.38506099492362145
0.34500000000000003,0.46499999999999997,0.38577794225459394
0.34500000000000003,0.4725,0.3864949969128186
0.34500000000000003,0.48,0.3872121539122193
0.34500000000000003,0.4875,0.3879294085702112
0.34500000000000003,0.495,0.388646756485003
0.34500000000000003,0.5025,0.3893641935149023
0.34500000000000003,0.51,0.3900817157594211
0.34500000000000003,0.5175,0.3907993195420013
0.34500000000000003,0.525,0.3915170013942021
0.34500000000000003,0.5325,0.3922347580412048
0.34500000000000003,0.54,0.39295258638851166
0.34500000000000003,0.5475,0.3936704835097238
0.34500000000000003,0.5549999999999999,0.39438844663529826
0.34500000000000003,0.5625,0.39510647314219466
0.34500000000000003,0.57,0.39582456054432913
0.34500000000000003,0.5775,0.3965427064837646
0.34500000000000003,0.585,0.3972609087225712
0.34500000000000003,0.5925,0.3979791651352982
0.34500000000000003,0.6,0.3986974737020052
0.35000000000000003,0.0,0.345709846945843
0.35000000000000003,0.0075,0.3457635727798397
0.35000000000000003,0.015,0.34592129724177584
0.35000000000000003,0.0225,0.3461736841909973
0.35000000000000003,0.03,0.3465079501785467
0.35000000000000003,0.0375,0.34691043274036165
0.35000000000000003,0.045,0.34736839573405287
0.35000000000000003,0.0525,0.3478709013759766
0.35000000000000003,0.06,0.34840900361779836
0.35000000000000003,0.0675,0.34897558323254807
0.35000000000000003,0.075,0.34956505105322977
0.35000000000000003,0.08249999999999999,0.3501730397074752
0.35000000000000003,0.09,0.35079613360207806
0.35000000000000003,0.0975,0.35143165011082156
0.35000000000000003,0.105,0.3520774690765775
0.35000000000000003,0.11249999999999999,0.352731902536839
0.35000000000000003,0.12,0.3533935960307624
0.35000000000000003,0.1275,0.3540614539824377
0.35000000000000003,0.135,0.3547345831773906
0.35000000000000003,0.1425,0.3554122497583054
0.35000000000000003,0.15,0.3560938463162558
0.35000000000000003,0.1575,0.3567788665400699
0.35000000000000003,0.16499999999999998,0.35746688554970696
0.35000000000000003,0.1725,0.3581575445285898
0.35000000000000003,0.18,0.3588505386281257
0.35000000000000003,0.1875,0.35954560737972413
0.35000000000000003,0.195,0.36024252704161003
0.35000000000000003,0.20249999999999999,0.36094110444887406
0.35000000000000003,0.21,0.3616411720394467
0.35000000000000003,0.2175,0.36234258380610734
0.35000000000000003,0.22499999999999998,0.3630452119824865
0.35000000000000003,0.23249999999999998,0.3637489443145027
0.35000000000000003,0.24,0.36445368180158094
0.35000000000000003,0.2475,0.36515933681704527
0.35000000000000003,0.255,0.3658658315362708
0.35000000000000003,0.2625,0.36657309661597665
0.35000000000000003,0.27,0.36728107007951316
0.35000000000000003,0.27749999999999997,0.36798969637195017
0.35000000000000003,0.285,0.368698925555795
0.35000000000000003,0.2925,0.3694087126237099
0.35000000000000003,0.3,0.370119016908994
0.35000000000000003,0.3075,0.37082980157809703
0.35000000000000003,0.315,0.37154103319224047
0.35000000000000003,0.3225,0.3722526813274824
0.35000000000000003,0.32999999999999996,0.3729647182443881
0.35000000000000003,0.33749999999999997,0.373677118599957
0.35000000000000003,0.345,0.374389859195665
0.35000000000000003,0.3525,0.375102918756477
0.35000000000000003,0.36,0.37581627773650006
0.35000000000000003,0.3675,0.37652991814762193
0.35000000000000003,0.375,0.37724382340804014
0.35000000000000003,0.3825,0.3779579782080505
0.35000000000000003,0.39,0.37867236839085416
0.35000000000000003,0.39749999999999996,0.37938698084646577
0.35000000000000003,0.40499999999999997,0.3801018034170796
0.35000000000000003,0.4125,0.3808168248124817
0.35000000000000003,0.42,0.3815320345342892
0.35000000000000003,0.4275,0.3822474228079648
0.35000000000000003,0.435,0.3829629805216942
0.35000000000000003,0.4425,0.38367869917133407
0.35000000000000003,0.44999999999999996,0.384394570810741
0.35000000000000003,0.45749999999999996,0.38511058800688
0.35000000000000003,0.46499999999999997,0.38582674379918475
0.35000000000000003,0.4725,0.38654303166271003
0.35000000000000003,0.48,0.3872594454746699
0.35000000000000003,0.4875,0.3879759794840054
0.35000000000000003,0.495,0.38869262828366763
0.35000000000000003,0.5025,0.3894093867853379
0.35000000000000003,0.51,0.3901262501963396
0.35000000000000003,0.5175,0.39084321399852406
0.35000000000000003,0.525,0.3915602739289352
0.35000000000000003,0.5325,0.3922774259620836
0.35000000000000003,0.54,0.39299466629367297
0.35000000000000003,0.5475,0.3937119913256455
0.35000000000000003,0.5549999999999999,0.3944293976524208
0.35000000000000003,0.5625,0.3951468820482206
0.35000000000000003,0.57,0.3958644414553797
0.35000000000000003,0.5775,0.39658207297355563
0.35000000000000003,0.585,0.3972997738497574
0.35000000000000003,0.5925,0.3980175414691217
0.35000000000000003,0.6,0.39873537334637205
0.355,0.0,0.3461900812636504
0.355,0.0075,0.34623896991227304
0.355,0.015,0.34638301744230154
0.355,0.0225,0.346615023478641
0.355,0.03,0.34692482252282864
0.355,0.0375,0.3473011163029475
0.355,0.045,0.3477329158432404
0.355,0.0525,0.34821038205307475
0.355,0.06,0.3487251520714464
0.355,0.0675,0.3492703400838755
0.355,0.075,0.3498403784450489
0.355,0.08249999999999999,0.3504308057817759
0.355,0.09,0.35103805780000175
0.355,0.0975,0.3516592841435945
0.355,0.105,0.3522921974395366
0.355,0.11249999999999999,0.35293495284269694
0.355,0.12,0.35358605356654266
0.355,0.1275,0.35424427741246967
0.355,0.135,0.3549086197947142
0.355,0.1425,0.35557824953102113
0.355,0.15,0.35625247444222713
0.355,0.1575,0.35693071447130714
0.355,0.16499999999999998,0.3576124805711045
0.355,0.1725,0.35829735802966484
0.355,0.18,0.358984993222889
0.355,0.1875,0.35967508302695894
0.355,0.195,0.36036736630582344
0.355,0.20249999999999999,0.3610616170266046
0.355,0.21,0.36175763865941835
0.355,0.2175,0.36245525959639235
0.355,0.22499999999999998,0.363154329384022
0.355,0.23249999999999998,0.3638547156082077
0.355,0.24,0.36455630130590966
0.355,0.2475,0.3652589828039583
0.355,0.255,0.36596266790612514
0.355,0.2625,0.36666727436554347
0.355,0.27,0.3673727285920543
0.355,0.27749999999999997,0.36807896455385786
0.355,0.285,0.3687859228405924
0.355,0.2925,0.36949354986109856
0.355,0.3,0.3702017971540236
0.355,0.3075,0.37091062079333753
0.355,0.315,0.3716199808739869
0.355,0.3225,0.3723298410654615
0.355,0.32999999999999996,0.3730401682231166
0.355,0.33749999999999997,0.3737509320487807
0.355,0.345,0.3744621047935591
0.355,0.3525,0.37517366099687705
0.355,0.36,0.37588557725674143
0.355,0.3675,0.37659783202697605
0.355,0.375,0.37731040543782757
0.355,0.3825,0.3780232791368752
0.355,0.39,0.3787364361476281
0.355,0.39749999999999996,0.37944986074356835
0.355,0.40499999999999997,0.38016353833571725
0.355,0.4125,0.3808774553720673
0.355,0.42,0.3815915992474518
0.355,0.4275,0.3823059582226148
0.355,0.435,0.3830205213514087
0.355,0.4425,0.3837352784151861
0.355,0.44999999999999996,0.38445021986357475
0.355,0.45749999999999996,0.38516533676092335
0.355,0.46499999999999997,0.38588062073779833
0.355,0.4725,0.3865960639469861
0.355,0.48,0.38731165902352105
0.355,0.4875,0.38802739904831834
0.355,0.495,0.3887432775150383
0.355,0.5025,0.38945928829985327
0.355,0.51,0.3901754256338264
0.355,0.5175,0.3908916840776424
0.355,0.525,0.39160805849846136
0.355,0.5325,0.39232454404869077
0.355,0.54,0.39304113614649294
0.355,0.5475,0.39375783045786555
0.355,0.5549999999999999,0.39447462288014923
0.355,0.5625,0.39519150952683146
0.355,0.57,0.3959084867135303
0.355,0.5775,0.3966255509450519
0.355,0.585,0.39734269890342816
0.355,0.5925,0.3980599274368482
0.355,0.6,0.3987772335494081
0.36,0.0,0.3466703155814579
0.36,0.0075,0.3467151630423815
0.36,0.015,0.3468476742198682
0.36,0.0225,0.3470621894827338
0.36,0.03,0.3473505232462427
0.36,0.0375,0.3477032860075109
0.36,0.045,0.3481110185348803
0.36,0.0525,0.3485649450016271
0.36,0.06,0.349057350392092
0.36,0.0675,0.34958168420455893
0.36,0.075,0.35013250376776833
0.36,0.08249999999999999,0.35070534313417967
0.36,0.09,0.35129656051032204
0.36,0.0975,0.3519031918431004
0.36,0.105,0.3525228223169946
0.36,0.11249999999999999,0.35315347887185866
0.36,0.12,0.3537935427247171
0.36,0.1275,0.3544416792598329
0.36,0.135,0.35509678229065317
0.36,0.1425,0.35575792989801797
0.36,0.15,0.35642434945237833
0.36,0.1575,0.35709538986355
0.36,0.16499999999999998,0.3577704994980649
0.36,0.1725,0.3584492085381149
0.36,0.18,0.3591311148259533
0.36,0.1875,0.35981587245070873
0.36,0.195,0.36050318250059105
0.36,0.20249999999999999,0.36119278553189477
0.36,0.21,0.36188445540522035
0.36,0.2175,0.3625779942156101
0.36,0.22499999999999998,0.3632732281021153
0.36,0.23249999999999998,0.36397000376776834
0.36,0.24,0.3646681855761677
0.36,0.2475,0.36536765311829356
0.36,0.255,0.3660682991645757
0.36,0.2625,0.36677002793402097
0.36,0.27,0.36747275362543014
0.36,0.27749999999999997,0.3681763991661889
0.36,0.285,0.3688808951424301
0.36,0.2925,0.3695861788809949
0.36,0.3,0.37029219365893445
0.36,0.3075,0.370998888020574
0.36,0.315,0.3717062151856183
0.36,0.3225,0.372414132534585
0.36,0.32999999999999996,0.3731226011601401
0.36,0.33749999999999997,0.3738315854747803
0.36,0.345,0.374541052866845
0.36,0.3525,0.3752509733981071
0.36,0.36,0.37596131953723916
0.36,0.3675,0.3766720659243221
0.36,0.375,0.37738318916228836
0.36,0.3825,0.3780946676317954
0.36,0.39,0.3788064813265363
0.36,0.39749999999999996,0.3795186117064173
0.36,0.40499999999999997,0.38023104156639476
0.36,0.4125,0.38094375491906873
0.36,0.42,0.3816567368893867
0.36,0.4275,0.38236997362003355
0.36,0.435,0.38308345218626866
0.36,0.4425,0.38379716051913443
0.36,0.44999999999999996,0.38451108733609446
0.36,0.45749999999999996,0.3852252220782816
0.36,0.46499999999999997,0.38593955485363385
0.36,0.4725,0.38665407638528804
0.36,0.48,0.38736877796467345
0.36,0.4875,0.3880836514088168
0.36,0.495,0.38879868902142434
0.36,0.5025,0.3895138835573597
0.36,0.51,0.3902292281901768
0.36,0.5175,0.39094471648240703
0.36,0.525,0.3916603423583339
0.36,0.5325,0.3923761000790143
0.36,0.54,0.39309198421933556
0.36,0.5475,0.39380798964691693
0.36,0.5549999999999999,0.3945241115026857
0.36,0.5625,0.395240345182975
0.36,0.57,0.39595668632300707
0.36,0.5775,0.39667313078163774
0.36,0.585,0.39738967462725283
0.36,0.5925,0.3981063141247155
0.36,0.6,0.39882304572327454
0.365,0.0,0.34715054989926536
0.365,0.0075,0.347191971227307
0.365,0.015,0.34731462870802043
0.365,0.0225,0.3475139991511013
0.365,0.03,0.3477834127985802
0.365,0.0375,0.34811501937649236
0.365,0.045,0.34850067504201204
0.365,0.0525,0.3489325913841125
0.365,0.06,0.34940371615918137
0.365,0.0675,0.3499078943842916
0.365,0.075,0.35043988279925886
0.365,0.08249999999999999,0.35099528257432433
0.365,0.09,0.3515704360567778
0.365,0.0975,0.35216231523886815
0.365,0.105,0.3527684164645215
0.365,0.11249999999999999,0.35338666765201954
0.365,0.12,0.3540153497006438
0.365,0.1275,0.35465303144952726
0.365,0.135,0.35529851658827544
0.365,0.1425,0.355950800655419
0.365,0.15,0.356609036336279
0.365,0.1575,0.357272505486375
0.365,0.16499999999999998,0.35794059655798116
0.365,0.1725,0.35861278634811705
0.365,0.18,0.35928862519710447
0.365,0.1875,0.3599677249430328
0.365,0.195,0.360649749080802
0.365,0.20249999999999999,0.36133440468910244
0.365,0.21,0.3620214357795941
0.365,0.2175,0.3627106177942096
0.365,0.22499999999999998,0.3634017530328583
0.365,0.23249999999999998,0.3640946668380967
0.365,0.24,0.36478920439816737
0.365,0.2475,0.36548522805725453
0.365,0.255,0.3661826150434878
0.365,0.2625,0.36688125554239653
0.365,0.27,0.367581051057171
0.365,0.27749999999999997,0.3682819130079693
0.365,0.285,0.3689837615312239
0.365,0.2925,0.369686524446902
0.365,0.3,0.37039013636731755
0.365,0.3075,0.37109453792566466
0.365,0.315,0.37179967510615114
0.365,0.3225,0.3725054986606409
0.365,0.32999999999999996,0.373211963599191
0.365,0.33749999999999997,0.3739190287439036
0.365,0.345,0.37462665633719094
0.365,0.3525,0.37533481169693994
0.365,0.36,0.3760434629122118
0.365,0.3675,0.3767525805740747
0.365,0.375,0.3774621375369637
0.365,0.3825,0.37817210870663764
0.365,0.39,0.37888247085136173
0.365,0.39749999999999996,0.37959320243342515
0.365,0.40499999999999997,0.3803042834584994
0.365,0.4125,0.3810156953406877
0.365,0.42,0.38172742078140276
0.365,0.4275,0.3824394436604582
0.365,0.435,0.3831517489379688
0.365,0.4425,0.3838643225658358
0.365,0.44999999999999996,0.38457715140774823
0.365,0.45749999999999996,0.38529022316676415
0.365,0.46499999999999997,0.386003526319652
0.365,0.4725,0.3867170500572701
0.365,0.48,0.38743078423034966
0.365,0.4875,0.3881447193001216
0.365,0.495,0.38885884629329104
0.365,0.5025,0.3895731567609215
0.365,0.51,0.3902876427408413
0.365,0.5175,0.3910022967232243
0.365,0.525,0.39171711161903994
0.365,0.5325,0.3924320807310972
0.365,0.54,0.3931471977274385
0.365,0.5475,0.39386245661686453
0.365,0.5549999999999999,0.3945778517263944
0.365,0.5625,0.3952933776804858
0.365,0.57,0.3960090293818564
0.365,0.5775,0.39672480199376636
0.365,0.585,0.3974406909236328
0.365,0.5925,0.39815669180786195
0.365,0.6,0.39887280049779467
0.37,0.0,0.34763078421707283
0.37,0.0075,0.34766926435581047
0.37,0.015,0.3477834127985802
0.37,0.0225,0.34796956127603035
0.37,0.03,0.3482222149719103
0.37,0.0375,0.348534767775917
0.37,0.045,0.3489001957423161
0.37,0.0525,0.34931160432939895
0.37,0.06,0.3497625870536556
0.37,0.0675,0.3502474130954867
0.37,0.075,0.35076108814097995
0.37,0.08249999999999999,0.3512993349947466
0.37,0.09,0.35185853111683474
0.37,0.0975,0.3524356283442118
0.37,0.105,0.3530280699674143
0.37,0.11249999999999999,0.35363371318966613
0.37,0.12,0.354250760491672
0.37,0.1275,0.35487770084046566
0.37,0.135,0.35551326033838115
0.37,0.1425,0.35615636130694156
0.37,0.15,0.35680608861045165
0.37,0.1575,0.3574616620444673
0.37,0.16499999999999998,0.3581224137297751
0.37,0.1725,0.3587877696005237
0.37,0.18,0.35945723422403103
0.37,0.1875,0.3601303783251804
0.37,0.195,0.3608068285050553
0.37,0.20249999999999999,0.3614862587410411
0.37,0.21,0.36216838333565077
0.37,0.2175,0.36285295104619036
0.37,0.22499999999999998,0.3635397401795771
0.37,0.23249999999999998,0.36422855447844604
0.37,0.24,0.3649192196581415
0.37,0.2475,0.36561158048093456
0.37,0.255,0.3663054982752093
0.37,0.2625,0.36700084882450645
0.37,0.27,0.3676975205650755
0.37,0.27749999999999997,0.36839541304166545
0.37,0.285,0.3690944355802236
0.37,0.2925,0.36979450614340437
0.37,0.3,0.37049555034066667
0.37,0.3075,0.37119750056951795
0.37,0.315,0.37190029526837376
0.37,0.3225,0.3726038782647041
0.37,0.32999999999999996,0.3733081982047708
0.37,0.33749999999999997,0.37401320805343485
0.37,0.345,0.3747188646543106
0.37,0.3525,0.37542512834203473
0.37,0.36,0.37613196259966525
0.37,0.3675,0.3768393337552599
0.37,0.375,0.3775472107125571
0.37,0.3825,0.37825556471141036
0.37,0.39,0.3789643691142469
0.37,0.39749999999999996,0.37967359921533694
0.37,0.40499999999999997,0.3803832320701062
0.37,0.4125,0.3810932463420944
0.37,0.42,0.3818036221654843
0.37,0.4275,0.3825143410213977
0.37,0.435,0.3832253856263869
0.37,0.4425,0.38393673983175164
0.37,0.44999999999999996,0.38464838853248245
0.37,0.45749999999999996,0.38536031758478106
0.37,0.46499999999999997,0.3860725137312345
0.37,0.4725,0.3867849645328325
0.37,0.48,0.3874976583071128
0.37,0.4875,0.38821058407180353
0.37,0.495,0.3889237314934029
0.37,0.5025,0.3896370908402031
0.37,0.51,0.39035065293931687
0.37,0.5175,0.39106440913731844
0.37,0.525,0.39177835126414884
0.37,0.5325,0.39249247159997697
0.37,0.54,0.3932067628447381
0.37,0.5475,0.39392121809010194
0.37,0.5549999999999999,0.3946358307936492
0.37,0.5625,0.39535059475505524
0.37,0.57,0.39606550409410357
0.37,0.5775,0.39678055323036704
0.37,0.585,0.3974957368644113
0.37,0.5925,0.3982110499603907
0.37,0.6,0.39892648772991646
0.375,0.0,0.3481110185348803
0.375,0.0075,0.3481469465122066
0.375,0.015,0.34825367624055986
0.375,0.0225,0.34842819397877955
0.375,0.03,0.34866592661007334
0.375,0.0375,0.3489612781158613
0.375,0.045,0.3493081733839359
0.375,0.0525,0.34970051413111947
0.375,0.06,0.35013250376776833
0.375,0.0675,0.35059884171719513
0.375,0.075,0.35109481204817294
0.375,0.08249999999999999,0.3516162983427894
0.375,0.09,0.3521597535428133
0.375,0.0975,0.352722146430583
0.375,0.105,0.3533008991862967
0.375,0.11249999999999999,0.3538938246959604
0.375,0.12,0.3544990682472534
0.375,0.1275,0.3551150556768764
0.375,0.135,0.3557404485192329
0.375,0.1425,0.35637410589137647
0.375,0.15,0.35701505246395426
0.375,0.1575,0.3576624517309821
0.375,0.16499999999999998,0.35831558378826456
0.375,0.1725,0.3589738268925771
0.375,0.18,0.35963664216225943
0.375,0.1875,0.3603035608735308
0.375,0.195,0.3609741738951213
0.375,0.20249999999999999,0.3616481228822017
0.375,0.21,0.3623250929178104
0.375,0.2175,0.3630048063463638
0.375,0.22499999999999998,0.3636870175904995
0.375,0.23249999999999998,0.36437150878076646
0.375,0.24,0.36505808605888507
0.375,0.2475,0.36574657644067626
0.375,0.255,0.366436825145353
0.375,0.2625,0.36712869331458337
0.375,0.27,0.3678220560583044
0.375,0.27749999999999997,0.36851680077529825
0.375,0.285,0.36921282570552416
0.375,0.2925,0.3699100386785309
0.375,0.3,0.3706083560282675
0.375,0.3075,0.37130770164952565
0.375,0.315,0.37200800617528584
0.375,0.3225,0.37270920625757226
0.375,0.32999999999999996,0.3734112439371704
0.375,0.33749999999999997,0.3741140660898456
0.375,0.345,0.3748176239385964
0.375,0.3525,0.3755218726230573
0.375,0.36,0.37622677081848727
0.375,0.3675,0.3769322803978878
0.375,0.375,0.37763836613172597
0.375,0.3825,0.378344995420522
0.375,0.39,0.3790521380562236
0.375,0.39749999999999996,0.37975976600885286
0.375,0.40499999999999997,0.38046785323538557
0.375,0.4125,0.3811763755082331
0.375,0.42,0.3818853102610398
0.375,0.4275,0.38259463644980823
0.375,0.435,0.38330433442761835
0.375,0.4425,0.38401438583142494
0.375,0.44999999999999996,0.3847247734796069
0.375,0.45749999999999996,0.3854354812791038
0.375,0.46499999999999997,0.38614649414111774
0.375,0.4725,0.38685779790447655
0.375,0.48,0.3875693792658664
0.375,0.4875,0.38828122571622836
0.375,0.495,0.388993325482698
0.375,0.5025,0.38970566747553503
0.375,0.51,0.3904182412395532
0.375,0.5175,0.3911310369096133
0.375,0.525,0.3918440451697913
0.375,0.5325,0.392557257215873
0.375,0.54,0.3932706647208659
0.375,0.5475,0.39398425980324964
0.375,0.5549999999999999,0.3946980349977162
0.375,0.5625,0.395411983228176
0.375,0.57,0.39612609778282815
0.375,0.5775,0.39684037229111513
0.375,0.585,0.39755480070239707
0.375,0.5925,0.3982693772661993
0.375,0.6,0.3989840965138997
0.38,0.0,0.34859125285268777
0.38,0.0075,0.3486249454585102
0.38,0.015,0.3487251520714464
0.38,0.0225,0.348889367976711
0.38,0.03,0.3491137513877223
0.38,0.0375,0.3493935308859197
0.38,0.045,0.3497234339512487
0.38,0.0525,0.3500980644824364
0.38,0.06,0.3505121901239176
0.38,0.0675,0.3509609313549149
0.38,0.075,0.35143986461422627
0.38,0.08249999999999999,0.35194506039276463
0.38,0.09,0.35247307768348907
0.38,0.0975,0.3530209325247306
0.38,0.105,0.35358605356654266
0.38,0.11249999999999999,0.3541662332035024
0.38,0.12,0.3547595794245066
0.38,0.1275,0.35536447116241926
0.38,0.135,0.35597951839753833
0.38,0.1425,0.35660352734859924
0.38,0.15,0.35723547057322214
0.38,0.1575,0.35787446154605024
0.38,0.16499999999999998,0.35851973318371677
0.38,0.1725,0.3591706197738063
0.38,0.18,0.35982654179828144
0.38,0.1875,0.3604869931954833
0.38,0.195,0.3611515306646088
0.38,0.20249999999999999,0.3618197646749491
0.38,0.21,0.36249135189547715
0.38,0.2175,0.3631659888071865
0.38,0.22499999999999998,0.36384340630069695
0.38,0.23249999999999998,0.3645233650954862
0.38,0.24,0.36520565184534826
0.38,0.2475,0.36589007581809974
0.38,0.255,0.3665764660568832
0.38,0.2625,0.3672646689463303
0.38,0.27,0.3679545461199369
0.38,0.27749999999999997,0.36864597265575855
0.38,0.285,0.3693388355163868
0.38,0.2925,0.37003303219645095
0.38,0.3,0.37072846954689764
0.38,0.3075,0.3714250627502623
0.38,0.315,0.3721227344252535
0.38,0.3225,0.37282141384237377
0.38,0.32999999999999996,0.37352103623513533
0.38,0.33749999999999997,0.3742215421937833
0.38,0.345,0.3749228771304113
0.38,0.3525,0.37562499080600315
0.38,0.36,0.37632783691131744
0.38,0.3675,0.3770313726946981
0.38,0.375,0.3777355586308751
0.38,0.3825,0.3784403581256506
0.38,0.39,0.3791457372520704
0.38,0.39749999999999996,0.3798516645142782
0.38,0.40499999999999997,0.38055811063575967
0.38,0.4125,0.3812650483691189
0.38,0.42,0.38197245232490157
0.38,0.4275,0.38268029881729787
0.38,0.435,0.3833885657248334
0.38,0.4425,0.38409723236439186
0.38,0.44999999999999996,0.38480627937711764
0.38,0.45749999999999996,0.3855156886249221
0.38,0.46499999999999997,0.3862254430964713
0.38,0.4725,0.38693552682166454
0.38,0.48,0.3876459247937294
0.38,0.4875,0.388356622898159
0.38,0.495,0.38906760784780536
0.38,0.5025,0.38977886712352094
0.38,0.51,0.3904903889198044
0.38,0.5175,0.39120216209497044
0.38,0.525,0.3919141761254119
0.38,0.5325,0.39262642106357026
0.38,0.54,0.39333888749927026
0.38,0.5475,0.3940515665241102
0.38,0.5549999999999999,0.3947644496986323
0.38,0.5625,0.3954775290220231
0.38,0.57,0.39619079690412196
0.38,0.5775,0.39690424613953496
0.38,0.585,0.3976178698836735
0.38,0.5925,0.3983316616305529
0.38,0.6,0.39904561519220316
0.385,0.0,0.34907148717049524
0.385,0.0075,0.3491032057663771
0.385,0.015,0.3491976334410606
0.385,0.0225,0.34935266695446876
0.385,0.03,0.34956505105322977
0.385,0.0375,0.3498306916090054
0.385,0.045,0.3501449953103896
0.385,0.0525,0.35050318150568766
0.385,0.06,0.3509005325879009
0.385,0.0675,0.35133257121359335
0.385,0.075,0.35179516880670114
0.385,0.08249999999999999,0.3522845983551399
0.385,0.09,0.3527975468711385
0.385,0.0975,0.3533311015256644
0.385,0.105,0.3538827205289635
0.385,0.11249999999999999,0.3544501966775998
0.385,0.12,0.3550316187842924
0.385,0.1275,0.3556253341530527
0.385,0.135,0.35622991382624153
0.385,0.1425,0.35684412139040084
0.385,0.15,0.35746688554970696
0.385,0.1575,0.358097276344798
0.385,0.16499999999999998,0.35873448472361164
0.385,0.1725,0.3593778050985534
0.385,0.18,0.3600266205099194
0.385,0.1875,0.3606803900328031
0.385,0.195,0.36133863809751127
0.385,0.20249999999999999,0.3620009454321815
0.385,0.21,0.36266694137539046
0.385,0.2175,0.36333629734321504
0.385,0.22499999999999998,0.3640087212681513
0.385,0.23249999999999998,0.36468395285609945
0.385,0.24,0.3653617595323587
0.385,0.2475,0.3660419329685678
0.385,0.255,0.366724286100197
0.385,0.2625,0.3674086505589923
0.385,0.27,0.36809487445711603
0.385,0.27749999999999997,0.3687828204700051
0.385,0.285,0.36947236417351864
0.385,0.2925,0.3701633925980534
0.385,0.3,0.3708558029682238
0.385,0.3075,0.37154950160162376
0.385,0.315,0.3722444029442982
0.385,0.3225,0.37294042872397554
0.385,0.32999999999999996,0.37363750720498173
0.385,0.33749999999999997,0.3743355725311594
0.385,0.345,0.3750345641451287
0.385,0.3525,0.3757344262739273
0.385,0.36,0.3764351074724935
0.385,0.3675,0.3771365602176678
0.385,0.375,0.37783874054640876
0.385,0.3825,0.3785416077327892
0.385,0.39,0.3792451239990764
0.385,0.39749999999999996,0.37994925425682813
0.385,0.40499999999999997,0.38065396587447664
0.385,0.4125,0.38135922846832965
0.385,0.42,0.38206501371431395
0.385,0.4275,0.38277129517812675
0.385,0.435,0.38347804816175046
0.385,0.4425,0.38418524956454014
0.385,0.44999999999999996,0.38489287775731174
0.385,0.45749999999999996,0.3856009124680454
0.385,0.46499999999999997,0.38630933467798606
0.385,0.4725,0.3870181265270632
0.385,0.48,0.38772727122767786
0.385,0.4875,0.3884367529860129
0.385,0.495,0.389146556930118
0.385,0.5025,0.38985666904410377
0.385,0.51,0.39056707610785196
0.385,0.5175,0.39127776564171535
0.385,0.525,0.3919887258557333
0.385,0.5325,0.39269994560294347
0.385,0.54,0.39341141433641075
0.385,0.5475,0.39412312206963535
0.385,0.5549999999999999,0.3948350593400358
0.385,0.5625,0.39554721717523417
0.385,0.57,0.39625958706189557
0.385,0.5775,0.39697216091690285
0.385,0.585,0.39768493106066355
0.385,0.5925,0.3983978901923698
0.385,0.6,0.39911103136704706
0.39,0.0,0.3495517214883027
0.39,0.0075,0.34958168420455893
0.39,0.015,0.34967095771013607
0.39,0.0225,0.3498177594459181
0.39,0.03,0.3500193092968608
0.39,0.0375,0.3502720729650139
0.39,0.045,0.3505720329854799
0.39,0.0525,0.3509149463106961
0.39,0.06,0.35129656051032204
0.39,0.0675,0.3517127759184363
0.39,0.075,0.3521597535428133
0.39,0.08249999999999999,0.3526339762232854
0.39,0.09,0.3531322737042539
0.39,0.0975,0.35365182235488785
0.39,0.105,0.3541901286965992
0.39,0.11249999999999999,0.35474500376776835
0.39,0.12,0.35531453330199225
0.39,0.1275,0.3558970469979672
0.39,0.135,0.35649108888159886
0.39,0.1425,0.35709538986355
0.39,0.15,0.35770884300010336
0.39,0.1575,0.35833048159160774
0.39,0.16499999999999998,0.35895946003294915
0.39,0.1725,0.3595950372125545
0.39,0.18,0.36023656220319145
0.39,0.1875,0.36088346197382193
0.39,0.195,0.3615352308602039
0.39,0.20249999999999999,0.36219142155209555
0.39,0.21,0.3628516373801942
0.39,0.2175,0.3635155257124233
0.39,0.22499999999999998,0.3641827722946833
0.39,0.23249999999999998,0.36485309639459634
0.39,0.24,0.3655262466276302
0.39,0.2475,0.3662019973632132
0.39,0.255,0.36688014562415255
0.39,0.2625,0.36756050840608256
0.39,0.27,0.36824292035504574
0.39,0.27749999999999997,0.36892723175092335
0.39,0.285,0.36961330675253085
0.39,0.2925,0.3703010218670024
0.39,0.3,0.3709902646118132
0.39,0.3075,0.3716809323425957
0.39,0.315,0.3723729312239463
0.39,0.3225,0.3730661753238199
0.39,0.32999999999999996,0.3737605858149675
0.39,0.33749999999999997,0.3744560902692888
0.39,0.345,0.3751526220330043
0.39,0.3525,0.3758501196722767
0.39,0.36,0.3765485264803674
0.39,0.3675,0.3772477900386551
0.39,0.375,0.37794786182489304
0.39,0.3825,0.3786486968629793
0.39,0.39,0.37935025340928075
0.39,0.39749999999999996,0.3800524926712027
0.39,0.40499999999999997,0.38075537855426106
0.39,0.4125,0.3814588774343903
0.39,0.42,0.38216295795263944
0.39,0.4275,0.38286759082976096
0.39,0.435,0.38357274869850794
0.39,0.4425,0.38427840595172114
0.39,0.44999999999999996,0.38498453860451753
0.39,0.45749999999999996,0.3856911241690937
0.39,0.46499999999999997,0.3863981415408311
0.39,0.4725,0.3871055708945432
0.39,0.48,0.3878133935898365
0.39,0.4875,0.388521592084673
0.39,0.495,0.38923014985632604
0.39,0.5025,0.3899390513290069
0.39,0.51,0.3906482818075216
0.39,0.5175,0.3913578274163833
0.39,0.525,0.39206767504386947
0.39,0.5325,0.3927778122905639
0.39,0.54,0.39348822742197453
0.39,0.5475,0.3941989093248561
0.39,0.5549999999999999,0.39490984746690794
0.39,0.5625,0.39562103185954833
0.39,0.57,0.3963324530234961
0.39,0.5775,0.39704410195691764
0.39,0.585,0.39775597010592034
0.39,0.5925,0.39846804933719465
0.39,0.6,0.39918033191262503
0.395,0.0,0.35003195580611013
0.395,0.0075,0.3500603465638618
0.395,0.015,0.3501449953103896
0.395,0.0225,0.3502843785803058
0.395,0.03,0.3504761047626892
0.395,0.0375,0.35071710525049943
0.395,0.045,0.35100385211754315
0.395,0.0525,0.35133257121359335
0.395,0.06,0.3516994278316228
0.395,0.0675,0.35210067272253714
0.395,0.075,0.35253274570073473
0.395,0.08249999999999999,0.35299234059951745
0.395,0.09,0.35347643868684564
0.395,0.0975,0.3539823185370108
0.395,0.105,0.35450754972357307
0.395,0.11249999999999999,0.35504997636806
0.395,0.12,0.3556076950930539
0.395,0.1275,0.3561790305823996
0.395,0.135,0.3567625108633202
0.395,0.1425,0.357356843610145
0.395,0.15,0.35796089419313537
0.395,0.1575,0.35857366580851735
0.395,0.16499999999999998,0.35919428177812324
0.395,0.1725,0.3598219699576982
0.395,0.18,0.3604560491100694
0.395,0.1875,0.361095917059803
0.395,0.195,0.36174104043344274
0.395,0.20249999999999999,0.3623909457929653
0.395,0.21,0.3630452119824865
0.395,0.2175,0.36370346352492705
0.395,0.22499999999999998,0.3643653649234662
0.395,0.23249999999999998,0.36503061574052176
0.395,0.24,0.3656989463437864
0.395,0.2475,0.3663701142240825
0.395,0.255,0.3670439008033201
0.395,0.2625,0.3677201086626681
0.395,0.27,0.36839855913128616
0.395,0.27749999999999997,0.3690790901847595
0.395,0.285,0.36976155460989446
0.395,0.2925,0.3704458183989385
0.395,0.3,0.3711317593417275
0.395,0.3075,0.3718192657888826
0.395,0.315,0.3725082355630923
0.395,0.3225,0.3731985749988378
0.395,0.32999999999999996,0.3738901980937327
0.395,0.33749999999999997,0.3745830257570412
0.395,0.345,0.37527698514296515
0.395,0.3525,0.37597200905801875
0.395,0.36,0.37666803543327915
0.395,0.3675,0.377365006853553
0.395,0.375,0.37806287013657164
0.395,0.3825,0.3787615759562397
0.395,0.39,0.37946107850474964
0.395,0.39749999999999996,0.38016133518904494
0.395,0.40499999999999997,0.38086230635769486
0.395,0.4125,0.3815639550547412
0.395,0.42,0.38226624679750754
0.395,0.4275,0.38296914937573284
0.395,0.435,0.3836726326697137
0.395,0.4425,0.3843766684854162
0.395,0.44999999999999996,0.3850812304047638
0.395,0.45749999999999996,0.3857862936495154
0.395,0.46499999999999997,0.3864918349573339
0.395,0.4725,0.3871978324688048
0.395,0.48,0.3879042656243048
0.395,0.4875,0.3886111150697442
0.395,0.495,0.3893183625703139
0.395,0.5025,0.3900259909314626
0.395,0.51,0.3907339839264149
0.395,0.5175,0.39144232622961145
0.395,0.525,0.39215100335552094
0.395,0.5325,0.3928600016023287
0.395,0.54,0.393569308000058
0.395,0.5475,0.39427891026272593
0.395,0.5549999999999999,0.39498879674417564
0.395,0.5625,0.39569895639726155
0.395,0.57,0.3964093787360971
0.395,0.5775,0.39712005380110166
0.395,0.585,0.39783097212660956
0.395,0.5925,0.3985421247108265
0.395,0.6,0.39925350298793766
0.4,0.0,0.3505121901239176
0.4,0.0075,0.35053916542347446
0.4,0.015,0.35061964179191113
0.4,0.0225,0.35075230728282136
0.4,0.03,0.3509350907157833
0.4,0.0375,0.3511653132927108
0.4,0.045,0.35143986461422627
0.4,0.0525,0.3517553794238588
0.4,0.06,0.352108396589325
0.4,0.0675,0.35249548919449375
0.4,0.075,0.35291336171295495
0.4,0.08249999999999999,0.35335891558530935
0.4,0.09,0.3538292877003374
0.4,0.0975,0.3543218675711695
0.4,0.105,0.3548342989841848
0.4,0.11249999999999999,0.35536447116241926
0.4,0.12,0.3559105034678283
0.4,0.1275,0.3564707266425459
0.4,0.135,0.35704366269732773
0.4,0.1425,0.35762800484429114
0.4,0.15,0.35822259833869113
0.4,0.1575,0.35882642271535
0.4,0.16499999999999998,0.3594385756471821
0.4,0.1725,0.3600582584852723
0.4,0.18,0.3606847634363878
0.4,0.1875,0.36131746227458555
0.4,0.195,0.36195579645387477
0.4,0.20249999999999999,0.3625992684781371
0.4,0.21,0.36324743438538665
0.4,0.2175,0.3638998972110356
0.4,0.22499999999999998,0.36455630130590966
0.4,0.23249999999999998,0.3652163273972655
0.4,0.24,0.36587968829375644
0.4,0.2475,0.36654612514743695
0.4,0.255,0.3672154041971071
0.4,0.2625,0.36788731392740437
0.4,0.27,0.3685616625870129
0.4,0.27749999999999997,0.3692382760172147
0.4,0.285,0.3699169957488424
0.4,0.2925,0.37059767733159243
0.4,0.3,0.37128018886474323
0.4,0.3075,0.3719644097026808
0.4,0.315,0.37265022931237146
0.4,0.3225,0.37333754626311516
0.4,0.32999999999999996,0.37402626733164557
0.4,0.33749999999999997,0.37471630670797906
0.4,0.345,0.37540758528941115
0.4,0.3525,0.3761000300517679
0.4,0.36,0.3767935734884831
0.4,0.3675,0.377488153109326
0.4,0.375,0.37818371099167997
0.4,0.3825,0.37888019337819756
0.4,0.39,0.37957755031545176
0.4,0.39749999999999996,0.3802757353288888
0.4,0.40499999999999997,0.3809747051299798
0.4,0.4125,0.38167441935197705
0.4,0.42,0.38237484031112495
0.4,0.4275,0.3830759327905574
0.4,0.435,0.3837776638444464
0.4,0.4425,0.38448000262025556
0.4,0.44999999999999996,0.3851829201972047
0.4,0.45749999999999996,0.3858863894392698
0.4,0.46499999999999997,0.38659038486123704
0.4,0.4725,0.38729488250649424
0.4,0.48,0.3879998598353936
0.4,0.4875,0.38870529562314593
0.4,0.495,0.3894111698663222
0.4,0.5025,0.3901174636971363
0.4,0.51,0.3908241593047732
0.4,0.5175,0.3915312398631021
0.4,0.525,0.3922386894641849
0.4,0.5325,0.39294649305705026
0.4,0.54,0.3936546363912579
0.4,0.5475,0.3943631059648253
0.4,0.5549999999999999,0.395071888976132
0.4,0.5625,0.39578097327945494
0.4,0.57,0.39649034734382155
0.4,0.5775,0.3972000002148971
0.4,0.585,0.39790992147965143
0.4,0.5925,0.398620101233573
0.4,0.6,0.3993305300502197
