Missingness,Shift,risk,upper,certified
0.0,0.0,0.24,0.3365588117638735,False
0.0,0.0075,0.24075,0.3379995147172959,False
0.0,0.015,0.2415,0.33944021767071825,False
0.0,0.0225,0.24225,0.34088092062414066,False
0.0,0.03,0.243,0.342321623577563,False
0.0,0.0375,0.24375,0.34376232653098543,False
0.0,0.045,0.2445,0.34520302948440784,False
0.0,0.0525,0.24525,0.3466437324378302,False
0.0,0.06,0.246,0.3480844353912526,False
0.0,0.0675,0.24675,0.349525138344675,False
0.0,0.075,0.2475,0.3509658412980974,False
0.0,0.08249999999999999,0.24825,0.3524065442515198,False
0.0,0.09,0.249,0.35384724720494215,False
0.0,0.0975,0.24975,0.35528795015836456,False
0.0,0.105,0.2505,0.3567286531117869,False
0.0,0.11249999999999999,0.25125,0.35678577357524005,False
0.0,0.12,0.252,0.35534507062181764,False
0.0,0.1275,0.25275,0.3539043676683953,False
0.0,0.135,0.2535,0.35246366471497287,False
0.0,0.1425,0.25425,0.3510229617615505,False
0.0,0.15,0.255,0.3495822588081281,False
0.0,0.1575,0.25575,0.3510229617615505,False
0.0,0.16499999999999998,0.2565,0.35246366471497287,False
0.0,0.1725,0.25725,0.3539043676683953,False
0.0,0.18,0.258,0.35534507062181764,False
0.0,0.1875,0.25875,0.35678577357524005,False
0.0,0.195,0.2595,0.35822647652866246,False
0.0,0.20249999999999999,0.26025,0.3596671794820848,False
0.0,0.21,0.261,0.36110788243550723,False
0.0,0.2175,0.26175,0.36254858538892965,False
0.0,0.22499999999999998,0.2625,0.363989288342352,False
0.0,0.23249999999999998,0.26325,0.3654299912957744,False
0.0,0.24,0.264,0.36687069424919677,False
0.0,0.2475,0.26475,0.3683113972026192,False
0.0,0.255,0.2655,0.3697521001560416,False
0.0,0.2625,0.26625,0.37119280310946395,False
0.0,0.27,0.267,0.37263350606288637,False
0.0,0.27749999999999997,0.26775,0.3740742090163087,False
0.0,0.285,0.26849999999999996,0.37551491196973114,False
0.0,0.2925,0.26925,0.37695561492315355,False
0.0,0.3,0.27,0.3783963178765759,False
0.0,0.3075,0.27075,0.3798370208299983,False
0.0,0.315,0.27149999999999996,0.38127772378342073,False
0.0,0.3225,0.27225,0.3827184267368431,False
0.0,0.32999999999999996,0.27299999999999996,0.38415912969026544,False
0.0,0.33749999999999997,0.27375,0.38559983264368786,False
0.0,0.345,0.27449999999999997,0.38704053559711027,False
0.0,0.3525,0.27525,0.3884812385505326,False
0.0,0.36,0.27599999999999997,0.38992194150395504,False
0.0,0.3675,0.27675,0.39136264445737745,False
0.0,0.375,0.27749999999999997,0.3928033474107998,False
0.0,0.3825,0.27825,0.3942440503642222,False
0.0,0.39,0.279,0.39568475331764463,False
0.0,0.39749999999999996,0.27975,0.397125456271067,False
0.0,0.40499999999999997,0.28049999999999997,0.3985661592244894,False
0.0,0.4125,0.28125,0.40000686217791176,False
0.0,0.42,0.282,0.40144756513133417,False
0.0,0.4275,0.28275,0.4011075240554046,False
0.0,0.435,0.2835,0.3996668211019822,False
0.0,0.4425,0.28425,0.3982261181485598,False
0.0,0.44999999999999996,0.285,0.39678541519513744,False
0.0,0.45749999999999996,0.28575,0.39822611814855985,False
0.0,0.46499999999999997,0.2865,0.3996668211019822,False
0.0,0.4725,0.28725,0.4011075240554046,False
0.0,0.48,0.288,0.40254822700882703,False
0.0,0.4875,0.28875,0.4039889299622494,False
0.0,0.495,0.2895,0.4041635600428184,False
0.0,0.5025,0.29025,0.40272285708939604,False
0.0,0.51,0.291,0.4012821541359736,False
0.0,0.5175,0.29175,0.39984145118255127,False
0.0,0.525,0.2925,0.39840074822912885,False
0.0,0.5325,0.29325,0.3969600452757065,False
0.0,0.54,0.294,0.3955193423222841,False
0.0,0.5475,0.29475,0.39407863936886167,False
0.0,0.5549999999999999,0.2955,0.3926379364154393,False
0.0,0.5625,0.29625,0.3911972334620169,False
0.0,0.57,0.297,0.38975653050859455,False
0.0,0.5775,0.29775,0.38831582755517213,False
0.0,0.585,0.2985,0.3868751246017497,False
0.0,0.5925,0.29925,0.3854344216483273,False
0.0,0.6,0.3,0.38399371869490495,False
0.005,0.0,0.24059999999999998,0.3375192803994884,False
0.005,0.0075,0.241351875,0.33829032122096575,False
0.005,0.015,0.24210374999999998,0.33959608027357097,False
0.005,0.0225,0.242855625,0.3409863534068171,False
0.005,0.03,0.24360749999999998,0.3424011143921186,False
0.005,0.0375,0.244359375,0.34382607569192786,False
0.005,0.045,0.24511124999999997,0.345256225172468,False
0.005,0.0525,0.245863125,0.3466893657961069,False
0.005,0.06,0.24661499999999997,0.3481243856795942,False
0.005,0.0675,0.24736687499999999,0.3495606625936592,False
0.005,0.075,0.24811875,0.35099782142520414,False
0.005,0.08249999999999999,0.24887062499999998,0.3524356226842063,False
0.005,0.09,0.2496225,0.35387390633479626,False
0.005,0.0975,0.250374375,0.35531256138894846,False
0.005,0.105,0.25112625,0.356751508463423,False
0.005,0.11249999999999999,0.25187812499999995,0.3568495227361825,False
0.005,0.12,0.25262999999999997,0.35542456143637324,False
0.005,0.1275,0.253381875,0.3540098004510717,False
0.005,0.135,0.25413375,0.3526195273178256,False
0.005,0.1425,0.25488562499999995,0.35131376826522037,False
0.005,0.15,0.2556375,0.35054272744374304,False
0.005,0.1575,0.256389375,0.35131376826522037,False
0.005,0.16499999999999998,0.25714125,0.3526195273178256,False
0.005,0.1725,0.25789312499999995,0.3540098004510717,False
0.005,0.18,0.258645,0.35542456143637324,False
0.005,0.1875,0.25939687499999997,0.3568495227361825,False
0.005,0.195,0.26014875,0.35827967221672263,False
0.005,0.20249999999999999,0.260900625,0.3597128128403615,False
0.005,0.21,0.2616525,0.3611478327238488,False
0.005,0.2175,0.26240437499999997,0.3625841096379138,False
0.005,0.22499999999999998,0.26315625,0.36402126846945876,False
0.005,0.23249999999999998,0.263908125,0.36545906972846093,False
0.005,0.24,0.26466,0.3668973533790509,False
0.005,0.2475,0.26541187499999996,0.3683360084332031,False
0.005,0.255,0.26616375,0.3697749555076777,False
0.005,0.2625,0.266915625,0.371214136327197,False
0.005,0.27,0.2676675,0.37265350714886597,False
0.005,0.27749999999999997,0.26841937499999996,0.3740930344996479,False
0.005,0.285,0.26917125000000003,0.37553269233051845,False
0.005,0.2925,0.269923125,0.3769724600669725,False
0.005,0.3,0.27067499999999994,0.37841232124302404,False
0.005,0.3075,0.27142687499999996,0.3798522625246789,False
0.005,0.315,0.27217875,0.38129227299923185,False
0.005,0.3225,0.272930625,0.3827323436496485,False
0.005,0.32999999999999996,0.27368249999999994,0.38417246696014706,False
0.005,0.33749999999999997,0.274434375,0.38561263661630546,False
0.005,0.345,0.27518624999999997,0.3870528472742838,False
0.005,0.3525,0.275938125,0.3884930943812689,False
0.005,0.36,0.27668999999999994,0.389933374034352,False
0.005,0.3675,0.277441875,0.39137368286857377,False
0.005,0.375,0.27819375,0.39281401796733884,False
0.005,0.3825,0.278945625,0.3942543767901535,False
0.005,0.39,0.27969749999999993,0.395694757113902,False
0.005,0.39749999999999996,0.280449375,0.39713515698479024,False
0.005,0.40499999999999997,0.28120124999999996,0.398575574678765,False
0.005,0.4125,0.28195312499999997,0.4000160086687125,False
0.005,0.42,0.282705,0.40145645759712145,False
0.005,0.4275,0.283456875,0.40121295683808106,False
0.005,0.435,0.28420874999999995,0.3998226837048349,False
0.005,0.4425,0.28496062499999997,0.3985169246522297,False
0.005,0.44999999999999996,0.2857125,0.3977458838307524,False
0.005,0.45749999999999996,0.286464375,0.3985169246522297,False
0.005,0.46499999999999997,0.28721624999999995,0.3998226837048349,False
0.005,0.4725,0.287968125,0.40121295683808106,False
0.005,0.48,0.28872,0.4026277178233826,False
0.005,0.4875,0.289471875,0.4040526791231918,False
0.005,0.495,0.29022374999999995,0.4041864153944545,False
0.005,0.5025,0.290975625,0.40274746831997993,False
0.005,0.51,0.2917275,0.40130881326582774,False
0.005,0.5175,0.292479375,0.3998705296152378,False
0.005,0.525,0.29323125,0.3984327283562356,False
0.005,0.5325,0.293983125,0.3969955695246907,False
0.005,0.54,0.29473499999999997,0.39555929261062567,False
0.005,0.5475,0.295486875,0.39412427272713835,False
0.005,0.5549999999999999,0.29623875,0.3926911321034995,False
0.005,0.5625,0.296990625,0.3912609826229593,False
0.005,0.57,0.29774249999999997,0.3898360213231501,False
0.005,0.5775,0.298494375,0.3884212603378486,False
0.005,0.585,0.29924625,0.38703098720460244,False
0.005,0.5925,0.299998125,0.3857252281519972,False
0.005,0.6,0.30074999999999996,0.3849541873305199,False
0.01,0.0,0.2412,0.3384797490351033,False
0.01,0.0075,0.24195375,0.3389599833529108,False
0.01,0.015,0.2427075,0.340021830678058,False
0.01,0.0225,0.24346125,0.34128857127150175,False
0.01,0.03,0.244215,0.34263334878326845,False
0.01,0.0375,0.24496875,0.3440140532086558,False
0.01,0.045,0.2457225,0.3454138950497607,False
0.01,0.0525,0.24647625,0.3468250489031568,False
0.01,0.06,0.24723,0.34824341702036377,False
0.01,0.0675,0.24798375,0.34966665769674893,False
0.01,0.075,0.2487375,0.3510933396199822,False
0.01,0.08249999999999999,0.24949125,0.3525225401817588,False
0.01,0.09,0.250245,0.35395363858106255,False
0.01,0.0975,0.25099875,0.3553862020503683,False
0.01,0.105,0.2517525,0.3568199198283402,False
0.01,0.11249999999999999,0.25250625,0.3570375002529104,False
0.01,0.12,0.25326,0.3556567958275231,False
0.01,0.1275,0.25401375,0.35431201831575637,False
0.01,0.135,0.2547675,0.35304527772231264,False
0.01,0.1425,0.25552125000000003,0.3519834303971654,False
0.01,0.15,0.256275,0.3515031960793579,False
0.01,0.1575,0.25702875000000003,0.3519834303971654,False
0.01,0.16499999999999998,0.25778249999999997,0.35304527772231264,False
0.01,0.1725,0.25853625,0.35431201831575637,False
0.01,0.18,0.25928999999999996,0.3556567958275231,False
0.01,0.1875,0.26004375,0.3570375002529104,False
0.01,0.195,0.26079749999999996,0.35843734209401534,False
0.01,0.20249999999999999,0.26155125,0.3598484959474114,False
0.01,0.21,0.262305,0.3612668640646184,False
0.01,0.2175,0.26305875,0.36269010474100355,False
0.01,0.22499999999999998,0.2638125,0.3641167866642368,False
0.01,0.23249999999999998,0.26456625,0.36554598722601345,False
0.01,0.24,0.26532,0.36697708562531717,False
0.01,0.2475,0.26607375,0.3684096490946229,False
0.01,0.255,0.2668275,0.36984336687259484,False
0.01,0.2625,0.26758125000000005,0.37127801012030903,False
0.01,0.27,0.268335,0.3727134066395696,False
0.01,0.27749999999999997,0.26908875000000004,0.37414942439555393,False
0.01,0.285,0.2698425,0.37558596046769954,False
0.01,0.2925,0.27059625,0.3770229334536247,False
0.01,0.3,0.27135,0.3784602781307894,False
0.01,0.3075,0.27210375000000003,0.3798979416307201,False
0.01,0.315,0.2728575,0.38133588064879376,False
0.01,0.3225,0.27361125,0.3827740593769433,False
0.01,0.32999999999999996,0.274365,0.38421244794997367,False
0.01,0.33749999999999997,0.27511874999999997,0.3856510212626399,False
0.01,0.345,0.2758725,0.38708975805827806,False
0.01,0.3525,0.27662624999999996,0.38852864021898575,False
0.01,0.36,0.27738,0.38996765220722723,False
0.01,0.3675,0.27813374999999996,0.39140678062248957,False
0.01,0.375,0.2788875,0.39284601384626594,False
0.01,0.3825,0.27964124999999995,0.39428534175550434,False
0.01,0.39,0.280395,0.39572475548960384,False
0.01,0.39749999999999996,0.28114875,0.39716424725964194,False
0.01,0.40499999999999997,0.2819025,0.39860381019116775,False
0.01,0.4125,0.28265625,0.4000434381938698,False
0.01,0.42,0.28341,0.4014831258529088,False
0.01,0.4275,0.28416375,0.4015151747027657,False
0.01,0.435,0.2849175,0.400248434109322,False
0.01,0.4425,0.28567125,0.39918658678417474,False
0.01,0.44999999999999996,0.286425,0.39870635246636726,False
0.01,0.45749999999999996,0.28717875,0.39918658678417474,False
0.01,0.46499999999999997,0.28793250000000004,0.400248434109322,False
0.01,0.4725,0.28868625,0.4015151747027657,False
0.01,0.48,0.28944000000000003,0.4028599522145324,False
0.01,0.4875,0.29019375,0.40424065663991976,False
0.01,0.495,0.2909475,0.4042548267593717,False
0.01,0.5025,0.29170124999999997,0.4028211089813998,False
0.01,0.51,0.292455,0.401388545512094,False
0.01,0.5175,0.29320874999999996,0.3999574471127903,False
0.01,0.525,0.2939625,0.39852824655101365,False
0.01,0.5325,0.29471625,0.3971015646277804,False
0.01,0.54,0.29547,0.3956783239513952,False
0.01,0.5475,0.29622375,0.39425995583418827,False
0.01,0.5549999999999999,0.29697749999999995,0.3928488019807922,False
0.01,0.5625,0.29773125,0.3914489601396873,False
0.01,0.57,0.298485,0.3900682557142999,False
0.01,0.5775,0.29923875,0.3887234782025332,False
0.01,0.585,0.29999249999999994,0.3874567376090895,False
0.01,0.5925,0.30074625,0.38639489028394225,False
0.01,0.6,0.30150000000000005,0.3859146559661348,False
0.015,0.0,0.2418,0.33944021767071825,False
0.015,0.0075,0.242555625,0.33978032150311066,False
0.015,0.015,0.24331124999999998,0.34063373507603534,False
0.015,0.0225,0.244066875,0.3417533401351503,False
0.015,0.03,0.2448225,0.34300183124234784,False
0.015,0.0375,0.24557812499999998,0.34431723460617847,False
0.015,0.045,0.24633375,0.34567061729296594,False
0.015,0.0525,0.247089375,0.34704728758259945,False
0.015,0.06,0.24784499999999998,0.3484391526680731,False
0.015,0.0675,0.248600625,0.3498414366927044,False
0.015,0.075,0.24935625,0.35125115670945656,False
0.015,0.08249999999999999,0.250111875,0.3526663604600594,False
0.015,0.09,0.25086749999999997,0.35408571964860885,False
0.015,0.0975,0.251623125,0.3555083005432575,False
0.015,0.105,0.25237875,0.35693342832468267,False
0.015,0.11249999999999999,0.253134375,0.3573406816504331,False
0.015,0.12,0.25388999999999995,0.35602527828660246,False
0.015,0.1275,0.254645625,0.3547767871794049,False
0.015,0.135,0.25540124999999997,0.35365718212028996,False
0.015,0.1425,0.256156875,0.3528037685473653,False
0.015,0.15,0.2569125,0.35246366471497287,False
0.015,0.1575,0.257668125,0.3528037685473653,False
0.015,0.16499999999999998,0.25842374999999995,0.35365718212028996,False
0.015,0.1725,0.259179375,0.3547767871794049,False
0.015,0.18,0.25993499999999997,0.35602527828660246,False
0.015,0.1875,0.260690625,0.3573406816504331,False
0.015,0.195,0.26144625,0.35869406433722056,False
0.015,0.20249999999999999,0.26220187500000003,0.36007073462685407,False
0.015,0.21,0.26295749999999996,0.36146259971232775,False
0.015,0.2175,0.263713125,0.362864883736959,False
0.015,0.22499999999999998,0.26446875,0.3642746037537112,False
0.015,0.23249999999999998,0.265224375,0.365689807504314,False
0.015,0.24,0.26598,0.3671091666928635,False
0.015,0.2475,0.26673562500000003,0.3685317475875121,False
0.015,0.255,0.26749124999999996,0.3699568753689373,False
0.015,0.2625,0.268246875,0.3713840505922912,False
0.015,0.27,0.2690025,0.3728128959065807,False
0.015,0.27749999999999997,0.26975812499999996,0.3742431210193323,False
0.015,0.285,0.27051375,0.3756744990339117,False
0.015,0.2925,0.27126937500000003,0.37710685008574746,False
0.015,0.3,0.27202499999999996,0.3785400297858812,False
0.015,0.3075,0.27278062499999994,0.37997392090482823,False
0.015,0.315,0.27353625,0.38140842728628455,False
0.015,0.3225,0.274291875,0.3828434693242834,False
0.015,0.32999999999999996,0.2750475,0.3842789805552903,False
0.015,0.33749999999999997,0.275803125,0.38571490505774564,False
0.015,0.345,0.27655874999999996,0.38715119544466337,False
0.015,0.3525,0.27731437499999995,0.3885878112974853,False
0.015,0.36,0.27807,0.39002471793217247,False
0.015,0.3675,0.27882562499999997,0.3914618854182114,False
0.015,0.375,0.27958125,0.3928992877921201,False
0.015,0.3825,0.28033687500000004,0.39433690242194763,False
0.015,0.39,0.28109249999999997,0.3957747094900307,False
0.015,0.39749999999999996,0.28184812499999995,0.3972126915691266,False
0.015,0.40499999999999997,0.28260375,0.39865083327285045,False
0.015,0.4125,0.28335937499999997,0.4000891209656607,False
0.015,0.42,0.284115,0.4015275425208965,False
0.015,0.4275,0.284870625,0.40197994356641426,False
0.015,0.435,0.28562624999999997,0.40086033850729924,False
0.015,0.4425,0.28638187499999995,0.4000069249343746,False
0.015,0.44999999999999996,0.2871375,0.3996668211019822,False
0.015,0.45749999999999996,0.28789312499999997,0.4000069249343746,False
0.015,0.46499999999999997,0.28864875,0.4008603385072993,False
0.015,0.4725,0.289404375,0.40197994356641426,False
0.015,0.48,0.29016000000000003,0.4032284346736118,False
0.015,0.4875,0.29091562499999996,0.4045438380374424,False
0.015,0.495,0.29167125,0.40436833525571414,False
0.015,0.5025,0.292426875,0.40294320747428897,False
0.015,0.51,0.2931825,0.4015206265796403,False
0.015,0.5175,0.293938125,0.40010126739109086,False
0.015,0.525,0.29469375000000003,0.398686063640488,False
0.015,0.5325,0.29544937499999996,0.3972763436237359,False
0.015,0.54,0.296205,0.3958740595991046,False
0.015,0.5475,0.296960625,0.3944821945136309,False
0.015,0.5549999999999999,0.29771625,0.3931055242239974,False
0.015,0.5625,0.298471875,0.39175214153720994,False
0.015,0.57,0.2992275,0.3904367381733793,False
0.015,0.5775,0.29998312499999996,0.38918824706618177,False
0.015,0.585,0.30073875,0.3880686420070668,False
0.015,0.5925,0.301494375,0.38721522843414213,False
0.015,0.6,0.30224999999999996,0.3868751246017497,False
0.02,0.0,0.2424,0.3404006863063332,False
0.02,0.0075,0.2431575,0.34066193557385044,False
0.02,0.015,0.243915,0.34136115494194813,False
0.02,0.0225,0.24467250000000001,0.34234159872173386,False
0.02,0.03,0.24543,0.34348484959224257,False
0.02,0.0375,0.2461875,0.34472279516660037,False
0.02,0.045,0.246945,0.34601833077913,False
0.02,0.0525,0.24770250000000002,0.3473507358277279,False
0.02,0.06,0.24846000000000001,0.34870788580266343,False
0.02,0.0675,0.2492175,0.3500823329399578,False
0.02,0.075,0.249975,0.3514692946534381,False
0.02,0.08249999999999999,0.25073249999999997,0.35286557799755697,False
0.02,0.09,0.25149,0.354268978335648,False
0.02,0.0975,0.25224749999999996,0.35567792850602453,False
0.02,0.105,0.25300500000000004,0.3570912860424401,False
0.02,0.11249999999999999,0.2537625,0.357746242210855,False
0.02,0.12,0.25452,0.3565082966364972,False
0.02,0.1275,0.2552775,0.3553650457659885,False
0.02,0.135,0.256035,0.35438460198620275,False
0.02,0.1425,0.2567925,0.35368538261810506,False
0.02,0.15,0.25755,0.3534241333505878,False
0.02,0.1575,0.25830749999999997,0.35368538261810506,False
0.02,0.16499999999999998,0.25906500000000005,0.35438460198620275,False
0.02,0.1725,0.2598225,0.3553650457659885,False
0.02,0.18,0.26058000000000003,0.3565082966364972,False
0.02,0.1875,0.2613375,0.357746242210855,False
0.02,0.195,0.262095,0.35904177782338464,False
0.02,0.20249999999999999,0.2628525,0.36037418287198253,False
0.02,0.21,0.26361,0.36173133284691805,False
0.02,0.2175,0.2643675,0.3631057799842124,False
0.02,0.22499999999999998,0.265125,0.36449274169769275,False
0.02,0.23249999999999998,0.2658825,0.3658890250418116,False
0.02,0.24,0.26664000000000004,0.36729242537990264,False
0.02,0.2475,0.2673975,0.36870137555027915,False
0.02,0.255,0.26815500000000003,0.37011473308669474,False
0.02,0.2625,0.2689125,0.37153164661280275,False
0.02,0.27,0.26967,0.3729514693211086,False
0.02,0.27749999999999997,0.2704275,0.37437370138414616,False
0.02,0.285,0.271185,0.37579795067387906,False
0.02,0.2925,0.2719425,0.3772239053763049,False
0.02,0.3,0.2727,0.3786513145203455,False
0.02,0.3075,0.2734575,0.3800799738864745,False
0.02,0.315,0.27421500000000004,0.3815097156438988,False
0.02,0.3225,0.2749725,0.38294040061788726,False
0.02,0.32999999999999996,0.27573,0.38437191244250624,False
0.02,0.33749999999999997,0.2764875,0.38580415308493254,False
0.02,0.345,0.27724499999999996,0.38723703938111775,False
0.02,0.3525,0.2780025,0.38867050032651823,False
0.02,0.36,0.27876,0.39010447493706163,False
0.02,0.3675,0.27951750000000003,0.39153891054536755,False
0.02,0.375,0.28027500000000005,0.3929737614324899,False
0.02,0.3825,0.2810325,0.3944089877206865,False
0.02,0.39,0.28179,0.3958445544710111,False
0.02,0.39749999999999996,0.2825475,0.3972804309429175,False
0.02,0.40499999999999997,0.283305,0.39871658998297976,False
0.02,0.4125,0.2840625,0.4001530075172386,False
0.02,0.42,0.28481999999999996,0.40158966212727104,False
0.02,0.4275,0.28557750000000004,0.4025682021529978,False
0.02,0.435,0.286335,0.4015877583732121,False
0.02,0.4425,0.28709250000000003,0.4008885390051144,False
0.02,0.44999999999999996,0.28785,0.40062728973759715,False
0.02,0.45749999999999996,0.2886075,0.4008885390051144,False
0.02,0.46499999999999997,0.289365,0.4015877583732121,False
0.02,0.4725,0.2901225,0.4025682021529978,False
0.02,0.48,0.29087999999999997,0.4037114530235066,False
0.02,0.4875,0.2916375,0.40494939859786433,False
0.02,0.495,0.292395,0.4045261929734716,False
0.02,0.5025,0.29315250000000004,0.403112835437056,False
0.02,0.51,0.29391,0.4017038852666795,False
0.02,0.5175,0.2946675,0.40030048492858844,False
0.02,0.525,0.295425,0.3989042015844696,False
0.02,0.5325,0.2961825,0.39751723987098925,False
0.02,0.54,0.29694,0.3961427927336949,False
0.02,0.5475,0.2976975,0.3947856427587594,False
0.02,0.5549999999999999,0.298455,0.3934532377101615,False
0.02,0.5625,0.29921250000000005,0.39215770209763184,False
0.02,0.57,0.29997,0.3909197565232741,False
0.02,0.5775,0.30072750000000004,0.38977650565276534,False
0.02,0.585,0.301485,0.3887960618729796,False
0.02,0.5925,0.3022425,0.3880968425048819,False
0.02,0.6,0.303,0.38783559323736466,False
0.025,0.0,0.243,0.34136115494194813,False
0.025,0.0075,0.243759375,0.34157260523788097,False
0.025,0.015,0.24451875,0.3421592581746518,False
0.025,0.0225,0.24527812499999999,0.343019703730158,False
0.025,0.03,0.2460375,0.3440603116139035,False
0.025,0.0375,0.246796875,0.3452163590493349,False
0.025,0.045,0.24755625,0.3464474415981832,False
0.025,0.0525,0.248315625,0.3477287770726826,False
0.025,0.06,0.249075,0.34904490402686755,False
0.025,0.0675,0.249834375,0.3503858911734957,False
0.025,0.075,0.25059375,0.3517451543123609,False
0.025,0.08249999999999999,0.25135312499999996,0.3531181935458121,False
0.025,0.09,0.2521125,0.35450184662423084,False
0.025,0.0975,0.25287187499999997,0.35589383503771516,False
0.025,0.105,0.25363125000000003,0.3572924800355518,False
0.025,0.11249999999999999,0.254390625,0.3582398060935895,False
0.025,0.12,0.25515,0.3570837586581581,False
0.025,0.1275,0.255909375,0.3560431507744126,False
0.025,0.135,0.25666875,0.35518270521890644,False
0.025,0.1425,0.25742812499999995,0.3545960522821356,False
0.025,0.15,0.2581875,0.35438460198620275,False
0.025,0.1575,0.25894687499999997,0.3545960522821356,False
0.025,0.16499999999999998,0.25970625,0.35518270521890644,False
0.025,0.1725,0.260465625,0.3560431507744126,False
0.025,0.18,0.261225,0.3570837586581581,False
0.025,0.1875,0.261984375,0.3582398060935895,False
0.025,0.195,0.26274375,0.3594708886424378,False
0.025,0.20249999999999999,0.263503125,0.36075222411693725,False
0.025,0.21,0.2642625,0.3620683510711222,False
0.025,0.2175,0.26502187499999996,0.36340933821775034,False
0.025,0.22499999999999998,0.26578125,0.36476860135661554,False
0.025,0.23249999999999998,0.266540625,0.3661416405900667,False
0.025,0.24,0.26730000000000004,0.36752529366848546,False
0.025,0.2475,0.268059375,0.3689172820819698,False
0.025,0.255,0.26881875,0.37031592707980643,False
0.025,0.2625,0.269578125,0.37171996702284626,False
0.025,0.27,0.2703375,0.37312843684194075,False
0.025,0.27749999999999997,0.271096875,0.37454058657663053,False
0.025,0.285,0.27185624999999997,0.3759558251198729,False
0.025,0.2925,0.272615625,0.3773736805961547,False
0.025,0.3,0.27337500000000003,0.37879377194935376,False
0.025,0.3075,0.274134375,0.3802157882326002,False
0.025,0.315,0.27489375,0.38163947328474784,False
0.025,0.3225,0.275653125,0.3830646142360247,False
0.025,0.32999999999999996,0.27641249999999995,0.3844910327768598,False
0.025,0.33749999999999997,0.277171875,0.3859185784483999,False
0.025,0.345,0.27793124999999996,0.3873471234312139,False
0.025,0.3525,0.27869062499999997,0.38877655845743936,False
0.025,0.36,0.27945,0.39020678957464894,False
0.025,0.3675,0.280209375,0.39163773556205395,False
0.025,0.375,0.28096875,0.39306932585110077,False
0.025,0.3825,0.281728125,0.3945014988395445,False
0.025,0.39,0.2824875,0.39593420051502964,False
0.025,0.39749999999999996,0.283246875,0.3973673833240274,False
0.025,0.40499999999999997,0.28400624999999996,0.39880100523669937,False
0.025,0.4125,0.284765625,0.40023502896929497,False
0.025,0.42,0.285525,0.4016694213340327,False
0.025,0.4275,0.286284375,0.40310415269278055,False
0.025,0.435,0.28704375,0.4023858616059158,False
0.025,0.4425,0.287803125,0.4017992086691449,False
0.025,0.44999999999999996,0.2885625,0.4015877583732121,False
0.025,0.45749999999999996,0.289321875,0.4017992086691449,False
0.025,0.46499999999999997,0.29008124999999996,0.4023858616059158,False
0.025,0.4725,0.290840625,0.40324630716142196,False
0.025,0.48,0.29159999999999997,0.40428691504516745,False
0.025,0.4875,0.29235937500000003,0.40544296248059886,False
0.025,0.495,0.29311875,0.4047273869665833,False
0.025,0.5025,0.293878125,0.40332874196874663,False
0.025,0.51,0.2946375,0.4019367535552623,False
0.025,0.5175,0.295396875,0.40055310047684356,False
0.025,0.525,0.29615625,0.3991800612433924,False
0.025,0.5325,0.296915625,0.3978207981045272,False
0.025,0.54,0.29767499999999997,0.39647981095789897,False
0.025,0.5475,0.29843437500000003,0.3951636840037141,False
0.025,0.5549999999999999,0.29919375,0.39388234852921467,False
0.025,0.5625,0.29995312500000004,0.39265126598036637,False
0.025,0.57,0.3007125,0.39149521854493496,False
0.025,0.5775,0.301471875,0.39045461066118947,False
0.025,0.585,0.30223125,0.3895941651056833,False
0.025,0.5925,0.302990625,0.38900751216891244,False
0.025,0.6,0.30374999999999996,0.3887960618729796,False
0.03,0.0,0.24359999999999998,0.342321623577563,False
0.03,0.0075,0.24436124999999997,0.3424989822159733,False
0.03,0.015,0.2451225,0.34300183124234784,False
0.03,0.0225,0.24588374999999998,0.34376232653098543,False
0.03,0.03,0.24664499999999998,0.34470865838819714,False
0.03,0.0375,0.24740625,0.34578381176387346,False
0.03,0.045,0.24816749999999999,0.34694786850642717,False
0.03,0.0525,0.24892874999999998,0.34817413031309974,False
0.03,0.06,0.24969,0.3494448507208222,False
0.03,0.0675,0.25045124999999996,0.3507480902867583,False
0.03,0.075,0.2512125,0.35207565744848346,False
0.03,0.08249999999999999,0.25197374999999994,0.35342180749417,False
0.03,0.09,0.252735,0.3547824228220584,False
0.03,0.0975,0.25349625,0.3561544904966962,False
0.03,0.105,0.25425749999999997,0.3575357634013255,False
0.03,0.11249999999999999,0.25501874999999996,0.3588072588081281,False
0.03,0.12,0.25578,0.35773210543245176,False
0.03,0.1275,0.25654124999999994,0.35678577357524005,False
0.03,0.135,0.2573025,0.35602527828660246,False
0.03,0.1425,0.25806375,0.3555224292602279,False
0.03,0.15,0.25882499999999997,0.35534507062181764,False
0.03,0.1575,0.25958624999999996,0.3555224292602279,False
0.03,0.16499999999999998,0.2603475,0.35602527828660246,False
0.03,0.1725,0.26110874999999995,0.35678577357524005,False
0.03,0.18,0.26187,0.35773210543245176,False
0.03,0.1875,0.26263125,0.3588072588081281,False
0.03,0.195,0.2633925,0.3599713155506818,False
0.03,0.20249999999999999,0.26415374999999996,0.36119757735735436,False
0.03,0.21,0.264915,0.36246829776507683,False
0.03,0.2175,0.26567624999999995,0.3637715373310129,False
0.03,0.22499999999999998,0.2664375,0.3650991044927381,False
0.03,0.23249999999999998,0.26719875,0.36644525453842464,False
0.03,0.24,0.26796000000000003,0.36780586986631303,False
0.03,0.2475,0.26872124999999997,0.3691779375409508,False
0.03,0.255,0.2694825,0.3705592104455801,False
0.03,0.2625,0.27024375,0.37194798314247507,False
0.03,0.27,0.271005,0.37334294061652745,False
0.03,0.27749999999999997,0.27176625,0.3747430542049354,False
0.03,0.285,0.27252750000000003,0.3761475086657899,False
0.03,0.2925,0.27328874999999997,0.37755565018278986,False
0.03,0.3,0.27404999999999996,0.3789669486992942,False
0.03,0.3075,0.27481125,0.38038097022597805,False
0.03,0.315,0.2755725,0.38179735620049987,False
0.03,0.3225,0.27633375,0.3832158079072048,False
0.03,0.32999999999999996,0.277095,0.3846360745775989,False
0.03,0.33749999999999997,0.27785624999999997,0.3860579442026481,False
0.03,0.345,0.27861749999999996,0.3874812363668961,False
0.03,0.3525,0.27937875,0.3889057966067545,False
0.03,0.36,0.28013999999999994,0.3903314919297465,False
0.03,0.3675,0.28090125,0.3917582072266284,False
0.03,0.375,0.28166250000000004,0.3931858423764542,False
0.03,0.3825,0.28242375,0.3946143098939936,False
0.03,0.39,0.28318499999999996,0.3960435330050332,False
0.03,0.39749999999999996,0.28394625,0.3974734440617841,False
0.03,0.40499999999999997,0.28470749999999995,0.39890398323053655,False
0.03,0.4125,0.28546875,0.40033509739869366,False
0.03,0.42,0.28623,0.4017667392596953,False
0.03,0.4275,0.28699125,0.40319886654304543,False
0.03,0.435,0.28775249999999997,0.4032284346736118,False
0.03,0.4425,0.28851375,0.40272558564723726,False
0.03,0.44999999999999996,0.28927499999999995,0.402548227008827,False
0.03,0.45749999999999996,0.29003625,0.40272558564723726,False
0.03,0.46499999999999997,0.2907975,0.4032284346736118,False
0.03,0.4725,0.29155875,0.4039889299622494,False
0.03,0.48,0.29231999999999997,0.4049352618194611,False
0.03,0.4875,0.29308125,0.4060104151951374,False
0.03,0.495,0.29384249999999995,0.40497067033235695,False
0.03,0.5025,0.29460375,0.40358939742772765,False
0.03,0.51,0.295365,0.4022173297530899,False
0.03,0.5175,0.29612625,0.4008567144252015,False
0.03,0.525,0.29688749999999997,0.39951056437951493,False
0.03,0.5325,0.29764875,0.39818299721778977,False
0.03,0.54,0.29840999999999995,0.3968797576518537,False
0.03,0.5475,0.29917125,0.3956090372441312,False
0.03,0.5549999999999999,0.2999325,0.39438277543745864,False
0.03,0.5625,0.30069375,0.39321871869490493,False
0.03,0.57,0.301455,0.3921435653192286,False
0.03,0.5775,0.30221625,0.3911972334620169,False
0.03,0.585,0.30297749999999996,0.3904367381733793,False
0.03,0.5925,0.30373875,0.3899338891470048,False
0.03,0.6,0.3045,0.3897565305085945,False
0.035,0.0,0.2442,0.34328209221317796,False
0.035,0.0075,0.244963125,0.34343472079468534,False
0.035,0.015,0.24572625,0.34387352296801543,False
0.035,0.0225,0.246489375,0.34455150373842125,False
0.035,0.03,0.24725250000000001,0.3454138950497607,False
0.035,0.0375,0.24801562500000002,0.3464123961370851,False
0.035,0.045,0.24877875,0.34750983911293987,False
0.035,0.0525,0.249541875,0.34867937796351944,False
0.035,0.06,0.250305,0.3499020684877771,False
0.035,0.0675,0.25106812500000003,0.35116456833448634,False
0.035,0.075,0.25183125,0.3524573966065568,False
0.035,0.08249999999999999,0.252594375,0.35377372172588023,False
0.035,0.09,0.25335749999999996,0.35510854222013616,False
0.035,0.0975,0.254120625,0.3564581365011604,False
0.035,0.105,0.25488374999999996,0.3578196913317559,False
0.035,0.11249999999999999,0.255646875,0.3591910481756822,False
0.035,0.12,0.25640999999999997,0.35843734209401534,False
0.035,0.1275,0.257173125,0.35757495078267587,False
0.035,0.135,0.25793625,0.35689697001227005,False
0.035,0.1425,0.258699375,0.35645816783893997,False
0.035,0.15,0.2594625,0.3563055392574326,False
0.035,0.1575,0.260225625,0.35645816783893997,False
0.035,0.16499999999999998,0.26098875,0.35689697001227005,False
0.035,0.1725,0.261751875,0.35757495078267587,False
0.035,0.18,0.262515,0.35843734209401534,False
0.035,0.1875,0.26327812500000003,0.3594358431813397,False
0.035,0.195,0.26404125,0.3605332861571945,False
0.035,0.20249999999999999,0.26480437500000004,0.36170282500777406,False
0.035,0.21,0.2655675,0.36292551553203173,False
0.035,0.2175,0.26633062500000004,0.36418801537874096,False
0.035,0.22499999999999998,0.26709375,0.3654808436508114,False
0.035,0.23249999999999998,0.267856875,0.36679716877013485,False
0.035,0.24,0.26861999999999997,0.3681319892643908,False
0.035,0.2475,0.269383125,0.36948158354541505,False
0.035,0.255,0.27014625,0.3708431383760105,False
0.035,0.2625,0.270909375,0.3722144952199368,False
0.035,0.27,0.2716725,0.3735939746985013,False
0.035,0.27749999999999997,0.272435625,0.37498025331556906,False
0.035,0.285,0.27319875,0.37637227560543524,False
0.035,0.2925,0.27396187499999997,0.37776919062058334,False
0.035,0.3,0.274725,0.3791703053810264,False
0.035,0.3075,0.27548812500000003,0.3805750503087335,False
0.035,0.315,0.27625125,0.38198295324513054,False
0.035,0.3225,0.277014375,0.38339361969467034,False
0.035,0.32999999999999996,0.2777775,0.384806717640025,False
0.035,0.33749999999999997,0.278540625,0.38622196575291684,False
0.035,0.345,0.27930375,0.38763912415460666,False
0.035,0.3525,0.280066875,0.38905798711046596,False
0.035,0.36,0.28083,0.39047837720584405,False
0.035,0.3675,0.281593125,0.39190014066674667,False
0.035,0.375,0.28235625000000003,0.3933231435728422,False
0.035,0.3825,0.283119375,0.3947472687715943,False
0.035,0.39,0.2838825,0.39617241334747255,False
0.035,0.39749999999999996,0.28464562499999996,0.3975984865337627,False
0.035,0.40499999999999997,0.28540875,0.3990254079796766,False
0.035,0.4125,0.28617187499999996,0.4004531063045086,False
0.035,0.42,0.286935,0.40188151788509785,False
0.035,0.4275,0.28769812499999997,0.40331058583400897,False
0.035,0.435,0.28846125,0.4041001263992794,False
0.035,0.4425,0.289224375,0.4036613242259493,False
0.035,0.44999999999999996,0.2899875,0.4035086956444419,False
0.035,0.45749999999999996,0.290750625,0.4036613242259493,False
0.035,0.46499999999999997,0.29151375,0.4041001263992794,False
0.035,0.4725,0.292276875,0.4047781071696852,False
0.035,0.48,0.29304,0.4056404984810247,False
0.035,0.4875,0.293803125,0.4066259551067137,False
0.035,0.495,0.29456625000000003,0.40525459826278737,False
0.035,0.5025,0.295329375,0.4038930434321919,False
0.035,0.51,0.29609250000000004,0.40254344915116763,False
0.035,0.5175,0.296855625,0.4012086286569117,False
0.035,0.525,0.29761875000000004,0.39989230353758826,False
0.035,0.5325,0.298381875,0.3985994752655178,False
0.035,0.54,0.299145,0.3973369754188086,False
0.035,0.5475,0.29990812499999997,0.3961142848945509,False
0.035,0.5549999999999999,0.30067124999999995,0.39494474604397134,False
0.035,0.5625,0.301434375,0.39384730306811655,False
0.035,0.57,0.3021975,0.3928488019807922,False
0.035,0.5775,0.302960625,0.3919864106694527,False
0.035,0.585,0.30372374999999996,0.3913084298990469,False
0.035,0.5925,0.304486875,0.3908696277257168,False
0.035,0.6,0.30525,0.39071699914420943,False
0.04,0.0,0.2448,0.3442425608487929,False
0.04,0.0075,0.24556499999999998,0.3443764600675515,False
0.04,0.015,0.24633,0.34476505938382745,False
0.04,0.0225,0.24709499999999998,0.34537474194735385,False
0.04,0.03,0.24786,0.34616349812002273,False
0.04,0.0375,0.24862499999999998,0.3470911726103314,False
0.04,0.045,0.24939,0.3481243856795942,False
0.04,0.0525,0.250155,0.3492373615626478,False
0.04,0.06,0.25092,0.3504108874206117,False
0.04,0.0675,0.251685,0.35163082639364346,False
0.04,0.075,0.25244999999999995,0.35288677856932726,False
0.04,0.08249999999999999,0.253215,0.3541710411798219,False
0.04,0.09,0.25398,0.35547784979438657,False
0.04,0.0975,0.254745,0.35680283866071394,False
0.04,0.105,0.25550999999999996,0.3581426598915823,False
0.04,0.11249999999999999,0.256275,0.3594947142968021,False
0.04,0.12,0.25704,0.35918694516427735,False
0.04,0.1275,0.257805,0.35839818899160847,False
0.04,0.135,0.25856999999999997,0.3577885064280821,False
0.04,0.1425,0.259335,0.35739990711180614,False
0.04,0.15,0.2601,0.3572660078930475,False
0.04,0.1575,0.260865,0.35739990711180614,False
0.04,0.16499999999999998,0.26163,0.3577885064280821,False
0.04,0.1725,0.262395,0.35839818899160847,False
0.04,0.18,0.26316,0.35918694516427735,False
0.04,0.1875,0.263925,0.360114619654586,False
0.04,0.195,0.26469,0.3611478327238488,False
0.04,0.20249999999999999,0.265455,0.3622608086069024,False
0.04,0.21,0.26621999999999996,0.36343433446486634,False
0.04,0.2175,0.26698500000000003,0.3646542734378981,False
0.04,0.22499999999999998,0.26775,0.3659102256135819,False
0.04,0.23249999999999998,0.268515,0.3671944882240765,False
0.04,0.24,0.26927999999999996,0.3685012968386412,False
0.04,0.2475,0.27004500000000004,0.36982628570496856,False
0.04,0.255,0.27081,0.37116610693583696,False
0.04,0.2625,0.271575,0.3725181613410567,False
0.04,0.27,0.27233999999999997,0.373880406885708,False
0.04,0.27749999999999997,0.27310499999999993,0.37525122109724296,False
0.04,0.285,0.27387,0.37662930116029664,False
0.04,0.2925,0.274635,0.37801359055674655,False
0.04,0.3,0.2754,0.3794032245872574,False
0.04,0.3075,0.27616499999999994,0.38079748946561326,False
0.04,0.315,0.27693,0.3821957912754951,False
0.04,0.3225,0.277695,0.38359763217077103,False
0.04,0.32999999999999996,0.27846,0.38500259195167713,False
0.04,0.33749999999999997,0.27922499999999995,0.38641031367123485,False
0.04,0.345,0.27999,0.38782049229243015,False
0.04,0.3525,0.280755,0.3892328656761194,False
0.04,0.36,0.28152,0.3906472073652613,False
0.04,0.3675,0.28228499999999995,0.3920633207651931,False
0.04,0.375,0.28304999999999997,0.3934810344174774,False
0.04,0.3825,0.28381500000000004,0.394900198136831,False
0.04,0.39,0.28458,0.3963206798340892,False
0.04,0.39749999999999996,0.28534499999999996,0.3977423628881651,False
0.04,0.40499999999999997,0.28611,0.39916514396016417,False
0.04,0.4125,0.286875,0.40058893116577166,False
0.04,0.42,0.28764,0.40201364253963,False
0.04,0.4275,0.28840499999999997,0.40343920473899203,False
0.04,0.435,0.28917,0.4044084325458191,False
0.04,0.4425,0.289935,0.4041434101908457,False
0.04,0.44999999999999996,0.2907,0.4040537152689986,False
0.04,0.45749999999999996,0.291465,0.4041434101908457,False
0.04,0.46499999999999997,0.29223,0.40440843254581915,False
0.04,0.4725,0.29299499999999995,0.4048374630715504,False
0.04,0.48,0.29376,0.4054141305985682,False
0.04,0.4875,0.294525,0.4061196561211045,False
0.04,0.495,0.29529,0.40557756682261376,False
0.04,0.5025,0.29605499999999996,0.4042377455917454,False
0.04,0.51,0.29682000000000003,0.40291275672541804,False
0.04,0.5175,0.297585,0.40160594811085343,False
0.04,0.525,0.29835,0.4003216855003587,False
0.04,0.5325,0.29911499999999996,0.39906573332467493,False
0.04,0.54,0.29988000000000004,0.3978457943516432,False
0.04,0.5475,0.300645,0.39667226849367926,False
0.04,0.5549999999999999,0.30141,0.3955592926106257,False
0.04,0.5625,0.30217499999999997,0.3945260795413629,False
0.04,0.57,0.30293999999999993,0.3935984050510542,False
0.04,0.5775,0.303705,0.3928096488783853,False
0.04,0.585,0.30447,0.3921999663148589,False
0.04,0.5925,0.305235,0.391811366998583,False
0.04,0.6,0.30599999999999994,0.3916774677798244,False
0.045,0.0,0.24539999999999998,0.34520302948440784,False
0.045,0.0075,0.24616687499999998,0.3453222657062412,False
0.045,0.015,0.24693374999999998,0.34567061729296594,False
0.045,0.0225,0.24770062499999998,0.346223340981585,False
0.045,0.03,0.24846749999999998,0.34694786850642717,False
0.045,0.0375,0.24923437499999998,0.34781106153891844,False
0.045,0.045,0.25000125,0.348783581700359,False
0.045,0.0525,0.250768125,0.3498414366927044,False
0.045,0.06,0.25153499999999995,0.3509658412980974,False
0.045,0.0675,0.252301875,0.352142396877704,False
0.045,0.075,0.25306874999999995,0.3533601509962085,False
0.045,0.08249999999999999,0.253835625,0.3546107680290543,False
0.045,0.09,0.25460249999999995,0.3558878701992966,False
0.045,0.0975,0.255369375,0.357186538856309,False
0.045,0.105,0.25613624999999995,0.35850294537629934,False
0.045,0.11249999999999999,0.256903125,0.35983408029078845,False
0.045,0.12,0.25766999999999995,0.3599713155506818,False
0.045,0.1275,0.258436875,0.35924678802583965,False
0.045,0.135,0.25920374999999996,0.35869406433722056,False
0.045,0.1425,0.259970625,0.3583457127504958,False
0.045,0.15,0.26073749999999996,0.35822647652866246,False
0.045,0.1575,0.261504375,0.3583457127504958,False
0.045,0.16499999999999998,0.26227124999999996,0.35869406433722056,False
0.045,0.1725,0.263038125,0.35924678802583965,False
0.045,0.18,0.26380499999999996,0.3599713155506818,False
0.045,0.1875,0.264571875,0.36083450858317306,False
0.045,0.195,0.26533874999999996,0.3618070287446136,False
0.045,0.20249999999999999,0.266105625,0.362864883736959,False
0.045,0.21,0.26687249999999996,0.363989288342352,False
0.045,0.2175,0.267639375,0.3651658439219586,False
0.045,0.22499999999999998,0.26840624999999996,0.3663835980404631,False
0.045,0.23249999999999998,0.269173125,0.3676342150733089,False
0.045,0.24,0.26993999999999996,0.3689113172435512,False
0.045,0.2475,0.270706875,0.37020998590056364,False
0.045,0.255,0.27147374999999996,0.371526392420554,False
0.045,0.2625,0.272240625,0.3728575273350431,False
0.045,0.27,0.27300749999999996,0.37420100166799,False
0.045,0.27749999999999997,0.273774375,0.3755549006645123,False
0.045,0.285,0.27454124999999996,0.3769176753954055,False
0.045,0.2925,0.27530812499999996,0.3782880617928906,False
0.045,0.3,0.27607499999999996,0.379665019652173,False
0.045,0.3075,0.276841875,0.3810476862643061,False
0.045,0.315,0.27760874999999996,0.38243534085532727,False
0.045,0.3225,0.27837562499999996,0.3838273770733641,False
0.045,0.32999999999999996,0.27914249999999996,0.3852232815207271,False
0.045,0.33749999999999997,0.27990937499999996,0.38662261686525273,False
0.045,0.345,0.28067624999999996,0.3880250084496405,False
0.045,0.3525,0.28144312499999996,0.3894301335946208,False
0.045,0.36,0.28220999999999996,0.3908377129929992,False
0.045,0.3675,0.28297687499999996,0.3922475037388677,False
0.045,0.375,0.28374374999999996,0.3936592936448773,False
0.045,0.3825,0.28451062499999996,0.3950728965811908,False
0.045,0.39,0.28527749999999996,0.39648814863019627,False
0.045,0.39749999999999996,0.28604437499999996,0.3979049048966858,False
0.045,0.40499999999999997,0.28681124999999996,0.39932303684788134,False
0.045,0.4125,0.28757812499999996,0.40074243008422916,False
0.045,0.42,0.28834499999999996,0.4021629824623343,False
0.045,0.4275,0.28911187499999996,0.4035846025072677,False
0.045,0.435,0.28987874999999996,0.40347911899068584,False
0.045,0.4425,0.29064562499999996,0.4031910239306289,False
0.045,0.44999999999999996,0.2914125,0.40309324663338364,False
0.045,0.45749999999999996,0.29217937499999996,0.4031910239306289,False
0.045,0.46499999999999997,0.29294625,0.40347911899068584,False
0.045,0.4725,0.29371312499999996,0.40394313106336477,False
0.045,0.48,0.29448,0.40456272915173996,False
0.045,0.4875,0.29524687499999996,0.40531531671197774,False
0.045,0.495,0.29601375,0.4059378523073308,False
0.045,0.5025,0.29678062499999996,0.4046214457873405,False
0.045,0.51,0.2975475,0.40332277713032805,False
0.045,0.5175,0.29831437499999996,0.40204567496008575,False
0.045,0.525,0.29908125,0.40079505792723996,False
0.045,0.5325,0.29984812499999997,0.39957730380873546,False
0.045,0.54,0.300615,0.39840074822912885,False
0.045,0.5475,0.30138187499999997,0.3972763436237359,False
0.045,0.5549999999999999,0.30214874999999997,0.3962184886313905,False
0.045,0.5625,0.30291562499999997,0.3952459684699499,False
0.045,0.57,0.3036825,0.39438277543745864,False
0.045,0.5775,0.30444937499999997,0.3936582479126165,False
0.045,0.585,0.30521624999999997,0.3931055242239974,False
0.045,0.5925,0.30598312499999997,0.39275717263727267,False
0.045,0.6,0.30675,0.3926379364154393,False
0.05,0.0,0.246,0.34616349812002273,False
0.05,0.0075,0.24676875,0.34627094978801626,False
0.05,0.015,0.2475375,0.34658639871188845,False
0.05,0.0225,0.24830625,0.3470911726103314,False
0.05,0.03,0.249075,0.34775970458543015,False
0.05,0.0375,0.24984375,0.3485646697090601,False
0.05,0.045,0.2506125,0.3494805956964425,False
0.05,0.0525,0.25138125,0.3504856069802899,False
0.05,0.06,0.25215,0.35156181146393345,False
0.05,0.0675,0.25291874999999997,0.3526949706934329,False
0.05,0.075,0.2536875,0.35387390633479626,False
0.05,0.08249999999999999,0.25445625,0.35508988364328725,False
0.05,0.09,0.255225,0.3563360714324929,False
0.05,0.0975,0.25599374999999996,0.3576071044499799,False
0.05,0.105,0.2567625,0.3588987423814918,False
0.05,0.11249999999999999,0.25753125,0.3602076093020148,False
0.05,0.12,0.25830000000000003,0.3607831516296848,False
0.05,0.1275,0.25906874999999996,0.360114619654586,False
0.05,0.135,0.2598375,0.3596098457561431,False
0.05,0.1425,0.26060625,0.3592943968322709,False
0.05,0.15,0.261375,0.35918694516427735,False
0.05,0.1575,0.26214375,0.3592943968322709,False
0.05,0.16499999999999998,0.2629125,0.3596098457561431,False
0.05,0.1725,0.26368125,0.360114619654586,False
0.05,0.18,0.26445,0.3607831516296848,False
0.05,0.1875,0.26521875,0.3615881167533147,False
0.05,0.195,0.2659875,0.36250404274069714,False
0.05,0.20249999999999999,0.26675625,0.36350905402454453,False
0.05,0.21,0.267525,0.36458525850818807,False
0.05,0.2175,0.26829375,0.36571841773768754,False
0.05,0.22499999999999998,0.26906250000000004,0.3668973533790509,False
0.05,0.23249999999999998,0.26983124999999997,0.3681133306875419,False
0.05,0.24,0.2706,0.36935951847674753,False
0.05,0.2475,0.27136875,0.3706305514942345,False
0.05,0.255,0.27213750000000003,0.3719221894257464,False
0.05,0.2625,0.27290625,0.37323105634626946,False
0.05,0.27,0.273675,0.3745544433341162,False
0.05,0.27749999999999997,0.27444375,0.3758901592374668,False
0.05,0.285,0.27521249999999997,0.37723641762737264,False
0.05,0.2925,0.27598125,0.37859175078920215,False
0.05,0.3,0.27675,0.379954943905103,False
0.05,0.3075,0.27751875,0.3813249843527312,False
0.05,0.315,0.27828749999999997,0.3827010223720053,False
0.05,0.3225,0.27905625,0.3840823403297709,False
0.05,0.32999999999999996,0.279825,0.38546832852884283,False
0.05,0.33749999999999997,0.28059375,0.3868584660320397,False
0.05,0.345,0.28136249999999996,0.38825230535581146,False
0.05,0.3525,0.28213125,0.3896494601703395,False
0.05,0.36,0.2829,0.3910495953514847,False
0.05,0.3675,0.28366875,0.39245241888480614,False
0.05,0.375,0.28443749999999995,0.39385767523756443,False
0.05,0.3825,0.28520625,0.3952651399015968,False
0.05,0.39,0.28597500000000003,0.39667461487575334,False
0.05,0.39749999999999996,0.28674375,0.39808592490668193,False
0.05,0.40499999999999997,0.2875125,0.39949891434513296,False
0.05,0.4125,0.28828125,0.40091344450454464,False
0.05,0.42,0.28905,0.40232939143161767,False
0.05,0.4275,0.28981875,0.40306045248807737,False
0.05,0.435,0.2905875,0.4025556785896344,False
0.05,0.4425,0.29135625,0.40224022966576223,False
0.05,0.44999999999999996,0.29212499999999997,0.4021327779977687,False
0.05,0.45749999999999996,0.29289375,0.40224022966576223,False
0.05,0.46499999999999997,0.2936625,0.4025556785896344,False
0.05,0.4725,0.29443125000000003,0.40306045248807737,False
0.05,0.48,0.29519999999999996,0.4037289844631761,False
0.05,0.4875,0.29596875,0.40453394958680605,False
0.05,0.495,0.2967375,0.4054498755741885,False
0.05,0.5025,0.29750625,0.40504201138101137,False
0.05,0.51,0.298275,0.4037709783635244,False
0.05,0.5175,0.29904375,0.4025247905743187,False
0.05,0.525,0.2998125,0.40130881326582774,False
0.05,0.5325,0.30058125,0.4001298776244644,False
0.05,0.54,0.30135,0.3989967183949649,False
0.05,0.5475,0.30211875,0.3979205139113214,False
0.05,0.5549999999999999,0.3028875,0.396915502627474,False
0.05,0.5625,0.30365625,0.39599957664009156,False
0.05,0.57,0.304425,0.3951946115164616,False
0.05,0.5775,0.30519375000000004,0.3945260795413629,False
0.05,0.585,0.30596249999999997,0.39402130564291993,False
0.05,0.5925,0.30673125,0.39370585671904773,False
0.05,0.6,0.3075,0.3935984050510542,False
0.055,0.0,0.24659999999999999,0.34712396675563767,False
0.055,0.0075,0.24737062499999998,0.3472217440528829,False
0.055,0.015,0.24814124999999998,0.34750983911293987,False
0.055,0.0225,0.24891187499999998,0.3479738511856188,False
0.055,0.03,0.2496825,0.348593449273994,False
0.055,0.0375,0.25045312499999994,0.34934603683423177,False
0.055,0.045,0.25122374999999997,0.35020963591481763,False
0.055,0.0525,0.25199437499999994,0.3511645683344863,False
0.055,0.06,0.252765,0.35219410837122955,False
0.055,0.0675,0.253535625,0.35328448439608773,False
0.055,0.075,0.25430625,0.35442456111843457,False
0.055,0.08249999999999999,0.255076875,0.35560541579188854,False
0.055,0.09,0.2558475,0.3568199198283402,False
0.055,0.0975,0.256618125,0.35806237251552575,False
0.055,0.105,0.25738875,0.35932819910741,False
0.055,0.11249999999999999,0.25815937499999997,0.3606137099137306,False
0.055,0.12,0.25893,0.3616168963182486,False
0.055,0.1275,0.25970062499999996,0.3609972982298734,False
0.055,0.135,0.26047125,0.3605332861571945,False
0.055,0.1425,0.26124187499999996,0.36024519109713754,False
0.055,0.15,0.2620125,0.3601474137998923,False
0.055,0.1575,0.26278312499999995,0.36024519109713754,False
0.055,0.16499999999999998,0.26355375,0.3605332861571945,False
0.055,0.1725,0.264324375,0.3609972982298734,False
0.055,0.18,0.265095,0.3616168963182486,False
0.055,0.1875,0.265865625,0.3623694838784864,False
0.055,0.195,0.26663625,0.36323308295907225,False
0.055,0.20249999999999999,0.267406875,0.3641880153787409,False
0.055,0.21,0.2681775,0.3652175554154842,False
0.055,0.2175,0.268948125,0.36630793144034235,False
0.055,0.22499999999999998,0.26971875,0.3674480081626892,False
0.055,0.23249999999999998,0.270489375,0.36862886283614316,False
0.055,0.24,0.27126,0.36984336687259484,False
0.055,0.2475,0.27203062499999997,0.37108581955978037,False
0.055,0.255,0.27280125,0.3723516461516646,False
0.055,0.2625,0.27357187499999996,0.3736371569579852,False
0.055,0.27,0.2743425,0.3749393584056767,False
0.055,0.27749999999999997,0.27511312499999996,0.37625580609753073,False
0.055,0.285,0.27588375000000004,0.3775844908620198,False
0.055,0.2925,0.276654375,0.3789237503346337,False
0.055,0.3,0.277425,0.38027220015704566,False
0.055,0.3075,0.278195625,0.3816286802152057,False
0.055,0.315,0.27896625,0.38299221241480047,False
0.055,0.3225,0.279736875,0.38436196733192113,False
0.055,0.32999999999999996,0.28050749999999997,0.3857372377183695,False
0.055,0.33749999999999997,0.281278125,0.38711741732650923,False
0.055,0.345,0.28204874999999996,0.3885019838842383,False
0.055,0.3525,0.282819375,0.3898904853258006,False
0.055,0.36,0.28358999999999995,0.39128252859142804,False
0.055,0.3675,0.284360625,0.3926777704653761,False
0.055,0.375,0.28513125,0.3940759100406354,False
0.055,0.3825,0.28590187499999997,0.3954766824890068,False
0.055,0.39,0.28667249999999994,0.39687985388441077,False
0.055,0.39749999999999996,0.28744312499999997,0.39828521688050805,False
0.055,0.40499999999999997,0.28821375,0.3996925870848417,False
0.055,0.4125,0.288984375,0.40110180000367834,False
0.055,0.42,0.289755,0.40251270845669995,False
0.055,0.4275,0.290525625,0.402192620859331,False
0.055,0.435,0.29129625,0.4016398971707119,False
0.055,0.4425,0.292066875,0.40129154558398716,False
0.055,0.44999999999999996,0.2928375,0.4011723093621538,False
0.055,0.45749999999999996,0.293608125,0.40129154558398716,False
0.055,0.46499999999999997,0.29437874999999997,0.4016398971707119,False
0.055,0.4725,0.295149375,0.402192620859331,False
0.055,0.48,0.29591999999999996,0.40291714838417314,False
0.055,0.4875,0.296690625,0.40378034141666447,False
0.055,0.495,0.29746124999999995,0.40475286157810497,False
0.055,0.5025,0.298231875,0.4054972794465572,False
0.055,0.51,0.29900249999999995,0.4042548267593717,False
0.055,0.5175,0.29977312500000003,0.40304032272292,False
0.055,0.525,0.30054375,0.40185946804946604,False
0.055,0.5325,0.301314375,0.4007193913271192,False
0.055,0.54,0.302085,0.399629015302261,False
0.055,0.5475,0.302855625,0.39859947526551776,False
0.055,0.5549999999999999,0.30362625,0.3976445428458491,False
0.055,0.5625,0.304396875,0.39678094376526324,False
0.055,0.57,0.3051675,0.39602835620502547,False
0.055,0.5775,0.305938125,0.39540875811665027,False
0.055,0.585,0.30670875,0.39494474604397134,False
0.055,0.5925,0.307479375,0.3946566509839144,False
0.055,0.6,0.30824999999999997,0.39455887368666914,False
0.06,0.0,0.2472,0.3480844353912526,False
0.06,0.0075,0.2479725,0.34817413031309974,False
0.06,0.015,0.248745,0.3484391526680731,False
0.06,0.0225,0.2495175,0.3488681831938044,False
0.06,0.03,0.25028999999999996,0.3494448507208222,False
0.06,0.0375,0.2510625,0.35015037624335854,False
0.06,0.045,0.251835,0.3509658412980974,False
0.06,0.0525,0.2526075,0.3518736942315909,False
0.06,0.06,0.25338,0.3528585050125208,False
0.06,0.0675,0.2541525,0.3539071726374546,False
0.06,0.075,0.25492499999999996,0.3550088117638735,False
0.06,0.08249999999999999,0.2556975,0.3561544904966962,False
0.06,0.09,0.25647,0.3573369252489808,False
0.06,0.0975,0.2572425,0.35855018791453763,False
0.06,0.105,0.258015,0.359789448862326,False
0.06,0.11249999999999999,0.2587875,0.3610507619720541,False
0.06,0.12,0.25956,0.36233088967777094,False
0.06,0.1275,0.2603325,0.36189163023805904,False
0.06,0.135,0.261105,0.36146259971232775,False
0.06,0.1425,0.26187750000000004,0.36119757735735436,False
0.06,0.15,0.26265,0.36110788243550723,False
0.06,0.1575,0.2634225,0.36119757735735436,False
0.06,0.16499999999999998,0.264195,0.36146259971232775,False
0.06,0.1725,0.2649675,0.36189163023805904,False
0.06,0.18,0.26574,0.36246829776507683,False
0.06,0.1875,0.26651250000000004,0.36317382328761316,False
0.06,0.195,0.267285,0.363989288342352,False
0.06,0.20249999999999999,0.2680575,0.36489714127584555,False
0.06,0.21,0.26883,0.36588195205677543,False
0.06,0.2175,0.2696025,0.3669306196817092,False
0.06,0.22499999999999998,0.270375,0.36803225880812807,False
0.06,0.23249999999999998,0.27114750000000004,0.3691779375409508,False
0.06,0.24,0.27192,0.37036037229323543,False
0.06,0.2475,0.2726925,0.37157363495879225,False
0.06,0.255,0.273465,0.3728128959065807,False
0.06,0.2625,0.2742375,0.3740742090163087,False
0.06,0.27,0.27501,0.37535433672202556,False
0.06,0.27749999999999997,0.27578250000000004,0.3766506097922571,False
0.06,0.285,0.276555,0.3779608158538977,False
0.06,0.2925,0.27732749999999995,0.3792831110686273,False
0.06,0.3,0.2781,0.3806159501773481,False
0.06,0.3075,0.2788725,0.38195803099969133,False
0.06,0.315,0.279645,0.38330825026872123,False
0.06,0.3225,0.2804175,0.38466566834882127,False
0.06,0.32999999999999996,0.28119,0.38602948092449796,False
0.06,0.33749999999999997,0.2819625,0.3873989961740088,False
0.06,0.345,0.282735,0.3887736162737735,False
0.06,0.3525,0.28350749999999997,0.39015282233638093,False
0.06,0.36,0.28428000000000003,0.3915361620830321,False
0.06,0.3675,0.2850525,0.3929232397038116,False
0.06,0.375,0.285825,0.39431370747682204,False
0.06,0.3825,0.2865975,0.39570725880812807,False
0.06,0.39,0.28737,0.3971036224249268,False
0.06,0.39749999999999996,0.28814249999999997,0.39850255750917857,False
0.06,0.40499999999999997,0.28891500000000003,0.39990384960174274,False
0.06,0.4125,0.2896875,0.4013073071406333,False
0.06,0.42,0.29046,0.4021327779977687,False
0.06,0.4275,0.2912325,0.4013440218250998,False
0.06,0.435,0.292005,0.4007343392615734,False
0.06,0.4425,0.29277749999999997,0.4003457399452975,False
0.06,0.44999999999999996,0.29355000000000003,0.40021184072653887,False
0.06,0.45749999999999996,0.2943225,0.4003457399452975,False
0.06,0.46499999999999997,0.295095,0.4007343392615734,False
0.06,0.4725,0.2958675,0.4013440218250998,False
0.06,0.48,0.29664,0.4021327779977687,False
0.06,0.4875,0.29741249999999997,0.40306045248807737,False
0.06,0.495,0.29818500000000003,0.4040936655573402,False
0.06,0.5025,0.2989575,0.40520664144039376,False
0.06,0.51,0.29973,0.4047718321800123,False
0.06,0.5175,0.3005025,0.40358939742772765,False
0.06,0.525,0.301275,0.4024437186949049,False
0.06,0.5325,0.30204749999999997,0.40134207956848605,False
0.06,0.54,0.30282000000000003,0.4002934119435523,False
0.06,0.5475,0.3035925,0.3993086011626224,False
0.06,0.5549999999999999,0.304365,0.39840074822912885,False
0.06,0.5625,0.3051375,0.39758528317439,False
0.06,0.57,0.30591,0.3968797576518537,False
0.06,0.5775,0.3066825,0.3963030901248359,False
0.06,0.585,0.307455,0.3958740595991046,False
0.06,0.5925,0.3082275,0.3956090372441312,False
0.06,0.6,0.30900000000000005,0.3955193423222841,False
0.065,0.0,0.2478,0.34904490402686755,False
0.065,0.0075,0.248574375,0.34912774668295077,False
0.065,0.015,0.24934874999999998,0.3493730616443776,False
0.065,0.0225,0.250123125,0.34977180253053947,False
0.065,0.03,0.25089749999999994,0.3503106298254972,False
0.065,0.0375,0.251671875,0.35097384298132145,False
0.065,0.045,0.25244625,0.3517451543123609,False
0.065,0.0525,0.253220625,0.35260898699656174,False
0.065,0.06,0.25399499999999997,0.3535512365466995,False
0.065,0.0675,0.254769375,0.35455959299692,False
0.065,0.075,0.25554374999999996,0.3556235698268545,False
0.065,0.08249999999999999,0.256318125,0.35673436937698544,False
0.065,0.09,0.25709249999999995,0.35788467634189236,False
0.065,0.0975,0.257866875,0.3590684347060731,False
0.065,0.105,0.25864125,0.3602806371573798,False
0.065,0.11249999999999999,0.259415625,0.3615171395323759,False
0.065,0.12,0.26019,0.36277450362962443,False
0.065,0.1275,0.260964375,0.3627952495747941,False
0.065,0.135,0.26173874999999996,0.3623965086886322,False
0.065,0.1425,0.262513125,0.3621511937272054,False
0.065,0.15,0.26328749999999995,0.3620683510711222,False
0.065,0.1575,0.264061875,0.3621511937272054,False
0.065,0.16499999999999998,0.26483625,0.3623965086886322,False
0.065,0.1725,0.265610625,0.3627952495747941,False
0.065,0.18,0.266385,0.36333407686975183,False
0.065,0.1875,0.26715937500000003,0.36399729002557607,False
0.065,0.195,0.26793374999999997,0.36476860135661554,False
0.065,0.20249999999999999,0.268708125,0.36563243404081636,False
0.065,0.21,0.26948249999999996,0.36657468359095413,False
0.065,0.2175,0.270256875,0.36758304004117465,False
0.065,0.22499999999999998,0.27103125,0.3686470168711091,False
0.065,0.23249999999999998,0.271805625,0.36975781642124006,False
0.065,0.24,0.27258,0.370908123386147,False
0.065,0.2475,0.27335437500000004,0.3720918817503277,False
0.065,0.255,0.27412875,0.3733040842016344,False
0.065,0.2625,0.274903125,0.37454058657663053,False
0.065,0.27,0.27567749999999996,0.37579795067387906,False
0.065,0.27749999999999997,0.27645187499999996,0.37707331417164586,False
0.065,0.285,0.27722625,0.37836428444914233,False
0.065,0.2925,0.278000625,0.3796688525834294,False
0.065,0.3,0.278775,0.38098532394514933,False
0.065,0.3075,0.279549375,0.3823122622453415,False
0.065,0.315,0.28032375,0.3836484443885537,False
0.065,0.3225,0.28109812500000003,0.38499282396882556,False
0.065,0.32999999999999996,0.28187249999999997,0.38634450166680034,False
0.065,0.33749999999999997,0.28264687499999996,0.387702701158657,False
0.065,0.345,0.28342125,0.38906674943419545,False
0.065,0.3525,0.28419562499999995,0.3904360606507963,False
0.065,0.36,0.28497,0.3918101228317796,False
0.065,0.3675,0.285744375,0.39318848686101066,False
0.065,0.375,0.28651875,0.394570757338308,False
0.065,0.3825,0.28729312500000004,0.39595658494878483,False
0.065,0.39,0.2880675,0.39734566006892613,False
0.065,0.39749999999999996,0.28884187499999997,0.3987377073871005,False
0.065,0.40499999999999997,0.28961625,0.3996971433798522,False
0.065,0.4125,0.29039062499999996,0.40060081065778796,False
0.065,0.42,0.291165,0.4013831749275067,False
0.065,0.4275,0.291939375,0.4005207836161672,False
0.065,0.435,0.29271375,0.3998428028457614,False
0.065,0.4425,0.293488125,0.3994040006724313,False
0.065,0.44999999999999996,0.2942625,0.39925137209092393,False
0.065,0.45749999999999996,0.295036875,0.3994040006724313,False
0.065,0.46499999999999997,0.29581125,0.3998428028457614,False
0.065,0.4725,0.29658562499999996,0.4005207836161672,False
0.065,0.48,0.29736,0.4013831749275067,False
0.065,0.4875,0.298134375,0.40238167601483105,False
0.065,0.495,0.29890875,0.40347911899068584,False
0.065,0.5025,0.299683125,0.4046486578412654,False
0.065,0.51,0.3004575,0.40531958327292383,False
0.065,0.5175,0.301231875,0.4041692763080169,False
0.065,0.525,0.30200625000000003,0.403058476757886,False
0.065,0.5325,0.30278062499999997,0.4019944999279515,False
0.065,0.54,0.303555,0.400986143477731,False
0.065,0.5475,0.304329375,0.4000438939275932,False
0.065,0.5549999999999999,0.30510375,0.3991800612433924,False
0.065,0.5625,0.305878125,0.3984087499123529,False
0.065,0.57,0.30665249999999994,0.3977455367565287,False
0.065,0.5775,0.307426875,0.39720670946157094,False
0.065,0.585,0.30820125000000004,0.39680796857540906,False
0.065,0.5925,0.308975625,0.39656265361398224,False
0.065,0.6,0.30974999999999997,0.396479810957899,False
0.07,0.0,0.24839999999999998,0.35000537266248244,False
0.07,0.0075,0.24917625,0.3500823329399578,False
0.07,0.015,0.2499525,0.3503106298254972,False
0.07,0.0225,0.25072875,0.35068292678039753,False
0.07,0.03,0.251505,0.3511882341721574,False
0.07,0.0375,0.25228125,0.3518133397801708,False
0.07,0.045,0.25305749999999994,0.35254419571296897,False
0.07,0.0525,0.25383374999999997,0.3533670128871347,False
0.07,0.06,0.25460999999999995,0.354268978335648,False
0.07,0.0675,0.25538625,0.35523863041931014,False
0.07,0.075,0.25616249999999996,0.3562659805102967,False
0.07,0.08249999999999999,0.25693875,0.35734247421782994,False
0.07,0.09,0.25771499999999997,0.35846086646200626,False
0.07,0.0975,0.25849125,0.35961506091676043,False
0.07,0.105,0.2592675,0.3607999441631654,False
0.07,0.11249999999999999,0.26004375,0.36201123060766904,False
0.07,0.12,0.26081999999999994,0.3632453252116808,False
0.07,0.1275,0.26159625,0.36370637382465215,False
0.07,0.135,0.26237249999999995,0.36333407686975183,False
0.07,0.1425,0.26314875,0.3631057799842124,False
0.07,0.15,0.26392499999999997,0.36302881970673706,False
0.07,0.1575,0.26470125,0.3631057799842124,False
0.07,0.16499999999999998,0.2654775,0.36333407686975183,False
0.07,0.1725,0.26625375,0.36370637382465215,False
0.07,0.18,0.26703,0.364211681216412,False
0.07,0.1875,0.26780625,0.36483678682442544,False
0.07,0.195,0.26858249999999995,0.3655676427572236,False
0.07,0.20249999999999999,0.26935875,0.3663904599313893,False
0.07,0.21,0.27013499999999996,0.36729242537990264,False
0.07,0.2175,0.27091125,0.36826207746356476,False
0.07,0.22499999999999998,0.27168749999999997,0.3692894275545513,False
0.07,0.23249999999999998,0.27246375,0.37036592126208456,False
0.07,0.24,0.27324,0.3714843135062609,False
0.07,0.2475,0.27401625,0.37263850796101505,False
0.07,0.255,0.2747925,0.37382339120742003,False
0.07,0.2625,0.27556875000000003,0.37503467765192366,False
0.07,0.27,0.27634499999999995,0.3762687722559354,False
0.07,0.27749999999999997,0.27712125,0.37752265295352266,False
0.07,0.285,0.27789749999999996,0.37879377194935376,False
0.07,0.2925,0.27867374999999994,0.3800799738864745,False
0.07,0.3,0.27945,0.38137942849349477,False
0.07,0.3075,0.28022625,0.38269057536152595,False
0.07,0.315,0.2810025,0.38401207873214166,False
0.07,0.3225,0.28177874999999997,0.3853427904736389,False
0.07,0.32999999999999996,0.282555,0.38668171972065346,False
0.07,0.33749999999999997,0.28333125,0.3880280079229522,False
0.07,0.345,0.28410749999999996,0.389380908282702,False
0.07,0.3525,0.28488374999999994,0.3907397687546737,False
0.07,0.36,0.28565999999999997,0.39210401794389294,False
0.07,0.3675,0.28643624999999995,0.39347315336497213,False
0.07,0.375,0.2872125,0.3948467316317455,False
0.07,0.3825,0.28798874999999996,0.3962243602294835,False
0.07,0.39,0.288765,0.3972167464296279,False
0.07,0.39749999999999996,0.28954125,0.3980592919901382,False
0.07,0.40499999999999997,0.2903175,0.39894441179802953,False
0.07,0.4125,0.29109375,0.39986868282934845,False
0.07,0.42,0.29187,0.4006779382659431,False
0.07,0.4275,0.29264624999999994,0.3997316064087314,False
0.07,0.435,0.2934225,0.3989711111200938,False
0.07,0.4425,0.29419874999999995,0.39846826209371927,False
0.07,0.44999999999999996,0.294975,0.398290903455309,False
0.07,0.45749999999999996,0.29575124999999997,0.39846826209371927,False
0.07,0.46499999999999997,0.2965275,0.3989711111200938,False
0.07,0.4725,0.29730375,0.3997316064087314,False
0.07,0.48,0.29808,0.4006779382659431,False
0.07,0.4875,0.29885625,0.40175309164161943,False
0.07,0.495,0.2996325,0.40291714838417314,False
0.07,0.5025,0.30040874999999995,0.4041434101908457,False
0.07,0.51,0.301185,0.4054141305985682,False
0.07,0.5175,0.30196124999999996,0.4047773811488614,False
0.07,0.525,0.3027375,0.40370088744132815,False
0.07,0.5325,0.30351374999999997,0.4026735373503416,False
0.07,0.54,0.30429,0.4017038852666795,False
0.07,0.5475,0.30506625,0.40080191981816615,False
0.07,0.5549999999999999,0.30584249999999996,0.39997910264400044,False
0.07,0.5625,0.30661875,0.3992482467112023,False
0.07,0.57,0.30739500000000003,0.39862314110318886,False
0.07,0.5775,0.30817124999999995,0.398117833711429,False
0.07,0.585,0.30894749999999993,0.3977455367565287,False
0.07,0.5925,0.30972374999999996,0.39751723987098925,False
0.07,0.6,0.3105,0.3974402795935139,False
0.075,0.0,0.249,0.3509658412980974,False
0.075,0.0075,0.249778125,0.35103769725275,False
0.075,0.015,0.25055625,0.35125115670945656,False
0.075,0.0225,0.251334375,0.35160019218589594,False
0.075,0.03,0.2521125,0.35207565744848346,False
0.075,0.0375,0.252890625,0.3526663604600594,False
0.075,0.045,0.25366875,0.3533601509962085,False
0.075,0.0525,0.25444687499999996,0.3541448324905757,False
0.075,0.06,0.255225,0.3550088117638735,False
0.075,0.0675,0.256003125,0.35594148766272704,False
0.075,0.075,0.25678125,0.35693342832468267,False
0.075,0.08249999999999999,0.257559375,0.3579764009139155,False
0.075,0.09,0.2583375,0.35906331131396346,False
0.075,0.0975,0.25911562499999996,0.3601880970895028,False
0.075,0.105,0.25989375000000003,0.36134560260093024,False
0.075,0.11249999999999999,0.260671875,0.3625314536202577,False
0.075,0.12,0.26145,0.3637419407228436,False
0.075,0.1275,0.262228125,0.36462363923015056,False
0.075,0.135,0.26300625,0.3642746037537112,False
0.075,0.1425,0.26378437499999996,0.36406114429700465,False
0.075,0.15,0.26456250000000003,0.363989288342352,False
0.075,0.1575,0.265340625,0.36406114429700465,False
0.075,0.16499999999999998,0.26611875,0.3642746037537112,False
0.075,0.1725,0.266896875,0.36462363923015056,False
0.075,0.18,0.267675,0.3650991044927381,False
0.075,0.1875,0.268453125,0.365689807504314,False
0.075,0.195,0.26923125000000003,0.3663835980404631,False
0.075,0.20249999999999999,0.270009375,0.36716827953483033,False
0.075,0.21,0.2707875,0.3680322588081281,False
0.075,0.2175,0.271565625,0.36896493470698166,False
0.075,0.22499999999999998,0.27234375,0.3699568753689373,False
0.075,0.23249999999999998,0.273121875,0.37099984795817015,False
0.075,0.24,0.27390000000000003,0.3720867583582181,False
0.075,0.2475,0.274678125,0.3732115441337574,False
0.075,0.255,0.27545625,0.37436904964518486,False
0.075,0.2625,0.276234375,0.3755549006645123,False
0.075,0.27,0.27701250000000005,0.3767653877670982,False
0.075,0.27749999999999997,0.277790625,0.3779973626263442,False
0.075,0.285,0.27856875,0.37924814831105724,False
0.075,0.2925,0.279346875,0.3805154630553444,False
0.075,0.3,0.280125,0.38179735620049987,False
0.075,0.3075,0.280903125,0.38309215473455555,False
0.075,0.315,0.28168125,0.38439841884912057,False
0.075,0.3225,0.282459375,0.38571490505774564,False
0.075,0.32999999999999996,0.2832375,0.38704053559711027,False
0.075,0.33749999999999997,0.284015625,0.3883743730196531,False
0.075,0.345,0.28479374999999996,0.38971559906283404,False
0.075,0.3525,0.285571875,0.3910634970369949,False
0.075,0.36,0.28635,0.39241743710821225,False
0.075,0.3675,0.287128125,0.39377686396531897,False
0.075,0.375,0.28790625,0.3948462933865447,False
0.075,0.3825,0.288684375,0.395614065242976,False
0.075,0.39,0.2894625,0.39643210790555133,False
0.075,0.39749999999999996,0.29024062500000003,0.3972963703584067,False
0.075,0.40499999999999997,0.29101875,0.3982030313412486,False
0.075,0.4125,0.291796875,0.3991485211640757,False
0.075,0.42,0.292575,0.40002959149164946,False
0.075,0.4275,0.293353125,0.39898898360790397,False
0.075,0.435,0.29413124999999996,0.3981285380523978,False
0.075,0.4425,0.29490937500000003,0.39754188511562694,False
0.075,0.44999999999999996,0.2956875,0.3973304348196941,False
0.075,0.45749999999999996,0.296465625,0.39754188511562694,False
0.075,0.46499999999999997,0.29724375,0.3981285380523978,False
0.075,0.4725,0.298021875,0.39898898360790397,False
0.075,0.48,0.2988,0.40002959149164946,False
0.075,0.4875,0.29957812500000003,0.40118563892708087,False
0.075,0.495,0.30035625,0.40241672147592916,False
0.075,0.5025,0.301134375,0.4036980569504286,False
0.075,0.51,0.3019125,0.4050141839046135,False
0.075,0.5175,0.302690625,0.40541130784494706,False
0.075,0.525,0.30346875,0.40436833525571414,False
0.075,0.5325,0.304246875,0.4033763945937585,False
0.075,0.54,0.305025,0.4024437186949049,False
0.075,0.5475,0.305803125,0.4015797394216072,False
0.075,0.5549999999999999,0.30658124999999997,0.40079505792723996,False
0.075,0.5625,0.30735937500000005,0.40010126739109086,False
0.075,0.57,0.3081375,0.39951056437951493,False
0.075,0.5775,0.308915625,0.39903509911692736,False
0.075,0.585,0.30969375,0.39868606364048803,False
0.075,0.5925,0.310471875,0.3984726041837815,False
0.075,0.6,0.31124999999999997,0.39840074822912885,False
0.08,0.0,0.2496,0.3519263099337123,False
0.08,0.0075,0.25037999999999994,0.3519936951453571,False
0.08,0.015,0.25116,0.35219410837122955,False
0.08,0.0225,0.25193999999999994,0.3525225401817588,False
0.08,0.03,0.25272,0.3529713070037814,False
0.08,0.0375,0.25349999999999995,0.35353086600017614,False
0.08,0.045,0.25428,0.3541906721308342,False
0.08,0.0525,0.25505999999999995,0.3549399331932096,False
0.08,0.06,0.25584,0.35576818447617203,False
0.08,0.0675,0.25661999999999996,0.35666566693816665,False
0.08,0.075,0.2574,0.3576235334567893,False
0.08,0.08249999999999999,0.25817999999999997,0.3586339250138661,False
0.08,0.09,0.25896,0.35968995959531497,False
0.08,0.0975,0.25973999999999997,0.360785669277798,False
0.08,0.105,0.26052,0.3619159113614221,False
0.08,0.11249999999999999,0.2613,0.36307627063534154,False
0.08,0.12,0.26208,0.36426296307734995,False
0.08,0.1275,0.26286,0.36547274655317535,False
0.08,0.135,0.26364,0.3652175554154842,False
0.08,0.1425,0.26442,0.36501714218961173,False
0.08,0.15,0.2652,0.36494975697796694,False
0.08,0.1575,0.26598,0.36501714218961173,False
0.08,0.16499999999999998,0.26676,0.3652175554154842,False
0.08,0.1725,0.26754,0.36554598722601345,False
0.08,0.18,0.26832,0.365994754048036,False
0.08,0.1875,0.26909999999999995,0.36655431304443076,False
0.08,0.195,0.26988,0.36721411917508884,False
0.08,0.20249999999999999,0.27065999999999996,0.3679633802374642,False
0.08,0.21,0.27144,0.36879163152042665,False
0.08,0.2175,0.27221999999999996,0.36968911398242127,False
0.08,0.22499999999999998,0.273,0.37064698050104394,False
0.08,0.23249999999999998,0.27377999999999997,0.3716573720581207,False
0.08,0.24,0.27456,0.3727134066395696,False
0.08,0.2475,0.27534,0.3738091163220526,False
0.08,0.255,0.27612000000000003,0.3749393584056767,False
0.08,0.2625,0.2769,0.37609971767959616,False
0.08,0.27,0.27768000000000004,0.3772864101216046,False
0.08,0.27749999999999997,0.27846,0.3784961935974299,False
0.08,0.285,0.27924,0.37972628806766806,False
0.08,0.2925,0.28002,0.38097430596978993,False
0.08,0.3,0.28079999999999994,0.3822381924190356,False
0.08,0.3075,0.28158,0.3835161743646919,False
0.08,0.315,0.28236,0.384806717640025,False
0.08,0.3225,0.28314,0.38610849082020404,False
0.08,0.32999999999999996,0.28391999999999995,0.3874203348691542,False
0.08,0.33749999999999997,0.2847,0.3887412376635579,False
0.08,0.345,0.28547999999999996,0.390070312601809,False
0.08,0.3525,0.28626,0.39140678062248957,False
0.08,0.36,0.28703999999999996,0.3926161392465505,False
0.08,0.3675,0.28782,0.39329185188309407,False
0.08,0.375,0.2886,0.39402719029162314,False
0.08,0.3825,0.28937999999999997,0.3948174527073148,False
0.08,0.39,0.29016,0.3956581204011008,False
0.08,0.39749999999999996,0.29094,0.3965449135931522,False
0.08,0.40499999999999997,0.29172,0.39747382626808797,False
0.08,0.4125,0.2925,0.3984411438720268,False
0.08,0.42,0.29328,0.39944344782994773,False
0.08,0.4275,0.29406,0.39831087859947983,False
0.08,0.435,0.29484,0.3973304348196941,False
0.08,0.4425,0.29562,0.3966312154515964,False
0.08,0.44999999999999996,0.2964,0.39636996618407916,False
0.08,0.45749999999999996,0.29718,0.3966312154515964,False
0.08,0.46499999999999997,0.29795999999999995,0.3973304348196941,False
0.08,0.4725,0.29874,0.39831087859947983,False
0.08,0.48,0.29951999999999995,0.3994541294699886,False
0.08,0.4875,0.3003,0.40069207504434634,False
0.08,0.495,0.30107999999999996,0.401987610656876,False
0.08,0.5025,0.30186,0.4033200157054739,False
0.08,0.51,0.30263999999999996,0.4046771656804094,False
0.08,0.5175,0.30342,0.40605161281770374,False
0.08,0.525,0.30419999999999997,0.4050584403878208,False
0.08,0.5325,0.30498000000000003,0.4041005738691981,False
0.08,0.54,0.30576,0.4032030914072035,False
0.08,0.5475,0.30654000000000003,0.4023748401242411,False
0.08,0.5549999999999999,0.30732,0.4016255790618657,False
0.08,0.5625,0.3081,0.4009657729312076,False
0.08,0.57,0.30888,0.40040621393481285,False
0.08,0.5775,0.30966,0.3999574471127903,False
0.08,0.585,0.31044,0.399629015302261,False
0.08,0.5925,0.31122,0.3994286020763886,False
0.08,0.6,0.312,0.3993612168647438,False
0.085,0.0,0.2502,0.35246366471497287,False
0.085,0.0075,0.25098187499999997,0.3528037685473653,False
0.085,0.015,0.25176374999999995,0.3531390711104579,False
0.085,0.0225,0.25254562499999994,0.3534491381372743,False
0.085,0.03,0.2533275,0.35387390633479626,False
0.085,0.0375,0.25410937499999997,0.3544051874463475,False
0.085,0.045,0.25489124999999996,0.35503379484911607,False
0.085,0.0525,0.25567312499999995,0.3557501672397121,False
0.085,0.06,0.256455,0.3565448694041386,False
0.085,0.0675,0.257236875,0.3574089466555235,False
0.085,0.075,0.25801874999999996,0.3583341418417391,False
0.085,0.08249999999999999,0.25880062499999995,0.3593130009386167,False
0.085,0.09,0.2595825,0.36033889797061375,False
0.085,0.0975,0.260364375,0.3614060072796656,False
0.085,0.105,0.26114624999999997,0.3625092452862638,False
0.085,0.11249999999999999,0.26192812499999996,0.36364419758353644,False
0.085,0.12,0.26271,0.3648070417969216,False
0.085,0.1275,0.263491875,0.36599447253444223,False
0.085,0.135,0.26427375,0.3661625181547125,False
0.085,0.1425,0.26505562499999996,0.36597366280534566,False
0.085,0.15,0.2658375,0.3659102256135819,False
0.085,0.1575,0.266619375,0.36597366280534566,False
0.085,0.16499999999999998,0.26740125,0.3661625181547125,False
0.085,0.1725,0.26818312499999997,0.3664725851815289,False
0.085,0.18,0.268965,0.3668973533790509,False
0.085,0.1875,0.26974687499999994,0.36742863449060215,False
0.085,0.195,0.27052875,0.3680572418933707,False
0.085,0.20249999999999999,0.27131062499999997,0.3687736142839667,False
0.085,0.21,0.2720925,0.3695683164483932,False
0.085,0.2175,0.27287437499999995,0.3704323936997781,False
0.085,0.22499999999999998,0.27365625,0.37135758888599374,False
0.085,0.23249999999999998,0.274438125,0.3723364479828713,False
0.085,0.24,0.27522,0.37336234501486837,False
0.085,0.2475,0.27600187499999995,0.3744294543239202,False
0.085,0.255,0.27678375,0.37553269233051845,False
0.085,0.2625,0.277565625,0.37666764462779107,False
0.085,0.27,0.2783475,0.3778304888411762,False
0.085,0.27749999999999997,0.27912937499999996,0.37901791957869685,False
0.085,0.285,0.27991124999999994,0.38022707892507446,False
0.085,0.2925,0.280693125,0.3814554940533931,False
0.085,0.3,0.28147500000000003,0.3827010223720053,False
0.085,0.3075,0.28225687499999996,0.3839618039621874,False
0.085,0.315,0.28303874999999995,0.3852362207198147,False
0.085,0.3225,0.283820625,0.3865228614696982,False
0.085,0.32999999999999996,0.2846024999999999,0.38782049229243015,False
0.085,0.33749999999999997,0.28538437499999997,0.3891280313381976,False
0.085,0.345,0.28616624999999996,0.39044452746761393,False
0.085,0.3525,0.286948125,0.3911279680405944,False
0.085,0.36,0.28772999999999993,0.39176077259236786,False
0.085,0.3675,0.288511875,0.39245905938067166,False
0.085,0.375,0.28929374999999996,0.3932176276443978,False
0.085,0.3825,0.290075625,0.3940314320220007,False
0.085,0.39,0.2908575,0.39489566556485334,False
0.085,0.39749999999999996,0.291639375,0.3958058141283662,False
0.085,0.40499999999999997,0.29242124999999997,0.39675768699053676,False
0.085,0.4125,0.293203125,0.39774742886759973,False
0.085,0.42,0.29398499999999994,0.3987715181684237,False
0.085,0.4275,0.294766875,0.39772262001289627,False
0.085,0.435,0.29554874999999997,0.39660301495378125,False
0.085,0.4425,0.296330625,0.39574960138085663,False
0.085,0.44999999999999996,0.29711249999999995,0.3954094975484642,False
0.085,0.45749999999999996,0.297894375,0.39574960138085663,False
0.085,0.46499999999999997,0.29867625,0.3966030149537813,False
0.085,0.4725,0.299458125,0.39772262001289627,False
0.085,0.48,0.30023999999999995,0.3989711111200938,False
0.085,0.4875,0.301021875,0.40028651448392444,False
0.085,0.495,0.30180375,0.4016398971707119,False
0.085,0.5025,0.30258562499999997,0.4030165674603454,False
0.085,0.51,0.30336749999999996,0.40440843254581915,False
0.085,0.5175,0.304149375,0.40581071657045037,False
0.085,0.525,0.30493125,0.4057690487727706,False
0.085,0.5325,0.305713125,0.40484385358655495,False
0.085,0.54,0.30649499999999996,0.40397977633517007,False
0.085,0.5475,0.307276875,0.40318507417074356,False
0.085,0.5549999999999999,0.30805875,0.40246870178014754,False
0.085,0.5625,0.308840625,0.40184009437737894,False
0.085,0.57,0.30962249999999997,0.40130881326582774,False
0.085,0.5775,0.310404375,0.40088404506830577,False
0.085,0.585,0.31118625,0.40057397804148936,False
0.085,0.5925,0.311968125,0.4003851226921225,False
0.085,0.6,0.31275,0.40032168550035874,False
0.09,0.0,0.25079999999999997,0.351503196079358,False
0.09,0.0075,0.25158374999999994,0.3519834303971654,False
0.09,0.015,0.25236749999999997,0.35304527772231264,False
0.09,0.0225,0.25315124999999994,0.35431201831575637,False
0.09,0.03,0.25393499999999997,0.3547824228220584,False
0.09,0.0375,0.25471874999999994,0.35528795015836456,False
0.09,0.045,0.25550249999999997,0.3558878701992966,False
0.09,0.0525,0.25628624999999994,0.35657369684972895,False
0.09,0.06,0.25706999999999997,0.3573369252489808,False
0.09,0.0675,0.25785374999999994,0.35816935606520933,False
0.09,0.075,0.25863749999999996,0.35906331131396346,False
0.09,0.08249999999999999,0.25942124999999994,0.3600117566749076,False
0.09,0.09,0.26020499999999996,0.3610083516368445,False
0.09,0.0975,0.26098874999999994,0.3620474489381125,False
0.09,0.105,0.26177249999999996,0.36312406162153527,False
0.09,0.11249999999999999,0.26255624999999994,0.3642338117638735,False
0.09,0.12,0.26333999999999996,0.3653728708323213,False
0.09,0.1275,0.26412374999999993,0.3665378982242712,False
0.09,0.135,0.26490749999999996,0.3671091666928635,False
0.09,0.1425,0.26569124999999993,0.3669306196817092,False
0.09,0.15,0.26647499999999996,0.36687069424919677,False
0.09,0.1575,0.26725874999999993,0.3669306196817092,False
0.09,0.16499999999999998,0.26804249999999996,0.3671091666928635,False
0.09,0.1725,0.26882624999999993,0.36740277016442763,False
0.09,0.18,0.26960999999999996,0.36780586986631303,False
0.09,0.1875,0.27039374999999993,0.3683113972026192,False
0.09,0.195,0.27117749999999996,0.3689113172435512,False
0.09,0.20249999999999999,0.27196124999999993,0.36959714389398357,False
0.09,0.21,0.27274499999999996,0.37036037229323543,False
0.09,0.2175,0.27352874999999993,0.37119280310946395,False
0.09,0.22499999999999998,0.2743125,0.3720867583582181,False
0.09,0.23249999999999998,0.27509625,0.3730352037191622,False
0.09,0.24,0.27588,0.37403179868109915,False
0.09,0.2475,0.27666375,0.37507089598236715,False
0.09,0.255,0.2774475,0.3761475086657899,False
0.09,0.2625,0.27823125,0.3772572588081281,False
0.09,0.27,0.279015,0.3783963178765759,False
0.09,0.27749999999999997,0.27979875,0.3795613452685258,False
0.09,0.285,0.2805825,0.3807494290357891,False
0.09,0.2925,0.28136625,0.38195803099969133,False
0.09,0.3,0.28214999999999996,0.3831849372727981,False
0.09,0.3075,0.28293375,0.38442821445580694,False
0.09,0.315,0.2837175,0.3856861713384897,False
0.09,0.3225,0.28450125,0.38695732569770036,False
0.09,0.32999999999999996,0.28528499999999996,0.38824037567897424,False
0.09,0.33749999999999997,0.28606875,0.38916850141521725,False
0.09,0.345,0.28685249999999995,0.38967414017614366,False
0.09,0.3525,0.28763625,0.39025763912418243,False
0.09,0.36,0.28841999999999995,0.39091333635289405,False
0.09,0.3675,0.28920375,0.3916355039086711,False
0.09,0.375,0.2899875,0.39241851147336965,False
0.09,0.3825,0.29077125,0.3932569488120635,False
0.09,0.39,0.29155499999999995,0.3941457096345413,False
0.09,0.39749999999999996,0.29233875,0.3950800423674958,False
0.09,0.40499999999999997,0.29312249999999995,0.3960555744738787,False
0.09,0.4125,0.29390625,0.39706831690661215,False
0.09,0.42,0.29468999999999995,0.39811465454736517,False
0.09,0.4275,0.29547375,0.3972578511492477,False
0.09,0.435,0.29625749999999995,0.395991110555804,False
0.09,0.4425,0.29704125,0.39492926323065675,False
0.09,0.44999999999999996,0.29782499999999995,0.39444902891284933,False
0.09,0.45749999999999996,0.29860875,0.39492926323065675,False
0.09,0.46499999999999997,0.29939249999999995,0.395991110555804,False
0.09,0.4725,0.30017625,0.3972578511492477,False
0.09,0.48,0.30095999999999995,0.3986026286610144,False
0.09,0.4875,0.30174375,0.39998333308640177,False
0.09,0.495,0.30252749999999995,0.40138317492750675,False
0.09,0.5025,0.30331125,0.40279432878090277,False
0.09,0.51,0.30409499999999995,0.40421269689810974,False
0.09,0.5175,0.30487875,0.4056359375744949,False
0.09,0.525,0.30566249999999995,0.40649821824499494,False
0.09,0.5325,0.30644625,0.4056042629962408,False
0.09,0.54,0.30722999999999995,0.4047718321800123,False
0.09,0.5475,0.30801375,0.4040086037807604,False
0.09,0.5549999999999999,0.30879749999999995,0.40332277713032805,False
0.09,0.5625,0.30958125,0.40272285708939604,False
0.09,0.57,0.31036499999999995,0.4022173297530899,False
0.09,0.5775,0.31114875,0.4018142300512045,False
0.09,0.585,0.31193249999999995,0.4015206265796403,False
0.09,0.5925,0.31271625,0.40134207956848605,False
0.09,0.6,0.31349999999999995,0.4012821541359736,False
0.095,0.0,0.2514,0.35054272744374304,False
0.095,0.0075,0.25218562499999997,0.35131376826522037,False
0.095,0.015,0.25297125000000004,0.3526195273178256,False
0.095,0.0225,0.253756875,0.3540098004510717,False
0.095,0.03,0.2545425,0.35542456143637324,False
0.095,0.0375,0.25532812499999996,0.35617801472933563,False
0.095,0.045,0.25611375000000003,0.3567515084634231,False
0.095,0.0525,0.256899375,0.3574089466555235,False
0.095,0.06,0.257685,0.3581426598915823,False
0.095,0.0675,0.258470625,0.35894514967341107,False
0.095,0.075,0.25925625,0.35980929562980624,False
0.095,0.08249999999999999,0.260041875,0.3607284854273717,False
0.095,0.09,0.26082750000000005,0.361696681602028,False
0.095,0.0975,0.261613125,0.36270844130235835,False
0.095,0.105,0.26239875,0.3637589036754829,False
0.095,0.11249999999999999,0.26318437499999997,0.36484375696445676,False
0.095,0.12,0.26397000000000004,0.3659591944144445,False
0.095,0.1275,0.264755625,0.3671018653931359,False
0.095,0.135,0.26554125,0.3680572418933707,False
0.095,0.1425,0.266326875,0.367887944400315,False
0.095,0.15,0.26711250000000003,0.3678311628848117,False
0.095,0.1575,0.267898125,0.367887944400315,False
0.095,0.16499999999999998,0.26868375000000005,0.3680572418933707,False
0.095,0.1725,0.269469375,0.3683360084332031,False
0.095,0.18,0.270255,0.36871946079796974,False
0.095,0.1875,0.271040625,0.36920146177359026,False
0.095,0.195,0.27182625000000005,0.3697749555076777,False
0.095,0.20249999999999999,0.272611875,0.3704323936997781,False
0.095,0.21,0.2733975,0.3711661069358369,False
0.095,0.2175,0.274183125,0.3719685967176657,False
0.095,0.22499999999999998,0.27496875000000004,0.37283274267406086,False
0.095,0.23249999999999998,0.275754375,0.3737519324716263,False
0.095,0.24,0.27654,0.3747201286462826,False
0.095,0.2475,0.277325625,0.375731888346613,False
0.095,0.255,0.27811125000000003,0.37678235071973754,False
0.095,0.2625,0.278896875,0.3778672040087114,False
0.095,0.27,0.27968250000000006,0.37898264145869914,False
0.095,0.27749999999999997,0.280468125,0.3801253124373905,False
0.095,0.285,0.28125375,0.38129227299923185,False
0.095,0.2925,0.28203937500000004,0.3824809384928814,False
0.095,0.3,0.282825,0.38368903965886214,False
0.095,0.3075,0.283610625,0.38491458288962604,False
0.095,0.315,0.28439625,0.38615581482883793,False
0.095,0.3225,0.28518187500000003,0.38741119118798784,False
0.095,0.32999999999999996,0.2859675,0.387821012970105,False
0.095,0.33749999999999997,0.286753125,0.38826165048269506,False
0.095,0.345,0.28753875,0.3887881949450789,False
0.095,0.3525,0.288324375,0.3893946295073133,False
0.095,0.36,0.28911,0.3900746984311056,False
0.095,0.3675,0.289895625,0.3908221372562963,False
0.095,0.375,0.29068125000000006,0.3916308521697098,False
0.095,0.3825,0.291466875,0.39249504815577546,False
0.095,0.39,0.29225249999999997,0.3934093111903148,False
0.095,0.39749999999999996,0.29303812500000004,0.3943686526102724,False
0.095,0.40499999999999997,0.29382375,0.39536852451778587,False
0.095,0.4125,0.294609375,0.3964048144522878,False
0.095,0.42,0.295395,0.39747382626808797,False
0.095,0.4275,0.29618062500000003,0.39695563328456307,False
0.095,0.435,0.29696625,0.39556536015131694,False
0.095,0.4425,0.297751875,0.3942596010987117,False
0.095,0.44999999999999996,0.2985375,0.3934885602772344,False
0.095,0.45749999999999996,0.299323125,0.3942596010987117,False
0.095,0.46499999999999997,0.30010875,0.39556536015131694,False
0.095,0.4725,0.30089437500000005,0.39695563328456307,False
0.095,0.48,0.30168,0.3983703942698646,False
0.095,0.4875,0.302465625,0.3997953555696738,False
0.095,0.495,0.30325125,0.401225505050214,False
0.095,0.5025,0.30403687500000004,0.40265864567385284,False
0.095,0.51,0.3048225,0.4040936655573402,False
0.095,0.5175,0.305608125,0.40552994247140517,False
0.095,0.525,0.30639375,0.4069671013029501,False
0.095,0.5325,0.30717937500000003,0.40638005660444254,False
0.095,0.54,0.307965,0.40557756682261376,False
0.095,0.5475,0.30875062500000006,0.40484385358655495,False
0.095,0.5549999999999999,0.30953625,0.40418641539445455,False
0.095,0.5625,0.310321875,0.4036129216603671,False
0.095,0.57,0.3111075,0.4031309206847466,False
0.095,0.5775,0.31189312500000005,0.40274746831997993,False
0.095,0.585,0.31267875,0.40246870178014754,False
0.095,0.5925,0.313464375,0.4022994042870919,False
0.095,0.6,0.31425000000000003,0.40224262277158856,False
0.1,0.0,0.252,0.3495822588081281,False
0.1,0.0075,0.2527875,0.3510229617615505,False
0.1,0.015,0.253575,0.35246366471497287,False
0.1,0.0225,0.2543625,0.3539043676683953,False
0.1,0.03,0.25515,0.35534507062181764,False
0.1,0.0375,0.2559375,0.35678577357524005,False
0.1,0.045,0.256725,0.3576235334567893,False
0.1,0.0525,0.2575125,0.3582545630760544,False
0.1,0.06,0.25830000000000003,0.3589605974069868,False
0.1,0.0675,0.25908749999999997,0.3597347826173243,False
0.1,0.075,0.259875,0.3605705276542467,False
0.1,0.08249999999999999,0.26066249999999996,0.3614616353989555,False
0.1,0.09,0.26145,0.3624023796290116,False
0.1,0.0975,0.26223749999999996,0.36338753937067586,False
0.1,0.105,0.263025,0.36441240219670634,False
0.1,0.11249999999999999,0.2638125,0.36547274655317535,False
0.1,0.12,0.2646,0.3665648111639934,False
0.1,0.1275,0.2653875,0.3676852575134286,False
0.1,0.135,0.266175,0.3688311296229923,False
0.1,0.1425,0.2669625,0.3688455821195404,False
0.1,0.15,0.26775,0.36879163152042665,False
0.1,0.1575,0.2685375,0.3688455821195404,False
0.1,0.16499999999999998,0.26932500000000004,0.36900653485641366,False
0.1,0.1725,0.2701125,0.3692718658382341,False
0.1,0.18,0.27090000000000003,0.369637432704158,False
0.1,0.1875,0.27168749999999997,0.370097877858013,False
0.1,0.195,0.272475,0.37064698050104394,False
0.1,0.20249999999999999,0.2732625,0.37127801012030903,False
0.1,0.21,0.27405,0.37198404445124145,False
0.1,0.2175,0.2748375,0.3727582296615789,False
0.1,0.22499999999999998,0.275625,0.3735939746985013,False
0.1,0.23249999999999998,0.2764125,0.3744850824432101,False
0.1,0.24,0.2772,0.37542582667326624,False
0.1,0.2475,0.2779875,0.3764109864149305,False
0.1,0.255,0.27877500000000005,0.37743584924096096,False
0.1,0.2625,0.2795625,0.37849619359743,False
0.1,0.27,0.28035000000000004,0.37958825820824804,False
0.1,0.27749999999999997,0.2811375,0.38070870455768324,False
0.1,0.285,0.281925,0.3818545766672469,False
0.1,0.2925,0.2827125,0.3830232609611737,False
0.1,0.3,0.28350000000000003,0.38421244794997367,False
0.1,0.3075,0.2842875,0.38542009670329136,False
0.1,0.315,0.28507499999999997,0.3862683373809386,False
0.1,0.3225,0.2858625,0.38653366836275904,False
0.1,0.32999999999999996,0.28664999999999996,0.3868992352286829,False
0.1,0.33749999999999997,0.2874375,0.38735968038253793,False
0.1,0.345,0.28822499999999995,0.38790878302556886,False
0.1,0.3525,0.2890125,0.38853981264483395,False
0.1,0.36,0.2898,0.38924584697576636,False
0.1,0.3675,0.2905875,0.3900200321861038,False
0.1,0.375,0.291375,0.3908557772230262,False
0.1,0.3825,0.2921625,0.391746884967735,False
0.1,0.39,0.29295000000000004,0.39268762919779115,False
0.1,0.39749999999999996,0.2937375,0.3936727889394554,False
0.1,0.40499999999999997,0.294525,0.3946976517654859,False
0.1,0.4125,0.29531250000000003,0.3957579961219549,False
0.1,0.42,0.2961,0.39685006073277296,False
0.1,0.4275,0.2968875,0.39685020050188663,False
0.1,0.435,0.29767499999999997,0.3954094975484642,False
0.1,0.4425,0.2984625,0.3939687945950418,False
0.1,0.44999999999999996,0.29924999999999996,0.39252809164161945,False
0.1,0.45749999999999996,0.3000375,0.39396879459504186,False
0.1,0.46499999999999997,0.300825,0.3954094975484642,False
0.1,0.4725,0.3016125,0.39685020050188663,False
0.1,0.48,0.3024,0.39829090345530904,False
0.1,0.4875,0.3031875,0.3997316064087314,False
0.1,0.495,0.303975,0.4011723093621538,False
0.1,0.5025,0.3047625,0.40261301231557617,False
0.1,0.51,0.30555,0.4040537152689986,False
0.1,0.5175,0.30633750000000004,0.40549441822242094,False
0.1,0.525,0.307125,0.40693512117584335,False
0.1,0.5325,0.30791250000000003,0.40716968954835575,False
0.1,0.54,0.3087,0.4063955043380183,False
0.1,0.5475,0.3094875,0.4056894700070859,False
0.1,0.5549999999999999,0.310275,0.4050584403878208,False
0.1,0.5625,0.3110625,0.40450933774478987,False
0.1,0.57,0.31185,0.40404889259093485,False
0.1,0.5775,0.3126375,0.403683325725011,False
0.1,0.585,0.313425,0.4034179947431905,False
0.1,0.5925,0.3142125,0.40325704200631723,False
0.1,0.6,0.315,0.4032030914072035,False
0.105,0.0,0.2526,0.35054272744374304,False
0.105,0.0075,0.253389375,0.35131376826522037,False
0.105,0.015,0.25417875,0.3526195273178256,False
0.105,0.0225,0.254968125,0.3540098004510717,False
0.105,0.03,0.25575749999999997,0.35542456143637324,False
0.105,0.0375,0.25654687499999995,0.3568495227361825,False
0.105,0.045,0.25733625,0.35827967221672263,False
0.105,0.0525,0.25812562499999997,0.35910937993853376,False
0.105,0.06,0.258915,0.359789448862326,False
0.105,0.0675,0.259704375,0.36053688768751674,False
0.105,0.075,0.26049375,0.36134560260093024,False
0.105,0.08249999999999999,0.26128312499999995,0.36220979858699587,False
0.105,0.09,0.2620725,0.36312406162153527,False
0.105,0.0975,0.26286187499999997,0.36408340304149284,False
0.105,0.105,0.26365125,0.36508327494900633,False
0.105,0.11249999999999999,0.264440625,0.3661195648835083,False
0.105,0.12,0.26523,0.36718857669930843,False
0.105,0.1275,0.266019375,0.3682870030927217,False
0.105,0.135,0.26680875,0.36941189381107264,False
0.105,0.1425,0.26759812499999996,0.3698034883701503,False
0.105,0.15,0.2683875,0.36975210015604154,False
0.105,0.1575,0.269176875,0.3698034883701503,False
0.105,0.16499999999999998,0.26996625,0.3699568753689373,False
0.105,0.1725,0.270755625,0.37020998590056364,False
0.105,0.18,0.271545,0.3705592104455801,False
0.105,0.1875,0.27233437499999996,0.37099984795817015,False
0.105,0.195,0.27312375,0.37152639242055396,False
0.105,0.20249999999999999,0.273913125,0.3721328269827884,False
0.105,0.21,0.2747025,0.3728128959065806,False
0.105,0.2175,0.275491875,0.37356033473177136,False
0.105,0.22499999999999998,0.27628125000000003,0.3743690496451848,False
0.105,0.23249999999999998,0.27707062499999996,0.3752332456312505,False
0.105,0.24,0.27786,0.3761475086657899,False
0.105,0.2475,0.278649375,0.37710685008574746,False
0.105,0.255,0.27943875,0.37810672199326095,False
0.105,0.2625,0.280228125,0.3791430119277629,False
0.105,0.27,0.28101750000000003,0.38021202374356305,False
0.105,0.27749999999999997,0.281806875,0.38131045013697634,False
0.105,0.285,0.28259625,0.38243534085532727,False
0.105,0.2925,0.283385625,0.3835840694216822,False
0.105,0.3,0.28417499999999996,0.3847543002615325,False
0.105,0.3075,0.284964375,0.38514974692483994,False
0.105,0.315,0.28575375000000003,0.3853190444178956,False
0.105,0.3225,0.286543125,0.385597810957728,False
0.105,0.32999999999999996,0.2873325,0.38598126332249466,False
0.105,0.33749999999999997,0.28812187499999997,0.38646326429811517,False
0.105,0.345,0.28891124999999995,0.3870367580322026,False
0.105,0.3525,0.289700625,0.387694196224303,False
0.105,0.36,0.29048999999999997,0.3884279094603619,False
0.105,0.3675,0.291279375,0.3892303992421906,False
0.105,0.375,0.29206875000000004,0.3900945451985858,False
0.105,0.3825,0.292858125,0.3910137349961512,False
0.105,0.39,0.29364749999999995,0.39198193117080754,False
0.105,0.39749999999999996,0.294436875,0.3929936908711379,False
0.105,0.40499999999999997,0.29522624999999997,0.39404415324426245,False
0.105,0.4125,0.296015625,0.3951290065332363,False
0.105,0.42,0.296805,0.39624444398322406,False
0.105,0.4275,0.297594375,0.39695563328456307,False
0.105,0.435,0.29838374999999995,0.39556536015131694,False
0.105,0.4425,0.299173125,0.3942596010987117,False
0.105,0.44999999999999996,0.29996249999999997,0.3934885602772344,False
0.105,0.45749999999999996,0.300751875,0.3942596010987117,False
0.105,0.46499999999999997,0.30154125,0.39556536015131694,False
0.105,0.4725,0.302330625,0.39695563328456307,False
0.105,0.48,0.30312,0.3983703942698646,False
0.105,0.4875,0.303909375,0.3997953555696738,False
0.105,0.495,0.30469874999999996,0.401225505050214,False
0.105,0.5025,0.305488125,0.40265864567385284,False
0.105,0.51,0.3062775,0.4040936655573402,False
0.105,0.5175,0.307066875,0.40552994247140517,False
0.105,0.525,0.30785625,0.4069671013029501,False
0.105,0.5325,0.30864562500000003,0.4079717946185482,False
0.105,0.54,0.30943499999999996,0.4072243557933575,False
0.105,0.5475,0.310224375,0.40654428686956523,False
0.105,0.5549999999999999,0.31101375,0.40593785230733087,False
0.105,0.5625,0.311803125,0.405411307844947,False
0.105,0.57,0.3125925,0.40497067033235695,False
0.105,0.5775,0.31338187500000003,0.4046214457873405,False
0.105,0.585,0.31417125,0.40436833525571414,False
0.105,0.5925,0.314960625,0.4042149482569271,False
0.105,0.6,0.31575,0.4041635600428184,False
0.11,0.0,0.2532,0.3515031960793579,False
0.11,0.0075,0.25399124999999995,0.3519834303971654,False
0.11,0.015,0.25478249999999997,0.35304527772231264,False
0.11,0.0225,0.25557374999999993,0.35431201831575637,False
0.11,0.03,0.256365,0.3556567958275231,False
0.11,0.0375,0.25715625,0.3570375002529104,False
0.11,0.045,0.2579475,0.35843734209401534,False
0.11,0.0525,0.25873874999999996,0.3598484959474114,False
0.11,0.06,0.25953,0.3606280867841145,False
0.11,0.0675,0.26032124999999995,0.36135025433989154,False
0.11,0.075,0.26111249999999997,0.3621332619045901,False
0.11,0.08249999999999999,0.26190374999999994,0.362971699243284,False
0.11,0.09,0.262695,0.3638604600657618,False
0.11,0.0975,0.26348625,0.36479479279871624,False
0.11,0.105,0.2642775,0.36577032490509914,False
0.11,0.11249999999999999,0.26506874999999996,0.3667830673378326,False
0.11,0.12,0.26586,0.36782940497858563,False
0.11,0.1275,0.26665124999999995,0.36890607787710167,False
0.11,0.135,0.26744249999999997,0.3700101570283019,False
0.11,0.1425,0.26823375,0.3707616267165431,False
0.11,0.15,0.269025,0.3707125687916565,False
0.11,0.1575,0.26981625,0.3707616267165431,False
0.11,0.16499999999999998,0.2706075,0.370908123386147,False
0.11,0.1725,0.27139874999999997,0.37115007337057276,False
0.11,0.18,0.27219,0.3714843135062609,False
0.11,0.1875,0.27298124999999995,0.37190669889069233,False
0.11,0.195,0.2737725,0.37241233765161874,False
0.11,0.20249999999999999,0.27456375,0.3729958365996575,False
0.11,0.21,0.275355,0.37365153382836913,False
0.11,0.2175,0.27614625,0.37437370138414616,False
0.11,0.22499999999999998,0.2769375,0.37515670894884473,False
0.11,0.23249999999999998,0.27772874999999997,0.3759951462875386,False
0.11,0.24,0.27852,0.3768839071100164,False
0.11,0.2475,0.27931124999999996,0.37781823984297086,False
0.11,0.255,0.2801025,0.37879377194935376,False
0.11,0.2625,0.28089375,0.37980651438208723,False
0.11,0.27,0.281685,0.38085285202284025,False
0.11,0.27749999999999997,0.28247625,0.3819295249213563,False
0.11,0.285,0.28326749999999995,0.38303360407255654,False
0.11,0.2925,0.28405874999999997,0.3841624644899918,False
0.11,0.3,0.28485,0.3841324967737217,False
0.11,0.3075,0.28564124999999996,0.3841924222062341,False
0.11,0.315,0.2864325,0.38437096921738845,False
0.11,0.3225,0.28722375,0.38466457268895254,False
0.11,0.32999999999999996,0.28801499999999997,0.38506767239083795,False
0.11,0.33749999999999997,0.28880625,0.3855731997271441,False
0.11,0.345,0.28959749999999995,0.3861731197680761,False
0.11,0.3525,0.29038875,0.3868589464185085,False
0.11,0.36,0.29117999999999994,0.38762217481776035,False
0.11,0.3675,0.29197124999999996,0.38845460563398887,False
0.11,0.375,0.2927625,0.389348560882743,False
0.11,0.3825,0.29355375,0.39029700624368713,False
0.11,0.39,0.294345,0.39129360120562406,False
0.11,0.39749999999999996,0.29513625,0.39233269850689206,False
0.11,0.40499999999999997,0.29592749999999995,0.3934093111903148,False
0.11,0.4125,0.29671875,0.394519061332653,False
0.11,0.42,0.29750999999999994,0.3956581204011008,False
0.11,0.4275,0.29830125,0.3968231477930507,False
0.11,0.435,0.2990925,0.395991110555804,False
0.11,0.4425,0.29988375,0.39492926323065675,False
0.11,0.44999999999999996,0.30067499999999997,0.3944490289128493,False
0.11,0.45749999999999996,0.30146625,0.39492926323065675,False
0.11,0.46499999999999997,0.30225749999999996,0.395991110555804,False
0.11,0.4725,0.30304875,0.3972578511492477,False
0.11,0.48,0.30383999999999994,0.3986026286610144,False
0.11,0.4875,0.30463125,0.39998333308640177,False
0.11,0.495,0.3054225,0.40138317492750675,False
0.11,0.5025,0.30621375,0.40279432878090277,False
0.11,0.51,0.307005,0.40421269689810974,False
0.11,0.5175,0.30779625,0.4056359375744949,False
0.11,0.525,0.30858749999999996,0.40706261949772815,False
0.11,0.5325,0.30937875,0.4084918200595048,False
0.11,0.54,0.31016999999999995,0.408062993715146,False
0.11,0.5475,0.31096125,0.40740729648643437,False
0.11,0.5549999999999999,0.3117525,0.4068237975383956,False
0.11,0.5625,0.31254375,0.4063181587774692,False
0.11,0.57,0.313335,0.40589577339303773,False
0.11,0.5775,0.31412625,0.4055615332573496,False
0.11,0.585,0.31491749999999996,0.40531958327292383,False
0.11,0.5925,0.31570875,0.40517308660331997,False
0.11,0.6,0.3165,0.40512402867843333,False
0.115,0.0,0.25379999999999997,0.35246366471497287,False
0.115,0.0075,0.2545931249999999,0.3528037685473653,False
0.115,0.015,0.25538625,0.35365718212028996,False
0.115,0.0225,0.25617937499999993,0.3547767871794049,False
0.115,0.03,0.2569725,0.35602527828660246,False
0.115,0.0375,0.25776562499999994,0.3573406816504331,False
0.115,0.045,0.25855874999999995,0.35869406433722056,False
0.115,0.0525,0.25935187499999995,0.36007073462685407,False
0.115,0.06,0.26014499999999996,0.36146259971232775,False
0.115,0.0675,0.26093812499999997,0.3621738098118921,False
0.115,0.075,0.26173124999999997,0.3629323780756183,False
0.115,0.08249999999999999,0.262524375,0.36374618245322116,False
0.115,0.09,0.2633175,0.3646104159960738,False
0.115,0.0975,0.26411062499999993,0.36552056455958665,False
0.115,0.105,0.26490375,0.3664724374217572,False
0.115,0.11249999999999999,0.26569687499999994,0.3674621792988202,False
0.115,0.12,0.26649,0.3684862685996442,False
0.115,0.1275,0.26728312499999995,0.3695415060898378,False
0.115,0.135,0.26807624999999996,0.3706249973442991,False
0.115,0.1425,0.26886937499999997,0.37171996702284626,False
0.115,0.15,0.26966249999999997,0.3716730374272714,False
0.115,0.1575,0.270455625,0.37171996702284626,False
0.115,0.16499999999999998,0.27124875,0.37186016265925376,False
0.115,0.1725,0.27204187499999993,0.3720918817503277,False
0.115,0.18,0.272835,0.37241233765161874,False
0.115,0.1875,0.27362812499999994,0.37281785918771804,False
0.115,0.195,0.27442125,0.3733040842016344,False
0.115,0.20249999999999999,0.27521437499999996,0.3738661655160695,False
0.115,0.21,0.27600749999999996,0.37449897006784294,False
0.115,0.2175,0.27680062499999997,0.37519725685614674,False
0.115,0.22499999999999998,0.27759375,0.3759558251198729,False
0.115,0.23249999999999998,0.278386875,0.3767696294974758,False
0.115,0.24,0.27918,0.3776338630403284,False
0.115,0.2475,0.279973125,0.37854401160384127,False
0.115,0.255,0.28076625,0.37949588446601185,False
0.115,0.2625,0.28155937499999995,0.3804856263430748,False
0.115,0.27,0.2823525,0.3815097156438988,False
0.115,0.27749999999999997,0.28314562499999996,0.38256495313409244,False
0.115,0.285,0.28393875,0.38342432067923743,False
0.115,0.2925,0.28473187499999997,0.3832354653298706,False
0.115,0.3,0.2855249999999999,0.3831720281381068,False
0.115,0.3075,0.286318125,0.3832354653298706,False
0.115,0.315,0.28711125,0.38342432067923743,False
0.115,0.3225,0.287904375,0.38373438770605384,False
0.115,0.32999999999999996,0.28869749999999994,0.3841591559035758,False
0.115,0.33749999999999997,0.28949062499999995,0.384690437015127,False
0.115,0.345,0.29028374999999995,0.3853190444178956,False
0.115,0.3525,0.29107687499999996,0.3860354168084916,False
0.115,0.36,0.29186999999999996,0.38683011897291814,False
0.115,0.3675,0.29266312499999997,0.387694196224303,False
0.115,0.375,0.29345625000000003,0.38861939141051866,False
0.115,0.3825,0.294249375,0.3895982505073962,False
0.115,0.39,0.29504249999999993,0.39062414753939334,False
0.115,0.39749999999999996,0.295835625,0.39169125684844514,False
0.115,0.40499999999999997,0.29662874999999994,0.39279449485504336,False
0.115,0.4125,0.297421875,0.393929447152316,False
0.115,0.42,0.29821499999999995,0.3950922913657011,False
0.115,0.4275,0.29900812499999996,0.39627972210322177,False
0.115,0.435,0.29980124999999996,0.39660301495378125,False
0.115,0.4425,0.30059437499999997,0.39574960138085663,False
0.115,0.44999999999999996,0.3013875,0.3954094975484642,False
0.115,0.45749999999999996,0.302180625,0.39574960138085663,False
0.115,0.46499999999999997,0.30297374999999993,0.3966030149537813,False
0.115,0.4725,0.303766875,0.39772262001289627,False
0.115,0.48,0.30455999999999994,0.3989711111200938,False
0.115,0.4875,0.305353125,0.40028651448392444,False
0.115,0.495,0.30614624999999995,0.4016398971707119,False
0.115,0.5025,0.306939375,0.4030165674603454,False
0.115,0.51,0.30773249999999996,0.40440843254581915,False
0.115,0.5175,0.30852562499999997,0.40581071657045037,False
0.115,0.525,0.30931875,0.40722043658720253,False
0.115,0.5325,0.310111875,0.40863564033780536,False
0.115,0.54,0.310905,0.4089104299546198,False
0.115,0.5475,0.311698125,0.40827762540284634,False
0.115,0.5549999999999999,0.31249124999999994,0.40771554408841126,False
0.115,0.5625,0.313284375,0.4072293190744949,False
0.115,0.57,0.31407749999999995,0.4068237975383956,False
0.115,0.5775,0.314870625,0.40650334163710455,False
0.115,0.585,0.31566374999999997,0.4062716225460306,False
0.115,0.5925,0.31645687499999997,0.4061314269096231,False
0.115,0.6,0.31725,0.4060844973140483,False
0.12,0.0,0.2544,0.3534241333505878,False
0.12,0.0075,0.255195,0.35368538261810506,False
0.12,0.015,0.25599,0.35438460198620275,False
0.12,0.0225,0.256785,0.3553650457659885,False
0.12,0.03,0.25758000000000003,0.3565082966364972,False
0.12,0.0375,0.25837499999999997,0.357746242210855,False
0.12,0.045,0.25917,0.35904177782338464,False
0.12,0.0525,0.259965,0.36037418287198253,False
0.12,0.06,0.26076000000000005,0.36173133284691805,False
0.12,0.0675,0.261555,0.36300660231431453,False
0.12,0.075,0.26235,0.3637419407228436,False
0.12,0.08249999999999999,0.263145,0.36453220313853524,False
0.12,0.09,0.26394,0.3653728708323213,False
0.12,0.0975,0.264735,0.36625966402437266,False
0.12,0.105,0.26553000000000004,0.36718857669930843,False
0.12,0.11249999999999999,0.266325,0.36815589430324724,False
0.12,0.12,0.26712,0.3691581982611682,False
0.12,0.1275,0.267915,0.37019236086295015,False
0.12,0.135,0.26871,0.3712555335110357,False
0.12,0.1425,0.269505,0.3723451307279692,False
0.12,0.15,0.27030000000000004,0.37263350606288637,False
0.12,0.1575,0.271095,0.3726784841490794,False
0.12,0.16499999999999998,0.27189,0.3728128959065806,False
0.12,0.1725,0.272685,0.3730352037191622,False
0.12,0.18,0.27348000000000006,0.37334294061652745,False
0.12,0.1875,0.274275,0.3737328410992448,False
0.12,0.195,0.27507000000000004,0.37420100166799,False
0.12,0.20249999999999999,0.275865,0.3747430542049354,False
0.12,0.21,0.27666,0.37535433672202556,False
0.12,0.2175,0.277455,0.37603004935856915,False
0.12,0.22499999999999998,0.27825000000000005,0.3767653877670982,False
0.12,0.23249999999999998,0.279045,0.37755565018278986,False
0.12,0.24,0.27984000000000003,0.3783963178765759,False
0.12,0.2475,0.280635,0.3792831110686273,False
0.12,0.255,0.28143,0.38021202374356305,False
0.12,0.2625,0.282225,0.38117934134750187,False
0.12,0.27,0.28302000000000005,0.3821816453054228,False
0.12,0.27749999999999997,0.28381500000000004,0.38280778975053836,False
0.12,0.285,0.28461000000000003,0.3824793579400091,False
0.12,0.2925,0.285405,0.38227894471413665,False
0.12,0.3,0.2862,0.38221155950249186,False
0.12,0.3075,0.286995,0.38227894471413665,False
0.12,0.315,0.28779000000000005,0.3824793579400091,False
0.12,0.3225,0.28858500000000004,0.38280778975053836,False
0.12,0.32999999999999996,0.28937999999999997,0.3832565565725609,False
0.12,0.33749999999999997,0.290175,0.3838161155689557,False
0.12,0.345,0.29097,0.38447592169961375,False
0.12,0.3525,0.291765,0.38522518276198914,False
0.12,0.36,0.29256,0.38605343404495157,False
0.12,0.3675,0.29335500000000003,0.3869509165069462,False
0.12,0.375,0.29415,0.38790878302556886,False
0.12,0.3825,0.294945,0.38891917458264563,False
0.12,0.39,0.29574,0.3899752091640945,False
0.12,0.39749999999999996,0.29653500000000005,0.3910709188465775,False
0.12,0.40499999999999997,0.29733,0.39220116093020163,False
0.12,0.4125,0.29812500000000003,0.3933615202041211,False
0.12,0.42,0.29892,0.3945482126461295,False
0.12,0.4275,0.299715,0.3957579961219549,False
0.12,0.435,0.30051,0.396988090592193,False
0.12,0.4425,0.30130500000000005,0.3966312154515964,False
0.12,0.44999999999999996,0.3021,0.39636996618407916,False
0.12,0.45749999999999996,0.302895,0.3966312154515964,False
0.12,0.46499999999999997,0.30369,0.3973304348196941,False
0.12,0.4725,0.304485,0.39831087859947983,False
0.12,0.48,0.30528,0.3994541294699886,False
0.12,0.4875,0.30607500000000004,0.40069207504434634,False
0.12,0.495,0.30687,0.401987610656876,False
0.12,0.5025,0.307665,0.4033200157054739,False
0.12,0.51,0.30846,0.4046771656804094,False
0.12,0.5175,0.30925500000000006,0.40605161281770374,False
0.12,0.525,0.31005,0.4074385745311841,False
0.12,0.5325,0.31084500000000004,0.40883485787530294,False
0.12,0.54,0.31164000000000003,0.40976579660880236,False
0.12,0.5475,0.312435,0.4091545140917123,False
0.12,0.5549999999999999,0.31323,0.4086124615547668,False
0.12,0.5625,0.31402500000000005,0.40814430098602167,False
0.12,0.57,0.31482,0.4077544005033043,False
0.12,0.5775,0.31561500000000003,0.40744666360593906,False
0.12,0.585,0.31641,0.4072243557933575,False
0.12,0.5925,0.317205,0.40708994403585624,False
0.12,0.6,0.318,0.4070449659496632,False
0.125,0.0,0.255,0.35438460198620275,False
0.125,0.0075,0.255796875,0.3545960522821356,False
0.125,0.015,0.25659375,0.35518270521890644,False
0.125,0.0225,0.257390625,0.3560431507744126,False
0.125,0.03,0.2581875,0.3570837586581581,False
0.125,0.0375,0.258984375,0.3582398060935895,False
0.125,0.045,0.25978125,0.3594708886424378,False
0.125,0.0525,0.260578125,0.36075222411693725,False
0.125,0.06,0.261375,0.3620683510711222,False
0.125,0.0675,0.262171875,0.36340933821775034,False
0.125,0.075,0.26296875000000003,0.36456104381776516,False
0.125,0.08249999999999999,0.263765625,0.36532881567419645,False
0.125,0.09,0.26456250000000003,0.3661468583367718,False
0.125,0.0975,0.265359375,0.36701112078962717,False
0.125,0.105,0.26615625000000004,0.3679177817724691,False
0.125,0.11249999999999999,0.266953125,0.36886327159529614,False
0.125,0.12,0.26775,0.36984428156677696,False
0.125,0.1275,0.26854687499999996,0.3708577640073459,False
0.125,0.135,0.26934375,0.37190092545278575,False
0.125,0.1425,0.27014062499999997,0.37297121521379695,False
0.125,0.15,0.2709375,0.3735939746985013,False
0.125,0.1575,0.271734375,0.3736371569579852,False
0.125,0.16499999999999998,0.27253125,0.3737662411104703,False
0.125,0.1725,0.273328125,0.3739798637110689,False
0.125,0.18,0.274125,0.3742758308462112,False
0.125,0.1875,0.274921875,0.3746512261781655,False
0.125,0.195,0.27571875,0.3751025448566817,False
0.125,0.20249999999999999,0.276515625,0.3756258400710804,False
0.125,0.21,0.2773125,0.3762168697495329,False
0.125,0.2175,0.278109375,0.37687123323004434,False
0.125,0.22499999999999998,0.27890625,0.3775844908620198,False
0.125,0.23249999999999998,0.279703125,0.37835226271845107,False
0.125,0.24,0.2805,0.3791703053810264,False
0.125,0.2475,0.281296875,0.3800345678338818,False
0.125,0.255,0.28209375000000003,0.3809412288167237,False
0.125,0.2625,0.282890625,0.38188671863955076,False
0.125,0.27,0.28368750000000004,0.382360907017263,False
0.125,0.27749999999999997,0.284484375,0.3818854417546755,False
0.125,0.285,0.28528125,0.3815364062782361,False
0.125,0.2925,0.286078125,0.38132294682152956,False
0.125,0.3,0.28687500000000005,0.3812510908668769,False
0.125,0.3075,0.287671875,0.38132294682152956,False
0.125,0.315,0.28846875,0.3815364062782361,False
0.125,0.3225,0.289265625,0.3818854417546755,False
0.125,0.32999999999999996,0.2900625,0.382360907017263,False
0.125,0.33749999999999997,0.29085937500000003,0.38295161002883893,False
0.125,0.345,0.29165625,0.383645400564988,False
0.125,0.3525,0.292453125,0.38443008205935525,False
0.125,0.36,0.29324999999999996,0.38529406133265304,False
0.125,0.3675,0.294046875,0.38622673723150663,False
0.125,0.375,0.29484374999999996,0.3872186778934622,False
0.125,0.3825,0.295640625,0.3882616504826951,False
0.125,0.39,0.2964375,0.389348560882743,False
0.125,0.39749999999999996,0.297234375,0.3904733466582823,False
0.125,0.40499999999999997,0.29803124999999997,0.3916308521697098,False
0.125,0.4125,0.298828125,0.3928167031890372,False
0.125,0.42,0.299625,0.39402719029162314,False
0.125,0.4275,0.300421875,0.3952591651508691,False
0.125,0.435,0.30121875,0.39650995083558216,False
0.125,0.4425,0.302015625,0.39754188511562694,False
0.125,0.44999999999999996,0.3028125,0.3973304348196941,False
0.125,0.45749999999999996,0.303609375,0.39754188511562694,False
0.125,0.46499999999999997,0.30440625,0.3981285380523978,False
0.125,0.4725,0.305203125,0.39898898360790397,False
0.125,0.48,0.306,0.40002959149164946,False
0.125,0.4875,0.306796875,0.40118563892708087,False
0.125,0.495,0.30759375,0.40241672147592916,False
0.125,0.5025,0.30839062500000003,0.4036980569504286,False
0.125,0.51,0.3091875,0.4050141839046135,False
0.125,0.5175,0.30998437500000003,0.4063551710512417,False
0.125,0.525,0.31078125,0.4077144341901069,False
0.125,0.5325,0.31157812500000004,0.40908747342355806,False
0.125,0.54,0.312375,0.4104711265019768,False
0.125,0.5475,0.31317187500000004,0.41003729995785726,False
0.125,0.5549999999999999,0.31396875,0.40951400474345856,False
0.125,0.5625,0.31476562500000005,0.40906268606494234,False
0.125,0.57,0.3155625,0.40868729073298804,False
0.125,0.5775,0.31635937500000005,0.40839132359784575,False
0.125,0.585,0.31715625000000003,0.40817770099724715,False
0.125,0.5925,0.317953125,0.40804861684476207,False
0.125,0.6,0.31875,0.40800543458527816,False
0.13,0.0,0.2556,0.35534507062181764,False
0.13,0.0075,0.25639874999999995,0.3555224292602279,False
0.13,0.015,0.25719749999999997,0.35602527828660246,False
0.13,0.0225,0.25799625,0.35678577357524005,False
0.13,0.03,0.258795,0.35773210543245176,False
0.13,0.0375,0.25959374999999996,0.3588072588081281,False
0.13,0.045,0.26039249999999997,0.3599713155506818,False
0.13,0.0525,0.26119125,0.36119757735735436,False
0.13,0.06,0.26199,0.36246829776507683,False
0.13,0.0675,0.26278874999999996,0.3637715373310129,False
0.13,0.075,0.2635875,0.3650991044927381,False
0.13,0.08249999999999999,0.26438625,0.36613516422660963,False
0.13,0.09,0.265185,0.36693149686084836,False
0.13,0.0975,0.26598374999999996,0.36777404242135864,False
0.13,0.105,0.2667825,0.36865916222925,False
0.13,0.11249999999999999,0.26758125,0.3695834332605689,False
0.13,0.12,0.26838,0.37054366132952554,False
0.13,0.1275,0.26917874999999997,0.37153688525284656,False
0.13,0.135,0.2699775,0.3725603742299665,False
0.13,0.1425,0.27077625,0.3736116203618732,False
0.13,0.15,0.271575,0.3745544433341162,False
0.13,0.1575,0.27237374999999997,0.3745959675495363,False
0.13,0.16499999999999998,0.2731725,0.3747201286462826,False
0.13,0.1725,0.27397125,0.37492571210478837,False
0.13,0.18,0.27477,0.3752107585691363,False
0.13,0.1875,0.27556875,0.3755726536685376,False
0.13,0.195,0.2763675,0.37600824034146,False
0.13,0.20249999999999999,0.27716625,0.37651394321516063,False
0.13,0.21,0.277965,0.3770858949313755,False
0.13,0.2175,0.27876375,0.37772005589674185,False
0.13,0.22499999999999998,0.2795625,0.37841232124302404,False
0.13,0.23249999999999998,0.28036125,0.37915861127086425,False
0.13,0.24,0.28116,0.379954943905103,False
0.13,0.2475,0.28195875,0.38079748946561326,False
0.13,0.255,0.2827575,0.3816826092735046,False
0.13,0.2625,0.28355625,0.38209858934895036,False
0.13,0.27,0.284355,0.3814734837409369,False
0.13,0.27749999999999997,0.28515375,0.38096817634917707,False
0.13,0.285,0.2859525,0.38059587939427675,False
0.13,0.2925,0.28675125,0.3803675825087373,False
0.13,0.3,0.28755,0.380290622231262,False
0.13,0.3075,0.28834875,0.3803675825087373,False
0.13,0.315,0.2891475,0.38059587939427675,False
0.13,0.3225,0.28994625,0.38096817634917707,False
0.13,0.32999999999999996,0.290745,0.3814734837409369,False
0.13,0.33749999999999997,0.29154375,0.38209858934895036,False
0.13,0.345,0.29234249999999995,0.3828294452817485,False
0.13,0.3525,0.29314125,0.3836522624559142,False
0.13,0.36,0.29394,0.38455422790442756,False
0.13,0.3675,0.29473875,0.3855238799880897,False
0.13,0.375,0.2955375,0.3865512300790762,False
0.13,0.3825,0.29633625,0.3876277237866095,False
0.13,0.39,0.297135,0.3887461160307858,False
0.13,0.39749999999999996,0.29793375,0.38990031048553997,False
0.13,0.40499999999999997,0.29873249999999996,0.39108519373194495,False
0.13,0.4125,0.29953125,0.3922964801764486,False
0.13,0.42,0.30033,0.39353057478046033,False
0.13,0.4275,0.30112875,0.3947844554780476,False
0.13,0.435,0.30192749999999996,0.3960555744738787,False
0.13,0.4425,0.30272625000000003,0.39734177641099944,False
0.13,0.44999999999999996,0.303525,0.398290903455309,False
0.13,0.45749999999999996,0.30432375,0.39846826209371927,False
0.13,0.46499999999999997,0.30512249999999996,0.3989711111200938,False
0.13,0.4725,0.30592125000000003,0.3997316064087314,False
0.13,0.48,0.30672,0.4006779382659431,False
0.13,0.4875,0.30751875,0.40175309164161943,False
0.13,0.495,0.30831749999999997,0.40291714838417314,False
0.13,0.5025,0.30911625000000004,0.4041434101908457,False
0.13,0.51,0.309915,0.4054141305985682,False
0.13,0.5175,0.31071375,0.40671737016450427,False
0.13,0.525,0.31151249999999997,0.4080449373262295,False
0.13,0.5325,0.31231125000000004,0.409391087371916,False
0.13,0.54,0.31311,0.4107517026998044,False
0.13,0.5475,0.31390875,0.4109254031019375,False
0.13,0.5549999999999999,0.3147075,0.4104197002282369,False
0.13,0.5625,0.31550625000000004,0.40998411355531444,False
0.13,0.57,0.316305,0.4096222184559132,False
0.13,0.5775,0.31710375,0.4093371719915652,False
0.13,0.585,0.3179025,0.4091315885330595,False
0.13,0.5925,0.31870125000000005,0.40900742743631313,False
0.13,0.6,0.3195,0.40896590322089305,False
0.135,0.0,0.2562,0.3563055392574326,False
0.135,0.0075,0.257000625,0.35645816783893997,False
0.135,0.015,0.25780125,0.35689697001227005,False
0.135,0.0225,0.258601875,0.35757495078267587,False
0.135,0.03,0.2594025,0.35843734209401534,False
0.135,0.0375,0.260203125,0.3594358431813397,False
0.135,0.045,0.26100375,0.3605332861571945,False
0.135,0.0525,0.261804375,0.36170282500777406,False
0.135,0.06,0.262605,0.36292551553203173,False
0.135,0.0675,0.263405625,0.36418801537874096,False
0.135,0.075,0.26420625,0.3654808436508114,False
0.135,0.08249999999999999,0.265006875,0.36679716877013485,False
0.135,0.09,0.2658075,0.3677259819915345,False
0.135,0.0975,0.266608125,0.3685476086309018,False
0.135,0.105,0.26740875,0.36941189381107264,False
0.135,0.11249999999999999,0.26820937499999997,0.3703155610890084,False
0.135,0.12,0.26900999999999997,0.3712555335110357,False
0.135,0.1275,0.26981062499999997,0.3722289410739839,False
0.135,0.135,0.27061124999999997,0.37323312157333,False
0.135,0.1425,0.27141187499999997,0.3742656165211053,False
0.135,0.15,0.2722125,0.37532416356158066,False
0.135,0.1575,0.27301312499999997,0.3755549006645123,False
0.135,0.16499999999999998,0.27381375,0.3756744990339117,False
0.135,0.1725,0.27461437499999997,0.3758726206352312,False
0.135,0.18,0.275415,0.3761475086657899,False
0.135,0.1875,0.27621562499999996,0.3764968110986642,False
0.135,0.195,0.27701625,0.3769176753954055,False
0.135,0.20249999999999999,0.27781687499999996,0.37740685449252215,False
0.135,0.21,0.2786175,0.37796081585389774,False
0.135,0.2175,0.27941812499999996,0.3785758464612627,False
0.135,0.22499999999999998,0.28021875,0.37924814831105724,False
0.135,0.23249999999999998,0.28101937499999996,0.37997392090482823,False
0.135,0.24,0.28182,0.3807494290357891,False
0.135,0.2475,0.28262062499999996,0.3815710556751564,False
0.135,0.255,0.28342125,0.38203040388114046,False
0.135,0.2625,0.28422187499999996,0.381259092550101,False
0.135,0.27,0.2850225,0.3805958793942767,False
0.135,0.27749999999999997,0.28582312499999996,0.380057052099319,False
0.135,0.285,0.28662374999999995,0.37965831121315713,False
0.135,0.2925,0.28742437499999995,0.3794129962517303,False
0.135,0.3,0.288225,0.3793301535956471,False
0.135,0.3075,0.289025625,0.3794129962517303,False
0.135,0.315,0.28982624999999995,0.37965831121315713,False
0.135,0.3225,0.290626875,0.380057052099319,False
0.135,0.32999999999999996,0.29142749999999995,0.3805958793942767,False
0.135,0.33749999999999997,0.292228125,0.381259092550101,False
0.135,0.345,0.29302874999999995,0.38203040388114046,False
0.135,0.3525,0.293829375,0.3828942365653413,False
0.135,0.36,0.29462999999999995,0.38383648611547905,False
0.135,0.3675,0.295430625,0.38484484256569956,False
0.135,0.375,0.29623124999999995,0.38590881939563404,False
0.135,0.3825,0.297031875,0.387019618945765,False
0.135,0.39,0.2978325,0.3881699259106719,False
0.135,0.39749999999999996,0.298633125,0.3893536842748526,False
0.135,0.40499999999999997,0.29943374999999994,0.39056588672615933,False
0.135,0.4125,0.300234375,0.39180238910115545,False
0.135,0.42,0.30103499999999994,0.39305975319840397,False
0.135,0.4275,0.301835625,0.39433511669617083,False
0.135,0.435,0.30263624999999994,0.39562608697366725,False
0.135,0.4425,0.303436875,0.39693065510795433,False
0.135,0.44999999999999996,0.3042375,0.39824712646967425,False
0.135,0.45749999999999996,0.305038125,0.3994040006724313,False
0.135,0.46499999999999997,0.30583875,0.3998428028457614,False
0.135,0.4725,0.306639375,0.4005207836161672,False
0.135,0.48,0.30744,0.4013831749275067,False
0.135,0.4875,0.308240625,0.40238167601483105,False
0.135,0.495,0.30904125,0.40347911899068584,False
0.135,0.5025,0.309841875,0.4046486578412654,False
0.135,0.51,0.3106425,0.40587134836552313,False
0.135,0.5175,0.311443125,0.4071338482122323,False
0.135,0.525,0.31224375,0.4084266764843028,False
0.135,0.5325,0.313044375,0.4097430016036262,False
0.135,0.54,0.313845,0.4110778220978822,False
0.135,0.5475,0.314645625,0.411818314379299,False
0.135,0.5549999999999999,0.31544625,0.41132913528218235,False
0.135,0.5625,0.316246875,0.410908270985441,False
0.135,0.57,0.3170475,0.41055896855256674,False
0.135,0.5775,0.317848125,0.41028408052200804,False
0.135,0.585,0.31864875,0.41008595892068855,False
0.135,0.5925,0.31944937500000004,0.40996636055128916,False
0.135,0.6,0.32025,0.409926371856508,False
0.14,0.0,0.2568,0.3572660078930475,False
0.14,0.0075,0.25760249999999996,0.35739990711180614,False
0.14,0.015,0.258405,0.3577885064280821,False
0.14,0.0225,0.2592074999999999,0.35839818899160847,False
0.14,0.03,0.26000999999999996,0.35918694516427735,False
0.14,0.0375,0.26081249999999995,0.360114619654586,False
0.14,0.045,0.261615,0.3611478327238488,False
0.14,0.0525,0.26241749999999997,0.3622608086069024,False
0.14,0.06,0.26321999999999995,0.36343433446486634,False
0.14,0.0675,0.26402249999999994,0.3646542734378981,False
0.14,0.075,0.264825,0.3659102256135819,False
0.14,0.08249999999999999,0.26562749999999996,0.3671944882240765,False
0.14,0.09,0.26643,0.3685012968386412,False
0.14,0.0975,0.26723249999999993,0.36933106565340634,False
0.14,0.105,0.26803499999999997,0.37017521401039594,False
0.14,0.11249999999999999,0.26883749999999995,0.3710588932855163,False
0.14,0.12,0.26964,0.37197914490742257,False
0.14,0.1275,0.2704425,0.3729331932019131,False
0.14,0.135,0.27124499999999996,0.3739184490747468,False
0.14,0.1425,0.27204749999999994,0.37493250881015766,False
0.14,0.15,0.27285,0.3759731492567199,False
0.14,0.1575,0.27365249999999997,0.37651394321516063,False
0.14,0.16499999999999998,0.274455,0.37662930116029664,False
0.14,0.1725,0.27525749999999993,0.37682047873895325,False
0.14,0.18,0.27605999999999997,0.3770858949313755,False
0.14,0.1875,0.27686249999999996,0.3774234266176867,False
0.14,0.195,0.277665,0.3778304888411762,False
0.14,0.20249999999999999,0.2784675,0.37830412547796693,False
0.14,0.21,0.27927,0.378841103624696,False
0.14,0.2175,0.28007249999999995,0.379438005742345,False
0.14,0.22499999999999998,0.280875,0.3800913148407227,False
0.14,0.23249999999999998,0.28167749999999997,0.38079748946561326,False
0.14,0.24,0.28248,0.3815530267063191,False
0.14,0.2475,0.2832825,0.38215894380037047,False
0.14,0.255,0.284085,0.3812510908668769,False
0.14,0.2625,0.28488749999999996,0.3804356258121381,False
0.14,0.27,0.28569,0.37973010028960175,False
0.14,0.27749999999999997,0.2864925,0.37915343276258395,False
0.14,0.285,0.287295,0.37872440223685266,False
0.14,0.2925,0.28809749999999995,0.3784593798818793,False
0.14,0.3,0.28889999999999993,0.37836968496003215,False
0.14,0.3075,0.2897025,0.3784593798818793,False
0.14,0.315,0.290505,0.37872440223685266,False
0.14,0.3225,0.2913075,0.37915343276258395,False
0.14,0.32999999999999996,0.2921099999999999,0.37973010028960175,False
0.14,0.33749999999999997,0.29291249999999996,0.3804356258121381,False
0.14,0.345,0.29371499999999995,0.3812510908668769,False
0.14,0.3525,0.2945175,0.38215894380037047,False
0.14,0.36,0.29531999999999997,0.38314375458130034,False
0.14,0.3675,0.29612249999999996,0.3841924222062341,False
0.14,0.375,0.296925,0.38529406133265304,False
0.14,0.3825,0.2977275,0.3864397400654757,False
0.14,0.39,0.29852999999999996,0.38762217481776035,False
0.14,0.39749999999999996,0.2993325,0.38883543748331717,False
0.14,0.40499999999999997,0.30013499999999993,0.39007469843110554,False
0.14,0.4125,0.30093749999999997,0.39133601154083364,False
0.14,0.42,0.30173999999999995,0.3926161392465505,False
0.14,0.4275,0.3025425,0.39391241231678203,False
0.14,0.435,0.303345,0.39522261837842265,False
0.14,0.4425,0.30414749999999996,0.3965449135931522,False
0.14,0.44999999999999996,0.30494999999999994,0.397877752701873,False
0.14,0.45749999999999996,0.3057525,0.39921983352421625,False
0.14,0.46499999999999997,0.30655499999999997,0.40057005279324615,False
0.14,0.4725,0.3073575,0.4013440218250998,False
0.14,0.48,0.30815999999999993,0.4021327779977687,False
0.14,0.4875,0.3089625,0.40306045248807737,False
0.14,0.495,0.30976499999999996,0.4040936655573402,False
0.14,0.5025,0.3105675,0.40520664144039376,False
0.14,0.51,0.31137,0.4063801672983577,False
0.14,0.5175,0.31217249999999996,0.40760010627138943,False
0.14,0.525,0.31297499999999995,0.40885605844707323,False
0.14,0.5325,0.3137775,0.4101403210575679,False
0.14,0.54,0.31457999999999997,0.41144712967213254,False
0.14,0.5475,0.3153825,0.4127155853647438,False
0.14,0.5549999999999999,0.316185,0.41224194872795306,False
0.14,0.5625,0.3169875,0.41183488650446354,False
0.14,0.57,0.31778999999999996,0.41149735481815236,False
0.14,0.5775,0.3185925,0.4112319386257301,False
0.14,0.585,0.319395,0.4110407610470735,False
0.14,0.5925,0.3201975,0.4109254031019375,False
0.14,0.6,0.32099999999999995,0.41088684049212293,False
0.145,0.0,0.25739999999999996,0.35822647652866246,False
0.145,0.0075,0.25820437499999993,0.3583457127504958,False
0.145,0.015,0.25900874999999995,0.35869406433722056,False
0.145,0.0225,0.2598131249999999,0.35924678802583965,False
0.145,0.03,0.26061749999999995,0.3599713155506818,False
0.145,0.0375,0.2614218749999999,0.36083450858317306,False
0.145,0.045,0.26222624999999994,0.3618070287446136,False
0.145,0.0525,0.26303062499999996,0.36286488373695897,False
0.145,0.06,0.263835,0.363989288342352,False
0.145,0.0675,0.26463937499999995,0.3651658439219586,False
0.145,0.075,0.26544375,0.3663835980404631,False
0.145,0.08249999999999999,0.26624812499999995,0.3676342150733089,False
0.145,0.09,0.26705249999999997,0.3689113172435512,False
0.145,0.0975,0.26785687499999994,0.3701237208952863,False
0.145,0.105,0.26866124999999996,0.37094841775172976,False
0.145,0.11249999999999999,0.26946562499999993,0.37181272112156033,False
0.145,0.12,0.27026999999999995,0.37271379067411486,False
0.145,0.1275,0.2710743749999999,0.373648946907871,False
0.145,0.135,0.27187874999999995,0.37461567711035204,False
0.145,0.1425,0.27268312499999997,0.37561163656567237,False
0.145,0.15,0.2734875,0.3766346461282382,False
0.145,0.1575,0.27429187499999996,0.37747308391245227,False
0.145,0.16499999999999998,0.27509625,0.3775844908620198,False
0.145,0.1725,0.27590062499999995,0.37776919062058334,False
0.145,0.18,0.276705,0.37802575542862116,False
0.145,0.1875,0.27750937499999995,0.37835226271845107,False
0.145,0.195,0.27831374999999997,0.3787463634575083,False
0.145,0.20249999999999999,0.27911812499999994,0.37920536001309985,False
0.145,0.21,0.27992249999999996,0.37972628806766806,False
0.145,0.2175,0.28072687499999993,0.38030599759428496,False
0.145,0.22499999999999998,0.28153124999999996,0.3809412288167237,False
0.145,0.23249999999999998,0.282335625,0.3816286802152057,False
0.145,0.24,0.28314,0.3823650668025632,False
0.145,0.2475,0.28394437499999997,0.3814498179032659,False
0.145,0.255,0.28474875,0.38049488548359717,False
0.145,0.2625,0.28555312499999996,0.3796312864030113,False
0.145,0.27,0.2863575,0.37887869884277353,False
0.145,0.27749999999999997,0.28716187499999996,0.37825910075439834,False
0.145,0.285,0.2879662499999999,0.3777950886817194,False
0.145,0.2925,0.28877062499999995,0.37750699362166246,False
0.145,0.3,0.28957499999999997,0.3774092163244172,False
0.145,0.3075,0.29037937499999994,0.37750699362166246,False
0.145,0.315,0.2911837499999999,0.3777950886817194,False
0.145,0.3225,0.291988125,0.37825910075439834,False
0.145,0.32999999999999996,0.29279249999999996,0.37887869884277353,False
0.145,0.33749999999999997,0.293596875,0.3796312864030113,False
0.145,0.345,0.29440124999999995,0.38049488548359717,False
0.145,0.3525,0.29520562499999997,0.3814498179032659,False
0.145,0.36,0.29600999999999994,0.3824793579400091,False
0.145,0.3675,0.29681437499999996,0.38356973396486727,False
0.145,0.375,0.29761874999999993,0.3847098106872141,False
0.145,0.3825,0.29842312499999996,0.3858906653606681,False
0.145,0.39,0.2992275,0.3871051693971198,False
0.145,0.39749999999999996,0.30003187499999995,0.3883476220843053,False
0.145,0.40499999999999997,0.3008362499999999,0.3896134486761895,False
0.145,0.4125,0.301640625,0.39089895948251013,False
0.145,0.42,0.30244499999999996,0.39220116093020163,False
0.145,0.4275,0.303249375,0.39351760862205565,False
0.145,0.435,0.30405374999999996,0.3948462933865447,False
0.145,0.4425,0.304858125,0.39618555285915863,False
0.145,0.44999999999999996,0.30566249999999995,0.3975340026815706,False
0.145,0.45749999999999996,0.30646687499999997,0.3988904827397306,False
0.145,0.46499999999999997,0.30727124999999994,0.4002540149393254,False
0.145,0.4725,0.30807562499999996,0.401623769856446,False
0.145,0.48,0.30887999999999993,0.40291714838417314,False
0.145,0.4875,0.30968437499999996,0.4037803414166644,False
0.145,0.495,0.3104887499999999,0.40475286157810497,False
0.145,0.5025,0.311293125,0.4058107165704503,False
0.145,0.51,0.31209749999999997,0.40693512117584335,False
0.145,0.5175,0.312901875,0.40811167675544996,False
0.145,0.525,0.31370624999999996,0.40932943087395446,False
0.145,0.5325,0.314510625,0.41058004790680025,False
0.145,0.54,0.31531499999999996,0.41185715007704254,False
0.145,0.5475,0.316119375,0.413155818734055,False
0.145,0.5549999999999999,0.31692374999999995,0.41315782334428514,False
0.145,0.5625,0.317728125,0.4127637226052279,False
0.145,0.57,0.31853249999999994,0.412437215315398,False
0.145,0.5775,0.31933687499999996,0.4121806505073602,False
0.145,0.585,0.32014124999999993,0.41199595074879664,False
0.145,0.5925,0.320945625,0.4118845437992291,False
0.145,0.6,0.32175,0.4118473091277378,False
0.15,0.0,0.258,0.35918694516427735,False
0.15,0.0075,0.25880624999999996,0.3592943968322709,False
0.15,0.015,0.2596125,0.3596098457561431,False
0.15,0.0225,0.26041875,0.360114619654586,False
0.15,0.03,0.261225,0.3607831516296848,False
0.15,0.0375,0.26203125,0.3615881167533147,False
0.15,0.045,0.2628375,0.36250404274069714,False
0.15,0.0525,0.26364375,0.36350905402454453,False
0.15,0.06,0.26445,0.36458525850818807,False
0.15,0.0675,0.26525624999999997,0.3657184177376875,False
0.15,0.075,0.26606250000000004,0.3668973533790509,False
0.15,0.08249999999999999,0.26686875,0.3681133306875419,False
0.15,0.09,0.267675,0.36935951847674753,False
0.15,0.0975,0.26848125,0.3706305514942345,False
0.15,0.105,0.2692875,0.3717308532172779,False
0.15,0.11249999999999999,0.27009374999999997,0.37257638559943324,False
0.15,0.12,0.27090000000000003,0.37345881176387347,False
0.15,0.1275,0.27170625,0.37437554912975424,False
0.15,0.135,0.27251250000000005,0.37532416356158066,False
0.15,0.1425,0.27331875,0.3763023725630772,False
0.15,0.15,0.274125,0.37730804488549186,False
0.15,0.1575,0.27493125,0.37833919741312283,False
0.15,0.16499999999999998,0.2757375,0.3785400297858812,False
0.15,0.1725,0.27654375,0.37871867288055644,False
0.15,0.18,0.27735000000000004,0.3789669486992942,False
0.15,0.1875,0.27815625,0.3792831110686273,False
0.15,0.195,0.2789625,0.379665019652173,False
0.15,0.20249999999999999,0.27976875,0.38011020706869747,False
0.15,0.21,0.280575,0.3806159501773481,False
0.15,0.2175,0.28138124999999997,0.38117934134750187,False
0.15,0.22499999999999998,0.28218750000000004,0.38179735620049987,False
0.15,0.23249999999999998,0.28299375,0.3824669151846208,False
0.15,0.24,0.28380000000000005,0.381847061032713,False
0.15,0.2475,0.28460625,0.38077085654906945,False
0.15,0.255,0.2854125,0.37976584526522206,False
0.15,0.2625,0.28621875,0.3788499192778396,False
0.15,0.27,0.28702500000000003,0.3780449541542097,False
0.15,0.27749999999999997,0.28783125,0.37737642217911094,False
0.15,0.285,0.2886375,0.376871648280668,False
0.15,0.2925,0.28944375,0.3765561993567958,False
0.15,0.3,0.29025,0.37644874768880227,False
0.15,0.3075,0.29105625,0.3765561993567958,False
0.15,0.315,0.29186249999999997,0.376871648280668,False
0.15,0.3225,0.29266875000000003,0.37737642217911094,False
0.15,0.32999999999999996,0.293475,0.3780449541542097,False
0.15,0.33749999999999997,0.29428125,0.3788499192778396,False
0.15,0.345,0.2950875,0.37976584526522206,False
0.15,0.3525,0.29589375,0.38077085654906945,False
0.15,0.36,0.29669999999999996,0.381847061032713,False
0.15,0.3675,0.29750625,0.38298022026221246,False
0.15,0.375,0.2983125,0.3841591559035758,False
0.15,0.3825,0.29911875,0.3853751332120668,False
0.15,0.39,0.29992500000000005,0.38662132100127244,False
0.15,0.39749999999999996,0.30073125,0.38789235401875943,False
0.15,0.40499999999999997,0.3015375,0.3891839919502713,False
0.15,0.4125,0.30234375,0.3904928588707944,False
0.15,0.42,0.30315,0.3918162458586411,False
0.15,0.4275,0.30395625000000004,0.39315196176199174,False
0.15,0.435,0.3047625,0.39449822015189756,False
0.15,0.4425,0.30556875,0.39585355331372707,False
0.15,0.44999999999999996,0.306375,0.3972167464296279,False
0.15,0.45749999999999996,0.30718125,0.3985867868772561,False
0.15,0.46499999999999997,0.30798749999999997,0.39996282489653023,False
0.15,0.4725,0.30879375000000003,0.4013441428542958,False
0.15,0.48,0.3096,0.40273013105336775,False
0.15,0.4875,0.31040625,0.40412026855656463,False
0.15,0.495,0.3112125,0.4054498755741885,False
0.15,0.5025,0.31201875,0.4064548868580359,False
0.15,0.51,0.312825,0.4075310913416794,False
0.15,0.5175,0.31363125000000003,0.40866425057117883,False
0.15,0.525,0.3144375,0.40984318621254223,False
0.15,0.5325,0.31524375000000004,0.4110591635210332,False
0.15,0.54,0.31605,0.4123053513102389,False
0.15,0.5475,0.31685625,0.41357638432772587,False
0.15,0.5549999999999999,0.3176625,0.4140764795389498,False
0.15,0.5625,0.31846875,0.41369457095540413,False
0.15,0.57,0.319275,0.41337840858607106,False
0.15,0.5775,0.32008125000000004,0.4131301327673333,False
0.15,0.585,0.3208875,0.41295148967265805,False
0.15,0.5925,0.32169375000000006,0.4128437728542995,False
0.15,0.6,0.3225,0.41280777776335276,False
0.155,0.0,0.2586,0.3601474137998923,False
0.155,0.0075,0.259408125,0.36024519109713754,False
0.155,0.015,0.26021625,0.3605332861571945,False
0.155,0.0225,0.261024375,0.3609972982298734,False
0.155,0.03,0.2618325,0.3616168963182486,False
0.155,0.0375,0.26264062499999996,0.3623694838784864,False
0.155,0.045,0.26344875,0.36323308295907225,False
0.155,0.0525,0.26425687499999995,0.3641880153787409,False
0.155,0.06,0.265065,0.3652175554154842,False
0.155,0.0675,0.265873125,0.36630793144034235,False
0.155,0.075,0.26668125,0.3674480081626892,False
0.155,0.08249999999999999,0.267489375,0.36862886283614316,False
0.155,0.09,0.2682975,0.36984336687259484,False
0.155,0.0975,0.26910562499999996,0.37108581955978037,False
0.155,0.105,0.26991375,0.3723516461516646,False
0.155,0.11249999999999999,0.270721875,0.37334927418282116,False
0.155,0.12,0.27153,0.37421359233686313,False
0.155,0.1275,0.272338125,0.37511238650085477,False
0.155,0.135,0.27314625000000003,0.3760433023899408,False
0.155,0.1425,0.27395437499999997,0.3770041220606186,False
0.155,0.15,0.2747625,0.3779927652320136,False
0.155,0.1575,0.27557062499999996,0.3790072878849311,False
0.155,0.16499999999999998,0.27637875,0.37949588446601185,False
0.155,0.1725,0.277186875,0.3796688525834294,False
0.155,0.18,0.277995,0.37990935065683656,False
0.155,0.1875,0.278803125,0.3802157882326002,False
0.155,0.195,0.27961125000000003,0.38058621016920463,False
0.155,0.20249999999999999,0.28041937499999997,0.38101835470122525,False
0.155,0.21,0.2812275,0.3815097156438988,False
0.155,0.2175,0.282035625,0.38205760522660376,False
0.155,0.22499999999999998,0.28284375,0.38265921453262003,False
0.155,0.23249999999999998,0.283651875,0.3824276464464835,False
0.155,0.24,0.28446,0.3812510908668769,False
0.155,0.2475,0.285268125,0.38012668626148394,False
0.155,0.255,0.28607625000000003,0.37906883126913854,False
0.155,0.2625,0.28688437499999997,0.378096311107698,False
0.155,0.27,0.2876925,0.3772331180752067,False
0.155,0.27749999999999997,0.288500625,0.37650859055036456,False
0.155,0.285,0.28930875,0.3759558668617455,False
0.155,0.2925,0.290116875,0.37560751527502073,False
0.155,0.3,0.290925,0.3754882790531874,False
0.155,0.3075,0.291733125,0.37560751527502073,False
0.155,0.315,0.29254125000000003,0.3759558668617455,False
0.155,0.3225,0.293349375,0.37650859055036456,False
0.155,0.32999999999999996,0.29415749999999996,0.3772331180752067,False
0.155,0.33749999999999997,0.294965625,0.378096311107698,False
0.155,0.345,0.29577374999999995,0.37906883126913854,False
0.155,0.3525,0.296581875,0.38012668626148394,False
0.155,0.36,0.29739,0.3812510908668769,False
0.155,0.3675,0.298198125,0.3824276464464835,False
0.155,0.375,0.29900625000000003,0.383645400564988,False
0.155,0.3825,0.299814375,0.3848960175978338,False
0.155,0.39,0.30062249999999996,0.3861731197680761,False
0.155,0.39749999999999996,0.301430625,0.38747178842508856,False
0.155,0.40499999999999997,0.30223875,0.3887881949450789,False
0.155,0.4125,0.303046875,0.390119329859568,False
0.155,0.42,0.303855,0.3914628041925149,False
0.155,0.4275,0.30466312500000003,0.3928167031890372,False
0.155,0.435,0.30547124999999997,0.3941794779199304,False
0.155,0.4425,0.306279375,0.3955498643174155,False
0.155,0.44999999999999996,0.30708749999999996,0.3969268221766979,False
0.155,0.45749999999999996,0.307895625,0.398309488788831,False
0.155,0.46499999999999997,0.30870375,0.3996971433798522,False
0.155,0.4725,0.309511875,0.40108917959788903,False
0.155,0.48,0.31032,0.4024850840452521,False
0.155,0.4875,0.31112812500000003,0.4038844193897777,False
0.155,0.495,0.31193624999999997,0.4052868109741654,False
0.155,0.5025,0.312744375,0.40669193611914567,False
0.155,0.51,0.3135525,0.4080995155175241,False
0.155,0.5175,0.314360625,0.4092537642738337,False
0.155,0.525,0.31516875,0.41039384099618054,False
0.155,0.5325,0.315976875,0.4115746956696345,False
0.155,0.54,0.316785,0.41278919970608624,False
0.155,0.5475,0.31759312500000003,0.4140316523932717,False
0.155,0.5549999999999999,0.31840124999999997,0.4149976700559815,False
0.155,0.5625,0.319209375,0.41462724811937707,False
0.155,0.57,0.3200175,0.4143208105436134,False
0.155,0.5775,0.320825625,0.41408031247020627,False
0.155,0.585,0.32163375,0.4139073443527887,False
0.155,0.5925,0.32244187500000004,0.41380308173741226,False
0.155,0.6,0.32325,0.4137682463989677,False
0.16,0.0,0.2592,0.36110788243550723,False
0.16,0.0075,0.26000999999999996,0.36119757735735436,False
0.16,0.015,0.26082,0.36146259971232775,False
0.16,0.0225,0.26163,0.36189163023805904,False
0.16,0.03,0.26244,0.36246829776507683,False
0.16,0.0375,0.26325,0.36317382328761316,False
0.16,0.045,0.26406,0.363989288342352,False
0.16,0.0525,0.26486999999999994,0.36489714127584555,False
0.16,0.06,0.26567999999999997,0.36588195205677543,False
0.16,0.0675,0.26648999999999995,0.3669306196817092,False
0.16,0.075,0.2673,0.3680322588081281,False
0.16,0.08249999999999999,0.26810999999999996,0.3691779375409508,False
0.16,0.09,0.26892,0.37036037229323543,False
0.16,0.0975,0.26972999999999997,0.37157363495879225,False
0.16,0.105,0.27054,0.3728128959065806,False
0.16,0.11249999999999999,0.27135,0.3740742090163087,False
0.16,0.12,0.27216,0.3749775571884706,False
0.16,0.1275,0.27297,0.3758588833286938,False
0.16,0.135,0.27378,0.3767725221124598,False
0.16,0.1425,0.27458999999999995,0.3777163217104191,False
0.16,0.15,0.2754,0.37868825514970517,False
0.16,0.1575,0.27620999999999996,0.3796864203806285,False
0.16,0.16499999999999998,0.27702,0.38045202557109536,False
0.16,0.1725,0.27782999999999997,0.38061966567468186,False
0.16,0.18,0.27864,0.38085285202284025,False
0.16,0.1875,0.27945,0.38115013211311966,False
0.16,0.195,0.28026,0.3815097156438988,False
0.16,0.20249999999999999,0.28107,0.3819295249213563,False
0.16,0.21,0.28188,0.38240724928794395,False
0.16,0.2175,0.28269,0.38294040061788726,False
0.16,0.22499999999999998,0.28350000000000003,0.3831720281381068,False
0.16,0.23249999999999998,0.28430999999999995,0.381916075962423,False
0.16,0.24,0.28512,0.38069613698939125,False
0.16,0.2475,0.28592999999999996,0.3795226111314273,False
0.16,0.255,0.28674,0.37840963524837373,False
0.16,0.2625,0.28755,0.37737642217911094,False
0.16,0.27,0.28836,0.37644874768880227,False
0.16,0.27749999999999997,0.28917,0.3756599915161334,False
0.16,0.285,0.28997999999999996,0.375050308952607,False
0.16,0.2925,0.29079,0.37466170963633105,False
0.16,0.3,0.2916,0.37452781041757244,False
0.16,0.3075,0.29241,0.37466170963633105,False
0.16,0.315,0.29322,0.375050308952607,False
0.16,0.3225,0.29403,0.3756599915161334,False
0.16,0.32999999999999996,0.29483999999999994,0.37644874768880227,False
0.16,0.33749999999999997,0.29564999999999997,0.37737642217911094,False
0.16,0.345,0.29645999999999995,0.37840963524837373,False
0.16,0.3525,0.29727,0.3795226111314273,False
0.16,0.36,0.29807999999999996,0.38069613698939125,False
0.16,0.3675,0.29889,0.381916075962423,False
0.16,0.375,0.29969999999999997,0.3831720281381068,False
0.16,0.3825,0.30051,0.3844562907486015,False
0.16,0.39,0.30132000000000003,0.3857630993631661,False
0.16,0.39749999999999996,0.30213,0.3870880882294935,False
0.16,0.40499999999999997,0.30294,0.3884279094603618,False
0.16,0.4125,0.30375,0.3897799638655816,False
0.16,0.42,0.30455999999999994,0.3911422094102329,False
0.16,0.4275,0.30537,0.3925130236217679,False
0.16,0.435,0.30617999999999995,0.39389110368482155,False
0.16,0.4425,0.30699,0.39527539308127146,False
0.16,0.44999999999999996,0.30779999999999996,0.3966650271117823,False
0.16,0.45749999999999996,0.30861,0.3980592919901381,False
0.16,0.46499999999999997,0.30942,0.39945759380002,False
0.16,0.4725,0.31023,0.40085943469529595,False
0.16,0.48,0.31104,0.4022643944762021,False
0.16,0.4875,0.31185,0.40367211619575977,False
0.16,0.495,0.31266,0.40508229481695507,False
0.16,0.5025,0.31347,0.40649466820064434,False
0.16,0.51,0.31428,0.4079090098897863,False
0.16,0.5175,0.31509,0.40932512328971804,False
0.16,0.525,0.31589999999999996,0.4107428369420023,False
0.16,0.5325,0.31671,0.41212377037444214,False
0.16,0.54,0.31751999999999997,0.41330620512672683,False
0.16,0.5475,0.31833,0.4145194677922836,False
0.16,0.5549999999999999,0.31914,0.41575872874007197,False
0.16,0.5625,0.31995,0.4155615919998965,False
0.16,0.57,0.32076,0.4152643119096171,False
0.16,0.5775,0.32157,0.4150311255614587,False
0.16,0.585,0.32238,0.4148634854578722,False
0.16,0.5925,0.32319000000000003,0.41476246298192454,False
0.16,0.6,0.324,0.41472871503458264,False
0.165,0.0,0.2598,0.3620683510711222,False
0.165,0.0075,0.26061187499999994,0.3621511937272054,False
0.165,0.015,0.26142374999999995,0.3623965086886322,False
0.165,0.0225,0.26223562499999997,0.3627952495747941,False
0.165,0.03,0.2630475,0.36333407686975183,False
0.165,0.0375,0.26385937499999995,0.36399729002557607,False
0.165,0.045,0.26467124999999997,0.36476860135661554,False
0.165,0.0525,0.26548312499999993,0.36563243404081636,False
0.165,0.06,0.266295,0.36657468359095413,False
0.165,0.0675,0.26710687499999997,0.36758304004117465,False
0.165,0.075,0.26791875,0.3686470168711091,False
0.165,0.08249999999999999,0.26873062499999995,0.36975781642124006,False
0.165,0.09,0.26954249999999996,0.370908123386147,False
0.165,0.0975,0.270354375,0.3720918817503277,False
0.165,0.105,0.27116625,0.3733040842016344,False
0.165,0.11249999999999999,0.27197812499999996,0.37454058657663053,False
0.165,0.12,0.27279,0.37560422551493056,False
0.165,0.1275,0.27360187499999994,0.3765776330778788,False
0.165,0.135,0.27441375,0.37751128421670593,False
0.165,0.1425,0.275225625,0.3784384383739568,False
0.165,0.15,0.2760375,0.37939399006395763,False
0.165,0.1575,0.27684937499999995,0.380376081475712,False
0.165,0.16499999999999998,0.27766124999999997,0.3813829681976537,False
0.165,0.1725,0.278473125,0.3815710556751564,False
0.165,0.18,0.279285,0.38179735620049987,False
0.165,0.1875,0.28009687499999997,0.38208599897753015,False
0.165,0.195,0.28090875,0.38243534085532727,False
0.165,0.20249999999999999,0.28172062499999995,0.38284346932428337,False
0.165,0.21,0.2825325,0.38330825026872123,False
0.165,0.2175,0.283344375,0.3838273770733641,False
0.165,0.22499999999999998,0.28415625,0.3827426461753363,False
0.165,0.23249999999999998,0.28496812499999996,0.3814498179032659,False
0.165,0.24,0.28578,0.38018731805655664,False
0.165,0.2475,0.286591875,0.378964627532299,False
0.165,0.255,0.28740375,0.3777950886817194,False
0.165,0.2625,0.288215625,0.3766976457058646,False
0.165,0.27,0.2890275,0.37569914461854026,False
0.165,0.27749999999999997,0.28983937499999995,0.3748367533072008,False
0.165,0.285,0.29065125,0.37415877253679497,False
0.165,0.2925,0.291463125,0.3737199703634649,False
0.165,0.3,0.29227499999999995,0.3735673417819575,False
0.165,0.3075,0.29308687499999997,0.3737199703634649,False
0.165,0.315,0.29389875,0.37415877253679497,False
0.165,0.3225,0.294710625,0.3748367533072008,False
0.165,0.32999999999999996,0.29552249999999997,0.37569914461854026,False
0.165,0.33749999999999997,0.296334375,0.3766976457058646,False
0.165,0.345,0.29714624999999995,0.3777950886817194,False
0.165,0.3525,0.29795812499999996,0.378964627532299,False
0.165,0.36,0.2987699999999999,0.38018731805655664,False
0.165,0.3675,0.299581875,0.3814498179032659,False
0.165,0.375,0.30039375,0.3827426461753363,False
0.165,0.3825,0.301205625,0.38405897129465977,False
0.165,0.39,0.30201749999999994,0.3853937917889157,False
0.165,0.39749999999999996,0.30282937499999996,0.38674338606993997,False
0.165,0.40499999999999997,0.30364125,0.38810494090053543,False
0.165,0.4125,0.304453125,0.38947629774446174,False
0.165,0.42,0.30526499999999995,0.3908557772230262,False
0.165,0.4275,0.30607687499999997,0.392242055840094,False
0.165,0.435,0.30688874999999993,0.39363407812996015,False
0.165,0.4425,0.307700625,0.39503099314510826,False
0.165,0.44999999999999996,0.30851249999999997,0.39643210790555133,False
0.165,0.45749999999999996,0.309324375,0.3978368528332584,False
0.165,0.46499999999999997,0.31013624999999995,0.39924475576965546,False
0.165,0.4725,0.31094812499999996,0.40065542221919526,False
0.165,0.48,0.31176,0.4020685201645499,False
0.165,0.4875,0.312571875,0.40348376827744176,False
0.165,0.495,0.31338374999999996,0.4049009266791316,False
0.165,0.5025,0.314195625,0.4063197896349909,False
0.165,0.51,0.31500749999999994,0.40774017973036897,False
0.165,0.5175,0.315819375,0.4091619431912716,False
0.165,0.525,0.31663125,0.4105849460973671,False
0.165,0.5325,0.317443125,0.4120090712961192,False
0.165,0.54,0.31825499999999995,0.41343421587199747,False
0.165,0.5475,0.31906687499999997,0.4148602890582876,False
0.165,0.5549999999999999,0.31987875,0.41624991703512576,False
0.165,0.5625,0.320690625,0.416497458864307,False
0.165,0.57,0.32150249999999997,0.4162088160872767,False
0.165,0.5775,0.322314375,0.4159825155619333,False
0.165,0.585,0.32312624999999995,0.4158198871730614,False
0.165,0.5925,0.323938125,0.4157219100237532,False
0.165,0.6,0.32475,0.4156891836701976,False
0.17,0.0,0.26039999999999996,0.36302881970673706,False
0.17,0.0075,0.2612137499999999,0.3631057799842124,False
0.17,0.015,0.26202749999999997,0.36333407686975183,False
0.17,0.0225,0.2628412499999999,0.36370637382465215,False
0.17,0.03,0.263655,0.364211681216412,False
0.17,0.0375,0.2644687499999999,0.36483678682442544,False
0.17,0.045,0.2652825,0.3655676427572236,False
0.17,0.0525,0.2660962499999999,0.3663904599313893,False
0.17,0.06,0.26691,0.36729242537990264,False
0.17,0.0675,0.2677237499999999,0.36826207746356476,False
0.17,0.075,0.2685375,0.3692894275545513,False
0.17,0.08249999999999999,0.26935124999999993,0.37036592126208456,False
0.17,0.09,0.270165,0.37128018886474323,False
0.17,0.0975,0.27097874999999993,0.3721227344252535,False
0.17,0.105,0.2717925,0.37300785423314486,False
0.17,0.11249999999999999,0.27260624999999994,0.3739321252644638,False
0.17,0.12,0.27342,0.3748923533334204,False
0.17,0.1275,0.27423374999999994,0.37588557725674143,False
0.17,0.135,0.2750475,0.3769090662338614,False
0.17,0.1425,0.27586124999999995,0.37796031236576805,False
0.17,0.15,0.276675,0.3790370198937304,False
0.17,0.1575,0.27748874999999995,0.3801370924095066,False
0.17,0.16499999999999998,0.27830249999999995,0.38125861899399227,False
0.17,0.1725,0.27911624999999995,0.38239985999153564,False
0.17,0.18,0.27992999999999996,0.3827427775012969,False
0.17,0.1875,0.28074374999999996,0.3830232609611737,False
0.17,0.195,0.28155749999999996,0.3833629115549298,False
0.17,0.20249999999999999,0.28237124999999996,0.38375996535786605,False
0.17,0.21,0.28318499999999996,0.38421244794997367,False
0.17,0.2175,0.28399874999999997,0.38370705706294955,False
0.17,0.22499999999999998,0.28481249999999997,0.382360907017263,False
0.17,0.23249999999999998,0.28562624999999997,0.38103333985553783,False
0.17,0.24,0.28644,0.37973010028960175,False
0.17,0.2475,0.28725375,0.3784593798818793,False
0.17,0.255,0.2880675,0.3772331180752067,False
0.17,0.2625,0.28888125,0.376069061332653,False
0.17,0.27,0.289695,0.3749939079569767,False
0.17,0.27749999999999997,0.29050875,0.37404757609976497,False
0.17,0.285,0.29132249999999993,0.3732870808111274,False
0.17,0.2925,0.29213625,0.37278423178475284,False
0.17,0.3,0.29295,0.37260687314634255,False
0.17,0.3075,0.29376375,0.37278423178475284,False
0.17,0.315,0.29457749999999994,0.3732870808111274,False
0.17,0.3225,0.29539124999999994,0.37404757609976497,False
0.17,0.32999999999999996,0.29620499999999994,0.3749939079569767,False
0.17,0.33749999999999997,0.29701874999999994,0.376069061332653,False
0.17,0.345,0.29783249999999994,0.3772331180752067,False
0.17,0.3525,0.29864624999999995,0.3784593798818793,False
0.17,0.36,0.29945999999999995,0.37973010028960175,False
0.17,0.3675,0.30027374999999995,0.38103333985553783,False
0.17,0.375,0.30108749999999995,0.382360907017263,False
0.17,0.3825,0.30190124999999995,0.38370705706294955,False
0.17,0.39,0.302715,0.38506767239083795,False
0.17,0.39749999999999996,0.30352874999999996,0.3864397400654757,False
0.17,0.40499999999999997,0.30434249999999996,0.387821012970105,False
0.17,0.4125,0.30515624999999996,0.389209785667,False
0.17,0.42,0.30596999999999996,0.39060474314105237,False
0.17,0.4275,0.30678374999999997,0.39200485672946034,False
0.17,0.435,0.30759749999999997,0.3934093111903148,False
0.17,0.4425,0.30841124999999997,0.3948174527073148,False
0.17,0.44999999999999996,0.30922499999999997,0.3962287512238191,False
0.17,0.45749999999999996,0.31003875,0.39764277275050297,False
0.17,0.46499999999999997,0.3108525,0.3990591587250248,False
0.17,0.4725,0.31166625,0.4004776104317297,False
0.17,0.48,0.31248,0.4018978771021238,False
0.17,0.4875,0.31329375,0.403319746727173,False
0.17,0.495,0.31410749999999993,0.404743038891421,False
0.17,0.5025,0.31492125,0.4061675991312794,False
0.17,0.51,0.31573499999999993,0.4075932944542714,False
0.17,0.5175,0.31654875,0.4090200097511533,False
0.17,0.525,0.31736249999999994,0.4104476449009791,False
0.17,0.5325,0.31817625,0.4118761124185185,False
0.17,0.54,0.31898999999999994,0.4133053355295581,False
0.17,0.5475,0.31980375,0.414735246586309,False
0.17,0.5549999999999999,0.32061749999999994,0.4161657857550614,False
0.17,0.5625,0.32143125,0.4174347208479505,False
0.17,0.57,0.32224499999999995,0.4171542373880738,False
0.17,0.5775,0.32305875,0.41693443248498546,False
0.17,0.585,0.32387249999999995,0.41677652668934007,False
0.17,0.5925,0.32468625,0.416681417069064,False
0.17,0.6,0.32549999999999996,0.41664965230581247,False
0.17500000000000002,0.0,0.261,0.363989288342352,False
0.17500000000000002,0.0075,0.261815625,0.36406114429700465,False
0.17500000000000002,0.015,0.26263125000000004,0.3642746037537112,False
0.17500000000000002,0.0225,0.26344687499999997,0.36462363923015056,False
0.17500000000000002,0.03,0.2642625,0.3650991044927381,False
0.17500000000000002,0.0375,0.265078125,0.365689807504314,False
0.17500000000000002,0.045,0.26589375000000004,0.3663835980404631,False
0.17500000000000002,0.0525,0.26670937499999997,0.36695108503072066,False
0.17500000000000002,0.06,0.267525,0.36754211470917314,False
0.17500000000000002,0.0675,0.268340625,0.3681964781896846,False
0.17500000000000002,0.075,0.26915625000000004,0.36890973582166003,False
0.17500000000000002,0.08249999999999999,0.269971875,0.3696775076780913,False
0.17500000000000002,0.09,0.2707875,0.37049555034066667,False
0.17500000000000002,0.0975,0.271603125,0.37135981279352204,False
0.17500000000000002,0.105,0.27241875000000004,0.37226647377636396,False
0.17500000000000002,0.11249999999999999,0.273234375,0.373211963599191,False
0.17500000000000002,0.12,0.27405,0.3741929735706718,False
0.17500000000000002,0.1275,0.274865625,0.37520645601124075,False
0.17500000000000002,0.135,0.27568125000000004,0.3762496174566806,False
0.17500000000000002,0.1425,0.276496875,0.3773199072176918,False
0.17500000000000002,0.15,0.2773125,0.3784150030179183,False
0.17500000000000002,0.1575,0.278128125,0.3795327950288061,False
0.17500000000000002,0.16499999999999998,0.27894375000000005,0.38067136927402917,False
0.17500000000000002,0.1725,0.279759375,0.3818289910941107,False
0.17500000000000002,0.18,0.280575,0.38293407581404104,False
0.17500000000000002,0.1875,0.281390625,0.3839618039621874,False
0.17500000000000002,0.195,0.28220625000000005,0.3842922717726892,False
0.17500000000000002,0.20249999999999999,0.283021875,0.38467881312618046,False
0.17500000000000002,0.21,0.2838375,0.3847870961930104,False
0.17500000000000002,0.2175,0.284653125,0.3834034431145916,False
0.17500000000000002,0.22499999999999998,0.28546875000000005,0.38203040388114046,False
0.17500000000000002,0.23249999999999998,0.286284375,0.38067114074227526,False
0.17500000000000002,0.24,0.2871,0.3793301535956471,False
0.17500000000000002,0.2475,0.287915625,0.37801402664146216,False
0.17500000000000002,0.255,0.28873125000000005,0.37673269116696273,False
0.17500000000000002,0.2625,0.289546875,0.37550160861811444,False
0.17500000000000002,0.27,0.2903625,0.37434556118268303,False
0.17500000000000002,0.27749999999999997,0.291178125,0.37330495329893754,False
0.17500000000000002,0.285,0.29199375,0.37244450774343135,False
0.17500000000000002,0.2925,0.292809375,0.3718578548066605,False
0.17500000000000002,0.3,0.293625,0.37164640451072767,False
0.17500000000000002,0.3075,0.294440625,0.3718578548066605,False
0.17500000000000002,0.315,0.29525625,0.37244450774343135,False
0.17500000000000002,0.3225,0.296071875,0.37330495329893754,False
0.17500000000000002,0.32999999999999996,0.29688749999999997,0.37434556118268303,False
0.17500000000000002,0.33749999999999997,0.297703125,0.37550160861811444,False
0.17500000000000002,0.345,0.29851875,0.37673269116696273,False
0.17500000000000002,0.3525,0.29933437500000004,0.37801402664146216,False
0.17500000000000002,0.36,0.30015,0.3793301535956471,False
0.17500000000000002,0.3675,0.300965625,0.38067114074227526,False
0.17500000000000002,0.375,0.30178125,0.38203040388114046,False
0.17500000000000002,0.3825,0.30259687500000004,0.3834034431145916,False
0.17500000000000002,0.39,0.30341250000000003,0.3847870961930104,False
0.17500000000000002,0.39749999999999996,0.304228125,0.3861790846064947,False
0.17500000000000002,0.40499999999999997,0.30504375,0.38757772960433134,False
0.17500000000000002,0.4125,0.30585937500000004,0.3889817695473712,False
0.17500000000000002,0.42,0.306675,0.3903902393664656,False
0.17500000000000002,0.4275,0.307490625,0.39180238910115545,False
0.17500000000000002,0.435,0.30830625,0.3932176276443978,False
0.17500000000000002,0.4425,0.30912187500000005,0.39463548312067964,False
0.17500000000000002,0.44999999999999996,0.3099375,0.3960555744738787,False
0.17500000000000002,0.45749999999999996,0.310753125,0.39747759075712513,False
0.17500000000000002,0.46499999999999997,0.31156875,0.39890127580927276,False
0.17500000000000002,0.4725,0.31238437500000005,0.40032641676054964,False
0.17500000000000002,0.48,0.3132,0.4017528353013847,False
0.17500000000000002,0.4875,0.314015625,0.4031803809729248,False
0.17500000000000002,0.495,0.31483125,0.40460892595573883,False
0.17500000000000002,0.5025,0.31564687500000005,0.4060383609819643,False
0.17500000000000002,0.51,0.3164625,0.40746859209917385,False
0.17500000000000002,0.5175,0.317278125,0.40889953808657886,False
0.17500000000000002,0.525,0.31809375,0.4103311283756257,False
0.17500000000000002,0.5325,0.31890937500000005,0.4117633013640694,False
0.17500000000000002,0.54,0.319725,0.41319600303955456,False
0.17500000000000002,0.5475,0.320540625,0.4146291858485523,False
0.17500000000000002,0.5549999999999999,0.32135625,0.4160628077612243,False
0.17500000000000002,0.5625,0.32217187500000005,0.4174968314938199,False
0.17500000000000002,0.57,0.3229875,0.418100499545639,False
0.17500000000000002,0.5775,0.323803125,0.4178868319334377,False
0.17500000000000002,0.585,0.32461875,0.4177333837791941,False
0.17500000000000002,0.5925,0.32543437500000005,0.417640978984563,False
0.17500000000000002,0.6,0.32625,0.4176101209414274,False
0.18,0.0,0.2616,0.3639587510225266,False
0.18,0.0075,0.26241749999999997,0.36400372910871964,False
0.18,0.015,0.263235,0.3641381408662209,False
0.18,0.0225,0.26405249999999997,0.36436044867880246,False
0.18,0.03,0.26487,0.3646681855761677,False
0.18,0.0375,0.26568749999999997,0.36505808605888507,False
0.18,0.045,0.266505,0.3655262466276302,False
0.18,0.0525,0.26732249999999996,0.3660682991645757,False
0.18,0.06,0.26814,0.3666795816816658,False
0.18,0.0675,0.26895749999999996,0.3673552943182094,False
0.18,0.075,0.269775,0.3680906327267385,False
0.18,0.08249999999999999,0.27059249999999996,0.3688808951424301,False
0.18,0.09,0.27141,0.36972156283621616,False
0.18,0.0975,0.27222749999999996,0.3706083560282675,False
0.18,0.105,0.273045,0.3715372687032033,False
0.18,0.11249999999999999,0.2738625,0.3725045863071421,False
0.18,0.12,0.27468000000000004,0.37350689026506306,False
0.18,0.1275,0.2754975,0.374541052866845,False
0.18,0.135,0.27631500000000003,0.37560422551493056,False
0.18,0.1425,0.2771325,0.37669382273186414,False
0.18,0.15,0.27795000000000003,0.37780750376776834,False
0.18,0.1575,0.2787675,0.3789431531640913,False
0.18,0.16499999999999998,0.27958500000000003,0.38009886123341374,False
0.18,0.1725,0.2804025,0.3812153629218714,False
0.18,0.18,0.28122,0.3823586137923801,False
0.18,0.1875,0.2820375,0.3835965593667379,False
0.18,0.195,0.282855,0.38489025606909666,False
0.18,0.20249999999999999,0.2836725,0.38559983264368786,False
0.18,0.21,0.28449,0.38455422790442756,False
0.18,0.2175,0.2853075,0.3831508275663365,False
0.18,0.22499999999999998,0.286125,0.38175454422221766,False
0.18,0.23249999999999998,0.2869425,0.3803675825087373,False
0.18,0.24,0.28776,0.37899313537144297,False
0.18,0.2475,0.2885775,0.37763598539650745,False
0.18,0.255,0.289395,0.37630358034790956,False
0.18,0.2625,0.2902125,0.3750080447353799,False
0.18,0.27,0.29103,0.3737700991610221,False
0.18,0.27749999999999997,0.2918475,0.3726268482905134,False
0.18,0.285,0.292665,0.37164640451072767,False
0.18,0.2925,0.2934825,0.37094718514263,False
0.18,0.3,0.29429999999999995,0.3706859358751127,False
0.18,0.3075,0.2951175,0.37094718514263,False
0.18,0.315,0.295935,0.37164640451072767,False
0.18,0.3225,0.2967525,0.3726268482905134,False
0.18,0.32999999999999996,0.29756999999999995,0.3737700991610221,False
0.18,0.33749999999999997,0.2983875,0.3750080447353799,False
0.18,0.345,0.299205,0.37630358034790956,False
0.18,0.3525,0.3000225,0.37763598539650745,False
0.18,0.36,0.30084,0.37899313537144297,False
0.18,0.3675,0.3016575,0.3803675825087373,False
0.18,0.375,0.30247500000000005,0.38175454422221766,False
0.18,0.3825,0.3032925,0.3831508275663365,False
0.18,0.39,0.30411,0.38455422790442756,False
0.18,0.39749999999999996,0.3049275,0.38596317807480407,False
0.18,0.40499999999999997,0.305745,0.38737653561121965,False
0.18,0.4125,0.3065625,0.38879344913732766,False
0.18,0.42,0.30738,0.39021327184563354,False
0.18,0.4275,0.3081975,0.3916355039086711,False
0.18,0.435,0.309015,0.39305975319840397,False
0.18,0.4425,0.3098325,0.3944857079008298,False
0.18,0.44999999999999996,0.31065,0.3959131170448704,False
0.18,0.45749999999999996,0.3114675,0.39734177641099944,False
0.18,0.46499999999999997,0.312285,0.3987715181684237,False
0.18,0.4725,0.3131025,0.4002022031424121,False
0.18,0.48,0.31392,0.40163371496703115,False
0.18,0.4875,0.3147375,0.40306595560945746,False
0.18,0.495,0.315555,0.40449884190564267,False
0.18,0.5025,0.3163725,0.40593230285104315,False
0.18,0.51,0.31718999999999997,0.40736627746158655,False
0.18,0.5175,0.3180075,0.40880071306989246,False
0.18,0.525,0.31882499999999997,0.4102355639570149,False
0.18,0.5325,0.3196425,0.4116707902452114,False
0.18,0.54,0.32045999999999997,0.413106356995536,False
0.18,0.5475,0.3212775,0.4145422334674424,False
0.18,0.5549999999999999,0.322095,0.4159783925075047,False
0.18,0.5625,0.32291250000000005,0.4174148100417635,False
0.18,0.57,0.32373,0.41885146465179596,False
0.18,0.5775,0.32454750000000004,0.4188396743425838,False
0.18,0.585,0.325365,0.41869044044206716,False
0.18,0.5925,0.32618250000000004,0.41860059120601173,False
0.18,0.6,0.327,0.41857058957704235,False
0.185,0.0,0.2622,0.3629982823869117,False
0.185,0.0075,0.26301937499999994,0.3630452119824865,False
0.185,0.015,0.26383875,0.363185407618894,False
0.185,0.0225,0.26465812499999997,0.363417126709968,False
0.185,0.03,0.2654775,0.36373758261125905,False
0.185,0.0375,0.266296875,0.3641431041473583,False
0.185,0.045,0.26711625,0.36462932916127466,False
0.185,0.0525,0.26793562499999996,0.36519141047570974,False
0.185,0.06,0.26875499999999997,0.3658242150274832,False
0.185,0.0675,0.269574375,0.36652250181578705,False
0.185,0.075,0.27039375,0.36728107007951316,False
0.185,0.08249999999999999,0.27121312499999994,0.36809487445711603,False
0.185,0.09,0.2720325,0.36895910799996867,False
0.185,0.0975,0.27285187499999997,0.3698692565634815,False
0.185,0.105,0.27367125,0.3708211294256521,False
0.185,0.11249999999999999,0.274490625,0.37181087130271506,False
0.185,0.12,0.27531,0.37283496060353905,False
0.185,0.1275,0.27612937499999995,0.3738901980937327,False
0.185,0.135,0.27694875,0.374973689348194,False
0.185,0.1425,0.277768125,0.37608282359573864,False
0.185,0.15,0.2785875,0.377215250874963,False
0.185,0.1575,0.279406875,0.3783688588553783,False
0.185,0.16499999999999998,0.28022625,0.3795074992761729,False
0.185,0.1725,0.28104562499999997,0.38062710433528785,False
0.185,0.18,0.28186500000000003,0.3818755954424854,False
0.185,0.1875,0.282684375,0.383159937129647,False
0.185,0.195,0.28350375,0.384394570810741,False
0.185,0.20249999999999999,0.28432312499999995,0.3856415302465015,False
0.185,0.21,0.2851425,0.3843709692173884,False
0.185,0.2175,0.285961875,0.38295161002883893,False
0.185,0.22499999999999998,0.28678125,0.3815364062782361,False
0.185,0.23249999999999998,0.287600625,0.38012668626148394,False
0.185,0.24,0.28842,0.37872440223685266,False
0.185,0.2475,0.28923937499999997,0.377332537151379,False
0.185,0.255,0.29005875000000003,0.3759558668617455,False
0.185,0.2625,0.290878125,0.374602484174958,False
0.185,0.27,0.2916975,0.3732870808111274,False
0.185,0.27749999999999997,0.292516875,0.37203858970392983,False
0.185,0.285,0.29333624999999997,0.3709189846448149,False
0.185,0.2925,0.294155625,0.3700655710718902,False
0.185,0.3,0.294975,0.3697254672394978,False
0.185,0.3075,0.295794375,0.3700655710718902,False
0.185,0.315,0.29661374999999995,0.3709189846448149,False
0.185,0.3225,0.29743312499999996,0.37203858970392983,False
0.185,0.32999999999999996,0.2982525,0.3732870808111274,False
0.185,0.33749999999999997,0.299071875,0.374602484174958,False
0.185,0.345,0.29989124999999994,0.3759558668617455,False
0.185,0.3525,0.300710625,0.377332537151379,False
0.185,0.36,0.30152999999999996,0.37872440223685266,False
0.185,0.3675,0.302349375,0.38012668626148394,False
0.185,0.375,0.30316875,0.3815364062782361,False
0.185,0.3825,0.303988125,0.38295161002883893,False
0.185,0.39,0.3048075,0.38437096921738845,False
0.185,0.39749999999999996,0.305626875,0.38579355011203703,False
0.185,0.40499999999999997,0.30644625,0.3872186778934622,False
0.185,0.4125,0.307265625,0.3886458531168161,False
0.185,0.42,0.30808499999999994,0.39007469843110554,False
0.185,0.4275,0.308904375,0.39150492354385724,False
0.185,0.435,0.30972374999999996,0.3929363015584366,False
0.185,0.4425,0.310543125,0.3943686526102724,False
0.185,0.44999999999999996,0.3113625,0.3958018323104061,False
0.185,0.45749999999999996,0.312181875,0.39723572342935315,False
0.185,0.46499999999999997,0.31300124999999995,0.39867022981080946,False
0.185,0.4725,0.313820625,0.4001052718488083,False
0.185,0.48,0.31464,0.4015407830798152,False
0.185,0.4875,0.315459375,0.40297670758227055,False
0.185,0.495,0.31627875,0.4044129979691883,False
0.185,0.5025,0.317098125,0.40584961382201024,False
0.185,0.51,0.31791749999999996,0.4072865204566974,False
0.185,0.5175,0.31873687500000003,0.40872368794273634,False
0.185,0.525,0.31955625,0.410161090316645,False
0.185,0.5325,0.320375625,0.41159870494647255,False
0.185,0.54,0.321195,0.4130365120145556,False
0.185,0.5475,0.322014375,0.4144744940936515,False
0.185,0.5549999999999999,0.32283375,0.4159126357973753,False
0.185,0.5625,0.323653125,0.41735092349018565,False
0.185,0.57,0.3244725,0.41878934504542137,False
0.185,0.5775,0.325291875,0.41979292434251675,False
0.185,0.585,0.32611124999999996,0.4196476806065916,False
0.185,0.5925,0.32693062500000003,0.41956024966153144,False
0.185,0.6,0.32775,0.41953105821265724,False
0.19,0.0,0.2628,0.36203781375129673,False
0.19,0.0075,0.26362125,0.36208687167618336,False
0.19,0.015,0.26444249999999997,0.36223336834578723,False
0.19,0.0225,0.26526374999999996,0.362475318330213,False
0.19,0.03,0.26608499999999996,0.3628095584659011,False
0.19,0.0375,0.26690624999999996,0.3632319438503326,False
0.19,0.045,0.2677275,0.363737582611259,False
0.19,0.0525,0.26854874999999995,0.36432108155929777,False
0.19,0.06,0.26937,0.3649767787880094,False
0.19,0.0675,0.27019124999999994,0.3656989463437864,False
0.19,0.075,0.2710125,0.366481953908485,False
0.19,0.08249999999999999,0.27183375,0.36732039124717886,False
0.19,0.09,0.272655,0.36820915206965665,False
0.19,0.0975,0.27347625,0.3691434848026111,False
0.19,0.105,0.27429749999999997,0.370119016908994,False
0.19,0.11249999999999999,0.27511874999999997,0.3711317593417275,False
0.19,0.12,0.27593999999999996,0.3721780969824805,False
0.19,0.1275,0.27676124999999996,0.37325476988099654,False
0.19,0.135,0.2775825,0.3743588490321968,False
0.19,0.1425,0.27840374999999995,0.37548770944963206,False
0.19,0.15,0.279225,0.3766390024768905,False
0.19,0.1575,0.28004624999999994,0.377810628635454,False
0.19,0.16499999999999998,0.2808675,0.3788955948781956,False
0.19,0.1725,0.28168875,0.3801623354716393,False
0.19,0.18,0.28251,0.3814297198967019,False
0.19,0.1875,0.28333125,0.38266580384092747,False
0.19,0.195,0.2841525,0.3839146252710729,False
0.19,0.20249999999999999,0.28497374999999997,0.3851751061988917,False
0.19,0.21,0.285795,0.3842388881498421,False
0.19,0.2175,0.28661624999999996,0.38280778975053836,False
0.19,0.22499999999999998,0.2874375,0.3813785891887617,False
0.19,0.23249999999999998,0.28825874999999995,0.37995190726552847,False
0.19,0.24,0.28908,0.3785286665891433,False
0.19,0.2475,0.28990125,0.37711029847193633,False
0.19,0.255,0.2907225,0.37569914461854026,False
0.19,0.2625,0.29154375,0.37429930277743534,False
0.19,0.27,0.292365,0.372918598352048,False
0.19,0.27749999999999997,0.29318625,0.3715738208402813,False
0.19,0.285,0.2940075,0.37030708024683756,False
0.19,0.2925,0.29482875,0.3692452329216903,False
0.19,0.3,0.29564999999999997,0.3687649986038829,False
0.19,0.3075,0.29647124999999996,0.3692452329216903,False
0.19,0.315,0.2972925,0.37030708024683756,False
0.19,0.3225,0.29811374999999996,0.3715738208402813,False
0.19,0.32999999999999996,0.29893499999999995,0.372918598352048,False
0.19,0.33749999999999997,0.29975625,0.37429930277743534,False
0.19,0.345,0.30057749999999994,0.37569914461854026,False
0.19,0.3525,0.30139875,0.37711029847193633,False
0.19,0.36,0.30221999999999993,0.3785286665891433,False
0.19,0.3675,0.30304125,0.37995190726552847,False
0.19,0.375,0.30386250000000004,0.3813785891887617,False
0.19,0.3825,0.30468375,0.38280778975053836,False
0.19,0.39,0.30550499999999997,0.3842388881498421,False
0.19,0.39749999999999996,0.30632624999999997,0.38567145161914784,False
0.19,0.40499999999999997,0.30714749999999996,0.38710516939711975,False
0.19,0.4125,0.30796875,0.38853981264483395,False
0.19,0.42,0.30878999999999995,0.3899752091640945,False
0.19,0.4275,0.30961125,0.39141122692007885,False
0.19,0.435,0.31043249999999994,0.39284776299222446,False
0.19,0.4425,0.31125375,0.3942847359781496,False
0.19,0.44999999999999996,0.31207499999999994,0.39572208065531433,False
0.19,0.45749999999999996,0.31289625,0.397159744155245,False
0.19,0.46499999999999997,0.3137175,0.3985976831733187,False
0.19,0.4725,0.31453875,0.40003586190146817,False
0.19,0.48,0.31536,0.4014742504744986,False
0.19,0.4875,0.31618124999999997,0.4029128237871648,False
0.19,0.495,0.31700249999999996,0.40435156058280297,False
0.19,0.5025,0.31782375,0.40579044274351067,False
0.19,0.51,0.31864499999999996,0.40722945473175215,False
0.19,0.5175,0.31946625,0.4086685831470145,False
0.19,0.525,0.32028749999999995,0.4101078163707909,False
0.19,0.5325,0.32110875,0.41154714428002925,False
0.19,0.54,0.32193,0.41298655801412876,False
0.19,0.5475,0.32275125,0.41442604978416686,False
0.19,0.5549999999999999,0.3235725,0.41586561271569267,False
0.19,0.5625,0.32439375,0.4173052407183947,False
0.19,0.57,0.325215,0.41874492837743366,False
0.19,0.5775,0.32603625,0.4201846708623537,False
0.19,0.585,0.32685749999999997,0.4206050898792788,False
0.19,0.5925,0.32767875,0.4205199507069809,False
0.19,0.6,0.32849999999999996,0.4204915268482722,False
0.195,0.0,0.26339999999999997,0.36107734511568185,False
0.195,0.0075,0.26422312499999995,0.36112873332979056,False
0.195,0.015,0.26504625,0.36128212032857754,False
0.195,0.0225,0.26586937499999996,0.3615352308602039,False
0.195,0.03,0.26669249999999994,0.36188445540522035,False
0.195,0.0375,0.2675156249999999,0.36232509291781045,False
0.195,0.045,0.26833874999999996,0.36285163738019427,False
0.195,0.0525,0.26916187499999994,0.36345807194242863,False
0.195,0.06,0.269985,0.3641381408662209,False
0.195,0.0675,0.27080812499999996,0.3648855796914116,False
0.195,0.075,0.27163125,0.3656942946048251,False
0.195,0.08249999999999999,0.27245437499999997,0.3665584905908908,False
0.195,0.09,0.27327749999999995,0.36747275362543014,False
0.195,0.0975,0.27410062499999993,0.3684320950453877,False
0.195,0.105,0.27492374999999997,0.3694319669529012,False
0.195,0.11249999999999999,0.27574687499999995,0.3704682568874032,False
0.195,0.12,0.27657,0.3715372687032033,False
0.195,0.1275,0.27739312499999996,0.3726356950966166,False
0.195,0.135,0.27821625,0.3737605858149675,False
0.195,0.1425,0.279039375,0.37490931438132247,False
0.195,0.15,0.27986249999999996,0.37607954522117276,False
0.195,0.1575,0.28068562499999994,0.3771640854211033,False
0.195,0.16499999999999998,0.28150875,0.3784698444737085,False
0.195,0.1725,0.28233187499999995,0.37969961797929336,False
0.195,0.18,0.283155,0.3809372739394793,False
0.195,0.1875,0.28397812499999997,0.38218810605261877,False
0.195,0.195,0.28480125,0.38345095214704294,False
0.195,0.20249999999999999,0.28562437499999993,0.3847247734796069,False
0.195,0.21,0.28644749999999997,0.3841591559035758,False
0.195,0.2175,0.28727062499999995,0.38272087225298584,False
0.195,0.22499999999999998,0.28809375,0.3812830709939837,False
0.195,0.23249999999999998,0.28891687499999996,0.37984591216243874,False
0.195,0.24,0.28974,0.37840963524837373,False
0.195,0.2475,0.290563125,0.3769746153648864,False
0.195,0.255,0.29138625,0.37554147474124755,False
0.195,0.2625,0.29220937499999994,0.37411132526070734,False
0.195,0.27,0.2930325,0.37268636396089816,False
0.195,0.27749999999999997,0.29385562499999995,0.37127160297559664,False
0.195,0.285,0.29467874999999993,0.3698813298423505,False
0.195,0.2925,0.29550187499999997,0.3685755707897453,False
0.195,0.3,0.296325,0.36780452996826796,False
0.195,0.3075,0.297148125,0.3685755707897453,False
0.195,0.315,0.29797124999999997,0.3698813298423505,False
0.195,0.3225,0.29879437499999995,0.37127160297559664,False
0.195,0.32999999999999996,0.2996174999999999,0.37268636396089816,False
0.195,0.33749999999999997,0.30044062499999996,0.37411132526070734,False
0.195,0.345,0.30126374999999994,0.37554147474124755,False
0.195,0.3525,0.302086875,0.3769746153648864,False
0.195,0.36,0.30290999999999996,0.37840963524837373,False
0.195,0.3675,0.303733125,0.37984591216243874,False
0.195,0.375,0.30455625,0.3812830709939837,False
0.195,0.3825,0.30537937499999995,0.38272087225298584,False
0.195,0.39,0.3062025,0.3841591559035758,False
0.195,0.39749999999999996,0.30702562499999997,0.385597810957728,False
0.195,0.40499999999999997,0.30784874999999995,0.38703675803220255,False
0.195,0.4125,0.308671875,0.38847593885172194,False
0.195,0.42,0.30949499999999996,0.3899153096733909,False
0.195,0.4275,0.310318125,0.39135483702417284,False
0.195,0.435,0.3111412499999999,0.39279449485504336,False
0.195,0.4425,0.31196437499999996,0.3942342625914974,False
0.195,0.44999999999999996,0.31278749999999994,0.39567412376754896,False
0.195,0.45749999999999996,0.313610625,0.3971140650492038,False
0.195,0.46499999999999997,0.31443374999999996,0.39855407552375677,False
0.195,0.4725,0.315256875,0.3999941461741734,False
0.195,0.48,0.31607999999999997,0.401434269484672,False
0.195,0.4875,0.316903125,0.4028744391408304,False
0.195,0.495,0.31772624999999993,0.4043146497988087,False
0.195,0.5025,0.31854937499999997,0.4057548969057938,False
0.195,0.51,0.31937249999999995,0.40719517655887694,False
0.195,0.5175,0.320195625,0.4086354853930987,False
0.195,0.525,0.32101874999999996,0.41007582049186375,False
0.195,0.5325,0.321841875,0.41151617931467843,False
0.195,0.54,0.322665,0.4129565596384269,False
0.195,0.5475,0.323488125,0.41439695950931515,False
0.195,0.5549999999999999,0.32431124999999994,0.4158373772032899,False
0.195,0.5625,0.325134375,0.4172778111932374,False
0.195,0.57,0.32595749999999996,0.41871826012164637,False
0.195,0.5775,0.326780625,0.42015872277770017,False
0.195,0.585,0.32760374999999997,0.4215626553314402,False
0.195,0.5925,0.328426875,0.4214796910712486,False
0.195,0.6,0.32925,0.4214519954838871,False
0.2,0.0,0.264,0.3601168764800669,False
0.2,0.0075,0.264825,0.36017082707918063,False
0.2,0.015,0.26565,0.3603317798160539,False
0.2,0.0225,0.26647499999999996,0.3605971107978744,False
0.2,0.03,0.26730000000000004,0.3609626776637983,False
0.2,0.0375,0.268125,0.36142312281765326,False
0.2,0.045,0.26895,0.3619722254606842,False
0.2,0.0525,0.269775,0.3626032550799493,False
0.2,0.06,0.2706,0.3633092894108817,False
0.2,0.0675,0.27142499999999997,0.36408347462121915,False
0.2,0.075,0.27225,0.36491921965814156,False
0.2,0.08249999999999999,0.273075,0.36581032740285035,False
0.2,0.09,0.27390000000000003,0.3667510716329065,False
0.2,0.0975,0.274725,0.36773623137457073,False
0.2,0.105,0.27555,0.3687610942006012,False
0.2,0.11249999999999999,0.276375,0.3698214385570702,False
0.2,0.12,0.2772,0.3709135031678883,False
0.2,0.1275,0.278025,0.3720339495173235,False
0.2,0.135,0.27885000000000004,0.3731798216268872,False
0.2,0.1425,0.279675,0.3743485059208139,False
0.2,0.15,0.2805,0.37543257596401103,False
0.2,0.1575,0.281325,0.3767453416629316,False
0.2,0.16499999999999998,0.28215,0.3779696475265959,False
0.2,0.1725,0.282975,0.3792090132027763,False
0.2,0.18,0.28380000000000005,0.38046202310500715,False
0.2,0.1875,0.284625,0.38172742078140276,False
0.2,0.195,0.28545000000000004,0.38300408913998113,False
0.2,0.20249999999999999,0.286275,0.3842910331885059,False
0.2,0.21,0.2871,0.3841324967737217,False
0.2,0.2175,0.287925,0.38269179382029933,False
0.2,0.22499999999999998,0.28875,0.3812510908668769,False
0.2,0.23249999999999998,0.289575,0.37981038791345456,False
0.2,0.24,0.29040000000000005,0.37836968496003215,False
0.2,0.2475,0.291225,0.37692898200660974,False
0.2,0.255,0.29205000000000003,0.3754882790531874,False
0.2,0.2625,0.292875,0.37404757609976497,False
0.2,0.27,0.2937,0.37260687314634255,False
0.2,0.27749999999999997,0.29452500000000004,0.3711661701929202,False
0.2,0.285,0.29535,0.3697254672394978,False
0.2,0.2925,0.296175,0.36828476428607543,False
0.2,0.3,0.29700000000000004,0.366844061332653,False
0.2,0.3075,0.297825,0.36828476428607543,False
0.2,0.315,0.29864999999999997,0.3697254672394978,False
0.2,0.3225,0.299475,0.3711661701929202,False
0.2,0.32999999999999996,0.3003,0.37260687314634255,False
0.2,0.33749999999999997,0.30112500000000003,0.37404757609976497,False
0.2,0.345,0.30195,0.3754882790531874,False
0.2,0.3525,0.302775,0.37692898200660974,False
0.2,0.36,0.3036,0.37836968496003215,False
0.2,0.3675,0.304425,0.37981038791345456,False
0.2,0.375,0.30524999999999997,0.3812510908668769,False
0.2,0.3825,0.30607500000000004,0.38269179382029933,False
0.2,0.39,0.30690000000000006,0.3841324967737217,False
0.2,0.39749999999999996,0.307725,0.3855731997271441,False
0.2,0.40499999999999997,0.30855,0.38701390268056646,False
0.2,0.4125,0.309375,0.38845460563398887,False
0.2,0.42,0.3102,0.3898953085874113,False
0.2,0.4275,0.311025,0.39133601154083364,False
0.2,0.435,0.31185,0.39277671449425605,False
0.2,0.4425,0.31267500000000004,0.39421741744767846,False
0.2,0.44999999999999996,0.3135,0.3956581204011008,False
0.2,0.45749999999999996,0.314325,0.39709882335452323,False
0.2,0.46499999999999997,0.31515,0.3985395263079456,False
0.2,0.4725,0.315975,0.399980229261368,False
0.2,0.48,0.3168,0.4014209322147904,False
0.2,0.4875,0.31762500000000005,0.4028616351682128,False
0.2,0.495,0.31845,0.4043023381216352,False
0.2,0.5025,0.31927500000000003,0.40574304107505754,False
0.2,0.51,0.3201,0.40718374402847995,False
0.2,0.5175,0.320925,0.40862444698190237,False
0.2,0.525,0.32175,0.4100651499353247,False
0.2,0.5325,0.32257500000000006,0.41150585288874714,False
0.2,0.54,0.3234,0.41294655584216955,False
0.2,0.5475,0.32422500000000004,0.4143872587955919,False
0.2,0.5549999999999999,0.32505,0.4158279617490143,False
0.2,0.5625,0.325875,0.4172686647024367,False
0.2,0.57,0.3267,0.4187093676558591,False
0.2,0.5775,0.327525,0.4201500706092815,False
0.2,0.585,0.32835000000000003,0.42159077356270386,False
0.2,0.5925,0.32917500000000005,0.4224394678097291,False
0.2,0.6,0.33,0.42241246411950206,False
0.20500000000000002,0.0,0.2646,0.35915640784445196,False
0.20500000000000002,0.0075,0.26542687499999995,0.3592131893599553,False
0.20500000000000002,0.015,0.26625375,0.35938248685301094,False
0.20500000000000002,0.0225,0.26708062499999996,0.3596612533928433,False
0.20500000000000002,0.03,0.2679075,0.36004470575761005,False
0.20500000000000002,0.0375,0.26873437499999997,0.3605267067332305,False
0.20500000000000002,0.045,0.26956125000000003,0.36110020046731794,False
0.20500000000000002,0.0525,0.270388125,0.36175763865941835,False
0.20500000000000002,0.06,0.271215,0.3624913518954772,False
0.20500000000000002,0.0675,0.272041875,0.36329384167730594,False
0.20500000000000002,0.075,0.27286875,0.3641579876337011,False
0.20500000000000002,0.08249999999999999,0.273695625,0.36507717743126655,False
0.20500000000000002,0.09,0.2745225,0.3660453736059229,False
0.20500000000000002,0.0975,0.275349375,0.3670571333062532,False
0.20500000000000002,0.105,0.27617625,0.3681075956793778,False
0.20500000000000002,0.11249999999999999,0.27700312499999996,0.3691924489683516,False
0.20500000000000002,0.12,0.27783,0.3703078864183394,False
0.20500000000000002,0.1275,0.27865687499999997,0.37145055739703076,False
0.20500000000000002,0.135,0.27948375000000003,0.3726175179588721,False
0.20500000000000002,0.1425,0.280310625,0.37380618345252165,False
0.20500000000000002,0.15,0.28113750000000004,0.3750142846185024,False
0.20500000000000002,0.1575,0.281964375,0.3762398278492663,False
0.20500000000000002,0.16499999999999998,0.28279125,0.3774810597884782,False
0.20500000000000002,0.1725,0.283618125,0.3787364361476281,False
0.20500000000000002,0.18,0.284445,0.38000459445237045,False
0.20500000000000002,0.1875,0.285271875,0.38128433035183756,False
0.20500000000000002,0.195,0.28609875,0.3825745770991172,False
0.20500000000000002,0.20249999999999999,0.286925625,0.3838743878181623,False
0.20500000000000002,0.21,0.2877525,0.3841591559035758,False
0.20500000000000002,0.2175,0.28857937499999997,0.38272087225298584,False
0.20500000000000002,0.22499999999999998,0.28940625000000003,0.3812830709939837,False
0.20500000000000002,0.23249999999999998,0.290233125,0.37984591216243874,False
0.20500000000000002,0.24,0.29106000000000004,0.37840963524837373,False
0.20500000000000002,0.2475,0.291886875,0.3769746153648864,False
0.20500000000000002,0.255,0.29271375000000005,0.37554147474124755,False
0.20500000000000002,0.2625,0.293540625,0.37411132526070734,False
0.20500000000000002,0.27,0.2943675,0.37268636396089816,False
0.20500000000000002,0.27749999999999997,0.295194375,0.37127160297559664,False
0.20500000000000002,0.285,0.29602125,0.3698813298423505,False
0.20500000000000002,0.2925,0.296848125,0.3685755707897453,False
0.20500000000000002,0.3,0.29767499999999997,0.36780452996826796,False
0.20500000000000002,0.3075,0.298501875,0.3685755707897453,False
0.20500000000000002,0.315,0.29932875000000003,0.3698813298423505,False
0.20500000000000002,0.3225,0.300155625,0.37127160297559664,False
0.20500000000000002,0.32999999999999996,0.3009825,0.37268636396089816,False
0.20500000000000002,0.33749999999999997,0.301809375,0.37411132526070734,False
0.20500000000000002,0.345,0.30263625,0.37554147474124755,False
0.20500000000000002,0.3525,0.303463125,0.3769746153648864,False
0.20500000000000002,0.36,0.30429,0.37840963524837373,False
0.20500000000000002,0.3675,0.305116875,0.37984591216243874,False
0.20500000000000002,0.375,0.30594375,0.3812830709939837,False
0.20500000000000002,0.3825,0.306770625,0.38272087225298584,False
0.20500000000000002,0.39,0.30759749999999997,0.3841591559035758,False
0.20500000000000002,0.39749999999999996,0.30842437500000003,0.385597810957728,False
0.20500000000000002,0.40499999999999997,0.30925125,0.38703675803220255,False
0.20500000000000002,0.4125,0.31007812500000004,0.38847593885172194,False
0.20500000000000002,0.42,0.310905,0.3899153096733909,False
0.20500000000000002,0.4275,0.311731875,0.39135483702417284,False
0.20500000000000002,0.435,0.31255875,0.39279449485504336,False
0.20500000000000002,0.4425,0.313385625,0.3942342625914974,False
0.20500000000000002,0.44999999999999996,0.3142125,0.39567412376754896,False
0.20500000000000002,0.45749999999999996,0.315039375,0.3971140650492038,False
0.20500000000000002,0.46499999999999997,0.31586625,0.39855407552375677,False
0.20500000000000002,0.4725,0.316693125,0.3999941461741734,False
0.20500000000000002,0.48,0.31751999999999997,0.401434269484672,False
0.20500000000000002,0.4875,0.31834687500000003,0.4028744391408304,False
0.20500000000000002,0.495,0.31917375,0.4043146497988087,False
0.20500000000000002,0.5025,0.32000062500000004,0.4057548969057938,False
0.20500000000000002,0.51,0.3208275,0.40719517655887694,False
0.20500000000000002,0.5175,0.32165437500000005,0.4086354853930987,False
0.20500000000000002,0.525,0.32248125,0.41007582049186375,False
0.20500000000000002,0.5325,0.323308125,0.41151617931467843,False
0.20500000000000002,0.54,0.324135,0.4129565596384269,False
0.20500000000000002,0.5475,0.324961875,0.41439695950931515,False
0.20500000000000002,0.5549999999999999,0.32578875,0.4158373772032899,False
0.20500000000000002,0.5625,0.326615625,0.4172778111932374,False
0.20500000000000002,0.57,0.32744249999999997,0.41871826012164637,False
0.20500000000000002,0.5775,0.32826937500000003,0.42015872277770017,False
0.20500000000000002,0.585,0.32909625,0.42159919807798496,False
0.20500000000000002,0.5925,0.32992312500000004,0.42303968505016326,False
0.20500000000000002,0.6,0.33075,0.42337293275511695,False
0.21,0.0,0.2652,0.3581959392088371,False
0.21,0.0075,0.26602875,0.35825586464134945,False
0.21,0.015,0.26685749999999997,0.3584344116525038,False
0.21,0.0225,0.26768624999999996,0.3587280151240679,False
0.21,0.03,0.268515,0.3591311148259533,False
0.21,0.0375,0.26934375,0.35963664216225943,False
0.21,0.045,0.2701725,0.36023656220319145,False
0.21,0.0525,0.27100124999999997,0.3609223888536238,False
0.21,0.06,0.27183,0.36168561725287574,False
0.21,0.0675,0.27265874999999995,0.3625180480691042,False
0.21,0.075,0.2734875,0.36341200331785833,False
0.21,0.08249999999999999,0.27431625,0.36436044867880246,False
0.21,0.09,0.275145,0.3653570436407394,False
0.21,0.0975,0.27597374999999996,0.3663961409420074,False
0.21,0.105,0.2768025,0.36747275362543014,False
0.21,0.11249999999999999,0.27763125,0.36858250376776835,False
0.21,0.12,0.27846,0.36972156283621616,False
0.21,0.1275,0.27928875,0.37088659022816606,False
0.21,0.135,0.2801175,0.3720746739954294,False
0.21,0.1425,0.28094624999999995,0.3732832759593316,False
0.21,0.15,0.281775,0.37451018223243837,False
0.21,0.1575,0.28260375,0.3757534594154472,False
0.21,0.16499999999999998,0.28343250000000003,0.37701141629812995,False
0.21,0.1725,0.28426124999999997,0.3782825706573406,False
0.21,0.18,0.28509,0.3795656206386145,False
0.21,0.1875,0.28591875,0.38085942017987556,False
0.21,0.195,0.2867475,0.3821629579526395,False
0.21,0.20249999999999999,0.28757625,0.38347533933642275,False
0.21,0.21,0.288405,0.3842388881498421,False
0.21,0.2175,0.28923374999999996,0.38280778975053836,False
0.21,0.22499999999999998,0.2900625,0.3813785891887617,False
0.21,0.23249999999999998,0.29089125,0.37995190726552847,False
0.21,0.24,0.29172000000000003,0.3785286665891433,False
0.21,0.2475,0.29254874999999997,0.37711029847193633,False
0.21,0.255,0.2933775,0.37569914461854026,False
0.21,0.2625,0.29420625,0.37429930277743534,False
0.21,0.27,0.295035,0.372918598352048,False
0.21,0.27749999999999997,0.29586375,0.3715738208402813,False
0.21,0.285,0.29669249999999997,0.37030708024683756,False
0.21,0.2925,0.29752125,0.3692452329216903,False
0.21,0.3,0.29835,0.36876499860388284,False
0.21,0.3075,0.29917875,0.3692452329216903,False
0.21,0.315,0.3000075,0.37030708024683756,False
0.21,0.3225,0.30083624999999997,0.3715738208402813,False
0.21,0.32999999999999996,0.30166499999999996,0.372918598352048,False
0.21,0.33749999999999997,0.30249375,0.37429930277743534,False
0.21,0.345,0.30332249999999994,0.37569914461854026,False
0.21,0.3525,0.30415125,0.37711029847193633,False
0.21,0.36,0.30498,0.3785286665891433,False
0.21,0.3675,0.30580875,0.37995190726552847,False
0.21,0.375,0.30663749999999995,0.3813785891887617,False
0.21,0.3825,0.30746625,0.38280778975053836,False
0.21,0.39,0.30829500000000004,0.3842388881498421,False
0.21,0.39749999999999996,0.30912375,0.38567145161914784,False
0.21,0.40499999999999997,0.30995249999999996,0.38710516939711975,False
0.21,0.4125,0.31078125,0.38853981264483395,False
0.21,0.42,0.31161,0.3899752091640945,False
0.21,0.4275,0.31243875,0.39141122692007885,False
0.21,0.435,0.3132675,0.39284776299222446,False
0.21,0.4425,0.31409625,0.3942847359781496,False
0.21,0.44999999999999996,0.31492499999999995,0.39572208065531433,False
0.21,0.45749999999999996,0.31575375,0.397159744155245,False
0.21,0.46499999999999997,0.3165825,0.3985976831733187,False
0.21,0.4725,0.31741125000000003,0.40003586190146817,False
0.21,0.48,0.31823999999999997,0.4014742504744986,False
0.21,0.4875,0.31906875,0.4029128237871648,False
0.21,0.495,0.3198975,0.40435156058280297,False
0.21,0.5025,0.32072625,0.40579044274351067,False
0.21,0.51,0.321555,0.40722945473175215,False
0.21,0.5175,0.32238375,0.4086685831470145,False
0.21,0.525,0.32321249999999996,0.4101078163707909,False
0.21,0.5325,0.32404125,0.41154714428002925,False
0.21,0.54,0.32487,0.41298655801412876,False
0.21,0.5475,0.32569875000000004,0.41442604978416686,False
0.21,0.5549999999999999,0.32652749999999997,0.41586561271569267,False
0.21,0.5625,0.32735625,0.4173052407183947,False
0.21,0.57,0.328185,0.41874492837743366,False
0.21,0.5775,0.32901375,0.4201846708623537,False
0.21,0.585,0.3298425,0.42162446385034175,False
0.21,0.5925,0.33067125,0.42306430346126717,False
0.21,0.6,0.3315,0.4243334013907319,False
0.215,0.0,0.2658,0.35723547057322214,False
0.215,0.0075,0.26663062499999995,0.3572989077649859,False
0.215,0.015,0.26746125,0.35748776311435276,False
0.215,0.0225,0.26829187499999996,0.35779783014116917,False
0.215,0.03,0.2691225,0.35822259833869113,False
0.215,0.0375,0.26995312499999996,0.3587538794502424,False
0.215,0.045,0.27078375,0.35938248685301094,False
0.215,0.0525,0.27161437499999996,0.36009885924360696,False
0.215,0.06,0.272445,0.36089356140803347,False
0.215,0.0675,0.27327562499999997,0.36175763865941835,False
0.215,0.075,0.27410625,0.362682833845634,False
0.215,0.08249999999999999,0.27493687499999997,0.36366169294251155,False
0.215,0.09,0.2757675,0.3646875899745087,False
0.215,0.0975,0.276598125,0.36575469928356047,False
0.215,0.105,0.27742875,0.3668579372901587,False
0.215,0.11249999999999999,0.278259375,0.3679928895874313,False
0.215,0.12,0.27909,0.36915573380081645,False
0.215,0.1275,0.279920625,0.3703431645383371,False
0.215,0.135,0.28075125,0.3715523238847147,False
0.215,0.1425,0.281581875,0.3727807390130333,False
0.215,0.15,0.2824125,0.37402626733164557,False
0.215,0.1575,0.283243125,0.3752870489218276,False
0.215,0.16499999999999998,0.28407375,0.376561465679455,False
0.215,0.1725,0.284904375,0.37784810642933847,False
0.215,0.18,0.285735,0.3791457372520704,False
0.215,0.1875,0.286565625,0.3804532762978379,False
0.215,0.195,0.28739625,0.3817697724272542,False
0.215,0.20249999999999999,0.288226875,0.3830943870965946,False
0.215,0.21,0.2890575,0.3843709692173884,False
0.215,0.2175,0.289888125,0.38295161002883893,False
0.215,0.22499999999999998,0.29071875,0.3815364062782361,False
0.215,0.23249999999999998,0.291549375,0.38012668626148394,False
0.215,0.24,0.29238000000000003,0.37872440223685266,False
0.215,0.2475,0.293210625,0.377332537151379,False
0.215,0.255,0.29404125,0.3759558668617455,False
0.215,0.2625,0.29487187499999995,0.374602484174958,False
0.215,0.27,0.2957025,0.3732870808111274,False
0.215,0.27749999999999997,0.29653312499999995,0.37203858970392983,False
0.215,0.285,0.29736375,0.3709189846448149,False
0.215,0.2925,0.29819437499999996,0.3700655710718902,False
0.215,0.3,0.29902499999999993,0.3697254672394978,False
0.215,0.3075,0.29985562499999996,0.3700655710718902,False
0.215,0.315,0.30068625,0.3709189846448149,False
0.215,0.3225,0.30151687499999996,0.37203858970392983,False
0.215,0.32999999999999996,0.30234749999999994,0.3732870808111274,False
0.215,0.33749999999999997,0.30317812499999997,0.374602484174958,False
0.215,0.345,0.30400874999999994,0.3759558668617455,False
0.215,0.3525,0.30483937499999997,0.377332537151379,False
0.215,0.36,0.30566999999999994,0.37872440223685266,False
0.215,0.3675,0.30650062499999997,0.38012668626148394,False
0.215,0.375,0.30733125,0.3815364062782361,False
0.215,0.3825,0.308161875,0.38295161002883893,False
0.215,0.39,0.30899249999999995,0.38437096921738845,False
0.215,0.39749999999999996,0.309823125,0.38579355011203703,False
0.215,0.40499999999999997,0.31065374999999995,0.3872186778934622,False
0.215,0.4125,0.311484375,0.3886458531168161,False
0.215,0.42,0.31231499999999995,0.39007469843110554,False
0.215,0.4275,0.313145625,0.39150492354385724,False
0.215,0.435,0.31397624999999996,0.3929363015584366,False
0.215,0.4425,0.314806875,0.3943686526102724,False
0.215,0.44999999999999996,0.31563749999999996,0.3958018323104061,False
0.215,0.45749999999999996,0.316468125,0.39723572342935315,False
0.215,0.46499999999999997,0.31729874999999996,0.39867022981080946,False
0.215,0.4725,0.318129375,0.4001052718488083,False
0.215,0.48,0.31895999999999997,0.4015407830798152,False
0.215,0.4875,0.319790625,0.40297670758227055,False
0.215,0.495,0.32062124999999997,0.4044129979691883,False
0.215,0.5025,0.321451875,0.40584961382201024,False
0.215,0.51,0.32228249999999997,0.4072865204566974,False
0.215,0.5175,0.323113125,0.40872368794273634,False
0.215,0.525,0.32394375,0.410161090316645,False
0.215,0.5325,0.324774375,0.41159870494647255,False
0.215,0.54,0.325605,0.4130365120145556,False
0.215,0.5475,0.326435625,0.4144744940936515,False
0.215,0.5549999999999999,0.32726625,0.4159126357973753,False
0.215,0.5625,0.328096875,0.41735092349018565,False
0.215,0.57,0.3289275,0.41878934504542137,False
0.215,0.5775,0.329758125,0.42022788964235747,False
0.215,0.585,0.33058875,0.4216665475951348,False
0.215,0.5925,0.331419375,0.42310531020787795,False
0.215,0.6,0.33225,0.42454416965144215,False
0.22,0.0,0.26639999999999997,0.3562750019376072,False
0.22,0.0075,0.26723249999999993,0.356342387149252,False
0.22,0.015,0.268065,0.3565428003751244,False
0.22,0.0225,0.26889749999999996,0.3568712321856537,False
0.22,0.03,0.26972999999999997,0.35731999900767625,False
0.22,0.0375,0.27056249999999993,0.35787955800407106,False
0.22,0.045,0.271395,0.3585393641347291,False
0.22,0.0525,0.27222749999999996,0.35928862519710447,False
0.22,0.06,0.27305999999999997,0.3601168764800669,False
0.22,0.0675,0.2738924999999999,0.3610143589420615,False
0.22,0.075,0.274725,0.3619722254606842,False
0.22,0.08249999999999999,0.27555749999999996,0.36298261701776097,False
0.22,0.09,0.27638999999999997,0.36403865159920984,False
0.22,0.0975,0.2772224999999999,0.36513436128169285,False
0.22,0.105,0.278055,0.36626460336531697,False
0.22,0.11249999999999999,0.27888749999999995,0.3674249626392364,False
0.22,0.12,0.27971999999999997,0.3686116550812448,False
0.22,0.1275,0.2805524999999999,0.3698214385570702,False
0.22,0.135,0.281385,0.3710515330273083,False
0.22,0.1425,0.28221749999999995,0.3722995509294302,False
0.22,0.15,0.28304999999999997,0.37356343737867587,False
0.22,0.1575,0.2838825,0.3748414193243321,False
0.22,0.16499999999999998,0.284715,0.37613196259966525,False
0.22,0.1725,0.28554749999999995,0.3774337357798443,False
0.22,0.18,0.28637999999999997,0.3787455798287945,False
0.22,0.1875,0.2872125,0.3800664826231982,False
0.22,0.195,0.288045,0.38139555756144927,False
0.22,0.20249999999999999,0.28887749999999995,0.3827320255821298,False
0.22,0.21,0.28970999999999997,0.384075200023186,False
0.22,0.2175,0.2905425,0.3831508275663365,False
0.22,0.22499999999999998,0.291375,0.38175454422221766,False
0.22,0.23249999999999998,0.29220749999999995,0.3803675825087373,False
0.22,0.24,0.29303999999999997,0.37899313537144297,False
0.22,0.2475,0.2938725,0.37763598539650745,False
0.22,0.255,0.294705,0.37630358034790956,False
0.22,0.2625,0.29553749999999995,0.3750080447353799,False
0.22,0.27,0.29637,0.3737700991610221,False
0.22,0.27749999999999997,0.2972025,0.3726268482905134,False
0.22,0.285,0.29803499999999994,0.37164640451072767,False
0.22,0.2925,0.29886749999999995,0.37094718514263,False
0.22,0.3,0.2997,0.3706859358751127,False
0.22,0.3075,0.3005325,0.37094718514263,False
0.22,0.315,0.30136499999999994,0.37164640451072767,False
0.22,0.3225,0.30219749999999995,0.3726268482905134,False
0.22,0.32999999999999996,0.30302999999999997,0.3737700991610221,False
0.22,0.33749999999999997,0.3038625,0.3750080447353799,False
0.22,0.345,0.30469499999999994,0.37630358034790956,False
0.22,0.3525,0.30552749999999995,0.37763598539650745,False
0.22,0.36,0.30635999999999997,0.37899313537144297,False
0.22,0.3675,0.3071925,0.3803675825087373,False
0.22,0.375,0.30802499999999994,0.38175454422221766,False
0.22,0.3825,0.30885749999999995,0.3831508275663365,False
0.22,0.39,0.30969,0.38455422790442756,False
0.22,0.39749999999999996,0.3105225,0.38596317807480407,False
0.22,0.40499999999999997,0.31135499999999994,0.38737653561121965,False
0.22,0.4125,0.31218749999999995,0.38879344913732766,False
0.22,0.42,0.31301999999999996,0.39021327184563354,False
0.22,0.4275,0.3138525,0.3916355039086711,False
0.22,0.435,0.31468499999999994,0.39305975319840397,False
0.22,0.4425,0.3155175,0.3944857079008298,False
0.22,0.44999999999999996,0.31634999999999996,0.3959131170448704,False
0.22,0.45749999999999996,0.3171825,0.39734177641099944,False
0.22,0.46499999999999997,0.31801499999999994,0.3987715181684237,False
0.22,0.4725,0.3188475,0.4002022031424121,False
0.22,0.48,0.31967999999999996,0.40163371496703115,False
0.22,0.4875,0.3205125,0.40306595560945746,False
0.22,0.495,0.32134499999999994,0.40449884190564267,False
0.22,0.5025,0.3221775,0.40593230285104315,False
0.22,0.51,0.32300999999999996,0.40736627746158655,False
0.22,0.5175,0.3238425,0.40880071306989246,False
0.22,0.525,0.32467499999999994,0.4102355639570149,False
0.22,0.5325,0.3255075,0.4116707902452114,False
0.22,0.54,0.32633999999999996,0.413106356995536,False
0.22,0.5475,0.3271725,0.4145422334674424,False
0.22,0.5549999999999999,0.328005,0.4159783925075047,False
0.22,0.5625,0.3288375,0.4174148100417635,False
0.22,0.57,0.32966999999999996,0.41885146465179596,False
0.22,0.5775,0.3305025,0.4202883372188506,False
0.22,0.585,0.331335,0.4217254106236462,False
0.22,0.5925,0.3321675,0.42316266949194614,False
0.22,0.6,0.33299999999999996,0.42460009997797565,False
0.225,0.0,0.267,0.35531453330199225,False
0.225,0.0075,0.267834375,0.3553863892566449,False
0.225,0.015,0.26866875,0.35559984871335143,False
0.225,0.0225,0.269503125,0.3559488841897908,False
0.225,0.03,0.2703375,0.35642434945237833,False
0.225,0.0375,0.271171875,0.35701505246395426,False
0.225,0.045,0.27200625,0.35770884300010336,False
0.225,0.0525,0.272840625,0.3584935244944706,False
0.225,0.06,0.273675,0.35935750376776837,False
0.225,0.0675,0.274509375,0.36029017966662197,False
0.225,0.075,0.27534375,0.36128212032857754,False
0.225,0.08249999999999999,0.276178125,0.36232509291781045,False
0.225,0.09,0.27701250000000005,0.36341200331785833,False
0.225,0.0975,0.277846875,0.36453678909339765,False
0.225,0.105,0.27868125000000005,0.3656942946048251,False
0.225,0.11249999999999999,0.279515625,0.36688014562415255,False
0.225,0.12,0.28035000000000004,0.3680906327267385,False
0.225,0.1275,0.281184375,0.36932260758598445,False
0.225,0.135,0.28201875000000004,0.3705733932706975,False
0.225,0.1425,0.282853125,0.37184070801498464,False
0.225,0.15,0.28368750000000004,0.3731226011601401,False
0.225,0.1575,0.284521875,0.3744173996941958,False
0.225,0.16499999999999998,0.28535625000000003,0.3757236638087608,False
0.225,0.1725,0.286190625,0.3770401500173859,False
0.225,0.18,0.28702500000000003,0.3783657805567505,False
0.225,0.1875,0.28785937500000003,0.37969961797929336,False
0.225,0.195,0.28869375,0.3810408440224743,False
0.225,0.20249999999999999,0.289528125,0.38238874199663514,False
0.225,0.21,0.2903625,0.3837426820678525,False
0.225,0.2175,0.291196875,0.3834034431145916,False
0.225,0.22499999999999998,0.29203125,0.38203040388114046,False
0.225,0.23249999999999998,0.292865625,0.38067114074227526,False
0.225,0.24,0.2937,0.3793301535956471,False
0.225,0.2475,0.294534375,0.37801402664146216,False
0.225,0.255,0.29536875,0.37673269116696273,False
0.225,0.2625,0.296203125,0.37550160861811444,False
0.225,0.27,0.29703750000000007,0.37434556118268303,False
0.225,0.27749999999999997,0.297871875,0.37330495329893754,False
0.225,0.285,0.29870625,0.37244450774343135,False
0.225,0.2925,0.299540625,0.3718578548066605,False
0.225,0.3,0.30037500000000006,0.37164640451072767,False
0.225,0.3075,0.301209375,0.3718578548066605,False
0.225,0.315,0.30204375,0.37244450774343135,False
0.225,0.3225,0.302878125,0.37330495329893754,False
0.225,0.32999999999999996,0.3037125,0.37434556118268303,False
0.225,0.33749999999999997,0.304546875,0.37550160861811444,False
0.225,0.345,0.30538125,0.37673269116696273,False
0.225,0.3525,0.306215625,0.37801402664146216,False
0.225,0.36,0.30705,0.3793301535956471,False
0.225,0.3675,0.30788437500000004,0.38067114074227526,False
0.225,0.375,0.30871875,0.38203040388114046,False
0.225,0.3825,0.30955312500000004,0.3834034431145916,False
0.225,0.39,0.31038750000000004,0.3847870961930104,False
0.225,0.39749999999999996,0.31122187500000004,0.3861790846064947,False
0.225,0.40499999999999997,0.31205625,0.38757772960433134,False
0.225,0.4125,0.31289062500000003,0.3889817695473712,False
0.225,0.42,0.313725,0.3903902393664656,False
0.225,0.4275,0.31455937500000003,0.39180238910115545,False
0.225,0.435,0.31539375,0.3932176276443978,False
0.225,0.4425,0.316228125,0.39463548312067964,False
0.225,0.44999999999999996,0.3170625,0.3960555744738787,False
0.225,0.45749999999999996,0.317896875,0.39747759075712513,False
0.225,0.46499999999999997,0.31873125,0.39890127580927276,False
0.225,0.4725,0.319565625,0.40032641676054964,False
0.225,0.48,0.3204,0.4017528353013847,False
0.225,0.4875,0.321234375,0.4031803809729248,False
0.225,0.495,0.32206875,0.40460892595573883,False
0.225,0.5025,0.322903125,0.4060383609819643,False
0.225,0.51,0.3237375,0.40746859209917385,False
0.225,0.5175,0.324571875,0.40889953808657886,False
0.225,0.525,0.32540625,0.4103311283756257,False
0.225,0.5325,0.32624062500000006,0.4117633013640694,False
0.225,0.54,0.327075,0.41319600303955456,False
0.225,0.5475,0.32790937500000006,0.4146291858485523,False
0.225,0.5549999999999999,0.32874375,0.4160628077612243,False
0.225,0.5625,0.32957812500000006,0.4174968314938199,False
0.225,0.57,0.3304125,0.4189312238585576,False
0.225,0.5775,0.33124687500000005,0.42036595521730546,False
0.225,0.585,0.33208125,0.42180099902026436,False
0.225,0.5925,0.33291562500000005,0.4232363314146421,False
0.225,0.6,0.33375,0.4246719309112567,False
0.23,0.0,0.2676,0.3543540646663773,False
0.23,0.0075,0.26843625,0.35443102494385265,False
0.23,0.015,0.2692725,0.3546593218293921,False
0.23,0.0225,0.27010874999999995,0.3550316187842924,False
0.23,0.03,0.270945,0.35553692617605226,False
0.23,0.0375,0.27178125,0.3561620317840657,False
0.23,0.045,0.2726175,0.35689288771686384,False
0.23,0.0525,0.27345375,0.35771570489102955,False
0.23,0.06,0.27429000000000003,0.3586176703395429,False
0.23,0.0675,0.27512624999999996,0.359587322423205,False
0.23,0.075,0.2759625,0.36061467251419155,False
0.23,0.08249999999999999,0.27679875,0.3616911662217248,False
0.23,0.09,0.277635,0.3628095584659011,False
0.23,0.0975,0.27847125,0.3639637529206553,False
0.23,0.105,0.2793075,0.3651486361670603,False
0.23,0.11249999999999999,0.28014374999999997,0.3663599226115639,False
0.23,0.12,0.28098,0.36759401721557566,False
0.23,0.1275,0.28181625,0.3688478979131629,False
0.23,0.135,0.28265250000000003,0.370119016908994,False
0.23,0.1425,0.28348875,0.37140521884611477,False
0.23,0.15,0.284325,0.372704673453135,False
0.23,0.1575,0.28516125,0.3740158203211662,False
0.23,0.16499999999999998,0.2859975,0.3753373236917819,False
0.23,0.1725,0.28683375,0.37666803543327915,False
0.23,0.18,0.28767000000000004,0.37800696468029377,False
0.23,0.1875,0.28850625,0.3793532528825925,False
0.23,0.195,0.2893425,0.38070615324234225,False
0.23,0.20249999999999999,0.29017875,0.38206501371431395,False
0.23,0.21,0.291015,0.3834292629035332,False
0.23,0.2175,0.29185125,0.38370705706294955,False
0.23,0.22499999999999998,0.29268750000000004,0.382360907017263,False
0.23,0.23249999999999998,0.29352374999999997,0.38103333985553783,False
0.23,0.24,0.29436,0.37973010028960175,False
0.23,0.2475,0.29519625,0.3784593798818793,False
0.23,0.255,0.29603250000000003,0.3772331180752067,False
0.23,0.2625,0.29686875,0.376069061332653,False
0.23,0.27,0.29770500000000005,0.3749939079569767,False
0.23,0.27749999999999997,0.29854125,0.37404757609976497,False
0.23,0.285,0.2993775,0.3732870808111274,False
0.23,0.2925,0.30021375,0.37278423178475284,False
0.23,0.3,0.30105,0.37260687314634255,False
0.23,0.3075,0.30188625,0.37278423178475284,False
0.23,0.315,0.3027225,0.3732870808111274,False
0.23,0.3225,0.30355875,0.37404757609976497,False
0.23,0.32999999999999996,0.30439499999999997,0.3749939079569767,False
0.23,0.33749999999999997,0.30523125,0.376069061332653,False
0.23,0.345,0.3060675,0.3772331180752067,False
0.23,0.3525,0.30690375000000003,0.3784593798818793,False
0.23,0.36,0.30773999999999996,0.37973010028960175,False
0.23,0.3675,0.30857625,0.38103333985553783,False
0.23,0.375,0.30941250000000003,0.382360907017263,False
0.23,0.3825,0.31024875,0.38370705706294955,False
0.23,0.39,0.311085,0.38506767239083795,False
0.23,0.39749999999999996,0.31192125000000004,0.3864397400654757,False
0.23,0.40499999999999997,0.31275749999999997,0.387821012970105,False
0.23,0.4125,0.31359375,0.389209785667,False
0.23,0.42,0.31443,0.39060474314105237,False
0.23,0.4275,0.31526625,0.39200485672946034,False
0.23,0.435,0.3161025,0.3934093111903148,False
0.23,0.4425,0.31693875,0.3948174527073148,False
0.23,0.44999999999999996,0.317775,0.3962287512238191,False
0.23,0.45749999999999996,0.31861125,0.39764277275050297,False
0.23,0.46499999999999997,0.3194475,0.3990591587250248,False
0.23,0.4725,0.32028375000000003,0.4004776104317297,False
0.23,0.48,0.32112,0.4018978771021238,False
0.23,0.4875,0.32195625,0.403319746727173,False
0.23,0.495,0.3227925,0.404743038891421,False
0.23,0.5025,0.32362875,0.4061675991312794,False
0.23,0.51,0.324465,0.4075932944542714,False
0.23,0.5175,0.32530125000000004,0.4090200097511533,False
0.23,0.525,0.32613749999999997,0.4104476449009791,False
0.23,0.5325,0.32697375,0.4118761124185185,False
0.23,0.54,0.32781,0.4133053355295581,False
0.23,0.5475,0.32864625000000003,0.414735246586309,False
0.23,0.5549999999999999,0.3294825,0.4161657857550614,False
0.23,0.5625,0.33031875000000005,0.4175968999232186,False
0.23,0.57,0.331155,0.4190285417842202,False
0.23,0.5775,0.33199125,0.4204606690675704,False
0.23,0.585,0.3328275,0.42189324388789173,False
0.23,0.5925,0.33366375000000004,0.4233262321921375,False
0.23,0.6,0.3345,0.4247596032881592,False
0.23500000000000001,0.0,0.2682,0.3533935960307624,False
0.23500000000000001,0.0075,0.26903812499999996,0.35347643868684564,False
0.23500000000000001,0.015,0.26987625,0.35372175364827246,False
0.23500000000000001,0.0225,0.27071437499999995,0.35412049453443434,False
0.23500000000000001,0.03,0.2715525,0.3546593218293921,False
0.23500000000000001,0.0375,0.272390625,0.3553225349852163,False
0.23500000000000001,0.045,0.27322875,0.3560938463162558,False
0.23500000000000001,0.0525,0.274066875,0.3569576790004566,False
0.23500000000000001,0.06,0.274905,0.3578999285505944,False
0.23500000000000001,0.0675,0.275743125,0.3589082850008149,False
0.23500000000000001,0.075,0.27658125,0.3599722618307494,False
0.23500000000000001,0.08249999999999999,0.27741937499999997,0.3610830613808803,False
0.23500000000000001,0.09,0.2782575,0.36223336834578723,False
0.23500000000000001,0.0975,0.27909562499999996,0.36341712670996795,False
0.23500000000000001,0.105,0.27993375,0.36462932916127466,False
0.23500000000000001,0.11249999999999999,0.280771875,0.3658658315362708,False
0.23500000000000001,0.12,0.28161,0.3671231956335193,False
0.23500000000000001,0.1275,0.282448125,0.36839855913128616,False
0.23500000000000001,0.135,0.28328625,0.3696895294087826,False
0.23500000000000001,0.1425,0.284124375,0.37099409754306967,False
0.23500000000000001,0.15,0.2849625,0.3723105689047896,False
0.23500000000000001,0.1575,0.285800625,0.37363750720498173,False
0.23500000000000001,0.16499999999999998,0.28663875,0.374973689348194,False
0.23500000000000001,0.1725,0.28747687499999997,0.3763180689284658,False
0.23500000000000001,0.18,0.288315,0.3776697466264406,False
0.23500000000000001,0.1875,0.289153125,0.37902794611829727,False
0.23500000000000001,0.195,0.28999125000000003,0.3803919943938357,False
0.23500000000000001,0.20249999999999999,0.290829375,0.38176130561043653,False
0.23500000000000001,0.21,0.2916675,0.3831353677914198,False
0.23500000000000001,0.2175,0.292505625,0.38405897129465977,False
0.23500000000000001,0.22499999999999998,0.29334375,0.3827426461753363,False
0.23500000000000001,0.23249999999999998,0.294181875,0.3814498179032659,False
0.23500000000000001,0.24,0.29502,0.38018731805655664,False
0.23500000000000001,0.2475,0.29585812499999997,0.378964627532299,False
0.23500000000000001,0.255,0.29669625,0.3777950886817194,False
0.23500000000000001,0.2625,0.297534375,0.3766976457058646,False
0.23500000000000001,0.27,0.29837250000000004,0.37569914461854026,False
0.23500000000000001,0.27749999999999997,0.299210625,0.3748367533072008,False
0.23500000000000001,0.285,0.30004875,0.37415877253679497,False
0.23500000000000001,0.2925,0.300886875,0.3737199703634649,False
0.23500000000000001,0.3,0.301725,0.3735673417819575,False
0.23500000000000001,0.3075,0.302563125,0.3737199703634649,False
0.23500000000000001,0.315,0.30340124999999996,0.37415877253679497,False
0.23500000000000001,0.3225,0.304239375,0.3748367533072008,False
0.23500000000000001,0.32999999999999996,0.30507749999999995,0.37569914461854026,False
0.23500000000000001,0.33749999999999997,0.305915625,0.3766976457058646,False
0.23500000000000001,0.345,0.30675375,0.3777950886817194,False
0.23500000000000001,0.3525,0.307591875,0.378964627532299,False
0.23500000000000001,0.36,0.30843,0.38018731805655664,False
0.23500000000000001,0.3675,0.309268125,0.3814498179032659,False
0.23500000000000001,0.375,0.31010624999999997,0.3827426461753363,False
0.23500000000000001,0.3825,0.310944375,0.38405897129465977,False
0.23500000000000001,0.39,0.3117825,0.3853937917889157,False
0.23500000000000001,0.39749999999999996,0.312620625,0.38674338606993997,False
0.23500000000000001,0.40499999999999997,0.31345874999999995,0.38810494090053543,False
0.23500000000000001,0.4125,0.31429687500000003,0.38947629774446174,False
0.23500000000000001,0.42,0.315135,0.3908557772230262,False
0.23500000000000001,0.4275,0.315973125,0.392242055840094,False
0.23500000000000001,0.435,0.31681125,0.39363407812996015,False
0.23500000000000001,0.4425,0.317649375,0.39503099314510826,False
0.23500000000000001,0.44999999999999996,0.3184875,0.39643210790555133,False
0.23500000000000001,0.45749999999999996,0.319325625,0.3978368528332584,False
0.23500000000000001,0.46499999999999997,0.32016374999999997,0.39924475576965546,False
0.23500000000000001,0.4725,0.321001875,0.40065542221919526,False
0.23500000000000001,0.48,0.32183999999999996,0.4020685201645499,False
0.23500000000000001,0.4875,0.32267812500000004,0.40348376827744176,False
0.23500000000000001,0.495,0.32351625,0.4049009266791316,False
0.23500000000000001,0.5025,0.32435437500000003,0.4063197896349909,False
0.23500000000000001,0.51,0.3251925,0.40774017973036897,False
0.23500000000000001,0.5175,0.326030625,0.4091619431912716,False
0.23500000000000001,0.525,0.32686875,0.4105849460973671,False
0.23500000000000001,0.5325,0.327706875,0.4120090712961192,False
0.23500000000000001,0.54,0.328545,0.41343421587199747,False
0.23500000000000001,0.5475,0.329383125,0.4148602890582876,False
0.23500000000000001,0.5549999999999999,0.33022124999999997,0.41628721050420153,False
0.23500000000000001,0.5625,0.33105937500000004,0.4177149088290335,False
0.23500000000000001,0.57,0.3318975,0.4191433204096227,False
0.23500000000000001,0.5775,0.33273562500000003,0.4205723883585339,False
0.23500000000000001,0.585,0.33357375,0.42200206165898824,False
0.23500000000000001,0.5925,0.334411875,0.423432294429296,False
0.23500000000000001,0.6,0.33525,0.4248630452948011,False
0.24,0.0,0.2688,0.3524331273951475,False
0.24,0.0075,0.26963999999999994,0.3525228223169946,False
0.24,0.015,0.27048,0.35278784467196805,False
0.24,0.0225,0.27131999999999995,0.3532168751976993,False
0.24,0.03,0.27216,0.3537935427247171,False
0.24,0.0375,0.27299999999999996,0.3544990682472534,False
0.24,0.045,0.27384,0.35531453330199225,False
0.24,0.0525,0.27468,0.35622238623548586,False
0.24,0.06,0.27552,0.3572071970164157,False
0.24,0.0675,0.27635999999999994,0.35825586464134945,False
0.24,0.075,0.2772,0.35935750376776837,False
0.24,0.08249999999999999,0.27803999999999995,0.36050318250059105,False
0.24,0.09,0.27888,0.3616856172528757,False
0.24,0.0975,0.27971999999999997,0.3628988799184325,False
0.24,0.105,0.28056,0.3641381408662209,False
0.24,0.11249999999999999,0.2814,0.365399453975949,False
0.24,0.12,0.28224,0.3666795816816658,False
0.24,0.1275,0.28307999999999994,0.3679758547518974,False
0.24,0.135,0.28392,0.369286060813538,False
0.24,0.1425,0.28475999999999996,0.3706083560282675,False
0.24,0.15,0.2856,0.37194119513698837,False
0.24,0.1575,0.28644,0.3732832759593316,False
0.24,0.16499999999999998,0.28728,0.3746334952283615,False
0.24,0.1725,0.28812,0.3759909133084615,False
0.24,0.18,0.28896,0.3773547258841382,False
0.24,0.1875,0.28979999999999995,0.3787242411336491,False
0.24,0.195,0.29064,0.38009886123341374,False
0.24,0.20249999999999999,0.29147999999999996,0.3814780672960212,False
0.24,0.21,0.29232,0.38286140704267235,False
0.24,0.2175,0.29316,0.38424848466345185,False
0.24,0.22499999999999998,0.294,0.3831720281381068,False
0.24,0.23249999999999998,0.29484,0.381916075962423,False
0.24,0.24,0.29568,0.38069613698939125,False
0.24,0.2475,0.29651999999999995,0.3795226111314273,False
0.24,0.255,0.29736,0.37840963524837373,False
0.24,0.2625,0.29819999999999997,0.37737642217911094,False
0.24,0.27,0.29904000000000003,0.37644874768880227,False
0.24,0.27749999999999997,0.29988,0.3756599915161334,False
0.24,0.285,0.30072,0.375050308952607,False
0.24,0.2925,0.30156,0.37466170963633105,False
0.24,0.3,0.30239999999999995,0.37452781041757244,False
0.24,0.3075,0.30324,0.37466170963633105,False
0.24,0.315,0.30408,0.375050308952607,False
0.24,0.3225,0.30491999999999997,0.3756599915161334,False
0.24,0.32999999999999996,0.30576,0.37644874768880227,False
0.24,0.33749999999999997,0.3066,0.37737642217911094,False
0.24,0.345,0.30743999999999994,0.37840963524837373,False
0.24,0.3525,0.30828,0.3795226111314273,False
0.24,0.36,0.30911999999999995,0.38069613698939125,False
0.24,0.3675,0.30996,0.381916075962423,False
0.24,0.375,0.3108,0.3831720281381068,False
0.24,0.3825,0.31164,0.3844562907486015,False
0.24,0.39,0.31248,0.3857630993631661,False
0.24,0.39749999999999996,0.31332,0.3870880882294935,False
0.24,0.40499999999999997,0.31415999999999994,0.3884279094603618,False
0.24,0.4125,0.315,0.3897799638655816,False
0.24,0.42,0.31583999999999995,0.3911422094102329,False
0.24,0.4275,0.31668,0.3925130236217679,False
0.24,0.435,0.31751999999999997,0.39389110368482155,False
0.24,0.4425,0.31836,0.39527539308127146,False
0.24,0.44999999999999996,0.3192,0.3966650271117823,False
0.24,0.45749999999999996,0.32004,0.3980592919901381,False
0.24,0.46499999999999997,0.32087999999999994,0.39945759380002,False
0.24,0.4725,0.32172,0.40085943469529595,False
0.24,0.48,0.32255999999999996,0.4022643944762021,False
0.24,0.4875,0.3234,0.40367211619575977,False
0.24,0.495,0.32424,0.40508229481695507,False
0.24,0.5025,0.32508,0.40649466820064434,False
0.24,0.51,0.32592,0.4079090098897863,False
0.24,0.5175,0.32676,0.40932512328971804,False
0.24,0.525,0.3276,0.4107428369420023,False
0.24,0.5325,0.32844,0.41216200066135594,False
0.24,0.54,0.32927999999999996,0.4135824823586141,False
0.24,0.5475,0.33012,0.41500416541269003,False
0.24,0.5549999999999999,0.33096,0.4164269464846891,False
0.24,0.5625,0.3318,0.41785073369029657,False
0.24,0.57,0.33264,0.4192754450641549,False
0.24,0.5775,0.33348,0.42070100726351695,False
0.24,0.585,0.33432,0.4221273544690066,False
0.24,0.5925,0.33516,0.42355442744855815,False
0.24,0.6,0.33599999999999997,0.42498217275708783,False
0.245,0.0,0.2694,0.35147265875953254,False
0.245,0.0075,0.27024187499999996,0.3515704360567778,False
0.245,0.015,0.27108374999999996,0.35185853111683474,False
0.245,0.0225,0.27192562499999995,0.35232254318951367,False
0.245,0.03,0.2727675,0.35294214127788887,False
0.245,0.0375,0.27360937499999993,0.35369472883812664,False
0.245,0.045,0.27445125,0.3545583279187125,False
0.245,0.0525,0.27529312499999997,0.3555132603383812,False
0.245,0.06,0.27613499999999996,0.3565428003751244,False
0.245,0.0675,0.27697687499999996,0.3576331763999826,False
0.245,0.075,0.27781875,0.35877325312232944,False
0.245,0.08249999999999999,0.27866062499999994,0.3599541077957834,False
0.245,0.09,0.2795025,0.36116861183223514,False
0.245,0.0975,0.280344375,0.3624110645194206,False
0.245,0.105,0.28118624999999997,0.36367689111130486,False
0.245,0.11249999999999999,0.28202812499999996,0.36496240191762547,False
0.245,0.12,0.28287,0.36626460336531697,False
0.245,0.1275,0.28371187499999995,0.36758105105717104,False
0.245,0.135,0.28455375,0.36890973582166003,False
0.245,0.1425,0.28539562499999993,0.37024899529427396,False
0.245,0.15,0.2862375,0.3715974451166859,False
0.245,0.1575,0.28707937499999997,0.37295392517484593,False
0.245,0.16499999999999998,0.28792124999999996,0.3743174573744407,False
0.245,0.1725,0.28876312499999995,0.3756872122915613,False
0.245,0.18,0.289605,0.37706248267800974,False
0.245,0.1875,0.29044687499999994,0.3784426622861495,False
0.245,0.195,0.29128875,0.37982722884387854,False
0.245,0.20249999999999999,0.292130625,0.38121573028544087,False
0.245,0.21,0.29297249999999997,0.38260777355106834,False
0.245,0.2175,0.29381437499999996,0.38400301542501636,False
0.245,0.22499999999999998,0.29465625,0.383645400564988,False
0.245,0.23249999999999998,0.29549812499999994,0.3824276464464835,False
0.245,0.24,0.29634,0.3812510908668769,False
0.245,0.2475,0.297181875,0.3801266862614839,False
0.245,0.255,0.29802375,0.37906883126913854,False
0.245,0.2625,0.29886562499999997,0.378096311107698,False
0.245,0.27,0.2997075,0.3772331180752067,False
0.245,0.27749999999999997,0.30054937499999995,0.37650859055036456,False
0.245,0.285,0.30139124999999994,0.3759558668617455,False
0.245,0.2925,0.302233125,0.37560751527502073,False
0.245,0.3,0.303075,0.3754882790531874,False
0.245,0.3075,0.303916875,0.37560751527502073,False
0.245,0.315,0.30475874999999997,0.3759558668617455,False
0.245,0.3225,0.30560062499999996,0.37650859055036456,False
0.245,0.32999999999999996,0.30644249999999995,0.3772331180752067,False
0.245,0.33749999999999997,0.307284375,0.378096311107698,False
0.245,0.345,0.30812624999999993,0.37906883126913854,False
0.245,0.3525,0.308968125,0.3801266862614839,False
0.245,0.36,0.30981,0.3812510908668769,False
0.245,0.3675,0.31065187499999997,0.3824276464464835,False
0.245,0.375,0.31149374999999996,0.383645400564988,False
0.245,0.3825,0.312335625,0.3848960175978338,False
0.245,0.39,0.3131775,0.3861731197680761,False
0.245,0.39749999999999996,0.314019375,0.38747178842508856,False
0.245,0.40499999999999997,0.3148612499999999,0.3887881949450789,False
0.245,0.4125,0.315703125,0.390119329859568,False
0.245,0.42,0.31654499999999997,0.3914628041925149,False
0.245,0.4275,0.31738687499999996,0.3928167031890372,False
0.245,0.435,0.31822874999999995,0.3941794779199304,False
0.245,0.4425,0.319070625,0.3955498643174155,False
0.245,0.44999999999999996,0.31991249999999993,0.3969268221766979,False
0.245,0.45749999999999996,0.320754375,0.398309488788831,False
0.245,0.46499999999999997,0.32159625,0.3996971433798522,False
0.245,0.4725,0.32243812499999996,0.401089179597889,False
0.245,0.48,0.32327999999999996,0.4024850840452521,False
0.245,0.4875,0.324121875,0.4038844193897777,False
0.245,0.495,0.32496374999999994,0.4052868109741654,False
0.245,0.5025,0.325805625,0.40669193611914567,False
0.245,0.51,0.3266475,0.4080995155175241,False
0.245,0.5175,0.32748937499999997,0.4095093062633926,False
0.245,0.525,0.32833124999999996,0.4109210961694022,False
0.245,0.5325,0.329173125,0.41233469910571574,False
0.245,0.54,0.33001499999999995,0.41374995115472124,False
0.245,0.5475,0.330856875,0.4151667074212107,False
0.245,0.5549999999999999,0.33169875,0.41658483937240626,False
0.245,0.5625,0.332540625,0.41800423260875413,False
0.245,0.57,0.33338249999999997,0.4194247849868592,False
0.245,0.5775,0.334224375,0.4208464050317926,False
0.245,0.585,0.33506624999999995,0.4222690105883808,False
0.245,0.5925,0.335908125,0.423692527670805,False
0.245,0.6,0.33675,0.4251168894775097,False
0.25,0.0,0.27,0.35051219012391766,False
0.25,0.0075,0.27084375,0.35061964179191113,False
0.25,0.015,0.2716875,0.3509350907157833,False
0.25,0.0225,0.27253125,0.35143986461422627,False
0.25,0.03,0.27337500000000003,0.352108396589325,False
0.25,0.0375,0.27421875,0.35291336171295495,False
0.25,0.045,0.27506250000000004,0.3538292877003374,False
0.25,0.0525,0.27590625,0.3548342989841848,False
0.25,0.06,0.27675,0.3559105034678283,False
0.25,0.0675,0.27759375,0.3570436626973278,False
0.25,0.075,0.2784375,0.35822259833869113,False
0.25,0.08249999999999999,0.27928125,0.3594385756471821,False
0.25,0.09,0.280125,0.3606847634363878,False
0.25,0.0975,0.28096875,0.36195579645387477,False
0.25,0.105,0.2818125,0.36324743438538665,False
0.25,0.11249999999999999,0.28265625,0.3645563013059097,False
0.25,0.12,0.28350000000000003,0.36587968829375644,False
0.25,0.1275,0.28434375,0.3672154041971071,False
0.25,0.135,0.28518750000000004,0.3685616625870129,False
0.25,0.1425,0.28603125,0.3699169957488424,False
0.25,0.15,0.28687500000000005,0.37128018886474323,False
0.25,0.1575,0.28771875,0.37265022931237146,False
0.25,0.16499999999999998,0.28856250000000006,0.37402626733164557,False
0.25,0.1725,0.28940625000000003,0.37540758528941115,False
0.25,0.18,0.29025,0.3767935734884831,False
0.25,0.1875,0.29109375,0.37818371099167997,False
0.25,0.195,0.2919375,0.37957755031545176,False
0.25,0.20249999999999999,0.29278125,0.3809747051299798,False
0.25,0.21,0.293625,0.38237484031112495,False
0.25,0.2175,0.29446875,0.3837776638444464,False
0.25,0.22499999999999998,0.29531250000000003,0.3841591559035758,False
0.25,0.23249999999999998,0.29615625,0.3829802202622124,False
0.25,0.24,0.29700000000000004,0.381847061032713,False
0.25,0.2475,0.29784375,0.38077085654906945,False
0.25,0.255,0.29868750000000005,0.37976584526522206,False
0.25,0.2625,0.29953125,0.3788499192778396,False
0.25,0.27,0.30037500000000006,0.3780449541542097,False
0.25,0.27749999999999997,0.30121875000000004,0.37737642217911094,False
0.25,0.285,0.3020625,0.376871648280668,False
0.25,0.2925,0.30290625000000004,0.3765561993567958,False
0.25,0.3,0.30375,0.37644874768880227,False
0.25,0.3075,0.30459375,0.3765561993567958,False
0.25,0.315,0.3054375,0.376871648280668,False
0.25,0.3225,0.30628125,0.37737642217911094,False
0.25,0.32999999999999996,0.307125,0.3780449541542097,False
0.25,0.33749999999999997,0.30796875,0.3788499192778396,False
0.25,0.345,0.3088125,0.37976584526522206,False
0.25,0.3525,0.30965625,0.38077085654906945,False
0.25,0.36,0.3105,0.381847061032713,False
0.25,0.3675,0.31134375000000003,0.3829802202622124,False
0.25,0.375,0.3121875,0.3841591559035758,False
0.25,0.3825,0.31303125000000004,0.3853751332120668,False
0.25,0.39,0.31387500000000007,0.38662132100127244,False
0.25,0.39749999999999996,0.31471875000000005,0.38789235401875943,False
0.25,0.40499999999999997,0.3155625,0.3891839919502713,False
0.25,0.4125,0.31640625,0.3904928588707943,False
0.25,0.42,0.31725,0.3918162458586411,False
0.25,0.4275,0.31809375,0.39315196176199174,False
0.25,0.435,0.3189375,0.39449822015189756,False
0.25,0.4425,0.31978125,0.39585355331372707,False
0.25,0.44999999999999996,0.320625,0.3972167464296279,False
0.25,0.45749999999999996,0.32146875,0.3985867868772561,False
0.25,0.46499999999999997,0.3223125,0.39996282489653023,False
0.25,0.4725,0.32315625000000003,0.4013441428542958,False
0.25,0.48,0.324,0.40273013105336775,False
0.25,0.4875,0.32484375000000004,0.40412026855656463,False
0.25,0.495,0.3256875,0.4055141078803364,False
0.25,0.5025,0.32653125000000005,0.40691126269486444,False
0.25,0.51,0.327375,0.4083113978760096,False
0.25,0.5175,0.32821875000000006,0.40971422140933106,False
0.25,0.525,0.32906250000000004,0.41111947776208935,False
0.25,0.5325,0.32990625,0.4125269424261217,False
0.25,0.54,0.33075,0.41393641740027826,False
0.25,0.5475,0.33159375,0.41534772743120685,False
0.25,0.5549999999999999,0.3324375,0.4167607168696579,False
0.25,0.5625,0.33328125000000003,0.41817524702906955,False
0.25,0.57,0.334125,0.4195911939561426,False
0.25,0.5775,0.33496875000000004,0.42100844654101666,False
0.25,0.585,0.3358125,0.4224269049087062,False
0.25,0.5925,0.33665625000000005,0.4238464790445361,False
0.25,0.6,0.3375,0.42526708761510434,False
0.255,0.0,0.2706,0.3495517214883027,False
0.255,0.0075,0.27144562499999997,0.34967095771013607,False
0.255,0.015,0.27229125,0.3500193092968608,False
0.255,0.0225,0.273136875,0.3505720329854799,False
0.255,0.03,0.2739825,0.35129656051032204,False
0.255,0.0375,0.274828125,0.35215975354281337,False
0.255,0.045,0.27567375,0.3531322737042539,False
0.255,0.0525,0.276519375,0.35419012869659927,False
0.255,0.06,0.27736500000000003,0.35531453330199225,False
0.255,0.0675,0.278210625,0.35649108888159886,False
0.255,0.075,0.27905625,0.35770884300010336,False
0.255,0.08249999999999999,0.27990187499999997,0.35895946003294915,False
0.255,0.09,0.28074750000000004,0.36023656220319145,False
0.255,0.0975,0.281593125,0.3615352308602039,False
0.255,0.105,0.28243875,0.36285163738019427,False
0.255,0.11249999999999999,0.283284375,0.3641827722946834,False
0.255,0.12,0.28413,0.3655262466276302,False
0.255,0.1275,0.284975625,0.36688014562415255,False
0.255,0.135,0.28582125,0.36824292035504574,False
0.255,0.1425,0.286666875,0.36961330675253085,False
0.255,0.15,0.2875125,0.3709902646118132,False
0.255,0.1575,0.288358125,0.3723729312239463,False
0.255,0.16499999999999998,0.28920375000000004,0.3737605858149675,False
0.255,0.1725,0.290049375,0.37515262203300437,False
0.255,0.18,0.290895,0.3765485264803674,False
0.255,0.1875,0.291740625,0.37794786182489304,False
0.255,0.195,0.29258625000000005,0.37935025340928075,False
0.255,0.20249999999999999,0.293431875,0.38075537855426106,False
0.255,0.21,0.2942775,0.38216295795263944,False
0.255,0.2175,0.295123125,0.38357274869850794,False
0.255,0.22499999999999998,0.29596875,0.3847098106872141,False
0.255,0.23249999999999998,0.296814375,0.38356973396486727,False
0.255,0.24,0.29766000000000004,0.3824793579400091,False
0.255,0.2475,0.298505625,0.3814498179032658,False
0.255,0.255,0.29935125,0.38049488548359717,False
0.255,0.2625,0.30019687500000003,0.3796312864030113,False
0.255,0.27,0.30104250000000005,0.37887869884277353,False
0.255,0.27749999999999997,0.301888125,0.37825910075439834,False
0.255,0.285,0.30273375,0.3777950886817194,False
0.255,0.2925,0.303579375,0.37750699362166246,False
0.255,0.3,0.304425,0.3774092163244172,False
0.255,0.3075,0.305270625,0.37750699362166246,False
0.255,0.315,0.30611625000000003,0.3777950886817194,False
0.255,0.3225,0.306961875,0.37825910075439834,False
0.255,0.32999999999999996,0.30780749999999996,0.37887869884277353,False
0.255,0.33749999999999997,0.30865312500000003,0.3796312864030113,False
0.255,0.345,0.30949875,0.38049488548359717,False
0.255,0.3525,0.310344375,0.3814498179032658,False
0.255,0.36,0.31118999999999997,0.3824793579400091,False
0.255,0.3675,0.31203562500000004,0.38356973396486727,False
0.255,0.375,0.31288125000000006,0.3847098106872141,False
0.255,0.3825,0.313726875,0.3858906653606681,False
0.255,0.39,0.3145725,0.3871051693971198,False
0.255,0.39749999999999996,0.315418125,0.3883476220843053,False
0.255,0.40499999999999997,0.31626375,0.3896134486761895,False
0.255,0.4125,0.317109375,0.39089895948251013,False
0.255,0.42,0.317955,0.39220116093020163,False
0.255,0.4275,0.318800625,0.39351760862205565,False
0.255,0.435,0.31964624999999997,0.3948462933865447,False
0.255,0.4425,0.32049187500000004,0.39618555285915863,False
0.255,0.44999999999999996,0.3213375,0.3975340026815706,False
0.255,0.45749999999999996,0.322183125,0.3988904827397306,False
0.255,0.46499999999999997,0.32302875,0.4002540149393254,False
0.255,0.4725,0.32387437500000005,0.401623769856446,False
0.255,0.48,0.32472,0.4029990402428944,False
0.255,0.4875,0.325565625,0.40437921985103414,False
0.255,0.495,0.32641125,0.4057637864087632,False
0.255,0.5025,0.327256875,0.40715228785032553,False
0.255,0.51,0.3281025,0.408544331115953,False
0.255,0.5175,0.32894812500000004,0.409939572989901,False
0.255,0.525,0.32979375,0.41133771256516033,False
0.255,0.5325,0.330639375,0.4127384850135317,False
0.255,0.54,0.331485,0.4141416564089357,False
0.255,0.5475,0.33233062500000005,0.41554701940503297,False
0.255,0.5549999999999999,0.33317625,0.4169543896093666,False
0.255,0.5625,0.334021875,0.41836360252820326,False
0.255,0.57,0.3348675,0.41977451098122487,False
0.255,0.5775,0.33571312500000006,0.42118698290483203,False
0.255,0.585,0.33655875,0.4226008994783011,False
0.255,0.5925,0.33740437500000003,0.42401615351931343,False
0.255,0.6,0.33825,0.42543264810516357,False
0.26,0.0,0.2712,0.34859125285268777,False
0.26,0.0075,0.27204749999999994,0.3487251520714464,False
0.26,0.015,0.272895,0.3491137513877223,False
0.26,0.0225,0.27374249999999994,0.3497234339512487,False
0.26,0.03,0.27459,0.35051219012391766,False
0.26,0.0375,0.27543749999999995,0.35143986461422627,False
0.26,0.045,0.276285,0.3524730776834891,False
0.26,0.0525,0.27713249999999995,0.35358605356654266,False
0.26,0.06,0.27798,0.3547595794245066,False
0.26,0.0675,0.27882749999999995,0.35597951839753833,False
0.26,0.075,0.279675,0.35723547057322214,False
0.26,0.08249999999999999,0.28052249999999995,0.3585197331837168,False
0.26,0.09,0.28137,0.35982654179828144,False
0.26,0.0975,0.28221749999999995,0.3611515306646088,False
0.26,0.105,0.283065,0.36249135189547715,False
0.26,0.11249999999999999,0.28391249999999996,0.36384340630069695,False
0.26,0.12,0.28476,0.36520565184534826,False
0.26,0.1275,0.28560749999999996,0.3665764660568832,False
0.26,0.135,0.286455,0.36795454611993694,False
0.26,0.1425,0.28730249999999996,0.3693388355163868,False
0.26,0.15,0.28815,0.37072846954689764,False
0.26,0.1575,0.28899749999999996,0.3721227344252535,False
0.26,0.16499999999999998,0.289845,0.37352103623513533,False
0.26,0.1725,0.29069249999999996,0.3749228771304113,False
0.26,0.18,0.29154,0.37632783691131744,False
0.26,0.1875,0.29238749999999997,0.3777355586308751,False
0.26,0.195,0.293235,0.3791457372520704,False
0.26,0.20249999999999999,0.29408249999999997,0.38055811063575967,False
0.26,0.21,0.29493,0.3819724523249016,False
0.26,0.2175,0.29577749999999997,0.38338856572483343,False
0.26,0.22499999999999998,0.296625,0.38480627937711764,False
0.26,0.23249999999999998,0.2974725,0.3841924222062341,False
0.26,0.24,0.29832000000000003,0.38314375458130034,False
0.26,0.2475,0.2991675,0.38215894380037047,False
0.26,0.255,0.30001500000000003,0.3812510908668769,False
0.26,0.2625,0.3008625,0.3804356258121381,False
0.26,0.27,0.30171000000000003,0.37973010028960175,False
0.26,0.27749999999999997,0.3025575,0.37915343276258395,False
0.26,0.285,0.303405,0.37872440223685266,False
0.26,0.2925,0.3042525,0.3784593798818793,False
0.26,0.3,0.30510000000000004,0.37836968496003215,False
0.26,0.3075,0.3059475,0.3784593798818793,False
0.26,0.315,0.306795,0.37872440223685266,False
0.26,0.3225,0.3076425,0.37915343276258395,False
0.26,0.32999999999999996,0.30849,0.37973010028960175,False
0.26,0.33749999999999997,0.3093375,0.3804356258121381,False
0.26,0.345,0.310185,0.3812510908668769,False
0.26,0.3525,0.3110325,0.38215894380037047,False
0.26,0.36,0.31188,0.38314375458130034,False
0.26,0.3675,0.3127275,0.3841924222062341,False
0.26,0.375,0.313575,0.38529406133265304,False
0.26,0.3825,0.3144225,0.3864397400654757,False
0.26,0.39,0.31527000000000005,0.38762217481776035,False
0.26,0.39749999999999996,0.3161175,0.38883543748331717,False
0.26,0.40499999999999997,0.316965,0.39007469843110554,False
0.26,0.4125,0.3178125,0.39133601154083364,False
0.26,0.42,0.31866,0.3926161392465505,False
0.26,0.4275,0.3195075,0.39391241231678203,False
0.26,0.435,0.320355,0.39522261837842265,False
0.26,0.4425,0.3212025,0.3965449135931522,False
0.26,0.44999999999999996,0.32205,0.397877752701873,False
0.26,0.45749999999999996,0.3228975,0.39921983352421625,False
0.26,0.46499999999999997,0.323745,0.40057005279324615,False
0.26,0.4725,0.3245925,0.4019274708733462,False
0.26,0.48,0.32544,0.4032912834490229,False
0.26,0.4875,0.3262875,0.4046607986985338,False
0.26,0.495,0.327135,0.4060354187982984,False
0.26,0.5025,0.3279825,0.40741462486090585,False
0.26,0.51,0.32883,0.408797964607557,False
0.26,0.5175,0.3296775,0.41018504222833646,False
0.26,0.525,0.330525,0.41157551000134696,False
0.26,0.5325,0.3313725,0.412969061332653,False
0.26,0.54,0.33222,0.4143654249494517,False
0.26,0.5475,0.3330675,0.4157643600337035,False
0.26,0.5549999999999999,0.333915,0.4171656521262676,False
0.26,0.5625,0.3347625,0.4185691096651582,False
0.26,0.57,0.33560999999999996,0.4199745610479766,False
0.26,0.5775,0.3364575,0.4213818521294941,False
0.26,0.585,0.33730499999999997,0.4227908440819765,False
0.26,0.5925,0.3381525,0.4242014115591061,False
0.26,0.6,0.33899999999999997,0.4256134411149852,False
0.265,0.0,0.2718,0.34763078421707283,False
0.265,0.0075,0.27264937499999997,0.3477834127985802,False
0.265,0.015,0.27349875,0.3482222149719103,False
0.265,0.0225,0.27434812499999994,0.3489001957423161,False
0.265,0.03,0.2751975,0.3497625870536556,False
0.265,0.0375,0.27604687499999997,0.35076108814097995,False
0.265,0.045,0.27689625,0.35185853111683474,False
0.265,0.0525,0.27774562499999994,0.3530280699674143,False
0.265,0.06,0.278595,0.354250760491672,False
0.265,0.0675,0.27944437499999997,0.3555132603383812,False
0.265,0.075,0.28029375,0.35680608861045165,False
0.265,0.08249999999999999,0.28114312499999994,0.3581224137297751,False
0.265,0.09,0.2819925,0.35945723422403103,False
0.265,0.0975,0.28284187499999996,0.3608068285050553,False
0.265,0.105,0.28369125,0.36216838333565077,False
0.265,0.11249999999999999,0.284540625,0.3635397401795771,False
0.265,0.12,0.28539,0.36491921965814156,False
0.265,0.1275,0.28623937499999996,0.3663054982752093,False
0.265,0.135,0.28708875,0.3676975205650755,False
0.265,0.1425,0.287938125,0.3690944355802236,False
0.265,0.15,0.2887875,0.37049555034066667,False
0.265,0.1575,0.28963687499999996,0.37190029526837376,False
0.265,0.16499999999999998,0.29048625,0.3733081982047708,False
0.265,0.1725,0.291335625,0.3747188646543106,False
0.265,0.18,0.29218500000000003,0.37613196259966525,False
0.265,0.1875,0.29303437499999996,0.3775472107125571,False
0.265,0.195,0.29388375,0.3789643691142469,False
0.265,0.20249999999999999,0.294733125,0.3803832320701062,False
0.265,0.21,0.2955825,0.3818036221654843,False
0.265,0.2175,0.29643187499999996,0.3832253856263869,False
0.265,0.22499999999999998,0.29728125,0.38464838853248245,False
0.265,0.23249999999999998,0.298130625,0.38484484256569956,False
0.265,0.24,0.29898,0.38383648611547905,False
0.265,0.2475,0.29982937499999995,0.3828942365653413,False
0.265,0.255,0.30067875,0.38203040388114046,False
0.265,0.2625,0.301528125,0.381259092550101,False
0.265,0.27,0.3023775,0.3805958793942767,False
0.265,0.27749999999999997,0.303226875,0.380057052099319,False
0.265,0.285,0.30407625,0.37965831121315713,False
0.265,0.2925,0.304925625,0.3794129962517303,False
0.265,0.3,0.30577499999999996,0.3793301535956471,False
0.265,0.3075,0.306624375,0.3794129962517303,False
0.265,0.315,0.30747375,0.37965831121315713,False
0.265,0.3225,0.308323125,0.380057052099319,False
0.265,0.32999999999999996,0.30917249999999996,0.3805958793942767,False
0.265,0.33749999999999997,0.310021875,0.381259092550101,False
0.265,0.345,0.31087125,0.38203040388114046,False
0.265,0.3525,0.311720625,0.3828942365653413,False
0.265,0.36,0.31256999999999996,0.38383648611547905,False
0.265,0.3675,0.313419375,0.38484484256569956,False
0.265,0.375,0.31426875000000004,0.38590881939563404,False
0.265,0.3825,0.31511812499999997,0.387019618945765,False
0.265,0.39,0.31596749999999996,0.3881699259106719,False
0.265,0.39749999999999996,0.316816875,0.3893536842748526,False
0.265,0.40499999999999997,0.31766625,0.39056588672615933,False
0.265,0.4125,0.31851562499999997,0.39180238910115545,False
0.265,0.42,0.31936499999999995,0.39305975319840397,False
0.265,0.4275,0.320214375,0.39433511669617083,False
0.265,0.435,0.32106375,0.39562608697366725,False
0.265,0.4425,0.321913125,0.39693065510795433,False
0.265,0.44999999999999996,0.32276249999999995,0.39824712646967425,False
0.265,0.45749999999999996,0.323611875,0.3995740647698664,False
0.265,0.46499999999999997,0.32446125,0.40091024691307864,False
0.265,0.4725,0.325310625,0.4022546264933505,False
0.265,0.48,0.32615999999999995,0.40360630419132526,False
0.265,0.4875,0.327009375,0.40496450368318193,False
0.265,0.495,0.32785875,0.40632855195872036,False
0.265,0.5025,0.328708125,0.4076978631753212,False
0.265,0.51,0.3295575,0.4090719253563045,False
0.265,0.5175,0.330406875,0.4104502893855355,False
0.265,0.525,0.33125625,0.41183255986283296,False
0.265,0.5325,0.332105625,0.41321838747330975,False
0.265,0.54,0.332955,0.41460746259345105,False
0.265,0.5475,0.333804375,0.41599950991162543,False
0.265,0.5549999999999999,0.33465374999999997,0.4173942838840919,False
0.265,0.5625,0.335503125,0.4187915648819094,False
0.265,0.57,0.3363525,0.42019115591145834,False
0.265,0.5775,0.337201875,0.42159287981305493,False
0.265,0.585,0.33805124999999997,0.42299657685956416,False
0.265,0.5925,0.338900625,0.42440210269092027,False
0.265,0.6,0.33975,0.42580932653175135,False
0.27,0.0,0.2724,0.34667031558145794,False
0.27,0.0075,0.27325124999999995,0.3468476742198682,False
0.27,0.015,0.27410249999999997,0.3473505232462427,False
0.27,0.0225,0.27495374999999994,0.3481110185348803,False
0.27,0.03,0.27580499999999997,0.349057350392092,False
0.27,0.0375,0.27665624999999994,0.35013250376776833,False
0.27,0.045,0.27750749999999996,0.35129656051032204,False
0.27,0.0525,0.27835874999999993,0.3525228223169946,False
0.27,0.06,0.27920999999999996,0.3537935427247171,False
0.27,0.0675,0.28006124999999993,0.35509678229065317,False
0.27,0.075,0.2809125,0.35642434945237833,False
0.27,0.08249999999999999,0.28176375,0.3577704994980649,False
0.27,0.09,0.282615,0.3591311148259533,False
0.27,0.0975,0.28346625,0.36050318250059105,False
0.27,0.105,0.2843175,0.36188445540522035,False
0.27,0.11249999999999999,0.28516874999999997,0.3632732281021153,False
0.27,0.12,0.28602,0.3646681855761677,False
0.27,0.1275,0.28687124999999997,0.3660682991645757,False
0.27,0.135,0.2877225,0.36747275362543014,False
0.27,0.1425,0.28857374999999996,0.3688808951424301,False
0.27,0.15,0.289425,0.37029219365893445,False
0.27,0.1575,0.29027624999999996,0.3717062151856183,False
0.27,0.16499999999999998,0.2911275,0.3731226011601401,False
0.27,0.1725,0.29197874999999995,0.374541052866845,False
0.27,0.18,0.29283,0.37596131953723916,False
0.27,0.1875,0.29368124999999995,0.37738318916228836,False
0.27,0.195,0.2945325,0.3788064813265363,False
0.27,0.20249999999999999,0.29538374999999994,0.38023104156639476,False
0.27,0.21,0.29623499999999997,0.3816567368893867,False
0.27,0.2175,0.29708624999999994,0.38308345218626866,False
0.27,0.22499999999999998,0.2979375,0.38451108733609446,False
0.27,0.23249999999999998,0.29878875,0.3855238799880897,False
0.27,0.24,0.29964,0.38455422790442756,False
0.27,0.2475,0.30049125,0.3836522624559142,False
0.27,0.255,0.3013425,0.3828294452817485,False
0.27,0.2625,0.30219375,0.38209858934895036,False
0.27,0.27,0.303045,0.3814734837409369,False
0.27,0.27749999999999997,0.30389625,0.38096817634917707,False
0.27,0.285,0.30474749999999995,0.38059587939427675,False
0.27,0.2925,0.30559875,0.3803675825087373,False
0.27,0.3,0.30645,0.380290622231262,False
0.27,0.3075,0.30730124999999997,0.3803675825087373,False
0.27,0.315,0.30815249999999994,0.38059587939427675,False
0.27,0.3225,0.30900374999999997,0.38096817634917707,False
0.27,0.32999999999999996,0.30985499999999994,0.3814734837409369,False
0.27,0.33749999999999997,0.31070624999999996,0.38209858934895036,False
0.27,0.345,0.31155749999999993,0.3828294452817485,False
0.27,0.3525,0.31240874999999996,0.3836522624559142,False
0.27,0.36,0.3132599999999999,0.38455422790442756,False
0.27,0.3675,0.31411124999999995,0.3855238799880897,False
0.27,0.375,0.3149625,0.3865512300790762,False
0.27,0.3825,0.31581375,0.3876277237866095,False
0.27,0.39,0.31666500000000003,0.3887461160307858,False
0.27,0.39749999999999996,0.31751625,0.38990031048553997,False
0.27,0.40499999999999997,0.31836749999999997,0.39108519373194495,False
0.27,0.4125,0.31921875,0.3922964801764486,False
0.27,0.42,0.32006999999999997,0.39353057478046033,False
0.27,0.4275,0.32092125,0.3947844554780476,False
0.27,0.435,0.32177249999999996,0.3960555744738787,False
0.27,0.4425,0.32262375,0.39734177641099944,False
0.27,0.44999999999999996,0.32347499999999996,0.3986412310180197,False
0.27,0.45749999999999996,0.32432625,0.39995237788605087,False
0.27,0.46499999999999997,0.32517749999999995,0.4012738812566666,False
0.27,0.4725,0.32602875,0.4026045929981638,False
0.27,0.48,0.32687999999999995,0.40394352224517843,False
0.27,0.4875,0.32773125,0.40528981044747714,False
0.27,0.495,0.32858249999999994,0.4066427108072269,False
0.27,0.5025,0.32943374999999997,0.4080015712791986,False
0.27,0.51,0.33028499999999994,0.40936582046841785,False
0.27,0.5175,0.33113625,0.41073495588949704,False
0.27,0.525,0.3319875,0.41210853415627047,False
0.27,0.5325,0.33283875,0.4134861627540084,False
0.27,0.54,0.33369,0.4148674931133994,False
0.27,0.5475,0.33454125,0.4162522147589854,False
0.27,0.5549999999999999,0.3353925,0.4176400503475349,False
0.27,0.5625,0.33624375,0.4190307514461293,False
0.27,0.57,0.337095,0.42042409492726734,False
0.27,0.5775,0.33794625,0.4218198798804473,False
0.27,0.585,0.3387975,0.42321792495756344,False
0.27,0.5925,0.33964875,0.42461806608392505,False
0.27,0.6,0.34049999999999997,0.42602015447844965,False
0.275,0.0,0.273,0.345709846945843,False
0.275,0.0075,0.273853125,0.34592129724177584,False
0.275,0.015,0.27470625000000004,0.3465079501785467,False
0.275,0.0225,0.275559375,0.34736839573405287,False
0.275,0.03,0.2764125,0.34840900361779836,False
0.275,0.0375,0.277265625,0.34956505105322977,False
0.275,0.045,0.27811875,0.35079613360207806,False
0.275,0.0525,0.278971875,0.3520774690765775,False
0.275,0.06,0.27982500000000005,0.3533935960307624,False
0.275,0.0675,0.280678125,0.3547345831773906,False
0.275,0.075,0.28153125,0.3560938463162558,False
0.275,0.08249999999999999,0.282384375,0.35746688554970696,False
0.275,0.09,0.28323750000000003,0.3588505386281257,False
0.275,0.0975,0.284090625,0.36024252704161003,False
0.275,0.105,0.28494375000000005,0.3616411720394467,False
0.275,0.11249999999999999,0.285796875,0.3630452119824865,False
0.275,0.12,0.28665,0.36445368180158094,False
0.275,0.1275,0.287503125,0.3658658315362708,False
0.275,0.135,0.28835625000000004,0.36728107007951316,False
0.275,0.1425,0.289209375,0.368698925555795,False
0.275,0.15,0.29006250000000006,0.370119016908994,False
0.275,0.1575,0.290915625,0.37154103319224047,False
0.275,0.16499999999999998,0.29176875,0.3729647182443881,False
0.275,0.1725,0.29262187500000003,0.374389859195665,False
0.275,0.18,0.29347500000000004,0.37581627773650006,False
0.275,0.1875,0.294328125,0.37724382340804014,False
0.275,0.195,0.29518125000000006,0.37867236839085416,False
0.275,0.20249999999999999,0.296034375,0.3801018034170796,False
0.275,0.21,0.2968875,0.3815320345342892,False
0.275,0.2175,0.29774062500000004,0.3829629805216942,False
0.275,0.22499999999999998,0.29859375000000005,0.384394570810741,False
0.275,0.23249999999999998,0.299446875,0.38582674379918475,False
0.275,0.24,0.30030000000000007,0.38529406133265304,False
0.275,0.2475,0.301153125,0.38443008205935525,False
0.275,0.255,0.30200625000000003,0.383645400564988,False
0.275,0.2625,0.30285937500000004,0.38295161002883893,False
0.275,0.27,0.30371250000000005,0.382360907017263,False
0.275,0.27749999999999997,0.304565625,0.3818854417546755,False
0.275,0.285,0.30541875,0.3815364062782361,False
0.275,0.2925,0.306271875,0.38132294682152956,False
0.275,0.3,0.30712500000000004,0.3812510908668769,False
0.275,0.3075,0.30797812500000005,0.38132294682152956,False
0.275,0.315,0.30883125,0.3815364062782361,False
0.275,0.3225,0.309684375,0.3818854417546755,False
0.275,0.32999999999999996,0.3105375,0.382360907017263,False
0.275,0.33749999999999997,0.31139062500000003,0.38295161002883893,False
0.275,0.345,0.31224375,0.383645400564988,False
0.275,0.3525,0.31309687500000005,0.38443008205935525,False
0.275,0.36,0.31395,0.38529406133265304,False
0.275,0.3675,0.314803125,0.38622673723150663,False
0.275,0.375,0.31565624999999997,0.3872186778934622,False
0.275,0.3825,0.31650937500000004,0.3882616504826951,False
0.275,0.39,0.31736250000000005,0.389348560882743,False
0.275,0.39749999999999996,0.318215625,0.3904733466582823,False
0.275,0.40499999999999997,0.31906875,0.3916308521697098,False
0.275,0.4125,0.319921875,0.3928167031890372,False
0.275,0.42,0.320775,0.39402719029162314,False
0.275,0.4275,0.32162812500000004,0.3952591651508691,False
0.275,0.435,0.32248125,0.39650995083558216,False
0.275,0.4425,0.323334375,0.3977772655798693,False
0.275,0.44999999999999996,0.3241875,0.3990591587250248,False
0.275,0.45749999999999996,0.325040625,0.40035395725908046,False
0.275,0.46499999999999997,0.32589375,0.4016602213736455,False
0.275,0.4725,0.32674687500000005,0.40297670758227055,False
0.275,0.48,0.3276,0.4043023381216352,False
0.275,0.4875,0.328453125,0.405636175544178,False
0.275,0.495,0.32930625,0.40697740158735896,False
0.275,0.5025,0.33015937500000003,0.4083252995615198,False
0.275,0.51,0.3310125,0.40967923963273717,False
0.275,0.5175,0.33186562500000005,0.4110386664898439,False
0.275,0.525,0.33271875,0.41240308897811534,False
0.275,0.5325,0.333571875,0.41377207135864924,False
0.275,0.54,0.33442500000000003,0.41514522591488645,False
0.275,0.5475,0.33527812500000004,0.4165222066784688,False
0.275,0.5549999999999999,0.33613125,0.41790270408782226,False
0.275,0.5625,0.33698437500000006,0.419286440426283,False
0.275,0.57,0.3378375,0.4206731659137251,False
0.275,0.5775,0.338690625,0.4220626553477128,False
0.275,0.585,0.33954375000000003,0.42345470520816464,False
0.275,0.5925,0.34039687500000004,0.4248491311541781,False
0.275,0.6,0.34125,0.42624576585365137,False
0.28,0.0,0.2736,0.34474937831022806,False
0.28,0.0075,0.274455,0.3450106275777453,False
0.28,0.015,0.27531,0.345709846945843,False
0.28,0.0225,0.276165,0.34669029072562874,False
0.28,0.03,0.27702,0.34783354159613744,False
0.28,0.0375,0.277875,0.34907148717049524,False
0.28,0.045,0.27873000000000003,0.3503670227830249,False
0.28,0.0525,0.279585,0.3516994278316228,False
0.28,0.06,0.28044,0.3530565778065583,False
0.28,0.0675,0.28129499999999996,0.35443102494385265,False
0.28,0.075,0.28215,0.355817986657333,False
0.28,0.08249999999999999,0.283005,0.35721427000145184,False
0.28,0.09,0.28386,0.3586176703395429,False
0.28,0.0975,0.284715,0.3600266205099194,False
0.28,0.105,0.28557000000000005,0.361439978046335,False
0.28,0.11249999999999999,0.286425,0.362856891572443,False
0.28,0.12,0.28728000000000004,0.36427671428074887,False
0.28,0.1275,0.288135,0.3656989463437864,False
0.28,0.135,0.28899,0.3671231956335193,False
0.28,0.1425,0.289845,0.36854915033594515,False
0.28,0.15,0.2907,0.36997655947998576,False
0.28,0.1575,0.291555,0.37140521884611477,False
0.28,0.16499999999999998,0.29241,0.37283496060353905,False
0.28,0.1725,0.293265,0.37426564557752745,False
0.28,0.18,0.29412000000000005,0.3756971574021465,False
0.28,0.1875,0.294975,0.3771293980445728,False
0.28,0.195,0.29583000000000004,0.378562284340758,False
0.28,0.20249999999999999,0.296685,0.3799957452861585,False
0.28,0.21,0.29754,0.3814297198967019,False
0.28,0.2175,0.298395,0.3828641555050078,False
0.28,0.22499999999999998,0.29925,0.38429900639213016,False
0.28,0.23249999999999998,0.300105,0.38573423268032675,False
0.28,0.24,0.30096,0.38605343404495157,False
0.28,0.2475,0.301815,0.38522518276198914,False
0.28,0.255,0.30267000000000005,0.38447592169961375,False
0.28,0.2625,0.303525,0.3838161155689557,False
0.28,0.27,0.30438000000000004,0.3832565565725609,False
0.28,0.27749999999999997,0.30523500000000003,0.38280778975053836,False
0.28,0.285,0.30609000000000003,0.3824793579400091,False
0.28,0.2925,0.306945,0.38227894471413665,False
0.28,0.3,0.30779999999999996,0.38221155950249186,False
0.28,0.3075,0.308655,0.38227894471413665,False
0.28,0.315,0.30951000000000006,0.3824793579400091,False
0.28,0.3225,0.310365,0.38280778975053836,False
0.28,0.32999999999999996,0.31122,0.3832565565725609,False
0.28,0.33749999999999997,0.312075,0.3838161155689557,False
0.28,0.345,0.31293,0.38447592169961375,False
0.28,0.3525,0.31378500000000004,0.38522518276198914,False
0.28,0.36,0.31464,0.38605343404495157,False
0.28,0.3675,0.315495,0.3869509165069462,False
0.28,0.375,0.31635,0.38790878302556886,False
0.28,0.3825,0.317205,0.38891917458264563,False
0.28,0.39,0.31806,0.3899752091640945,False
0.28,0.39749999999999996,0.318915,0.3910709188465775,False
0.28,0.40499999999999997,0.31977,0.39220116093020163,False
0.28,0.4125,0.320625,0.3933615202041211,False
0.28,0.42,0.32148,0.3945482126461295,False
0.28,0.4275,0.32233500000000004,0.3957579961219549,False
0.28,0.435,0.32319,0.396988090592193,False
0.28,0.4425,0.324045,0.39823610849431484,False
0.28,0.44999999999999996,0.32489999999999997,0.39949999494356053,False
0.28,0.45749999999999996,0.325755,0.4007779768892168,False
0.28,0.46499999999999997,0.32661,0.4020685201645499,False
0.28,0.4725,0.327465,0.40337029334472896,False
0.28,0.48,0.32832,0.40468213739367914,False
0.28,0.4875,0.32917500000000005,0.40600304018808286,False
0.28,0.495,0.33003,0.40733211512633394,False
0.28,0.5025,0.33088500000000004,0.4086685831470145,False
0.28,0.51,0.33174,0.4100117575880707,False
0.28,0.5175,0.33259500000000003,0.4113610314114892,False
0.28,0.525,0.33345,0.4127158663985102,False
0.28,0.5325,0.334305,0.41407578398808875,False
0.28,0.54,0.33516,0.41544035748781283,False
0.28,0.5475,0.336015,0.41680920543331584,False
0.28,0.5549999999999999,0.33687,0.4181819859108827,False
0.28,0.5625,0.33772500000000005,0.419558391689777,False
0.28,0.57,0.33858,0.42093814603699015,False
0.28,0.5775,0.33943500000000004,0.4223209991086334,False
0.28,0.585,0.34029,0.4237067248298899,False
0.28,0.5925,0.34114500000000003,0.4250951181900183,False
0.28,0.6,0.342,0.4264859928909116,False
0.28500000000000003,0.0,0.2742,0.3437889096746131,False
0.28500000000000003,0.0075,0.275056875,0.34412901350700553,False
0.28500000000000003,0.015,0.27591375,0.3449824270799302,False
0.28500000000000003,0.0225,0.276770625,0.34610203213904517,False
0.28500000000000003,0.03,0.2776275,0.3473505232462427,False
0.28500000000000003,0.0375,0.27848437499999995,0.34866592661007334,False
0.28500000000000003,0.045,0.27934125,0.3500193092968608,False
0.28500000000000003,0.0525,0.28019812499999996,0.3513959795864943,False
0.28500000000000003,0.06,0.281055,0.352787844671968,False
0.28500000000000003,0.0675,0.281911875,0.35419012869659927,False
0.28500000000000003,0.075,0.28276875,0.35559984871335143,False
0.28500000000000003,0.08249999999999999,0.283625625,0.35701505246395426,False
0.28500000000000003,0.09,0.2844825,0.3584344116525037,False
0.28500000000000003,0.0975,0.285339375,0.35985699254715237,False
0.28500000000000003,0.105,0.28619625,0.36128212032857754,False
0.28500000000000003,0.11249999999999999,0.28705312499999996,0.36270929555193143,False
0.28500000000000003,0.12,0.28791,0.36413814086622087,False
0.28500000000000003,0.1275,0.288766875,0.3655683659789726,False
0.28500000000000003,0.135,0.28962375,0.36699974399355195,False
0.28500000000000003,0.1425,0.290480625,0.3684320950453877,False
0.28500000000000003,0.15,0.2913375,0.36986527474552144,False
0.28500000000000003,0.1575,0.292194375,0.3712991658644685,False
0.28500000000000003,0.16499999999999998,0.29305125000000004,0.3727336722459248,False
0.28500000000000003,0.1725,0.29390812499999996,0.3741687142839236,False
0.28500000000000003,0.18,0.294765,0.37560422551493056,False
0.28500000000000003,0.1875,0.295621875,0.3770401500173859,False
0.28500000000000003,0.195,0.29647875,0.3784764404043036,False
0.28500000000000003,0.20249999999999999,0.297335625,0.37991305625712557,False
0.28500000000000003,0.21,0.2981925,0.3813499628918127,False
0.28500000000000003,0.2175,0.299049375,0.38278713037785167,False
0.28500000000000003,0.22499999999999998,0.29990625000000004,0.38422453275176033,False
0.28500000000000003,0.23249999999999998,0.300763125,0.3856621473815879,False
0.28500000000000003,0.24,0.30162,0.38683011897291814,False
0.28500000000000003,0.2475,0.302476875,0.3860354168084916,False
0.28500000000000003,0.255,0.30333375,0.3853190444178956,False
0.28500000000000003,0.2625,0.304190625,0.38469043701512706,False
0.28500000000000003,0.27,0.3050475,0.3841591559035758,False
0.28500000000000003,0.27749999999999997,0.305904375,0.38373438770605384,False
0.28500000000000003,0.285,0.30676125,0.38342432067923743,False
0.28500000000000003,0.2925,0.307618125,0.3832354653298706,False
0.28500000000000003,0.3,0.308475,0.3831720281381068,False
0.28500000000000003,0.3075,0.309331875,0.3832354653298706,False
0.28500000000000003,0.315,0.31018874999999996,0.38342432067923743,False
0.28500000000000003,0.3225,0.311045625,0.38373438770605384,False
0.28500000000000003,0.32999999999999996,0.31190249999999997,0.3841591559035758,False
0.28500000000000003,0.33749999999999997,0.312759375,0.38469043701512706,False
0.28500000000000003,0.345,0.31361625,0.3853190444178956,False
0.28500000000000003,0.3525,0.314473125,0.3860354168084916,False
0.28500000000000003,0.36,0.31533,0.38683011897291814,False
0.28500000000000003,0.3675,0.316186875,0.387694196224303,False
0.28500000000000003,0.375,0.31704374999999996,0.38861939141051866,False
0.28500000000000003,0.3825,0.317900625,0.3895982505073962,False
0.28500000000000003,0.39,0.3187575,0.39062414753939334,False
0.28500000000000003,0.39749999999999996,0.319614375,0.39169125684844514,False
0.28500000000000003,0.40499999999999997,0.32047125,0.39279449485504336,False
0.28500000000000003,0.4125,0.321328125,0.393929447152316,False
0.28500000000000003,0.42,0.322185,0.3950922913657011,False
0.28500000000000003,0.4275,0.32304187500000003,0.39627972210322177,False
0.28500000000000003,0.435,0.32389874999999996,0.3974888814495994,False
0.28500000000000003,0.4425,0.324755625,0.398717296577918,False
0.28500000000000003,0.44999999999999996,0.32561249999999997,0.39996282489653023,False
0.28500000000000003,0.45749999999999996,0.326469375,0.4012236064867123,False
0.28500000000000003,0.46499999999999997,0.32732625,0.40249802324433964,False
0.28500000000000003,0.4725,0.328183125,0.40378466399422314,False
0.28500000000000003,0.48,0.32904,0.40508229481695507,False
0.28500000000000003,0.4875,0.32989687500000003,0.40638983386272254,False
0.28500000000000003,0.495,0.33075375,0.40770632999213885,False
0.28500000000000003,0.5025,0.331610625,0.40903094466147927,False
0.28500000000000003,0.51,0.33246749999999997,0.41036293654789724,False
0.28500000000000003,0.5175,0.333324375,0.41170164848354646,False
0.28500000000000003,0.525,0.33418125,0.41304649633341894,False
0.28500000000000003,0.5325,0.335038125,0.41439695950931515,False
0.28500000000000003,0.54,0.335895,0.4157525728618337,False
0.28500000000000003,0.5475,0.33675187500000003,0.4171129197342519,False
0.28500000000000003,0.5549999999999999,0.33760875,0.4184776259975103,False
0.28500000000000003,0.5625,0.33846562500000005,0.4198463549151009,False
0.28500000000000003,0.57,0.33932249999999997,0.4212188027113483,False
0.28500000000000003,0.5775,0.340179375,0.4225946947371265,False
0.28500000000000003,0.585,0.34103625,0.4239737821441536,False
0.28500000000000003,0.5925,0.341893125,0.4253558389932232,False
0.28500000000000003,0.6,0.34275,0.4267406597335639,False
0.29,0.0,0.2748,0.34282844103899823,False
0.29,0.0075,0.27565874999999995,0.3433086753568057,False
0.29,0.015,0.27651749999999997,0.3443705226819529,False
0.29,0.0225,0.27737624999999994,0.3456372632753966,False
0.29,0.03,0.278235,0.3469820407871633,False
0.29,0.0375,0.27909375,0.3483627452125507,False
0.29,0.045,0.2799525,0.3497625870536556,False
0.29,0.0525,0.28081124999999996,0.35117374090705167,False
0.29,0.06,0.28167,0.35259210902425864,False
0.29,0.0675,0.28252874999999994,0.3540153497006438,False
0.29,0.075,0.2833875,0.35544203162387705,False
0.29,0.08249999999999999,0.28424625,0.3568712321856537,False
0.29,0.09,0.285105,0.3583023305849574,False
0.29,0.0975,0.28596374999999996,0.3597348940542632,False
0.29,0.105,0.2868225,0.3611686118322351,False
0.29,0.11249999999999999,0.28768124999999994,0.3626032550799493,False
0.29,0.12,0.28854,0.36403865159920984,False
0.29,0.1275,0.28939875,0.3654746693551942,False
0.29,0.135,0.2902575,0.3669112054273398,False
0.29,0.1425,0.29111624999999997,0.36834817841326495,False
0.29,0.15,0.291975,0.36978552309042967,False
0.29,0.1575,0.29283374999999995,0.37122318659036035,False
0.29,0.16499999999999998,0.2936925,0.372661125608434,False
0.29,0.1725,0.29455125,0.37409930433658356,False
0.29,0.18,0.29541,0.3755376929096139,False
0.29,0.1875,0.29626874999999997,0.37697626622228014,False
0.29,0.195,0.2971275,0.3784150030179183,False
0.29,0.20249999999999999,0.29798624999999995,0.379853885178626,False
0.29,0.21,0.298845,0.3812928971668675,False
0.29,0.2175,0.29970375,0.3827320255821298,False
0.29,0.22499999999999998,0.3005625,0.3841712588059062,False
0.29,0.23249999999999998,0.30142125,0.3856105867151446,False
0.29,0.24,0.30228,0.3870500004492441,False
0.29,0.2475,0.30313874999999996,0.3868589464185085,False
0.29,0.255,0.30399750000000003,0.3861731197680761,False
0.29,0.2625,0.30485625,0.3855731997271441,False
0.29,0.27,0.305715,0.38506767239083795,False
0.29,0.27749999999999997,0.30657375,0.38466457268895254,False
0.29,0.285,0.3074325,0.3843709692173884,False
0.29,0.2925,0.30829124999999996,0.3841924222062341,False
0.29,0.3,0.30915,0.3841324967737217,False
0.29,0.3075,0.31000875,0.3841924222062341,False
0.29,0.315,0.3108675,0.3843709692173884,False
0.29,0.3225,0.31172625,0.38466457268895254,False
0.29,0.32999999999999996,0.31258499999999995,0.38506767239083795,False
0.29,0.33749999999999997,0.31344374999999997,0.3855731997271441,False
0.29,0.345,0.3143025,0.3861731197680761,False
0.29,0.3525,0.31516125,0.3868589464185085,False
0.29,0.36,0.31601999999999997,0.38762217481776035,False
0.29,0.3675,0.31687875,0.38845460563398887,False
0.29,0.375,0.3177375,0.389348560882743,False
0.29,0.3825,0.31859624999999997,0.39029700624368713,False
0.29,0.39,0.319455,0.39129360120562406,False
0.29,0.39749999999999996,0.32031375,0.39233269850689206,False
0.29,0.40499999999999997,0.32117249999999997,0.3934093111903148,False
0.29,0.4125,0.32203125,0.394519061332653,False
0.29,0.42,0.32288999999999995,0.3956581204011008,False
0.29,0.4275,0.32374875,0.3968231477930507,False
0.29,0.435,0.3246075,0.39801123156031404,False
0.29,0.4425,0.32546625,0.39921983352421625,False
0.29,0.44999999999999996,0.326325,0.40044673979732304,False
0.29,0.45749999999999996,0.32718375,0.40169001698033185,False
0.29,0.46499999999999997,0.32804249999999996,0.40294797386301456,False
0.29,0.4725,0.32890125,0.4042191282222253,False
0.29,0.48,0.32976,0.40550217820349915,False
0.29,0.4875,0.33061875,0.40679597774476023,False
0.29,0.495,0.3314775,0.4080995155175241,False
0.29,0.5025,0.33233625,0.4094118969013074,False
0.29,0.51,0.33319499999999996,0.4107323285575048,False
0.29,0.5175,0.33405375,0.4120601052219629,False
0.29,0.525,0.3349125,0.413394598386483,False
0.29,0.5325,0.33577125,0.414735246586309,False
0.29,0.54,0.33663,0.41608154705237677,False
0.29,0.5475,0.33748875,0.4174330485235427,False
0.29,0.5549999999999999,0.33834749999999997,0.41878934504542137,False
0.29,0.5625,0.33920625,0.4201500706092815,False
0.29,0.57,0.340065,0.4215148945072078,False
0.29,0.5775,0.34092375,0.422883517298963,False
0.29,0.585,0.3417825,0.424255667302178,False
0.29,0.5925,0.34264125,0.42563109753112116,False
0.29,0.6,0.34349999999999997,0.42700958302074277,False
0.295,0.0,0.2754,0.3418679724033833,False
0.295,0.0075,0.2762606249999999,0.3426390132248606,False
0.295,0.015,0.27712125,0.34394477227746584,False
0.295,0.0225,0.27798187499999993,0.34533504541071197,False
0.295,0.03,0.2788425,0.3467498063960135,False
0.295,0.0375,0.27970312499999994,0.34817476769582273,False
0.295,0.045,0.28056375,0.3496049171763629,False
0.295,0.0525,0.28142437499999995,0.35103805780000175,False
0.295,0.06,0.282285,0.35247307768348907,False
0.295,0.0675,0.28314562499999996,0.35390935459755407,False
0.295,0.075,0.28400624999999996,0.355346513429099,False
0.295,0.08249999999999999,0.28486687499999996,0.3567843146881012,False
0.295,0.09,0.28572749999999997,0.35822259833869113,False
0.295,0.0975,0.28658812499999997,0.3596612533928433,False
0.295,0.105,0.28744875,0.3611002004673179,False
0.295,0.11249999999999999,0.288309375,0.36253938128683727,False
0.295,0.12,0.28917,0.3639787521085062,False
0.295,0.1275,0.290030625,0.3654182794592882,False
0.295,0.135,0.29089125,0.3668579372901587,False
0.295,0.1425,0.29175187499999994,0.36829770502661274,False
0.295,0.15,0.2926125,0.3697375662026643,False
0.295,0.1575,0.29347312499999995,0.37117750748431916,False
0.295,0.16499999999999998,0.29433375,0.3726175179588721,False
0.295,0.1725,0.29519437499999995,0.3740575886092887,False
0.295,0.18,0.296055,0.3754977119197873,False
0.295,0.1875,0.29691562499999996,0.3769378815759457,False
0.295,0.195,0.29777625,0.37837809223392405,False
0.295,0.20249999999999999,0.29863687499999997,0.37981833934090914,False
0.295,0.21,0.29949749999999997,0.38125861899399227,False
0.295,0.2175,0.300358125,0.382698927828214,False
0.295,0.22499999999999998,0.30121875,0.3841392629269791,False
0.295,0.23249999999999998,0.302079375,0.38557962174979377,False
0.295,0.24,0.30294,0.38702000207354226,False
0.295,0.2475,0.303800625,0.387694196224303,False
0.295,0.255,0.30466125,0.38703675803220255,False
0.295,0.2625,0.305521875,0.38646326429811517,False
0.295,0.27,0.3063825,0.38598126332249466,False
0.295,0.27749999999999997,0.30724312499999995,0.385597810957728,False
0.295,0.285,0.30810374999999995,0.3853190444178956,False
0.295,0.2925,0.30896437499999996,0.38514974692483994,False
0.295,0.3,0.309825,0.38509296540933663,False
0.295,0.3075,0.31068562499999997,0.38514974692483994,False
0.295,0.315,0.31154624999999997,0.3853190444178956,False
0.295,0.3225,0.312406875,0.385597810957728,False
0.295,0.32999999999999996,0.3132675,0.38598126332249466,False
0.295,0.33749999999999997,0.314128125,0.38646326429811517,False
0.295,0.345,0.31498874999999993,0.38703675803220255,False
0.295,0.3525,0.315849375,0.387694196224303,False
0.295,0.36,0.31670999999999994,0.3884279094603618,False
0.295,0.3675,0.317570625,0.3892303992421906,False
0.295,0.375,0.31843124999999994,0.3900945451985858,False
0.295,0.3825,0.319291875,0.3910137349961512,False
0.295,0.39,0.3201525,0.39198193117080754,False
0.295,0.39749999999999996,0.321013125,0.3929936908711379,False
0.295,0.40499999999999997,0.32187374999999996,0.39404415324426245,False
0.295,0.4125,0.32273437499999996,0.3951290065332363,False
0.295,0.42,0.32359499999999997,0.39624444398322406,False
0.295,0.4275,0.32445562499999997,0.3973871149619154,False
0.295,0.435,0.32531625,0.39855407552375677,False
0.295,0.4425,0.326176875,0.3997427410174063,False
0.295,0.44999999999999996,0.3270375,0.40095084218338706,False
0.295,0.45749999999999996,0.327898125,0.40217638541415096,False
0.295,0.46499999999999997,0.32875875,0.40341761735336285,False
0.295,0.4725,0.329619375,0.40467299371251275,False
0.295,0.48,0.33047999999999994,0.4059411520172551,False
0.295,0.4875,0.331340625,0.40722088791672223,False
0.295,0.495,0.33220124999999995,0.40851113466400185,False
0.295,0.5025,0.333061875,0.40981094538304697,False
0.295,0.51,0.33392249999999996,0.41111947776208935,False
0.295,0.5175,0.334783125,0.4124359808469705,False
0.295,0.525,0.33564374999999996,0.4137597836440488,False
0.295,0.5325,0.336504375,0.4150902852781599,False
0.295,0.54,0.33736499999999997,0.4164269464846891,False
0.295,0.5475,0.338225625,0.41776928224528137,False
0.295,0.5549999999999999,0.33908625,0.41911685540375654,False
0.295,0.5625,0.339946875,0.4204692711224524,False
0.295,0.57,0.3408075,0.4218261720596886,False
0.295,0.5775,0.341668125,0.4231872341666353,False
0.295,0.585,0.34252875,0.4245521630169053,False
0.295,0.5925,0.343389375,0.4259206905949933,False
0.295,0.6,0.34425,0.4272925724805713,False
0.3,0.0,0.27599999999999997,0.34090750376776835,False
0.3,0.0075,0.27686249999999996,0.34234820672119076,False
0.3,0.015,0.27772499999999994,0.3437889096746131,False
0.3,0.0225,0.27858749999999993,0.34522961262803553,False
0.3,0.03,0.27945,0.3466703155814579,False
0.3,0.0375,0.28031249999999996,0.3481110185348803,False
0.3,0.045,0.28117499999999995,0.3495517214883027,False
0.3,0.0525,0.28203749999999994,0.35099242444172507,False
0.3,0.06,0.2829,0.3524331273951475,False
0.3,0.0675,0.2837625,0.3538738303485699,False
0.3,0.075,0.28462499999999996,0.35531453330199225,False
0.3,0.08249999999999999,0.28548749999999995,0.35675523625541466,False
0.3,0.09,0.28635,0.358195939208837,False
0.3,0.0975,0.2872124999999999,0.35963664216225943,False
0.3,0.105,0.28807499999999997,0.3610773451156818,False
0.3,0.11249999999999999,0.28893749999999996,0.3625180480691042,False
0.3,0.12,0.2898,0.3639587510225266,False
0.3,0.1275,0.29066249999999993,0.365399453975949,False
0.3,0.135,0.291525,0.3668401569293714,False
0.3,0.1425,0.29238749999999997,0.3682808598827938,False
0.3,0.15,0.29324999999999996,0.36972156283621616,False
0.3,0.1575,0.29411249999999994,0.37116226578963857,False
0.3,0.16499999999999998,0.294975,0.3726029687430609,False
0.3,0.1725,0.2958375,0.37404367169648334,False
0.3,0.18,0.29669999999999996,0.37548437464990575,False
0.3,0.1875,0.29756249999999995,0.3769250776033281,False
0.3,0.195,0.298425,0.3783657805567505,False
0.3,0.20249999999999999,0.2992875,0.3798064835101729,False
0.3,0.21,0.30015,0.3812471864635953,False
0.3,0.2175,0.30101249999999996,0.3826878894170177,False
0.3,0.22499999999999998,0.301875,0.38412859237044006,False
0.3,0.23249999999999998,0.30273749999999994,0.38556929532386247,False
0.3,0.24,0.3036,0.3870099982772849,False
0.3,0.2475,0.30446249999999997,0.38845070123070724,False
0.3,0.255,0.305325,0.38790878302556886,False
0.3,0.2625,0.30618749999999995,0.3873596803825379,False
0.3,0.27,0.30705,0.3868992352286829,False
0.3,0.27749999999999997,0.3079125,0.38653366836275904,False
0.3,0.285,0.30877499999999997,0.3862683373809386,False
0.3,0.2925,0.30963749999999995,0.3861073846440653,False
0.3,0.3,0.31049999999999994,0.38605343404495157,False
0.3,0.3075,0.3113625,0.3861073846440653,False
0.3,0.315,0.312225,0.3862683373809386,False
0.3,0.3225,0.31308749999999996,0.38653366836275904,False
0.3,0.32999999999999996,0.31394999999999995,0.3868992352286829,False
0.3,0.33749999999999997,0.3148125,0.3873596803825379,False
0.3,0.345,0.31567499999999993,0.38790878302556886,False
0.3,0.3525,0.31653749999999997,0.38853981264483395,False
0.3,0.36,0.31739999999999996,0.38924584697576636,False
0.3,0.3675,0.31826249999999995,0.3900200321861038,False
0.3,0.375,0.319125,0.39085577722302617,False
0.3,0.3825,0.3199875,0.391746884967735,False
0.3,0.39,0.32084999999999997,0.39268762919779115,False
0.3,0.39749999999999996,0.32171249999999996,0.3936727889394554,False
0.3,0.40499999999999997,0.32257499999999995,0.3946976517654859,False
0.3,0.4125,0.3234375,0.39575799612195484,False
0.3,0.42,0.3242999999999999,0.39685006073277296,False
0.3,0.4275,0.32516249999999997,0.39797050708220816,False
0.3,0.435,0.32602499999999995,0.39911637919177184,False
0.3,0.4425,0.3268875,0.4002850634856986,False
0.3,0.44999999999999996,0.32774999999999993,0.4014742504744986,False
0.3,0.45749999999999996,0.3286125,0.4026818992278163,False
0.3,0.46499999999999997,0.32947499999999996,0.40390620509148056,False
0.3,0.4725,0.3303375,0.40514557076766095,False
0.3,0.48,0.33119999999999994,0.4063985806698918,False
0.3,0.4875,0.3320625,0.4076639783462874,False
0.3,0.495,0.33292499999999997,0.4089406467048658,False
0.3,0.5025,0.33378749999999996,0.41022759075339055,False
0.3,0.51,0.33464999999999995,0.4115239225678896,False
0.3,0.5175,0.3355125,0.4128288482191875,False
0.3,0.525,0.336375,0.4141416564089357,False
0.3,0.5325,0.33723749999999997,0.4154617085916473,False
0.3,0.54,0.33809999999999996,0.41678843038462926,False
0.3,0.5475,0.3389625,0.4181213040919902,False
0.3,0.5549999999999999,0.33982499999999993,0.4194598621913304,False
0.3,0.5625,0.3406875,0.4208036816519251,False
0.3,0.57,0.34154999999999996,0.42215237897114205,False
0.3,0.5775,0.3424125,0.42350560583154573,False
0.3,0.585,0.34327499999999994,0.4248630452948011,False
0.3,0.5925,0.3441375,0.42622440846030124,False
0.3,0.6,0.345,0.4275894315266028,False
0.305,0.0,0.2766,0.3418679724033833,False
0.305,0.0075,0.277464375,0.3426390132248606,False
0.305,0.015,0.27832875,0.34394477227746584,False
0.305,0.0225,0.279193125,0.34533504541071197,False
0.305,0.03,0.2800575,0.3467498063960135,False
0.305,0.0375,0.280921875,0.34817476769582273,False
0.305,0.045,0.28178625,0.3496049171763629,False
0.305,0.0525,0.282650625,0.35103805780000175,False
0.305,0.06,0.283515,0.35247307768348907,False
0.305,0.0675,0.284379375,0.35390935459755407,False
0.305,0.075,0.28524375,0.355346513429099,False
0.305,0.08249999999999999,0.286108125,0.3567843146881012,False
0.305,0.09,0.2869725,0.35822259833869113,False
0.305,0.0975,0.287836875,0.3596612533928433,False
0.305,0.105,0.28870125,0.3611002004673179,False
0.305,0.11249999999999999,0.289565625,0.36253938128683727,False
0.305,0.12,0.29043,0.3639787521085062,False
0.305,0.1275,0.291294375,0.3654182794592882,False
0.305,0.135,0.29215875,0.3668579372901587,False
0.305,0.1425,0.293023125,0.36829770502661274,False
0.305,0.15,0.2938875,0.3697375662026643,False
0.305,0.1575,0.294751875,0.37117750748431916,False
0.305,0.16499999999999998,0.29561625,0.3726175179588721,False
0.305,0.1725,0.296480625,0.3740575886092887,False
0.305,0.18,0.297345,0.3754977119197873,False
0.305,0.1875,0.298209375,0.3769378815759457,False
0.305,0.195,0.29907375,0.37837809223392405,False
0.305,0.20249999999999999,0.299938125,0.37981833934090914,False
0.305,0.21,0.30080250000000003,0.38125861899399227,False
0.305,0.2175,0.301666875,0.382698927828214,False
0.305,0.22499999999999998,0.30253125000000003,0.3841392629269791,False
0.305,0.23249999999999998,0.303395625,0.38557962174979377,False
0.305,0.24,0.30426000000000003,0.38702000207354226,False
0.305,0.2475,0.305124375,0.3884604019444305,False
0.305,0.255,0.30598875000000003,0.3887881949450789,False
0.305,0.2625,0.306853125,0.38826165048269506,False
0.305,0.27,0.30771750000000003,0.387821012970105,False
0.305,0.27749999999999997,0.308581875,0.38747178842508856,False
0.305,0.285,0.30944625000000003,0.3872186778934622,False
0.305,0.2925,0.310310625,0.3870652908946752,False
0.305,0.3,0.311175,0.38701390268056646,False
0.305,0.3075,0.312039375,0.3870652908946752,False
0.305,0.315,0.31290375000000004,0.3872186778934622,False
0.305,0.3225,0.313768125,0.38747178842508856,False
0.305,0.32999999999999996,0.3146325,0.387821012970105,False
0.305,0.33749999999999997,0.315496875,0.38826165048269506,False
0.305,0.345,0.31636125,0.3887881949450789,False
0.305,0.3525,0.317225625,0.3893946295073133,False
0.305,0.36,0.31809,0.39007469843110554,False
0.305,0.3675,0.318954375,0.3908221372562963,False
0.305,0.375,0.31981875000000004,0.3916308521697098,False
0.305,0.3825,0.320683125,0.3924950481557754,False
0.305,0.39,0.3215475,0.3934093111903148,False
0.305,0.39749999999999996,0.322411875,0.3943686526102724,False
0.305,0.40499999999999997,0.32327625,0.39536852451778587,False
0.305,0.4125,0.324140625,0.3964048144522878,False
0.305,0.42,0.325005,0.39747382626808797,False
0.305,0.4275,0.325869375,0.39857225266150126,False
0.305,0.435,0.32673375,0.3996971433798522,False
0.305,0.4425,0.327598125,0.40084587194620713,False
0.305,0.44999999999999996,0.3284625,0.4020161027860574,False
0.305,0.45749999999999996,0.329326875,0.40320575993159086,False
0.305,0.46499999999999997,0.33019125,0.4044129979691883,False
0.305,0.4725,0.331055625,0.405636175544178,False
0.305,0.48,0.33192,0.40687383150436396,False
0.305,0.4875,0.332784375,0.40812466361750344,False
0.305,0.495,0.33364875,0.4093875097119276,False
0.305,0.5025,0.334513125,0.4106613310444915,False
0.305,0.51,0.3353775,0.4119451976819735,False
0.305,0.5175,0.336241875,0.413238275680996,False
0.305,0.525,0.33710625,0.414539815860703,False
0.305,0.5325,0.337970625,0.4158491439772114,False
0.305,0.54,0.338835,0.41716565212626766,False
0.305,0.5475,0.339699375,0.41848879121867333,False
0.305,0.5549999999999999,0.34056375,0.41981806439075686,False
0.305,0.5625,0.341428125,0.421153021228788,False
0.305,0.57,0.3422925,0.4224932527014411,False
0.305,0.5775,0.34315687500000003,0.42383838670807966,False
0.305,0.585,0.34402125,0.4251880841627596,False
0.305,0.5925,0.34488562500000003,0.42654203554451386,False
0.305,0.6,0.34575,0.42789995785379176,False
0.31,0.0,0.2772,0.3428284410389982,False
0.31,0.0075,0.27806624999999996,0.34330867535680565,False
0.31,0.015,0.2789325,0.3443705226819529,False
0.31,0.0225,0.27979875,0.3456372632753966,False
0.31,0.03,0.280665,0.3469820407871633,False
0.31,0.0375,0.28153124999999996,0.3483627452125507,False
0.31,0.045,0.2823975,0.3497625870536556,False
0.31,0.0525,0.28326375,0.35117374090705167,False
0.31,0.06,0.28413,0.35259210902425864,False
0.31,0.0675,0.28499625,0.3540153497006438,False
0.31,0.075,0.2858625,0.35544203162387705,False
0.31,0.08249999999999999,0.28672875,0.3568712321856537,False
0.31,0.09,0.287595,0.3583023305849574,False
0.31,0.0975,0.28846125,0.3597348940542632,False
0.31,0.105,0.2893275,0.3611686118322351,False
0.31,0.11249999999999999,0.29019375,0.3626032550799493,False
0.31,0.12,0.29106,0.36403865159920984,False
0.31,0.1275,0.29192625,0.3654746693551942,False
0.31,0.135,0.2927925,0.3669112054273398,False
0.31,0.1425,0.29365874999999997,0.36834817841326495,False
0.31,0.15,0.29452500000000004,0.36978552309042967,False
0.31,0.1575,0.29539125,0.37122318659036035,False
0.31,0.16499999999999998,0.2962575,0.372661125608434,False
0.31,0.1725,0.29712374999999996,0.3740993043365835,False
0.31,0.18,0.29799000000000003,0.3755376929096139,False
0.31,0.1875,0.29885625,0.37697626622228014,False
0.31,0.195,0.2997225,0.3784150030179183,False
0.31,0.20249999999999999,0.30058875,0.379853885178626,False
0.31,0.21,0.30145500000000003,0.3812928971668675,False
0.31,0.2175,0.30232125,0.3827320255821298,False
0.31,0.22499999999999998,0.3031875,0.3841712588059062,False
0.31,0.23249999999999998,0.30405375,0.3856105867151446,False
0.31,0.24,0.30492,0.3870500004492441,False
0.31,0.2475,0.30578625,0.3884894922192822,False
0.31,0.255,0.30665250000000005,0.38967414017614366,False
0.31,0.2625,0.30751875,0.38916850141521725,False
0.31,0.27,0.308385,0.3887461160307858,False
0.31,0.27749999999999997,0.30925125,0.3884118758950977,False
0.31,0.285,0.3101175,0.3881699259106719,False
0.31,0.2925,0.31098375,0.38802342924106803,False
0.31,0.3,0.31185,0.3879743713161814,False
0.31,0.3075,0.31271625000000003,0.38802342924106803,False
0.31,0.315,0.3135825,0.3881699259106719,False
0.31,0.3225,0.31444875,0.3884118758950977,False
0.31,0.32999999999999996,0.31531499999999996,0.3887461160307858,False
0.31,0.33749999999999997,0.31618125,0.38916850141521725,False
0.31,0.345,0.3170475,0.38967414017614366,False
0.31,0.3525,0.31791375,0.39025763912418243,False
0.31,0.36,0.31877999999999995,0.39091333635289405,False
0.31,0.3675,0.31964625,0.3916355039086711,False
0.31,0.375,0.3205125,0.39241851147336965,False
0.31,0.3825,0.32137875,0.3932569488120635,False
0.31,0.39,0.32224500000000006,0.3941457096345413,False
0.31,0.39749999999999996,0.32311125,0.3950800423674958,False
0.31,0.40499999999999997,0.3239775,0.3960555744738787,False
0.31,0.4125,0.32484375,0.39706831690661215,False
0.31,0.42,0.32571,0.39811465454736517,False
0.31,0.4275,0.32657625,0.3991913274458812,False
0.31,0.435,0.32744249999999997,0.40029540659708146,False
0.31,0.4425,0.32830875000000004,0.4014242670145167,False
0.31,0.44999999999999996,0.329175,0.4025755600417752,False
0.31,0.45749999999999996,0.33004125,0.40374718620033867,False
0.31,0.46499999999999997,0.33090749999999997,0.40493726938868313,False
0.31,0.4725,0.33177375000000003,0.40614413289747336,False
0.31,0.48,0.33264,0.40736627746158655,False
0.31,0.4875,0.33350625,0.40860236140581213,False
0.31,0.495,0.3343725,0.40985118283595756,False
0.31,0.5025,0.33523875000000003,0.4111116637637764,False
0.31,0.51,0.336105,0.41238283601972603,False
0.31,0.5175,0.33697125,0.41366382879256247,False
0.31,0.525,0.3378375,0.41495385763236725,False
0.31,0.5325,0.33870375,0.4162522147589854,False
0.31,0.54,0.33957,0.41755826052775025,False
0.31,0.5475,0.34043625,0.41887141591656396,False
0.31,0.5549999999999999,0.3413025,0.42019115591145834,False
0.31,0.5625,0.34216875,0.4215170036807652,False
0.31,0.57,0.343035,0.4228485254404364,False
0.31,0.5775,0.34390125000000005,0.424185325924568,False
0.31,0.585,0.3447675,0.42552704438566424,False
0.31,0.5925,0.34563375,0.426873351058586,False
0.31,0.6,0.3465,0.42822394403048814,False
0.315,0.0,0.2778,0.3437889096746131,False
0.315,0.0075,0.278668125,0.34412901350700553,False
0.315,0.015,0.27953625,0.34498242707993015,False
0.315,0.0225,0.280404375,0.34610203213904517,False
0.315,0.03,0.2812725,0.3473505232462427,False
0.315,0.0375,0.282140625,0.34866592661007334,False
0.315,0.045,0.28300875,0.3500193092968608,False
0.315,0.0525,0.283876875,0.3513959795864943,False
0.315,0.06,0.28474499999999997,0.352787844671968,False
0.315,0.0675,0.28561312499999997,0.35419012869659927,False
0.315,0.075,0.28648125,0.35559984871335143,False
0.315,0.08249999999999999,0.28734937499999996,0.35701505246395426,False
0.315,0.09,0.2882175,0.3584344116525037,False
0.315,0.0975,0.28908562499999996,0.35985699254715237,False
0.315,0.105,0.28995375,0.36128212032857754,False
0.315,0.11249999999999999,0.29082187499999995,0.36270929555193143,False
0.315,0.12,0.29169,0.36413814086622087,False
0.315,0.1275,0.292558125,0.3655683659789726,False
0.315,0.135,0.29342625,0.36699974399355195,False
0.315,0.1425,0.294294375,0.3684320950453877,False
0.315,0.15,0.2951625,0.36986527474552144,False
0.315,0.1575,0.296030625,0.3712991658644685,False
0.315,0.16499999999999998,0.29689875,0.3727336722459248,False
0.315,0.1725,0.297766875,0.3741687142839236,False
0.315,0.18,0.298635,0.37560422551493056,False
0.315,0.1875,0.299503125,0.3770401500173859,False
0.315,0.195,0.30037125000000003,0.3784764404043036,False
0.315,0.20249999999999999,0.301239375,0.37991305625712557,False
0.315,0.21,0.30210750000000003,0.3813499628918127,False
0.315,0.2175,0.30297562499999997,0.38278713037785167,False
0.315,0.22499999999999998,0.30384375,0.38422453275176033,False
0.315,0.23249999999999998,0.30471187499999997,0.3856621473815879,False
0.315,0.24,0.30558,0.3870999544496709,False
0.315,0.2475,0.30644812499999996,0.38853793652876684,False
0.315,0.255,0.30731625,0.3899760782324907,False
0.315,0.2625,0.308184375,0.39007966171224295,False
0.315,0.27,0.3090525,0.38967414017614366,False
0.315,0.27749999999999997,0.309920625,0.3893536842748526,False
0.315,0.285,0.31078875,0.3891219651837787,False
0.315,0.2925,0.311656875,0.3889817695473712,False
0.315,0.3,0.31252499999999994,0.38893483995179634,False
0.315,0.3075,0.313393125,0.3889817695473712,False
0.315,0.315,0.31426125000000005,0.3891219651837787,False
0.315,0.3225,0.315129375,0.3893536842748526,False
0.315,0.32999999999999996,0.3159975,0.38967414017614366,False
0.315,0.33749999999999997,0.316865625,0.39007966171224295,False
0.315,0.345,0.31773375,0.39056588672615933,False
0.315,0.3525,0.318601875,0.3911279680405944,False
0.315,0.36,0.31947,0.39176077259236786,False
0.315,0.3675,0.320338125,0.39245905938067166,False
0.315,0.375,0.32120625,0.3932176276443978,False
0.315,0.3825,0.322074375,0.3940314320220007,False
0.315,0.39,0.32294249999999997,0.39489566556485334,False
0.315,0.39749999999999996,0.323810625,0.3958058141283662,False
0.315,0.40499999999999997,0.32467874999999996,0.39675768699053676,False
0.315,0.4125,0.325546875,0.39774742886759973,False
0.315,0.42,0.32641499999999996,0.3987715181684237,False
0.315,0.4275,0.327283125,0.39982675565861736,False
0.315,0.435,0.32815124999999995,0.40091024691307864,False
0.315,0.4425,0.329019375,0.4020193811606233,False
0.315,0.44999999999999996,0.3298875,0.40315180843984766,False
0.315,0.45749999999999996,0.330755625,0.40430541642026296,False
0.315,0.46499999999999997,0.33162375,0.4054783077987095,False
0.315,0.4725,0.332491875,0.40666877884577546,False
0.315,0.48,0.33336,0.4078752994324228,False
0.315,0.4875,0.334228125,0.4090964946945317,False
0.315,0.495,0.33509625,0.4103311283756257,False
0.315,0.5025,0.335964375,0.41157808781138616,False
0.315,0.51,0.3368325,0.4128363704723342,False
0.315,0.5175,0.33770062500000003,0.4141050719545176,False
0.315,0.525,0.33856875,0.41538337529566655,False
0.315,0.5325,0.339436875,0.41667054149129956,False
0.315,0.54,0.34030499999999997,0.41796590108827997,False
0.315,0.5475,0.341173125,0.41926884673993914,False
0.315,0.5549999999999999,0.34204124999999996,0.42057882661547524,False
0.315,0.5625,0.342909375,0.42189533856579264,False
0.315,0.57,0.34377749999999996,0.42321792495756344,False
0.315,0.5775,0.344645625,0.4245461680966179,False
0.315,0.585,0.34551375,0.4258796861705422,False
0.315,0.5925,0.346381875,0.4272181296484457,False
0.315,0.6,0.34725,0.42856117808319477,False
0.32,0.0,0.2784,0.34474937831022806,False
0.32,0.0075,0.27926999999999996,0.3450106275777453,False
0.32,0.015,0.28014,0.345709846945843,False
0.32,0.0225,0.28101,0.34669029072562874,False
0.32,0.03,0.28187999999999996,0.34783354159613744,False
0.32,0.0375,0.28274999999999995,0.34907148717049524,False
0.32,0.045,0.28362,0.3503670227830249,False
0.32,0.0525,0.28448999999999997,0.3516994278316228,False
0.32,0.06,0.28536,0.3530565778065583,False
0.32,0.0675,0.28623,0.35443102494385265,False
0.32,0.075,0.28709999999999997,0.355817986657333,False
0.32,0.08249999999999999,0.28796999999999995,0.35721427000145184,False
0.32,0.09,0.28884,0.3586176703395429,False
0.32,0.0975,0.28970999999999997,0.3600266205099194,False
0.32,0.105,0.29058,0.361439978046335,False
0.32,0.11249999999999999,0.29145,0.362856891572443,False
0.32,0.12,0.29231999999999997,0.36427671428074887,False
0.32,0.1275,0.29318999999999995,0.3656989463437864,False
0.32,0.135,0.29406,0.3671231956335193,False
0.32,0.1425,0.29492999999999997,0.36854915033594515,False
0.32,0.15,0.2958,0.36997655947998576,False
0.32,0.1575,0.29667,0.37140521884611477,False
0.32,0.16499999999999998,0.29753999999999997,0.37283496060353905,False
0.32,0.1725,0.29840999999999995,0.37426564557752745,False
0.32,0.18,0.29928,0.3756971574021465,False
0.32,0.1875,0.30015,0.3771293980445728,False
0.32,0.195,0.30102,0.378562284340758,False
0.32,0.20249999999999999,0.30189,0.3799957452861585,False
0.32,0.21,0.30276,0.3814297198967019,False
0.32,0.2175,0.30362999999999996,0.3828641555050078,False
0.32,0.22499999999999998,0.3045,0.38429900639213016,False
0.32,0.23249999999999998,0.30537,0.38573423268032675,False
0.32,0.24,0.30624,0.38716979943065133,False
0.32,0.2475,0.30711,0.38860567590255773,False
0.32,0.255,0.30798000000000003,0.39004183494262,False
0.32,0.2625,0.30884999999999996,0.39099464362376973,False
0.32,0.27,0.30972,0.39060474314105237,False
0.32,0.27749999999999997,0.31059,0.39029700624368713,False
0.32,0.285,0.31145999999999996,0.39007469843110554,False
0.32,0.2925,0.31233,0.3899402866736043,False
0.32,0.3,0.31320000000000003,0.3898953085874113,False
0.32,0.3075,0.31406999999999996,0.3899402866736043,False
0.32,0.315,0.31493999999999994,0.39007469843110554,False
0.32,0.3225,0.31581,0.39029700624368713,False
0.32,0.32999999999999996,0.31667999999999996,0.39060474314105237,False
0.32,0.33749999999999997,0.31755,0.39099464362376973,False
0.32,0.345,0.31842,0.3914628041925149,False
0.32,0.3525,0.31928999999999996,0.39200485672946034,False
0.32,0.36,0.32015999999999994,0.3926161392465505,False
0.32,0.3675,0.32103,0.39329185188309407,False
0.32,0.375,0.32189999999999996,0.39402719029162314,False
0.32,0.3825,0.32277,0.3948174527073148,False
0.32,0.39,0.32364000000000004,0.3956581204011008,False
0.32,0.39749999999999996,0.32450999999999997,0.3965449135931522,False
0.32,0.40499999999999997,0.32537999999999995,0.39747382626808797,False
0.32,0.4125,0.32625,0.3984411438720268,False
0.32,0.42,0.32711999999999997,0.39944344782994773,False
0.32,0.4275,0.32799,0.4004776104317297,False
0.32,0.435,0.32886,0.4015407830798152,False
0.32,0.4425,0.32972999999999997,0.4026303802967488,False
0.32,0.44999999999999996,0.33059999999999995,0.403744061332653,False
0.32,0.45749999999999996,0.33147,0.40487971072897594,False
0.32,0.46499999999999997,0.33233999999999997,0.4060354187982984,False
0.32,0.4725,0.33321,0.4072094626684505,False
0.32,0.48,0.33408,0.40840028830286773,False
0.32,0.4875,0.33494999999999997,0.4096064937354058,False
0.32,0.495,0.33581999999999995,0.4108268136339813,False
0.32,0.5025,0.33669,0.4120601052219629,False
0.32,0.51,0.33755999999999997,0.4133053355295581,False
0.32,0.5175,0.33843,0.4145615699117899,False
0.32,0.525,0.3393,0.4158279617490143,False
0.32,0.5325,0.34017,0.41710374323574506,False
0.32,0.54,0.34103999999999995,0.4183882171604479,False
0.32,0.5475,0.34191,0.4196807495804984,False
0.32,0.5549999999999999,0.34278,0.4209807633009111,False
0.32,0.5625,0.34365,0.4222877320715209,False
0.32,0.57,0.34452,0.42360117542419223,False
0.32,0.5775,0.34539000000000003,0.4249206540787844,False
0.32,0.585,0.34625999999999996,0.42624576585365137,False
0.32,0.5925,0.34713,0.4275761420231744,False
0.32,0.6,0.348,0.428911444071093,False
0.325,0.0,0.27899999999999997,0.345709846945843,False
0.325,0.0075,0.27987187499999994,0.34592129724177584,False
0.325,0.015,0.28074374999999996,0.3465079501785467,False
0.325,0.0225,0.2816156249999999,0.34736839573405287,False
0.325,0.03,0.28248749999999995,0.34840900361779836,False
0.325,0.0375,0.28335937499999997,0.34956505105322977,False
0.325,0.045,0.28423125,0.35079613360207806,False
0.325,0.0525,0.28510312499999996,0.3520774690765775,False
0.325,0.06,0.285975,0.3533935960307624,False
0.325,0.0675,0.28684687499999995,0.3547345831773906,False
0.325,0.075,0.28771874999999997,0.3560938463162558,False
0.325,0.08249999999999999,0.28859062499999993,0.35746688554970696,False
0.325,0.09,0.28946249999999996,0.3588505386281257,False
0.325,0.0975,0.290334375,0.36024252704161003,False
0.325,0.105,0.29120625,0.3616411720394467,False
0.325,0.11249999999999999,0.29207812499999997,0.3630452119824865,False
0.325,0.12,0.29295,0.36445368180158094,False
0.325,0.1275,0.29382187499999995,0.3658658315362708,False
0.325,0.135,0.29469375,0.36728107007951316,False
0.325,0.1425,0.29556562499999994,0.368698925555795,False
0.325,0.15,0.29643749999999996,0.370119016908994,False
0.325,0.1575,0.29730937499999993,0.37154103319224047,False
0.325,0.16499999999999998,0.29818125,0.3729647182443881,False
0.325,0.1725,0.299053125,0.374389859195665,False
0.325,0.18,0.299925,0.37581627773650006,False
0.325,0.1875,0.30079687499999996,0.37724382340804014,False
0.325,0.195,0.30166875,0.37867236839085416,False
0.325,0.20249999999999999,0.30254062499999995,0.3801018034170796,False
0.325,0.21,0.3034125,0.3815320345342892,False
0.325,0.2175,0.30428437499999994,0.3829629805216942,False
0.325,0.22499999999999998,0.30515625,0.384394570810741,False
0.325,0.23249999999999998,0.306028125,0.38582674379918475,False
0.325,0.24,0.3069,0.3872594454746699,False
0.325,0.2475,0.307771875,0.38869262828366763,False
0.325,0.255,0.30864375,0.3901262501963396,False
0.325,0.2625,0.30951562499999996,0.3915602739289352,False
0.325,0.27,0.3103875,0.3915376333707361,False
0.325,0.27749999999999997,0.31125937499999995,0.3912416662355938,False
0.325,0.285,0.31213124999999997,0.3910280436349952,False
0.325,0.2925,0.313003125,0.39089895948251013,False
0.325,0.3,0.31387499999999996,0.3908557772230262,False
0.325,0.3075,0.314746875,0.39089895948251013,False
0.325,0.315,0.31561875,0.3910280436349952,False
0.325,0.3225,0.31649062499999997,0.3912416662355938,False
0.325,0.32999999999999996,0.31736249999999994,0.3915376333707361,False
0.325,0.33749999999999997,0.31823437499999996,0.3919130287026904,False
0.325,0.345,0.3191062499999999,0.3923643473812066,False
0.325,0.3525,0.31997812499999995,0.3928876425956053,False
0.325,0.36,0.32084999999999997,0.3934786722740578,False
0.325,0.3675,0.321721875,0.39413303575456926,False
0.325,0.375,0.32259375,0.3948462933865447,False
0.325,0.3825,0.323465625,0.395614065242976,False
0.325,0.39,0.32433749999999995,0.39643210790555133,False
0.325,0.39749999999999996,0.32520937499999997,0.3972963703584067,False
0.325,0.40499999999999997,0.32608124999999993,0.3982030313412486,False
0.325,0.4125,0.32695312499999996,0.3991485211640757,False
0.325,0.42,0.327825,0.4001295311355565,False
0.325,0.4275,0.328696875,0.4011430135761254,False
0.325,0.435,0.32956874999999997,0.4021861750215653,False
0.325,0.4425,0.330440625,0.4032564647825765,False
0.325,0.44999999999999996,0.33131249999999995,0.40435156058280297,False
0.325,0.45749999999999996,0.332184375,0.40546935259369077,False
0.325,0.46499999999999997,0.33305624999999994,0.40660792683891384,False
0.325,0.4725,0.33392812499999996,0.4077655486589954,False
0.325,0.48,0.33479999999999993,0.4089406467048658,False
0.325,0.4875,0.335671875,0.41013179775996,False
0.325,0.495,0.33654375,0.41133771256516033,False
0.325,0.5025,0.337415625,0.4125572227306574,False
0.325,0.51,0.33828749999999996,0.41378926875577554,False
0.325,0.5175,0.339159375,0.41503288913537095,False
0.325,0.525,0.34003124999999995,0.41628721050420153,False
0.325,0.5325,0.340903125,0.41755143875448386,False
0.325,0.54,0.34177499999999994,0.418824851053472,False
0.325,0.5475,0.342646875,0.42010678868490187,False
0.325,0.5549999999999999,0.34351875,0.42139665063875287,False
0.325,0.5625,0.344390625,0.4226938878766988,False
0.325,0.57,0.34526249999999997,0.42399799820492806,False
0.325,0.5775,0.346134375,0.4253085216910622,False
0.325,0.585,0.34700624999999996,0.4266250365672542,False
0.325,0.5925,0.347878125,0.427947155566906,False
0.325,0.6,0.34874999999999995,0.4292745226476233,False
0.33,0.0,0.2796,0.3466703155814579,False
0.33,0.0075,0.28047374999999997,0.3468476742198682,False
0.33,0.015,0.28134750000000003,0.3473505232462427,False
0.33,0.0225,0.28222125,0.3481110185348803,False
0.33,0.03,0.28309500000000004,0.349057350392092,False
0.33,0.0375,0.28396875,0.35013250376776833,False
0.33,0.045,0.2848425,0.35129656051032204,False
0.33,0.0525,0.28571625,0.3525228223169946,False
0.33,0.06,0.28659,0.3537935427247171,False
0.33,0.0675,0.28746375,0.35509678229065317,False
0.33,0.075,0.2883375,0.35642434945237833,False
0.33,0.08249999999999999,0.28921125,0.3577704994980649,False
0.33,0.09,0.29008500000000004,0.3591311148259533,False
0.33,0.0975,0.29095875,0.36050318250059105,False
0.33,0.105,0.29183250000000005,0.36188445540522035,False
0.33,0.11249999999999999,0.29270625,0.3632732281021153,False
0.33,0.12,0.29358,0.3646681855761677,False
0.33,0.1275,0.29445375,0.3660682991645757,False
0.33,0.135,0.2953275,0.36747275362543014,False
0.33,0.1425,0.29620125,0.3688808951424301,False
0.33,0.15,0.29707500000000003,0.37029219365893445,False
0.33,0.1575,0.29794875,0.3717062151856183,False
0.33,0.16499999999999998,0.29882250000000005,0.3731226011601401,False
0.33,0.1725,0.29969625,0.374541052866845,False
0.33,0.18,0.30057,0.37596131953723916,False
0.33,0.1875,0.30144375,0.37738318916228836,False
0.33,0.195,0.3023175,0.3788064813265363,False
0.33,0.20249999999999999,0.30319125,0.38023104156639476,False
0.33,0.21,0.30406500000000003,0.3816567368893867,False
0.33,0.2175,0.30493875,0.38308345218626866,False
0.33,0.22499999999999998,0.30581250000000004,0.38451108733609446,False
0.33,0.23249999999999998,0.30668625,0.38593955485363385,False
0.33,0.24,0.30756000000000006,0.38736877796467345,False
0.33,0.2475,0.30843375,0.38879868902142434,False
0.33,0.255,0.3093075,0.3902292281901768,False
0.33,0.2625,0.31018125,0.3916603423583339,False
0.33,0.27,0.311055,0.39247256109366124,False
0.33,0.27749999999999997,0.31192875000000003,0.3921875146293133,False
0.33,0.285,0.31280250000000004,0.39198193117080754,False
0.33,0.2925,0.31367625,0.3918577700740612,False
0.33,0.3,0.31455,0.3918162458586411,False
0.33,0.3075,0.31542375,0.3918577700740612,False
0.33,0.315,0.31629750000000006,0.39198193117080754,False
0.33,0.3225,0.31717125,0.3921875146293133,False
0.33,0.32999999999999996,0.31804499999999997,0.39247256109366124,False
0.33,0.33749999999999997,0.31891875000000003,0.3928344561930625,False
0.33,0.345,0.3197925,0.39327004286598494,False
0.33,0.3525,0.32066625000000004,0.39377574573968555,False
0.33,0.36,0.32154,0.3943476974559004,False
0.33,0.3675,0.32241375,0.39498185842126676,False
0.33,0.375,0.32328750000000006,0.395674123767549,False
0.33,0.3825,0.32416125,0.39642041379538917,False
0.33,0.39,0.325035,0.3972167464296279,False
0.33,0.39749999999999996,0.32590875,0.3980592919901382,False
0.33,0.40499999999999997,0.3267825,0.39894441179802953,False
0.33,0.4125,0.32765625000000004,0.39986868282934845,False
0.33,0.42,0.32853,0.4008289108983051,False
0.33,0.4275,0.32940375000000005,0.4018221348216261,False
0.33,0.435,0.3302775,0.40284562379874606,False
0.33,0.4425,0.33115125,0.4038968699306527,False
0.33,0.44999999999999996,0.332025,0.40497357745861506,False
0.33,0.45749999999999996,0.33289875,0.40607364997439127,False
0.33,0.46499999999999997,0.3337725,0.40719517655887694,False
0.33,0.4725,0.33464625000000003,0.4083364175564203,False
0.33,0.48,0.33552,0.4094957904886908,False
0.33,0.4875,0.33639375000000005,0.41067185645173243,False
0.33,0.495,0.3372675,0.4118633072170523,False
0.33,0.5025,0.33814125000000006,0.41306895316594994,False
0.33,0.51,0.339015,0.4142877121196656,False
0.33,0.5175,0.33988875,0.41551859908084327,False
0.33,0.525,0.3407625,0.4167607168696579,False
0.33,0.5325,0.34163625000000003,0.41801324761697845,False
0.33,0.54,0.34251,0.41927544506415493,False
0.33,0.5475,0.34338375000000004,0.4205466276121149,False
0.33,0.5549999999999999,0.3442575,0.4218261720596886,False
0.33,0.5625,0.34513125000000006,0.42311350797112635,False
0.33,0.57,0.346005,0.4244081126146814,False
0.33,0.5775,0.34687875,0.4257095064171846,False
0.33,0.585,0.3477525,0.42701724888325565,False
0.33,0.5925,0.34862625,0.4283309349318205,False
0.33,0.6,0.34950000000000003,0.42965019160669554,False
0.335,0.0,0.2802,0.34763078421707283,False
0.335,0.0075,0.281075625,0.3477834127985802,False
0.335,0.015,0.28195125,0.3482222149719103,False
0.335,0.0225,0.282826875,0.3489001957423161,False
0.335,0.03,0.2837025,0.3497625870536556,False
0.335,0.0375,0.28457812499999996,0.35076108814097995,False
0.335,0.045,0.28545375,0.35185853111683474,False
0.335,0.0525,0.286329375,0.3530280699674143,False
0.335,0.06,0.287205,0.354250760491672,False
0.335,0.0675,0.288080625,0.35551326033838115,False
0.335,0.075,0.28895625,0.35680608861045165,False
0.335,0.08249999999999999,0.28983187499999996,0.3581224137297751,False
0.335,0.09,0.2907075,0.35945723422403103,False
0.335,0.0975,0.291583125,0.3608068285050553,False
0.335,0.105,0.29245875,0.36216838333565077,False
0.335,0.11249999999999999,0.293334375,0.3635397401795771,False
0.335,0.12,0.29421,0.3649192196581415,False
0.335,0.1275,0.29508562499999996,0.3663054982752093,False
0.335,0.135,0.29596125,0.3676975205650755,False
0.335,0.1425,0.296836875,0.3690944355802236,False
0.335,0.15,0.2977125,0.37049555034066667,False
0.335,0.1575,0.298588125,0.37190029526837376,False
0.335,0.16499999999999998,0.29946375000000003,0.3733081982047708,False
0.335,0.1725,0.300339375,0.3747188646543106,False
0.335,0.18,0.301215,0.37613196259966525,False
0.335,0.1875,0.302090625,0.3775472107125571,False
0.335,0.195,0.30296625000000005,0.3789643691142469,False
0.335,0.20249999999999999,0.303841875,0.3803832320701062,False
0.335,0.21,0.30471750000000003,0.3818036221654843,False
0.335,0.2175,0.305593125,0.3832253856263869,False
0.335,0.22499999999999998,0.30646875,0.38464838853248245,False
0.335,0.23249999999999998,0.307344375,0.3860725137312345,False
0.335,0.24,0.30822000000000005,0.3874976583071128,False
0.335,0.2475,0.309095625,0.3889237314934029,False
0.335,0.255,0.30997125000000003,0.39035065293931687,False
0.335,0.2625,0.310846875,0.39177835126414884,False
0.335,0.27,0.3117225,0.3932067628447381,False
0.335,0.27749999999999997,0.312598125,0.3931344231597561,False
0.335,0.285,0.31347375,0.3929363015584366,False
0.335,0.2925,0.314349375,0.3928167031890372,False
0.335,0.3,0.31522500000000003,0.39277671449425605,False
0.335,0.3075,0.316100625,0.3928167031890372,False
0.335,0.315,0.31697624999999996,0.3929363015584366,False
0.335,0.3225,0.317851875,0.3931344231597561,False
0.335,0.32999999999999996,0.3187275,0.3934093111903148,False
0.335,0.33749999999999997,0.319603125,0.3937586136231891,False
0.335,0.345,0.32047875,0.3941794779199304,False
0.335,0.3525,0.321354375,0.39466865701704706,False
0.335,0.36,0.32222999999999996,0.39522261837842265,False
0.335,0.3675,0.323105625,0.3958376489857876,False
0.335,0.375,0.32398125,0.39650995083558216,False
0.335,0.3825,0.324856875,0.39723572342935315,False
0.335,0.39,0.32573250000000004,0.39801123156031404,False
0.335,0.39749999999999996,0.326608125,0.39883285819968134,False
0.335,0.40499999999999997,0.32748374999999996,0.3996971433798522,False
0.335,0.4125,0.328359375,0.40060081065778796,False
0.335,0.42,0.329235,0.4015407830798152,False
0.335,0.4275,0.330110625,0.40251419064276345,False
0.335,0.435,0.33098625,0.40351837114210953,False
0.335,0.4425,0.33186187500000003,0.40455086608988483,False
0.335,0.44999999999999996,0.33273749999999996,0.4056094131303602,False
0.335,0.45749999999999996,0.333613125,0.4066919361191457,False
0.335,0.46499999999999997,0.33448875,0.40779653378548547,False
0.335,0.4725,0.335364375,0.4089214676809535,False
0.335,0.48,0.33624,0.4100651499353247,False
0.335,0.4875,0.33711562500000003,0.41122613119200047,False
0.335,0.495,0.33799124999999997,0.41240308897811534,False
0.335,0.5025,0.338866875,0.41359481667414455,False
0.335,0.51,0.3397425,0.41480021317993954,False
0.335,0.5175,0.34061812500000005,0.4160182733243057,False
0.335,0.525,0.34149375,0.4172480790296581,False
0.335,0.5325,0.34236937500000003,0.41848879121867333,False
0.335,0.54,0.343245,0.4197396424335352,False
0.335,0.5475,0.344120625,0.42099993012819537,False
0.335,0.5549999999999999,0.34499625,0.4222690105883808,False
0.335,0.5625,0.34587187500000005,0.42354629343157485,False
0.335,0.57,0.3467475,0.42483123663892225,False
0.335,0.5775,0.34762312500000003,0.42612334207221664,False
0.335,0.585,0.34849875,0.4274221514313017,False
0.335,0.5925,0.349374375,0.4287272426099597,False
0.335,0.6,0.35025,0.4300382264114006,False
0.34,0.0,0.2808,0.34859125285268777,False
0.34,0.0075,0.28167749999999997,0.3487251520714464,False
0.34,0.015,0.282555,0.3491137513877223,False
0.34,0.0225,0.2834325,0.3497234339512487,False
0.34,0.03,0.28431,0.3505121901239176,False
0.34,0.0375,0.2851875,0.35143986461422627,False
0.34,0.045,0.286065,0.35247307768348907,False
0.34,0.0525,0.2869425,0.35358605356654266,False
0.34,0.06,0.28782,0.3547595794245066,False
0.34,0.0675,0.2886975,0.35597951839753833,False
0.34,0.075,0.289575,0.35723547057322214,False
0.34,0.08249999999999999,0.29045249999999995,0.35851973318371677,False
0.34,0.09,0.29133,0.35982654179828144,False
0.34,0.0975,0.29220749999999995,0.3611515306646088,False
0.34,0.105,0.293085,0.36249135189547715,False
0.34,0.11249999999999999,0.29396249999999996,0.36384340630069695,False
0.34,0.12,0.29484,0.36520565184534826,False
0.34,0.1275,0.29571749999999997,0.3665764660568832,False
0.34,0.135,0.296595,0.3679545461199369,False
0.34,0.1425,0.2974725,0.3693388355163868,False
0.34,0.15,0.29835,0.37072846954689764,False
0.34,0.1575,0.2992275,0.3721227344252535,False
0.34,0.16499999999999998,0.300105,0.37352103623513533,False
0.34,0.1725,0.3009825,0.3749228771304113,False
0.34,0.18,0.30186,0.37632783691131744,False
0.34,0.1875,0.3027375,0.3777355586308751,False
0.34,0.195,0.303615,0.3791457372520704,False
0.34,0.20249999999999999,0.3044925,0.38055811063575967,False
0.34,0.21,0.30537000000000003,0.38197245232490157,False
0.34,0.2175,0.3062475,0.3833885657248334,False
0.34,0.22499999999999998,0.30712500000000004,0.38480627937711764,False
0.34,0.23249999999999998,0.3080025,0.3862254430964713,False
0.34,0.24,0.30888000000000004,0.3876459247937294,False
0.34,0.2475,0.30975749999999996,0.38906760784780536,False
0.34,0.255,0.310635,0.3904903889198044,False
0.34,0.2625,0.31151249999999997,0.3919141761254119,False
0.34,0.27,0.31239,0.39333888749927026,False
0.34,0.27749999999999997,0.3132675,0.39408228126347816,False
0.34,0.285,0.314145,0.39389110368482155,False
0.34,0.2925,0.3150225,0.39377574573968555,False
0.34,0.3,0.31589999999999996,0.393737183129871,False
0.34,0.3075,0.3167775,0.39377574573968555,False
0.34,0.315,0.317655,0.39389110368482155,False
0.34,0.3225,0.3185325,0.39408228126347816,False
0.34,0.32999999999999996,0.31940999999999997,0.3943476974559004,False
0.34,0.33749999999999997,0.3202875,0.3946852291422116,False
0.34,0.345,0.321165,0.3950922913657011,False
0.34,0.3525,0.3220425,0.39556592800249185,False
0.34,0.36,0.32292,0.3961029061492209,False
0.34,0.3675,0.3237975,0.3966998082668699,False
0.34,0.375,0.32467500000000005,0.39735311736524764,False
0.34,0.3825,0.3255525,0.3980592919901382,False
0.34,0.39,0.32643,0.398814829230844,False
0.34,0.39749999999999996,0.3273075,0.3996163152221858,False
0.34,0.40499999999999997,0.32818499999999995,0.4004604635791755,False
0.34,0.4125,0.3290625,0.4013441428542958,False
0.34,0.42,0.32993999999999996,0.4022643944762021,False
0.34,0.4275,0.3308175,0.40321844277069263,False
0.34,0.435,0.33169499999999996,0.40420369864352634,False
0.34,0.4425,0.3325725,0.4052177583789372,False
0.34,0.44999999999999996,0.33344999999999997,0.4062583988254994,False
0.34,0.45749999999999996,0.3343275,0.4073235700376756,False
0.34,0.46499999999999997,0.335205,0.40841138624056594,False
0.34,0.4725,0.3360825,0.409520115801172,False
0.34,0.48,0.33696,0.41064817072891857,False
0.34,0.4875,0.3378375,0.41179409609348494,False
0.34,0.495,0.338715,0.4129565596384269,False
0.34,0.5025,0.3395925,0.41413434178223374,False
0.34,0.51,0.34047,0.4153263261312368,False
0.34,0.5175,0.3413475,0.41653149057788563,False
0.34,0.525,0.342225,0.41774889902024415,False
0.34,0.5325,0.34310250000000003,0.4189776937113776,False
0.34,0.54,0.34398,0.42021708822826764,False
0.34,0.5475,0.34485750000000004,0.42146636103707774,False
0.34,0.5549999999999999,0.345735,0.42272484962344214,False
0.34,0.5625,0.3466125,0.4239919451517412,False
0.34,0.57,0.34748999999999997,0.42526708761510434,False
0.34,0.5775,0.3483675,0.4265497614374169,False
0.34,0.585,0.34924499999999997,0.4278394914893459,False
0.34,0.5925,0.3501225,0.4291358394819401,False
0.34,0.6,0.351,0.43043840070338635,False
0.34500000000000003,0.0,0.2814,0.3495517214883027,False
0.34500000000000003,0.0075,0.28227937499999994,0.34967095771013607,False
0.34500000000000003,0.015,0.28315874999999996,0.3500193092968608,False
0.34500000000000003,0.0225,0.284038125,0.3505720329854799,False
0.34500000000000003,0.03,0.2849175,0.35129656051032204,False
0.34500000000000003,0.0375,0.28579687499999995,0.3521597535428133,False
0.34500000000000003,0.045,0.28667624999999997,0.3531322737042539,False
0.34500000000000003,0.0525,0.287555625,0.3541901286965992,False
0.34500000000000003,0.06,0.288435,0.35531453330199225,False
0.34500000000000003,0.0675,0.28931437499999996,0.35649108888159886,False
0.34500000000000003,0.075,0.29019375,0.35770884300010336,False
0.34500000000000003,0.08249999999999999,0.291073125,0.35895946003294915,False
0.34500000000000003,0.09,0.2919525,0.36023656220319145,False
0.34500000000000003,0.0975,0.29283187499999996,0.3615352308602039,False
0.34500000000000003,0.105,0.29371125,0.3628516373801942,False
0.34500000000000003,0.11249999999999999,0.29459062499999994,0.3641827722946833,False
0.34500000000000003,0.12,0.29547,0.3655262466276302,False
0.34500000000000003,0.1275,0.29634937499999997,0.36688014562415255,False
0.34500000000000003,0.135,0.29722875,0.36824292035504574,False
0.34500000000000003,0.1425,0.29810812499999995,0.36961330675253085,False
0.34500000000000003,0.15,0.2989875,0.3709902646118132,False
0.34500000000000003,0.1575,0.299866875,0.3723729312239463,False
0.34500000000000003,0.16499999999999998,0.30074625,0.3737605858149675,False
0.34500000000000003,0.1725,0.30162562499999995,0.3751526220330043,False
0.34500000000000003,0.18,0.302505,0.3765485264803674,False
0.34500000000000003,0.1875,0.303384375,0.37794786182489304,False
0.34500000000000003,0.195,0.30426375,0.37935025340928075,False
0.34500000000000003,0.20249999999999999,0.30514312499999996,0.38075537855426106,False
0.34500000000000003,0.21,0.3060225,0.38216295795263944,False
0.34500000000000003,0.2175,0.306901875,0.38357274869850794,False
0.34500000000000003,0.22499999999999998,0.30778125,0.38498453860451753,False
0.34500000000000003,0.23249999999999998,0.30866062499999997,0.3863981415408311,False
0.34500000000000003,0.24,0.30954,0.3878133935898365,False
0.34500000000000003,0.2475,0.310419375,0.38923014985632604,False
0.34500000000000003,0.255,0.31129875,0.3906482818075216,False
0.34500000000000003,0.2625,0.312178125,0.39206767504386947,False
0.34500000000000003,0.27,0.3130575,0.39348822742197453,False
0.34500000000000003,0.27749999999999997,0.313936875,0.39490984746690794,False
0.34500000000000003,0.285,0.31481624999999996,0.3948462933865447,False
0.34500000000000003,0.2925,0.315695625,0.3947348864369772,False
0.34500000000000003,0.3,0.316575,0.3946976517654859,False
0.34500000000000003,0.3075,0.31745437499999996,0.3947348864369772,False
0.34500000000000003,0.315,0.31833374999999997,0.3948462933865447,False
0.34500000000000003,0.3225,0.319213125,0.39503099314510826,False
0.34500000000000003,0.32999999999999996,0.32009249999999995,0.3952875579531461,False
0.34500000000000003,0.33749999999999997,0.32097187499999996,0.395614065242976,False
0.34500000000000003,0.345,0.32185125,0.3960081659820332,False
0.34500000000000003,0.3525,0.322730625,0.3964671625376248,False
0.34500000000000003,0.36,0.32360999999999995,0.396988090592193,False
0.34500000000000003,0.3675,0.32448937499999997,0.3975678001188099,False
0.34500000000000003,0.375,0.32536875,0.3982030313412486,False
0.34500000000000003,0.3825,0.326248125,0.3988904827397306,False
0.34500000000000003,0.39,0.3271275,0.39962686932708813,False
0.34500000000000003,0.39749999999999996,0.328006875,0.4004089704640658,False
0.34500000000000003,0.40499999999999997,0.32888625,0.4012336673205093,False
0.34500000000000003,0.4125,0.329765625,0.40209797069033987,False
0.34500000000000003,0.42,0.33064499999999997,0.4029990402428944,False
0.34500000000000003,0.4275,0.331524375,0.4039341964766505,False
0.34500000000000003,0.435,0.33240374999999994,0.4049009266791316,False
0.34500000000000003,0.4425,0.333283125,0.4058968861344519,False
0.34500000000000003,0.44999999999999996,0.3341625,0.40691989569701775,False
0.34500000000000003,0.45749999999999996,0.335041875,0.40796793669721465,False
0.34500000000000003,0.46499999999999997,0.33592124999999995,0.40903914398454505,False
0.34500000000000003,0.4725,0.336800625,0.41013179775996,False
0.34500000000000003,0.48,0.33768,0.4112443147103084,False
0.34500000000000003,0.4875,0.338559375,0.41237523883774285,False
0.34500000000000003,0.495,0.33943874999999996,0.4135232322764476,False
0.34500000000000003,0.5025,0.340318125,0.41468706630725716,False
0.34500000000000003,0.51,0.3411975,0.4158656127156927,False
0.34500000000000003,0.5175,0.342076875,0.4170578355883291,False
0.34500000000000003,0.525,0.34295624999999996,0.4182627836038258,False
0.34500000000000003,0.5325,0.343835625,0.4194795828461709,False
0.34500000000000003,0.54,0.344715,0.42070743014671813,False
0.34500000000000003,0.5475,0.345594375,0.42194558694674106,False
0.34500000000000003,0.5549999999999999,0.34647374999999997,0.4231933736620861,False
0.34500000000000003,0.5625,0.347353125,0.4244501645249364,False
0.34500000000000003,0.57,0.3482325,0.4257153828737905,False
0.34500000000000003,0.5775,0.349111875,0.42698849686080476,False
0.34500000000000003,0.585,0.34999125,0.42826901554509017,False
0.34500000000000003,0.5925,0.350870625,0.4295564853409785,False
0.34500000000000003,0.6,0.35175,0.43085048679135207,False
0.35000000000000003,0.0,0.282,0.3505121901239176,False
0.35000000000000003,0.0075,0.28288125,0.35061964179191113,False
0.35000000000000003,0.015,0.2837625,0.3509350907157833,False
0.35000000000000003,0.0225,0.28464375,0.35143986461422627,False
0.35000000000000003,0.03,0.285525,0.352108396589325,False
0.35000000000000003,0.0375,0.28640625,0.35291336171295495,False
0.35000000000000003,0.045,0.2872875,0.3538292877003374,False
0.35000000000000003,0.0525,0.28816875,0.3548342989841848,False
0.35000000000000003,0.06,0.28905,0.3559105034678283,False
0.35000000000000003,0.0675,0.28993125,0.35704366269732773,False
0.35000000000000003,0.075,0.2908125,0.35822259833869113,False
0.35000000000000003,0.08249999999999999,0.29169375,0.3594385756471821,False
0.35000000000000003,0.09,0.292575,0.3606847634363878,False
0.35000000000000003,0.0975,0.29345625,0.36195579645387477,False
0.35000000000000003,0.105,0.2943375,0.36324743438538665,False
0.35000000000000003,0.11249999999999999,0.29521875,0.36455630130590966,False
0.35000000000000003,0.12,0.2961,0.36587968829375644,False
0.35000000000000003,0.1275,0.29698125,0.3672154041971071,False
0.35000000000000003,0.135,0.2978625,0.3685616625870129,False
0.35000000000000003,0.1425,0.29874375,0.3699169957488424,False
0.35000000000000003,0.15,0.299625,0.37128018886474323,False
0.35000000000000003,0.1575,0.30050625,0.37265022931237146,False
0.35000000000000003,0.16499999999999998,0.3013875,0.37402626733164557,False
0.35000000000000003,0.1725,0.30226875,0.37540758528941115,False
0.35000000000000003,0.18,0.30315,0.3767935734884831,False
0.35000000000000003,0.1875,0.30403125,0.37818371099167997,False
0.35000000000000003,0.195,0.3049125,0.37957755031545176,False
0.35000000000000003,0.20249999999999999,0.30579375,0.3809747051299798,False
0.35000000000000003,0.21,0.306675,0.38237484031112495,False
0.35000000000000003,0.2175,0.30755625,0.3837776638444464,False
0.35000000000000003,0.22499999999999998,0.3084375,0.3851829201972047,False
0.35000000000000003,0.23249999999999998,0.30931875,0.38659038486123704,False
0.35000000000000003,0.24,0.3102,0.3879998598353936,False
0.35000000000000003,0.2475,0.31108125,0.3894111698663222,False
0.35000000000000003,0.255,0.3119625,0.3908241593047732,False
0.35000000000000003,0.2625,0.31284375,0.3922386894641849,False
0.35000000000000003,0.27,0.313725,0.3936546363912579,False
0.35000000000000003,0.27749999999999997,0.31460625,0.395071888976132,False
0.35000000000000003,0.285,0.3154875,0.3958018323104061,False
0.35000000000000003,0.2925,0.31636875,0.3956941154920476,False
0.35000000000000003,0.3,0.3172499999999999,0.3956581204011008,False
0.35000000000000003,0.3075,0.31813125,0.3956941154920476,False
0.35000000000000003,0.315,0.3190125,0.3958018323104061,False
0.35000000000000003,0.3225,0.31989375,0.39598047540508136,False
0.35000000000000003,0.32999999999999996,0.3207749999999999,0.3962287512238191,False
0.35000000000000003,0.33749999999999997,0.32165625,0.3965449135931522,False
0.35000000000000003,0.345,0.3225374999999999,0.3969268221766979,False
0.35000000000000003,0.3525,0.32341875,0.3973720095932224,False
0.35000000000000003,0.36,0.3242999999999999,0.39787775270187303,False
0.35000000000000003,0.3675,0.32518125,0.3984411438720268,False
0.35000000000000003,0.375,0.32606250000000003,0.39905915872502484,False
0.35000000000000003,0.3825,0.32694375,0.3997287177091457,False
0.35000000000000003,0.39,0.327825,0.40044673979732304,False
0.35000000000000003,0.39749999999999996,0.32870625,0.4012101874599895,False
0.35000000000000003,0.40499999999999997,0.3295875,0.4020161027860574,False
0.35000000000000003,0.4125,0.33046875,0.4028616351682128,False
0.35000000000000003,0.42,0.33135,0.403744061332653,False
0.35000000000000003,0.4275,0.33223125,0.4046607986985338,False
0.35000000000000003,0.435,0.3331125,0.4056094131303602,False
0.35000000000000003,0.4425,0.33399375,0.40658762213185673,False
0.35000000000000003,0.44999999999999996,0.334875,0.4075932944542714,False
0.35000000000000003,0.45749999999999996,0.33575625,0.40862444698190237,False
0.35000000000000003,0.46499999999999997,0.3366375,0.40967923963273717,False
0.35000000000000003,0.4725,0.33751875,0.41075596888629956,False
0.35000000000000003,0.48,0.3384,0.411853060432833,False
0.35000000000000003,0.4875,0.33928125,0.412969061332653,False
0.35000000000000003,0.495,0.3401625,0.4141026319839116,False
0.35000000000000003,0.5025,0.34104375,0.4152525381213312,False
0.35000000000000003,0.51,0.341925,0.4164176430067665,False
0.35000000000000003,0.5175,0.34280625,0.4175968999232186,False
0.35000000000000003,0.525,0.3436875,0.4187893450454214,False
0.35000000000000003,0.5325,0.34456875,0.41999409073057525,False
0.35000000000000003,0.54,0.34545,0.42121031925059327,False
0.35000000000000003,0.5475,0.34633125,0.42243727697089434,False
0.35000000000000003,0.5549999999999999,0.3472125,0.4236742689690852,False
0.35000000000000003,0.5625,0.34809375,0.4249206540787844,False
0.35000000000000003,0.57,0.348975,0.42617584033851125,False
0.35000000000000003,0.5775,0.34985625,0.4274392808223124,False
0.35000000000000003,0.585,0.3507375,0.4287104698270856,False
0.35000000000000003,0.5925,0.35161875,0.4299889393909722,False
0.35000000000000003,0.6,0.3525,0.4312742561173966,False
0.355,0.0,0.28259999999999996,0.35147265875953254,False
0.355,0.0075,0.28348312499999995,0.3515704360567778,False
0.355,0.015,0.28436625,0.35185853111683474,False
0.355,0.0225,0.2852493749999999,0.35232254318951367,False
0.355,0.03,0.28613249999999996,0.35294214127788887,False
0.355,0.0375,0.28701562499999994,0.35369472883812664,False
0.355,0.045,0.28789875,0.3545583279187125,False
0.355,0.0525,0.28878187499999997,0.35551326033838115,False
0.355,0.06,0.28966499999999995,0.3565428003751244,False
0.355,0.0675,0.29054812499999993,0.35763317639998254,False
0.355,0.075,0.29143125,0.35877325312232944,False
0.355,0.08249999999999999,0.29231437499999996,0.3599541077957834,False
0.355,0.09,0.29319749999999994,0.3611686118322351,False
0.355,0.0975,0.29408062499999993,0.3624110645194206,False
0.355,0.105,0.29496374999999997,0.36367689111130486,False
0.355,0.11249999999999999,0.29584687499999995,0.36496240191762547,False
0.355,0.12,0.29673,0.36626460336531697,False
0.355,0.1275,0.2976131249999999,0.367581051057171,False
0.355,0.135,0.29849624999999996,0.36890973582166003,False
0.355,0.1425,0.29937937499999995,0.37024899529427396,False
0.355,0.15,0.3002625,0.3715974451166859,False
0.355,0.1575,0.301145625,0.37295392517484593,False
0.355,0.16499999999999998,0.30202874999999996,0.3743174573744407,False
0.355,0.1725,0.30291187499999994,0.3756872122915613,False
0.355,0.18,0.303795,0.37706248267800974,False
0.355,0.1875,0.30467812499999997,0.3784426622861495,False
0.355,0.195,0.30556125,0.37982722884387854,False
0.355,0.20249999999999999,0.30644437499999994,0.38121573028544087,False
0.355,0.21,0.3073275,0.3826077735510683,False
0.355,0.2175,0.30821062499999996,0.38400301542501636,False
0.355,0.22499999999999998,0.30909375,0.38540115500027566,False
0.355,0.23249999999999998,0.30997687499999993,0.38680192744864705,False
0.355,0.24,0.31085999999999997,0.388205098844051,False
0.355,0.2475,0.31174312499999995,0.3896104618401483,False
0.355,0.255,0.31262625,0.39101783204448193,False
0.355,0.2625,0.313509375,0.3924270449633186,False
0.355,0.27,0.31439249999999996,0.3938379534163402,False
0.355,0.27749999999999997,0.31527562499999995,0.39525042533994736,False
0.355,0.285,0.31615874999999993,0.39666434191341643,False
0.355,0.2925,0.317041875,0.3966534243751603,False
0.355,0.3,0.317925,0.39661858903671576,False
0.355,0.3075,0.31880812499999994,0.3966534243751603,False
0.355,0.315,0.3196912499999999,0.39675768699053676,False
0.355,0.3225,0.32057437499999997,0.39693065510795433,False
0.355,0.32999999999999996,0.32145749999999995,0.3971711531813615,False
0.355,0.33749999999999997,0.32234062499999994,0.39747759075712513,False
0.355,0.345,0.3232237499999999,0.39784801269372955,False
0.355,0.3525,0.32410687499999996,0.39828015722575016,False
0.355,0.36,0.32498999999999995,0.3987715181684237,False
0.355,0.3675,0.325873125,0.3993194077511287,False
0.355,0.375,0.3267562499999999,0.39992101705714495,False
0.355,0.3825,0.32763937499999995,0.40057347171884267,False
0.355,0.39,0.3285225,0.4012738812566666,False
0.355,0.39749999999999996,0.329405625,0.4020193811606233,False
0.355,0.40499999999999997,0.33028874999999996,0.4028071674276499,False
0.355,0.4125,0.33117187499999995,0.4036345237516007,False
0.355,0.42,0.33205499999999993,0.40449884190564267,False
0.355,0.4275,0.332938125,0.40539763606963425,False
0.355,0.435,0.33382124999999996,0.40632855195872036,False
0.355,0.4425,0.334704375,0.40728937162939816,False
0.355,0.44999999999999996,0.3355874999999999,0.4082780148007931,False
0.355,0.45749999999999996,0.33647062499999997,0.40929253745371064,False
0.355,0.46499999999999997,0.33735374999999995,0.4103311283756257,False
0.355,0.4725,0.338236875,0.4113921042189572,False
0.355,0.48,0.3391199999999999,0.41247390354145314,False
0.355,0.4875,0.34000312499999996,0.4135750802066301,False
0.355,0.495,0.34088624999999995,0.4146942964417933,False
0.355,0.5025,0.341769375,0.4158303157822433,False
0.355,0.51,0.34265249999999997,0.4169819960727278,False
0.355,0.5175,0.34353562499999996,0.41814828265020154,False
0.355,0.525,0.34441874999999994,0.41932820179432007,False
0.355,0.5325,0.345301875,0.42052085450251364,False
0.355,0.54,0.34618499999999996,0.4217254106236462,False
0.355,0.5475,0.347068125,0.42294110336697066,False
0.355,0.5549999999999999,0.34795124999999993,0.4241672241902623,False
0.355,0.5625,0.348834375,0.42540311806173636,False
0.355,0.57,0.34971749999999996,0.42664817908385805,False
0.355,0.5775,0.350600625,0.42790184646280655,False
0.355,0.585,0.35148375,0.4291636008046356,False
0.355,0.5925,0.35236687499999997,0.4304329607176872,False
0.355,0.6,0.35324999999999995,0.4317094797002239,False
0.36,0.0,0.2832,0.3524331273951475,False
0.36,0.0075,0.284085,0.3525228223169946,False
0.36,0.015,0.28497,0.352787844671968,False
0.36,0.0225,0.28585499999999997,0.3532168751976993,False
0.36,0.03,0.28674,0.3537935427247171,False
0.36,0.0375,0.28762499999999996,0.3544990682472534,False
0.36,0.045,0.28851,0.35531453330199225,False
0.36,0.0525,0.28939499999999996,0.3562223862354858,False
0.36,0.06,0.29028000000000004,0.3572071970164157,False
0.36,0.0675,0.291165,0.35825586464134945,False
0.36,0.075,0.29205000000000003,0.3593575037677683,False
0.36,0.08249999999999999,0.292935,0.36050318250059105,False
0.36,0.09,0.29382,0.3616856172528757,False
0.36,0.0975,0.294705,0.3628988799184325,False
0.36,0.105,0.29559,0.36413814086622087,False
0.36,0.11249999999999999,0.296475,0.365399453975949,False
0.36,0.12,0.29736,0.36667958168166576,False
0.36,0.1275,0.298245,0.36797585475189737,False
0.36,0.135,0.29913,0.36928606081353793,False
0.36,0.1425,0.300015,0.3706083560282675,False
0.36,0.15,0.3009,0.37194119513698837,False
0.36,0.1575,0.30178499999999997,0.3732832759593316,False
0.36,0.16499999999999998,0.30267,0.3746334952283615,False
0.36,0.1725,0.303555,0.3759909133084615,False
0.36,0.18,0.30444000000000004,0.3773547258841382,False
0.36,0.1875,0.305325,0.37872424113364905,False
0.36,0.195,0.30621000000000004,0.38009886123341374,False
0.36,0.20249999999999999,0.307095,0.3814780672960212,False
0.36,0.21,0.30798000000000003,0.38286140704267235,False
0.36,0.2175,0.308865,0.3842484846634518,False
0.36,0.22499999999999998,0.30975,0.3856389524364623,False
0.36,0.23249999999999998,0.310635,0.3870325037677683,False
0.36,0.24,0.31152,0.38842886738456706,False
0.36,0.2475,0.312405,0.3898278024688188,False
0.36,0.255,0.31329,0.39122909456138294,False
0.36,0.2625,0.314175,0.39263255210027354,False
0.36,0.27,0.31506,0.3940380034830919,False
0.36,0.27749999999999997,0.31594500000000003,0.3954452945646094,False
0.36,0.285,0.31683,0.3968542865170918,False
0.36,0.2925,0.317715,0.3976128056196726,False
0.36,0.3,0.31860000000000005,0.3975790576723307,False
0.36,0.3075,0.319485,0.3976128056196726,False
0.36,0.315,0.32037,0.3977138280956203,False
0.36,0.3225,0.321255,0.3978814681992068,False
0.36,0.32999999999999996,0.32214,0.3981146545473651,False
0.36,0.33749999999999997,0.323025,0.39841193463764457,False
0.36,0.345,0.32391,0.3987715181684237,False
0.36,0.3525,0.324795,0.3991913274458812,False
0.36,0.36,0.32567999999999997,0.3996690518124688,False
0.36,0.3675,0.326565,0.4002022031424121,False
0.36,0.375,0.32744999999999996,0.4007881698052584,False
0.36,0.3825,0.328335,0.4014242670145167,False
0.36,0.39,0.32922000000000007,0.40210778206657444,False
0.36,0.39749999999999996,0.33010500000000004,0.4028360135581158,False
0.36,0.40499999999999997,0.33099,0.40360630419132526,False
0.36,0.4125,0.33187500000000003,0.40441606720138457,False
0.36,0.42,0.33276,0.4052628067572501,False
0.36,0.4275,0.333645,0.40614413289747336,False
0.36,0.435,0.33453,0.40705777168123936,False
0.36,0.4425,0.335415,0.4080015712791986,False
0.36,0.44999999999999996,0.3363,0.4089735047184847,False
0.36,0.45749999999999996,0.337185,0.409971669949408,False
0.36,0.46499999999999997,0.33807,0.41099428783263825,False
0.36,0.4725,0.338955,0.41203969856679323,False
0.36,0.48,0.33984,0.413106356995536,False
0.36,0.4875,0.340725,0.41419282715606176,False
0.36,0.495,0.34160999999999997,0.415297776360502,False
0.36,0.5025,0.34249500000000005,0.4164199690399255,False
0.36,0.51,0.34338,0.41755826052775025,False
0.36,0.5175,0.34426500000000004,0.4187115909152348,False
0.36,0.525,0.34515,0.41987897907558913,False
0.36,0.5325,0.34603500000000004,0.4210595169242092,False
0.36,0.54,0.34692,0.42225236395960597,False
0.36,0.5475,0.34780500000000003,0.42345674211178586,False
0.36,0.5549999999999999,0.34869,0.4246719309112567,False
0.36,0.5625,0.349575,0.4258972629816745,False
0.36,0.57,0.35046,0.4271321198517329,False
0.36,0.5775,0.351345,0.4283759280766419,False
0.36,0.585,0.35223,0.4296281556559767,False
0.36,0.5925,0.353115,0.4308883087324,False
0.36,0.6,0.354,0.43215592855446805,False
0.365,0.0,0.2838,0.35339359603076237,False
0.365,0.0075,0.28468687499999995,0.3534764386868456,False
0.365,0.015,0.28557375,0.35372175364827246,False
0.365,0.0225,0.28646062499999997,0.3541204945344343,False
0.365,0.03,0.2873475,0.354659321829392,False
0.365,0.0375,0.288234375,0.3553225349852163,False
0.365,0.045,0.28912125,0.3560938463162558,False
0.365,0.0525,0.29000812499999995,0.3569576790004566,False
0.365,0.06,0.290895,0.3578999285505944,False
0.365,0.0675,0.29178187499999997,0.35890828500081484,False
0.365,0.075,0.29266875,0.3599722618307494,False
0.365,0.08249999999999999,0.293555625,0.3610830613808803,False
0.365,0.09,0.2944425,0.36223336834578723,False
0.365,0.0975,0.295329375,0.36341712670996795,False
0.365,0.105,0.29621625,0.36462932916127466,False
0.365,0.11249999999999999,0.29710312499999997,0.3658658315362708,False
0.365,0.12,0.29799000000000003,0.3671231956335193,False
0.365,0.1275,0.298876875,0.3683985591312861,False
0.365,0.135,0.29976375,0.3696895294087826,False
0.365,0.1425,0.300650625,0.37099409754306967,False
0.365,0.15,0.3015375,0.3723105689047896,False
0.365,0.1575,0.30242437499999997,0.37363750720498173,False
0.365,0.16499999999999998,0.30331125000000003,0.374973689348194,False
0.365,0.1725,0.304198125,0.3763180689284658,False
0.365,0.18,0.305085,0.3776697466264406,False
0.365,0.1875,0.305971875,0.37902794611829727,False
0.365,0.195,0.30685875,0.3803919943938357,False
0.365,0.20249999999999999,0.30774562499999997,0.38176130561043653,False
0.365,0.21,0.30863250000000003,0.3831353677914198,False
0.365,0.2175,0.309519375,0.3845137318206509,False
0.365,0.22499999999999998,0.31040625,0.38589600229794824,False
0.365,0.23249999999999998,0.311293125,0.3872818299084251,False
0.365,0.24,0.31218,0.3886709050285663,False
0.365,0.2475,0.31306687499999997,0.39006295234674077,False
0.365,0.255,0.31395375000000003,0.3914577263192072,False
0.365,0.2625,0.314840625,0.3928550073170247,False
0.365,0.27,0.3157275,0.39425459834657367,False
0.365,0.27749999999999997,0.316614375,0.39565632224817027,False
0.365,0.285,0.31750125,0.3970600192946795,False
0.365,0.2925,0.318388125,0.39846554512603555,False
0.365,0.3,0.319275,0.3985395263079456,False
0.365,0.3075,0.320161875,0.39857225266150126,False
0.365,0.315,0.32104875000000005,0.39867022981080946,False
0.365,0.3225,0.321935625,0.3988328581996813,False
0.365,0.32999999999999996,0.32282249999999996,0.3990591587250248,False
0.365,0.33749999999999997,0.323709375,0.39934780150205507,False
0.365,0.345,0.32459625,0.3996971433798522,False
0.365,0.3525,0.325483125,0.4001052718488083,False
0.365,0.36,0.32637,0.40057005279324615,False
0.365,0.3675,0.327256875,0.401089179597889,False
0.365,0.375,0.32814375,0.4016602213736455,False
0.365,0.3825,0.329030625,0.40228066846426197,False
0.365,0.39,0.3299175,0.4029479738630146,False
0.365,0.39749999999999996,0.330804375,0.4036595896461242,False
0.365,0.40499999999999997,0.33169125,0.4044129979691883,False
0.365,0.4125,0.332578125,0.40520573654372793,False
0.365,0.42,0.33346499999999996,0.4060354187982984,False
0.365,0.4275,0.334351875,0.40689974913101695,False
0.365,0.435,0.33523875,0.40779653378548547,False
0.365,0.4425,0.336125625,0.40872368794273634,False
0.365,0.44999999999999996,0.3370125,0.40967923963273717,False
0.365,0.45749999999999996,0.337899375,0.41066133104449154,False
0.365,0.46499999999999997,0.33878624999999996,0.4116682177664332,False
0.365,0.4725,0.339673125,0.4126982664288053,False
0.365,0.48,0.34056,0.4137499511547212,False
0.365,0.4875,0.34144687500000004,0.4148218491620225,False
0.365,0.495,0.34233375,0.41591263579737536,False
0.365,0.5025,0.343220625,0.41702107922929565,False
0.365,0.51,0.3441075,0.41814603497889785,False
0.365,0.5175,0.344994375,0.419286440426283,False
0.365,0.525,0.34588125,0.4204413093963363,False
0.365,0.5325,0.34676812500000004,0.42160972689968507,False
0.365,0.54,0.347655,0.4227908440819765,False
0.365,0.5475,0.348541875,0.42398387341669824,False
0.365,0.5549999999999999,0.34942875,0.4251880841627596,False
0.365,0.5625,0.350315625,0.4264027980972957,False
0.365,0.57,0.3512025,0.4276273855260533,False
0.365,0.5775,0.35208937500000004,0.42886126156774906,False
0.365,0.585,0.35297625,0.4301038827045159,False
0.365,0.5925,0.353863125,0.43135474358760983,False
0.365,0.6,0.35475,0.4326133740856384,False
0.37,0.0,0.2844,0.3543540646663773,False
0.37,0.0075,0.28528875,0.35443102494385265,False
0.37,0.015,0.2861775,0.354659321829392,False
0.37,0.0225,0.28706624999999997,0.3550316187842924,False
0.37,0.03,0.28795499999999996,0.35553692617605226,False
0.37,0.0375,0.28884374999999995,0.3561620317840657,False
0.37,0.045,0.2897325,0.35689288771686384,False
0.37,0.0525,0.29062124999999994,0.35771570489102955,False
0.37,0.06,0.29151,0.3586176703395429,False
0.37,0.0675,0.29239875,0.359587322423205,False
0.37,0.075,0.2932875,0.36061467251419155,False
0.37,0.08249999999999999,0.29417625,0.3616911662217248,False
0.37,0.09,0.295065,0.3628095584659011,False
0.37,0.0975,0.29595374999999996,0.3639637529206553,False
0.37,0.105,0.2968425,0.3651486361670603,False
0.37,0.11249999999999999,0.29773124999999995,0.3663599226115639,False
0.37,0.12,0.29862,0.36759401721557566,False
0.37,0.1275,0.29950875,0.3688478979131629,False
0.37,0.135,0.3003975,0.370119016908994,False
0.37,0.1425,0.30128625,0.37140521884611477,False
0.37,0.15,0.30217499999999997,0.372704673453135,False
0.37,0.1575,0.30306374999999997,0.3740158203211662,False
0.37,0.16499999999999998,0.3039525,0.3753373236917819,False
0.37,0.1725,0.30484124999999995,0.37666803543327915,False
0.37,0.18,0.30573,0.37800696468029377,False
0.37,0.1875,0.30661875,0.3793532528825925,False
0.37,0.195,0.3075075,0.38070615324234225,False
0.37,0.20249999999999999,0.30839625,0.38206501371431395,False
0.37,0.21,0.30928500000000003,0.3834292629035332,False
0.37,0.2175,0.31017374999999997,0.3847983983246124,False
0.37,0.22499999999999998,0.3110625,0.38617197659138575,False
0.37,0.23249999999999998,0.31195124999999996,0.3875496051891237,False
0.37,0.24,0.31284,0.3889309355485147,False
0.37,0.2475,0.31372875,0.3903156571941007,False
0.37,0.255,0.3146175,0.3917034927826502,False
0.37,0.2625,0.31550625,0.3930941938812446,False
0.37,0.27,0.31639500000000004,0.3944875373623827,False
0.37,0.27749999999999997,0.31728375,0.3958833223155626,False
0.37,0.285,0.31817249999999997,0.3972813673926788,False
0.37,0.2925,0.31906124999999996,0.39868150851904033,False
0.37,0.3,0.31995,0.39949999494356053,False
0.37,0.3075,0.32083875,0.39953175970681204,False
0.37,0.315,0.32172749999999994,0.39962686932708813,False
0.37,0.3225,0.32261625,0.3997847751227335,False
0.37,0.32999999999999996,0.32350499999999993,0.40000458002582184,False
0.37,0.33749999999999997,0.32439375,0.4002850634856986,False
0.37,0.345,0.3252825,0.4006247140794547,False
0.37,0.3525,0.32617124999999997,0.40102176788239097,False
0.37,0.36,0.32705999999999996,0.4014742504744986,False
0.37,0.3675,0.32794875,0.40198002047709647,False
0.37,0.375,0.32883749999999995,0.40253681269760105,False
0.37,0.3825,0.32972625,0.4031422792641163,False
0.37,0.39,0.33061500000000005,0.4037940275031382,False
0.37,0.39749999999999996,0.33150375,0.40448965370413786,False
0.37,0.40499999999999997,0.3323925,0.4052267722843302,False
0.37,0.4125,0.33328125,0.4060030401880828,False
0.37,0.42,0.33416999999999997,0.40681617661318326,False
0.37,0.4275,0.33505875,0.4076639783462874,False
0.37,0.435,0.33594749999999995,0.408544331115953,False
0.37,0.4425,0.33683625,0.40945521744229174,False
0.37,0.44999999999999996,0.33772499999999994,0.4103947214883843,False
0.37,0.45749999999999996,0.33861375,0.4113610314114892,False
0.37,0.46499999999999997,0.3395025,0.41235243968213936,False
0.37,0.4725,0.34039125,0.4133673417952343,False
0.37,0.48,0.34128,0.4144042337461336,False
0.37,0.4875,0.34216875,0.4154617085916473,False
0.37,0.495,0.34305749999999996,0.41653845236423725,False
0.37,0.5025,0.34394625,0.4176332395599093,False
0.37,0.51,0.344835,0.4187449283774337,False
0.37,0.5175,0.34572375,0.41987245584917593,False
0.37,0.525,0.3466125,0.42101483297197895,False
0.37,0.5325,0.34750125,0.4221711399199054,False
0.37,0.54,0.34839,0.4233405213987492,False
0.37,0.5475,0.34927875,0.42452218218449767,False
0.37,0.5549999999999999,0.35016749999999996,0.4257153828737905,False
0.37,0.5625,0.35105625,0.4269194358633207,False
0.37,0.57,0.35194499999999995,0.42813370156654573,False
0.37,0.5775,0.35283375,0.4293575848695646,False
0.37,0.585,0.3537225,0.4305905318231829,False
0.37,0.5925,0.35461125,0.43183202656468656,False
0.37,0.6,0.3555,0.4330815884604074,False
0.375,0.0,0.285,0.35531453330199225,False
0.375,0.0075,0.28589062499999995,0.3553863892566449,False
0.375,0.015,0.28678125,0.3555998487133514,False
0.375,0.0225,0.28767187499999997,0.35594888418979076,False
0.375,0.03,0.2885625,0.35642434945237833,False
0.375,0.0375,0.289453125,0.35701505246395426,False
0.375,0.045,0.29034374999999996,0.35770884300010336,False
0.375,0.0525,0.29123437499999993,0.3584935244944706,False
0.375,0.06,0.29212499999999997,0.3593575037677683,False
0.375,0.0675,0.29301562499999995,0.3602901796666219,False
0.375,0.075,0.29390625,0.36128212032857754,False
0.375,0.08249999999999999,0.29479687499999996,0.3623250929178104,False
0.375,0.09,0.2956875,0.36341200331785833,False
0.375,0.0975,0.29657812499999997,0.36453678909339765,False
0.375,0.105,0.29746875,0.36569429460482505,False
0.375,0.11249999999999999,0.298359375,0.36688014562415255,False
0.375,0.12,0.29924999999999996,0.3680906327267385,False
0.375,0.1275,0.30014062499999994,0.36932260758598445,False
0.375,0.135,0.30103125,0.3705733932706975,False
0.375,0.1425,0.30192187499999995,0.37184070801498464,False
0.375,0.15,0.3028125,0.3731226011601401,False
0.375,0.1575,0.30370312499999996,0.3744173996941958,False
0.375,0.16499999999999998,0.30459375,0.3757236638087608,False
0.375,0.1725,0.305484375,0.3770401500173859,False
0.375,0.18,0.306375,0.3783657805567505,False
0.375,0.1875,0.307265625,0.37969961797929336,False
0.375,0.195,0.30815625,0.3810408440224743,False
0.375,0.20249999999999999,0.30904687499999994,0.38238874199663514,False
0.375,0.21,0.3099375,0.3837426820678525,False
0.375,0.2175,0.31082812499999996,0.3851021089249592,False
0.375,0.22499999999999998,0.31171875,0.3864665314132307,False
0.375,0.23249999999999998,0.31260937499999997,0.3878355137937645,False
0.375,0.24,0.3135,0.3892086683500018,False
0.375,0.2475,0.314390625,0.3905856491135841,False
0.375,0.255,0.31528125,0.3919661465229376,False
0.375,0.2625,0.316171875,0.3933498828613983,False
0.375,0.27,0.3170625,0.39473660834884045,False
0.375,0.27749999999999997,0.31795312499999995,0.39612609778282815,False
0.375,0.285,0.31884375,0.39751814764328,False
0.375,0.2925,0.31973437499999996,0.39891257358929344,False
0.375,0.3,0.32062499999999994,0.4003092082887667,False
0.375,0.3075,0.32151562499999997,0.40049132162231105,False
0.375,0.315,0.32240625,0.4005837264169422,False
0.375,0.3225,0.323296875,0.4007371745711857,False
0.375,0.32999999999999996,0.32418749999999996,0.40095084218338706,False
0.375,0.33749999999999997,0.325078125,0.4012236064867123,False
0.375,0.345,0.32596875,0.4015540742972141,False
0.375,0.3525,0.32685937499999995,0.4019406156507054,False
0.375,0.36,0.32774999999999993,0.4023814008504053,False
0.375,0.3675,0.32864062499999996,0.4028744391408304,False
0.375,0.375,0.32953125,0.40341761735336285,False
0.375,0.3825,0.330421875,0.40400873710145263,False
0.375,0.39,0.33131249999999995,0.40464554939860087,False
0.375,0.39749999999999996,0.332203125,0.4053257858912016,False
0.375,0.40499999999999997,0.33309374999999997,0.4060471862081014,False
0.375,0.4125,0.333984375,0.40680752120539176,False
0.375,0.42,0.334875,0.4076046121140151,False
0.375,0.4275,0.335765625,0.40843634577339993,False
0.375,0.435,0.33665624999999993,0.40930068625739235,False
0.375,0.4425,0.33754687499999997,0.41019568327462885,False
0.375,0.44999999999999996,0.33843749999999995,0.41111947776208935,False
0.375,0.45749999999999996,0.339328125,0.4120703050966447,False
0.375,0.46499999999999997,0.34021874999999996,0.41304649633341894,False
0.375,0.4725,0.341109375,0.4140464778491832,False
0.375,0.48,0.34199999999999997,0.41506876972990514,False
0.375,0.4875,0.342890625,0.41611198319871107,False
0.375,0.495,0.34378125,0.4171748173373069,False
0.375,0.5025,0.344671875,0.4182560553126573,False
0.375,0.51,0.3455625,0.41935456028286294,False
0.375,0.5175,0.346453125,0.4204692711224524,False
0.375,0.525,0.34734374999999995,0.42159919807798496,False
0.375,0.5325,0.348234375,0.42274341843986846,False
0.375,0.54,0.34912499999999996,0.42390107229537344,False
0.375,0.5475,0.350015625,0.42507135841057,False
0.375,0.5549999999999999,0.35090625,0.4262535302749016,False
0.375,0.5625,0.351796875,0.4274468923308828,False
0.375,0.57,0.3526875,0.4286507964025465,False
0.375,0.5775,0.353578125,0.4298646383293769,False
0.375,0.585,0.35446875,0.4310878548071981,False
0.375,0.5925,0.355359375,0.43231992043354606,False
0.375,0.6,0.35624999999999996,0.4335603449521713,False
0.38,0.0,0.28559999999999997,0.3562750019376072,False
0.38,0.0075,0.28649249999999993,0.356342387149252,False
0.38,0.015,0.28738499999999995,0.3565428003751244,False
0.38,0.0225,0.28827749999999996,0.3568712321856537,False
0.38,0.03,0.28917,0.35731999900767625,False
0.38,0.0375,0.29006249999999995,0.357879558004071,False
0.38,0.045,0.29095499999999996,0.35853936413472903,False
0.38,0.0525,0.2918474999999999,0.35928862519710447,False
0.38,0.06,0.29273999999999994,0.3601168764800669,False
0.38,0.0675,0.29363249999999996,0.3610143589420615,False
0.38,0.075,0.294525,0.3619722254606842,False
0.38,0.08249999999999999,0.29541749999999994,0.36298261701776097,False
0.38,0.09,0.29630999999999996,0.36403865159920984,False
0.38,0.0975,0.2972024999999999,0.36513436128169285,False
0.38,0.105,0.298095,0.36626460336531697,False
0.38,0.11249999999999999,0.29898749999999996,0.3674249626392364,False
0.38,0.12,0.29988,0.3686116550812448,False
0.38,0.1275,0.30077249999999994,0.36982143855707017,False
0.38,0.135,0.30166499999999996,0.3710515330273083,False
0.38,0.1425,0.3025574999999999,0.3722995509294302,False
0.38,0.15,0.30345,0.37356343737867587,False
0.38,0.1575,0.30434249999999996,0.3748414193243321,False
0.38,0.16499999999999998,0.305235,0.37613196259966525,False
0.38,0.1725,0.30612749999999994,0.3774337357798443,False
0.38,0.18,0.30701999999999996,0.3787455798287945,False
0.38,0.1875,0.3079125,0.38006648262319814,False
0.38,0.195,0.308805,0.38139555756144927,False
0.38,0.20249999999999999,0.30969749999999996,0.3827320255821298,False
0.38,0.21,0.31059,0.384075200023186,False
0.38,0.2175,0.31148249999999994,0.38542447384660455,False
0.38,0.22499999999999998,0.31237499999999996,0.38677930883362555,False
0.38,0.23249999999999998,0.3132675,0.3881392264232041,False
0.38,0.24,0.31416,0.38950379992292816,False
0.38,0.2475,0.31505249999999996,0.3908726478684312,False
0.38,0.255,0.315945,0.392245428345998,False
0.38,0.2625,0.31683749999999994,0.39362183412489227,False
0.38,0.27,0.31773,0.3950015884721055,False
0.38,0.27749999999999997,0.3186225,0.39638444154374874,False
0.38,0.285,0.31951499999999994,0.39777016726500525,False
0.38,0.2925,0.32040749999999996,0.3991585606251336,False
0.38,0.3,0.3213,0.40054943532602694,False
0.38,0.3075,0.3221925,0.4014509338437598,False
0.38,0.315,0.32308499999999996,0.4015407830798152,False
0.38,0.3225,0.3239775,0.40169001698033185,False
0.38,0.32999999999999996,0.32486999999999994,0.4018978771021238,False
0.38,0.33749999999999997,0.32576249999999995,0.40216332838337193,False
0.38,0.345,0.3266549999999999,0.4024850840452521,False
0.38,0.3525,0.3275475,0.4028616351682128,False
0.38,0.36,0.32843999999999995,0.4032912834490229,False
0.38,0.3675,0.3293325,0.40377217562244583,False
0.38,0.375,0.33022499999999994,0.4043023381216352,False
0.38,0.3825,0.33111749999999995,0.40487971072897594,False
0.38,0.39,0.33201,0.40550217820349915,False
0.38,0.39749999999999996,0.3329025,0.4061675991312794,False
0.38,0.40499999999999997,0.33379499999999995,0.40687383150436396,False
0.38,0.4125,0.33468749999999997,0.4076187547711082,False
0.38,0.42,0.33557999999999993,0.40840028830286773,False
0.38,0.4275,0.33647249999999995,0.4092164063822251,False
0.38,0.435,0.33736499999999997,0.4100651499353247,False
0.38,0.4425,0.3382575,0.4109446353085096,False
0.38,0.44999999999999996,0.33914999999999995,0.411853060432833,False
0.38,0.45749999999999996,0.34004249999999997,0.4127887087358054,False
0.38,0.46499999999999997,0.34093499999999993,0.4137499511547212,False
0.38,0.4725,0.3418275,0.414735246586309,False
0.38,0.48,0.34271999999999997,0.41574314107859506,False
0.38,0.4875,0.3436125,0.41677226603700823,False
0.38,0.495,0.34450499999999995,0.41782133568113106,False
0.38,0.5025,0.34539749999999997,0.4188891439533963,False
0.38,0.51,0.34628999999999993,0.4199745610479766,False
0.38,0.5175,0.3471825,0.42107652969801507,False
0.38,0.525,0.34807499999999997,0.422194061332653,False
0.38,0.5325,0.3489675,0.4233262321921375,False
0.38,0.54,0.34985999999999995,0.4244721794695486,False
0.38,0.5475,0.35075249999999997,0.4256310975311211,False
0.38,0.5549999999999999,0.351645,0.4268022342534484,False
0.38,0.5625,0.3525375,0.4279848875046962,False
0.38,0.57,0.35342999999999997,0.42917840178797506,False
0.38,0.5775,0.3543225,0.43038216505789806,False
0.38,0.585,0.35521499999999995,0.4315956057157795,False
0.38,0.5925,0.35610749999999997,0.4328181897846455,False
0.38,0.6,0.357,0.4340494182619931,False
0.385,0.0,0.2862,0.3572354705732221,False
0.385,0.0075,0.28709437499999996,0.3572989077649859,False
0.385,0.015,0.28798875,0.35748776311435276,False
0.385,0.0225,0.28888312499999996,0.35779783014116917,False
0.385,0.03,0.2897775,0.35822259833869113,False
0.385,0.0375,0.29067187499999997,0.35875387945024234,False
0.385,0.045,0.29156625,0.35938248685301094,False
0.385,0.0525,0.292460625,0.36009885924360696,False
0.385,0.06,0.29335500000000003,0.36089356140803347,False
0.385,0.0675,0.294249375,0.36175763865941835,False
0.385,0.075,0.29514375000000004,0.362682833845634,False
0.385,0.08249999999999999,0.296038125,0.36366169294251155,False
0.385,0.09,0.29693250000000004,0.3646875899745086,False
0.385,0.0975,0.297826875,0.36575469928356047,False
0.385,0.105,0.29872125,0.3668579372901587,False
0.385,0.11249999999999999,0.299615625,0.3679928895874313,False
0.385,0.12,0.30051,0.36915573380081645,False
0.385,0.1275,0.301404375,0.3703431645383371,False
0.385,0.135,0.30229875,0.3715523238847147,False
0.385,0.1425,0.303193125,0.3727807390130333,False
0.385,0.15,0.3040875,0.37402626733164557,False
0.385,0.1575,0.304981875,0.3752870489218276,False
0.385,0.16499999999999998,0.30587625,0.376561465679455,False
0.385,0.1725,0.306770625,0.3778481064293384,False
0.385,0.18,0.307665,0.3791457372520704,False
0.385,0.1875,0.308559375,0.3804532762978379,False
0.385,0.195,0.30945375,0.3817697724272542,False
0.385,0.20249999999999999,0.310348125,0.3830943870965946,False
0.385,0.21,0.31124250000000003,0.3844263789830126,False
0.385,0.2175,0.312136875,0.3857650909186618,False
0.385,0.22499999999999998,0.31303125000000004,0.3871099387685343,False
0.385,0.23249999999999998,0.313925625,0.3884604019444305,False
0.385,0.24,0.31482000000000004,0.38981601529694904,False
0.385,0.2475,0.315714375,0.39117636216936724,False
0.385,0.255,0.31660875000000005,0.39254106843262565,False
0.385,0.2625,0.317503125,0.39390979735021625,False
0.385,0.27,0.31839750000000006,0.39528224514646365,False
0.385,0.27749999999999997,0.319291875,0.39665813717224185,False
0.385,0.285,0.32018625,0.3980372245792689,False
0.385,0.2925,0.321080625,0.39941928142833855,False
0.385,0.3,0.321975,0.40080410216867923,False
0.385,0.3075,0.322869375,0.40219149943547916,False
0.385,0.315,0.32376374999999996,0.40249802324433964,False
0.385,0.3225,0.324658125,0.4026432669802648,False
0.385,0.32999999999999996,0.32555249999999997,0.40284562379874606,False
0.385,0.33749999999999997,0.326446875,0.40310413751845275,False
0.385,0.345,0.32734125,0.40341761735336285,False
0.385,0.3525,0.32823562500000003,0.40378466399422314,False
0.385,0.36,0.32913,0.40420369864352634,False
0.385,0.3675,0.33002437500000004,0.40467299371251275,False
0.385,0.375,0.33091875,0.4051907039497062,False
0.385,0.3825,0.33181312500000004,0.4057548969057938,False
0.385,0.39,0.33270750000000004,0.40636358182569543,False
0.385,0.39749999999999996,0.333601875,0.4070147362709709,False
0.385,0.40499999999999997,0.33449625,0.40770632999213885,False
0.385,0.4125,0.335390625,0.40843634577339993,False
0.385,0.42,0.336285,0.40920279714948304,False
0.385,0.4275,0.337179375,0.410003743039079,False
0.385,0.435,0.33807375,0.41083729944943637,False
0.385,0.4425,0.338968125,0.41170164848354646,False
0.385,0.44999999999999996,0.3398625,0.412595044928637,False
0.385,0.45749999999999996,0.340756875,0.41351582072738763,False
0.385,0.46499999999999997,0.34165125,0.4144623876367137,False
0.385,0.4725,0.342545625,0.4154332383682851,False
0.385,0.48,0.34344,0.4164269464846891,False
0.385,0.4875,0.344334375,0.41744216529910616,False
0.385,0.495,0.34522875,0.4184776259975103,False
0.385,0.5025,0.34612312500000003,0.4195321351729444,False
0.385,0.51,0.3470175,0.4206045719329068,False
0.385,0.5175,0.34791187500000004,0.4216938847143194,False
0.385,0.525,0.34880625,0.4227990879165087,False
0.385,0.5325,0.34970062500000004,0.4239192584413797,False
0.385,0.54,0.350595,0.4250535322115401,False
0.385,0.5475,0.35148937500000005,0.42620110072142303,False
0.385,0.5549999999999999,0.35238375,0.4273612076632592,False
0.385,0.5625,0.35327812500000005,0.4285331456588124,False
0.385,0.57,0.3541725,0.4297162531188473,False
0.385,0.5775,0.35506687500000006,0.43090991124506733,False
0.385,0.585,0.35596125,0.4321135411834991,False
0.385,0.5925,0.356855625,0.4333266013337691,False
0.385,0.6,0.35775,0.4345485848152092,False
0.39,0.0,0.2868,0.358195939208837,False
0.39,0.0075,0.28769625,0.35825586464134945,False
0.39,0.015,0.2885925,0.3584344116525037,False
0.39,0.0225,0.28948874999999996,0.3587280151240679,False
0.39,0.03,0.290385,0.3591311148259533,False
0.39,0.0375,0.29128125,0.35963664216225943,False
0.39,0.045,0.2921775,0.36023656220319145,False
0.39,0.0525,0.29307374999999997,0.3609223888536238,False
0.39,0.06,0.29397,0.3616856172528757,False
0.39,0.0675,0.29486625,0.3625180480691042,False
0.39,0.075,0.2957625,0.36341200331785833,False
0.39,0.08249999999999999,0.29665874999999997,0.36436044867880246,False
0.39,0.09,0.297555,0.36535704364073934,False
0.39,0.0975,0.29845125,0.3663961409420074,False
0.39,0.105,0.2993475,0.36747275362543014,False
0.39,0.11249999999999999,0.30024375,0.36858250376776835,False
0.39,0.12,0.30114,0.36972156283621616,False
0.39,0.1275,0.30203625,0.37088659022816606,False
0.39,0.135,0.3029325,0.3720746739954294,False
0.39,0.1425,0.30382875,0.3732832759593316,False
0.39,0.15,0.304725,0.37451018223243837,False
0.39,0.1575,0.30562125,0.3757534594154472,False
0.39,0.16499999999999998,0.3065175,0.3770114162981299,False
0.39,0.1725,0.30741375,0.3782825706573406,False
0.39,0.18,0.30831000000000003,0.3795656206386145,False
0.39,0.1875,0.30920625,0.38085942017987556,False
0.39,0.195,0.3101025,0.38216295795263944,False
0.39,0.20249999999999999,0.31099875,0.38347533933642275,False
0.39,0.21,0.31189500000000003,0.38479577099262013,False
0.39,0.2175,0.31279124999999997,0.38612354765707824,False
0.39,0.22499999999999998,0.3136875,0.38745804082159835,False
0.39,0.23249999999999998,0.31458375,0.38879868902142434,False
0.39,0.24,0.31548000000000004,0.3901449894874921,False
0.39,0.2475,0.31637624999999997,0.391496490958658,False
0.39,0.255,0.3172725,0.3928527874805367,False
0.39,0.2625,0.31816875,0.39421351304439683,False
0.39,0.27,0.31906500000000004,0.39557833694232314,False
0.39,0.27749999999999997,0.31996125,0.39694695973407834,False
0.39,0.285,0.3208575,0.39831910973729334,False
0.39,0.2925,0.32175375,0.39969453996623644,False
0.39,0.3,0.32265,0.4010730254558581,False
0.39,0.3075,0.32354625,0.40245436091742304,False
0.39,0.315,0.3244425,0.40345543251702687,False
0.39,0.3225,0.32533875,0.4035968928562241,False
0.39,0.32999999999999996,0.326235,0.4037940275031382,False
0.39,0.33749999999999997,0.32713125,0.40404595140560495,False
0.39,0.345,0.32802749999999997,0.40435156058280297,False
0.39,0.3525,0.32892375,0.4047095551891974,False
0.39,0.36,0.32982,0.40511846531233636,False
0.39,0.3675,0.33071625,0.405576678401475,False
0.39,0.375,0.33161250000000003,0.4060824672635774,False
0.39,0.3825,0.33250875,0.4066340176658786,False
0.39,0.39,0.333405,0.40722945473175215,False
0.39,0.39749999999999996,0.33430125,0.4078668674897164,False
0.39,0.40499999999999997,0.3351975,0.408544331115953,False
0.39,0.4125,0.33609375,0.4092599265837592,False
0.39,0.42,0.33698999999999996,0.4100117575880707,False
0.39,0.4275,0.33788625,0.41079796474293045,False
0.39,0.435,0.3387825,0.4116167371517282,False
0.39,0.4425,0.33967875000000003,0.4124663215243621,False
0.39,0.44999999999999996,0.34057499999999996,0.41334502906451853,False
0.39,0.45749999999999996,0.34147125,0.4142512403776036,False
0.39,0.46499999999999997,0.3423675,0.4151834086596495,False
0.39,0.4725,0.34326375000000003,0.41614006142393833,False
0.39,0.48,0.34415999999999997,0.4171198010089621,False
0.39,0.4875,0.34505625,0.4181213040919902,False
0.39,0.495,0.3459525,0.41914332040962277,False
0.39,0.5025,0.34684875000000004,0.4201846708623537,False
0.39,0.51,0.34774499999999997,0.42124424515587183,False
0.39,0.5175,0.34864125,0.4223209991086334,False
0.39,0.525,0.3495375,0.4234139517338196,False
0.39,0.5325,0.35043375000000004,0.42452218218449767,False
0.39,0.54,0.35133,0.42564482663379516,False
0.39,0.5475,0.35222625,0.42678107514715663,False
0.39,0.5549999999999999,0.3531225,0.42793016859117783,False
0.39,0.5625,0.35401875000000005,0.4290913956129256,False
0.39,0.57,0.354915,0.43026408971486046,False
0.39,0.5775,0.35581125,0.4314476264432566,False
0.39,0.585,0.3567075,0.4326414207021596,False
0.39,0.5925,0.35760375000000005,0.4338449242002311,False
0.39,0.6,0.3585,0.43505762303412115,False
0.395,0.0,0.2874,0.35915640784445196,False
0.395,0.0075,0.28829812499999996,0.3592131893599553,False
0.395,0.015,0.28919625,0.35938248685301094,False
0.395,0.0225,0.29009437499999996,0.3596612533928433,False
0.395,0.03,0.2909925,0.36004470575761,False
0.395,0.0375,0.29189062499999996,0.3605267067332305,False
0.395,0.045,0.29278875,0.3611002004673179,False
0.395,0.0525,0.29368687499999996,0.36175763865941835,False
0.395,0.06,0.294585,0.36249135189547715,False
0.395,0.0675,0.29548312499999996,0.36329384167730594,False
0.395,0.075,0.29638125,0.3641579876337011,False
0.395,0.08249999999999999,0.29727937499999996,0.36507717743126655,False
0.395,0.09,0.2981775,0.3660453736059229,False
0.395,0.0975,0.29907562499999996,0.3670571333062532,False
0.395,0.105,0.29997375,0.3681075956793778,False
0.395,0.11249999999999999,0.30087187499999996,0.3691924489683516,False
0.395,0.12,0.30177,0.3703078864183394,False
0.395,0.1275,0.30266812499999995,0.37145055739703076,False
0.395,0.135,0.30356625,0.3726175179588721,False
0.395,0.1425,0.30446437499999995,0.37380618345252165,False
0.395,0.15,0.3053625,0.3750142846185024,False
0.395,0.1575,0.30626062499999995,0.3762398278492663,False
0.395,0.16499999999999998,0.30715875,0.3774810597884782,False
0.395,0.1725,0.30805687499999995,0.3787364361476281,False
0.395,0.18,0.308955,0.38000459445237045,False
0.395,0.1875,0.30985312499999995,0.38128433035183756,False
0.395,0.195,0.31075125000000003,0.3825745770991172,False
0.395,0.20249999999999999,0.311649375,0.3838743878181623,False
0.395,0.21,0.31254750000000003,0.3851829201972047,False
0.395,0.2175,0.313445625,0.3864994232820858,False
0.395,0.22499999999999998,0.31434375000000003,0.38782322607916414,False
0.395,0.23249999999999998,0.315241875,0.3891537277132752,False
0.395,0.24,0.31614000000000003,0.3904903889198044,False
0.395,0.2475,0.317038125,0.3918327246803967,False
0.395,0.255,0.31793625000000003,0.39318029783887193,False
0.395,0.2625,0.318834375,0.39453271355756775,False
0.395,0.27,0.31973250000000003,0.3958896144948039,False
0.395,0.27749999999999997,0.320630625,0.3972506766017506,False
0.395,0.285,0.32152875,0.3986156054520206,False
0.395,0.2925,0.322426875,0.3999841330301086,False
0.395,0.3,0.32332500000000003,0.4013560149156866,False
0.395,0.3075,0.324223125,0.4027310278099968,False
0.395,0.315,0.32512125,0.4041089673584163,False
0.395,0.3225,0.326019375,0.40455086608988483,False
0.395,0.32999999999999996,0.32691749999999997,0.404743038891421,False
0.395,0.33749999999999997,0.327815625,0.4049886956211083,False
0.395,0.345,0.32871374999999997,0.4052868109741654,False
0.395,0.3525,0.329611875,0.405636175544178,False
0.395,0.36,0.33050999999999997,0.4060354187982984,False
0.395,0.3675,0.331408125,0.4064830336326509,False
0.395,0.375,0.33230624999999997,0.40697740158735896,False
0.395,0.3825,0.333204375,0.40751681787803606,False
0.395,0.39,0.3341025,0.4080995155175241,False
0.395,0.39749999999999996,0.335000625,0.40872368794273634,False
0.395,0.40499999999999997,0.33589874999999997,0.4093875097119276,False
0.395,0.4125,0.336796875,0.410089154984997,False
0.395,0.42,0.33769499999999997,0.4108268136339813,False
0.395,0.4275,0.338593125,0.41159870494647255,False
0.395,0.435,0.33949124999999997,0.41240308897811534,False
0.395,0.4425,0.340389375,0.4132382756809961,False
0.395,0.44999999999999996,0.34128749999999997,0.4141026319839116,False
0.395,0.45749999999999996,0.342185625,0.41499458703071784,False
0.395,0.46499999999999997,0.34308374999999997,0.41591263579737536,False
0.395,0.4725,0.343981875,0.4168553413102741,False
0.395,0.48,0.34487999999999996,0.41782133568113106,False
0.395,0.4875,0.345778125,0.4188093201600658,False
0.395,0.495,0.34667624999999996,0.4198180643907569,False
0.395,0.5025,0.347574375,0.4208464050317926,False
0.395,0.51,0.34847249999999996,0.42189324388789173,False
0.395,0.5175,0.349370625,0.4229575456746541,False
0.395,0.525,0.35026874999999996,0.4240383355215961,False
0.395,0.5325,0.351166875,0.42513469630088785,False
0.395,0.54,0.35206499999999996,0.42624576585365137,False
0.395,0.5475,0.352963125,0.4273707341719889,False
0.395,0.5549999999999999,0.35386124999999996,0.42850884058304844,False
0.395,0.5625,0.354759375,0.4296593709713072,False
0.395,0.57,0.35565749999999996,0.4308216550667096,False
0.395,0.5775,0.35655562500000004,0.4319950638191843,False
0.395,0.585,0.35745375,0.43317900687419997,False
0.395,0.5925,0.35835187500000004,0.43437293015925194,False
0.395,0.6,0.35925,0.435576313587326,False
0.4,0.0,0.288,0.3601168764800669,False
0.4,0.0075,0.28889999999999993,0.36017082707918063,False
0.4,0.015,0.2898,0.3603317798160539,False
0.4,0.0225,0.29069999999999996,0.3605971107978744,False
0.4,0.03,0.29159999999999997,0.36096267766379825,False
0.4,0.0375,0.2924999999999999,0.3614231228176532,False
0.4,0.045,0.2934,0.3619722254606842,False
0.4,0.0525,0.29429999999999995,0.3626032550799493,False
0.4,0.06,0.29519999999999996,0.3633092894108817,False
0.4,0.0675,0.2961,0.36408347462121915,False
0.4,0.075,0.297,0.3649192196581415,False
0.4,0.08249999999999999,0.29789999999999994,0.36581032740285035,False
0.4,0.09,0.2988,0.3667510716329065,False
0.4,0.0975,0.29969999999999997,0.36773623137457073,False
0.4,0.105,0.3006,0.3687610942006012,False
0.4,0.11249999999999999,0.30149999999999993,0.36982143855707017,False
0.4,0.12,0.3024,0.3709135031678883,False
0.4,0.1275,0.30329999999999996,0.3720339495173235,False
0.4,0.135,0.30419999999999997,0.3731798216268872,False
0.4,0.1425,0.3051,0.3743485059208139,False
0.4,0.15,0.306,0.3755376929096139,False
0.4,0.1575,0.30689999999999995,0.3767453416629316,False
0.4,0.16499999999999998,0.3078,0.3779696475265959,False
0.4,0.1725,0.3087,0.3792090132027763,False
0.4,0.18,0.3096,0.38046202310500715,False
0.4,0.1875,0.31049999999999994,0.38172742078140276,False
0.4,0.195,0.3114,0.38300408913998113,False
0.4,0.20249999999999999,0.31229999999999997,0.3842910331885059,False
0.4,0.21,0.3132,0.38558736500300494,False
0.4,0.2175,0.3141,0.3868922906543029,False
0.4,0.22499999999999998,0.315,0.388205098844051,False
0.4,0.23249999999999998,0.31589999999999996,0.38952515102676266,False
0.4,0.24,0.3168,0.39085187281974454,False
0.4,0.2475,0.3177,0.39218474652710555,False
0.4,0.255,0.3186,0.39352330462644575,False
0.4,0.2625,0.31949999999999995,0.39486712408704044,False
0.4,0.27,0.3204,0.3962158214062574,False
0.4,0.27749999999999997,0.3213,0.39756904826666106,False
0.4,0.285,0.3222,0.39892648772991646,False
0.4,0.2925,0.3231,0.4002878508954166,False
0.4,0.3,0.32399999999999995,0.4016528739617181,False
0.4,0.3075,0.32489999999999997,0.40302131563759325,False
0.4,0.315,0.32580000000000003,0.4043929548569746,False
0.4,0.3225,0.3267,0.405505160967816,False
0.4,0.32999999999999996,0.32759999999999995,0.40569261342922414,False
0.4,0.33749999999999997,0.32849999999999996,0.4059323028510432,False
0.4,0.345,0.32939999999999997,0.406223275392865,False
0.4,0.3525,0.3303,0.4065644040426549,False
0.4,0.36,0.33119999999999994,0.40695440912471287,False
0.4,0.3675,0.3321,0.4073918803245544,False
0.4,0.375,0.333,0.4078752994324228,False
0.4,0.3825,0.3339,0.4084030630651297,False
0.4,0.39,0.3348,0.40897350471848476,False
0.4,0.39749999999999996,0.3357,0.4095849156175173,False
0.4,0.40499999999999997,0.33659999999999995,0.4102355639570148,False
0.4,0.4125,0.33749999999999997,0.4109237122500548,False
0.4,0.42,0.3384,0.4116476326188797,False
0.4,0.4275,0.3393,0.41240561996490355,False
0.4,0.435,0.34019999999999995,0.41319600303955456,False
0.4,0.4425,0.3411,0.4140171535039322,False
0.4,0.44999999999999996,0.34199999999999997,0.4148674931133994,False
0.4,0.45749999999999996,0.3429,0.415745499194949,False
0.4,0.46499999999999997,0.34379999999999994,0.4166497086028171,False
0.4,0.4725,0.3447,0.41757872034402316,False
0.4,0.48,0.34559999999999996,0.4185311970629293,False
0.4,0.4875,0.3465,0.4195058655649427,False
0.4,0.495,0.3474,0.4205015165462578,False
0.4,0.5025,0.3483,0.4215170036807652,False
0.4,0.51,0.34919999999999995,0.4225512421983188,False
0.4,0.5175,0.3501,0.42360320707146765,False
0.4,0.525,0.351,0.4246719309112567,False
0.4,0.5325,0.3519,0.42575650165725676,False
0.4,0.54,0.35279999999999995,0.42685606013289296,False
0.4,0.5475,0.3537,0.4279697975245387,False
0.4,0.5549999999999999,0.35459999999999997,0.4290969528317633,False
0.4,0.5625,0.3555,0.43023681032652455,False
0.4,0.57,0.3564,0.43138869705089067,False
0.4,0.5775,0.3573,0.43255198037594644,False
0.4,0.585,0.35819999999999996,0.43372606563874416,False
0.4,0.5925,0.35910000000000003,0.4349103938693778,False
0.4,0.6,0.36,0.4361044396163442,False
